tarih,kum_ay_ar_gercek_mn,kum_yil_ar_gercek_mn,kum_4h_ar_gercek_mn,kum_13h_ar_gercek_mn,kum_ay_pe_gercek_mn,kum_yil_pe_gercek_mn,kum_4h_pe_gercek_mn,kum_13h_pe_gercek_mn,kum_ay_ar_tuzel_mn,kum_yil_ar_tuzel_mn,kum_4h_ar_tuzel_mn,kum_13h_ar_tuzel_mn,kum_ay_pe_tuzel_mn,kum_yil_pe_tuzel_mn,kum_4h_pe_tuzel_mn,kum_13h_pe_tuzel_mn,kum_ay_ar_toplam_mn,kum_yil_ar_toplam_mn,kum_4h_ar_toplam_mn,kum_13h_ar_toplam_mn,kum_ay_pe_toplam_mn,kum_yil_pe_toplam_mn,kum_4h_pe_toplam_mn,kum_13h_pe_toplam_mn,kum_ay_ar_gercek_usd_mn,kum_yil_ar_gercek_usd_mn,kum_4h_ar_gercek_usd_mn,kum_13h_ar_gercek_usd_mn,kum_ay_pe_gercek_usd_mn,kum_yil_pe_gercek_usd_mn,kum_4h_pe_gercek_usd_mn,kum_13h_pe_gercek_usd_mn,kum_ay_ar_gercek_eur_mn,kum_yil_ar_gercek_eur_mn,kum_4h_ar_gercek_eur_mn,kum_13h_ar_gercek_eur_mn,kum_ay_pe_gercek_eur_mn,kum_yil_pe_gercek_eur_mn,kum_4h_pe_gercek_eur_mn,kum_13h_pe_gercek_eur_mn,kum_ay_ar_gercek_diger_mn,kum_yil_ar_gercek_diger_mn,kum_4h_ar_gercek_diger_mn,kum_13h_ar_gercek_diger_mn,kum_ay_pe_gercek_diger_mn,kum_yil_pe_gercek_diger_mn,kum_4h_pe_gercek_diger_mn,kum_13h_pe_gercek_diger_mn,kum_ay_ar_gercek_maden_mn,kum_yil_ar_gercek_maden_mn,kum_4h_ar_gercek_maden_mn,kum_13h_ar_gercek_maden_mn,kum_ay_pe_gercek_maden_mn,kum_yil_pe_gercek_maden_mn,kum_4h_pe_gercek_maden_mn,kum_13h_pe_gercek_maden_mn,kum_ay_ar_tuzel_usd_mn,kum_yil_ar_tuzel_usd_mn,kum_4h_ar_tuzel_usd_mn,kum_13h_ar_tuzel_usd_mn,kum_ay_pe_tuzel_usd_mn,kum_yil_pe_tuzel_usd_mn,kum_4h_pe_tuzel_usd_mn,kum_13h_pe_tuzel_usd_mn,kum_ay_ar_tuzel_eur_mn,kum_yil_ar_tuzel_eur_mn,kum_4h_ar_tuzel_eur_mn,kum_13h_ar_tuzel_eur_mn,kum_ay_pe_tuzel_eur_mn,kum_yil_pe_tuzel_eur_mn,kum_4h_pe_tuzel_eur_mn,kum_13h_pe_tuzel_eur_mn,kum_ay_ar_tuzel_diger_mn,kum_yil_ar_tuzel_diger_mn,kum_4h_ar_tuzel_diger_mn,kum_13h_ar_tuzel_diger_mn,kum_ay_pe_tuzel_diger_mn,kum_yil_pe_tuzel_diger_mn,kum_4h_pe_tuzel_diger_mn,kum_13h_pe_tuzel_diger_mn,kum_ay_ar_tuzel_maden_mn,kum_yil_ar_tuzel_maden_mn,kum_4h_ar_tuzel_maden_mn,kum_13h_ar_tuzel_maden_mn,kum_ay_pe_tuzel_maden_mn,kum_yil_pe_tuzel_maden_mn,kum_4h_pe_tuzel_maden_mn,kum_13h_pe_tuzel_maden_mn
2024-01-05,324.1745,324.1745,,,-630.7095,-630.7095,,,396.2438,396.2438,,,-361.7498,-361.7498,,,720.4183,720.4183,,,-992.4593,-992.4593,,,256.398,256.398,,,0.0,0.0,,,96.4292,96.4292,,,-298.8722,-298.8722,,,95.787,95.787,,,0.0,0.0,,,-124.4398,-124.4398,,,-331.8372,-331.8372,,,-52.511,-52.511,,,0.0,0.0,,,339.9618,339.9618,,,-338.4858,-338.4858,,,81.249,81.249,,,0.0,0.0,,,27.544,27.544,,,-23.264,-23.264,,
2024-01-12,673.9246,673.9246,,,-531.5216,-531.5216,,,972.4534000000001,972.4534000000001,,,-276.59839999999997,-276.59839999999997,,,1646.3780000000002,1646.3780000000002,,,-808.12,-808.12,,,226.752,226.752,,,0.0,0.0,,,149.87619999999998,149.87619999999998,,,-224.7932,-224.7932,,,297.20799999999997,297.20799999999997,,,0.0,0.0,,,0.08829999999998961,0.08829999999998961,,,-306.7283,-306.7283,,,-169.55700000000002,-169.55700000000002,,,0.0,0.0,,,973.8672999999999,973.8672999999999,,,-255.2163,-255.2163,,,85.00399999999999,85.00399999999999,,,0.0,0.0,,,83.1392,83.1392,,,-21.3822,-21.3822,,
2024-01-19,906.0533,906.0533,,,-896.6863000000001,-896.6863000000001,,,1720.4009,1720.4009,,,-547.2859,-547.2859,,,2626.4542,2626.4542,,,-1443.9722000000002,-1443.9722000000002,,,-82.76400000000001,-82.76400000000001,,,0.0,0.0,,,155.3413,155.3413,,,-453.8163,-453.8163,,,358.956,358.956,,,0.0,0.0,,,474.51980000000003,474.51980000000003,,,-442.8698,-442.8698,,,463.46399999999994,463.46399999999994,,,0.0,0.0,,,1074.144,1074.144,,,-516.1220000000001,-516.1220000000001,,,102.833,102.833,,,0.0,0.0,,,79.96,79.96,,,-31.164,-31.164,,
2024-01-26,1709.8591999999999,1709.8591999999999,1709.8591999999999,,-1045.8882,-1045.8882,-1045.8882,,2147.6865,2147.6865,2147.6865,,-596.3874999999999,-596.3874999999999,-596.3874999999999,,3857.5457,3857.5457,3857.5457,,-1642.2757000000001,-1642.2757000000001,-1642.2757000000001,,172.417,172.417,172.417,,0.0,0.0,0.0,,296.43489999999997,296.43489999999997,296.43489999999997,,-487.50390000000004,-487.50390000000004,-487.50390000000004,,521.826,521.826,521.826,,0.0,0.0,0.0,,719.1811,719.1811,719.1811,,-558.3841,-558.3841,-558.3841,,382.1479999999999,382.1479999999999,382.1479999999999,,0.0,0.0,0.0,,1426.1856,1426.1856,1426.1856,,-557.0456,-557.0456,-557.0456,,251.763,251.763,251.763,,0.0,0.0,0.0,,87.58999999999999,87.58999999999999,87.58999999999999,,-39.342,-39.342,-39.342,
2024-02-02,674.0601,2383.9193,2059.7448,,364.5979,-681.2903,-50.580799999999954,,-3057.441,-909.7545,-1305.9983,,-68.092,-664.4794999999999,-302.7297,,-2383.381,1474.1647000000003,753.7464000000004,,296.506,-1345.7697,-353.3104000000001,,286.889,459.30600000000004,202.908,,0.0,0.0,0.0,,569.6089,866.0437999999999,769.6145999999999,,-90.7479,-578.2518,-279.3796,,135.467,657.293,561.506,,0.0,0.0,0.0,,-317.9048,401.2763,525.7161,,455.3458,-103.03829999999999,228.7989,,-1537.624,-1155.476,-1102.9650000000001,,0.0,0.0,0.0,,-1475.2853,-49.099699999999984,-389.0615,,-100.1107,-657.1563,-318.67050000000006,,-6.691,245.072,163.823,,0.0,0.0,0.0,,-37.8408,49.749199999999995,22.205199999999998,,32.0188,-7.3232,15.9408,
2024-02-09,90.33339999999998,1800.1925999999999,1126.268,,-59.145399999999995,-1105.0336,-573.512,,-2443.1009,-295.4144,-1267.8678,,-218.59410000000003,-814.9816,-538.3832,,-2352.7675999999997,1504.7781000000002,-141.59989999999976,,-277.73940000000005,-1920.0151,-1111.8951000000002,,-117.793,54.624000000000024,-172.12800000000004,,0.0,0.0,0.0,,376.29209999999995,672.7269999999999,522.8507999999999,,-206.0771,-693.581,-468.7878,,264.994,786.8199999999999,489.612,,0.0,0.0,0.0,,-433.15970000000004,286.02139999999997,285.93309999999997,,146.93169999999998,-411.4524,-104.72410000000002,,-1460.4660000000001,-1078.3180000000002,-908.7610000000001,,0.0,0.0,0.0,,-940.7669,485.41870000000006,-488.44859999999983,,-229.01709999999997,-786.0627,-530.8464,,4.335999999999999,256.099,171.09500000000003,,0.0,0.0,0.0,,-46.204100000000004,41.38589999999999,-41.75330000000001,,10.423099999999998,-28.9189,-7.5367000000000015,
2024-02-16,59.45059999999998,1769.3098,863.2565,,-473.0426,-1518.9308,-622.2445,,-3030.0387,-882.3522,-2602.7531,,-305.3573,-901.7447999999999,-354.45889999999997,,-2970.5882,886.9575000000002,-1739.4966999999997,,-778.3998,-2420.6755000000003,-976.7033,,-486.906,-314.489,-231.72500000000002,,0.0,0.0,0.0,,306.84919999999994,603.2841,447.94279999999986,,-262.0442,-749.5481,-295.7318,,301.674,823.5,464.544,,0.0,0.0,0.0,,-62.16670000000005,657.0144,182.49459999999993,,-210.99830000000003,-769.3824,-326.5126,,-2288.707,-1906.5590000000002,-2370.023,,0.0,0.0,0.0,,-830.7746,595.4110000000001,-478.73299999999983,,-290.6804,-847.726,-331.604,,78.741,330.504,227.671,,0.0,0.0,0.0,,10.701699999999995,98.29169999999999,18.33169999999999,,-14.6767,-54.018699999999995,-22.8547,
2024-02-23,316.3755,2026.2347,316.3755,,-106.19849999999997,-1152.0866999999998,-106.19849999999991,,-2146.1576,1.5288999999999078,-2146.1576000000005,,-92.0224,-688.4099,-92.02239999999995,,-1829.7821999999999,2027.7635000000002,-1829.7821999999996,,-198.22080000000005,-1840.4965000000002,-198.22080000000005,,-415.789,-243.37199999999996,-415.78900000000004,,0.0,0.0,0.0,,358.34159999999997,654.7764999999999,358.3415999999999,,-86.9606,-574.4645,-86.96060000000006,,408.751,930.577,408.751,,0.0,0.0,0.0,,-34.92820000000005,684.2529,-34.928200000000075,,-19.23780000000002,-577.6219,-19.23780000000002,,-1597.8629999999998,-1215.7150000000001,-1597.8629999999998,,0.0,0.0,0.0,,-787.6609,638.5247,-787.6608999999999,,-91.0041,-648.0497,-91.00409999999997,,233.30599999999998,485.069,233.30599999999998,,0.0,0.0,0.0,,6.060199999999996,93.6502,6.0601999999999885,,-1.0182000000000002,-40.3602,-1.0181999999999967,
2024-03-01,628.6451,2654.8797999999997,270.9604999999999,,384.1699,-767.9168,-86.62649999999991,,-1893.2132,-1891.6843,-981.9298000000003,,-19.3398,-707.7497,-43.27019999999996,,-1264.5681,763.1954000000003,-710.9692999999997,,364.8301,-1475.6664,-129.8967,,288.557,45.18500000000006,-414.1210000000001,,0.0,0.0,0.0,,220.0944,874.8708999999999,8.827099999999973,,-45.1244,-619.5889000000001,-41.33710000000003,,-25.928,904.649,247.356,,0.0,0.0,0.0,,145.9217,830.1745999999999,428.89829999999995,,429.2943,-148.32759999999996,-45.289300000000026,,-959.184,-2174.899,-1019.423,,0.0,0.0,0.0,,-958.8546,-320.32989999999995,-271.23019999999985,,-49.9404,-697.9901,-40.83379999999998,,-9.169,475.90000000000003,230.82799999999997,,0.0,0.0,0.0,,33.9944,127.6446,77.8954,,30.6006,-9.759599999999999,-2.436399999999992,
2024-03-08,1909.5633,3935.798,2135.6054,,2388.9087,1236.8220000000001,2341.8556000000003,,6.220600000000104,7.749499999999898,303.1638999999998,,483.4484,-204.9615,610.0201000000001,,1915.7839,3943.5474000000004,2438.7693,,2872.3571,1031.8606,2951.8757,,1449.19,1205.8180000000002,1151.194,,0.0,0.0,0.0,,407.2708,1062.0473,389.3203,,318.12420000000003,-256.3403,437.24069999999995,,24.230999999999998,954.808,167.988,,0.0,0.0,0.0,,28.871499999999983,713.1243999999999,427.10299999999995,,2070.7844999999998,1493.1626,1904.615,,575.2149999999999,-640.5,437.818,,0.0,0.0,0.0,,-925.6054,-287.0807,-772.4993999999999,,334.9474,-313.10229999999996,472.96040000000005,,321.611,806.6800000000001,550.5809999999999,,0.0,0.0,0.0,,35.0,128.65019999999998,87.26429999999998,,148.501,108.14080000000001,137.05970000000002,
2024-03-15,3424.8258,5451.0605,3681.7506999999996,,2251.7472,1099.6605000000002,2618.5913,,340.6071000000001,342.1359999999999,1224.4881999999998,,314.2539,-374.156,527.5888,,3765.4329,5793.196400000001,4906.2389,,2566.0011000000004,725.5046,3146.1801000000005,,2070.8900000000003,1827.518,2142.007,,0.0,0.0,0.0,,563.1346,1217.9111,614.627,,157.77040000000002,-416.69410000000005,332.8539999999999,,-89.64200000000001,840.935,17.434999999999988,,0.0,0.0,0.0,,880.4431999999999,1564.6961,907.6816999999999,,2093.9768,1516.3548999999998,2285.7373000000002,,177.5499999999999,-1038.165,868.3939999999998,,0.0,0.0,0.0,,-333.889,304.63570000000004,-290.7752999999999,,164.10700000000003,-483.94269999999995,363.7833000000001,,334.14799999999997,819.217,488.7129999999999,,0.0,0.0,0.0,,162.7982,256.4484,158.15669999999997,,150.1468,109.78659999999999,163.8053,
2024-03-22,5636.033100000001,7662.2678,5636.0331,,2005.8769,853.7902000000001,2005.8769000000002,,1737.3221,1738.8509999999999,1737.3220999999999,,108.93889999999999,-579.471,108.93890000000005,,7373.3552,9401.1187,7373.3552,,2114.8158000000003,274.3193,2114.8158000000003,,3036.547,2793.175,3036.547,,0.0,0.0,0.0,,790.6123,1445.3888,790.6123,,-28.897299999999973,-603.3618,-28.89730000000003,,-180.034,750.543,-180.034,,0.0,0.0,0.0,,1988.9078,2673.1607,1988.9078,,2034.7742,1457.1523,2034.7742000000003,,975.4559999999999,-240.25900000000001,975.4559999999998,,0.0,0.0,0.0,,194.41539999999998,832.9401,194.4154000000001,,-36.893399999999986,-684.9431,-36.89339999999996,,420.334,905.403,420.33399999999995,,0.0,0.0,0.0,,147.11679999999998,240.76699999999997,147.11679999999998,,145.8322,105.472,145.8322,
2024-03-29,5938.8436,7965.0783,5310.1984999999995,7965.0783,2546.5094,1394.4227,2162.3395,1394.4227,-1268.8985999999998,-1267.3697,624.3145999999997,-1267.3697,87.0816,-601.3283,106.42140000000005,-601.3283,4669.945,6697.708500000001,5934.5131,6697.708500000001,2633.5910000000003,793.0945,2268.7609,793.0945,3835.503,3592.1310000000003,3546.946,3592.1310000000003,0.0,0.0,0.0,0.0,1066.8112,1721.5877,846.7167999999999,1721.5877,-84.46119999999996,-658.9257,-39.336800000000025,-658.9257,-256.077,674.5,-230.149,674.5,0.0,0.0,0.0,0.0,1292.6064000000001,1976.8593,1146.6846999999998,1976.8593,2630.9706,2053.3487,2201.6763,2053.3487,-676.9260000000002,-1892.641,282.2579999999998,-1892.641,0.0,0.0,0.0,0.0,-891.8917,-253.36699999999996,66.96289999999999,-253.36699999999996,-101.16129999999998,-749.211,-51.22089999999996,-749.211,202.087,687.156,211.25599999999991,687.156,0.0,0.0,0.0,0.0,97.8321,191.48229999999998,63.837699999999984,191.48229999999998,188.24290000000002,147.8827,157.6423,147.8827
2024-04-05,-1725.724,6239.3543,2303.5563,5915.1798,1250.392,2644.8147000000004,1407.9927000000002,3275.5242000000003,-2861.8166,-4129.1863,-4136.9358,-4525.4301,165.9306,-435.3977,-230.43619999999996,-73.64790000000002,-4587.5406,2110.1679000000004,-1833.3795000000005,1389.7496,1416.3226,2209.4171,1177.5565000000001,3201.8764,-1006.781,2585.3500000000004,1379.532,2328.952,0.0,0.0,0.0,0.0,-144.9985,1576.5892,514.5418999999998,1480.1599999999999,79.2525,-579.6732,-323.33290000000005,-280.801,16.501,691.001,-263.807,595.2139999999999,0.0,0.0,0.0,0.0,-590.4455,1386.4137999999998,673.2893999999998,1510.8536,1171.1395,3224.4882,1731.3256,3556.3253999999997,-1850.127,-3742.768,-3102.268,-3690.257,0.0,0.0,0.0,0.0,-905.1691,-1158.5360999999998,-871.4553999999998,-1498.4978999999998,82.7221,-666.4889,-353.3866,-328.00309999999996,-44.676,642.48,-164.20000000000005,561.231,0.0,0.0,0.0,0.0,-61.8445,129.63779999999997,0.9875999999999934,102.09379999999997,83.2085,231.09120000000001,122.9504,254.35520000000002
2024-04-12,-2183.7906,5781.2877,330.2271999999999,5107.3631,2401.0316000000003,3795.4543000000003,2695.7938000000004,4326.9759,-2747.4215,-4014.7912,-4356.9272,-4987.2446,323.5385,-277.7898,96.36620000000005,-1.1914000000000158,-4931.212100000001,1766.4964000000004,-4026.7000000000003,120.11840000000035,2724.5701,3517.6646,2792.16,4325.7846,-1184.956,2407.175,579.6569999999999,2180.4230000000002,0.0,0.0,0.0,0.0,-181.53410000000002,1540.0536,322.14249999999987,1390.1774,158.6951,-500.2306,-83.53650000000005,-275.4374,-3.0859999999999985,671.414,-169.52100000000002,374.206,0.0,0.0,0.0,0.0,-814.2145,1162.6448,-402.0513000000002,1162.5565000000001,2242.3365,4295.6852,2779.3302999999996,4602.4135,-2038.107,-3930.748,-2892.583,-3761.1910000000003,0.0,0.0,0.0,0.0,-697.8759,-951.2429,-1255.8785999999998,-1925.1101999999998,164.4509,-584.7601,-100.8174,-329.5438,8.857999999999997,696.014,-123.20300000000006,611.01,0.0,0.0,0.0,0.0,-20.296599999999998,171.1857,-85.2627,88.04649999999998,159.0876,306.9703,197.1837,328.3525
2024-04-19,-2587.8125,5377.2658,-2285.0020000000004,4471.212500000001,2174.2795,3568.7022,2714.9120000000003,4465.388500000001,-1287.1528,-2554.5225,-4293.3735,-4274.923400000001,-164.5482,-765.8765000000001,-186.40549999999996,-218.59060000000005,-3874.9653000000003,2822.7432000000003,-6578.375500000001,196.28900000000021,2009.7313,2802.8258,2528.5065000000004,4246.798000000001,-2135.986,1456.1450000000002,-1337.0300000000002,1538.9090000000003,0.0,0.0,0.0,0.0,-397.095,1324.4926999999998,-120.8961000000001,1169.1513999999997,-320.21299999999997,-979.1387,-375.77690000000007,-525.3224,-44.406,630.0939999999999,-120.44900000000001,271.138,0.0,0.0,0.0,0.0,-10.325600000000009,1966.5337,-706.6270000000003,1492.0139,2494.4926,4547.8413,3090.689,4990.7110999999995,-2177.524,-4070.165,-3829.906,-4533.629,0.0,0.0,0.0,0.0,850.7748999999999,597.4078999999999,-235.53219999999988,-476.7361000000001,-341.66790000000003,-1090.8789,-405.93580000000003,-574.7569,34.44,721.596,-183.80700000000007,618.763,0.0,0.0,0.0,0.0,5.156300000000002,196.6386,-44.12840000000001,116.67859999999997,177.1197,325.00239999999997,219.5304,356.16639999999995
2024-04-26,-3875.1112000000003,4089.9671,-3875.1112000000003,2380.1079,1787.4602,3181.8829000000005,1787.4602,4227.771100000001,-2214.4257000000002,-3481.7954000000004,-2214.4257000000002,-5629.481900000001,-109.86430000000001,-711.1926,-109.86429999999996,-114.80510000000007,-6089.536900000001,608.1716000000001,-6089.536900000001,-3249.3741,1677.5958999999998,2470.6904,1677.5959000000003,4112.966100000001,-2637.667,954.4640000000002,-2637.6670000000004,782.0470000000003,0.0,0.0,0.0,0.0,-652.409,1069.1787,-652.4090000000001,772.7438,-240.25899999999996,-899.1847,-240.25900000000007,-411.68080000000003,100.07499999999999,774.575,100.07499999999999,252.749,0.0,0.0,0.0,0.0,-685.1103,1291.7489999999998,-685.1103000000002,572.5678999999999,2027.7192999999997,4081.0679999999998,2027.7192999999997,4639.4520999999995,-2039.902,-3932.543,-2039.902,-4314.691,0.0,0.0,0.0,0.0,-57.90770000000009,-311.27470000000005,-57.90769999999986,-1737.4603,-253.6023,-1002.8133,-253.6023,-445.7677,-62.248999999999995,624.907,-62.24900000000005,373.144,0.0,0.0,0.0,0.0,-54.3671,137.1152,-54.367100000000015,49.52519999999998,143.7381,291.6208,143.7381,330.96279999999996
2024-05-03,-921.0713,3168.8958000000002,-3070.4585,784.9765000000001,-539.1477,2642.7352,-2.0794999999998254,3324.0255000000006,-2064.6132,-5546.408600000001,-1417.2223,-4636.6541,103.9762,-607.2164,-171.81869999999998,57.26309999999995,-2985.6845,-2377.5128999999997,-4487.6808,-3851.6776,-435.1715,2035.5189,-173.8981999999998,3381.2886,-699.765,254.6990000000003,-2330.6510000000003,-204.60699999999974,0.0,0.0,0.0,0.0,-218.0645,851.1141999999999,-725.475,-14.929600000000022,148.1255,-751.0591999999999,-171.38600000000008,-172.80740000000003,5.471,780.0459999999999,89.04499999999999,122.75299999999999,0.0,0.0,0.0,0.0,-8.7128,1283.0362,-103.37760000000013,881.7598999999999,-687.2732,3393.7947999999997,169.3065999999999,3496.8330999999994,-1466.369,-5398.912,-1656.1439999999998,-4243.436,0.0,0.0,0.0,0.0,-604.1534,-915.4281000000001,243.10800000000006,-866.3284,152.6604,-850.1529,-183.66400000000004,-192.99659999999994,31.917,656.8240000000001,14.343999999999951,411.752,0.0,0.0,0.0,0.0,-26.0078,111.10739999999998,-18.530400000000018,61.35819999999998,-48.6842,242.9366,11.845399999999998,250.25979999999998
2024-05-10,-3118.3357,971.6314000000002,-4809.656300000001,-828.5611999999999,466.45770000000005,3648.3406000000004,-147.11369999999977,4753.3742,-4160.5345,-7642.329900000001,-3627.5387,-7346.915500000001,205.96050000000002,-505.2321,-227.44229999999993,309.74949999999995,-7278.870199999999,-6670.6986,-8437.195,-8175.4767,672.4182000000001,3143.1086,-374.5559999999998,5063.1237,-1913.4499999999998,-958.9859999999996,-3366.161,-1013.6099999999997,0.0,0.0,0.0,0.0,-685.7424000000001,383.43629999999985,-1156.6173000000001,-289.2907,174.98139999999998,-724.2033,-223.9727000000001,-30.622300000000017,-89.339,685.236,13.821999999999989,-101.584,0.0,0.0,0.0,0.0,-429.80440000000004,861.9445999999998,-300.70020000000017,575.9232,291.4764,4372.5444,76.85919999999999,4783.9968,-2561.372,-6493.915,-2563.1669999999995,-5415.597,0.0,0.0,0.0,0.0,-1640.8815,-1952.1562000000001,-1000.9132999999999,-2437.5749,183.39450000000002,-819.4188,-234.6587,-33.356099999999984,-34.66799999999999,590.239,-105.77500000000003,334.14000000000004,0.0,0.0,0.0,0.0,76.387,213.5022,42.31649999999999,172.11629999999997,22.56600000000001,314.1868,7.216500000000011,343.1057
2024-05-17,-4265.5307,-175.56359999999972,-5552.8294000000005,-1944.8734,846.8937000000001,4028.7766,460.0744000000002,5547.7074,-4229.2454,-7711.0408,-5156.5183,-6828.6885999999995,453.8204,-257.3722,508.50430000000006,644.3725999999999,-8494.7762,-7886.6046,-10709.3478,-8773.5621,1300.7142000000001,3771.4046,968.5788000000002,6192.0801,-2759.9249999999997,-1805.4609999999998,-3261.606,-1490.9719999999998,0.0,0.0,0.0,0.0,-973.4191000000001,95.75959999999986,-1228.7331,-507.5245,406.77509999999995,-492.40959999999995,486.7290999999999,257.13849999999996,-47.562,727.013,96.91899999999998,-96.48700000000001,0.0,0.0,0.0,0.0,-484.6247000000001,807.1242999999998,-1159.4094000000002,150.1098999999999,440.1187,4521.186699999999,-26.654600000000016,5290.5691,-2687.923,-6620.465999999999,-2550.301,-4713.907,0.0,0.0,0.0,0.0,-1475.8415000000002,-1787.1162000000002,-2384.5240999999996,-2382.5272,421.1245,-581.6888,509.19010000000003,266.0372,-9.94299999999999,614.964,-106.63200000000003,284.46,0.0,0.0,0.0,0.0,-55.53790000000001,81.57729999999998,-115.06130000000002,-16.714400000000012,32.69590000000001,324.3167,-0.68569999999999,378.33540000000005
2024-05-24,-5781.9932,-1692.0260999999998,-5781.993200000001,-3718.2608,211.52019999999993,3393.4031000000004,211.52020000000027,4545.4898,-3420.7852,-6902.5806,-3420.7852,-6904.1095000000005,357.5532,-353.6394,357.55320000000006,334.77049999999997,-9202.7784,-8594.6068,-9202.7784,-10622.3703,569.0734000000001,3039.7638,569.0734000000003,4880.2603,-3794.8889999999997,-2840.4249999999997,-3794.889,-2597.053,0.0,0.0,0.0,0.0,-1154.0094,-84.83070000000015,-1154.0094000000001,-739.6071999999999,350.8834,-548.3013,350.8833999999999,26.163200000000003,-153.779,620.796,-153.779,-309.781,0.0,0.0,0.0,0.0,-679.3158000000001,612.4331999999998,-679.3158000000002,-71.81970000000011,-139.3632,3941.7047999999995,-139.3632,4519.3267,-2292.508,-6225.0509999999995,-2292.508,-5009.336,0.0,0.0,0.0,0.0,-922.6279000000002,-1233.9026000000001,-922.6279,-1872.4273000000003,365.1839,-637.6294,365.1839,10.420300000000012,-117.215,507.692,-117.21500000000006,22.62299999999999,0.0,0.0,0.0,0.0,-88.43430000000001,48.68089999999998,-88.43430000000001,-44.96930000000001,-7.63069999999999,283.9901,-7.63069999999999,324.3503
2024-05-31,-7011.4557,-2921.4885999999997,-6090.3844,-5576.368399999999,292.6456999999999,3474.5286,831.7934000000002,4242.4454000000005,-5559.9719000000005,-9041.7673,-3495.3587000000007,-7150.0830000000005,398.1409,-313.05170000000004,294.16470000000004,394.698,-12571.4275,-11963.2559,-9585.743,-12726.4513,690.7865000000002,3161.4769,1125.958,4637.1433,-4325.013,-3370.549,-3625.2479999999996,-3415.734,0.0,0.0,0.0,0.0,-1335.1398,-265.96110000000016,-1117.0753,-1140.832,388.60679999999996,-510.5779,240.48129999999992,109.011,-431.565,343.01,-437.036,-561.639,0.0,0.0,0.0,0.0,-919.7379000000001,372.01109999999983,-911.0251000000002,-458.1635000000001,-95.96110000000002,3985.1068999999998,591.3121,4133.434499999999,-3351.2239999999997,-7283.767,-1884.8549999999998,-5108.8679999999995,0.0,0.0,0.0,0.0,-1866.7282,-2178.0029,-1262.5747999999999,-1857.673,402.7702,-600.0431,250.1098,97.947,-190.706,434.201,-222.62300000000005,-41.69900000000001,0.0,0.0,0.0,0.0,-151.3136,-14.19840000000002,-125.3058,-141.84300000000002,-4.62939999999999,286.9914,44.05480000000001,296.751
2024-06-07,-843.1776,-3764.6661999999997,-4736.297600000001,-7700.464199999999,-115.4434,3359.0852000000004,-289.2553999999998,2122.2632000000003,-806.0434,-9847.8107,-2205.4808000000007,-9855.560200000002,-49.4676,-362.51930000000004,142.71280000000004,-157.55780000000001,-1649.2209,-13612.4768,-6941.7782,-17556.0242,-164.9111,2996.5658,-146.54279999999986,1964.7052,-555.466,-3926.015,-2967.0290000000005,-5131.8330000000005,0.0,0.0,0.0,0.0,-227.2111,-493.17220000000015,-876.6085,-1555.2195000000002,-48.2119,-558.7898,165.4134999999999,-302.4495,-64.887,278.123,-407.113,-676.685,0.0,0.0,0.0,0.0,4.3865,376.39759999999984,-485.5470000000002,-336.7268000000001,-67.2315,3917.8753999999994,-454.669,2424.7127999999993,-376.592,-7660.3589999999995,-1166.444,-7019.859,0.0,0.0,0.0,0.0,-324.4728,-2502.4757,-550.3194999999997,-2215.395,-44.8762,-644.9193,174.49949999999998,-331.817,-116.497,317.704,-272.5350000000001,-488.976,0.0,0.0,0.0,0.0,11.5185,-2.6799000000000213,-216.18210000000002,-131.33010000000002,-4.5915,282.3999,-31.7869,174.2591
2024-06-14,-1718.022,-4639.5106,-4463.947000000001,-10090.5711,-750.867,2723.6616000000004,-1305.1149999999998,1624.0011000000004,-1606.9166,-10648.6839,-2937.6431000000007,-10990.8199,-439.7144,-752.7661,-495.3938999999999,-378.6101,-3324.9385,-15288.1944,-7401.5898,-21081.3908,-1190.5815,1970.8954,-1800.5092,1245.3908000000001,-1119.5990000000002,-4490.148,-2684.687,-6317.666,0.0,0.0,0.0,0.0,-367.28639999999996,-633.2475000000002,-729.0071,-1851.1586,-393.63960000000003,-904.2175,-411.80790000000013,-487.52340000000004,-94.13,248.88,-478.133,-592.055,0.0,0.0,0.0,0.0,-137.0065,235.00459999999987,-572.1197000000002,-1329.6915000000001,-357.22749999999996,3627.8794,-893.3072999999999,2111.5244999999995,-1197.502,-8481.269,-1860.8029999999999,-7443.103999999999,0.0,0.0,0.0,0.0,-207.2701,-2385.273,-598.1567999999997,-2689.9087,-415.1259,-1015.169,-433.4802,-531.2263,-179.858,254.34300000000002,-360.62100000000004,-564.8739999999999,0.0,0.0,0.0,0.0,-22.286400000000004,-36.48480000000002,-118.06210000000002,-292.9332,-24.5886,262.4028,-61.9139,152.6162
2024-06-21,-1673.2696999999998,-4594.7582999999995,-2902.7322000000004,-12257.0261,-106.53829999999994,3367.9903000000004,-25.41279999999972,2514.2001,-54.955799999999954,-9096.723100000001,-2194.142500000001,-10835.5741,-389.8942,-702.9459,-349.3064999999999,-123.47489999999999,-1728.2254,-13691.4813,-5096.8745,-23092.6,-496.4326,2665.0443,-374.7194999999998,2390.7250000000004,-1045.416,-4415.965,-1575.54,-7209.14,0.0,0.0,0.0,0.0,-307.2636,-573.2247000000001,-488.39399999999995,-2018.6135000000002,-391.2604,-901.8383,-353.53700000000003,-298.4765,-74.37299999999999,268.637,-352.159,-481.906,0.0,0.0,0.0,0.0,-246.21699999999998,125.79409999999987,-486.6391000000001,-2547.3666000000003,284.722,4269.8288999999995,328.1241,2812.6765999999993,-625.847,-7909.614,-1684.5629999999999,-7669.355,0.0,0.0,0.0,0.0,735.0595000000001,-1442.9434,-209.04079999999976,-2275.8835,-408.5325,-1008.5756,-370.94620000000003,-323.63250000000005,-106.886,327.315,-180.37700000000007,-578.088,0.0,0.0,0.0,0.0,-57.2822,-71.48060000000002,-120.16150000000002,-312.24760000000003,18.638199999999998,305.6296,21.639499999999998,200.1576
2024-06-28,-1904.6235809999998,-4826.1121809999995,-1904.6235810000003,-12791.190481,-318.9404189999999,3155.588181,-318.94041899999974,1761.165481,-1620.467275,-10662.234575,-1620.4672750000004,-9394.864875,-355.129725,-668.1814250000001,-355.1297249999999,-66.853125,-3525.090756,-15488.346656,-3525.090756,-22186.055156000002,-674.070244,2487.406656,-674.0702439999999,1694.3121560000002,-1271.187,-4641.736,-1271.187,-8233.867,0.0,0.0,0.0,0.0,-323.624481,-589.5855810000002,-323.624481,-2311.1732810000003,-342.71451900000005,-853.292419,-342.7145190000001,-194.366719,61.21900000000002,404.22900000000004,61.21900000000002,-270.27099999999996,0.0,0.0,0.0,0.0,-371.03099999999995,0.9800999999998794,-371.0310000000002,-1975.8792000000003,23.774,4008.8808999999997,23.774,1955.5321999999996,-1113.556,-8397.323,-1113.556,-6504.682,0.0,0.0,0.0,0.0,-187.3869749999999,-2365.389875,-187.38697499999978,-2112.0228749999997,-363.071025,-963.114125,-363.071025,-213.90312500000002,-283.66700000000003,150.534,-283.6670000000001,-536.622,0.0,0.0,0.0,0.0,-35.857200000000006,-50.05560000000003,-35.85720000000002,-241.53789999999998,7.9411999999999985,294.9326,7.9411999999999985,147.04989999999998
2024-07-05,-257.512406,-5083.624587,-1318.9583870000004,-11322.978887000001,822.112406,3977.7005870000003,618.6153870000003,1332.8858870000001,-1598.60597,-12260.840545000001,-2413.0298450000005,-8131.654245,313.00497,-355.17645500000003,7.342845000000125,80.22124500000001,-1856.118376,-17344.465032,-3731.9882319999997,-19454.632932,1135.117376,3622.5240320000003,625.9582320000001,1413.1069320000001,-89.155,-4730.891,-804.876,-7316.241,0.0,0.0,0.0,0.0,-154.028406,-743.6139870000002,-250.44178699999998,-2320.203187,262.032406,-591.2600130000001,-32.470213000000115,-11.586813000000006,108.015,512.244,234.12100000000004,-178.75699999999995,0.0,0.0,0.0,0.0,-122.344,-121.36390000000011,-497.7615000000002,-1507.7777,560.08,4568.9609,651.0855,1344.4726999999993,-1249.727,-9647.05,-1986.6910000000003,-5904.282,0.0,0.0,0.0,0.0,-476.98597,-2842.375845,-339.9001449999998,-1683.8397449999998,279.66797,-683.446155,-38.52685500000001,-16.957254999999975,168.583,319.11699999999996,1.4129999999999256,-323.363,0.0,0.0,0.0,0.0,-40.476,-90.53160000000003,-87.85170000000002,-220.1694,33.337,328.2696,45.8697,97.1784
2024-07-12,-478.718649,-5304.83083,-665.3202300000005,-11086.11853,1285.003649,4440.59183,1716.9302300000004,645.1375300000002,-816.0066200000001,-11478.241195,-829.5572950000005,-7463.449995,515.8926200000001,-152.28880500000002,600.4772950000001,125.50099500000002,-1294.725269,-16783.071925,-1494.8775249999999,-18549.568325,1800.8962689999998,4288.302925,2317.407525,770.6383250000002,-240.388,-4882.124,-391.976,-7289.299,0.0,0.0,0.0,0.0,-209.950649,-799.5362300000002,-166.28873,-2339.58983,436.893649,-416.39877,487.8187299999999,83.83183,256.481,660.71,411.83000000000004,-10.70399999999995,0.0,0.0,0.0,0.0,-284.861,-283.8809000000001,-518.8855000000001,-1446.5257000000001,848.11,4856.9909,1229.1115,561.3056999999995,-1033.007,-9430.33,-949.0610000000001,-5499.581999999999,0.0,0.0,0.0,0.0,-194.65562,-2560.0454950000003,-174.77249499999976,-1608.8025949999999,462.97362000000004,-500.14050499999996,515.028495,84.61959500000002,468.57899999999995,619.1129999999999,364.76999999999987,-76.90100000000001,0.0,0.0,0.0,0.0,-56.923,-106.97860000000003,-70.49380000000002,-278.1643,52.919000000000004,347.8516,85.4488,40.8813
2024-07-19,-132.24247400000002,-4958.354655,-363.5963550000005,-10335.620455,1418.4664739999998,4574.054655,1206.0643550000004,1005.3524550000002,207.1955569999999,-10455.039018000001,-1358.3159180000002,-7900.516518000001,493.721443,-174.45998200000002,528.4859180000001,591.416518,74.95308299999988,-15413.393573,-1721.912273,-18236.136773000002,1912.187917,4399.594573,1734.5502729999998,1596.7687730000002,-105.49700000000001,-4747.233,-331.268,-6203.378000000001,0.0,0.0,0.0,0.0,-81.80247399999999,-671.3880550000001,-98.16335499999997,-1995.880755,410.320474,-442.971945,458.8663549999999,536.166755,328.092,732.321,463.684,102.22700000000006,0.0,0.0,0.0,0.0,-273.03499999999997,-272.0549000000001,-397.84900000000016,-2238.5886,1008.146,5017.0269,747.1980000000001,469.1855999999995,-759.4130000000001,-9156.735999999999,-1247.1219999999998,-5086.570999999999,0.0,0.0,0.0,0.0,812.365557,-1553.0243180000002,-110.08091799999977,-2150.4322179999995,436.54444300000006,-526.569682,482.00591800000007,564.3092180000001,198.19199999999995,348.72599999999994,21.410999999999888,-372.87,0.0,0.0,0.0,0.0,-43.949,-94.00460000000002,-22.524000000000015,-290.64320000000004,57.17700000000001,352.1096,46.480000000000004,27.107200000000002
2024-07-26,-208.60238,-5034.714561,-208.60238000000047,-9124.681661,1097.25738,4252.845561,1097.2573800000002,1070.9626610000003,723.359125,-9938.87545,723.3591249999995,-6457.0800500000005,405.94887500000004,-262.23255000000006,405.94887500000016,448.9600499999999,514.7567449999999,-14973.589911,514.7567450000001,-15581.761510999999,1503.206255,3990.612911,1503.206255,1519.9225110000002,-366.869,-5008.605,-366.869,-5963.0689999999995,0.0,0.0,0.0,0.0,-32.68337999999999,-622.2689610000001,-32.68337999999998,-1691.4476610000002,338.33637999999996,-514.956039,338.33637999999996,384.228661,360.565,764.7940000000001,360.565,-9.78099999999992,0.0,0.0,0.0,0.0,-169.61499999999998,-168.6349000000001,-169.61500000000018,-1460.3839,758.921,4767.8018999999995,758.921,686.7338999999996,-270.65000000000015,-8667.973,-270.65000000000015,-4735.429999999999,0.0,0.0,0.0,0.0,655.473125,-1709.91675,655.4731250000002,-1398.64205,358.165875,-604.9482499999999,358.165875,397.86505,364.23699999999997,514.771,364.23699999999985,-110.13600000000005,0.0,0.0,0.0,0.0,-25.700999999999997,-75.75660000000002,-25.70100000000001,-212.8718,47.783,342.7156,47.783,51.0948
2024-08-02,118.586529,-4916.128032,167.49655499999955,-8085.023832,1011.975471,5264.821032,1287.1204450000002,2622.0858319999998,-967.180801,-10906.056251,1354.7842939999996,-5359.647651000001,145.134801,-117.09774900000002,238.07870600000012,490.118651,-848.594272,-15822.184183,1522.280849,-13444.671283,1157.110272,5147.723183,1525.199151,3112.204283,-155.571,-5164.1759999999995,-433.2850000000001,-5418.875000000001,0.0,0.0,0.0,0.0,108.781529,-513.4874320000001,230.12655500000002,-1364.6016319999999,82.119471,-432.836568,158.42344499999996,318.222632,95.21,860.004,347.76,79.95800000000007,0.0,0.0,0.0,0.0,70.166,-98.4689000000001,22.89499999999984,-1381.5051000000003,929.856,5697.6579,1128.6970000000001,2303.8630999999996,-913.419,-9581.392,65.65800000000002,-4182.48,0.0,0.0,0.0,0.0,-81.044801,-1790.961551,1051.4142940000002,-875.5334509999998,86.024801,-518.923449,164.52270600000003,331.22945100000004,24.548,539.319,220.20199999999986,-117.50500000000002,0.0,0.0,0.0,0.0,2.735,-73.02160000000002,17.509999999999987,-184.12900000000002,59.11,401.8256,73.556,158.889
2024-08-09,793.6832350000001,-4241.031326,1063.7995039999996,-5212.6627260000005,634.178765,4887.024326000001,446.43249600000024,1238.6837260000002,1152.9743400000002,-8785.90111,2692.340085,-1143.5712100000005,212.21066000000002,-50.02189000000003,102.26691500000011,455.21020999999996,1946.657575,-13026.932336,3756.139589,-6356.233736,846.3894249999998,4837.0023360000005,548.699411,1693.893736,230.874,-4777.731,104.39300000000003,-3818.745,0.0,0.0,0.0,0.0,161.595235,-460.6737260000001,338.86250400000006,-844.110026,158.411765,-356.544274,59.854495999999955,367.6590259999999,172.43099999999998,937.225,276.515,251.9890000000001,0.0,0.0,0.0,0.0,228.783,60.148099999999886,344.0289999999998,-801.7965,475.767,5243.568899999999,386.57800000000003,871.0244999999995,833.7189999999999,-7834.254,1596.076,-1340.3390000000004,0.0,0.0,0.0,0.0,228.81833999999998,-1481.09841,1078.9470850000002,471.0577900000002,171.84266,-433.10558999999995,67.034915,386.31321,-44.827,469.94399999999996,-149.16900000000012,-120.29500000000003,0.0,0.0,0.0,0.0,135.264,59.507399999999976,166.486,-153.99480000000005,40.367999999999995,383.0836,35.232,68.89679999999998
2024-08-16,1156.9347590000002,-3877.779802,1080.5748529999996,-3702.2162020000005,1452.6472410000001,5705.492802000001,1131.4381470000003,1676.716202,829.9505630000002,-9108.924887000001,1346.1141309999998,-1397.8840870000004,412.850437,150.617887,325.07786900000013,407.990087,1986.8853219999999,-12986.704588999999,2426.688984,-5100.099989,1865.497678,5856.110589,1456.516016,2084.705989,477.596,-4531.009,216.22400000000002,-2725.5480000000002,0.0,0.0,0.0,0.0,149.73375900000002,-472.53520200000014,198.85285300000004,-568.294802,310.577241,-204.378798,238.59314699999996,288.030802,236.278,1001.072,268.75100000000003,274.0590000000001,0.0,0.0,0.0,0.0,293.327,124.69209999999988,396.7469999999998,-682.4322000000001,1142.07,5909.8719,892.845,1388.6851999999994,597.6719999999999,-8070.3009999999995,1086.435,-1449.8350000000003,0.0,0.0,0.0,0.0,72.81456299999996,-1637.1021870000002,-84.07786899999985,150.0140130000002,336.473437,-268.474813,258.094869,313.213987,-9.108999999999995,505.6619999999999,156.93599999999986,-109.30200000000004,0.0,0.0,0.0,0.0,168.573,92.81639999999997,186.821,11.23909999999998,76.377,419.0926,66.983,94.77589999999998
2024-08-23,1725.690537,-3309.024024,1725.6905369999995,-1616.9979239999998,2360.823463,6613.669024000001,2360.8234630000006,3220.2659240000003,2261.5875950000004,-7677.2878550000005,2261.587595,-774.7072550000003,891.0644050000001,628.831855,891.0644050000002,982.471255,3987.278132,-10986.311779,3987.278132,-2391.704979,3251.887868,7242.500779,3251.887868,4202.736979,621.108,-4387.496999999999,621.108,-1547.0720000000003,0.0,0.0,0.0,0.0,294.603537,-327.66542400000014,294.6035370000001,-242.83472399999997,715.5104630000001,200.554424,715.510463,748.855724,329.477,1094.271,329.477,473.475,0.0,0.0,0.0,0.0,480.502,311.8670999999999,480.5019999999998,-300.5661,1645.313,6413.1149,1645.3129999999999,2471.4100999999996,1548.147,-7119.826,1548.147,-894.7750000000002,0.0,0.0,0.0,0.0,285.59959499999997,-1424.3171550000002,285.59959500000014,-190.41455499999984,768.6704050000001,163.72215500000004,768.670405,801.3515550000001,231.394,746.165,231.39399999999986,238.47299999999996,0.0,0.0,0.0,0.0,196.447,120.69039999999997,196.44699999999997,72.00949999999997,122.394,465.1096,122.394,181.11949999999996
2024-08-30,1613.42209,-3421.2924709999998,1494.8355609999996,-499.8038709999999,2598.56191,6851.407471,1586.5864390000004,3376.8788710000003,1149.4445240000005,-8789.430926,2116.625325,252.33637399999998,718.6774760000001,456.444926,573.5426750000001,769.496626,2762.866614,-12210.723297,3611.460886,-247.46739700000012,3317.239386,7307.852297,2160.1291140000003,4146.375397000001,554.224,-4454.380999999999,709.7950000000001,-1083.8320000000003,0.0,0.0,0.0,0.0,238.76309000000003,-383.5058710000001,129.98156100000006,-117.54477099999995,547.07291,32.116871,464.953439,542.6947710000001,312.75600000000003,1077.55,217.54600000000002,734.54,0.0,0.0,0.0,0.0,507.67900000000003,339.0440999999999,437.5129999999998,-32.967000000000034,2051.489,6819.2909,1121.633,2834.1839999999997,682.3939999999999,-7985.579,1595.8129999999999,-701.8120000000004,0.0,0.0,0.0,0.0,-9.928476000000046,-1719.8452260000001,71.11632500000019,458.1576740000001,576.536476,-28.41177399999995,490.5116750000001,571.6313260000001,126.825,641.5959999999999,102.27699999999986,207.39499999999992,0.0,0.0,0.0,0.0,350.154,274.39739999999995,347.419,288.59579999999994,142.141,484.8566,83.031,197.8652
2024-09-06,25.97366,-3395.3188109999996,845.7125149999995,369.3473890000001,-230.44166,6620.965811,1733.9414850000003,3261.880611,1123.91495,-7665.515976,1120.3851339999999,2182.2947240000003,40.63705,497.081976,547.1038660000002,859.6012760000001,1149.88861,-11060.834687,1966.0976490000003,2551.642113,-189.80461,7118.047687,2281.045351,4121.481887000001,-98.761,-4553.142,224.5890000000001,-627.1270000000002,0.0,0.0,0.0,0.0,95.99366,-287.5122110000001,173.16151500000007,205.65998900000005,40.89234,73.009211,429.55348499999997,631.799011,-25.119,1052.431,115.20599999999999,774.3080000000001,0.0,0.0,0.0,0.0,53.86,392.90409999999986,332.7559999999998,16.506499999999967,-271.334,6547.956899999999,1304.388,2630.0814999999993,614.95,-7370.629,463.625,289.7299999999997,0.0,0.0,0.0,0.0,485.18595,-1234.6592760000003,246.4391340000002,1267.816424,52.90305,24.49127600000005,457.596866,669.4105760000001,23.949,665.545,195.60099999999989,347.84099999999995,0.0,0.0,0.0,0.0,-0.17,274.22739999999993,214.72,276.90729999999996,-12.266,472.5906,89.507,190.1907
2024-09-13,-398.748419,-3820.0408899999998,57.738911999999516,819.46971,287.14841899999993,7138.5558900000005,1433.0630880000003,4414.89429,-1334.0712419999998,-10123.502167999999,-1014.5772809999999,525.181732,47.216242,503.66116800000003,353.04328100000015,1256.4272680000001,-1732.819661,-13943.542958,-956.8383689999996,1344.6514419999999,334.36466099999996,7642.216958,1786.106369,5671.321558000001,-337.549,-4791.929999999999,-260.92099999999994,-301.7820000000002,0.0,0.0,0.0,0.0,29.088581000000005,-354.4172900000001,118.11791200000003,278.8302100000001,2.709418999999997,34.82629,239.20508799999993,939.04379,-92.378,985.172,-15.899999999999999,736.2920000000001,0.0,0.0,0.0,0.0,2.0899999999999963,341.1340999999999,216.44199999999984,106.12949999999995,284.439,7103.729899999999,1193.8580000000002,3475.8504999999996,-1539.057,-9524.636,-1454.335,-1043.3670000000004,0.0,0.0,0.0,0.0,288.56575799999996,-1431.2794680000002,205.8227190000002,953.9935320000002,17.123241999999998,-11.288531999999954,257.186281,1003.8804680000001,-80.74,560.8559999999999,55.19399999999986,306.5129999999999,0.0,0.0,0.0,0.0,-2.84,271.5574,178.74099999999999,308.0422,30.093000000000004,514.9496,95.85700000000001,252.54679999999996
2024-09-20,-759.81092,-4181.103391,-872.0793670000005,413.654909,1233.13592,8084.543391,1470.8743670000003,4716.553091,-102.5380319999997,-8891.968958,-1214.681103,204.754142,270.11303200000003,726.557958,97.72610300000011,1429.503858,-862.3489519999999,-13073.072249,-2086.7604699999993,618.409051,1503.248952,8811.101249,1568.60047,6146.056949000001,-555.953,-5010.334,-622.8369999999999,-594.3690000000001,0.0,0.0,0.0,0.0,-17.036919999999995,-400.5427910000001,-72.87736699999996,172.68190900000005,153.34292,185.459791,-15.094633000000073,1087.298091,-234.563,842.9870000000001,-251.284,574.35,0.0,0.0,0.0,0.0,47.742,386.78609999999986,74.91899999999983,260.99199999999996,1079.7930000000001,7899.0839,1485.9690000000003,3629.254999999999,-731.3340000000001,-8716.913,-1597.087,-807.2990000000004,0.0,0.0,0.0,0.0,520.2179679999999,-1199.6272580000002,224.6898970000002,243.31614200000007,180.027032,151.61525800000004,-12.10689700000006,1160.190858,84.18500000000002,725.781,-20.38400000000013,398.466,0.0,0.0,0.0,0.0,24.393,298.7904,178.1,370.27099999999996,90.08600000000001,574.9426,109.83300000000001,269.313
2024-09-27,-1653.805537,-5075.098008,-1653.8055370000002,-248.98582699999997,2552.631537,9404.039008,2552.631537,6248.450827000001,-2183.273964,-10972.70489,-2183.273964,-310.470315,414.013964,870.45889,414.0139640000001,1538.640315,-3837.0795009999997,-16047.802798,-3837.0795009999993,-559.456142,2966.645501,10274.497798,2966.645501,7787.091142,-1067.237,-5521.6179999999995,-1067.2369999999999,-879.8820000000003,0.0,0.0,0.0,0.0,-164.695537,-548.2014080000001,-164.69553699999994,41.38417300000003,193.135537,225.252408,193.13553699999994,1078.544827,-597.621,479.92900000000003,-597.621,75.70000000000005,0.0,0.0,0.0,0.0,175.748,514.7920999999999,175.74799999999982,513.8119999999999,2359.496,9178.7869,2359.496,5169.905999999999,-1900.8600000000001,-9886.439,-1900.8600000000001,-1489.1160000000004,0.0,0.0,0.0,0.0,-325.3339639999999,-2045.1791900000003,-325.3339639999998,320.2106850000001,227.70996399999999,199.29819000000003,227.70996399999993,1162.412315,-43.570999999999984,598.0249999999999,-43.571000000000126,447.49100000000004,0.0,0.0,0.0,0.0,86.491,360.88839999999993,86.491,410.94399999999996,186.304,671.1606,186.30400000000003,376.228
2024-10-04,374.662236,-4700.435772,-1305.1169610000004,383.18881500000003,-1105.113236,8298.925772,1677.9599610000005,4321.225185,722.025366,-10250.679524,-2585.1635480000004,2010.161021,-501.792366,368.666524,-128.4154519999999,723.8429790000001,1096.687602,-14951.115195999999,-3890.2805089999993,2393.3498360000003,-1606.905602,8667.592196,1549.5445090000003,5045.068164,-166.403,-5688.021,-1134.879,-957.1300000000002,0.0,0.0,0.0,0.0,123.367236,-424.8341720000001,-137.32196099999993,318.77981500000004,-430.033236,-204.78082799999999,-277.79003900000004,386.479185,265.56,745.489,-306.94199999999995,233.245,0.0,0.0,0.0,0.0,152.138,666.9300999999999,274.02599999999984,788.294,-675.08,8503.7069,1955.7500000000005,3934.745999999999,454.446,-9431.993,-2061.3640000000005,215.05699999999968,0.0,0.0,0.0,0.0,163.761366,-1881.417824,-646.7585479999998,960.9580210000001,-457.092366,-257.794176,-282.2854520000001,425.651979,68.392,666.4169999999999,0.871999999999872,347.3,0.0,0.0,0.0,0.0,35.426,396.3144,122.087,486.84599999999995,-44.7,626.4606,153.87,298.191
2024-10-11,75.48090200000001,-4999.617106,-1179.5762160000004,305.21372400000007,-1152.868902,8251.170106,1112.6142160000004,3810.578276,-1711.386582,-12684.091472,-2560.589304,-1205.850277,-616.278418,254.18047199999998,-249.48069599999988,406.46927700000003,-1635.9056799999998,-17683.708478,-3740.165519999999,-900.6365529999994,-1769.14732,8505.350478,863.1335200000001,4217.047553,-575.138,-6096.755999999999,-1304.826,-1214.632,0.0,0.0,0.0,0.0,156.039902,-392.1615060000001,-37.744215999999945,407.374724,-537.530902,-312.27849399999997,-347.10478400000005,104.12027600000003,153.452,633.3810000000001,-351.79099999999994,-27.329000000000008,0.0,0.0,0.0,0.0,341.127,855.9190999999998,514.7849999999999,1139.8,-615.3380000000001,8563.4489,1459.7190000000003,3706.4579999999996,-1223.013,-11109.452000000001,-1584.8159999999998,-1679.1220000000003,0.0,0.0,0.0,0.0,-596.341582,-2641.520772,-1210.2413039999997,-81.47527699999989,-578.941418,-379.643228,-368.3546960000001,120.49727700000003,6.785999999999994,604.8109999999999,43.95499999999986,-14.301999999999971,0.0,0.0,0.0,0.0,101.182,462.07039999999995,190.513,569.049,-37.337,633.8236,118.87400000000001,285.972
2024-10-18,66.74343500000002,-5008.354573,-827.2511820000004,-49.999917999999944,-332.1494349999999,9071.889573,987.3461820000006,4497.834918,311.13392899999985,-10661.570961,-1769.6020030000002,-206.53194300000018,-753.962929,116.495961,-610.0619969999998,290.95594300000005,377.87736400000017,-15669.925433999999,-2596.853184999999,-256.53186099999925,-1086.112364,9188.385434,377.284185,4788.790861,-670.937,-6192.554999999999,-1182.221,-1445.3220000000003,0.0,0.0,0.0,0.0,228.390435,-319.8109730000001,80.73181800000006,351.577082,-743.951435,-518.699027,-704.158818,-75.72708199999997,97.22,577.149,-265.83799999999997,-155.17200000000003,0.0,0.0,0.0,0.0,412.07,926.8620999999999,540.0759999999998,1198.917,411.802,9590.588899999999,1691.5050000000003,4573.562,-427.09900000000016,-10313.538,-1596.6249999999998,-1156.8020000000004,0.0,0.0,0.0,0.0,669.6919290000001,-1375.487261,-175.86000299999955,177.53705700000023,-795.279929,-595.9817390000001,-747.5969970000001,-69.41205699999998,-40.626000000000005,557.3989999999999,-168.38200000000015,208.67300000000003,0.0,0.0,0.0,0.0,109.167,470.05539999999996,171.26500000000001,564.0600000000001,41.31699999999999,712.4776,137.535,360.368
2024-10-25,-373.42068199999994,-5448.51869,-373.4206820000003,-413.80412899999993,168.71768200000008,9572.75669,168.71768200000054,5319.911129,-1262.4551510000001,-12235.160041,-1262.4551510000001,-2296.284591,-784.150849,86.308041,-784.1508489999999,348.540591,-1635.8758329999998,-17683.678631,-1635.8758329999994,-2710.0887199999993,-615.4331670000001,9659.064631000001,-615.4331670000001,5668.45172,-1036.368,-6557.986,-1036.368,-1549.3810000000003,0.0,0.0,0.0,0.0,143.591318,-404.6100900000001,143.59131800000006,217.65887100000003,-804.648318,-579.39591,-804.648318,-64.43987099999997,64.363,544.292,64.36300000000003,-220.502,0.0,0.0,0.0,0.0,454.993,969.7850999999999,454.9929999999998,1138.4199999999998,973.366,10152.1529,973.3660000000003,5384.350999999999,-875.5280000000001,-10761.967,-875.5279999999997,-2093.994,0.0,0.0,0.0,0.0,-506.84715099999994,-2552.026341,-506.8471509999996,-842.1095909999998,-858.096849,-658.798659,-858.0968490000001,-53.85040899999999,-39.968,558.0569999999999,-39.96800000000014,43.28600000000005,0.0,0.0,0.0,0.0,159.888,520.7764,159.888,596.533,73.946,745.1066,73.946,402.39099999999996
2024-11-01,75.405583,-5373.113106999999,-672.6773350000003,-456.98507499999994,116.078417,9688.835107,1389.9093350000005,4424.014075,-647.675638,-12882.835679,-2632.156155,-1976.7794280000003,79.528638,165.836679,-202.82984499999984,282.934428,-572.270055,-18255.948686,-3304.833489999999,-2433.7645029999994,195.607055,9854.671686,1187.07949,4706.948503,-61.331,-6619.317,-931.2959999999999,-1455.1410000000003,0.0,0.0,0.0,0.0,76.447583,-328.1625070000001,96.67166500000003,185.32492500000006,69.940417,-509.455493,-304.674665,-76.61892499999996,3.391,547.683,-197.80599999999998,-312.321,0.0,0.0,0.0,0.0,56.898,1026.6831,359.7529999999998,1125.1519999999998,46.138,10198.2909,1694.5840000000003,4500.632999999999,233.339,-10528.628,-1096.6349999999998,-947.2360000000003,0.0,0.0,0.0,0.0,-769.864638,-3321.890979,-1440.4731549999997,-1530.929428,74.970638,-583.828021,-326.03384500000016,-64.90457199999999,-98.169,459.8879999999999,-206.5290000000001,-79.43099999999994,0.0,0.0,0.0,0.0,-12.981,507.7954,111.481,580.817,4.558,749.6646000000001,123.204,347.83899999999994
2024-11-08,90.61707799999999,-5357.901612,-358.2845060000003,-1116.8702859999999,-1338.5060780000001,8234.250612,-16.91949399999976,3347.226286,48.79428799999994,-12186.365753,497.7257189999999,-3400.4646430000007,-242.727288,-156.41924699999998,-410.5997189999998,-106.39735699999994,139.41136600000004,-17544.267265,139.44121300000074,-4517.334929,-1581.2333660000002,8077.831265000001,-427.51921300000026,3240.8289290000002,-345.661,-6903.647,-806.8909999999998,-2125.916,0.0,0.0,0.0,0.0,88.732078,-315.8780120000001,76.28349400000003,144.79571400000006,-158.700078,-738.095988,-425.817494,-381.55171399999995,4.4399999999999995,548.7320000000001,-84.64899999999997,-388.493,0.0,0.0,0.0,0.0,343.10600000000005,1312.8910999999998,456.97199999999987,1252.743,-1179.806,8972.3469,408.89800000000037,3728.7779999999993,129.339,-10632.628,476.82400000000035,-2798.3740000000003,0.0,0.0,0.0,0.0,-171.237712,-2723.264053,-81.74328099999968,-1242.1656429999996,-157.935288,-816.733947,-437.09071900000015,-383.62835699999994,-0.7399999999999949,557.3169999999999,-47.49400000000013,87.37300000000006,0.0,0.0,0.0,0.0,91.433,612.2094,150.139,552.702,-84.792,660.3146,26.491,277.231
2024-11-15,489.583222,-4958.935468,49.41910499999966,-1081.155666,-3354.5882220000003,6218.168468,-2853.7211049999996,512.6756660000001,2384.248681,-9850.91136,810.6596009999998,-741.9864730000004,-939.846681,-853.53864,-970.0346009999998,-1004.1565269999999,2873.8319030000002,-14809.846728,860.0787060000007,-1823.1421389999996,-4294.434903,5364.629728,-3823.755706,-491.480861,-475.997,-7033.983,-841.4279999999999,-2502.9740000000006,0.0,0.0,0.0,0.0,247.283222,-157.3268680000001,162.48410500000003,315.20833400000004,-677.392222,-1256.788132,-738.089105,-1052.409334,-68.577,475.71500000000003,-101.43399999999997,-525.357,0.0,0.0,0.0,0.0,786.874,1756.6590999999999,829.7969999999998,1631.967,-2677.196,7474.956899999999,-2115.6319999999996,1565.0849999999994,674.307,-10087.66,225.87800000000033,-2017.3590000000004,0.0,0.0,0.0,0.0,1364.518681,-1187.5076600000002,187.97960100000023,449.5945270000002,-704.464681,-1363.26334,-767.2816010000001,-1094.788527,96.363,654.42,97.02099999999987,148.75800000000004,0.0,0.0,0.0,0.0,249.06,769.8363999999999,299.781,677.02,-235.382,509.7246,-202.753,90.63199999999998
2024-11-22,271.48281,-5177.035879999999,271.48280999999963,-1868.0118559999999,-1322.8888100000001,8249.86788,-1322.8888099999995,1636.198856,282.2284890000001,-11952.931552,282.2284890000001,-4275.643697,-1061.318489,-975.010448,-1061.3184889999998,-1603.842303,553.711299,-17129.967332,553.7112990000005,-6143.655552999999,-2384.2072990000006,7274.8573320000005,-2384.2072990000006,32.35655299999985,-722.4580000000001,-7280.4439999999995,-722.4579999999999,-2892.947,0.0,0.0,0.0,0.0,153.18180999999998,-251.4282800000001,153.18181000000004,76.23714400000004,-974.8308099999999,-1554.22672,-974.8308099999999,-1754.781144,-104.639,439.653,-104.63899999999997,-654.618,0.0,0.0,0.0,0.0,945.398,1915.1831,945.3979999999998,1603.3159999999998,-348.058,9804.0949,-348.05799999999954,3390.9799999999996,-419.2030000000002,-11181.17,-419.20299999999975,-4061.344,0.0,0.0,0.0,0.0,810.6334889999998,-1741.3928520000002,810.6334890000003,-317.07569699999976,-1028.488489,-1687.287148,-1028.488489,-1851.0093029999998,-174.51799999999997,383.53899999999993,-174.5180000000001,-362.6259999999999,0.0,0.0,0.0,0.0,65.316,586.0924,65.31600000000003,465.40199999999993,-32.83000000000001,712.2766,-32.83000000000001,247.16699999999997
2024-11-29,85.91004299999997,-5362.608647,10.504459999999654,-1941.3161759999998,-2141.165043,7431.591647,-2257.2434599999997,580.184176,484.54045500000007,-11750.619586,1132.2160930000002,-2961.1886600000003,-780.496455,-694.188414,-860.025093,-1150.6333399999999,570.450498,-17113.228133,1142.7205530000006,-4902.504835999999,-2921.6614980000004,6737.403133,-3117.268553,-570.4491640000001,-967.0930000000001,-7525.079,-905.762,-3070.6980000000003,0.0,0.0,0.0,0.0,122.115043,-282.4950470000001,45.667460000000034,101.01082400000004,-638.223043,-1217.618953,-708.16346,-1249.7358239999999,-48.254,496.038,-51.644999999999975,-581.5120000000001,0.0,0.0,0.0,0.0,979.142,1948.9270999999999,922.2439999999998,1609.883,-1502.942,8649.2109,-1549.0799999999997,1829.9199999999996,261.8599999999998,-10500.107,28.5210000000003,-2514.5280000000007,0.0,0.0,0.0,0.0,53.81445499999984,-2498.211886,823.6790930000003,-778.3666599999997,-678.269455,-1337.068114,-753.2400930000001,-1308.65634,23.715000000000032,581.7719999999999,121.88399999999992,-59.8239999999999,0.0,0.0,0.0,0.0,145.151,665.9273999999999,158.132,391.53,-102.22700000000002,642.8796,-106.78500000000003,158.02299999999997
2024-12-06,-321.19596,-5683.804607,-325.9029950000004,-2288.485796,-483.42604,6948.165607,-1286.0850049999997,327.19979599999994,-2198.900671,-13949.520257,-1763.1545039999996,-6284.0042809999995,-20.511329,-714.699743,-558.2804959999999,-1211.781719,-2520.096631,-19633.324764,-2089.0574989999996,-8572.490076999999,-503.937369,6233.4657640000005,-1844.365501,-884.5819230000001,-145.562,-7670.641,-766.9939999999999,-3117.4990000000003,0.0,0.0,0.0,0.0,-175.91296,-458.4080070000001,-142.52999499999996,-170.89579599999996,49.85596,-1167.7629929999998,-429.6670049999999,-1240.7722039999999,-0.935,495.103,-53.62899999999997,-557.328,0.0,0.0,0.0,0.0,1.214,1950.1410999999998,637.2499999999998,1557.2369999999999,-533.282,8115.9289,-856.4179999999998,1567.9719999999993,-1575.94,-12076.047,-1443.4189999999999,-4705.418000000001,0.0,0.0,0.0,0.0,-551.986671,-3050.198557,-326.9345039999997,-1815.5392809999998,53.249671,-1283.818443,-467.0844960000001,-1308.3097189999999,-97.139,484.6329999999999,-72.68400000000008,-180.91199999999992,0.0,0.0,0.0,0.0,26.165,692.0924,79.88300000000001,417.86499999999995,-73.761,569.1186,-91.19600000000003,96.52799999999998
2024-12-13,-872.598172,-6235.206819,-1276.2713510000003,-2415.165929,-229.883828,7201.707819,983.5393510000004,63.151928999999996,-603.659596,-12354.279182,-2503.367822,-2230.7770140000007,-198.967404,-893.155818,-39.61717799999991,-1396.8169859999998,-1476.257768,-18589.485901,-3779.639172999999,-4645.942943,-428.851232,6308.551901,943.9221729999999,-1333.665057,-199.466,-7724.545,-690.562,-2932.6150000000002,0.0,0.0,0.0,0.0,-180.956172,-463.4512190000001,-306.12435099999993,-109.03392899999996,-168.045828,-1385.664781,-128.8766489999999,-1420.491071,-229.864,266.17400000000004,-209.54099999999997,-718.998,0.0,0.0,0.0,0.0,-262.312,1686.6151,-70.04400000000021,1345.481,-61.83800000000002,8587.3729,1112.4160000000004,1483.6429999999996,-778.023,-11278.130000000001,-1190.4699999999998,-1753.4940000000006,0.0,0.0,0.0,0.0,424.100404,-2074.1114820000003,-886.6038219999995,-642.8320139999997,-170.893404,-1507.9615179999998,-144.69817800000007,-1496.6729859999998,-265.243,316.52899999999994,-337.8910000000001,-244.3269999999999,0.0,0.0,0.0,0.0,15.505999999999998,681.4334,-88.40299999999999,409.876,-28.073999999999998,614.8056,105.08099999999997,99.85599999999997
2024-12-20,-875.321196,-6237.929843,-1060.8939630000002,-2056.826452,-1240.195804,6191.395843,-2058.4720369999995,-1893.147548,-606.4853989999999,-12357.104985,-404.17343299999976,-3465.136027000001,-500.63960099999997,-1194.828015,-219.81756699999988,-1921.385973,-1481.806595,-18595.034728,-1465.067395999999,-5521.962479,-1740.835405,4996.567728,-2278.289604,-3814.5335210000003,-251.90300000000002,-7776.982,-496.5379999999999,-2766.648,0.0,0.0,0.0,0.0,-271.744196,-554.2392430000001,-302.81096299999996,-153.69645199999997,-399.11080400000003,-1616.7297569999998,-62.50303699999992,-1802.1895479999998,-95.00200000000001,401.03600000000006,-38.61699999999999,-441.9510000000001,0.0,0.0,0.0,0.0,-256.672,1692.2550999999999,-222.92800000000022,1305.469,-841.085,7808.125899999999,-1995.9689999999996,-90.95800000000054,-586.456,-11086.563,94.60700000000008,-2369.6500000000005,0.0,0.0,0.0,0.0,206.71660100000003,-2291.495285,-550.1024329999998,-1091.8680269999998,-415.782601,-1752.850715,-65.56356700000009,-1904.4659729999998,-233.00700000000003,348.76499999999993,-34.774000000000136,-377.01599999999996,0.0,0.0,0.0,0.0,6.260999999999999,672.1884,86.096,373.39799999999997,-84.857,558.0226,-154.25400000000002,-16.920000000000037
2024-12-27,-765.278054,-6127.886700999999,-765.2780540000003,-1052.788693,-974.8189459999999,6456.772701,-974.8189459999994,-2947.266307,-331.622576,-12082.242162,-331.6225759999998,-1109.5372720000007,-399.28342399999997,-1093.471838,-399.28342399999985,-1963.9307279999998,-1096.90063,-18210.128763,-1096.9006299999992,-2162.325965,-1374.10237,5363.300763,-1374.10237,-4911.197035000001,-129.895,-7654.974,-129.8949999999999,-2133.356,0.0,0.0,0.0,0.0,-257.52205399999997,-540.0171010000001,-257.5220539999999,8.184307000000041,-308.548946,-1526.1678989999998,-308.5489459999999,-1751.4203069999999,-110.33500000000001,385.70300000000003,-110.33499999999998,-94.22600000000003,0.0,0.0,0.0,0.0,-267.526,1681.4011,-267.52600000000024,1166.609,-666.27,7982.9409,-666.2699999999995,-1195.8460000000005,-259.72700000000003,-10759.834,-259.7269999999999,-873.3950000000004,0.0,0.0,0.0,0.0,216.21842400000003,-2281.9934620000004,216.21842400000025,-236.81427199999973,-323.171424,-1660.2395379999998,-323.1714240000001,-1859.5377279999998,-280.913,300.8589999999999,-280.9130000000001,-297.16599999999994,0.0,0.0,0.0,0.0,-7.2010000000000005,658.7264,-7.200999999999986,297.83799999999997,-76.112,566.7676,-76.11200000000001,-104.39300000000003
2025-01-03,160.885202,160.885202,-283.1968920000003,-1266.5657270000002,108.254798,108.254798,-383.1381079999995,-1733.898273,-43.874463,-43.874463,1823.403632,-1875.437101000001,-301.009537,-301.009537,-679.781632,-1763.1478989999998,117.010739,117.010739,1540.2067400000008,-3142.0028279999997,-192.754739,-192.754739,-1062.91974,-3497.0461720000003,81.86,81.86,97.52700000000011,-1885.0930000000003,0.0,0.0,0.0,0.0,60.946202,60.946202,-20.662891999999935,-54.23672699999996,-319.738202,-319.738202,-678.143108,-1641.1252729999999,33.483,33.483,-75.91699999999997,-326.30300000000005,0.0,0.0,0.0,0.0,-15.404,-15.404,-284.14400000000023,999.0669999999999,427.993,427.993,295.00500000000045,-92.77300000000048,124.41,124.41,1440.6230000000003,-1203.4310000000003,0.0,0.0,0.0,0.0,-201.393463,-201.393463,566.8116320000003,-601.9691009999997,-336.220537,-336.220537,-712.6416320000001,-1738.665899,65.336,65.336,-118.43800000000013,-300.2219999999999,0.0,0.0,0.0,0.0,-32.227,-32.227,-65.59299999999999,230.185,35.211,35.211,32.85999999999998,-24.48200000000005
2025-01-10,-92.888259,-92.888259,14.431858999999662,-1221.157854,198.62025899999998,198.62025899999998,-546.3148589999995,-1595.777146,-745.801741,-745.801741,-473.7647209999998,-143.95243100000084,-339.78825900000004,-339.78825900000004,-540.1042789999999,-1687.4405689999999,-838.69,-838.69,-459.33286199999907,-1365.110285,-141.168,-141.168,-1086.419138,-3283.217715,-97.871,-97.871,-28.29999999999987,-1656.0890000000002,0.0,0.0,0.0,0.0,2.695740999999998,2.695740999999998,-73.87014099999993,-145.15985399999997,-374.742741,-374.742741,-515.2458589999999,-1588.632146,11.481999999999996,11.481999999999996,131.01100000000002,-236.196,0.0,0.0,0.0,0.0,-9.195,-9.195,-14.409000000000226,816.2869999999999,573.363,573.363,-31.068999999999562,-7.145000000000465,-230.42999999999998,-230.42999999999998,287.8660000000002,119.18799999999953,0.0,0.0,0.0,0.0,-410.915741,-410.915741,-618.7977209999998,-51.38843099999977,-389.270259,-389.270259,-541.5482790000001,-1669.866569,-179.916,-179.916,-195.58600000000015,-483.86799999999994,0.0,0.0,0.0,0.0,75.46000000000001,75.46000000000001,52.75300000000002,272.116,49.482,49.482,1.4439999999999813,-17.574000000000048
2025-01-17,-318.09123999999997,-318.09123999999997,-208.04809800000032,-1437.623368,555.5742399999999,555.5742399999999,820.9510980000005,-2059.5426319999997,62.53372400000001,62.53372400000001,337.3965470000002,-1358.1374770000007,-265.773724,-265.773724,-164.4175469999999,-1475.741523,-255.55751599999996,-255.55751599999996,129.34844900000093,-2795.760845,289.800516,289.800516,656.533551,-3535.2841550000003,-132.887,-132.887,-10.878999999999877,-1595.3060000000003,0.0,0.0,0.0,0.0,-127.11524,-127.11524,-112.89309799999994,-347.32136799999995,-323.95276,-323.95276,-233.39090199999993,-1331.421632,51.71799999999999,51.71799999999999,36.38500000000002,-139.728,0.0,0.0,0.0,0.0,-109.80699999999999,-109.80699999999999,-120.66100000000023,644.7319999999999,879.527,879.527,1054.3420000000003,-728.1210000000005,619.153,619.153,945.8820000000002,172.85699999999952,0.0,0.0,0.0,0.0,-230.117276,-230.117276,-220.61545299999977,-1136.6234769999999,-340.41072399999996,-340.41072399999996,-247.7995470000001,-1404.6685229999998,-278.459,-278.459,-326.3650000000001,-534.9989999999999,0.0,0.0,0.0,0.0,-48.043000000000006,-48.043000000000006,-61.50499999999998,140.628,74.637,74.637,83.38199999999998,-71.07300000000004
2025-01-24,-297.885085,-297.885085,-297.8850850000003,-977.253096,1804.9910849999999,1804.9910849999999,1804.9910850000003,-1310.9929040000002,770.343458,770.343458,770.3434580000003,923.2613369999992,274.394542,274.394542,274.3945420000001,-905.3853369999998,472.45837300000005,472.45837300000005,472.45837300000096,-53.991759,2079.385627,2079.385627,2079.385627,-2216.3782410000003,-19.240999999999985,-19.240999999999985,-19.240999999999886,-1116.2290000000003,0.0,0.0,0.0,0.0,-239.098085,-239.098085,-239.09808499999994,-374.505096,124.12408499999998,124.12408499999998,124.12408500000004,-822.6479039999999,95.119,95.119,95.11900000000003,-63.470000000000006,0.0,0.0,0.0,0.0,-134.665,-134.665,-134.66500000000022,576.9509999999999,1680.867,1680.867,1680.8670000000006,-488.34500000000037,1255.653,1255.653,1255.6530000000002,1257.7859999999996,0.0,0.0,0.0,0.0,-317.452542,-317.452542,-317.45254199999977,-47.41966299999994,129.90854200000007,129.90854200000007,129.90854199999995,-871.5323369999999,-117.84,-117.84,-117.84000000000015,-375.0379999999999,0.0,0.0,0.0,0.0,-50.017,-50.017,-50.016999999999975,87.93299999999999,144.486,144.486,144.486,-33.85300000000002
2025-01-31,-390.320538,-390.320538,-551.2057400000003,-1145.0941320000002,1909.1135379999998,1909.1135379999998,1800.8587400000004,-1322.9488680000002,-375.21920699999987,-375.21920699999987,-331.34474399999965,425.37430999999924,53.031206999999995,53.031206999999995,354.04074400000013,-1206.27731,-765.5397449999999,-765.5397449999999,-882.550483999999,-719.719822,1962.144745,1962.144745,2154.899484,-2529.2261780000003,-134.54999999999998,-134.54999999999998,-216.40999999999985,-1170.2070000000003,0.0,0.0,0.0,0.0,-173.722538,-173.722538,-234.66873999999996,-385.57713199999995,-102.40846200000001,-102.40846200000001,217.32974000000004,-1119.1208679999997,81.17,81.17,47.687000000000026,-80.81,0.0,0.0,0.0,0.0,-163.218,-163.218,-147.81400000000025,491.5,2011.522,2011.522,1583.5290000000005,-203.82800000000054,994.094,994.094,869.6840000000002,762.8879999999995,0.0,0.0,0.0,0.0,-974.676207,-974.676207,-773.2827439999998,65.22131000000013,-113.38479299999995,-113.38479299999995,222.83574399999986,-1189.7963099999997,-319.853,-319.853,-385.1890000000002,-478.88199999999995,0.0,0.0,0.0,0.0,-74.784,-74.784,-42.55699999999998,76.14699999999999,166.416,166.416,131.205,-16.48100000000003
2025-02-07,980.59486,590.274322,683.1625809999997,-179.71076700000003,989.77014,2898.8836779999997,2700.2634190000003,1121.4057669999997,2190.653333,1815.4341260000003,2561.2358670000003,1919.5577169999997,96.301667,149.332874,489.12113300000016,-787.719717,3171.248193,2405.708448,3244.398448000001,1739.8469499999999,1086.071807,3048.216552,3189.3845520000004,333.68605,718.93,584.38,682.2510000000001,-166.94700000000034,0.0,0.0,0.0,0.0,32.30486,-141.417678,-144.11341899999994,-365.5567669999999,-3.82286,-106.23132200000002,268.51141900000005,-894.303233,97.742,178.912,167.43000000000004,15.882999999999996,0.0,0.0,0.0,0.0,131.618,-31.599999999999994,-22.405000000000257,336.90999999999985,993.593,3005.115,2431.7520000000004,2015.7089999999994,1126.239,2120.333,2350.7630000000004,1993.1269999999995,0.0,0.0,0.0,0.0,821.228333,-153.44787399999996,257.4678670000003,287.8227170000001,6.426667,-106.95812599999995,282.31213299999985,-950.463717,190.556,-129.297,50.61899999999986,-385.7549999999999,0.0,0.0,0.0,0.0,52.63,-22.154000000000003,-97.61399999999998,24.362999999999992,89.875,256.291,206.809,162.74399999999997
2025-02-14,915.0935460000001,524.7730080000001,842.8642479999997,-644.1782249999999,2110.404454,4019.5179919999996,3463.943752,4258.122224999999,2527.5884,2152.3691930000005,2089.835469,-78.9616090000003,434.4216,487.452807,753.2265310000001,247.51960900000006,3442.6819459999997,2677.1422009999997,2932.6997170000013,-723.1398340000001,2544.826054,4506.970799000001,4217.170283,4505.641834,341.31899999999996,206.769,339.65600000000006,-414.22200000000026,0.0,0.0,0.0,0.0,38.601546,-135.120992,-8.005751999999944,-517.8112249999999,255.85445400000003,153.445992,477.39875200000006,-115.93377499999986,162.571,243.74099999999999,192.02300000000002,153.72899999999998,0.0,0.0,0.0,0.0,372.602,209.38400000000001,319.19099999999975,134.12599999999992,1854.55,3866.072,2986.5450000000005,4374.056,1035.9660000000001,2030.0600000000002,1410.9070000000004,1357.8859999999995,0.0,0.0,0.0,0.0,978.9884,4.312193000000036,234.42946900000027,-1090.1736089999997,272.5786,159.19380700000005,499.60453099999984,-137.7823909999999,238.562,-81.291,197.16799999999986,-434.8519999999999,0.0,0.0,0.0,0.0,274.072,199.288,247.33100000000002,88.178,161.84300000000002,328.259,253.622,385.30199999999996
2025-02-21,1825.333335,1435.012797,1732.8978819999998,484.1619760000001,2699.389665,4608.503202999999,2803.5121180000006,2815.408024,5202.790367,4827.57116,4057.227702,4698.260549999999,456.165633,509.19684,234.80229800000012,390.73545000000007,7028.123702,6262.583957,5790.125584000001,5182.422526,3155.555298,5117.700043,3038.314416,3206.1434740000004,647.7059999999999,513.156,532.3970000000002,138.62599999999975,0.0,0.0,0.0,0.0,175.080335,1.357797000000005,240.45588200000006,-287.23102399999993,210.36166500000002,107.95320299999999,-16.170881999999935,136.0120240000001,264.81,345.98,250.86100000000002,292.03,0.0,0.0,0.0,0.0,737.737,574.519,709.1839999999997,340.7369999999999,2489.028,4500.55,2819.6830000000004,2679.3959999999993,2604.3100000000004,3598.4040000000005,2342.751,4019.74,0.0,0.0,0.0,0.0,1868.4513670000001,893.7751600000001,1211.2277020000004,353.1745500000002,233.586633,120.20184000000005,-9.706702000000192,147.24945000000008,370.74300000000005,50.890000000000015,168.72999999999988,-31.789999999999935,0.0,0.0,0.0,0.0,359.286,284.502,334.519,357.136,222.579,388.995,244.50900000000001,243.486
2025-02-28,1820.42176,1430.101222,1820.4217599999997,664.8231680000001,1160.7032399999998,3069.8167779999994,1160.7032400000003,2094.9978319999996,3867.82751,3492.6083030000004,3867.8275099999996,3160.9857269999993,148.67949,201.71069699999998,148.6794900000001,-197.57272699999993,5688.24927,4922.709525,5688.24927,3825.8088950000006,1309.3827300000003,3271.5274750000003,1309.3827300000003,1897.4251050000003,563.761,429.211,563.7610000000001,299.31599999999975,0.0,0.0,0.0,0.0,277.91376,104.19122200000001,277.91376,-153.33083199999993,48.755240000000015,-53.653222000000014,48.75524000000007,-362.2021679999999,300.539,381.709,300.539,271.37399999999997,0.0,0.0,0.0,0.0,678.208,514.99,678.2079999999997,247.46399999999994,1111.9479999999999,3123.47,1111.9480000000003,2457.1999999999994,1406.92,2401.014,1406.9200000000005,2141.2869999999994,0.0,0.0,0.0,0.0,1899.17351,924.497303,1899.1735100000003,1140.7157270000002,53.16248999999999,-60.22230299999994,53.16248999999985,-383.39372699999996,222.77900000000002,-97.07399999999998,222.77899999999988,-377.98699999999997,0.0,0.0,0.0,0.0,338.955,264.171,338.955,256.96999999999997,95.517,261.933,95.517,185.82099999999997
2025-03-07,284.898887,1715.000109,1124.7257869999996,1270.9180150000002,1892.784113,4962.600890999999,2063.7172130000004,4471.207984999999,2209.300708,5701.909011000001,3886.474885,7569.187105999999,1250.386292,1452.096989,1302.764115,1073.3248939999999,2494.199595,7416.90912,5011.200672000001,8840.105121,3143.170405,6414.69788,3366.481328,5544.532879,36.733,465.944,-118.43599999999986,481.61099999999976,0.0,0.0,0.0,0.0,-183.768113,-79.57689099999999,61.84078700000006,-161.18598499999993,1058.801113,1005.147891,1111.379213,646.7429850000001,111.872,493.581,314.66900000000004,384.181,0.0,0.0,0.0,0.0,320.062,835.052,866.6519999999997,566.3119999999999,833.983,3957.4529999999995,952.3380000000004,3824.4649999999992,1430.287,3831.3010000000004,1710.9680000000003,5147.513999999999,0.0,0.0,0.0,0.0,440.459708,1364.957011,1518.4048850000001,2133.162106,1168.531292,1108.3089889999999,1215.2671149999996,731.887894,172.093,75.019,204.31599999999986,-108.75499999999994,0.0,0.0,0.0,0.0,166.461,430.63200000000006,452.78600000000006,397.266,81.855,343.788,87.497,341.437
2025-03-14,243.660655,1673.7618770000001,1148.9888689999998,1781.081995,2719.534345,5789.3511229999995,1769.8331310000003,5044.416004999999,2923.7529870000003,6416.361290000001,4263.992097,6688.398309999999,1360.9250129999998,1562.6357099999998,1075.182903,1362.31969,3167.413642,8090.123167,5412.980966000001,8469.480305,4080.459358,7351.986833,2845.0160339999998,6406.735695,144.351,573.562,366.7930000000001,643.1329999999998,0.0,0.0,0.0,0.0,-313.776345,-209.58512299999998,-74.46413099999992,-286.15100499999994,1096.165345,1042.512123,889.0661309999999,902.0090050000001,107.981,489.69,245.94900000000004,609.219,0.0,0.0,0.0,0.0,305.105,820.095,610.7109999999998,814.881,1623.369,4746.839,880.7670000000004,4142.406999999999,1318.688,3719.702,1689.6420000000003,4237.998,0.0,0.0,0.0,0.0,1258.506987,2183.00429,2178.692097,1975.1223100000002,1211.4930129999998,1151.2707099999998,992.0769029999997,998.9926899999999,105.853,8.77900000000001,90.06999999999987,-6.8909999999999485,0.0,0.0,0.0,0.0,240.705,504.87600000000003,305.588,482.169,149.43200000000002,411.365,83.106,363.327
2025-03-21,2897.1424150000003,4327.2436370000005,2892.2308399999997,4437.286779,3221.825585,6291.642362999999,1683.1391600000002,6557.019221,6132.540482,9625.148785000001,4797.577625,9900.011608,1300.707518,1502.418215,993.2213750000001,1603.774392,9029.682897,13952.392422,7689.808465000001,14337.298387,4522.533103,7794.0605780000005,2676.360535,8160.793613,2313.12,2742.3309999999997,2229.1749999999997,2864.3389999999995,0.0,0.0,0.0,0.0,107.74041499999998,211.931637,210.57384000000005,226.15377900000001,985.581585,931.928363,823.97516,1022.490221,114.252,495.961,149.98100000000002,480.628,0.0,0.0,0.0,0.0,362.03000000000003,877.02,302.5009999999998,866.1659999999998,2236.2439999999997,5359.714,859.1640000000004,5534.528999999999,3791.326,6192.34,2593.936,6519.0689999999995,0.0,0.0,0.0,0.0,2029.6354820000001,2954.1327850000002,2060.357625,2963.634608,1093.9145179999998,1033.6922149999998,913.4903749999996,1126.303392,55.660999999999994,-41.41299999999999,-92.30300000000014,-89.31899999999995,0.0,0.0,0.0,0.0,255.918,520.089,235.58700000000002,506.627,206.793,468.726,79.731,477.471
2025-03-28,3235.033999,4665.1352210000005,3235.0339989999998,4665.1352210000005,3812.790001,6882.606779,3812.7900010000003,6882.606779,5411.353193000001,8903.961496,5411.353193000001,8903.961496,1307.1008069999998,1508.8115039999998,1307.1008069999998,1508.811504,8646.387192,13569.096717,8646.387192,13569.096717,5119.890808,8391.418283,5119.890808,8391.418283,2035.4779999999998,2464.689,2035.4779999999998,2464.689,0.0,0.0,0.0,0.0,391.678999,495.870221,391.67899900000003,495.870221,957.958001,904.3047789999999,957.9580009999999,904.304779,191.848,573.557,191.848,573.557,0.0,0.0,0.0,0.0,616.029,1131.019,616.0289999999998,1131.0189999999998,2854.832,5978.302,2854.8320000000003,5978.302,3591.06,5992.0740000000005,3591.06,5992.074,0.0,0.0,0.0,0.0,1787.649193,2712.1464960000003,1787.6491930000002,2712.1464960000003,1038.8768069999999,978.6545039999999,1038.8768069999996,978.654504,-140.1,-237.17399999999998,-140.10000000000014,-237.17399999999995,0.0,0.0,0.0,0.0,172.744,436.915,172.744,436.9150000000001,268.224,530.157,268.224,530.157
2025-04-04,502.843004,5167.978225,3452.978116,5007.093023,684.034996,7566.641774999999,2604.0408840000005,7458.386976999999,2803.740212,11707.701708,6005.792697000001,11751.576171,548.921788,2057.733292,605.636303,2358.742829,3306.583216,16875.679933,9458.770813000001,16758.669194000002,1232.956784,9624.375067,3209.677187,9817.129806,-81.068,2383.6209999999996,1917.6769999999997,2301.7609999999995,0.0,0.0,0.0,0.0,263.782004,759.652225,839.229116,698.706023,429.220996,1333.525775,328.3778839999999,1653.263977,64.899,638.456,144.87500000000003,604.973,0.0,0.0,0.0,0.0,255.23,1386.249,551.1969999999998,1401.6529999999998,254.814,6233.116,2275.6630000000005,5805.122999999999,1375.393,7367.467000000001,3536.166,7243.056999999999,0.0,0.0,0.0,0.0,1329.162212,4041.308708,2676.351697,4242.702171,527.303788,1505.9582919999998,397.6493029999999,1842.178829,65.453,-171.72099999999998,-246.7400000000001,-237.05699999999993,0.0,0.0,0.0,0.0,33.732,470.64700000000005,40.014999999999986,502.874,21.618,551.775,207.987,516.564
2025-04-11,525.582033,5190.717254,3516.9553769999998,5283.6055129999995,3391.043967,10273.650746,4484.299623000001,10075.030487,348.32636600000023,9252.287862000001,2835.9265720000003,9998.089603,1713.5016340000002,3222.313138,1659.677428,3562.1013970000004,873.9083989999999,14443.005116,6352.8819490000005,15281.695116,5104.545601,13495.963884,6143.977051,13637.131884,-314.759,2149.93,1576.3679999999997,2247.8009999999995,0.0,0.0,0.0,0.0,153.13503299999996,649.005254,858.590377,646.3095129999999,1285.460967,2189.765746,1147.2536229999998,2564.508487,134.098,707.655,217.96500000000003,696.173,0.0,0.0,0.0,0.0,553.108,1684.127,864.0319999999997,1693.3219999999997,2105.583,8083.885,3337.0460000000003,7510.521999999999,-275.9079999999999,5716.166,1996.4640000000004,5946.596,0.0,0.0,0.0,0.0,272.6473659999999,2984.793862,801.7895720000001,3395.7096029999993,1512.6446340000002,2491.299138,1340.028428,2880.569397,56.113,-181.06099999999998,-189.84000000000012,-1.1449999999999214,0.0,0.0,0.0,0.0,295.47400000000005,732.389,227.513,656.9290000000001,200.857,731.014,319.649,681.5319999999999
2025-04-18,818.7321380000001,5483.867359,1156.6237219999996,5801.9585990000005,5021.765862,11904.372641,5612.730278000001,11348.798401,2484.657196,11388.618692,1763.4699070000001,11326.084968,1971.6388040000002,3480.450308,1978.032093,3746.2240320000005,3303.389334,16872.486051,2920.093629000001,17128.043567,6993.404666,15384.822949,7590.762370999999,15095.022433,-292.50399999999996,2172.1849999999995,-570.146,2305.071999999999,0.0,0.0,0.0,0.0,274.70413799999994,770.574359,558.642722,897.689599,1380.478862,2284.783641,1352.8552779999998,2608.736401,99.417,672.974,177.01300000000003,621.256,0.0,0.0,0.0,0.0,737.115,1868.134,991.1139999999998,1977.9409999999998,3641.2870000000003,9619.589,4259.875,8740.062,621.7090000000001,6613.783,421.44300000000044,5994.629999999999,0.0,0.0,0.0,0.0,1561.0641959999998,4273.210692,1319.0779069999999,4503.327968,1620.6758040000002,2599.330308,1565.638093,2939.741032,180.582,-56.591999999999985,-15.179000000000144,221.86700000000008,0.0,0.0,0.0,0.0,121.30199999999999,558.217,38.128000000000014,606.2600000000001,350.96299999999997,881.12,412.394,806.483
2025-04-25,736.8613310000001,5401.9965520000005,736.8613309999996,5699.881637,4567.840669,11450.447447999999,4567.840669000001,9645.456363,2419.237379,11323.198875,2419.237379,10552.855416999999,1862.4036210000002,3371.215125,1862.403621,3096.820583,3156.0987099999998,16725.195427,3156.0987100000007,16252.737054,6430.24429,14821.662573,6430.24429,12742.276946000002,-523.892,1940.7969999999996,-523.892,1960.0379999999996,0.0,0.0,0.0,0.0,395.994331,891.864552,395.99433100000005,1130.962637,1327.288669,2231.593448,1327.2886689999998,2107.469363,42.653,616.21,42.65300000000003,521.091,0.0,0.0,0.0,0.0,822.106,1953.125,822.1059999999998,2087.79,3240.552,9218.854,3240.5520000000006,7537.986999999999,-424.76,5567.314,-424.75999999999965,4311.660999999999,0.0,0.0,0.0,0.0,2442.8223789999997,5154.968875,2442.822379,5472.4214170000005,1553.0086210000002,2531.663125,1553.008621,2401.754583,225.286,-11.887999999999984,225.28599999999986,105.95200000000008,0.0,0.0,0.0,0.0,175.889,612.804,175.889,662.821,309.395,839.552,309.39500000000004,695.0659999999999
2025-05-02,-119.342034,5282.654518,114.67629299999956,5672.975056,-445.795966,11004.651482,3438.0097070000006,9095.537943999998,-705.38122,10617.817655,-1089.884053,10993.036862,-66.82978,3304.385345,1246.6520529999998,3251.354138,-824.723254,15900.472173,-975.2077599999991,16666.011918,-512.625746,14309.036827,4684.66176,12346.892081999998,-250.183,1690.6139999999996,-693.0070000000001,1825.1639999999993,0.0,0.0,0.0,0.0,87.104966,978.969518,219.31729300000006,1152.6920559999999,-18.115966,2213.477482,879.9517069999998,2315.885944,-27.926,588.284,-50.17199999999997,507.1139999999999,0.0,0.0,0.0,0.0,71.662,2024.787,638.5379999999997,2188.0049999999997,-427.68,8791.173999999999,2558.0580000000004,6779.651999999999,240.241,5807.555,-1559.9119999999998,4813.460999999999,0.0,0.0,0.0,0.0,-893.74322,4261.225655,219.91694700000016,5235.901862,-21.93178,2509.731345,1003.773053,2623.116138,-107.366,-119.25399999999999,52.46699999999984,200.59900000000007,0.0,0.0,0.0,0.0,55.487,668.291,197.64400000000003,743.075,-44.898,794.654,242.87900000000002,628.2379999999999
2025-05-09,-616.104568,4785.891984,-404.82527000000044,4195.617662000001,65.50656799999996,11515.954016,1242.3032700000003,8617.070338,-919.307772,10403.891103000002,1151.603241,8588.456976999998,-249.977228,3121.237897,-101.0752410000002,2971.9050230000003,-1535.4123399999999,15189.783087,746.777971000001,12784.074639000002,-184.47066000000007,14637.191913,1141.2280289999999,11588.975361,-625.759,1315.0379999999996,-834.892,730.6579999999996,0.0,0.0,0.0,0.0,2.292432000000005,894.156984,245.15173000000007,1035.574662,-234.218432,1997.375016,-192.3907300000001,2103.606338,-71.15899999999999,545.051,-162.60399999999998,366.139,0.0,0.0,0.0,0.0,78.521,2031.646,347.5189999999998,2063.2459999999996,299.72499999999997,9518.579,1434.6940000000004,6513.464,-348.21799999999996,5219.0960000000005,-497.0699999999998,3098.7629999999995,0.0,0.0,0.0,0.0,-625.0607719999999,4529.908103,1545.1142410000002,4683.355976999999,-275.78522799999996,2255.877897,-235.4212410000001,2362.8360230000003,-85.592,-97.47999999999998,83.58099999999985,31.817000000000064,0.0,0.0,0.0,0.0,139.563,752.367,19.97800000000001,774.5210000000001,25.808,865.36,134.346,609.069
2025-05-16,-702.6959840000001,4699.300568,-784.5667910000004,4174.52756,-1871.802016,9578.645432,-2325.7272089999997,5559.12744,31.959465000000023,11355.158340000002,-33.46035199999994,9202.789147,-695.846465,2675.36866,-805.0816480000002,2187.915853,-670.7365189999999,16054.458908,-818.0271429999991,13377.316707,-2567.648481,12254.014092,-3130.8088570000004,7747.043293,-1093.525,847.2719999999997,-1324.913,640.5029999999995,0.0,0.0,0.0,0.0,73.411016,965.275568,194.70120900000006,1100.3965600000001,-475.634016,1755.9594319999999,-528.8242090000001,1602.5134400000002,-100.508,515.702,-157.27199999999996,271.961,0.0,0.0,0.0,0.0,417.926,2371.051,502.91699999999975,2161.667,-1396.1680000000001,7822.686,-1796.9029999999996,3956.613999999999,-327.26599999999996,5240.048,-1373.735,3209.9879999999994,0.0,0.0,0.0,0.0,340.45846500000005,5495.42734,1222.2166480000003,5491.1151469999995,-552.338465,1979.32466,-620.0056480000001,1820.1308530000001,-102.382,-114.26999999999998,-57.67800000000015,-32.978999999999935,0.0,0.0,0.0,0.0,121.14899999999999,733.953,175.736,534.6650000000001,-143.508,696.044,-185.076,367.7849999999999
2025-05-23,-929.803213,4472.193339,-929.8032130000004,3037.180542,302.03721300000007,11752.484660999999,302.0372130000005,7143.981458,-1083.005342,10240.193533000001,-1083.005342,5412.622372999999,-48.54865799999993,3322.666467,-48.54865800000027,2813.4696270000004,-2012.808555,14712.386872,-2012.8085549999992,8449.802915,253.4885549999999,15075.151128,253.4885549999999,9957.451085,-1149.979,790.8179999999996,-1149.979,277.6619999999995,0.0,0.0,0.0,0.0,-28.228212999999997,863.636339,-28.22821299999994,862.278542,-74.82878700000003,2156.764661,-74.82878700000009,2048.811458,-40.7,575.51,-40.69999999999996,229.53,0.0,0.0,0.0,0.0,289.104,2242.229,289.10399999999976,1667.7099999999998,376.866,9595.72,376.86600000000044,5095.17,-699.463,4867.851000000001,-699.4629999999999,1269.4469999999992,0.0,0.0,0.0,0.0,-348.1453419999999,4806.823533,-348.1453419999997,3913.048373,-81.15465800000004,2450.508467,-81.1546580000001,2330.306627,-166.301,-178.18899999999996,-166.30100000000016,-229.07899999999995,0.0,0.0,0.0,0.0,130.904,743.708,130.904,459.206,32.605999999999995,872.158,32.60600000000002,483.163
2025-05-30,-1425.990507,3976.006045,-1306.6484730000004,2545.9048230000003,-377.6114929999999,11072.835954999999,68.18447300000048,8003.019177,-1110.170368,10213.028507,-404.78914799999995,6720.420204,-95.51863199999994,3275.696493,-28.688852000000217,3073.9857960000004,-2536.160875,14189.034552000001,-1711.4376209999991,9266.325027,-473.13012500000013,14348.532448,39.49562099999969,11077.004973,-1483.087,457.70999999999964,-1232.904,28.498999999999512,0.0,0.0,0.0,0.0,-41.110507,850.754045,-128.21547299999995,746.562823,-45.63549300000003,2185.957955,-27.519527000000068,2239.6111769999998,-140.63,475.58,-112.70399999999998,93.87099999999998,0.0,0.0,0.0,0.0,238.837,2191.962,167.17499999999973,1676.9719999999998,-331.976,8886.878,95.70400000000052,5763.407999999999,-764.67,4802.644,-1004.9109999999998,2401.6299999999997,0.0,0.0,0.0,0.0,-187.86836799999992,4967.100507,705.8748520000003,4042.6032039999996,-58.72763200000004,2472.935493,-36.795852000000124,2533.1577960000004,-268.998,-280.88599999999997,-161.63200000000015,-183.81199999999995,0.0,0.0,0.0,0.0,111.36599999999999,724.1700000000001,55.879000000000005,459.999,-36.79100000000001,802.761,8.107000000000014,540.828
2025-06-06,-318.044094,3657.961951,-1127.9300330000005,1942.9618420000002,1028.480094,12101.316049,585.3620330000006,7138.715158000001,-2276.801802,7936.226705000001,-2467.664398,2234.317693999999,281.458802,3557.155295,435.91739799999976,2105.0583060000004,-2594.845896,11594.188656,-3595.594430999999,4177.279536000001,1309.938896,15658.471344,1021.2794309999998,9243.773464,-38.133,419.57699999999966,-895.461,-46.36700000000049,0.0,0.0,0.0,0.0,-85.315094,765.438951,-128.71803299999993,845.015842,157.158094,2343.1160489999997,345.7410329999999,1337.968158,-42.12,433.46,-111.59099999999998,-60.121,0.0,0.0,0.0,0.0,-152.476,2039.4859999999999,7.839999999999748,1204.434,871.322,9758.2,239.62100000000055,5800.746999999999,-592.089,4210.555,-1008.5409999999999,379.2539999999992,0.0,0.0,0.0,0.0,-1662.631802,3304.4687049999998,-1225.439398,1939.5116939999998,194.049802,2666.985295,411.1073979999999,1558.676306,92.206,-188.67999999999995,-91.20000000000014,-263.69899999999996,0.0,0.0,0.0,0.0,-114.287,609.883,-142.48399999999998,179.251,87.409,890.17,24.810000000000002,546.382
2025-06-13,-188.33578199999997,3787.670263,-911.6303050000005,2113.908386,2235.9277819999998,13308.763737,3730.118305000001,7519.412614,530.552025,10743.580532,-611.577808,4327.219241999999,725.278975,4000.975468,1325.6068079999998,2438.3397580000005,342.2162430000003,14531.250795,-1523.2081129999992,6441.127628,2961.206757,17309.739204999998,5055.725113,9957.752372,-37.587,420.12299999999965,-427.149,-153.43900000000048,0.0,0.0,0.0,0.0,-26.324782,824.429263,-140.84630499999994,1034.014386,459.417782,2645.375737,889.4163049999999,1602.863614,-201.298,274.28200000000004,-241.42,-215.40800000000002,0.0,0.0,0.0,0.0,76.874,2268.836,-102.21500000000023,1448.7409999999998,1776.51,10663.387999999999,2840.7020000000007,5916.549,1138.8029999999999,5941.447,701.3990000000001,2221.7449999999994,0.0,0.0,0.0,0.0,-670.4669750000002,4296.633532,-1198.793808,2113.629242,551.5879749999999,3024.523468,1045.1988079999999,1873.252758,117.302,-163.58399999999997,-49.314000000000135,-172.36299999999994,0.0,0.0,0.0,0.0,-55.086000000000006,669.0840000000001,-64.869,164.208,173.691,976.452,280.408,565.087
2025-06-20,-138.01335399999996,3837.992691,-634.2006480000003,-489.2509459999999,1367.968354,12440.804309,688.3196480000005,6149.161946,3.2023609999999962,10216.230868,-23.9626649999999,591.0820829999992,584.084639,3859.781132,537.1146649999998,2357.3629170000004,-134.8109929999997,14054.223559,-658.163312999999,101.83113700000047,1952.0529930000002,16300.585441,1225.4343130000002,8506.524862999999,-161.34,296.36999999999966,-494.448,-2445.9610000000002,0.0,0.0,0.0,0.0,126.74464599999999,977.498691,113.86235200000004,765.567054,394.736354,2580.694309,423.92964799999993,1648.765946,-373.64,101.94,-473.56999999999994,-394.021,0.0,0.0,0.0,0.0,270.222,2462.1839999999997,219.95499999999979,1585.1639999999998,973.232,9860.11,264.39000000000044,4500.396,881.8570000000001,5684.501,816.65,-507.83900000000074,0.0,0.0,0.0,0.0,-834.5136390000001,4132.586867999999,-674.2366649999998,1178.4540829999999,483.15263899999997,2956.088132,505.5796649999998,1922.3959170000003,-0.8449999999999989,-281.731,-103.54200000000014,-240.31799999999993,0.0,0.0,0.0,0.0,-43.29600000000001,680.874,-62.83399999999999,160.78500000000003,100.932,903.693,31.534999999999997,434.967
2025-06-27,-188.80761099999995,3787.198434,-188.8076110000004,-877.9367869999999,688.891611,11761.727566,688.8916110000006,4879.120787,731.148819,10944.177326,731.1488190000001,2040.2158299999992,1065.2091810000002,4340.905674,1065.2091809999997,2832.0941700000003,542.3412080000003,14731.37576,542.341208000001,1162.2790430000005,1754.1007920000002,16102.63324,1754.1007920000002,7711.214956999999,-331.05600000000004,126.65399999999963,-331.05600000000004,-2338.0350000000003,0.0,0.0,0.0,0.0,128.346389,979.100434,128.34638900000004,483.23021300000005,901.9666110000001,3087.924566,901.966611,2183.619787,-533.422,-57.84200000000001,-533.422,-631.399,0.0,0.0,0.0,0.0,547.324,2739.286,547.3239999999998,1608.2669999999998,-213.07500000000005,8673.803,-213.0749999999996,2695.5009999999997,1457.3670000000002,6260.011,1457.3670000000002,267.9369999999992,0.0,0.0,0.0,0.0,-673.3331810000002,4293.767326,-673.3331809999999,1581.6208299999998,1072.908181,3545.8436739999997,1072.9081809999998,2567.18917,65.297,-215.58899999999997,65.29699999999984,21.58500000000005,0.0,0.0,0.0,0.0,-118.182,605.988,-118.18199999999999,169.07300000000004,-7.698999999999998,795.062,-7.698999999999998,264.905
2025-07-04,-463.741063,3323.457371,-334.50458000000043,-1844.5208539999999,898.865063,12660.592628999999,559.2765800000005,5093.950854000001,-3606.376957,7337.8003690000005,-598.426336,-4369.901339000001,227.027957,4567.933631,1010.7783359999999,2510.2003390000004,-4070.11802,10661.257740000001,-932.9309159999993,-6214.422192999999,1125.89302,17228.52626,1570.054916,7604.151193,-230.31,-103.65600000000038,-523.2330000000001,-2487.277,0.0,0.0,0.0,0.0,-35.132063,943.9683709999999,178.52942000000002,184.31614600000006,142.937063,3230.861629,887.7455799999999,1897.335854,-0.658,-58.500000000000014,-491.96000000000004,-696.956,0.0,0.0,0.0,0.0,-197.641,2541.645,502.15899999999976,1155.3959999999997,755.928,9429.731,-328.4689999999995,3196.615,-2355.947,3904.064,-306.491,-3463.403000000001,0.0,0.0,0.0,0.0,-1129.278957,3164.4883689999997,-139.98033599999974,-876.8203390000001,169.666957,3715.510631,1048.5253359999997,2209.552339,-79.417,-295.006,-106.32600000000016,-123.28499999999995,0.0,0.0,0.0,0.0,-41.734,564.254,-45.628999999999984,93.60700000000003,57.361,852.423,-37.74700000000001,300.64799999999997
2025-07-11,-591.382854,3195.81558,-591.8546830000005,-1994.901674,707.0088539999999,12468.73642,-840.0273169999995,2195.0856740000004,-2120.4630079999997,8823.714318,-1919.866214,-428.573544000001,-14.141992000000016,4326.763682,325.78821399999975,1104.4505440000003,-2711.845862,12019.529898,-2511.7208969999992,-2423.4752179999996,692.866862,16795.500101999998,-514.239103,3299.5362179999997,-349.29,-222.63600000000037,-642.759,-2372.5660000000003,0.0,0.0,0.0,0.0,2.8721460000000008,981.97258,157.54331700000006,332.96732600000007,-71.308146,3016.61642,371.240683,826.850674,-12.269,-70.11100000000002,-344.39300000000003,-777.766,0.0,0.0,0.0,0.0,-232.696,2506.59,237.75399999999976,822.4629999999999,778.317,9452.119999999999,-1211.2679999999998,1368.2349999999997,-1784.6170000000002,4475.394,-1466.0529999999999,-1240.7720000000013,0.0,0.0,0.0,0.0,-205.87600799999996,4087.891318,-208.74221399999965,1103.097456,-78.53399200000001,3467.309682,442.78621399999986,976.0105439999999,-103.61500000000001,-319.20399999999995,-155.62000000000018,-138.14299999999994,0.0,0.0,0.0,0.0,-26.355000000000004,579.633,-89.45099999999998,-152.756,64.392,859.454,-116.99799999999999,128.43999999999997
2025-07-18,-478.86190899999997,3308.336525,-529.6561660000004,-2175.530834,761.702909,12523.430475,82.62616600000055,619.0578340000003,-242.04636800000003,10702.130958000002,485.9000900000001,-686.4877340000007,-129.918632,4210.987042,351.20590999999985,730.5367340000004,-720.908277,14010.467483,-43.756075999999666,-2862.018567999999,631.784277,16734.417516999998,433.83207600000003,1349.5945679999998,-424.653,-297.99900000000036,-594.369,-2470.1839999999997,0.0,0.0,0.0,0.0,193.01809100000003,1172.1185249999999,194.61983400000005,401.544166,-175.469091,2912.4554749999998,331.76116599999995,627.6718340000001,-22.941000000000003,-80.78300000000002,-182.72299999999998,-753.7570000000001,0.0,0.0,0.0,0.0,-224.286,2515.0,52.81599999999976,646.866,937.172,9610.975,-249.13499999999956,-8.614000000000289,-1456.357,4803.6539999999995,-880.8469999999999,-1810.1290000000008,0.0,0.0,0.0,0.0,1298.056632,5591.823958,1459.2370900000003,1318.613266,-206.200632,3339.643042,383.55490999999984,740.312734,-64.84100000000001,-280.42999999999995,1.3009999999998385,-223.83799999999997,0.0,0.0,0.0,0.0,-18.905,587.083,-93.791,28.866,76.282,871.3439999999999,-32.34900000000001,-9.776000000000025
2025-07-25,-395.784041,3391.414393,-395.78404100000046,-2010.582159,843.885041,12605.612607,843.8850410000006,1155.1651590000001,888.711235,11832.888561000002,888.711235,509.68968599999926,126.452765,4467.358439,126.45276499999983,1096.1433140000004,492.9271940000001,15224.302954,492.92719400000055,-1500.8924729999992,970.337806,17072.971046,970.337806,2251.308473,-412.661,-286.0070000000004,-412.66100000000006,-2226.804,0.0,0.0,0.0,0.0,196.925959,1176.0263929999999,196.92595900000006,284.16184100000004,31.838041000000004,3119.762607,31.838040999999947,888.169159,-38.197,-96.03900000000002,-38.196999999999974,-712.249,0.0,0.0,0.0,0.0,-141.85199999999998,2597.4339999999997,-141.85200000000023,644.3089999999999,812.047,9485.85,812.0470000000005,266.99599999999975,-818.8750000000001,5441.1359999999995,-818.8749999999998,-126.17800000000113,0.0,0.0,0.0,0.0,1702.750235,5996.517561,1702.7502350000002,841.5486860000001,52.946765,3598.790439,52.9467649999998,1067.1273139999998,-7.058,-222.64699999999996,-7.058000000000149,-210.75899999999993,0.0,0.0,0.0,0.0,11.893999999999998,617.8820000000001,11.894000000000005,5.077999999999996,73.506,868.568,73.50599999999999,29.015999999999973
2025-08-01,-0.926182,3390.4882110000003,67.03083999999954,-1892.166307,-819.901818,11785.710788999999,-874.8818399999994,781.0593070000002,-1824.524739,10008.363822000001,2670.563453,-609.4538330000007,-690.768261,3776.590178,-791.3434530000002,472.20483300000024,-1825.450921,13398.852033000001,2737.5942930000006,-2501.6201399999995,-1510.670079,15562.300967,-1666.225293,1253.26414,-192.897,-478.90400000000034,-375.248,-2169.518,0.0,0.0,0.0,0.0,137.556818,1313.583211,369.6148400000001,334.613693,-508.025818,2611.736789,-619.1248400000001,398.25930700000004,-59.34,-155.37900000000002,-96.87899999999998,-743.663,0.0,0.0,0.0,0.0,113.754,2711.188,169.54299999999978,686.401,-311.876,9173.974,-255.7569999999995,382.7999999999997,-1463.538,3977.598,73.53400000000033,-1829.9570000000012,0.0,0.0,0.0,0.0,-383.493739,5613.023822,2448.535453,1351.798167,-651.329261,2947.461178,-768.0494530000002,437.7298330000001,45.739,-176.90799999999996,118.09799999999984,-57.65399999999994,0.0,0.0,0.0,0.0,-23.232,594.65,30.396000000000008,-73.641,-39.439,829.129,-23.29400000000002,34.47499999999997
2025-08-08,241.392505,3632.8068980000003,436.9913179999995,-1153.085086,565.9294949999999,13171.542102,702.8056820000005,1655.5880860000002,-532.477815,11300.410746000001,2476.6964279999997,896.5196429999993,-177.97018500000001,4289.388254,-37.37542800000017,1168.1503570000004,-291.08531000000016,14933.217644,2913.6877460000005,-256.56544299999973,387.95930999999996,17460.930356,665.4302540000001,2823.7384429999997,94.35000000000002,-191.65700000000038,30.979000000000042,-1506.695,0.0,0.0,0.0,0.0,-29.17149500000002,1146.854898,164.88231800000003,252.69791400000005,-194.29350500000004,2925.469102,-91.1473180000001,928.094086,-24.57,-120.60900000000001,-50.49799999999997,-665.6600000000001,0.0,0.0,0.0,0.0,200.784,2798.218,291.62799999999976,766.5719999999999,760.223,10246.073,793.9530000000004,727.4939999999997,-636.623,4804.513,329.11900000000026,-414.58300000000145,0.0,0.0,0.0,0.0,45.45518499999997,6041.9727459999995,1954.0814280000002,1512.0646429999997,-241.336185,3357.454254,-109.85542800000019,1101.576357,109.61099999999999,-113.03599999999997,206.16799999999986,-15.55599999999994,0.0,0.0,0.0,0.0,-50.921,566.961,-12.671999999999992,-185.40599999999998,63.36600000000001,931.934,72.47999999999999,66.57399999999998
2025-08-15,-186.06475500000002,3205.349638,-102.98688700000048,-1493.95093,-59.31824500000016,12546.294361999999,22.86388700000043,2967.64893,-931.330803,10901.557758,199.42679999999984,-453.6005820000007,-93.29219700000002,4374.066242,163.07919999999984,1698.6975820000002,-1117.3955580000002,14106.907396,96.43991300000062,-1947.5515119999998,-152.61044200000003,16920.360604,185.943087,4666.346512,-295.688,-581.6950000000004,-283.69599999999997,-1428.967,0.0,0.0,0.0,0.0,-95.82875500000002,1080.1976379999999,-91.92088699999995,114.92207000000003,-69.66824500000004,3050.094362,137.6388869999999,1294.13493,-9.657,-105.69600000000001,-24.912999999999972,-621.398,0.0,0.0,0.0,0.0,215.109,2812.543,297.5429999999997,441.4919999999999,10.349999999999909,9496.2,-114.77499999999964,1673.5139999999997,-1453.0390000000002,3988.0969999999998,-815.5569999999998,-1251.9510000000014,0.0,0.0,0.0,0.0,543.864197,6540.3817579999995,948.5578000000003,1044.954418,-90.563197,3508.227242,168.58419999999978,1528.9025820000002,10.681999999999988,-211.96499999999997,68.46499999999986,-97.69499999999994,0.0,0.0,0.0,0.0,-32.838,585.044,-2.0389999999999944,-148.909,-2.728999999999992,865.8389999999999,-5.50500000000001,169.795
2025-08-22,-262.64418,3128.7702130000002,-262.6441800000005,-1343.423126,-88.37782000000016,12517.234787,-88.37781999999953,764.7501259999997,1160.529876,12993.418437,1160.5298759999996,2753.2249039999992,-183.82487600000002,4283.533563,-183.82487600000013,960.8670960000003,897.8856959999998,16122.18865,897.8856960000005,1409.8017780000002,-272.20269600000006,16800.76835,-272.20269600000006,1725.617222,-343.86199999999997,-629.8690000000004,-343.86199999999997,-1420.6870000000001,0.0,0.0,0.0,0.0,-93.75918000000001,1082.2672129999999,-93.75917999999994,218.630874,-125.49182000000005,2994.270787,-125.4918200000001,837.506126,-32.928,-128.967,-32.927999999999976,-704.477,0.0,0.0,0.0,0.0,207.905,2805.339,207.90499999999977,563.1099999999999,37.113999999999905,9522.964,37.11400000000039,-72.75600000000044,186.4000000000001,5627.536,186.40000000000032,759.6849999999987,0.0,0.0,0.0,0.0,938.094876,6934.612437,938.0948760000003,2127.788904,-183.607876,3415.182563,-183.60787600000023,964.674096,83.80199999999999,-138.84499999999997,83.80199999999985,39.344000000000065,0.0,0.0,0.0,0.0,-47.767,570.115,-47.766999999999996,-173.593,-0.2169999999999921,868.351,-0.21700000000000985,-3.807000000000017
2025-08-29,-57.231334000000004,3334.183059,-56.305152000000476,-641.8229859999999,946.582334,13552.194941,1766.4841520000007,2479.3589859999997,-3094.228044,8738.660517,-1269.7033050000005,-1474.3679900000006,-46.11595600000001,4421.242483,644.6523049999998,1145.5459900000003,-3151.459378,12072.843576,-1326.008456999999,-2116.190976,900.4663779999998,17973.437424,2411.1364569999996,3624.9049760000003,-379.48699999999997,-665.4940000000004,-186.58999999999997,-1123.204,0.0,0.0,0.0,0.0,46.055665999999974,1222.0820589999998,-91.50115199999993,371.328014,-102.89066600000004,3016.871941,405.1351519999999,830.9139859999999,-34.87,-130.90900000000002,24.470000000000027,-606.489,0.0,0.0,0.0,0.0,311.07,2908.504,197.31599999999975,716.5419999999999,1049.473,10535.323,1361.3490000000004,1648.4449999999997,-2109.7509999999997,3331.385,-646.2129999999995,-1471.2590000000012,0.0,0.0,0.0,0.0,-1025.2560440000002,4971.261517,-641.7623049999997,4.161010000000033,-138.162956,3460.627483,513.1663049999997,987.69199,72.877,-149.76999999999998,27.137999999999852,131.11600000000004,0.0,0.0,0.0,0.0,-32.098,585.784,-8.865999999999994,-138.38600000000002,92.047,960.615,131.486,157.85399999999998
2025-09-05,940.570804,4274.753863,641.9469649999994,616.791912,2308.702196,15860.897137,2689.355035000001,3759.581088,1893.095613,10631.75613,-668.6546160000003,2695.5294249999993,296.470387,4717.71287,428.3246159999999,1160.5575750000003,2833.666417,14906.509993,-26.70765099999926,3312.321337,2605.172583,20578.610007,3117.6796510000004,4920.138663,346.42,-319.07400000000035,-127.41699999999997,-738.6509999999998,0.0,0.0,0.0,0.0,302.912804,1524.994863,378.1399650000001,759.555912,76.597196,3093.469137,168.00003499999997,750.353088,24.606,-106.30300000000001,14.306000000000026,-539.763,0.0,0.0,0.0,0.0,266.632,3175.136,376.9179999999998,1135.6499999999999,2232.105,12767.428,2521.3550000000005,3009.2279999999996,1041.248,4372.633,-431.8799999999994,162.07799999999895,0.0,0.0,0.0,0.0,910.707613,5881.9691299999995,-160.00361599999974,2577.500425,94.737387,3555.36487,197.91061599999975,888.379575,-89.742,-239.51199999999997,-126.47600000000016,-50.83199999999994,0.0,0.0,0.0,0.0,30.882,616.666,49.70500000000001,6.783000000000008,201.733,1162.348,230.414,272.178
2025-09-12,1735.660009,5069.843068,1864.4934299999993,1282.1728050000002,3491.652991,17043.847932,4497.553570000001,3735.0841949999995,2537.009759,11275.670276,374.11251799999945,532.0897439999993,444.188241,4865.430724,491.36448199999984,864.4552560000002,4272.669768,16345.513344,2238.605948000001,1814.2625489999998,3935.8412319999998,21909.278656,4988.918052,4599.539451,543.258,-122.23600000000036,459.45900000000006,-542.3589999999999,0.0,0.0,0.0,0.0,263.607009,1485.689068,405.49143000000004,661.2598049999999,84.520991,3101.3929319999997,51.29856999999997,456.01719499999996,35.636,-95.27300000000001,10.423000000000025,-369.55500000000006,0.0,0.0,0.0,0.0,893.1590000000001,3801.663,989.1199999999999,1532.8269999999998,3407.132,13942.455,4446.255000000001,3279.0669999999996,1567.805,4899.1900000000005,911.0930000000006,-1042.2570000000012,0.0,0.0,0.0,0.0,860.480759,5831.742276,-708.6394819999998,1535.108744,115.351241,3575.978724,67.75148199999975,551.455256,-21.034000000000006,-170.80399999999997,41.160999999999845,-7.219999999999942,0.0,0.0,0.0,0.0,129.758,715.542,130.49800000000002,46.45800000000001,328.837,1289.452,423.613,313.0
2025-09-19,1659.263796,4993.446855,1864.6766419999994,1155.454164,4281.794204,17833.989145,5316.754358000001,5393.184835999999,3831.002691,12569.663208,-423.7552290000003,2353.4323399999994,592.883309,5014.125792,730.5922289999999,1154.3446600000002,5490.266487,17563.110063,1440.9214130000007,3508.886504,4874.677513,22848.114937,6047.346587,6547.529495999999,53.35699999999997,-612.1370000000004,17.73199999999997,-908.5070000000001,0.0,0.0,0.0,0.0,152.71979599999997,1374.801855,292.534642,397.303164,175.012204,3191.884145,197.61335799999995,611.189836,-11.739999999999995,-142.649,-13.681999999999974,-244.58900000000006,0.0,0.0,0.0,0.0,1464.9270000000001,4373.4310000000005,1568.0919999999999,1911.2469999999998,4106.782,14642.105,5119.1410000000005,4781.995,1894.42,5225.805,-401.7309999999994,-458.69600000000094,0.0,0.0,0.0,0.0,1693.063691,6664.325208,-270.2872289999998,2531.73834,221.89830899999998,3682.525792,267.3432289999997,726.43766,1.968999999999994,-147.801,-8.95600000000016,133.93000000000006,0.0,0.0,0.0,0.0,241.55,827.3340000000001,257.21900000000005,146.46,370.985,1331.6,463.249,427.90700000000004
2025-09-26,821.36266,4155.545719,821.3626599999996,368.34728500000017,5910.26734,19462.462281,5910.267340000001,7700.7347150000005,3329.974204,12068.634721,3329.9742039999996,1124.4573949999995,544.363796,4965.606279,544.3637959999999,624.7006050000002,4151.336864,16224.18044,4151.336864000001,1492.80468,6454.631136,24428.06856,6454.631136000001,8325.43532,-723.722,-1389.2160000000003,-723.722,-1515.87,0.0,0.0,0.0,0.0,-211.04034000000001,1011.041719,-211.04034,31.941284999999993,-0.2206600000000094,3016.651281,-0.22066000000006625,-71.27328500000007,-40.946,-171.85500000000002,-40.94599999999997,-114.01300000000003,0.0,0.0,0.0,0.0,1797.0710000000001,4705.575,1797.071,1966.2890000000002,5910.487999999999,16445.811,5910.488000000001,7772.008,1776.563,5107.948,1776.5630000000006,-1152.063000000001,0.0,0.0,0.0,0.0,1171.471204,6142.732720999999,1171.4712040000004,1848.9653949999997,-3.0242039999999974,3457.603279,-3.0242040000002532,-88.24039499999998,-6.107000000000006,-155.87699999999998,-6.107000000000159,59.71200000000007,0.0,0.0,0.0,0.0,388.047,973.831,388.047,367.843,547.388,1508.003,547.388,712.941
2025-10-03,1130.085462,5285.631181000001,1010.8773179999996,1962.17381,1070.448538,20532.910819,4672.013682000001,7872.31819,-933.86656,11134.768161,503.01203099999975,3796.967792,263.43756,5229.043839,511.33096899999987,661.1102080000002,196.218902,16420.399342,1513.889349000001,5759.141602,1333.886098,25761.954658,5183.344651,8533.428398,174.493,-1214.7230000000004,-895.6490000000001,-1111.067,0.0,0.0,0.0,0.0,104.752462,1115.794181,-409.200682,171.82581,117.505538,3134.156819,40.68768199999995,-96.70481000000007,29.844,-142.01100000000002,-35.70799999999997,-83.51100000000002,0.0,0.0,0.0,0.0,820.996,5526.571,2351.435,2984.9260000000004,952.943,17398.754,4631.326,7969.022999999999,98.623,5206.571,833.9380000000004,1302.5069999999992,0.0,0.0,0.0,0.0,-1121.37956,5021.353160999999,-860.615969,1856.8647919999999,152.54356,3610.146839,54.78196899999975,-105.36379199999993,55.604,-100.27299999999997,139.23899999999986,194.73300000000006,0.0,0.0,0.0,0.0,33.286,1007.117,390.451,442.863,110.894,1618.897,456.549,766.474
2025-10-10,1735.93184,5891.477559,821.6344909999996,2695.6619790000004,3038.16316,22500.625441,5456.777509000001,10031.889020999999,-95.01833600000009,11973.616385000001,697.9461089999998,3149.9020669999995,-41.49166399999996,4924.114615,58.6838909999999,597.3509330000002,1640.913504,17865.093944,1519.580600000001,5845.564046,2996.671496,27424.740056,5515.4614,10629.239954,-128.06600000000003,-1517.2820000000004,-1395.046,-1294.646,0.0,0.0,0.0,0.0,133.41683999999998,1144.458559,-341.23050900000004,162.485979,-290.26184,2726.389441,-375.00349100000005,-290.2269790000001,-21.683999999999997,-193.53900000000002,-98.26599999999996,-123.42800000000003,0.0,0.0,0.0,0.0,1752.2649999999999,6457.84,2656.1769999999997,3951.25,3328.425,19774.236,5831.781,10322.115999999998,-188.012,4919.936000000001,20.746000000000492,444.54199999999906,0.0,0.0,0.0,0.0,-418.67033600000013,5724.062384999999,-107.679891,1636.171067,-342.894664,3114.708615,-461.2701090000003,-352.60106699999994,64.161,-91.71599999999998,79.08799999999985,227.48800000000008,0.0,0.0,0.0,0.0,447.503,1421.334,705.792,841.701,301.403,1809.406,519.954,949.952
2025-10-17,2959.8777069999996,7115.423426,2121.9765709999992,3807.0869009999997,9445.662293000001,28908.124574,11074.135429000002,16384.694099,975.2746519999998,13043.909373,474.24616499999956,2341.7784149999998,932.6813480000001,5898.287627,884.1618349999999,1687.3005850000002,3935.152359,20159.332799,2596.222736000001,6148.865316,10378.343641,34806.412201,11958.297264,18071.994684,-30.383000000000024,-1419.5990000000004,-807.462,-1121.6,0.0,0.0,0.0,0.0,29.632706999999996,1040.674426,-334.127429,-131.44409900000002,-36.147707,2980.503574,-211.38057100000006,68.04809899999992,52.179,-119.67600000000002,22.973000000000035,-38.89300000000003,0.0,0.0,0.0,0.0,2908.449,7614.023999999999,3240.593,5099.024,9481.810000000001,25927.621,11285.516,16316.646,523.8620000000001,5631.81,406.0050000000005,828.155999999999,0.0,0.0,0.0,0.0,-194.59134800000012,5948.1413729999995,-716.183835,356.317415,-21.78165199999995,3435.8216270000003,-246.70416500000022,96.17858500000008,242.606,86.72900000000001,234.52999999999986,367.1590000000001,0.0,0.0,0.0,0.0,403.39799999999997,1377.229,549.895,790.146,954.463,2462.466,1130.866,1591.1219999999998
2025-10-24,2255.92148,6411.467199,2255.9214799999995,3020.052806,6128.113520000001,25590.575801,6128.113520000001,12984.963194,395.08074899999986,12463.715470000001,395.0807489999996,630.8269089999995,429.68925100000007,5395.29553,429.68925099999984,927.937091,2651.002229,18875.182669,2651.002229000001,3650.879715,6557.802771,30985.871331,6557.802771000001,13912.900285,-507.87600000000003,-1897.0920000000003,-507.87600000000003,-1611.085,0.0,0.0,0.0,0.0,-82.47652000000001,928.5651989999999,-82.47652000000001,-247.46119400000003,-168.37748,2848.273801,-168.37748000000005,-271.48880600000007,4.643000000000001,-167.21200000000002,4.643000000000029,-71.17300000000003,0.0,0.0,0.0,0.0,2841.631,7547.206,2841.6309999999994,4949.772,6296.491,22742.302,6296.491,13256.452,-735.5269999999998,4372.421,-735.5269999999994,-1068.7150000000008,0.0,0.0,0.0,0.0,340.3807489999998,6483.113469999999,340.3807489999999,486.59590899999995,-194.97574899999995,3262.62753,-194.97574900000023,-336.1629089999999,458.099,302.222,458.0989999999998,524.869,0.0,0.0,0.0,0.0,332.128,1305.959,332.128,688.077,624.665,2132.6679999999997,624.6649999999998,1264.1
2025-10-31,2973.705978,7129.251697,1843.6205159999995,3738.763486,3705.500022,23167.962303,2635.0514840000005,11382.251514,479.31133899999986,12547.94606,1413.1778989999998,2539.5822379999995,-0.7513389999999163,4964.85494,-264.1888990000001,1188.2647620000002,3453.0173170000003,19677.197757,3256.798415000001,6278.345724000001,3704.748683,28132.817242999998,2370.862585,12570.516275999998,-559.6220000000001,-1948.8380000000004,-734.115,-1469.934,0.0,0.0,0.0,0.0,201.98397799999998,1213.025697,97.23151599999997,-100.55751400000003,-345.062978,2671.588303,-462.56851600000005,59.85151399999995,-27.496000000000002,-199.35100000000003,-57.339999999999975,-43.97200000000003,0.0,0.0,0.0,0.0,3358.84,8064.415,2537.844,5353.227,4050.5630000000006,20496.374,3097.6200000000003,11322.4,-607.1599999999999,4500.7880000000005,-705.7829999999994,523.1899999999991,0.0,0.0,0.0,0.0,419.8753389999998,6562.60806,1541.254899,949.5842379999999,-421.6603389999999,3035.94294,-574.2038990000002,88.48176200000006,182.02499999999998,26.148000000000025,126.42099999999988,203.0560000000001,0.0,0.0,0.0,0.0,484.571,1458.402,451.28499999999997,863.752,420.909,1928.9119999999998,310.0149999999999,1099.7830000000001
2025-11-07,198.72534,7327.977037,1436.4994779999995,3695.170139,-662.37034,22505.591963,4.966522000000964,9334.049861,-820.912235,11727.033825,-246.5825600000004,426.6230789999994,-4.944765,4959.910175,35.79555999999987,670.5219210000002,-622.186895,19055.010862,1189.9169180000008,4121.793218000001,-667.315105,27465.502138,40.762082000000305,10004.571781999999,-425.449,-2374.2870000000003,-857.005,-2182.63,0.0,0.0,0.0,0.0,-27.57666,1185.4490369999999,40.99047799999997,38.594138999999956,44.28066,2715.868963,-10.52047800000004,-209.600139,73.258,-126.09300000000002,67.44600000000003,-5.484000000000037,0.0,0.0,0.0,0.0,578.493,8642.908,2185.0679999999998,5844.6900000000005,-706.651,19789.723,15.487000000000421,9543.65,-662.277,3838.5110000000004,-1081.4249999999995,-966.0020000000009,0.0,0.0,0.0,0.0,-750.042235,5812.565825,88.50344000000007,-229.406921,52.580235,3088.5231750000003,-26.18544000000024,-268.9310789999999,500.417,526.565,618.2809999999998,639.6010000000001,0.0,0.0,0.0,0.0,90.99,1549.392,128.058,982.431,-57.525,1871.387,61.98099999999989,939.4530000000001
2025-11-14,761.314766,7890.566463,775.1430369999995,4685.2168249999995,1751.1012340000002,24919.063537,-3989.0610369999995,12372.769175000001,-641.96372,11905.98234,-1137.9270330000004,1004.4245819999994,415.45272,5380.30766,-517.979967,1006.2414180000002,119.351046,19796.548803,-362.7839959999991,5689.641407,2166.553954,30299.371197,-4507.041003999999,13379.010592999999,-365.995,-2314.8330000000005,-895.234,-1733.138,0.0,0.0,0.0,0.0,-211.161234,1001.8644629999999,-38.80996300000004,-78.33317500000005,194.14223399999997,2865.730537,-114.77303700000007,-184.36382500000008,71.56099999999999,-127.79000000000002,-8.113999999999972,-22.094000000000037,0.0,0.0,0.0,0.0,1266.91,9331.325,1717.301,6518.781999999999,1556.9590000000003,22053.333,-3874.288,12557.133,-55.59000000000003,4445.198,-1186.6119999999996,457.1009999999992,0.0,0.0,0.0,0.0,-739.21672,5823.391339999999,-124.75003299999995,-716.9904180000001,246.60772000000003,3282.55066,-153.27096700000027,-225.67658199999988,54.708999999999946,80.85699999999997,-5.872000000000185,292.822,0.0,0.0,0.0,0.0,98.134,1556.536,179.307,971.492,168.845,2097.757,-364.70900000000006,1231.918
2025-11-21,988.836741,8118.088438,1706.6212389999996,4989.318225,-92.3677409999998,23075.594562000002,-2514.9812389999997,10558.359775,-1110.101198,11437.844862,-1025.8706080000002,-1555.5735750000006,-51.67380200000002,4913.181138,-482.11439200000007,629.6475750000002,-121.264457,19555.9333,680.7506310000009,3433.7446500000005,-144.04154299999982,27988.7757,-2997.0956309999992,11188.00735,-625.501,-2574.3390000000004,-677.247,-1944.47,0.0,0.0,0.0,0.0,-219.26625900000002,993.7594379999999,65.19423899999997,-88.50777500000005,-78.77074099999999,2592.8175619999997,-255.45623900000007,-401.4532250000001,55.65599999999999,-143.69500000000002,23.517000000000024,-14.728000000000037,0.0,0.0,0.0,0.0,1777.948,9842.363,2295.157,7037.024,-13.596999999999753,20482.777000000002,-2259.525,10959.813,-489.701,4011.0870000000004,-361.3339999999996,-1616.449000000001,0.0,0.0,0.0,0.0,-632.581198,5930.026862,-553.0866079999998,-1004.5855750000001,-90.86380199999996,2945.079138,-317.54839200000026,-470.1034249999999,90.41899999999995,116.56699999999998,-185.65500000000017,255.41200000000003,0.0,0.0,0.0,0.0,-78.23800000000001,1380.164,74.20499999999998,810.049,39.19,1968.1019999999999,-164.56600000000006,1099.751
2025-11-28,989.354518,8118.606215,989.3545179999995,4784.423156,1565.0444820000002,24733.006785,1565.0444820000007,11180.811844,-790.684031,11757.262029000001,-790.6840310000003,3018.6015119999997,235.68503099999998,5200.539971,235.68503099999992,779.2974880000002,198.67048699999998,19875.868244,198.6704870000009,7803.024668,1800.7295130000002,29933.546756,1800.7295130000007,11960.109332,-758.973,-2707.811,-758.973,-2042.317,0.0,0.0,0.0,0.0,-290.608482,922.4172149999999,-290.608482,-299.664844,77.660482,2749.2487849999998,77.66048199999992,-267.62315600000005,114.304,-85.04700000000001,114.30400000000003,45.861999999999966,0.0,0.0,0.0,0.0,1924.632,9989.047,1924.6320000000003,7080.543000000001,1487.3840000000002,21983.758,1487.3839999999998,11448.435,302.29599999999994,4803.084000000001,302.2960000000004,1471.698999999999,0.0,0.0,0.0,0.0,-1276.076031,5286.532029,-1276.0760309999998,315.27051200000005,90.87503100000004,3126.817971,90.87503099999972,-333.80951199999987,190.04099999999994,216.18899999999996,190.04099999999983,365.95900000000006,0.0,0.0,0.0,0.0,-6.945000000000007,1451.4569999999999,-6.945000000000022,865.673,144.81,2073.7219999999998,144.80999999999995,1113.107
2025-12-05,122.424934,8241.031149,913.0541119999996,3966.2772859999995,725.443066,25458.449851,2952.8578880000005,9597.552714000001,-2164.906392,9592.355637,-2134.678188,-1039.400493,281.767392,5482.307363,522.3971879999999,764.5944930000002,-2042.481458,17833.386786,-1221.6240759999991,2926.8767930000004,1007.210458,30940.757214,3475.255076000001,10362.147207,-179.277,-2887.088,-512.8009999999999,-2568.014,0.0,0.0,0.0,0.0,-208.125066,714.2921489999999,-471.156888,-810.702714,176.581066,2925.829851,209.9608879999999,-167.63928600000006,63.797,-21.250000000000014,104.84300000000003,85.05299999999997,0.0,0.0,0.0,0.0,446.03,10435.077,1792.1689999999999,7259.941,548.862,22532.62,2742.897,9765.192,-965.135,3837.9490000000005,-0.5619999999995571,-534.6840000000011,0.0,0.0,0.0,0.0,-1157.219392,4129.312636999999,-1683.2531879999997,-1752.656493,218.496392,3345.314363,256.7911879999997,-210.05050699999984,-141.544,74.64499999999995,-451.9200000000002,314.157,0.0,0.0,0.0,0.0,98.992,1550.449,1.056999999999988,933.783,63.271,2136.993,265.60599999999994,974.6450000000001
2025-12-12,298.269696,8416.875911,526.3094479999995,3347.032843,2195.1233039999997,26928.130089000002,2009.0665520000005,9884.282157000001,-1738.2656439999998,10018.996385,-1886.9859549999999,-1256.6738910000001,608.625644,5809.165615,428.8579549999999,943.7348910000002,-1439.995948,18435.872296,-1360.676506999999,2090.3589520000005,2803.748948,32737.295704,2437.9245070000006,10828.017048,-262.893,-2970.704,-655.8709999999999,-2848.468,0.0,0.0,0.0,0.0,-280.475304,641.9419109999999,-359.922552,-843.747157,380.424304,3129.673089,263.942552,28.280156999999946,59.759,-25.288000000000014,102.50200000000004,69.98499999999996,0.0,0.0,0.0,0.0,781.8789999999999,10770.926,1439.601,6969.263,1814.699,23798.457000000002,1745.1239999999998,9856.002,-1112.647,3690.4370000000004,-754.7609999999995,-1208.753000000001,0.0,0.0,0.0,0.0,-583.331644,4703.200384999999,-1120.1909549999996,-1128.5418909999999,460.354644,3587.172615,304.62195499999973,11.193891000000121,-206.127,10.061999999999955,-70.79500000000013,180.866,0.0,0.0,0.0,0.0,163.84,1615.297,58.76099999999999,899.755,148.27100000000002,2221.993,124.23599999999995,932.541
2025-12-19,327.205212,8445.811427,327.72298899999953,3452.364572,2495.641788,27228.648573000002,4153.054011,9394.659428,-1288.177181,10469.084848,-968.7600139999998,-2100.5783600000004,626.8011809999999,5827.341152,914.1600139999999,813.2153600000001,-960.971969,18914.896275,-641.037024999999,1351.7862120000007,3122.4429689999997,33055.989725,5067.214025,10207.874788000001,-573.549,-3281.3600000000006,-707.021,-2669.223,0.0,0.0,0.0,0.0,-355.954788,566.4624269999999,-427.297011,-808.339428,345.480788,3094.729573,501.9120109999999,-97.15457200000004,42.07899999999999,-42.96800000000002,100.72700000000003,99.68099999999997,0.0,0.0,0.0,0.0,1214.6299999999999,11203.677,1361.3139999999999,6830.245999999999,2150.161,24133.919,3651.142,9491.813999999998,-1025.441,3777.6430000000005,-233.44399999999956,-1448.1620000000012,0.0,0.0,0.0,0.0,-265.740181,5020.791848,-909.2350139999998,-1643.53336,421.67518099999995,3548.493152,603.4140139999996,-134.03263999999987,-68.06800000000001,148.12099999999995,31.55399999999986,295.922,0.0,0.0,0.0,0.0,71.072,1522.529,142.365,695.1949999999999,205.126,2278.848,310.746,947.2479999999999
2025-12-26,1684.434565,9803.04078,1684.4345649999996,5647.495061,5704.594435,30437.60122,5704.594435000001,10975.138939,-134.4048869999997,11622.857142,-134.40488699999992,-445.7775790000003,1100.0888869999999,6300.628858,1100.0888869999999,1335.0225790000002,1550.029678,21425.897922,1550.0296780000012,5201.717482000001,6804.683322,36738.230078,6804.683322000001,12310.161517999999,-465.792,-3173.6030000000005,-465.79200000000003,-1784.387,0.0,0.0,0.0,0.0,-272.206435,650.2107799999999,-272.206435,-360.830939,492.138435,3241.38722,492.13843499999996,224.73593899999997,2.057000000000002,-82.99000000000001,2.0570000000000306,88.86499999999997,0.0,0.0,0.0,0.0,2420.376,12409.423,2420.376,7703.848,5212.456,27196.214,5212.456,10750.403,265.5239999999999,5068.608,265.52400000000034,-39.34000000000128,0.0,0.0,0.0,0.0,-744.579887,4541.952141999999,-744.5798869999998,-1600.7805790000002,597.243887,3724.061858,597.2438869999996,266.4585790000001,20.87299999999999,237.06199999999995,20.872999999999877,392.939,0.0,0.0,0.0,0.0,323.778,1775.235,323.778,801.4039999999999,502.845,2576.567,502.8449999999999,1068.5639999999999
2026-01-02,748.882687,748.882687,2310.8923179999992,5266.292286,-1010.288687,-1010.288687,3968.862682000001,8894.401714,-636.460698,-636.460698,1394.0408069999999,-148.37171700000033,-256.185302,-256.185302,562.1361929999999,815.3997170000001,112.421989,112.421989,3704.933125000001,5117.920569000001,-1266.473989,-1266.473989,4530.998875000001,9709.801431,-210.373,-210.373,-496.888,-2169.2529999999997,0.0,0.0,0.0,0.0,-15.393313,-15.393313,-79.47468199999997,-480.976714,-135.535687,-135.535687,180.021682,-28.305286000000024,-18.844,-18.844,-80.58399999999997,40.17699999999996,0.0,0.0,0.0,0.0,993.493,993.493,2967.839,7876.345,-874.753,-874.753,3788.841,8922.707,27.474,27.474,1258.1330000000005,-110.48900000000127,0.0,0.0,0.0,0.0,-588.550698,-588.550698,-175.9111929999998,-1067.951717,-159.000302,-159.000302,219.74719299999967,-45.08528299999989,-162.993,-162.993,-0.5760000000001071,174.34200000000004,0.0,0.0,0.0,0.0,87.609,87.609,312.395,855.727,-97.185,-97.185,342.38899999999995,860.4849999999999
2026-01-09,1104.995122,1104.995122,2491.1599909999995,5016.558343,-835.969122,-835.969122,2673.5020090000007,7101.006657,-1512.9492679999998,-1512.9492679999998,90.91148899999996,-1863.7085110000003,-473.593732,-473.593732,17.86951099999999,902.9205110000003,-407.954146,-407.954146,2582.071480000001,3152.849832000001,-1309.562854,-1309.562854,2691.3715200000006,8003.927168,-528.377,-528.377,-731.2760000000001,-2184.698,0.0,0.0,0.0,0.0,-217.596878,-217.596878,-209.32800899999995,-711.844657,-347.831122,-347.831122,-236.11699100000004,167.166657,-41.66,-41.66,-99.36199999999997,68.88899999999995,0.0,0.0,0.0,0.0,1892.629,1892.629,3531.1259999999997,7844.212,-488.13800000000003,-488.13800000000003,2909.619,6933.839999999999,-1174.441,-1174.441,203.73000000000047,-1025.7690000000011,0.0,0.0,0.0,0.0,-599.535268,-599.535268,-760.7835109999997,-1781.6455109999997,-407.46873200000005,-407.46873200000005,-270.5794890000003,201.8845110000001,-180.064,-180.064,46.93599999999989,148.71400000000003,0.0,0.0,0.0,0.0,441.091,441.091,601.029,794.992,-66.125,-66.125,288.44899999999996,701.036
2026-01-16,1821.3033460000001,1821.3033460000001,3178.5326989999994,4508.9207,1313.038654,1313.038654,4521.991301,2842.5153,-1681.027744,-1681.027744,-527.25545,-3102.079975,-311.077256,-311.077256,162.21045,91.26397500000024,140.275602,140.275602,2651.2772490000016,1406.8407250000002,1001.9613980000001,1001.9613980000001,4684.2017510000005,2933.7792750000003,-1011.387,-1011.387,-903.63,-2765.391,0.0,0.0,0.0,0.0,-532.445654,-532.445654,-448.697301,-922.9093,-403.275346,-403.275346,-256.6176990000001,-142.39170000000001,-69.257,-69.257,-109.27899999999997,-32.57100000000004,0.0,0.0,0.0,0.0,3434.393,3434.393,4640.139,8229.792,1716.3140000000003,1716.3140000000003,4778.609,2984.9069999999997,-1626.396,-1626.396,-335.4309999999996,-2189.5980000000013,0.0,0.0,0.0,0.0,-518.006744,-518.006744,-996.8464499999999,-1924.1959749999996,-480.784256,-480.784256,-305.2155500000003,-192.54402499999992,-70.422,-70.422,18.51899999999989,79.91100000000003,0.0,0.0,0.0,0.0,533.797,533.797,786.503,931.803,169.707,169.707,467.42599999999993,283.808
2026-01-23,3434.5631670000002,3434.5631670000002,3434.563167,6826.136748,7036.279833,7036.279833,7036.2798330000005,11883.305251999998,-1531.462528,-1531.462528,-1531.462528,-2372.3208560000003,584.5645280000001,584.5645280000001,584.564528,1489.8978560000003,1903.100639,1903.100639,1903.1006390000014,4453.8158920000005,7620.844361,7620.844361,7620.844361,13373.203108,-1026.196,-1026.196,-1026.196,-2302.707,0.0,0.0,0.0,0.0,-523.185833,-523.185833,-523.185833,-801.5402519999999,-101.37516700000003,-101.37516700000003,-101.37516700000009,291.738252,-56.715,-56.715,-56.714999999999975,27.506999999999955,0.0,0.0,0.0,0.0,5040.66,5040.66,5040.66,9902.876999999999,7137.655000000001,7137.655000000001,7137.655000000001,11591.567,-1286.846,-1286.846,-1286.8459999999995,-590.6590000000012,0.0,0.0,0.0,0.0,-980.2205280000001,-980.2205280000001,-980.2205279999998,-2921.3818559999995,-118.40547200000003,-118.40547200000003,-118.40547200000026,343.0288560000001,-14.785999999999994,-14.785999999999994,-14.786000000000108,-79.94599999999997,0.0,0.0,0.0,0.0,750.39,750.39,750.3900000000001,1219.666,702.97,702.97,702.97,1146.8690000000001
2026-01-30,6587.379897000001,6587.379897000001,5838.4972099999995,9261.16898,11391.716102999999,11391.716102999999,12402.00479,18661.35502,-2803.389263,-2803.389263,-2166.928565,-3728.4781810000004,1528.775263,1528.775263,1784.9605649999999,2864.5491810000003,3783.990634,3783.990634,3671.568645000001,5532.690799,12920.491366,12920.491366,14186.965355,21525.904201,-1460.685,-1460.685,-1250.312,-2685.45,0.0,0.0,0.0,0.0,-688.359103,-688.359103,-672.96579,-1251.17402,324.790103,324.790103,460.3257899999999,894.58902,-27.941000000000003,-27.941000000000003,-9.096999999999973,88.41999999999996,0.0,0.0,0.0,0.0,8764.365,8764.365,7770.871999999999,13109.373,11066.926000000001,11066.926000000001,11941.679,17766.766,-2059.739,-2059.739,-2087.2129999999997,-1491.9190000000012,0.0,0.0,0.0,0.0,-2090.5932629999998,-2090.5932629999998,-1502.0425649999997,-4111.249180999999,376.94526299999995,376.94526299999995,535.9455649999998,1065.0641810000002,82.71100000000001,82.71100000000001,245.7039999999999,293.62500000000006,0.0,0.0,0.0,0.0,1264.232,1264.232,1176.623,1581.065,1151.83,1151.83,1249.0149999999999,1799.4850000000001
2026-02-06,-521.726072,6065.653825,4960.658703,8540.717568,-3800.845928,7590.870175,8426.839297,15522.879432000002,407.808957,-2395.580306,-882.6310380000002,-2499.7569890000004,-765.158957,763.616306,1237.210038,2104.3349890000004,-113.917115,3670.073519,4078.027665000002,6040.9605790000005,-4566.004885,8354.486481,9664.049335,17627.214420999997,-355.609,-1816.2939999999999,-1287.917,-2615.6099999999997,0.0,0.0,0.0,0.0,-77.483072,-765.842175,-548.245297,-1301.080432,-258.452928,66.337175,414.1682969999999,591.8554320000001,-53.411,-81.352,-39.69199999999998,-38.24900000000004,0.0,0.0,0.0,0.0,-35.223,8729.142,6836.512999999999,12495.657,-3542.393,7524.533000000001,8012.671,14931.024000000001,-277.739,-2337.478,-1163.0369999999996,-1107.3810000000012,0.0,0.0,0.0,0.0,595.382957,-1495.210306,-895.6750379999996,-2765.8239889999995,-306.150957,70.79430599999995,478.2630379999997,706.332989,-122.741,-40.03,140.0339999999999,-329.5329999999999,0.0,0.0,0.0,0.0,212.906,1477.138,1036.047,1702.981,-459.008,692.8220000000001,758.9469999999999,1398.002
2026-02-13,-643.615757,5943.76414,4122.460794,7856.238457,-2328.351243,9063.36486,7750.326206000001,14581.902543,-502.222102,-3305.6113649999998,-1624.5836210000002,-3588.736563,-421.003898,1107.771365,1418.8486209999999,2028.0925630000002,-1145.837859,2638.152775,2497.8771730000017,4267.501894000001,-2749.355141,10171.136225,9169.174826999999,16609.995106,-693.8199999999999,-2154.505,-1143.118,-3013.275,0.0,0.0,0.0,0.0,-233.109757,-921.46886,-389.023206,-1273.122543,-146.44424299999997,178.34586000000002,581.6212059999999,554.0025430000001,-33.306,-61.247,8.010000000000023,-16.447000000000035,0.0,0.0,0.0,0.0,316.62,9080.985,5646.592000000001,12159.083,-2181.907,8885.019,7168.705000000001,14027.9,-841.575,-2901.3140000000003,-1274.9179999999997,-2277.9040000000014,0.0,0.0,0.0,0.0,155.81389800000005,-1934.7793649999999,-1416.7726209999996,-3216.218563,-164.33089800000002,212.61436499999994,693.3986209999997,654.1255629999999,-89.878,-7.167000000000002,63.25499999999988,149.03800000000012,0.0,0.0,0.0,0.0,273.41700000000003,1537.649,1003.852,1756.348,-256.673,895.157,725.4499999999999,1373.967
2026-02-20,112.704339,6700.084236000001,3265.5210689999994,8385.036578,-1297.8963390000004,10093.819764,3057.5399310000007,17455.826422,-351.766761,-3155.156024,-1623.693496,-2970.1437440000004,-580.091239,948.684024,364.119496,2336.1317440000003,-239.06242199999997,3544.928212,1641.8275730000014,5414.892834,-1877.9875780000002,11042.503788,3421.6594269999996,19791.958165999997,-1001.822,-2462.507,-1436.3110000000001,-3061.771,0.0,0.0,0.0,0.0,-92.016661,-780.375764,-257.189931,-1123.924422,-373.585339,-48.79523599999999,52.57993099999999,599.774422,-49.09,-77.031,-20.315999999999978,-16.326000000000036,0.0,0.0,0.0,0.0,1255.633,10019.998,4979.338,12587.058,-924.3109999999999,10142.615000000002,3004.96,16856.052,-919.196,-2978.935,-1692.0889999999997,-1921.4140000000014,0.0,0.0,0.0,0.0,320.97823900000003,-1769.615024,-789.3944959999997,-3157.6897439999993,-429.580239,-52.63497600000008,65.77049599999964,726.347744,-63.222,19.488999999999997,34.27499999999988,139.9840000000001,0.0,0.0,0.0,0.0,309.673,1573.905,823.515,1968.976,-150.51099999999997,1001.3190000000001,298.34899999999993,1609.784
2026-02-27,923.394579,7510.7744760000005,923.3945789999996,9195.209041,31.010420999999724,11422.726524,31.010421000000633,17127.320959,942.1001299999999,-1861.289133,942.1001299999998,-1995.6940200000004,-320.59013000000004,1208.185133,-320.59013000000004,2308.2740200000003,1865.494709,5649.485343,1865.4947090000014,7199.515021,-289.5797090000003,12630.911657,-289.5797090000003,19435.594979,-1135.3,-2595.985,-1135.3,-3061.777,0.0,0.0,0.0,0.0,-137.224421,-825.583524,-137.224421,-1097.789959,-277.23857899999996,47.551524000000015,-277.238579,539.689959,-31.101,-59.042,-31.100999999999974,-56.98500000000005,0.0,0.0,0.0,0.0,2227.02,10991.385,2227.0199999999995,13411.761,308.249,11375.175000000001,308.249,16587.631,241.139,-1818.6000000000001,241.13900000000035,-1553.0760000000014,0.0,0.0,0.0,0.0,208.33713000000006,-1882.2561329999999,208.3371300000003,-2626.8360199999997,-321.52013000000005,55.42513299999992,-321.52013000000034,652.66902,187.051,269.762,187.05099999999987,290.6350000000001,0.0,0.0,0.0,0.0,305.57300000000004,1569.805,305.57300000000004,1893.583,0.9300000000000352,1152.76,0.9299999999999216,1655.605
2026-03-06,101.250179,7612.024655,1546.3708299999998,9174.034286,-2095.720179,9327.006345,1736.1361700000007,14306.157714,131.923865,-1729.365268,666.2150379999998,301.1362369999995,-798.300865,409.8842679999999,-353.7320380000001,1228.2057630000002,233.174044,5882.659387000001,2212.5858680000015,9475.170523,-2894.021044,9736.890613,1382.4041319999997,15534.363476999999,139.194,-2456.791,-640.4970000000001,-2743.306,0.0,0.0,0.0,0.0,31.859179,-793.724345,-27.88216999999999,-857.805714,-543.594179,-496.042655,-562.3798300000001,-180.48528599999997,-23.504,-82.546,-1.1939999999999742,-144.28600000000003,0.0,0.0,0.0,0.0,-46.299,10945.086,2215.9439999999995,12919.432,-1552.126,9823.049,2298.5159999999996,14486.643,230.252,-1588.3480000000002,749.1300000000003,-357.6890000000013,0.0,0.0,0.0,0.0,39.009865,-1843.2462679999999,-348.03596199999976,-1430.6067629999995,-631.259865,-575.834732,-646.6290380000003,-197.08723699999996,-122.353,147.409,187.43899999999985,309.8260000000001,0.0,0.0,0.0,0.0,-14.985,1554.82,77.682,1779.606,-167.041,985.719,292.8969999999999,1425.2930000000001
2026-03-13,-592.380892,6918.393584,974.6294439999996,8304.558453,-3115.425108,8307.301416,-756.0634439999988,11816.772547,-389.481845,-2250.770978,1054.8403869999997,-646.9102210000005,-1164.667155,43.517977999999914,-1064.253387,534.9812210000002,-981.862737,4667.622606000001,2029.4698310000015,7657.648232000001,-4280.0922630000005,8350.819394,-1820.3168310000003,12351.753767999999,-24.89500000000001,-2620.88,-466.375,-2823.779,0.0,0.0,0.0,0.0,-28.710891999999998,-854.294416,67.17444400000002,-846.025547,-794.8081080000001,-747.256584,-925.6024440000001,-635.542453,-31.065,-90.107,-28.859999999999975,-147.80900000000003,0.0,0.0,0.0,0.0,-507.71,10483.675,1402.6899999999996,12122.172,-2320.617,9054.558,169.53899999999976,12452.314999999999,531.009,-1287.5910000000001,1613.7230000000004,90.57999999999873,0.0,0.0,0.0,0.0,-622.424845,-2504.680978,-569.9016129999998,-2665.9292209999994,-919.711155,-864.286022,-1076.9003870000001,-727.3967789999999,-345.358,-75.596,-68.42900000000014,151.4040000000001,0.0,0.0,0.0,0.0,47.292,1617.097,79.44800000000001,1777.035,-244.95600000000002,907.8040000000001,12.64699999999992,1262.378
2026-03-20,-277.084942,7233.689534,533.6052979999995,8590.918887,-5935.605058,5487.121466,-4606.698297999999,8696.074112999999,135.43896199999995,-1725.850171,1429.3058529999998,-572.0778770000006,-1393.101962,-184.9168290000001,-1133.6008530000001,288.3708770000002,-141.64598,5507.839363,1962.9111510000016,8018.84101,-7328.70702,5302.204637,-5740.299151,8984.44499,-27.126000000000012,-2623.111,-160.604,-2515.354,0.0,0.0,0.0,0.0,3.484058000000001,-822.099466,-41.72370199999998,-738.3511129999999,-740.733058,-693.181534,-644.386298,-546.523887,-34.785000000000004,-93.827,-16.795999999999975,-133.84900000000005,0.0,0.0,0.0,0.0,-218.65799999999996,10772.726999999999,752.7289999999996,11978.473,-5194.872,6180.303000000001,-3962.3120000000004,9242.598,388.261,-1430.3390000000002,1548.5960000000005,-139.37400000000127,0.0,0.0,0.0,0.0,290.43796199999997,-1591.818171,177.79685300000017,-2070.6578769999996,-858.047962,-802.622829,-749.9878530000002,-627.0541229999999,-473.944,-204.18200000000002,-223.67100000000013,-115.2409999999999,0.0,0.0,0.0,0.0,-69.316,1500.489,-73.416,1753.1950000000002,-535.0540000000001,617.7060000000001,-383.6130000000001,915.425
2026-03-27,1555.521617,9066.296093,1555.5216169999994,9066.296093,-13069.982617,-1647.256093,-13069.982616999998,-1647.256093,519.022027,-1342.267106,519.0220269999998,-1342.2671060000007,-2076.092027,-867.9068940000001,-2076.092027,-867.9068939999997,2074.5436440000003,7724.028987000001,2074.5436440000017,7724.028987000001,-15146.074644,-2515.1629870000006,-15146.074644,-2515.1629870000015,28.28499999999999,-2567.7,28.28499999999999,-2567.7000000000003,0.0,0.0,0.0,0.0,-154.465383,-980.048907,-154.46538299999997,-980.048907,-649.096617,-601.5450930000001,-649.096617,-601.5450930000001,35.255,-23.786999999999992,35.25500000000003,-23.787000000000035,0.0,0.0,0.0,0.0,1646.4470000000001,12637.832,1646.4469999999997,12637.832,-12420.886,-1045.7109999999993,-12420.886,-1045.7110000000002,1372.236,-446.36400000000003,1372.2360000000006,-446.3640000000013,0.0,0.0,0.0,0.0,-784.278973,-2666.535106,-784.2789729999997,-2666.5351059999994,-756.4760269999999,-701.050894,-756.4760270000002,-701.0508939999999,-524.431,-254.669,-524.4310000000002,-254.6689999999999,0.0,0.0,0.0,0.0,455.496,2025.301,455.496,2025.301,-1319.616,-166.856,-1319.616,-166.85599999999988
2026-04-03,236.970903,9303.266996,1691.2423409999994,8554.384309000001,2764.474097,1117.2180039999998,-8209.788340999998,2127.5066909999996,2548.357258,1206.090152,2935.45542,1842.5508499999992,306.729742,-561.1771520000001,-971.06142,-304.9918499999998,2785.328161,10509.357148000001,4626.697761000001,10396.935159,3071.203839,556.0408519999992,-9180.849761,1822.5148409999983,-182.812,-2750.512,-293.721,-2540.139,0.0,0.0,0.0,0.0,-29.074097,-1009.123004,-215.398659,-993.7296909999999,0.578097,-600.966996,-104.92434100000001,-465.43130900000006,21.765,-2.0219999999999914,80.52400000000003,16.821999999999967,0.0,0.0,0.0,0.0,427.092,13064.923999999999,2119.8379999999997,12071.431,2763.896,1718.1850000000009,-8104.864,2592.938,2874.71,2428.346,4016.6940000000004,2400.871999999999,0.0,0.0,0.0,0.0,-181.012742,-2847.5478479999997,-1004.3015799999997,-2258.9971499999992,11.791742,-689.259152,-113.4244200000002,-530.2588499999998,-3.564,-258.233,-405.6420000000001,-95.23999999999991,0.0,0.0,0.0,0.0,-141.776,1883.5249999999999,328.705,1795.916,294.938,128.082,-857.6370000000002,225.2670000000001
2026-04-10,261.975704,9328.271797000001,2409.8782129999995,8223.276675000001,4862.497296,3215.241203,-5092.060212999999,4051.210325,1536.537525,194.27041899999995,2445.041397,1707.219686999999,980.094475,112.18758099999991,68.66960299999994,585.7813130000002,1798.513229,9522.542216,4854.919610000002,9930.496362,5842.591770999999,3327.4287839999993,-5023.39061,4636.991637999999,-221.52800000000002,-2789.228,-168.348,-2260.851,0.0,0.0,0.0,0.0,-208.225296,-1188.274203,-333.979787,-970.677325,442.338296,-159.20679700000005,588.0497869999999,188.62432499999994,54.678,30.891000000000005,120.99800000000003,72.55099999999996,0.0,0.0,0.0,0.0,637.0509999999999,13274.883,2791.2079999999996,11382.254,4420.159,3374.448000000001,-5680.110000000001,3862.5860000000002,1828.3020000000001,1381.938,2669.5290000000005,2556.378999999999,0.0,0.0,0.0,0.0,-190.099475,-2856.634581,-351.9536029999997,-2257.0993129999993,507.967475,-193.08341900000005,671.2026029999997,214.3853130000001,-4.938000000000001,-259.607,-184.01100000000014,-79.5429999999999,0.0,0.0,0.0,0.0,-96.727,1928.5739999999998,311.477,1487.483,472.12699999999995,305.27099999999996,-602.5330000000001,371.3960000000001
2026-04-17,278.141754,9344.437847000001,2110.748313,7523.1345010000005,5901.364246,4254.108153,-1233.0133129999977,2941.0694990000006,2943.207351,1600.940245,3326.790416,3281.967988999999,1305.910649,438.0037549999999,622.920584,749.0810110000002,3221.3491050000002,10945.378092,5437.538729000002,10805.102490000001,7207.274895,4692.111907999999,-610.0927290000006,3690.1505099999977,-134.37400000000002,-2702.074,-78.96300000000002,-1690.687,0.0,0.0,0.0,0.0,-346.770246,-1326.819153,-504.719687,-794.3734989999999,656.911246,55.36615299999994,748.547687,458.64149899999995,68.178,44.391000000000005,138.21800000000002,113.64799999999997,0.0,0.0,0.0,0.0,691.108,13328.94,2556.2129999999997,9894.547,5244.453,4198.742000000001,-1981.5610000000001,2482.428,2214.578,1768.2140000000002,3198.5530000000003,3394.6099999999988,0.0,0.0,0.0,0.0,678.641351,-1987.8937549999998,-396.0755839999997,-1469.8870109999996,756.526649,55.475754999999964,858.0985839999998,536.2600110000001,108.304,-146.365,57.816999999999894,-75.94299999999988,0.0,0.0,0.0,0.0,-58.31600000000001,1966.985,466.4959999999999,1433.1879999999999,549.384,382.528,-235.17800000000014,212.8210000000001
2026-04-24,-739.578738,8326.717355,-739.5787380000005,4892.154188,3599.388738,1952.1326450000001,3599.388738000002,-5084.147187999999,3404.386468,2062.119362,3404.386468,3593.581889999999,820.7835319999999,-47.1233620000001,820.7835319999999,-631.6878899999997,2664.80773,10388.836717,2664.807730000002,8485.736078,4420.17227,1905.0092829999994,4420.172269999999,-5715.835078000002,-474.42100000000005,-3042.121,-474.42100000000005,-2015.925,0.0,0.0,0.0,0.0,-390.229738,-1370.278645,-390.229738,-847.092812,409.806738,-191.73835500000007,409.80673799999994,-90.36318800000006,44.108,20.321000000000005,44.108000000000025,77.03599999999997,0.0,0.0,0.0,0.0,80.96399999999994,12718.796,80.96399999999949,7678.136,3189.582,2143.8710000000005,3189.5819999999994,-4993.784000000001,1999.46,1553.096,1999.4600000000005,2839.9419999999986,0.0,0.0,0.0,0.0,1438.3574680000002,-1228.1776379999997,1438.3574680000002,-247.9571099999995,464.06653199999994,-236.98436200000006,464.0665319999997,-118.57888999999989,140.482,-114.18700000000001,140.48199999999989,-99.4009999999999,0.0,0.0,0.0,0.0,-173.913,1851.388,-173.91300000000007,1100.998,356.717,189.861,356.71699999999987,-513.1089999999999
2026-05-01,-388.525297,7938.1920580000005,-1365.0749380000007,1350.812161,-1803.470703,148.66194200000018,-968.5560619999978,-11243.054161,-1996.14554,65.97382199999993,-1140.1163299999998,2869.3630849999986,-175.07946,-222.2028220000001,338.97433,-1750.978085,-2384.670837,8004.1658800000005,-2505.191267999998,4220.175246000001,-1978.550163,-73.5408800000007,-629.5817320000003,-12994.032246000002,-204.856,-3246.977,-496.46500000000003,-1786.2920000000001,0.0,0.0,0.0,0.0,-10.926297,-1381.204942,-372.081938,-692.845839,24.417297,-167.32105800000008,433.645938,-492.1111610000001,-20.163,0.1580000000000048,2.1800000000000246,28.098999999999965,0.0,0.0,0.0,0.0,-152.58,12566.216,-498.70800000000054,3801.851,-1827.888,315.98300000000063,-1402.2019999999998,-10750.943,-486.777,1066.3190000000002,-1362.0269999999994,3126.057999999999,0.0,0.0,0.0,0.0,-1545.78754,-2773.965178,73.58267000000023,-683.3719149999996,17.64954,-219.33482200000006,469.9243299999997,-596.2800849999999,46.741,-67.44600000000001,190.78699999999986,-150.15699999999993,0.0,0.0,0.0,0.0,-10.322,1841.066,-42.45900000000006,576.834,-192.729,-2.8680000000000234,-130.9500000000001,-1154.6979999999999
2026-05-08,-394.472192,7932.2451630000005,-1396.0266340000005,1866.5913380000002,503.9941920000001,2456.1268370000003,-759.114365999998,-5134.743337999998,-2045.953653,16.16570899999993,-178.10470999999978,2411.746014999999,191.17365299999997,144.05029099999987,31.862709999999993,-619.5660149999998,-2440.425845,7948.410872,-1574.1313439999983,4278.337353000001,695.1678449999997,2600.1771279999994,-727.2516560000004,-5754.309353000001,-323.111,-3365.232,-576.004,-1548.938,0.0,0.0,0.0,0.0,-136.328192,-1506.606837,-318.332634,-740.7646619999999,146.450192,-45.28816300000007,113.91863399999998,-111.62533800000007,-56.732,-36.411,-67.30199999999998,44.94099999999996,0.0,0.0,0.0,0.0,121.69899999999998,12840.494999999999,-434.3880000000006,4111.353,357.54399999999987,2501.4150000000004,-873.0329999999999,-5023.118,-245.16199999999998,1307.9340000000002,-74.00399999999951,3645.411999999999,0.0,0.0,0.0,0.0,-1706.552653,-2934.730291,-78.09570999999967,-1439.5199849999995,166.775653,-70.20870900000006,122.8747099999998,-141.00301499999986,-9.613,-123.80000000000001,135.8069999999999,-83.76999999999991,0.0,0.0,0.0,0.0,-84.626,1766.762,-161.81200000000007,289.6239999999999,24.397999999999996,214.259,-91.01200000000011,-478.5629999999999
2026-05-15,-719.298579,7607.418776,-1737.0190710000006,1663.6546360000002,-2310.376421,-358.2437759999998,-4612.351928999999,-9421.608635999999,-1245.3070670000002,816.8122949999998,-784.1279499999999,4122.423659999999,-448.06693300000006,-495.1902950000001,-933.1940500000001,-1602.96166,-1964.605646,8424.231071,-2521.1470209999984,5786.078296,-2758.443354,-853.4340710000006,-5545.545979,-11024.570296000002,-377.427,-3419.5480000000002,-717.474,-1265.043,0.0,0.0,0.0,0.0,-81.559579,-1451.838224,-125.019071,-530.3693639999999,-169.444421,-361.18277600000005,-416.548929,-539.528636,-88.251,-67.93,-112.32099999999997,-6.683000000000039,0.0,0.0,0.0,0.0,-172.061,12546.735,-782.2050000000006,3465.75,-2140.9320000000002,2.9390000000003056,-4195.803,-8882.080000000002,-264.29699999999997,1288.7990000000002,-479.4149999999995,4190.112999999999,0.0,0.0,0.0,0.0,-1014.0450670000001,-2242.222705,-254.32894999999974,-307.4433399999997,-193.829933,-430.8142950000001,-486.29005000000024,-643.4286599999998,20.243000000000002,-93.94400000000002,52.420999999999886,-86.7769999999999,0.0,0.0,0.0,0.0,12.792000000000002,1864.1799999999998,-102.80500000000006,326.53099999999995,-254.237,-64.376,-446.9040000000001,-959.5329999999999
2026-05-22,-364.994555,7961.7228000000005,-364.99455500000045,1261.638564,-3710.077445,-1757.9447999999998,-3710.077444999998,-11851.764564,-1279.2227540000001,782.8966079999998,-1279.222754,3938.052631999999,-649.8242460000001,-696.9476080000002,-649.8242459999999,-1645.6316319999996,-1644.2173090000001,8744.619408,-1644.2173089999983,5199.691196000001,-4359.901691,-2454.8924080000006,-4359.901691000001,-13497.396196000002,-334.548,-3376.669,-334.548,-914.162,0.0,0.0,0.0,0.0,22.207445000000007,-1348.0712,22.207445000000007,-567.695436,-241.481445,-433.2198000000001,-241.48144499999998,-384.42456400000003,-111.42,-91.099,-111.41999999999999,-14.068000000000039,0.0,0.0,0.0,0.0,58.76599999999999,12777.562,58.76599999999945,2757.5640000000003,-3468.5960000000005,-1324.7249999999997,-3468.5959999999995,-11467.34,431.62500000000006,1984.721,431.6250000000005,4963.655999999999,0.0,0.0,0.0,0.0,-1648.707754,-2876.885392,-1648.7077539999998,-1107.2703679999997,-284.409246,-521.3936080000001,-284.4092460000002,-468.75863199999986,-92.65100000000001,-206.83800000000002,-92.65100000000012,-226.3269999999999,0.0,0.0,0.0,0.0,30.511000000000003,1881.899,30.510999999999946,307.9939999999999,-365.41499999999996,-175.554,-365.4150000000001,-1176.873
2026-05-29,-282.151869,8044.565486,106.37342799999958,533.79101,-2721.813131,-769.6804859999997,-918.3424279999981,-12192.407009999999,125.98295999999982,2188.1023219999997,2122.1285,4049.391454999999,-446.34296000000006,-493.4663220000001,-271.2634999999999,-1701.6514549999997,-156.1689090000002,10232.667808,2228.5019280000015,4583.182465,-3168.156091,-1263.1468080000006,-1189.605928000001,-13894.058465000002,-403.015,-3445.136,-198.159,-849.151,0.0,0.0,0.0,0.0,-25.99986899999999,-1396.278514,-15.073571999999992,-570.69499,-151.935131,-343.673486,-176.35242799999997,-391.2250100000001,-104.301,-83.98,-84.13799999999998,-24.938000000000038,0.0,0.0,0.0,0.0,251.164,12969.96,403.74399999999946,1978.575,-2569.878,-426.0069999999997,-741.9899999999999,-11801.182,762.138,2315.234,1248.9150000000004,4133.833999999999,0.0,0.0,0.0,0.0,-721.6140400000002,-1949.791678,824.1735000000002,-67.53554499999984,-179.84396,-416.82832200000007,-197.4935000000002,-472.2534549999998,5.922999999999988,-108.26400000000002,-40.81800000000011,-378.0259999999999,0.0,0.0,0.0,0.0,79.536,1930.924,89.85799999999995,361.1189999999999,-266.499,-76.638,-73.7700000000001,-1229.398
2026-06-05,-476.34019,7568.2252960000005,-364.01986700000043,-43.799358999999924,-2155.99781,-2925.6782959999996,-5381.805132999998,-12252.684641,-1183.009338,1005.0929839999997,988.927275,2734.4582519999985,-349.261662,-842.7279840000001,-986.7782749999999,-1252.6122519999997,-1659.349528,8573.31828,624.9074080000019,2690.658893,-2505.259472,-3768.406280000001,-6368.583408,-13505.296893000002,-384.015,-3829.151,-463.919,-1372.3600000000001,0.0,0.0,0.0,0.0,163.26881,-1233.009704,273.597133,-439.28535899999997,-145.82681,-489.50029600000005,-444.212133,6.542358999999976,-11.925,-95.905,-59.49399999999997,-13.35900000000004,0.0,0.0,0.0,0.0,-243.669,12726.291,-114.20400000000055,1781.205,-2010.171,-2436.178,-4937.593,-12259.227,-45.438,2269.7960000000003,961.8620000000004,3858.1439999999993,0.0,0.0,0.0,0.0,-954.780338,-2904.572016,30.15827500000023,-1061.3257479999997,-147.007662,-563.835984,-493.62727500000017,11.998748000000177,-67.7,-175.96400000000003,-52.16400000000013,-323.37299999999993,0.0,0.0,0.0,0.0,-115.091,1815.8329999999999,49.07099999999994,261.013,-202.254,-278.892,-493.15100000000007,-1264.611
2026-06-12,-1036.807531,7007.757955,-599.6608210000004,89.36437100000012,-6226.8484690000005,-6996.528955,-6638.285178999999,-15303.830371,-417.58341800000005,1770.5189039999996,953.7066090000001,4021.2898819999987,-799.985582,-1293.451904,-798.2616089999999,-1336.9698819999999,-1454.390949,8778.276859,354.0457880000017,4110.654253,-7026.834051,-8289.980859000001,-7436.546788000001,-16640.800253,-560.713,-4005.849,-586.3009999999999,-1384.969,0.0,0.0,0.0,0.0,-237.43153099999998,-1633.710045,-181.871821,-779.4156289999999,-149.916469,-493.58995500000003,-132.40717899999999,253.66662899999997,-16.718,-100.69800000000001,-32.76799999999997,-10.59100000000004,0.0,0.0,0.0,0.0,-221.94500000000002,12748.015,201.27999999999943,2264.34,-6076.932,-6502.938999999999,-6505.877999999999,-15557.497,-299.753,2015.4810000000002,726.6820000000005,3303.071999999999,0.0,0.0,0.0,0.0,104.88558199999989,-1844.9060960000002,397.3166090000002,659.7748820000002,-174.346582,-591.1749040000001,-160.36060900000018,273.11111800000015,-154.376,-262.64000000000004,-168.69600000000014,-187.04399999999993,0.0,0.0,0.0,0.0,-68.34,1862.5839999999998,-1.5960000000000676,245.48699999999994,-625.639,-702.277,-637.9010000000001,-1610.0809999999997
2026-06-19,-1169.497327,6875.068159,-1086.6546410000005,-358.6213749999999,-7158.5456730000005,-7928.226159,-6170.281358999999,-13415.347624999999,1171.5294279999998,3359.6317499999996,2576.735142,5085.481920999999,-1166.244428,-1659.7107500000002,-962.7631419999998,-1474.7939209999997,2.032101000000239,10234.699909,1490.0805010000017,4726.860546,-8324.790101,-9587.936909000002,-7133.044501,-14890.141546000003,-877.438,-4322.5740000000005,-945.905,-1699.4630000000002,0.0,0.0,0.0,0.0,-249.545327,-1645.823841,-297.752641,-823.724375,-400.527673,-744.2011590000001,-310.981359,-51.01962500000002,-59.539,-143.519,-52.41999999999997,-49.692000000000036,0.0,0.0,0.0,0.0,17.024999999999977,12986.985,209.42299999999943,2214.258,-6758.018,-7184.025,-5859.299999999999,-13364.328000000001,436.34499999999997,2751.579,766.8580000000004,4181.917999999999,0.0,0.0,0.0,0.0,740.6024279999999,-1209.1892500000001,1667.6961420000002,382.6289210000002,-486.584428,-903.4127500000001,-382.01914200000016,-100.78992099999985,-285.01300000000003,-393.27700000000004,-186.43900000000014,-189.0949999999999,0.0,0.0,0.0,0.0,279.595,2210.519,328.61999999999995,710.03,-679.66,-756.298,-580.744,-1374.004
2026-06-26,-1959.622626,6084.94286,-1959.6226260000003,-2981.353233,-9350.457374,-10120.137859999999,-9350.457373999998,-8472.881766999999,851.9413759999998,3040.0436979999995,851.941376,4382.310803999999,-1563.366376,-2056.832698,-1563.366376,-1188.9258039999997,-1107.6812499999999,9124.986558,-1107.681249999998,1400.9575709999997,-10913.82375,-12176.970558,-10913.82375,-9661.807571000001,-972.9399999999999,-4418.076,-972.9399999999999,-1850.376,0.0,0.0,0.0,0.0,-350.92062599999997,-1747.19914,-350.92062599999997,-767.1502329999998,-523.112374,-866.7858600000001,-523.1123739999999,-265.240767,-45.319,-129.299,-45.318999999999974,-105.51200000000004,0.0,0.0,0.0,0.0,-590.443,12379.517,-590.4430000000006,-258.31500000000005,-8827.345000000001,-9253.351999999999,-8827.345,-8207.641000000001,208.93599999999998,2524.17,208.93600000000043,2970.5339999999987,0.0,0.0,0.0,0.0,642.3063759999999,-1307.485302,642.3063760000002,1359.0498040000002,-638.282376,-1055.110698,-638.2823760000001,-354.0598039999999,-247.30200000000002,-355.56600000000003,-247.30200000000013,-100.89699999999992,0.0,0.0,0.0,0.0,248.00099999999998,2178.9249999999997,248.00099999999998,153.6239999999999,-925.0840000000001,-1001.722,-925.0840000000001,-834.866
2026-07-03,557.184429,6642.127289,-926.0980070000005,-2661.139707,2196.530571,-7923.607289,-4997.928992999999,-9040.825293,-3807.868417,-767.8247190000006,-1772.917703,-1973.9148710000013,336.811417,-1720.021281,-877.2932969999999,-1158.8441289999996,-3250.683988,5874.30257,-2699.0157099999983,-4635.054578,2533.341988,-9643.62857,-5875.222289999999,-10199.669422,-9.283,-4427.359,-598.208,-1676.847,0.0,0.0,0.0,0.0,-100.858571,-1848.057711,-615.048007,-838.9347069999999,81.878571,-784.907289,-295.40699299999994,-183.94029300000003,35.597,-93.702,2.2030000000000243,-91.68000000000004,0.0,0.0,0.0,0.0,631.729,13011.246,284.9549999999995,-53.678,2114.652,-7138.7,-4702.521999999999,-8856.885000000002,-2265.346,258.82400000000007,-2010.9719999999995,-2169.5220000000013,0.0,0.0,0.0,0.0,-1601.966417,-2909.451719,-4.879702999999836,-61.90387099999998,108.145417,-946.9652810000001,-383.1292970000001,-257.70612899999986,196.669,-158.89700000000005,17.066999999999865,99.3360000000001,0.0,0.0,0.0,0.0,-137.225,2041.7,225.867,158.17499999999993,228.666,-773.056,-494.1640000000001,-901.138
2026-07-10,-94.96903899999995,5989.9738210000005,-1017.7841340000004,-3338.297976,833.1260389999998,-9287.011821,-2290.4828659999985,-12502.253024,-2462.764991,577.2787069999993,-1193.2401970000003,383.00828799999863,148.765991,-1908.0667070000002,-614.6148029999998,-2020.2542879999996,-2557.73403,6567.252528,-2211.0243309999983,-2955.2896880000003,981.8920300000002,-11195.078528,-2905.0976689999998,-14522.507312,-129.054,-4547.13,-541.2810000000001,-1757.9019999999998,0.0,0.0,0.0,0.0,-257.505039,-2004.7041789999998,-370.99413400000003,-816.4299759999999,35.18103899999999,-831.604821,-338.014866,-672.3980240000001,38.491,-90.80799999999999,9.890000000000029,-121.69900000000004,0.0,0.0,0.0,0.0,253.09900000000005,12632.616,-115.39900000000051,-642.267,797.9449999999999,-8455.407,-1952.4679999999992,-11829.855000000001,-2046.801,477.369,-1538.1119999999994,-904.5690000000014,0.0,0.0,0.0,0.0,-710.128991,-2017.614293,-172.7081969999997,839.0202880000002,54.61399099999999,-1000.4967070000001,-409.32180300000016,-807.4132879999999,452.34000000000003,96.77399999999994,359.4139999999999,356.3810000000001,0.0,0.0,0.0,0.0,-158.17499999999998,2020.75,158.16599999999997,92.17599999999992,94.15199999999999,-907.5699999999999,-205.29300000000012,-1212.841
2026-07-17,-429.22917599999994,5655.713684,-1219.3544750000005,-3688.724163,-986.5088240000002,-11106.646684,-3178.4205249999986,-15360.754837,3130.879771,6170.923468999999,2811.291719,4569.983223999999,-17.787770999999992,-2074.620469,-414.9097189999999,-2512.6242239999997,2701.6505949999996,11826.637153,1591.9372440000016,881.2590609999988,-1004.2965949999998,-13181.267153,-3593.3302439999998,-17873.379061,-171.947,-4590.023,-267.449,-1887.9489999999998,0.0,0.0,0.0,0.0,-315.633176,-2062.832316,-417.00847500000003,-736.013163,68.02517599999999,-798.7606840000001,-54.55952499999997,-854.126837,59.302,-69.997,73.52200000000002,-114.38800000000003,0.0,0.0,0.0,0.0,-0.950999999999965,12378.566,-608.4190000000006,-950.374,-1054.534,-10307.886,-3123.860999999999,-14506.628,884.0360000000001,3408.206,656.6270000000009,1639.9919999999986,0.0,0.0,0.0,0.0,1164.670771,-142.814531,1066.3747190000004,1845.0792240000003,88.556229,-966.554469,-63.14171900000017,-1022.030224,568.889,213.32299999999995,606.5999999999999,359.6880000000001,0.0,0.0,0.0,0.0,513.284,2692.209,481.68999999999994,725.2239999999998,-106.34400000000002,-1108.066,-351.76800000000014,-1490.5939999999998
2026-07-24,-41.88355599999994,6043.059304,-41.8835560000004,-2283.658051,-295.3834440000003,-10415.521304,-295.38344399999846,-12367.653949,5104.053905,8144.097602999999,5104.053905,6081.978240999999,-92.78590499999999,-2149.618603,-92.78590499999987,-2102.4952409999996,5062.170349,14187.156907,5062.170349000002,3798.320189999999,-388.1693489999998,-12565.139907,-388.16934899999956,-14470.149190000002,-21.51599999999999,-4439.592,-21.515999999999963,-1397.471,0.0,0.0,0.0,0.0,-296.90455599999996,-2044.103696,-296.90455600000007,-673.8250509999998,-67.38944400000003,-934.1753040000001,-67.389444,-742.4369489999999,13.500999999999998,-115.798,13.501000000000026,-136.11900000000006,0.0,0.0,0.0,0.0,263.03600000000006,12642.553,263.0359999999995,-76.243,-227.99400000000014,-9481.346,-227.993999999999,-11625.217000000002,2666.584,5190.754,2666.5840000000007,3637.6579999999985,0.0,0.0,0.0,0.0,1539.9609050000001,232.47560300000004,1539.9609050000004,1460.6532410000002,-83.11790500000001,-1138.228603,-83.11790500000018,-901.2442409999999,476.097,120.53099999999995,476.09699999999987,234.71800000000007,0.0,0.0,0.0,0.0,421.412,2600.337,421.412,748.9489999999998,-9.66800000000002,-1011.39,-9.668000000000134,-1201.251
2026-07-31,-253.93403899999996,5831.008821,-811.1184680000003,-2107.1832369999997,157.47903899999972,-9962.658821,-2039.0515319999986,-10111.320763,1770.3853449999997,4810.429042999999,5578.253762,4744.455220999998,269.382655,-1787.450043,-67.42876199999984,-1565.2472209999996,1516.4513059999995,10641.437864,4767.135294000001,2637.271983999999,426.86169400000017,-11750.108864000002,-2106.480294,-11676.567984000001,-124.95499999999998,-4543.031,-115.67199999999997,-1296.0539999999999,0.0,0.0,0.0,0.0,-296.956039,-2044.1551789999999,-196.09746800000002,-662.9502369999999,210.37903899999998,-656.406821,128.500468,-489.08576300000004,40.19199999999999,-89.107,4.595000000000024,-89.26500000000004,0.0,0.0,0.0,0.0,127.78500000000005,12507.302,-503.9440000000005,-58.91399999999999,-52.90000000000015,-9306.252,-2167.5519999999988,-9622.235,441.46799999999985,2965.638,2706.8140000000003,1899.3189999999986,0.0,0.0,0.0,0.0,1229.1043450000002,-78.38095699999997,2831.0707620000003,2695.584221,268.133655,-786.9770430000001,159.9882379999998,-567.6422209999998,481.848,126.28199999999995,285.17899999999986,193.7280000000001,0.0,0.0,0.0,0.0,-382.035,1796.8899999999999,-244.81000000000006,-44.17600000000016,1.2489999999999792,-1000.473,-227.41700000000012,-997.6049999999999
2026-08-07,1401.816228,7232.825049,1242.8512279999995,-699.420114,4720.950772,-5241.708049,4045.303772000002,-7697.834886,367.731062,5178.160104999999,4600.8813979999995,5161.994395999998,602.336938,-1185.113105,722.9536020000002,-1329.1633959999995,1769.54729,12410.985154,5843.732626000001,4462.574282,5323.28771,-6426.821154000001,4768.257374,-9026.998282,929.888,-3613.143,933.9870000000001,-247.91099999999994,0.0,0.0,0.0,0.0,-32.072772,-2076.227951,-71.52377200000006,-569.6211139999999,100.553772,-555.853049,275.751772,-510.564886,24.76,-64.34700000000001,26.461000000000027,-27.936000000000035,0.0,0.0,0.0,0.0,479.241,12986.543,353.92699999999945,146.048,4620.397,-4685.8550000000005,3769.5520000000015,-7187.270000000002,-93.791,2871.8469999999998,2394.4780000000005,1563.9129999999986,0.0,0.0,0.0,0.0,326.898062,248.51710500000002,2266.1313980000004,3183.2473960000007,132.752938,-654.2241050000001,346.2726019999998,-584.0153959999999,65.541,191.82299999999995,95.0489999999999,315.6230000000001,0.0,0.0,0.0,0.0,69.083,1865.973,-154.7770000000001,99.21099999999986,469.584,-530.889,376.6809999999999,-745.1479999999999
2026-08-14,345.3705739999998,6176.379395,520.6657109999992,-1431.039381,5582.154426,-4380.504395,6726.142289000002,-4022.2606189999997,1126.830004,5937.259047,-233.6644220000003,5120.446751999998,756.526996,-1030.923047,1043.6974220000002,-535.7327519999996,1472.200578,12113.638442,287.00128900000163,3689.407370999999,6338.681422,-5411.427442000001,7769.839711,-4557.993371000001,102.71900000000005,-4440.312,149.71100000000013,-1020.7639999999999,0.0,0.0,0.0,0.0,-62.316426,-2106.4716049999997,-43.639289000000055,-654.6333809999999,159.120426,-497.286395,301.474289,-136.10361900000004,22.892000000000003,-66.215,3.782000000000023,1.7149999999999628,0.0,0.0,0.0,0.0,282.076,12789.378,410.81199999999944,242.643,5423.034,-3883.2180000000008,6424.6680000000015,-3886.157000000002,177.834,3143.4719999999998,-264.7339999999993,1854.6729999999986,0.0,0.0,0.0,0.0,814.943004,736.562047,879.3765780000002,2978.7847520000005,209.33299599999998,-577.6440470000001,388.9104219999998,-146.82975199999987,75.386,201.66799999999995,-11.655000000000113,295.61200000000014,0.0,0.0,0.0,0.0,58.667,1855.557,-836.6520000000002,-8.62300000000015,547.194,-453.279,654.7869999999998,-388.90299999999996
2026-08-21,1120.0750159999998,6951.083837,908.0245329999991,-1010.6389630000001,9610.065984,-352.59283700000015,10062.928467000002,1405.3519629999996,1487.87027,6298.2993129999995,-1845.7982900000006,5515.402704999999,1460.33173,-327.11831299999994,1822.5002900000002,369.8292950000005,2607.945286,13249.38315,-937.7737569999983,4504.763741999999,11070.397713999999,-679.711150000001,11885.428757,1775.1812579999987,418.42100000000005,-4124.61,314.9820000000001,-747.9409999999998,0.0,0.0,0.0,0.0,182.11201599999998,-1862.043163,182.06053299999994,-513.9719629999998,393.807984,-262.59883700000006,671.5764670000001,170.62096299999993,47.540000000000006,-41.567,74.23100000000002,49.53199999999997,0.0,0.0,0.0,0.0,472.00199999999995,12979.304,336.7509999999994,201.742,9216.258,-89.9940000000006,9391.352000000003,1234.730999999998,1032.112,3997.75,-1193.0039999999992,2013.0289999999986,0.0,0.0,0.0,0.0,629.5522699999999,551.171313,318.6957100000002,3428.0567050000004,535.5127299999999,-251.46431300000012,886.7642899999998,269.92929500000014,56.058,182.33999999999995,61.808999999999884,389.17800000000005,0.0,0.0,0.0,0.0,-229.852,1567.038,-1033.299,-314.86100000000016,924.819,-75.654,935.7359999999999,99.90000000000003
2026-08-28,482.1907209999998,6313.199542,482.19072099999914,-1731.3659440000001,9782.916279,-179.74254200000016,9782.916279000003,589.9379439999996,-589.0073150000003,4221.421727999999,-589.0073150000007,2033.3194059999983,1331.9163150000002,-455.53372799999994,1331.9163150000004,37.932594000000506,-106.8165939999999,10534.62127,-106.81659399999808,301.9534619999995,11114.832594,-635.276270000001,11114.832594000001,627.8705379999988,320.40900000000005,-4222.622,320.40900000000005,-777.4859999999999,0.0,0.0,0.0,0.0,260.993721,-1783.161458,260.99372099999994,-386.88294399999995,275.90727899999996,-380.4995420000001,275.907279,-36.826056000000065,81.82600000000001,-7.280999999999999,81.82600000000002,76.69899999999997,0.0,0.0,0.0,0.0,-181.038,12326.264,-181.03800000000058,-643.6959999999999,9507.009,200.75699999999938,9507.009,626.7639999999982,886.211,3851.849,886.2110000000007,1536.6149999999986,0.0,0.0,0.0,0.0,-1244.5433150000001,-1322.924272,-1244.543315,626.8674060000003,378.652315,-408.3247280000001,378.6523149999999,8.503594000000135,90.646,216.92799999999994,90.6459999999999,325.1920000000001,0.0,0.0,0.0,0.0,-321.321,1475.569,-321.321,-455.35500000000013,953.264,-47.208999999999996,953.2639999999999,29.429000000000038
