tarih,tufe,deflator,tufe_yy,gelir_ay,gelir_12a,reel_gelir_12a,gider_ay,gider_12a,reel_gider_12a,fdg_ay,fdg_12a,reel_fdg_12a,faiz_ay,faiz_12a,reel_faiz_12a,vergi_ay,vergi_12a,reel_vergi_12a,v_gelir_ay,v_gelir_12a,reel_v_gelir_12a,v_kurumlar_ay,v_kurumlar_12a,reel_v_kurumlar_12a,v_kdv_dahil_ay,v_kdv_dahil_12a,reel_v_kdv_dahil_12a,v_kdv_ithal_ay,v_kdv_ithal_12a,reel_v_kdv_ithal_12a,v_otv_ay,v_otv_12a,reel_v_otv_12a,v_damga_ay,v_damga_12a,reel_v_damga_12a,personel_ay,personel_12a,reel_personel_12a,sgk_primi_ay,sgk_primi_12a,reel_sgk_primi_12a,mal_hizmet_ay,mal_hizmet_12a,reel_mal_hizmet_12a,cari_transfer_ay,cari_transfer_12a,reel_cari_transfer_12a,sermaye_gider_ay,sermaye_gider_12a,reel_sermaye_gider_12a,sermaye_transfer_ay,sermaye_transfer_12a,reel_sermaye_transfer_12a,borc_verme_ay,borc_verme_12a,reel_borc_verme_12a,faiz_ic_ay,faiz_ic_12a,reel_faiz_ic_12a,faiz_dis_ay,faiz_dis_12a,reel_faiz_dis_12a,faiz_kira_ay,faiz_kira_12a,reel_faiz_kira_12a,faiz_iskonto_ay,faiz_iskonto_12a,reel_faiz_iskonto_12a,denge_ay,fdd_ay,denge_12a,fdd_12a,gb_denge_12a,gb_fdd_12a,gelir_nom_yy,gelir_reel_yy,gider_nom_yy,gider_reel_yy,fdg_nom_yy,fdg_reel_yy,faiz_nom_yy,faiz_reel_yy,vergi_nom_yy,vergi_reel_yy,v_gelir_nom_yy,v_gelir_reel_yy,v_kurumlar_nom_yy,v_kurumlar_reel_yy,v_kdv_dahil_nom_yy,v_kdv_dahil_reel_yy,v_kdv_ithal_nom_yy,v_kdv_ithal_reel_yy,v_otv_nom_yy,v_otv_reel_yy,v_damga_nom_yy,v_damga_reel_yy,personel_nom_yy,personel_reel_yy,sgk_primi_nom_yy,sgk_primi_reel_yy,mal_hizmet_nom_yy,mal_hizmet_reel_yy,cari_transfer_nom_yy,cari_transfer_reel_yy,sermaye_gider_nom_yy,sermaye_gider_reel_yy,sermaye_transfer_nom_yy,sermaye_transfer_reel_yy,borc_verme_nom_yy,borc_verme_reel_yy,faiz_ic_nom_yy,faiz_ic_reel_yy,faiz_dis_nom_yy,faiz_dis_reel_yy,faiz_kira_nom_yy,faiz_kira_reel_yy,faiz_iskonto_nom_yy,faiz_iskonto_reel_yy,pay_v_gelir,pay_v_kurumlar,pay_v_kdv_dahil,pay_v_kdv_ithal,pay_v_otv,pay_v_damga,pay_v_diger,pay_personel,pay_sgk_primi,pay_mal_hizmet,pay_cari_transfer,pay_sermaye_gider,pay_sermaye_transfer,pay_borc_verme,pay_faiz,pay_gider_diger,faiz_vergi,faiz_gelir,kur_ay,eur_ay,dis_borc_musd,dis_borc_trl,ic_borc_trl,dis_senet_musd,dis_senet_trl,eb_kendi_trl,dibs_yurtdisi_trl,eb_yurtici_net_trl,dis_kredi_musd,dis_kredi_trl,doviz_borc_trl,toplam_borc_trl,doviz_pay,yurt_disi_pay,eski_tanim_trl,ic_tahvil_trl,ic_bono_trl,pay_ic_satis_doviz,pay_ic_odeme_doviz,ima_faiz_nominal,ima_faiz_reel,ima_faiz_reel_basit,ic_satis_12a,ic_odeme_12a,cevirme,cevirme_faiz,ic_borclanma_net_ay,dis_borclanma_net_ay,ayr_d_stok,ayr_net_borclanma,ayr_kur_farki,ayr_artik
2003-01-01,,,,,,,,,,,,,,,,,,,,,,,,,,,,,,,,,,,,,,,,,,,,,,,,,,,,,,,,,,,,,,,,,,,,,,,,,,,,,,,,,,,,,,,,,,,,,,,,,,,,,,,,,,,,,,,,,,,,,,,,,,,,,,,,,,,,,,,,,,,,,,0.155376296,,,,,,,,,,,,,0.11990901000000001,0.035467286,,,,,,,,,,,,,,,
2003-02-01,,,,,,,,,,,,,,,,,,,,,,,,,,,,,,,,,,,,,,,,,,,,,,,,,,,,,,,,,,,,,,,,,,,,,,,,,,,,,,,,,,,,,,,,,,,,,,,,,,,,,,,,,,,,,,,,,,,,,,,,,,,,,,,,,,,,,,,,,,,,,,0.159412356,,,,,,,,,,,,,0.12133519400000001,0.038077162000000005,,,,,,,,,,,,,,,
2003-03-01,,,,,,,,,,,,,,,,,,,,,,,,,,,,,,,,,,,,,,,,,,,,,,,,,,,,,,,,,,,,,,,,,,,,,,,,,,,,,,,,,,,,,,,,,,,,,,,,,,,,,,,,,,,,,,,,,,,,,,,,,,,,,,,,,,,,,,,,,,,,57149.0,,0.16255787600000002,,,,,,,,,,,,,0.12495144100000001,0.037606435,,,,,,,,,,,,,,,
2003-04-01,,,,,,,,,,,,,,,,,,,,,,,,,,,,,,,,,,,,,,,,,,,,,,,,,,,,,,,,,,,,,,,,,,,,,,,,,,,,,,,,,,,,,,,,,,,,,,,,,,,,,,,,,,,,,,,,,,,,,,,,,,,,,,,,,,,,,,,,,,,,57149.0,,0.170088086,,,,,,,,,,,,,0.129227114,0.040860973,,,,,,,,,,,,,,,
2003-05-01,,,,,,,,,,,,,,,,,,,,,,,,,,,,,,,,,,,,,,,,,,,,,,,,,,,,,,,,,,,,,,,,,,,,,,,,,,,,,,,,,,,,,,,,,,,,,,,,,,,,,,,,,,,,,,,,,,,,,,,,,,,,,,,,,,,,,,,,,,,,57149.0,,0.173961054,,,,,,,,,,,,,0.134687572,0.039273483000000005,,,,,,,,,,,,,,,
2003-06-01,,,,,,,,,,,,,,,,,,,,,,,,,,,,,,,,,,,,,,,,,,,,,,,,,,,,,,,,,,,,,,,,,,,,,,,,,,,,,,,,,,,,,,,,,,,,,,,,,,,,,,,,,,,,,,,,,,,,,,,,,,,,,,,,,,,,,,,,,,,,59974.0,,0.17526992200000002,,,,,,,,,,,,,0.135872394,0.039397528,,,,,,,,,,,,,,,
2003-07-01,,,,,,,,,,,,,,,,,,,,,,,,,,,,,,,,,,,,,,,,,,,,,,,,,,,,,,,,,,,,,,,,,,,,,,,,,,,,,,,,,,,,,,,,,,,,,,,,,,,,,,,,,,,,,,,,,,,,,,,,,,,,,,,,,,,,,,,,,,,,59974.0,,0.179229793,,,,,,,,,,,,,0.14258405400000002,0.036645739000000004,,,,,,,,,,,,,,,
2003-08-01,,,,,,,,,,,,,,,,,,,,,,,,,,,,,,,,,,,,,,,,,,,,,,,,,,,,,,,,,,,,,,,,,,,,,,,,,,,,,,,,,,,,,,,,,,,,,,,,,,,,,,,,,,,,,,,,,,,,,,,,,,,,,,,,,,,,,,,,,,,,59974.0,,0.178905848,,,,,,,,,,,,,0.14550686000000002,0.033398988000000004,,,,,,,,,,,,,,,
2003-09-01,,,,,,,,,,,,,,,,,,,,,,,,,,,,,,,,,,,,,,,,,,,,,,,,,,,,,,,,,,,,,,,,,,,,,,,,,,,,,,,,,,,,,,,,,,,,,,,,,,,,,,,,,,,,,,,,,,,,,,,,,,,,,,,,,,,,,,,,,,,,61302.0,,0.17871165500000002,,,,,,,,,,,,,0.14573866800000002,0.032972988,,,,,,,,,,,,,,,
2003-10-01,,,,,,,,,,,,,,,,,,,,,,,,,,,,,,,,,,,,,,,,,,,,,,,,,,,,,,,,,,,,,,,,,,,,,,,,,,,,,,,,,,,,,,,,,,,,,,,,,,,,,,,,,,,,,,,,,,,,,,,,,,,,,,,,,,,,,,,,,,,,61302.0,,0.18019115900000002,,,,,,,,,,,,,0.14933395400000002,0.030857205000000002,,,,,,,,,,,,,,,
2003-11-01,,,,,,,,,,,,,,,,,,,,,,,,,,,,,,,,,,,,,,,,,,,,,,,,,,,,,,,,,,,,,,,,,,,,,,,,,,,,,,,,,,,,,,,,,,,,,,,,,,,,,,,,,,,,,,,,,,,,,,,,,,,,,,,,,,,,,,,,,,,,61302.0,,0.18307315500000002,,,,,,,,,,,,,0.15584252,0.027230635000000003,,,,,,,,,,,,,,,
2003-12-01,,,,,,,,,,,,,,,,,,,,,,,,,,,,,,,,,,,,,,,,,,,,,,,,,,,,,,,,,,,,,,,,,,,,,,,,,,,,,,,,,,,,,,,,,,,,,,,,,,,,,,,,,,,,,,,,,,,,,,,,,,,,,,,,,,,,,,,,,,,,63346.0,,0.19438670000000002,,,,,,,,,,,,,0.16897362600000002,0.025413074,,,,,,,,,,,,,,,
2004-01-01,,,,,,,,,,,,,,,,,,,,,,,,,,,,,,,,,,,,,,,,,,,,,,,,,,,,,,,,,,,,,,,,,,,,,,,,,,,,,,,,,,,,,,,,,,,,,,,,,,,,,,,,,,,,,,,,,,,,,,,,,,,,,,,,,,,,,,,,,,,,63346.0,,0.19935786500000002,,,,,,,,,,,,,0.174049013,0.025308852000000003,,,,,,,,,,,,,,,
2004-02-01,,,,,,,,,,,,,,,,,,,,,,,,,,,,,,,,,,,,,,,,,,,,,,,,,,,,,,,,,,,,,,,,,,,,,,,,,,,,,,,,,,,,,,,,,,,,,,,,,,,,,,,,,,,,,,,,,,,,,,,,,,,,,,,,,,,,,,,,,,,,63346.0,,0.200471428,,,,,,,,,,,,,0.178214016,0.022257412,,,,,,,,,,,,,,,
2004-03-01,,,,,,,,,,,,,,,,,,,,,,,,,,,,,,,,,,,,,,,,,,,,,,,,,,,,,,,,,,,,,,,,,,,,,,,,,,,,,,,,,,,,,,,,,,,,,,,,,,,,,,,,,,,,,,,,,,,,,,,,,,,,,,,,,,,,,,,,,,,,62526.0,,0.20370754500000002,,,,,,,,,,,,,0.18148471500000002,0.022222830000000002,,,,,,,,,,,,,,,
2004-04-01,,,,,,,,,,,,,,,,,,,,,,,,,,,,,,,,,,,,,,,,,,,,,,,,,,,,,,,,,,,,,,,,,,,,,,,,,,,,,,,,,,,,,,,,,,,,,,,,,,,,,,,,,,,,,,,,,,,,,,,,,,,,,,,,,,,,,,,,,,,,62526.0,,0.20622478900000002,,,,,,,,,,,,,0.185285804,0.020938985,,,,,,,,,,,,,,,
2004-05-01,,,,,,,,,,,,,,,,,,,,,,,,,,,,,,,,,,,,,,,,,,,,,,,,,,,,,,,,,,,,,,,,,,,,,,,,,,,,,,,,,,,,,,,,,,,,,,,,,,,,,,,,,,,,,,,,,,,,,,,,,,,,,,,,,,,,,,,,,,,,62526.0,,0.20980873300000003,,,,,,,,,,,,,0.186991618,0.022817115000000002,,,,,,,,,,,,,,,
2004-06-01,,,,,,,,,,,,,,,,,,,,,,,,,,,,,,,,,,,,,,,,,,,,,,,,,,,,,,,,,,,,,,,,,,,,,,,,,,,,,,,,,,,,,,,,,,,,,,,,,,,,,,,,,,,,,,,,,,,,,,,,,,,,,,,,,,,,,,,,,,,,63503.0,,0.20911869500000002,,,,,,,,,,,,,0.185189991,0.023928705,,,,,,,,,,,,,,,
2004-07-01,,,,,,,,,,,,,,,,,,,,,,,,,,,,,,,,,,,,,,,,,,,,,,,,,,,,,,,,,,,,,,,,,,,,,,,,,,,,,,,,,,,,,,,,,,,,,,,,,,,,,,,,,,,,,,,,,,,,,,,,,,,,,,,,,,,,,,,,,,,,63503.0,,0.211969283,,,,,,,,,,,,,0.18589575200000003,0.026073531,,,,,,,,,,,,,,,
2004-08-01,,,,,,,,,,,,,,,,,,,,,,,,,,,,,,,,,,,,,,,,,,,,,,,,,,,,,,,,,,,,,,,,,,,,,,,,,,,,,,,,,,,,,,,,,,,,,,,,,,,,,,,,,,,,,,,,,,,,,,,,,,,,,,,,,,,,,,,,,,,,63503.0,,0.21427753400000002,,,,,,,,,,,,,0.183962113,0.030315421000000002,,,,,,,,,,,,,,,
2004-09-01,,,,,,,,,,,,,,,,,,,,,,,,,,,,,,,,,,,,,,,,,,,,,,,,,,,,,,,,,,,,,,,,,,,,,,,,,,,,,,,,,,,,,,,,,,,,,,,,,,,,,,,,,,,,,,,,,,,,,,,,,,,,,,,,,,,,,,,,,,,,65945.0,,0.21757135600000002,,,,,,,,,,,,,0.186664035,0.030907321,,,,,,,,,,,,,,,
2004-10-01,,,,,,,,,,,,,,,,,,,,,,,,,,,,,,,,,,,,,,,,,,,,,,,,,,,,,,,,,,,,,,,,,,,,,,,,,,,,,,,,,,,,,,,,,,,,,,,,,,,,,,,,,,,,,,,,,,,,,,,,,,,,,,,,,,,,,,,,,,,,65945.0,,0.22558196900000002,,,,,,,,,,,,,0.19236214000000001,0.033219828,,,,,,,,,,,,,,,
2004-11-01,,,,,,,,,,,,,,,,,,,,,,,,,,,,,,,,,,,,,,,,,,,,,,,,,,,,,,,,,,,,,,,,,,,,,,,,,,,,,,,,,,,,,,,,,,,,,,,,,,,,,,,,,,,,,,,,,,,,,,,,,,,,,,,,,,,,,,,,,,,,65945.0,,0.22572544200000003,,,,,,,,,,,,,0.19698659500000001,0.028738847,,,,,,,,,,,,,,,
2004-12-01,,,,,,,,,,,,,,,,,,,,,,,,,,,,,,,,,,,,,,,,,,,,,,,,,,,,,,,,,,,,,,,,,,,,,,,,,,,,,,,,,,,,,,,,,,,,,,,,,,,,,,,,,,,,,,,,,,,,,,,,,,,,,,,,,,,,,,,,,,,,68584.0,,0.224482922,,,,,,,,,,,,,0.1942107,0.030272222,,,,,,,,,,,,,,,
2005-01-01,3.59652332,37.466738850451826,,,,,,,,,,,,,,,,,,,,,,,,,,,,,,,,,,,,,,,,,,,,,,,,,,,,,,,,,,,,,,,,,,,,,,,,,,,,,,,,,,,,,,,,,,,,,,,,,,,,,,,,,,,,,,,,,,,,,,,,,,,,,,,,,,,,,,,,,,68584.0,,0.22879200000000002,,,,,,,,,,,,,0.194999,0.033793000000000004,,,,,,,,,,,,,,,
2005-02-01,3.59738699,37.45774373860178,,,,,,,,,,,,,,,,,,,,,,,,,,,,,,,,,,,,,,,,,,,,,,,,,,,,,,,,,,,,,,,,,,,,,,,,,,,,,,,,,,,,,,,,,,,,,,,,,,,,,,,,,,,,,,,,,,,,,,,,,,,,,,,,,,,,,,,,,,68584.0,,0.23131900000000002,,,,,,,,,,,,,0.20236500000000002,0.028954,,,,,,,,,,,,,,,
2005-03-01,3.60671488,37.36086840332663,,,,,,,,,,,,,,,,,,,,,,,,,,,,,,,,,,,,,,,,,,,,,,,,,,,,,,,,,,,,,,,,,,,,,,,,,,,,,,,,,,,,,,,,,,,,,,,,,,,,,,,,,,,,,,,,,,,,,,,,,,,,,,,,,,,,,,,,,,68772.0,,0.232489,,,,,,,,,,,,,0.20289700000000002,0.029592,,,,,,,,,,,,,,,
2005-04-01,3.63247488,37.0959206743365,,,,,,,,,,,,,,,,,,,,,,,,,,,,,,,,,,,,,,,,,,,,,,,,,,,,,,,,,,,,,,,,,,,,,,,,,,,,,,,,,,,,,,,,,,,,,,,,,,,,,,,,,,,,,,,,,,,,,,,,,,,,,,,,,,,,,,,,,,68772.0,,0.236185,,,,,,,,,,,,,0.20389600000000002,0.032289000000000005,,,,,,,,,,,,,,,
2005-05-01,3.6657744,36.758945122209376,,,,,,,,,,,,,,,,,,,,,,,,,,,,,,,,,,,,,,,,,,,,,,,,,,,,,,,,,,,,,,,,,,,,,,,,,,,,,,,,,,,,,,,,,,,,,,,,,,,,,,,,,,,,,,,,,,,,,,,,,,,,,,,,,,,,,,,,,,68772.0,,0.23506400000000002,,,,,,,,,,,,,0.20380700000000002,0.031258,,,,,,,,,,,,,,,
2005-06-01,3.66954416,36.72118228439578,,,,,,,,,,,,,,,,,,,,,,,,,,,,,,,,,,,,,,,,,,,,,,,,,,,,,,,,,,,,,,,,,,,,,,,,,,,,,,,,,,,,,,,,,,,,,,,,,,,,,,,,,,,,,,,,,,,,,,,,,,,,,,,,,,,,,,,,,,66345.0,,0.234799,,,,,,,,,,,,,0.204687,0.030112000000000003,,,,,,,,,,,,,,,
2005-07-01,3.64849635,36.93302310690266,,,,,,,,,,,,,,,,,,,,,,,,,,,,,,,,,,,,,,,,,,,,,,,,,,,,,,,,,,,,,,,,,,,,,,,,,,,,,,,,,,,,,,,,,,,,,,,,,,,,,,,,,,,,,,,,,,,,,,,,,,,,,,,,,,,,,,,,,,66345.0,,0.23517300000000002,,,,,,,,,,,,,0.20877600000000002,0.026397,,,,,,,,,,,,,,,
2005-08-01,3.67959685,36.620859700975124,,,,,,,,,,,,,,,,,,,,,,,,,,,,,,,,,,,,,,,,,,,,,,,,,,,,,,,,,,,,,,,,,,,,,,,,,,,,,,,,,,,,,,,,,,,,,,,,,,,,,,,,,,,,,,,,,,,,,,,,,,,,,,,,,,,,,,,,,,66345.0,,0.239517,,,,,,,,,,,,,0.215489,0.024028,,,,,,,,,,,,,,,
2005-09-01,3.71729441,36.249482859766275,,,,,,,,,,,,,,,,,,,,,,,,,,,,,,,,,,,,,,,,,,,,,,,,,,,,,,,,,,,,,,,,,,,,,,,,,,,,,,,,,,,,,,,,,,,,,,,,,,,,,,,,,,,,,,,,,,,,,,,,,,,,,,,,,,,,,,,,,,64807.0,,0.243207,,,,,,,,,,,,,0.22121900000000003,0.021988,,,,,,,,,,,,,,,
2005-10-01,3.78389345,35.611467865195834,,,,,,,,,,,,,,,,,,,,,,,,,,,,,,,,,,,,,,,,,,,,,,,,,,,,,,,,,,,,,,,,,,,,,,,,,,,,,,,,,,,,,,,,,,,,,,,,,,,,,,,,,,,,,,,,,,,,,,,,,,,,,,,,,,,,,,,,,,64807.0,,0.24277900000000002,,,,,,,,,,,,,0.22124200000000002,0.021537,,,,,,,,,,,,,,,
2005-11-01,3.83698419,35.11872692913025,,,,,,,,,,,,,,,,,,,,,,,,,,,,,,,,,,,,,,,,,,,,,,,,,,,,,,,,,,,,,,,,,,,,,,,,,,,,,,,,,,,,,,,,,,,,,,,,,,,,,,,,,,,,,,,,,,,,,,,,,,,,,,,,,,,,,,,,,,64807.0,,0.24375100000000002,,,,,,,,,,,,,0.225885,0.017867,,,,,,,,,,,,,,,
2005-12-01,3.85300566,34.972697133281656,,,,,,,,,,,,,,,,,,,,,,,,,,,,,,,,,,,,,,,,,,,,,,,,,,,,,,,,,,,,,,,,,,,,,,,,,,,,,,,,,,,,,,,,,,,,,,,,,,,,,,,,,,,,,,,,,,,,,,,,,,,,,,,,,,,,,,,,,,72302.0,,0.24478200000000003,,,,,,,,,,,,,0.22696400000000003,0.017818,,,,,,,,,,,,,,,
2006-01-01,3.88190713,34.71231935422422,7.93499122925192,13.619028,,,11.603919,,,9.342443,,,2.261476,,,10.133905,,,2.280253,,,0.137021,,,1.8749129999999998,,,1.3416869999999999,,,2.619869,,,0.24445299999999998,,,3.485102,,,0.470848,,,0.478662,,,4.086175,,,0.29420599999999997,,,0.0,,,0.52745,,,1.45298,,,0.808496,,,,,,,,,2.015109,4.276585,,,,,,,,,,,,,,,,,,,,,,,,,,,,,,,,,,,,,,,,,,,,,,,,,,,,,,,,,,,,,,,,,,,1.3219,1.5972,72302.0,0.09557601380000001,0.24356000000000003,,,,,,,,,,,,0.3391360138,0.227525,0.016035,,,,,,,,,,-0.8558159999999999,1.497935,,,,
2006-02-01,3.89038908,34.636638451596724,8.144858777064744,12.807061,,,15.310976,,,8.548354999999999,,,6.762620999999999,,,11.179272,,,1.690102,,,3.027652,,,0.717451,,,1.8056159999999999,,,2.379203,,,0.21825899999999998,,,2.706128,,,0.3727,,,0.909331,,,4.063956999999999,,,0.352221,,,0.001,,,0.143018,,,5.932805999999999,,,0.76791,,,,,,0.061904999999999995,,,-2.5039149999999997,4.258706,,,,,,,,,,,,,,,,,,,,,,,,,,,,,,,,,,,,,,,,,,,,,,,,,,,,,,,,,,,,,,,,,,,1.3113,1.5541,72302.0,0.0948096126,0.246427,,,,,,,,,,,,0.3412366126,0.23014800000000002,0.016279000000000002,,,,,,,,,,3.245508,-2.047002,,,,
2006-03-01,3.90107006,34.541804665769064,8.16130993975326,11.899134,,,12.460016999999999,,,10.202126,,,2.257891,,,9.937892,,,1.865846,,,0.183897,,,1.275323,,,2.012097,,,3.02433,,,0.271543,,,2.748564,,,0.370734,,,1.250622,,,4.989113,,,0.352139,,,0.318911,,,0.172043,,,1.9105489999999998,,,0.342842,,,,,,0.0045,,,-0.560883,1.6970079999999998,,,,,,,,,,,,,,,,,,,,,,,,,,,,,,,,,,,,,,,,,,,,,,,,,,,,,,,,,,,,,,,,,,,1.3427,1.6211,74409.0,0.0999089643,0.24636000000000002,,,,,,,,,,,,0.34626896430000004,0.23053700000000002,0.015823,,,,,,,,,,-0.957503,0.663481,,,,
2006-04-01,3.95321836,34.08615151731715,8.82988845335111,12.164486,,,15.142069999999999,,,11.031167,,,4.1109029999999995,,,9.591738999999999,,,1.9661449999999998,,,0.074546,,,1.204234,,,1.938993,,,3.320124,,,0.255903,,,3.249198,,,0.383276,,,1.2398479999999998,,,4.819523,,,0.5076109999999999,,,0.08226399999999999,,,0.749447,,,3.66743,,,0.443175,,,,,,0.000298,,,-2.977584,1.133319,,,,,,,,,,,,,,,,,,,,,,,,,,,,,,,,,,,,,,,,,,,,,,,,,,,,,,,,,,,,,,,,,,,1.3195,1.641,74409.0,0.0981826755,0.24666400000000002,,,,,,,,,,,,0.34484667550000003,0.23403000000000002,0.012634000000000001,,,,,,,,,,0.744918,-1.338936,,,,
2006-05-01,4.02735692,33.45866847083422,9.863741751265431,18.347635999999998,,,14.015972,,,9.346198,,,4.669773999999999,,,14.008042999999999,,,2.5745169999999997,,,3.0041279999999997,,,1.376204,,,2.302072,,,3.1599169999999996,,,0.272347,,,3.176503,,,0.400798,,,1.4132149999999999,,,2.93118,,,0.803257,,,0.364124,,,0.257121,,,4.2006239999999995,,,0.46914999999999996,,,,,,0.0,,,4.331664,9.001438,,,,,,,,,,,,,,,,,,,,,,,,,,,,,,,,,,,,,,,,,,,,,,,,,,,,,,,,,,,,,,,,,,,1.5368,1.9748,74409.0,0.1143517512,0.250732,,,,,,,,,,,,0.36508375120000003,0.23991200000000001,0.010820000000000001,,,,,,,,,,-1.548771,-2.219022,,,,
2006-06-01,4.04086521,33.346818811607925,10.118996633085885,15.183992,,,13.065610999999999,,,10.252659999999999,,,2.812951,,,11.124191999999999,,,2.288122,,,0.029692,,,1.661867,,,2.49434,,,3.185545,,,0.256691,,,3.159394,,,0.38632,,,1.494535,,,4.023531999999999,,,0.718567,,,0.085715,,,0.38459699999999997,,,2.3042979999999997,,,0.508653,,,,,,0.0,,,2.118381,4.931331999999999,,,,,,,,,,,,,,,,,,,,,,,,,,,,,,,,,,,,,,,,,,,,,,,,,,,,,,,,,,,,,,,,,,,1.6029,2.0095,66975.0,0.10735422750000001,0.24908500000000003,,,,,,,,,,,,0.3564392275,0.23822600000000002,0.010859,,,,,,,,,,-3.0901009999999998,0.39825699999999997,,,,
2006-07-01,4.07510717,33.06661503088764,11.692784617970098,14.928728999999999,,,16.896757,,,11.134792,,,5.761965,,,11.894205,,,2.750873,,,0.059217,,,1.490394,,,2.362098,,,3.250456,,,0.266443,,,3.349328,,,0.390908,,,1.9002709999999998,,,3.57434,,,1.127486,,,0.509478,,,0.282981,,,4.9629769999999995,,,0.793829,,,,,,0.0051589999999999995,,,-1.9680279999999999,3.7939369999999997,,,,,,,,,,,,,,,,,,,,,,,,,,,,,,,,,,,,,,,,,,,,,,,,,,,,,,,,,,,,,,,,,,,1.4954,1.8971,66975.0,0.10015441500000001,0.24973800000000002,,,,,,,,,,,,0.349892415,0.23739200000000002,0.012346000000000001,,,,,,,,,,3.189192,0.392928,,,,
2006-08-01,4.05720082,33.21255367388987,10.262101675622448,16.571893,,,16.553105,,,11.054787,,,5.498317999999999,,,13.462332,,,2.779409,,,1.7790469999999998,,,1.320145,,,2.211782,,,3.432784,,,0.270109,,,2.939704,,,0.37841199999999997,,,1.2610139999999999,,,4.650009,,,1.101502,,,0.426295,,,0.297851,,,5.050802,,,0.447515,,,,,,1e-06,,,0.018788,5.517106,,,,,,,,,,,,,,,,,,,,,,,,,,,,,,,,,,,,,,,,,,,,,,,,,,,,,,,,,,,,,,,,,,,1.4682,1.8819,66975.0,0.09833269500000001,0.251942,,,,,,,,,,,,0.350274695,0.23770400000000003,0.014238,,,,,,,,,,2.807651,1.068354,,,,
2006-09-01,4.10934913,32.791080956414135,10.546776143028168,12.51663,,,14.374898,,,10.883797,,,3.491101,,,10.67438,,,2.371711,,,-0.15879,,,1.392961,,,2.282844,,,3.264401,,,0.250034,,,3.387104,,,0.405149,,,1.171751,,,4.664521,,,0.785194,,,0.22914099999999998,,,0.24093699999999998,,,2.813218,,,0.5686359999999999,,,,,,0.109247,,,-1.8582679999999998,1.632833,,,,,,,,,,,,,,,,,,,,,,,,,,,,,,,,,,,,,,,,,,,,,,,,,,,,,,,,,,,,,,,,,,,1.4919,1.8971,72519.0,0.1081910961,0.250869,,,,,,,,,,,,0.3590600961,0.235103,0.015766000000000002,,,,,,,,,,-1.6877119999999999,1.234989,,,,
2006-10-01,4.16149743,32.380171384606626,9.979244526560338,12.510703,,,14.912782,,,11.739263,,,3.1735189999999998,,,10.523192,,,2.764971,,,0.066856,,,1.3366419999999999,,,2.026072,,,2.959257,,,0.244054,,,3.612986,,,0.425407,,,1.505135,,,4.720713,,,1.073992,,,0.208357,,,0.19267299999999998,,,2.427537,,,0.557277,,,,,,0.18870499999999998,,,-2.402079,0.77144,,,,,,,,,,,,,,,,,,,,,,,,,,,,,,,,,,,,,,,,,,,,,,,,,,,,,,,,,,,,,,,,,,,1.4501,1.845,72519.0,0.1051598019,0.250946,,,,,,,,,,,,0.3561058019,0.239711,0.011235,,,,,,,,,,1.173889,-0.152052,,,,
2006-11-01,4.21521647,31.967516012291536,9.857540747385762,17.215108999999998,,,13.364721,,,10.097484999999999,,,3.267236,,,13.42249,,,2.81621,,,2.764426,,,1.1890669999999999,,,2.158045,,,3.036054,,,0.27890899999999996,,,3.3220609999999997,,,0.408483,,,1.5746,,,3.598338,,,0.926449,,,0.06801299999999999,,,0.199541,,,2.7417179999999997,,,0.5255179999999999,,,,,,0.0,,,3.8503879999999997,7.117623999999999,,,,,,,,,,,,,,,,,,,,,,,,,,,,,,,,,,,,,,,,,,,,,,,,,,,,,,,,,,,,,,,,,,,1.46,1.9211,72519.0,0.10587774000000001,0.25294300000000003,,,,,,,,,,,,0.35882074,0.241708,0.011235,,,,,,,,,,1.580085,-1.725422,,,,
2006-12-01,4.22495501,31.893830746377578,9.65348568940334,15.719028999999999,0.17348343000000002,5.773459244600755,20.425205,0.17812603300000002,5.925709663026393,18.530251,0.132163324,4.389549561416065,1.8949539999999998,0.045962709000000004,1.536160101610327,11.528649999999999,0.137480292,4.576812040921109,2.834818,0.028982977000000004,0.962616802338052,0.190018,0.011157710000000001,0.37245632849696164,1.0720889999999998,0.01591129,0.5307858701168107,2.489864,0.025425510000000002,0.8453360085257974,3.294235,0.036926175000000006,1.2294182613248497,0.319949,0.003148694,0.10482301904947024,2.676135,0.037812207,1.260029625720275,0.6820609999999999,0.005075096,0.16878202033510586,4.8024759999999995,0.01900146,0.6260762482724433,3.729805,0.049851206,1.6638896282019113,4.055089,0.012097713000000001,0.39605401961129094,0.343717,0.0026370150000000004,0.08729802144827856,2.240968,0.005688627000000001,0.18741999782676125,1.193779,0.038658718,1.2927509460195026,0.428967,0.006661968000000001,0.22255437147164486,,,,0.272208,,,-4.706176,-2.811222,-0.004642603,0.041320106,-0.005768293000000001,0.040194416000000004,,,,,,,,,,,,,,,,,,,,,,,,,,,,,,,,,,,,,,,,,,,,,21.081550365051598,8.115861435615805,11.573506113879944,18.493930751907335,26.8592497606857,2.2902875417227078,11.585614031136913,21.227782577968263,2.8491601786247602,10.667424452213563,27.98647966296987,6.791659139458857,1.4804208882819505,3.193596637275361,25.803476463207375,0.0,33.43221659727054,26.494005219979798,1.4131,1.8586,80824.0,0.11421239440000001,0.25147,,,,,,,,,,,,0.36568239440000005,0.241876,0.009594,1.9766167378936224,6.9640066798276985,,,,0.116230575,0.11176935,103.99145651289912,77.26654775623389,-0.140117,1.819461,,0.004054195,,
2007-01-01,4.26736477,31.576864707537055,9.929594580486523,12.391874,0.172256276,5.6920077241414795,18.487861,0.18500997500000002,6.106699406466594,11.467005,0.134287886,4.42734376193708,7.020855999999999,0.050722089000000005,1.6793556445295135,11.076715,0.13842310200000002,4.5748086252146845,2.979336,0.029682060000000003,0.9775420217839187,-0.202598,0.010818091,0.3613026021507088,1.742719,0.015779096,0.5207328933856784,1.5802539999999998,0.025664077,0.8486624076699307,2.757374,0.03706368,1.2255457576766982,0.299077,0.003203318,0.10578140241250814,4.360556,0.038687661000000005,1.2767463389758682,0.54696,0.005151208,0.1697090761122426,0.837912,0.01936071,0.6359194139265335,4.885015,0.050650046000000004,1.6763024744139534,0.145987,0.011949494000000001,0.3904512587314213,0.324667,0.002961682,0.09754998738228048,0.365908,0.005527085,0.18066521239478114,5.975205,0.043180943,1.4309928801290008,1.008546,0.006862018,0.22633632071635965,,,,0.037105,0.0006791280000000001,0.022026443684152918,-6.095987,0.9248689999999999,-0.012753699,0.037968390000000005,-0.013692016000000001,0.037030073000000004,,,,,,,,,,,,,,,,,,,,,,,,,,,,,,,,,,,,,,,,,,,,,21.44299583750117,7.815235205464474,11.39917815163541,18.540313451435296,26.775646163456152,2.314149844727508,11.712481345779992,20.9111216841146,2.7842866310316507,10.464684404178746,27.376927108930204,6.458837692400099,1.6008228745504127,2.9874524333079875,27.41586717148629,0.0,36.64279175018054,29.445713200022972,1.4221,1.8432,80824.0,0.1149398104,0.25735,,,,,,,,,,,,0.37228981040000003,0.246616,0.010734,4.177584606566539,6.409041379215393,,,,0.122360538,0.111489185,109.7510381836588,79.11064636863816,5.5543119999999995,0.937344,,0.009903731,,
2007-02-01,4.28558526,31.442613277982012,10.158268797114767,13.236301,0.172685516,5.664598076230902,15.313502,0.18501250100000002,6.057875187731123,10.346573,0.136086104,4.456580774037591,4.9669289999999995,0.048926397,1.6012944136935319,11.540191,0.138784021,4.550449985565675,1.74511,0.029737068000000002,0.9738733887211374,3.0441,0.010834539,0.3521493735489601,0.14557799999999999,0.015207223,0.5004601552477239,1.904569,0.025763030000000003,0.8460065656237453,2.775749,0.037460226,1.230414965926489,0.24532299999999999,0.0032303820000000004,0.10593524055789545,3.4271529999999997,0.039408686000000005,1.2907738082596016,0.42921899999999996,0.0052077270000000005,0.17029576798989463,1.226122,0.019677501,0.6429757247243305,4.556611999999999,0.051142701000000006,1.67881245409593,0.48368,0.012080953,0.39345967048965574,0.060321,0.0030210030000000004,0.09941200061937006,0.163466,0.005547533,0.1808513478588093,4.053227,0.041301364,1.352944472792412,0.90443,0.006998538,0.22817614240999928,,,,0.009271999999999999,0.000626495,0.020173798491120273,-2.077201,2.889728,-0.012326985,0.036599412000000005,-0.013123045000000002,0.035803352000000004,,,,,,,,,,,,,,,,,,,,,,,,,,,,,,,,,,,,,,,,,,,,,21.426867290435403,7.806762566707878,10.957473987585358,18.56339787128664,26.991742803013324,2.3276325161381513,11.92612296483324,21.300553090734123,2.81479736334141,10.635768336540675,27.642835334678278,6.529803626620883,1.632864257102281,2.9984638713683456,26.444914119614005,0.0,35.25362404653198,28.33265819468032,1.3922,1.8397,80824.0,0.11252317280000002,0.26316500000000004,,,,,,,,,,,,0.37568817280000005,0.253463,0.009703,4.318880159407332,6.853643080844638,,,,0.118357417,0.104256786,113.5249047481667,81.31280659997397,6.474786,0.8081649999999999,,0.015988176,,
2007-03-01,4.32485356,31.157124311973234,10.863262988924639,20.481265999999998,0.181267648,5.8917178647396815,15.640533999999999,0.18819301800000002,6.114797776528606,11.661529,0.137545507,4.467520639290709,3.979005,0.050647511000000006,1.6472771372378967,11.324449999999999,0.14017057900000002,4.560014557726891,2.302222,0.030173444,0.9811543177004904,0.176227,0.010826869000000001,0.3512879658424653,1.958262,0.015890162,0.5174220098653747,2.191068,0.025942001000000003,0.844772482133152,3.085417,0.037521313,1.2220818708449392,0.33655399999999996,0.003295393,0.10704171010923037,3.404677,0.040064799000000005,1.3019133919913528,0.429403,0.0052663960000000004,0.17086890922986966,1.396979,0.019823858,0.6433028322538331,5.415417,0.051569005,1.675208308064654,0.628454,0.012357268000000001,0.40087697333881334,0.053158,0.0027552500000000003,0.09005248956578084,0.333441,0.005708931,0.18529773484640508,3.3522089999999998,0.042743024000000004,1.3913958549627472,0.606329,0.007262025,0.23522522904173213,,,,0.020467,0.000642462,0.020656053233417467,4.840732,8.819737,-0.00692537,0.043722141000000006,-0.00752359,0.043123921,,,,,,,,,,,,,,,,,,,,,,,,,,,,,,,,,,,,,,,,,,,,,21.526231977681988,7.72406668877354,11.33630331940057,18.50745083959452,26.768322759086267,2.3509876491271395,11.786636766335974,21.289205851409427,2.798401373211412,10.533790366229209,27.402188215080326,6.566273356644932,1.4640553774423237,3.03355090463558,26.912534555346788,0.0,36.13276863185391,27.940733803750796,1.3861,1.849,82552.0,0.11442532720000001,0.263724,,,,,,,,,,,,0.37814932720000005,0.254271,0.009453000000000001,5.660008571042054,9.00177076303417,,,,0.123653576,0.107778961,114.72886252818859,82.14984409088147,0.81648,-0.280368,,0.016818311000000002,,
2007-04-01,4.37700187,30.7859132808641,10.719962101966951,14.314834999999999,0.183417997,5.917772620753277,16.3627,0.18941364800000002,6.102403547463578,13.282376999999999,0.13979671700000001,4.500420716001623,3.080323,0.049616931,1.6019828314619542,9.859064,0.140437904,4.5365893781928195,2.395787,0.030603086,0.9878924921468966,0.114006,0.010866329000000001,0.35225675842095366,1.06724,0.015753168,0.5092302653689391,2.07305,0.026076058000000003,0.84250041047103,2.614985,0.036816174,1.1894163225654186,0.272096,0.003311586,0.10669568553756435,3.6203719999999997,0.040435973,1.3026171950900574,0.440374,0.005323494000000001,0.17136182119606563,1.881916,0.020465926000000002,0.6589776882452612,5.751920999999999,0.052501403,1.68800745794984,1.075635,0.012925292000000001,0.4166888737128187,0.27674499999999996,0.002949731,0.09576827396827299,0.23541399999999998,0.005194898000000001,0.1669994058393076,2.260494,0.041336088,1.3359786525595065,0.30058399999999996,0.007119434000000001,0.22937285180066036,,,,0.519245,0.001161409,0.03663132710178759,-2.047865,1.0324579999999999,-0.005995651,0.043621280000000005,-0.006817206,0.042799725000000004,,,,,,,,,,,,,,,,,,,,,,,,,,,,,,,,,,,,,,,,,,,,,21.79118680096507,7.737461675588666,11.217176810044103,18.56767813908701,26.21526877814981,2.358042882781845,12.113184913383492,21.347972243267282,2.8105123660360527,10.804884556154052,27.717856423946806,6.823844076959016,1.5572959135447304,2.7426207429361162,26.195013677155938,0.0,35.33015630879823,27.051288211374374,1.3274,1.8086,82552.0,0.10957952480000001,0.262336,,,,,,,,,,,,0.3719155248,0.253413,0.008924000000000001,6.380527975468736,10.483081629766048,,,,0.12021948700000001,0.105348593,114.11589236887103,81.95776558289683,-0.258803,-1.329785,,0.015823741000000002,,
2007-05-01,4.39899211,30.6320167507643,9.22776891599666,19.725237999999997,0.184795599,5.908108971434546,17.68879,0.193086466,6.175291098599835,13.070782,0.14352130100000002,4.588093788826439,4.618008,0.049565165,1.5871973097733965,15.423193,0.141853054,4.5403424178569,3.741857,0.031770426000000004,1.0163732076743344,2.7278219999999997,0.010590023,0.3353013248221067,1.778179,0.016155143,0.5176535208985605,2.306171,0.026080157000000003,0.8361188153291665,3.0759309999999997,0.036732188,1.1779116771832607,0.349967,0.003389206,0.1083035125617528,3.575461,0.040834931000000005,1.3058592155601518,0.444687,0.005367383000000001,0.17157331342313936,1.678407,0.020731118,0.6631063874208512,5.742382,0.055312605,1.7658348197147877,0.8594259999999999,0.012981461000000001,0.41613891568098416,0.522261,0.003107868,0.09958307747026987,0.248158,0.005185935,0.16599805955625443,4.192761,0.041328225,1.3238640919568283,0.362492,0.007012776,0.22477957850358654,,,,0.06275499999999999,0.001224164,0.0385536393129818,2.036448,6.654456,-0.008290867,0.041274298,-0.009576232,0.039988933000000004,,,,,,,,,,,,,,,,,,,,,,,,,,,,,,,,,,,,,,,,,,,,,22.39671625258065,7.465488194565061,11.388646591986662,18.38533345922887,25.89453449483012,2.3892372454667066,12.08004376134194,21.148520580411887,2.7797820899575636,10.736701763447263,28.64654687915827,6.723133562349212,1.6095731950472387,2.6858096827977573,25.669932246830808,0.0,34.94120401524806,26.821615486632883,1.3253,1.7801,82552.0,0.10940616560000001,0.25896800000000003,,,,,,,,,,,,0.3683741656,0.250045,0.008924000000000001,6.248595761202575,10.324718793974775,,,,0.122757789,0.109557841,112.04838273510703,81.35793599390418,-3.219718,-0.222906,,0.016148910000000002,,
2007-06-01,4.38831114,30.706573827853056,8.59830536144015,14.645138999999999,0.184256746,5.851473183296312,17.186056,0.197206911,6.2673194332935,13.957711,0.147226352,4.674793676758755,3.228345,0.049980559,1.5925257565347453,11.363949999999999,0.142092812,4.518333972458393,2.536947,0.032019251,1.017972568274331,0.265048,0.010825379000000001,0.3424499070578772,1.372317,0.015865593,0.504374696436288,2.205117,0.025790934,0.8206520992541743,3.374692,0.036921335,1.1753091142963021,0.27525299999999997,0.0034077680000000003,0.10819576086002038,3.585479,0.041261016000000005,1.3106012519093875,0.434824,0.005415887,0.17204272563796136,1.328126,0.020564709,0.6540505986399359,6.4242989999999995,0.057713372000000006,1.8289310386637836,1.273274,0.013536168000000001,0.4312748742120693,0.640162,0.003662315,0.11638193661061895,0.271547,0.005072885,0.16151125108499845,2.7493469999999998,0.041773274000000006,1.3314461106967639,0.478585,0.006982708000000001,0.22251332471000876,,,,0.00041299999999999996,0.0012245770000000001,0.03856632112797271,-2.540917,0.6874279999999999,-0.012950165000000001,0.037030394,-0.013946712000000002,0.036033847,,,,,,,,,,,,,,,,,,,,,,,,,,,,,,,,,,,,,,,,,,,,,22.534039934405687,7.618526825973435,11.165654881965457,18.150766134461467,25.983956880239656,2.3982690975247927,12.148786245429505,20.922702855986625,2.7462967563038396,10.42798596444726,29.265390197202574,6.863942004547701,1.85709262491313,2.572366746315498,25.344222850283376,0.0,35.174586452691216,27.125497483820755,1.3147,1.7696,85431.0,0.11231613570000001,0.253718,,,,,,,,,,,,0.3660341357,0.244795,0.008924000000000001,5.953372839951381,7.489889530826281,,,,0.128845248,0.117331103,109.81337829918807,80.98158606912492,-4.775904,0.29645499999999997,,0.014361305000000001,,
2007-07-01,4.3562682,30.932438916410153,6.899475725935322,13.136469,0.182464486,5.76417367347268,19.20756,0.199517714,6.302737550737328,13.43989,0.14953145,4.7223323727140185,5.76767,0.049986264,1.5804051780233082,10.988667999999999,0.141187275,4.464939176307645,2.30945,0.031577828,0.9984474308399712,0.019013,0.010785175000000001,0.34107991977671087,0.49110899999999996,0.014866308000000002,0.4702836109377425,2.345679,0.025774515,0.8151030864079508,3.5324259999999996,0.037203305,1.1770940885412025,0.254664,0.0033959890000000003,0.10726277137555426,3.768891,0.041680579,1.3164313029613224,0.45258499999999996,0.005477564000000001,0.17311627915645064,2.326403,0.020990841,0.6631763877210292,4.913857999999999,0.059052890000000004,1.862737326323194,1.2547,0.013663382000000002,0.4328036598057737,0.471609,0.0036244460000000004,0.11412324030284167,0.251844,0.005041748,0.15994417644340725,5.03058,0.041840877000000005,1.3229453693947288,0.7370899999999999,0.006925969000000001,0.21906407816755102,,,,0.0,0.001219418,0.038395730461028364,-6.071091,-0.303421,-0.017053228,0.032933036,-0.018020661,0.031965603,,,,,,,,,,,,,,,,,,,,,,,,,,,,,,,,,,,,,,,,,,,,,22.36591647512143,7.638914342670046,10.529495664534924,18.255551004862163,26.350324418401023,2.4053081270957315,12.454489967314686,20.890665878419195,2.745402345578198,10.520790650197604,29.597818066419908,6.8482049669033405,1.8166036124491685,2.526967605492914,25.053546874539673,-1.4210854715202004e-14,35.40422747021642,27.3950647031664,1.3006,1.7777,85431.0,0.11111155860000001,0.256125,,,,,,,,,,,,0.3672365586,0.249344,0.006781000000000001,5.994618077839213,7.336461725669004,,,,0.127958744,0.117221657,109.15964445034247,80.4455586002421,2.4121349999999997,0.133633,,0.013324953,,
2007-08-01,4.35721064,30.925748404947438,7.394502596989994,19.459467999999998,0.185352061,5.815577399194344,15.930613999999998,0.198895223,6.245632822955626,11.612786999999999,0.15008945,4.714308795165343,4.317826999999999,0.048805773000000004,1.5313240277902826,17.745859,0.145470802,4.566624722845591,3.712558,0.032510977,1.0209497948925534,3.310101,0.012316229000000001,0.38436057652180305,2.3252129999999998,0.015871376,0.49834717649383814,2.3523419999999997,0.025915075000000003,0.814392094872398,3.759829,0.037530350000000004,1.179358091389957,0.364581,0.0034904610000000003,0.1095667019944777,3.421775,0.04216265,1.3246171788243126,0.442918,0.0055420700000000005,0.17424582092762914,1.51362,0.021243447000000002,0.6681047238631993,4.680022999999999,0.059082904000000006,1.8530318666539907,1.045229,0.013607109000000001,0.42854445458843143,0.072951,0.003271102,0.1022209590063201,0.43627099999999996,0.005180168000000001,0.1635437913014603,3.998526,0.040788601,1.2788527459401795,0.319301,0.006797755000000001,0.21407558460162834,,,,0.0,0.001219417,0.038395697248474685,3.528854,7.846680999999999,-0.013543162000000001,0.035262611,-0.014576032000000001,0.034229741,,,,,,,,,,,,,,,,,,,,,,,,,,,,,,,,,,,,,,,,,,,,,22.348798901926724,8.466461194047724,10.910351618189331,17.814623033424947,25.79923220606153,2.399423768901748,12.261109277447986,21.198422648893885,2.786426901766263,10.680722583266869,29.70554199785884,6.8413453047085,1.6446357789095818,2.6044707971694225,24.538433987426636,0.0,33.55021923918451,26.331389430841018,1.3242,1.8022,85431.0,0.11312773020000001,0.25810900000000003,,,,,,,,,,,,0.37123673020000003,0.251433,0.0066760000000000005,6.395552320859201,7.314120688478665,,,,0.11993706900000001,0.110555176,108.48616350626588,79.24810083205469,1.4524569999999999,-0.541393,,0.010360012,,
2007-09-01,4.40213358,30.61015699573569,7.124837553045782,14.395988,0.187231419,5.845807024351591,18.141945,0.20266227,6.329592163555433,12.349288,0.151554941,4.735430971090721,5.792657,0.051107329,1.5941611924647112,12.334605999999999,0.147131028,4.594164490246608,2.8386199999999997,0.032977886000000005,1.030069431337571,0.20418699999999998,0.012679206,0.39581766839336036,1.649783,0.016128198,0.5031705962126064,2.2275069999999997,0.025859738,0.8077195114366341,3.774113,0.038040062,1.1878410453744048,0.29298399999999997,0.003533411,0.11033610309586027,3.8733229999999996,0.042648869000000006,1.3321134024777124,0.471709,0.005608630000000001,0.1753996338155204,1.442392,0.021514088,0.6738335875308333,5.322210999999999,0.059740594,1.8629908951945282,0.784647,0.013606562,0.42681526242417384,0.204182,0.0032461430000000004,0.10095722100058972,0.250824,0.005190055000000001,0.16332096864736317,5.1870899999999995,0.043162473,1.3453819260051485,0.6053499999999999,0.006834469,0.21395925402826543,,,,0.000217,0.001110387,0.034820012431297384,-3.7459569999999998,2.0467,-0.015430851,0.035676478000000005,-0.015942141,0.035165188,,,,,,,,,,,,,,,,,,,,,,,,,,,,,,,,,,,,,,,,,,,,,22.41395744206994,8.617628906935932,10.961792505113198,17.575992196561014,25.854547825221474,2.401540346744536,12.174540777353897,21.04430637237015,2.767476156267272,10.615734245945237,29.477906272341663,6.71390979682602,1.601750044544552,2.560937958506041,25.21797915319906,0.0,34.73592871246709,27.296342287508914,1.21,1.7129,86700.0,0.104907,0.258272,,,,,,,,,,,,0.36317900000000003,0.25158800000000003,0.006684000000000001,6.3019173800427115,7.494549120716167,,,,0.121719114,0.107893602,112.81402394926067,80.57876123154928,2.755908,-1.073629,,0.012495014,,
2007-10-01,4.48192676,30.065194550390196,7.699856491320745,14.151542,0.18887225800000002,5.866177180487695,14.253957,0.202003445,6.275261716892052,12.339547999999999,0.152155226,4.726302534505628,1.9144089999999998,0.049848219000000006,1.548959182386424,12.176442,0.14878427800000002,4.619508827435029,3.5483019999999996,0.033761217,1.0472195864376423,0.144113,0.012756463000000001,0.3979856450375115,1.435328,0.016226884,0.5030433147363654,2.400133,0.026233799000000002,0.814275418430893,2.960849,0.038041654,1.1810382977626364,0.30710899999999997,0.0035964660000000004,0.11166688458193726,3.744446,0.042780329000000006,1.3277017940609586,0.456905,0.005640128,0.17536181996335506,1.675241,0.021684194,0.6754635048576535,5.069236,0.060089117000000004,1.8625409657588294,0.9584389999999999,0.013491009,0.4208548723981589,0.08011299999999999,0.0031178990000000004,0.09661919856242264,0.355168,0.00535255,0.16776037890424983,1.455627,0.042190563,1.3105415708504757,0.45878199999999997,0.0067359740000000005,0.2097078993457831,,,,0.0,0.0009216820000000001,0.02870971219016519,-0.10241499999999999,1.8119939999999999,-0.013131187,0.036717032000000004,-0.013703855000000001,0.036144364000000005,,,,,,,,,,,,,,,,,,,,,,,,,,,,,,,,,,,,,,,,,,,,,22.69138745963468,8.573797696555008,10.906316324632094,17.632104246928563,25.56832920209486,2.4172352404062476,12.210829829748562,21.178019513479093,2.792094956598389,10.73456643276554,29.74658031203379,6.678603426788092,1.5434880330877527,2.649732037985788,24.676915287261565,0.0,33.503687130168416,26.39255734423422,1.1858,1.7077,86700.0,0.10280886,0.257488,,,,,,,,,,,,0.36029686,0.251354,0.0061340000000000006,7.400560833297622,8.110566749299291,,,,0.12008060200000001,0.107851267,111.3390740231174,80.03141657229854,-0.422288,-1.6602059999999998,,0.009390682000000001,,
2007-11-01,4.56925947,29.49055550132722,8.399165322107427,18.749177,0.19040632600000001,5.86877655279956,16.18861,0.204827334,6.3254358860190845,13.912115,0.15596985600000002,4.813787020632601,2.2764949999999997,0.048857478,1.5116488653864826,16.756149,0.152117937,4.684573305508215,3.307771,0.034252778000000005,1.0547403524298473,3.85341,0.013845447,0.42325301409208577,1.545354,0.016583171,0.510605144280376,2.439025,0.026514779000000002,0.817216282469772,3.8365859999999996,0.038842186,1.1971262452720692,0.31549099999999997,0.0036330480000000003,0.11205486150413425,3.744121,0.043202389,1.3319199640038342,0.473217,0.005704862000000001,0.17625906532277777,2.247961,0.022357555,0.6914210727800184,5.6740889999999995,0.062164868000000005,1.9148430747001626,1.0808499999999999,0.01364541,0.42311346606969685,0.441482,0.0034913680000000003,0.1074645413197156,0.250395,0.0054034040000000005,0.16876583643639598,1.9525569999999999,0.041401402000000004,1.2804776473622925,0.19050399999999998,0.006400960000000001,0.19852646305126054,,,,0.133434,0.001055116,0.032644754972929284,2.560567,4.8370619999999995,-0.014421008,0.034436470000000004,-0.015131158,0.033726320000000004,,,,,,,,,,,,,,,,,,,,,,,,,,,,,,,,,,,,,,,,,,,,,22.51725120358423,9.10178462386063,10.901522415466362,17.43040927514025,25.534257672716137,2.3883100649728113,12.126464744259579,21.092101408691867,2.7852054159919892,10.915318069804101,30.34988875068794,6.661908707946177,1.7045420314849191,2.6380287701249876,23.853006845268027,0.0,32.11815711121562,25.65958759164336,1.1846,1.7465,86700.0,0.10270482000000002,0.25691400000000003,,,,,,,,,,,,0.35961882000000006,0.25078,0.0061340000000000006,7.071834833797204,11.020641495679689,,,,0.11509240800000001,0.105185837,109.41816054570161,78.5146161324452,-0.742679,-0.300489,,0.008492851000000001,,
2007-12-01,4.57931215,29.425816713542886,8.387240554308285,15.672476,0.190359773,5.828611908599558,19.665554,0.204067683,6.252672842363299,17.875187,0.155314792,4.748778307933012,1.7903669999999998,0.048752891,1.503894534430287,12.245823999999999,0.152835111,4.677223866204293,3.0293509999999997,0.034447311,1.0534682742280506,0.09544699999999999,0.013750876,0.42000121808917806,1.2819829999999999,0.016793065,0.5141355159572006,2.467727,0.026492642,0.8104198638733343,3.562554,0.039110505000000004,1.1968915327793754,0.32894799999999996,0.0036420470000000003,0.11153002580694801,3.042585,0.043568839000000005,1.336098315804752,0.7817339999999999,0.005804535,0.17750868863281746,4.7028419999999995,0.022257921,0.6766366827972293,4.856795,0.063291858,1.9388004647984216,3.413159,0.013003480000000001,0.3942161349903787,0.394713,0.003542364,0.10811684188951559,0.6833589999999999,0.0038457950000000004,0.11740117901989768,1.332057,0.04153968,1.2816003271217047,0.430531,0.006402524000000001,0.19751378845297748,,,,0.027778999999999998,0.000810687,0.024780418855604842,-3.9930779999999997,-2.202711,-0.01370791,0.035044981,-0.014491205,0.034261678000000004,9.727927906428867,0.9552793509433943,14.563648874389944,5.5177050164472385,17.517316680079876,8.183726860599783,6.070534267246952,-2.100403932260486,11.16874191684143,2.1939250374585217,18.853598096565438,9.43796863604851,23.241023471662192,12.765225331002593,5.541819676468718,-3.136924906449712,4.197091818413856,-4.130445680807348,5.915397411185963,-2.645700781312832,15.668496208269222,6.3984102139936105,15.224268713011124,6.037055679622894,14.372910384355286,5.170377911335189,17.137951504779103,8.075763082260256,26.96153830260397,16.52217983314157,7.48709280836799,-0.4640489756210564,34.332341681787916,23.84798658188554,-32.395022559925266,-37.35931043579692,7.452295753832283,-0.8625496606389338,-3.894404776486471,-11.251445142634608,,,,,22.538872628554575,8.99719698571096,10.987700987111529,17.334133385096308,25.59000006222393,2.3829910392776177,12.169104912025091,21.35019046597398,2.8444165752594937,10.907126828112219,31.01513040651322,6.372140756848796,1.7358770129222274,1.8845683664669237,23.890549587903145,0.0,31.899012393820946,25.6109209585998,1.1647,1.7102,84805.0,0.0987723835,0.25531000000000004,,,,,,,,,,,,0.35408238350000004,0.249176,0.0061340000000000006,7.0030685008270295,10.802773316132624,,,,0.116222553,0.107307204,108.30824834463118,78.0819523235703,-1.1313389999999999,0.755566,,0.006437733,,
2008-01-01,4.61606728,29.1915155968004,8.171378093839387,15.781402,0.193749301,5.8979984224510895,16.305695999999998,0.201885518,6.144872135935234,12.022554,0.15587034100000002,4.7376428150517365,4.283142,0.046015177000000004,1.4072293208834978,14.158887,0.15591728300000002,4.740775305939182,3.737053,0.035205028,1.068480425373326,0.11583299999999999,0.014069307000000001,0.4297799685513199,2.0568619999999997,0.017107208000000002,0.5191488330244125,2.1298939999999997,0.027042282,0.8226952310323217,3.3521769999999997,0.039705308,1.2076774342120307,0.332219,0.003675189,0.11178408796086536,4.84111,0.044049393000000006,1.3397249670139393,0.622053,0.0058796280000000005,0.17839607656391945,1.058671,0.02247868,0.6810822599447878,5.1362239999999995,0.06354306700000001,1.934481170053793,0.015691999999999998,0.012873185,0.39006439650506447,0.029463,0.0032471600000000002,0.0987249455795422,0.319341,0.0037992280000000004,0.11516899939069003,3.6218179999999998,0.039186293000000004,1.1986484438726779,0.661324,0.006055302,0.18497211772018823,,,,0.0,0.0007735820000000001,0.023608759290631682,-0.5242939999999999,3.758848,-0.008136217000000001,0.03787896,-0.008936589,0.03707858,12.477353800450208,3.6189462188525034,9.12142331785084,0.6250959303518044,16.071781039132627,7.0086957281783935,-9.279807067883183,-16.204210497786143,12.638194598470998,3.627838764877489,18.607091286790723,9.302761575758511,30.05350944080616,18.952912598190295,8.416908040866232,-0.3041982523836251,5.370171699531601,-3.059776938736336,7.127268528111608,-1.4579890920222383,14.730694860766235,5.67461331713961,13.859023423514794,4.932743969220144,14.14076076912445,5.118760086780183,16.104626328269987,7.101976292780998,25.455102252029562,15.40167717822527,7.729959109565643,-0.09908079887198662,9.639049702162495,1.2044678105977313,-31.261632488011305,-36.252808239016076,-9.250955913584368,-16.23658925789887,-11.756250129335132,-18.275548027489698,,,13.908129248094614,7.18370895078797,22.579298024324856,9.023571171388358,10.971976724350693,17.343992583554705,25.465623333110543,2.3571402280015357,12.2583979352693,21.818995951953326,2.9123574876727907,11.134369727302579,31.47480197167981,6.376477682762763,1.608416508607616,1.8818724778465783,22.792708192174537,0.0,29.51255698831027,23.74985445753944,1.1722,1.7339,84805.0,0.099408421,0.258467597,,,,,,,,,,,,0.357876018,0.253804597,0.0046630000000000005,4.974095040540852,11.469127025660915,,,,0.10705189500000001,0.100749525,106.25548358664719,76.50071049000479,2.9413329999999998,-1.049972,,0.001837438,,
2008-02-01,4.6757551,28.81887462412221,9.104237025493212,17.628206,0.19814120600000001,5.989839587439322,16.607568999999998,0.20317958500000002,6.141987063440089,11.893206,0.15741697400000002,4.755068334053184,4.714363,0.045762611,1.3869187293869045,15.176649,0.159553741,4.815295487917441,2.438217,0.035898135000000005,1.08387627654519,3.815841,0.014841048,0.44403375283639995,1.303626,0.018265256,0.5521405145193763,2.265098,0.027402811000000003,0.8280881797774386,3.138703,0.040068262,1.2108545200876415,0.325287,0.0037551530000000002,0.11344489701352783,3.8556009999999996,0.044477841000000004,1.3430804024101035,0.48295,0.005933359,0.1788183850350771,1.192957,0.022445515000000003,0.676909458282131,5.643299,0.064629754,1.9538429074274148,0.117364,0.012506869,0.3782385317161556,0.280574,0.0034674130000000004,0.1049141226327895,0.320461,0.003956223,0.11926452654951226,3.8283289999999996,0.038961395,1.181532528254694,0.8847499999999999,0.006035622,0.18203197431687512,,,,0.001284,0.0007655940000000001,0.023354226815335607,1.020637,5.734999999999999,-0.005038379,0.040724232,-0.00644354,0.039319063,14.741068382365086,5.741652043649115,9.81938188057898,1.3884715861976815,15.674539407785538,6.697680916151505,-6.466419344142594,-13.387649546103786,14.965498081367734,5.820204665294071,20.718475002310257,11.29539928886496,36.979044516799476,26.092444340147324,20.109082374868837,10.326568205229236,6.364860810238548,-2.1179960740725146,6.9621469982589,-1.5897438165601852,16.244858967143827,7.088912448854279,12.863039889226457,4.0523439363112645,13.933756512198103,5.004597087631812,14.066898027346063,5.277607264620965,26.371413195403946,16.382440615118842,3.5255165714161762,-3.8685384844036497,14.776880393697066,5.534665814126449,-28.685002865237575,-34.05383594784037,-5.665597388018462,-12.669547641074441,-13.758816484242853,-20.223046811883517,,,22.20273106728705,15.765143711608086,22.499087000410732,9.30159826211784,11.447714033856467,17.174659038549276,25.112706069361295,2.35353491335562,12.110700682348764,21.890900604014917,2.9202535284241273,11.047131039272475,31.809177088337883,6.155573651752463,1.7065754908397908,1.9471557637052952,22.523232833653044,0.0,28.68162834239029,23.095958646784453,1.1767,1.7772,84805.0,0.09979004350000001,0.262018729,,,,,,,,,,,,0.3618087725,0.257231729,0.0047870000000000005,5.039967974320395,12.61144880605404,,,,0.10565271500000001,0.102551794,103.0237608520042,74.65927080478697,3.273339,-0.514602,,-0.002686776,,
2008-03-01,4.72067803,28.544628365599422,9.152320755110143,13.778697,0.19143863700000002,5.74501002183793,18.648608,0.20618765900000002,6.186990586192189,13.895275999999999,0.15965072100000002,4.788364114789936,4.7533319999999994,0.046536938,1.3986264714022532,10.920292,0.159149583,4.774173868286545,2.372198,0.035968111000000004,1.0798591698170485,0.342984,0.015007805,0.4483333771056206,0.8577199999999999,0.017164714,0.515610000591705,2.623464,0.027835207,0.8347066066359811,2.966583,0.039949428,1.1994018083150713,0.309807,0.003728406,0.11180216787789725,3.815917,0.044889081000000004,1.3459243905179605,0.480375,0.005984331000000001,0.1791515482352677,1.528206,0.022576742,0.6770056822539942,6.734851,0.065949188,1.9773579056499273,0.797179,0.012675594,0.381412890609659,0.23596199999999998,0.0036502170000000003,0.1099933198170172,0.302786,0.003925568,0.11751837770610998,3.793296,0.039402482,1.1853655603226931,0.786241,0.006215534,0.18558346344071794,,,,0.173795,0.0009189220000000001,0.027677447638841803,-4.869911,-0.11657899999999999,-0.014749022,0.031787916,-0.016516913,0.030020017000000003,5.611033801244014,-2.4900690472596687,9.561800533960296,1.1806246469947324,16.071200348260017,7.181689832107119,-8.116041477339342,-15.094646809253565,13.539934082743565,4.696461115387529,19.204526337795592,10.060074173437927,38.61629802669635,27.625600845852837,8.021013253357644,-0.3501994965658839,7.2978410570564645,-1.1915486962540967,6.471295394167043,-1.8558545929649672,13.139950227484242,4.447292334744168,12.041198559363785,3.3804858907926505,13.632377815872566,4.8473645923819975,13.886721747098886,5.239033361952106,27.885321812976628,18.036538866879347,2.576022467101935,-4.855375594921907,32.48224299065421,22.143563545425504,-31.238124965952473,-36.57862153386711,-7.815408661773682,-14.807453529863379,-14.410457138332633,-21.103929116466958,,,43.031338818482666,33.991945731748466,22.600191795664333,9.429999574676861,10.785271111894776,17.48996539940667,25.101811294095565,2.3427054785308483,12.250055345730942,21.77098339333684,2.9023710871075945,10.94960877362694,31.985031655071072,6.1476007155209995,1.7703372828923771,1.9038811629361385,22.57018592950803,0.0,29.24100530002645,24.309062543106172,1.2765,2.0156,82197.0,0.1049244705,0.266477375,,,,,,,,,,,,0.3714018455,0.263130376,0.003347,3.533379849277405,10.427420751421673,,,,0.097294238,0.093015044,104.60053967184062,73.47534796866692,1.994754,-0.887492,,-0.0021156260000000002,,
2008-04-01,4.79984293,28.073835324440505,9.660518148236473,17.562324,0.19468612600000001,5.797356544788522,18.637973,0.20846293200000002,6.2064893077347625,14.472353,0.160840697,4.785748463183364,4.16562,0.047622235000000006,1.4207408445513978,12.902004999999999,0.162192524,4.832862342677164,3.3549309999999997,0.036927255,1.1002884594144875,0.13600199999999998,0.015029801,0.4486416960279169,1.533089,0.017630563000000002,0.5257937306255467,2.81566,0.028577817000000002,0.8499322442787,3.220658,0.040555101,1.2093133292026528,0.341735,0.0037980450000000003,0.11301925613242494,4.013661,0.04528237,1.3471467900436211,0.488486,0.006032443,0.17930790798241508,1.8328479999999998,0.022527674,0.6705242524028535,6.531371999999999,0.066728639,1.9836404265162078,0.9959479999999999,0.012595907,0.3762585649215026,0.140464,0.003513936,0.10541683545111667,0.469574,0.0041597280000000006,0.12345368586564746,3.911475,0.041053463000000005,1.2255842930924457,0.250428,0.006165378,0.18336018491573167,,,,0.003717,0.000403394,0.011796366543220466,-1.0756489999999999,3.089971,-0.013776806,0.033845429,-0.014616690000000002,0.033005537,6.1434151415359795,-2.034820931484649,10.056975408656932,1.7056518708017387,15.053271959169102,6.340023859707933,-4.020192220272545,-11.313603576210408,15.490561579443686,6.5307423658071295,20.665134882148806,11.377348057715375,38.3153501058177,27.36212586495825,11.917571119663052,3.2526474530352845,9.594084351246646,0.8821163426513845,10.155664192591018,1.672837866754584,14.68960794012295,5.926735053062893,11.985360164326963,3.418471299274173,13.317362619362383,4.6370228390942625,10.074051865525169,1.7521934905472714,27.098772960410233,17.51372407592482,-2.548375696270544,-9.702756982942773,19.127337374153775,10.07490381004481,-19.926666510102798,-26.075374193583233,-0.6837245943544401,-8.263182892598186,-13.400728203955548,-20.060206133250958,,,-65.26684398002772,-67.7970538428983,22.767544452295468,9.266642277544186,10.870145284871453,17.61968819228684,25.004297362065834,2.3416893123877895,12.129993118548441,21.722024901770066,2.8937725005230184,10.806561043667944,32.00983424717446,6.042276619231279,1.6856406874292642,1.9954281368353775,22.844461863368593,0.0,29.36154751497671,24.46103170186868,1.2775,1.9894,82197.0,0.10500666750000001,0.26879363300000003,,,,,,,,,,,,0.3738003005,0.264808418,0.003985215,1.8998861316856095,6.507387965813447,,,,0.10038964800000001,0.093455224,107.42004962718832,74.63432306048755,2.396427,0.31088499999999997,,0.0021802740000000003,,
2008-05-01,4.87146831,27.661064678053915,10.7405557497124,19.211799,0.194172687,5.7245515386804815,15.822826999999998,0.20659696900000002,6.102322237190669,14.141425,0.16191134000000001,4.776530921578624,1.6814019999999998,0.044685629000000004,1.3257913156120436,16.902442999999998,0.16367177400000002,4.827958405391012,4.217515,0.037402913,1.1023287883071855,3.1276479999999998,0.015429627000000001,0.4515970804489995,1.329304,0.017181688,0.5080944856324852,2.903785,0.029175431,0.8596113602727358,3.4429619999999996,0.040922132,1.2103273538525394,0.35978499999999997,0.0038078630000000003,0.11225109728140385,3.9958859999999996,0.045702795000000004,1.3481536698920469,0.49381899999999995,0.0060815750000000005,0.17934580764781988,1.812957,0.022662224,0.6692595818997842,6.243296,0.067229553,1.9804358993631557,1.034222,0.012770703000000001,0.37854029492692653,0.10936799999999999,0.0031010430000000004,0.09244416307255517,0.451877,0.004363447,0.12835150477633625,1.437203,0.038297905,1.1369061330469874,0.244199,0.006047085000000001,0.1790111282330297,,,,0.0,0.000340639,0.009874054332026254,3.388972,5.070374,-0.012424282,0.032261347,-0.012277786,0.032407831000000005,5.074302662370234,-3.106872835987906,6.99712583687766,-1.1816262625370055,12.813456171220183,4.107089816060294,-9.844688300745085,-16.469659603863217,15.381212730182048,6.334676133741257,17.728710971643878,8.457088398614388,45.69965523209913,34.68395351214111,6.35429225231865,-1.8466087605243153,11.868310455339671,2.8097137049021725,11.40673678355344,2.7519615686971033,12.352657230041487,3.644927690964961,11.92083317099275,3.238821905755951,13.306149384159838,4.530130047387826,9.315011375652782,0.9279347319916198,21.54472384730388,12.152953223735263,-1.6235306642295555,-9.035112876316775,-0.2196039214020562,-7.168802751497616,-15.859975105742741,-22.678912561119603,-7.3323255474920686,-14.12214139243665,-13.770452670953691,-20.361480600350255,,,-72.17374469433835,-74.38878791216617,22.852390541083768,9.427176490431393,10.49764878823883,17.82557266105028,25.002559085111397,2.326523936864031,12.0681284972203,22.12171612256325,2.943690330713419,10.969291616277294,32.541403354276696,6.181457095820219,1.5010108884995308,2.1120576071955828,21.629372984654,0.0,27.30197633221718,23.01334430212628,1.2155,1.8925,82197.0,0.09991045350000001,0.261316518,,,,,,,,,,,,0.3612269715,0.257331303,0.003985215,2.785751995697107,12.854412168865236,,,,0.09373228500000001,0.08963412600000001,104.57209679268809,73.2672531400678,-6.0559829999999994,4.596308,,0.004163222,,
2008-06-01,4.85387611,27.761318366240708,10.609206028176033,18.543540999999998,0.198071089,5.789642642096248,14.565859,0.203976772,5.9789647887938235,13.423909,0.16137753800000001,4.720602849757733,1.14195,0.042599234,1.2583619390360918,12.691402,0.164999226,4.831340487175926,2.794537,0.037660503000000005,1.1020078692975743,0.17537999999999998,0.015339959,0.44832714448414607,1.361082,0.017170453000000002,0.5037407630813271,2.852003,0.029822317,0.8710751355776556,3.654162,0.041201602000000004,1.2081464794520929,0.310256,0.0038428660000000003,0.11241213630660218,3.983843,0.046101159,1.3486526281144493,0.485143,0.006131894000000001,0.17946206166585063,1.7352729999999998,0.023069371,0.6766508490334345,4.936464,0.065741718,1.9202104365349393,1.718594,0.013216023,0.38715284801915184,0.33036499999999996,0.0027912460000000003,0.0819583492998322,0.234227,0.004326127,0.12651567709007372,0.7850459999999999,0.036333604000000005,1.074277018351245,0.353467,0.005921967,0.17412813251658668,,,,0.003437,0.000343663,0.009956788168260119,3.9776819999999997,5.119632,-0.005905683,0.036693551000000005,-0.005478536,0.037120686,7.497333639008263,-1.056666231959602,3.432872086313443,-4.600924646793459,9.6118567143469,0.9799186053220499,-14.768392246273198,-20.983259839123537,16.120740857743023,6.927476291603751,17.61831343275333,8.255163610714987,41.70366691087673,30.91758392808517,8.224464096614614,-0.12568698617119178,15.63100816744365,6.144264587796311,11.592936712608036,2.7939343578945675,12.767829265372521,3.8969876574340034,11.730547304021787,2.9033526520461983,13.22049370675571,4.312496213005934,12.179418634127037,3.45542843940434,13.910720725172677,4.990860559611066,-2.365108057169507,-10.230604385086773,-23.784655334126093,-29.578118661110043,-14.720578132561657,-21.667576568091608,-13.021890503483158,-19.315020734180443,-15.190968890579414,-21.744851575284418,,,-71.9361869445531,-74.1826861441593,22.82465434110582,9.296988459812534,10.406383966916307,18.074216299657067,24.970785014470312,2.3290206221937066,12.097951295844254,22.601180785427864,3.0061726832308144,11.309802961290123,32.23000214946043,6.479180384323369,1.3684136544723828,2.1208919807790663,20.884355401015956,-1.4210854715202004e-14,25.81783868489177,21.50704285772872,1.2237,1.9271,87024.0,0.1064912688,0.260999809,,,,,,,,,,,,0.3674910778,0.25701459400000004,0.003985215,3.021110316519205,15.086641372587966,,,,0.086430111,0.078279981,110.4115124912971,75.41000571616358,-0.7239329999999999,0.259459,,0.008178197,,
2008-07-01,4.88183514,27.60232497322718,12.064613928040524,17.919994,0.20285461400000002,5.877933115082714,21.237247999999997,0.20600646,5.97102553319356,13.801397,0.161739045,4.685824918367983,7.4358509999999995,0.044267415000000004,1.2852006148255768,13.778442,0.16778900000000002,4.871751219201978,3.069318,0.038420371,1.1152912611242467,0.077471,0.015398417000000001,0.44987740574102925,1.108536,0.017787880000000002,0.5191477348540491,2.777831,0.030254469000000003,0.8751921571753541,4.012833,0.041682009000000006,1.2096434485096441,0.314842,0.003903044,0.1132251288816143,4.1708039999999995,0.046503072,1.3471955248819774,0.495521,0.00617483,0.17914003547192564,2.065013,0.022807981,0.6616886902409201,4.650367999999999,0.065478228,1.8965737928871225,1.65519,0.013616513,0.3940290091831679,0.41586399999999996,0.002735501,0.07884914598756906,0.348637,0.00442292,0.12834871971530032,6.78968,0.038092704000000005,1.1060798636113516,0.6461709999999999,0.005831048,0.1691639630459651,,,,0.0,0.000343663,0.009956788168260119,-3.3172539999999997,4.118596999999999,-0.0031518460000000002,0.041115569000000005,-0.002236516,0.042030887,11.174847471414239,1.9735602716754785,3.252215489999033,-5.262983185853298,8.163897962602507,-0.7730810003331978,-11.44084102784717,-18.679043026609065,18.841446582207944,9.111256096230914,21.668820920805576,11.702552049833749,42.77391882839174,31.897945219273826,19.65230371925566,10.390352285267145,17.381331908670262,7.371959666133487,12.038457335981324,2.7652300937795804,14.93099653738572,5.5586457720585125,11.570119983218085,2.3369409289683896,12.72949070061069,3.479601308916269,8.656823230665234,-0.22432907860627793,10.880649532986443,1.8164915732223674,-0.34302634589299386,-8.958947029238706,-24.526368995427173,-30.908773902377785,-12.27407637192498,-19.75405258927091,-8.958160700121077,-16.392627450867238,-15.808921466440296,-22.778775753193024,,,-71.81745718039261,-74.06798086999218,22.898027284267737,9.177250594496659,10.60133858596213,18.031258902550228,24.84191991131719,2.32616202492416,12.124042696481894,22.573598905587716,2.997396295242392,11.071488243621099,31.784550833988412,6.609750490348701,1.3278714657783062,2.146981216025944,21.488362549407434,0.0,26.38278731025276,21.822237181156748,1.1853,1.8481,87024.0,0.10314954720000001,0.261148855,,,,,,,,,,,,0.36429840220000004,0.25588664,0.005262215000000001,3.4322055542912504,15.12586810766066,,,,0.093635097,0.08704695100000001,107.56849714357027,74.82448069718588,0.8501519999999999,0.6241949999999999,,0.007106776,,
2008-08-01,4.86989758,27.669986439427337,11.766402461552783,26.447423,0.209842569,6.007934339388387,20.437402,0.21051324800000001,6.043862008890351,12.297101,0.16242335900000002,4.666951407240007,8.140301,0.048089889000000004,1.3769106016503447,18.919553999999998,0.16896269500000002,4.8464510511583185,3.6494299999999997,0.038357243,1.101457305089111,4.335226,0.016423542,0.46746569965191714,2.056853,0.01751952,0.5041518772460315,2.511559,0.030413686000000002,0.871939023792785,4.080255999999999,0.042002436000000004,1.206268550999411,0.371025,0.003909488,0.11221644532107866,3.586089,0.046667386000000005,1.340601606134218,0.47884299999999996,0.006210755,0.17869204415651782,1.924067,0.023218428000000003,0.6681177667387731,4.457193999999999,0.065255399,1.8751710765976521,1.440763,0.014012047000000001,0.4015704127760418,0.271269,0.0029338190000000003,0.08409909126711677,0.138876,0.0041255250000000005,0.1186994095696874,7.883845999999999,0.041978024,1.2005683664552442,0.253388,0.005765135,0.16630058317843058,,,,0.003067,0.00034673,0.010041652016669842,6.010021,14.150322,-0.0006706790000000001,0.04741921,0.00015602700000000002,0.048245904000000006,13.212967726320567,3.307615512445783,5.841279053745807,-3.2305903946782233,8.217705508281892,-1.0045457347618525,-1.466801888374969,-10.08365462421158,16.14887157905407,6.12764011268172,17.982437131926222,7.885550357060445,33.34878719776968,21.621656383742028,10.384380031069785,1.1647905367966116,17.359050668385102,7.066243555495655,11.915918716452145,2.281788695555398,12.004918548008403,2.4183837592688606,10.684186122077243,1.2067205201198306,12.06561808133062,2.5516957624684533,9.296895179016861,0.0019522202295396696,10.447176056207397,1.1947560288662507,2.9759297143868046,-6.294339250824088,-10.310989996643327,-17.728133168935432,-20.35924317512482,-27.420412217979727,2.9160671629801627,-6.121453758726747,-15.190603368317934,-22.316884717190856,,,-71.5659204357492,-73.8469340674136,22.701604635271703,9.72021782678123,10.36886870205284,18.000237271310095,24.85899979282409,2.313817260076255,12.036254511683794,22.168384385955605,2.9502917555098476,11.029437919270526,30.99823864766934,6.656135484641804,1.3936505316758023,1.9597460203549757,22.844115254922105,0.0,28.461838277378327,22.91712745853774,1.1818,1.7454,87024.0,0.10284496320000001,0.264176061,,,,,,,,,,,,0.36702102420000005,0.254924345,0.009251716,3.040911525660537,13.436979547452074,,,,0.10568373900000001,0.096992512,108.96071956565059,76.04758680645803,3.5555369999999997,-0.354715,,0.009396534,,
2008-09-01,4.89188782,27.54560303878759,11.125383432821678,13.788288,0.20923486900000002,5.9470775944321375,23.214516,0.215585819,6.127992066705933,18.192676,0.16826674700000002,4.79006599408373,5.02184,0.047319072000000004,1.3379260726222022,11.827389,0.16845547800000002,4.794679387397099,2.357436,0.037876059000000004,1.079503697483223,0.256546,0.016475901,0.46828221780261764,1.11606,0.016985797,0.48439430633460495,2.437515,0.030623694000000003,0.8708975054047751,3.8776789999999997,0.042106002000000003,1.197555365995607,0.281363,0.003897867,0.11099847259164244,4.884243,0.047678306000000004,1.356577999832001,0.507224,0.006246270000000001,0.17822474856596232,1.91793,0.023693966,0.6767964596055619,8.174108,0.068107296,1.9374180964873986,2.0501009999999997,0.015277501,0.4340235132552302,0.239287,0.0029689240000000004,0.08444035290575583,0.41978299999999996,0.004294484,0.12258482343182037,4.2926709999999995,0.041083605,1.1600349385463489,0.66174,0.005821525,0.16599875199594927,,,,0.067429,0.00041394200000000004,0.011892382079904177,-9.426228,-4.404388,-0.00635095,0.040968122,-0.005610861,0.041708199,11.752007284632082,1.7323625234067608,6.376889492059878,-3.1850408626684423,11.026896180178003,1.1537497500554883,-7.412355672118953,-16.073350741046923,14.493509825813234,4.364556331759184,14.85290172935887,4.799119810929686,29.944264648748508,18.30755804898598,5.317388836620185,-3.731595212306049,18.422290279971133,7.821773904628193,10.688573535973745,0.8178131795521848,10.314565726998648,0.600319820255657,11.79266207504821,1.8365251268236404,11.368908271716972,1.6106731177177203,10.132328174914962,0.439703827407234,14.005053247378152,3.995038380748439,12.280390887867188,1.6888456120607742,-8.539950334905145,-16.360264210063203,-17.255520413560166,-24.942385263155554,-4.816378338655425,-13.776533181856522,-14.821107535932931,-22.41571753936863,,,-62.720925226970415,-65.8461291380387,22.484314223370045,9.780567064729114,10.08325594493282,18.179102492588576,24.99532962650226,2.3138855715929876,12.163545076284194,22.115696765750627,2.8973473436116874,10.990503044172863,31.591732849552596,7.086505536804348,1.377142529026921,1.9920067191432478,21.949065211937715,-1.4210854715202004e-14,28.089957395152204,22.61528980621294,1.2316,1.7978,85189.0,0.10491877240000001,0.26636362,,,,,,,,,,,,0.37128239240000005,0.25729090400000004,0.009072716,3.4036712700803164,15.30481892640894,,,,0.094420076,0.087147689,108.34489942699457,73.63263136064118,1.3370689999999998,1.6253819999999999,,0.010676705,,
2008-10-01,5.01911712,26.84735119311183,11.98570143524611,15.106822,0.21019014900000002,5.927186886659949,15.177646999999999,0.21650950900000002,6.106923695682116,13.164798,0.16909199700000002,4.772515038092228,2.012849,0.047417512,1.3344086575898881,13.043731999999999,0.169322768,4.778781943608387,3.8156969999999997,0.038143454,1.0752646649351876,0.082662,0.01641445,0.46616868816470225,1.543891,0.01709436,0.4826902746518672,2.494307,0.030717868000000002,0.8657025758254007,3.269192,0.042414345000000006,1.1963060105179901,0.33106599999999997,0.003921824,0.11065342592856542,4.147381,0.048081241000000004,1.3553466965972099,0.49562399999999995,0.006284989,0.17779400243765117,1.759915,0.02377864,0.673679069096797,4.856114,0.067894174,1.9153843279173437,1.3263639999999999,0.015645426,0.44081721837344934,0.222628,0.003111439,0.08800871207616053,0.356772,0.004296088,0.12148501159361627,1.6603759999999999,0.041288354,1.1608479271831622,0.198765,0.005561508000000001,0.15754169566963105,,,,0.15370799999999998,0.0005676500000000001,0.01601903473709501,-0.070825,1.942024,-0.00631936,0.041098152000000006,-0.005680744000000001,0.041736755,11.28693606236233,1.0400249480221335,7.181097332275699,-2.68256574473692,11.131245008962098,0.9777728625963711,-4.876216339845573,-13.851270403780802,13.804207189149365,3.44783660174961,12.980091920264591,2.678051371532031,28.675558420856937,17.132035785050558,5.3459185386424135,-4.045981625889383,17.092716918354057,6.315695676237865,11.494481811963286,1.292736466232891,9.046602970805218,-0.9075731423564548,12.391003351096241,2.082162023122347,11.433446191292118,1.3869509764464993,9.658860273985749,-0.26417944833786455,12.989135786435323,2.837165094888805,15.969279984914397,4.743284985995033,-0.20719080380731114,-8.91177593519279,-19.73754565580892,-27.584205289048302,-2.138414223104823,-11.422273584970666,-17.435726444312284,-24.87565029209331,,,-38.411512864523765,-44.20342972792846,22.527067358123983,9.694177690267855,10.095724397796284,18.141605150230003,25.049404460479884,2.316182310461638,12.175838632640364,22.207450020128217,2.9028697303082422,10.982723165290627,31.35851829953575,7.226207325609887,1.4370911533497588,1.9842491075068671,21.90089119827065,0.0,28.004215003147127,22.55934078052345,1.4964,1.9588,85189.0,0.1274768196,0.27133285,,,,,,,,,,,,0.3988096696,0.26226013400000003,0.009072716,2.116437480553847,15.215064718393807,,,,0.09439206300000001,0.085182661,110.81135748975956,74.6353328468187,1.514727,-0.785608,,0.013488319,,
2008-11-01,5.06089859,26.62570640444309,10.759711135423867,17.989639,0.20943061100000002,5.8532500880731595,21.375116,0.22169601500000002,6.198640156964689,15.93506,0.17111494200000002,4.786521267641066,5.440055999999999,0.050581073000000004,1.4121188893236236,15.75231,0.168318929,4.704050182787151,3.094538,0.037930221,1.0601109209193995,4.140804999999999,0.016701845,0.4627813448983829,1.219881,0.016768887,0.4695971201000276,2.054715,0.030333558000000004,0.8484826120285813,3.4964739999999996,0.042074233,1.176259048324144,0.32078599999999996,0.003927119000000001,0.10989057493755187,4.287223,0.048624343,1.3590808293314007,0.5191319999999999,0.006330904,0.17766082645213097,2.356429,0.023887108,0.6701270371783934,6.032261999999999,0.068252347,1.9086655283100522,2.030153,0.016594729000000003,0.46299660919393926,0.340389,0.003010346,0.08405226022962556,0.36947199999999997,0.004415165,0.12393817694552384,4.931031,0.044266828,1.234558120282365,0.509025,0.005880029,0.16547677708692785,,,,0.0,0.000434216,0.012083991954330913,-3.385477,2.054579,-0.012265404,0.038315669000000004,-0.012737538000000001,0.037843522000000004,9.991414360886308,-0.2645605022906228,8.235561470521313,-2.0045374159059604,9.710264783472011,-0.5664096245776906,3.527801823909127,-6.584199435588644,10.650283799207717,0.41576630375355084,10.736189047206611,0.5091839405954035,20.630594302950268,9.339172903727299,1.119906440089169,-8.031259504473509,14.402454570713186,3.8259552861963364,8.320970915488646,-1.74310746509303,8.094332912749858,-1.9314526273387367,12.550125410888736,2.0392265347475735,10.973832495860547,0.7952845584345836,6.841325001772325,-3.0797492931488812,9.792474746347079,-0.3226137155431186,21.61400060533176,9.426110564316726,-13.777464879096101,-21.786052220179897,-18.289193256695224,-26.56204622774271,6.921084459893412,-3.5861248475925422,-8.138326126081097,-16.647496488062195,,,-58.84661023053389,-62.98335838528553,22.534732858239607,9.922737210382321,9.962567549369329,18.021477548731315,24.996732839239964,2.333141627820125,12.228610366217339,21.932889952938485,2.8556688310342424,10.77471239165034,30.786456400670982,7.485352860311901,1.35787104698296,1.9915400824863723,22.815508433924713,0.0,30.050733628420367,24.151709608486986,1.5655,2.0215,85189.0,0.1333633795,0.27381572400000004,,,,,,,,,,,,0.40717910350000003,0.261477466,0.012338257,1.2656116376829176,11.037233568103407,,,,0.10322755900000001,0.091651517,112.63049688528342,75.94821655605062,1.623961,-0.8899269999999999,,0.015265521,,
2008-12-01,5.04016493,26.735236221724193,10.063799210543012,15.840337,0.209598472,5.815569833376479,25.000100999999997,0.22703056200000002,6.288348775192373,23.129502,0.176369257,4.878901990919604,1.870599,0.050661305000000004,1.409446784272769,12.035855,0.16810896,4.665488236812267,3.1291149999999996,0.038029985,1.0546274223223522,0.298647,0.016905045,0.46795713706243464,1.317697,0.016804601000000002,0.467102663875807,2.106476,0.029972307000000004,0.832184863082913,3.3200439999999998,0.041831723,1.160190147894563,0.34689,0.003945061000000001,0.10948519747421927,3.274564,0.048856322,1.3570965228491798,0.85837,0.006407540000000001,0.1776063897650276,5.227252,0.024411518,0.6714938874641222,6.964885,0.070360437,1.951958214556944,5.3343229999999995,0.018515893000000002,0.5051760035337364,0.558161,0.003173794,0.0873600740219267,0.911947,0.0046437530000000005,0.12821089872866662,1.581718,0.044516489,1.2376488595145259,0.288881,0.005738379,0.16053135256639744,,,,0.0,0.000406437,0.011266572191845405,-9.159764,-7.289165,-0.01743209,0.033229215,-0.01787188,0.03278942,10.10649398074246,-0.22375954048058366,11.252579860967016,0.570570917885882,13.55599471813347,2.7401507198012487,3.9144632469077623,-6.280211011824521,9.993678088799896,-0.25091014943334766,10.40044606094217,0.11003160917693044,22.93794955317756,11.418042831264884,0.0686950238089512,-9.147948473045941,13.134458239385882,2.6856448342165162,6.957767484720523,-3.0663918892955833,8.319881648973793,-1.8334330310908586,12.135928157277709,1.5716064301585675,10.38851518683237,0.05504019716591202,9.675643111501753,-0.760052693544,11.168227989135659,0.6786541471089702,42.391828956556246,28.146962717816137,-10.404633741761149,-19.19845928241244,20.748843867132805,9.207505238884227,7.166181829036722,-3.4294207544319,-10.37317470422603,-18.723976779668995,,,-49.86511440296933,-54.53437547809193,22.622223705387267,10.056004748348927,9.996255404827918,17.82909548664152,24.883696264613143,2.3467285741343,12.265995816046924,21.519711517958537,2.8223248639097323,10.752525027885893,30.99161468842243,8.155683022094621,1.3979589232572132,2.045430782134081,22.314751174337488,0.0,30.135993346220214,24.170646148603602,1.5123,2.1408,76457.0,0.1156259211,0.274827296,,,,,,,,,,,,0.3904532171,0.26084899500000003,0.013978301,2.0266324406694594,12.112911946187994,,,,0.10398333500000001,0.09012442300000001,115.37753201482354,77.23011784115069,1.1515309999999999,0.588098,,0.017380924000000002,,
2009-01-01,5.05461566,26.65880238261281,9.50047634487683,15.829507999999999,0.209646578,5.776882516340089,18.796136999999998,0.229521003,6.313443297931204,15.013224999999998,0.179359928,4.928180016715931,3.7829119999999996,0.050161075000000006,1.3852632812152728,13.825040999999999,0.167775114,4.6207279020689525,4.142424,0.038435356000000004,1.0559692441877748,0.13322699999999998,0.016922439,0.4681274685013388,1.9444249999999998,0.016692164000000002,0.45889578654515284,1.487097,0.029329510000000003,0.8096542542091576,3.175427,0.041654973000000005,1.1469881015892405,0.386361,0.003999203000000001,0.11008714290151453,5.645861,0.049661073,1.3662890774570544,0.690614,0.006476101000000001,0.17785866206215686,1.0963129999999999,0.02444916,0.6698160680722314,7.166408,0.072390621,1.9930719062174593,0.008683999999999999,0.018508885000000003,0.504949435310882,0.0803,0.0032246310000000004,0.08864070622922197,0.325045,0.004649457,0.12755416136692516,3.102459,0.04399713,1.2146303442599122,0.680453,0.005757508000000001,0.15936636476351504,,,,0.0,0.000406437,0.011266572191845405,-2.9666289999999997,0.816283,-0.019874425,0.030286650000000002,-0.020340203,0.029820867,8.205075795344419,-2.053508621670108,13.688691132367392,2.743281849758361,15.069952916828466,4.0217721998553335,9.009849076534039,-1.5609424378987602,7.605206281076593,-2.532231462643575,9.175757508274106,-1.1709321844787013,20.279122489828396,8.922588942262411,-2.4261352290800398,-11.606121914642987,8.457969634367402,-1.5851528404753457,4.910338436362216,-5.025293253275698,8.81625407564075,-1.5180560044869007,12.739517205151941,1.9828032691159514,10.144740449565859,-0.30124793779869874,8.765995156299212,-1.6541602292606594,13.923712558602164,3.028757119514225,43.77859869177676,29.452839027395285,-0.6938062799492384,-10.21447952300506,22.37899383769544,10.753902562112838,12.276836188613194,1.3333267538894855,-4.917905002921397,-13.843033897361568,,,-47.46038558291171,-52.27799964771484,22.908854050905312,10.086382060214246,9.949129881085941,17.48144245039822,24.82786153851161,2.3836687722351964,12.362661246649466,21.636831641067726,2.82157228112148,10.652253902881386,31.539867835101788,8.064135638166412,1.4049393989446797,2.0257218028974893,21.85467749981905,-1.4210854715202004e-14,29.897804152289243,23.926493567665105,1.6107,2.1084,76457.0,0.12314928990000001,0.279235657,,,,,,,,,,,,0.40238494690000004,0.26778435700000003,0.011451301,2.106606987166752,12.168073196062627,,,,0.10381409600000001,0.089715864,115.71431335711151,77.63949702599584,3.180653,1.1280949999999998,,0.019798311000000002,,
2009-02-01,5.03733761,26.750241979512666,7.733136194408474,18.415430999999998,0.210433803,5.761474693184909,25.808272,0.238721706,6.525209370181826,15.949584,0.183416306,5.012086435595637,9.858687999999999,0.055305400000000005,1.5131229345861898,13.804651,0.16640311600000002,4.552631712016364,2.5149429999999997,0.038512082,1.052977907973053,3.604933,0.016711531,0.4545920552066843,1.2876699999999999,0.016676208,0.45577223638416603,1.486778,0.02855119,0.7841483502056236,2.750226,0.041266496,1.1301034243482313,0.32565099999999997,0.003999567,0.10942398068252795,4.429917,0.050235389000000005,1.373676347336571,0.542152,0.006535303,0.17844328375211382,1.480829,0.024737032000000003,0.6750489239375421,8.777144,0.075524466,2.0652291057590526,0.31418599999999997,0.018705707000000002,0.5099716884360717,0.071821,0.003015878,0.0824761084296441,0.33353499999999997,0.004662531,0.12724097794464106,8.832234999999999,0.049001036000000005,1.3405666342589422,1.026453,0.0058992110000000006,0.16132673157041963,,,,0.0,0.000405153,0.011229568756828033,-7.392841,2.4658469999999997,-0.028287903000000003,0.027017497,-0.029217306000000002,0.026088089000000002,6.203957898590762,-3.812537730280685,17.49295875370549,6.2393864197932025,16.516218892633503,5.405140020845356,20.85280710927968,9.09961070718792,4.292832594881002,-5.454780014230787,7.281567691469193,-2.8507283756245783,12.603442829643852,2.377815268060135,-8.699839739448489,-17.453578500591703,4.190734300944521,-5.306177608237883,2.990481593636374,-6.668934574697339,6.508762758801034,-3.5443783165675646,12.944756019070258,2.278042689891402,10.145079709486659,-0.20976662041193306,10.209242247281924,-0.27485719424139576,16.857115068084582,5.70087789085858,49.563467883128865,34.8280636883324,-13.022244537930739,-21.387029353217592,17.853088665628803,6.688033421083839,25.76817642181446,13.45998541734319,-2.260098462097182,-11.37450869505624,,,-47.07991441939201,-51.916332552469214,23.143846657294567,10.04279931873391,10.02157195181369,17.157845770147716,24.799112535849385,2.4035409288850094,12.431282837275717,21.043494469665028,2.737624118688227,10.362288546982821,31.63703345853267,7.8357797091145125,1.2633446914123512,1.9531240280261737,23.16731097757822,0.0,33.2357958969951,26.281614080794807,1.6813,2.1442,76457.0,0.1285471541,0.288933097,,,,,,,,,,,,0.41748025110000003,0.27676579700000004,0.012167301,1.8134461364817198,9.46691770142413,,,,0.12059663400000001,0.10075630000000001,119.69140788218702,80.52803102747501,9.015438999999999,0.24301799999999998,,0.026298032000000002,,
2009-03-01,5.09294152,26.45818717352953,7.885805548149194,13.052988,0.209708094,5.713525307635545,21.820289,0.24189338700000002,6.57021707582859,17.371672999999998,0.18689270300000002,5.075073921889553,4.4486159999999995,0.055000684,1.4951431539390367,10.514427999999999,0.165997252,4.519108739279136,2.781943,0.038921827,1.058869566253525,0.280072,0.016648619,0.4522119017894023,0.9228999999999999,0.016741388,0.45570719868487447,1.8927889999999998,0.027820515,0.7593423109370925,2.81188,0.041111793,1.1198206624470306,0.328161,0.004017921,0.10926320016351931,4.420834,0.050840306,1.3817196681327013,0.536656,0.006591584,0.17893010279678667,2.224389,0.025433215000000002,0.6902801521102031,8.235812,0.07702542700000001,2.0908899422883676,0.786844,0.018695372000000002,0.5080349759685802,0.235209,0.003015125,0.08196386457813924,0.931929,0.0052916740000000006,0.1432552160147749,3.4587459999999997,0.048666486,1.3238005587119237,0.971803,0.006084773000000001,0.1645959200894199,,,,0.018067,0.000249425,0.006746675137692839,-8.767301,-4.318684999999999,-0.032185293000000004,0.022815391,-0.03265274,0.022347939,9.543244397420136,-0.5480358447192524,17.317102378081707,6.194069383128964,17.063488238177136,5.987635865327134,18.187157049309953,6.90081909003315,4.302662231920529,-5.34260242807102,8.21204093815211,-1.943735271246494,10.93307115864044,0.865098358016736,-2.4662572298029595,-11.617851057599182,-0.052782075592250344,-9.028836611539514,2.90959109602269,-6.635069691935591,7.76511463612064,-2.2709467647808235,13.25762271675821,2.6595310900759728,10.147383224624429,-0.12360788430932912,12.652281715404289,1.9607619557953315,16.795110502346144,5.741602787944644,47.491091936204334,33.198166206843595,-17.39874643069166,-25.482870492050992,34.80021235143553,21.900266844244243,23.51121942013703,11.678675593674592,-2.1037774067360737,-11.30895121913824,,,-72.85678218608325,-75.62392592796479,23.447271886163513,10.029454583983112,10.085340448888875,16.759623827989635,24.76655035229137,2.420474406407643,12.491284494275845,21.017650226213085,2.7249955369800993,10.514225012691233,31.842717138852585,7.728765234909048,1.2464685526934227,2.1876058976345645,22.737572400025964,0.0,33.13349066766478,26.227258543487597,1.688,2.2258,69253.0,0.11689906400000001,0.292306039,,,,,,,,,,,,0.409205103,0.276920904,0.015385135000000001,1.8076339066463758,9.534618629289092,,,,0.120984398,0.100040876,120.93496462386035,81.35736951611044,3.0979419999999998,-0.7915719999999999,,0.027497141000000003,,
2009-04-01,5.09388396,26.453292037692982,6.126055254062246,20.063364999999997,0.21220913500000002,5.751225569348903,21.009963,0.244265377,6.602760377985345,17.971922,0.190392272,5.14419596815502,3.0380409999999998,0.053873105000000004,1.4585644098303254,12.813506,0.16590875300000002,4.495859391798759,3.52622,0.039093116000000004,1.0579639132838183,-0.267346,0.016245271000000002,0.4413216222244986,2.290508,0.017498807,0.4732589875998354,1.829937,0.026834792000000003,0.728703793639058,3.507072,0.041398207,1.1221780399319048,0.35650499999999996,0.004032691000000001,0.10910011892681938,4.702039,0.051528684000000005,1.3934252210101938,0.556771,0.0066598690000000006,0.17994485313561037,2.326353,0.02592672,0.7003647744752362,7.829129999999999,0.078323185,2.1146355426087693,1.8201889999999998,0.019519613,0.5282248870056706,0.379822,0.0032544830000000003,0.08806804366146764,0.357618,0.005179718000000001,0.13953264625807177,2.6767719999999997,0.047431783000000005,1.2847998851205777,0.361269,0.006195614,0.16712220001795622,,,,0.0,0.000245708,0.0066423246917918935,-0.9465979999999999,2.091443,-0.032056242,0.021816863000000002,-0.032975213,0.020897884000000002,9.000645993644142,-0.7957243112999057,17.1744898032999,6.384786158525002,18.373195062689884,7.489894375544037,13.125948414642853,2.662242408528104,2.2912455570393675,-6.973154354148692,5.865209856513864,-3.8466772752657863,8.087066488771221,-1.6316079999311617,-0.7473158968321125,-9.991511873526848,-6.09922374406694,-14.263307629012612,2.0789148077821284,-7.205352588662828,6.178073192918987,-3.4676720938717764,13.794141075213172,3.4352923756047593,10.40086081211211,0.3552242398911609,15.088313156520282,4.450327033727386,17.375666840739832,6.603773261599799,54.96790346260894,40.388800748196154,-7.383543695730365,-16.457325545210388,24.520593654200475,13.02428540685514,15.536618676967628,4.83162132232593,0.49041599720245355,-8.855785625018909,,,-39.08982285309152,-43.69177434886229,23.56302201849471,9.79169013463684,10.547247618695561,16.174428120739357,24.952394766055527,2.4306680190646723,12.540549322313339,21.095369566027365,2.7264891495449235,10.614160843597578,32.064791974181425,7.991150133405932,1.3323554242400881,2.120528936035008,22.055153972967688,-1.4210854715202004e-14,32.47152668310393,25.38679826389189,1.5968,2.1113,69253.0,0.11058319040000002,0.29776762900000003,,,,,,,,,,,,0.40835081940000006,0.282382493,0.015385135000000001,1.7959540535406187,13.896176972866984,,,,0.121771211,0.09657164,126.09417319618885,84.56133087891945,6.652476999999999,-0.290886,,0.031151420000000003,,
2009-05-01,5.12655519,26.284706787678218,5.2363448506144605,18.853945,0.211851281,5.715377170744143,19.463744,0.24790629400000003,6.676682940979119,14.473113999999999,0.19072396100000003,5.133450654384812,4.9906299999999995,0.057182333,1.543232286594307,15.275419,0.16428172900000002,4.429829732232568,3.3212539999999997,0.038196855,1.0286011456455593,3.423991,0.016541614,0.44480614808496177,1.4326109999999999,0.017602114000000002,0.4741447837548421,1.939504,0.025870511000000002,0.6993613028964243,3.380283,0.041335528,1.1157917928801961,0.32876099999999997,0.004001667,0.10778946925984963,4.584468,0.052117266,1.4033961570755573,0.555951,0.006722001,0.18089830286067496,1.670505,0.025784268000000003,0.6941251877520559,6.329959,0.078409848,2.1083204444415586,0.7761,0.019261491000000002,0.5200167663101214,0.13736299999999999,0.003282478,0.0886533545182341,0.418768,0.005146609,0.13804044142660923,4.8134749999999995,0.050808055000000005,1.3715660989869038,0.16032,0.006111735,0.1645813598768407,,,,0.016835,0.000262543,0.007084827730562456,-0.609799,4.380831,-0.036055013000000004,0.02112732,-0.037262463,0.019919866,9.104572982501914,-0.1602635223798332,19.995126356379412,9.412166081430495,17.795307604766908,7.472363074082788,27.965823195640805,16.400844418103834,0.37266963331135106,-8.246315310295227,2.1226742419768074,-6.688353188602436,7.206830080856763,-1.5037591379656101,2.446942349319814,-6.6817694026696355,-11.32775039381595,-18.642152114586718,1.0102015212697157,-7.810743157331057,5.089573863345409,-3.9746854414877686,14.035183187373978,4.097640233248323,10.530594459494447,0.8656434366749677,13.77642370845862,3.715390339528235,16.63003024875089,6.457393805046996,50.82561234099643,37.3742170329596,5.850773433325496,-4.100646734554603,17.94824137889148,7.548751895941397,32.66536381037031,20.640223420293413,1.069110158034814,-8.060821971584298,,,-22.926323762105927,-28.24803781377837,23.250823589761463,10.069052779448162,10.71459017819322,15.747649575808884,25.16136654490652,2.435856393987672,12.620660937894073,21.022970074329777,2.7115088090502453,10.400812171392468,31.628825043062434,7.769665985164539,1.3240801381186391,2.0760299857493734,23.066107793132513,2.842170943040401e-14,34.807481847235735,26.99173341321453,1.5623,2.1655,69253.0,0.10819396190000001,0.301871265,,,,,,,,,,,,0.4100652269,0.28648613,0.015385135000000001,1.0822776104482037,7.615121191417348,,,,0.137034619,0.101266412,135.32089889784976,90.1102083099854,4.512652999999999,2.3908869999999998,,0.039514636000000006,,
2009-06-01,5.13220982,26.255746496350376,5.734256575411445,15.411031,0.20871877100000003,5.605212148589103,17.932371,0.251272806,6.743143279056851,16.809105,0.194109157,5.202120842626903,1.1232659999999999,0.057163649000000004,1.5410224364299476,12.850277,0.16444060400000002,4.414893296116506,2.685444,0.038087762000000004,1.0215294511964652,-0.049906,0.016316328,0.4386270487852436,1.6387809999999998,0.017879813,0.479386771529318,3.0245699999999998,0.026043078,0.6995982828124171,3.680186,0.041361552,1.110973468911795,0.309297,0.004000708,0.10729717729289492,4.685801,0.052819224000000005,1.415828626419783,0.564296,0.006801154,0.1822461063094264,1.9004189999999999,0.025949414,0.695848641047562,7.758742,0.081232126,2.1749892588166593,1.280834,0.018823731,0.5059355839417168,0.272096,0.003224209,0.08662607017484192,0.346917,0.005259299,0.14064655591691413,0.639361,0.050662370000000005,1.3665590873844131,0.483905,0.006242173,0.1674739369661971,,,,0.0,0.000259106,0.006989412079337687,-2.52134,-1.398074,-0.042554035000000004,0.014609614000000002,-0.043271743,0.013891902000000001,5.375687109995142,-3.1855246499353673,23.186970524271278,12.781117087280759,20.282636236525043,10.200349578102763,34.18938237246238,22.462575243683425,-0.33856037603472444,-8.619702796042162,1.1345015758286614,-7.302889602086637,6.364873595816012,-2.163619985594134,4.131282966151217,-4.834627915167788,-12.672519710658293,-19.685655778881028,0.38821306025915714,-8.043148094456798,4.107403172528001,-4.550183976360255,14.572442744877634,4.9809711489053,10.914409153191485,1.5513276832623824,12.48427189453929,2.8371784416661328,23.56252387563098,13.268276092774167,42.4311307569607,30.681095730100093,15.511459756682132,5.695235341958349,21.57061038661141,11.169270996178483,39.436676857049456,27.207327722764685,5.407088556893336,-3.8214362344670016,,,-24.60462720746779,-29.802543137170712,23.162017818908033,9.922323077820852,10.873113188029885,15.83737675884479,25.152882556913987,2.432919791513293,12.619366807969143,21.02066866718558,2.7066812793104242,10.327187574766846,32.328259986876574,7.491352247644338,1.2831507918926968,2.09306334566105,22.749636106662493,0.0,34.762490291023255,27.387881179120203,1.5301,2.1469,73414.0,0.1123307614,0.301675595,,,,,,,,,,,,0.41400635640000005,0.289556001,0.012119594000000001,1.0781195592025243,7.716082688313936,,,,0.137563129,0.101204579,135.92579541287355,90.58134762422863,-0.13359,-1.856962,,0.037988559000000005,,
2009-07-01,5.14508983,26.190018921399474,5.392535439039836,16.784958,0.20758373500000002,5.550177018297718,23.392214,0.253427772,6.769588385497258,18.166104999999998,0.198473865,5.29694083122651,5.226109,0.054953907,1.4726475542707478,14.435134999999999,0.165097297,4.412632721190699,3.322987,0.038341431,1.023838230719854,-0.038057,0.0162008,0.43549195551715103,1.483357,0.018254634000000002,0.487637748509987,2.412346,0.025677593000000002,0.6861030762146749,4.368024,0.041716743,1.114608579591632,0.31743099999999996,0.004003297,0.10692032998991288,4.871174,0.053519594000000004,1.4282808782415763,0.563028,0.006868661000000001,0.18331428860964555,2.432708,0.026317109,0.7025621496978631,7.637483,0.084219241,2.2466541143174292,1.711844,0.018880385,0.505081718419765,0.377276,0.003185621,0.08502812248076569,0.572592,0.005483254000000001,0.1460195594594651,4.557697999999999,0.048430388000000005,1.2985143304182163,0.668411,0.006264413000000001,0.16714381177319348,,,,0.0,0.000259106,0.006989412079337687,-6.607256,-1.381147,-0.045844037000000004,0.00910987,-0.047844365,0.007109538,2.3312858932555525,-5.576043319444679,23.01933250054391,13.373964788199322,22.712400706953595,13.0417999712924,24.140763584230072,14.585033440138107,-1.6042189893258896,-9.424095717401714,-0.2054639191276908,-8.199923517037643,5.210814851942258,-3.1976378542911688,2.6240001619080022,-6.06956059490863,-15.12793366163524,-21.60543595031248,0.08333091622334532,-7.856436459446037,2.5685849301212205,-5.568374223970707,15.08829782256107,6.018825913684833,11.236438897912993,2.330162058259777,15.3855266715629,6.177143430101695,28.621747369217143,18.458565796028715,38.658002970363995,28.18389170554021,16.45475545430253,7.836453287865375,23.9736192379695,13.767834835720816,27.138225734775865,17.39788175679884,7.432025941134435,-1.1941971779312666,,,-24.60462720746779,-29.802543137170712,23.223536482247802,9.81288021935332,11.05689452929081,15.553006297855987,25.26797455684571,2.4248107465987165,12.660897167807647,21.118282963873433,2.71030319439497,10.384461336778829,33.23204885374599,7.450006307911668,1.2570133789441198,2.1636357991577975,21.6842481651932,0.0,33.28577026915226,26.47312757909477,1.477,2.0778,73414.0,0.10843247800000001,0.3077161,,,,,,,,,,,,0.416148578,0.297317223,0.010398878,0.6691092599008461,6.948669330302063,,,,0.131592111,0.089387359,147.21557105183072,95.48270368982305,6.696352999999999,3.339202,,0.046549767000000006,,
2009-08-01,5.12969665,26.268609860195145,5.334795357236244,21.993651,0.20312996300000002,5.39611982005021,23.518304,0.256508674,6.821878901649599,15.460657999999999,0.201637422,5.362810206496147,8.057646,0.054871252,1.4590686951534528,19.296297,0.16547404000000002,4.396015816210141,3.598397,0.038290398,1.0173834390233112,4.769248,0.016634822,0.44081782592381413,2.461499,0.01865928,0.49538481079435204,2.177076,0.025343110000000002,0.6737970328228474,4.083689,0.041720176000000005,1.1089807845336102,0.358398,0.00399067,0.10606869050789859,4.406467999999999,0.05433997300000001,1.4448056329944312,0.544947,0.006934765000000001,0.18437970943051465,2.2776579999999997,0.026670700000000002,0.7091541512962659,6.447761,0.086209808,2.2926973349603146,1.297178,0.0187368,0.49929088854856457,0.22005899999999998,0.003134411,0.08330275694655336,0.26658699999999996,0.005610965000000001,0.14917973231950304,7.620775999999999,0.048167318,1.2805556100836215,0.356238,0.006367263000000001,0.16949044628865603,,,,0.080632,0.00033667100000000003,0.00902263878117522,-1.524653,6.532992999999999,-0.053378711,0.001492541,-0.054419845,0.000451403,-3.198877154425217,-10.183442174577106,21.8491835725227,12.872843417252188,24.143117862745346,14.910350216559554,14.101432007880078,5.966842974746123,-2.0647486712969454,-9.294125334052893,-0.17426956363885138,-7.632966405265973,1.2864460053744864,-5.700498185844538,6.505657689251754,-1.7389732831245674,-16.672020615981896,-22.72429442463235,-0.6720086425463512,-8.06518302953323,2.076537899591968,-5.478479375807921,16.44100443080314,7.772930181748605,11.657358887929092,3.18294264349841,14.868672418304962,6.142088506012988,32.11137978023855,22.266035540620145,33.71922032519588,24.334580602436496,6.8372316083575635,-0.9469000301490671,36.006084074148134,25.678579919069367,14.744128975675451,6.662448042383851,10.444300090110637,1.9181310427534237,,,-2.901104605889304,-10.147864453010225,23.139821811324605,10.052828830431649,11.27625819735833,15.31545975429137,25.21252034458094,2.411659254829337,12.591451807183773,21.18445826904084,2.703520661449445,10.3975821106151,33.60892505334927,7.304548305450287,1.2219512701547084,2.1874367492149607,21.3915775807254,0.0,33.16003646251702,27.012879434236886,1.49,2.138,73414.0,0.10938686,0.31542637100000004,,,,,,,,,,,,0.424813231,0.299656862,0.015769509,0.625724228385083,6.5629470252913285,,,,0.14071614300000002,0.094640898,148.68428551893075,98.53504717123558,7.426031,0.939298,,0.051714273000000005,,
2009-09-01,5.14980202,26.166054437952937,5.272283615040063,15.953209,0.205294884,5.433745647371772,25.427733999999997,0.258721892,6.8477645312538025,20.441164,0.20388591,5.396546585185993,4.9865699999999995,0.054835982000000005,1.4512179460678105,12.517349,0.166164,4.397752889183673,2.603175,0.038536137000000005,1.0205612615394821,0.19641599999999998,0.016574692000000002,0.43889054339511036,1.739895,0.019283115,0.5101684523532048,2.344941,0.025250536,0.668012066091545,3.907656,0.041750153000000005,1.104415717708561,0.31102199999999997,0.0040203290000000004,0.10645659558349721,4.8503099999999995,0.05430604000000001,1.4371796896724018,0.5849949999999999,0.007012536000000001,0.18571492949069893,1.91617,0.026668940000000002,0.7064622213924562,10.022618999999999,0.08805831900000001,2.3297889951609974,2.2961679999999998,0.018982867,0.5029012770998287,0.419562,0.0033146860000000003,0.08768973436430741,0.35134,0.005542522,0.14680973800530203,4.1102289999999995,0.047984876,1.269859874507959,0.8763409999999999,0.006581864000000001,0.17419280524597885,,,,0.0,0.000269242,0.00716526631387281,-9.474525,-4.4879549999999995,-0.053427008000000005,0.0014089740000000001,-0.05395935,0.0008766280000000001,-1.8830441688951982,-8.63166721653278,20.008771077841626,11.745649418485282,21.168272183927094,12.66121577137631,15.885582033392364,8.467722975423264,-1.3602870189831529,-8.278478416236846,1.7427314705577013,-5.46014210800394,0.599609089663744,-6.276487402281838,13.524934979500802,5.3209019349611975,-17.545753951172582,-23.296132788775548,-0.8451265451419498,-7.777481603918412,3.1417695883415364,-4.0918373938842905,13.900942705472797,5.9415448172079,12.267577290126752,4.202660396496194,12.555829615016755,4.383261963897311,29.293517980804886,20.252257341096367,24.253744116920693,15.86959271584314,11.64603741961734,3.8481381788849633,29.061419253162903,19.761756712857004,16.798114478999594,9.467381741039006,13.060821691910629,4.936213767576714,,,-34.95658812104112,-39.74910774199962,23.191628150501916,9.974899496882598,11.604869285765869,15.196153198045304,25.125871428227537,2.4194945957006335,12.487083844876153,20.990121701800174,2.71045327698825,10.307956467788973,34.03589789765452,7.3371707563115685,1.2811772418547405,2.142270202631326,21.194952454970455,0.0,33.00112057966828,26.710837080577228,1.482,2.1603,78894.0,0.116920908,0.320629903,,,,,,,,,,,,0.437550811,0.304708395,0.015921509,0.596044599850615,6.0406852521931125,,,,0.14772300600000002,0.09777533100000001,151.08412775406507,101.34659454757772,5.209498,-1.536419,,0.052424901,,
2009-10-01,5.27388985,25.550400905699615,5.0760467211412585,19.009536999999998,0.209197599,5.513868783107674,21.43059,0.264974835,6.9878450781054005,16.699175,0.207420287,5.469777245938053,4.731415,0.057554548000000004,1.5180678321673475,13.831396999999999,0.166951665,4.400960973746733,3.615388,0.038335828,1.0104945169636343,0.10156699999999999,0.016593597,0.43926636521957446,1.9710299999999998,0.019710254,0.5190796751694814,2.3376099999999997,0.025093839000000003,0.6607734027402801,3.829392,0.042310353,1.114489072791928,0.365546,0.004054809,0.10690819726287332,4.815395,0.054974054,1.4488687682030639,0.5774239999999999,0.0070943360000000006,0.18716215259553676,2.510464,0.027419489000000002,0.7233565269767571,6.866057,0.09006826200000001,2.374845706160596,1.363514,0.019020017,0.5021302463224622,0.248864,0.003340922,0.08807133723388333,0.317457,0.005503207,0.14534250844575386,4.591278,0.050915778,1.3425921704928634,0.14013699999999998,0.006523236000000001,0.17243704801780202,,,,0.0,0.00011553400000000001,0.003038613656681976,-2.4210529999999997,2.310362,-0.055777236,0.001777312,-0.056860640000000004,0.0006939050000000001,-0.47221527969896204,-6.9732591776802355,22.384848695028904,14.424961344222108,22.66712244222888,14.609953080934645,21.378253671344048,13.763338054863294,-1.4003450498754066,-7.906219080931065,0.5043434189258234,-6.023647022331691,1.0913981278690477,-5.770941641542193,15.302672928381057,7.538871700669647,-18.30865670755535,-23.672006854055127,-0.24518119989830334,-6.83913120946672,3.390896684807898,-3.3846477271385234,14.33576350493948,6.900232378966531,12.877460883384195,5.269103585859591,15.311426557616414,7.374053931431002,32.659780204410474,23.98794704260938,21.569185779920595,13.908945792827442,7.375461964705066,0.0711579072633306,28.098097618112106,19.638222476320056,23.31752919963823,15.656162969658727,17.292576042325216,9.454863542542347,,,-79.64696555976394,-81.03123124113397,22.962231613563127,9.939162331804239,11.805964319074027,15.030601222216026,25.342875735920334,2.428732292067887,12.490432485354347,20.746896209974054,2.6773621729021926,10.347959646809478,33.99125128240952,7.178046549212872,1.2608450157163036,2.0768791119352903,21.720760011040294,-1.4210854715202004e-14,34.473778982677416,27.512049982944593,1.4823,2.2055,78894.0,0.11694457620000001,0.32718878900000004,,,,,,,,,,,,0.4441333652,0.31126728000000004,0.015921509,0.5532123742216146,4.859450705228462,,,,0.159160395,0.104281313,152.62599829367318,102.55372312358612,6.446134,-0.36553399999999997,,0.057776382,,
2009-11-01,5.34080304,25.23028821523439,5.530726313170398,17.818232,0.209026192,5.484441065617666,20.942142999999998,0.264541862,6.94709381886314,19.026882999999998,0.21051211,5.525548758768411,1.91526,0.054029752,1.4215450600947284,15.083957,0.16628331200000002,4.3621171750311625,1.6119409999999998,0.036853231,0.9687699927341951,5.4962279999999994,0.01794902,0.46768592354816585,0.083003,0.018573376000000003,0.488693671427852,2.201937,0.025241061000000002,0.6616206695472634,4.025561,0.04283944,1.1229590468751665,0.241334,0.0039753570000000005,0.10445596978435301,4.884945999999999,0.055571777,1.4579670228105444,0.598088,0.007173292,0.18842982899645852,2.476601,0.027539661,0.7231002972839795,7.806467,0.09184246700000001,2.4111918815466336,2.2123239999999997,0.019202188000000002,0.503893560733843,0.559879,0.003560412,0.09313414819223857,0.48857799999999996,0.005622313,0.14783201920471423,1.711584,0.047696331,1.2544837444402397,0.19846,0.006212671,0.16389110081447578,,,,0.005216,0.00012075000000000001,0.0031702148400126386,-3.1239109999999997,-1.208651,-0.05551567,-0.0014859180000000001,-0.055567291000000005,-0.001537542,-0.19310405392457541,-6.300927124350874,19.32639474823217,12.07448154669053,23.023803496950013,15.439761985880796,6.8181214740145935,0.6675196290037322,-1.2093809128264965,-7.268906462927937,-2.839398167492879,-8.616167080515257,7.467288793543458,1.0598047444760006,10.760934819347302,4.066581865697283,-16.78832730403733,-22.023072698515534,1.8187069506412579,-4.531314894020655,1.2283304885846391,-4.945469760520604,14.287975058089742,7.275961175009038,13.30596704672824,6.061551530173226,15.29089666275214,7.904957891063891,34.56308982312359,26.328675495151966,15.712573552722663,8.833099579520432,18.27251751127612,10.805049070425788,27.340948752764604,19.27883953762912,7.747342999141482,1.6139883437255476,5.657148969843528,-0.9582470122796005,,,-72.19125964957533,-73.765169225585,22.16291614398443,10.794240133970868,11.169717379697127,15.17955151145895,25.7629220182961,2.3907131462476525,12.539939666344878,21.006798916384735,2.7115905005613063,10.410322506915747,34.71755521249034,7.25865761086992,1.3458784833078707,2.1253018170712052,20.423894952398875,0.0,32.49258831216929,25.848316654976905,1.4825,2.2297,78894.0,0.116960355,0.329190741,,,,,,,,,,,,0.446151096,0.315154931,0.014035810000000001,0.5689995264901868,7.141021121680866,,,,0.15474441700000002,0.09957479300000001,155.40521083483446,105.07451345316004,1.9145029999999998,0.066504,,0.05902335400000001,,
2009-12-01,5.36907621,25.097427328192087,6.525803908563765,22.272486,0.21545834100000003,5.619928012894125,28.677424,0.268219185,6.998439777860928,27.635683,0.215018291,5.600760604865023,1.041741,0.053200894000000006,1.3976791729959053,18.192966,0.172440423,4.496932390545011,4.721748,0.038445864,1.0036160913362908,0.372457,0.01802283,0.469049237946633,3.5971409999999997,0.02085282,0.5437437157009549,2.9994799999999997,0.026134065,0.6805827674142364,4.100398,0.043619794,1.1371063270903126,0.540539,0.004169006,0.10874792196195272,3.6496739999999996,0.055946887,1.4620182087339824,0.893361,0.007208283,0.18790216705615814,7.486503,0.029798912,0.7712404452582912,7.098223,0.09197580500000001,2.403131171716291,6.203644,0.020071509,0.5169746797058414,1.316997,0.004319248,0.11126481850643176,0.987281,0.005697647,0.14822911388802634,0.6474139999999999,0.046762027000000005,1.228444565890341,0.394327,0.006318117000000001,0.16606439226555186,,,,0.0,0.00012075000000000001,0.0031702148400126386,-6.404938,-5.3631969999999995,-0.052760844,0.00044005000000000004,-0.053113016000000006,8.787500000000001e-05,2.7957594080170622,-3.36410405321822,18.142325261036873,11.292169503540816,21.913702340992458,14.795513730116117,5.0128771850626475,-0.8349099382943592,2.576580689095942,-3.612823304049817,1.0935555194144797,-4.8369054233135085,6.612138565735837,0.23337626412835988,24.08994417659782,16.407753102757972,-12.805961182767822,-18.2173579926762,4.274437847085566,-1.9896584060933087,5.676591566011258,-0.6734020025311205,14.513096176171425,7.7313355474909695,12.496886480615021,5.796963332654759,22.069065922078266,14.854425283133853,30.720912094391917,23.11386349332045,8.401517550355253,2.335557526401222,36.09100023504992,27.36346637996798,22.69487632094127,15.613505059132592,5.044283703505914,-0.7436918438882056,10.10281823490573,3.44670346988194,,,-70.2905985429476,-71.86176251276144,22.295157557111768,10.451627110657226,12.09276783089311,15.155416894332252,25.295573532662928,2.4176500657273383,12.291807008615379,20.85864476845681,2.687459884720774,11.109910724693313,34.291284942946945,7.483248821295166,1.6103426755248698,2.124250358899569,19.834857823462553,0.0,30.851753361797314,24.69196307419818,1.5057,2.1603,77093.0,0.11607893010000002,0.330004579,,,,,,,,,,,,0.44608350910000005,0.31596876900000004,0.014035810000000001,0.05309994964260822,6.633030475649281,,,,0.149896564,0.095126308,157.57634996198948,105.64403620635903,0.7521629999999999,2.857666,,0.060893554,,
2010-01-01,5.46834648,24.64181823387314,8.18520828940732,19.525040999999998,0.21915387400000003,5.679064798639057,22.646205,0.272069253,7.05540094331844,16.556697,0.21656176300000002,5.608513124491632,6.0895079999999995,0.05550749000000001,1.446887818826807,17.304433,0.175919815,4.554786047220728,3.905605,0.038209045000000004,0.9894252370386045,0.11732,0.018006923,0.46838854379680267,2.912125,0.021820520000000003,0.5636677288024609,2.705291,0.027352259,0.7076018314591929,4.0857399999999995,0.044530107,1.1531333086477642,0.450937,0.0042335820000000005,0.1095599080035321,6.320943,0.056621969,1.4672658445279545,1.0376779999999999,0.0075553470000000005,0.19506149756878136,0.7354539999999999,0.029438053000000002,0.7601369774291767,7.950072,0.09275946900000001,2.4079875462213205,0.034901999999999996,0.020097727000000003,0.5176032234059494,0.037655999999999995,0.004276604000000001,0.11005202898252268,0.439992,0.005812594000000001,0.15040600635592824,5.33311,0.048992678000000005,1.2771542517504335,0.756398,0.006394062000000001,0.16656335223636104,,,,0.0,0.00012075000000000001,0.0031702148400126386,-3.121164,2.9683439999999996,-0.052915379000000005,0.0025921110000000002,-0.053076012000000006,0.002431475,4.534915900225189,-1.6932613295207455,18.53784596784809,11.752028336587127,20.741441756154156,13.804956504593457,10.658493662665713,4.448579446751233,4.8545346242470755,-1.4270880312753031,-0.5888094284855816,-6.301699364393354,6.408556118890418,0.05577012951187843,30.723134519886088,22.831314936686397,-6.741507103255396,-12.604444702096451,6.902258705101061,0.5357690328268605,5.860642733064547,-0.4789250443660742,14.016805476595318,7.39058583845511,16.6650581885613,9.672194374549248,20.40517138421116,13.484434557817359,28.137412994426448,20.817896168699022,8.584212393129032,2.505951529043071,32.62305051337657,24.155180688578604,25.016620220382734,17.91540530243223,11.354258789152837,5.1475667297459005,11.056068007200338,4.5160015311422,,,-70.2905985429476,-71.86176251276144,21.719580025706602,10.235869677329982,12.403673798770196,15.548139929546878,25.312729552381576,2.4065407299342603,12.373466286330498,20.81160159615684,2.7769940618758566,10.820058744381528,34.09406538121381,7.386989444191255,1.5718806711319195,2.1364391366928923,20.401970964355904,0.0,31.552721903442205,25.328089796852048,1.485,2.0818,77093.0,0.11448310500000002,0.33586018,,,,,,,,,,,,0.45034328500000004,0.32035137,0.015508810000000001,1.7069945622836615,10.501855955585894,,,,0.16444973300000001,0.106591721,154.28002424315864,105.69808673426184,6.268409,3.096905,,0.06595012,,
2010-02-01,5.54751137,24.290171035737778,10.12784529246591,20.018932,0.220757375,5.6727108454648425,22.290108,0.268551089,6.906453957970426,17.713038,0.21832521700000002,5.612110615601592,4.57707,0.050225872000000005,1.294343342368834,16.136198,0.17825136200000002,4.577459301814536,2.055428,0.03774953,0.9720766008955674,4.227399,0.018629389,0.474639958473179,1.0403959999999999,0.021573246,0.5544936414975992,2.300941,0.028166422000000003,0.7237204106225185,4.109589,0.04588947,1.1793867173460035,0.34657899999999997,0.00425451,0.10926712814005679,4.928967,0.057121019,1.4684899442883048,0.855906,0.007869101,0.20134890350961882,1.3433309999999998,0.029300555000000002,0.7531541830965057,9.946615999999999,0.093928941,2.414801824199098,0.194039,0.01997758,0.5139119123769778,0.118631,0.004323414,0.11101236713345272,0.325548,0.005804607000000001,0.14939148099763386,3.569409,0.043729852,1.127591383387014,0.940085,0.006307694,0.16194031154389585,,,,0.067576,0.000188326,0.004811647437923655,-2.271176,2.305894,-0.047793714,0.0024321580000000002,-0.048060177,0.0021656920000000003,4.905852506975794,-1.540644582281392,12.495463231986115,5.842641456544961,19.032610437591103,11.971544938742639,-9.184506395397197,-14.45881145653165,7.120206811511864,0.5453458871413019,-1.9800331750436162,-7.683096337055916,11.47625552679763,4.410086590136242,29.365416886141027,21.660249842472147,-1.3476426026375665,-7.706187173289258,11.202729691418444,4.360954222061175,6.374265014187808,-0.143343846104671,13.706731722531295,6.902178750880328,20.409122576260042,12.836358576165052,18.448142849150216,11.570310889968937,24.3688912676324,16.92658298613139,6.799384808069542,0.7726358208216544,43.35506940267477,34.59942430255587,24.49476475330674,17.40830934404627,-10.757290927481622,-15.886957457333695,6.924366665304893,0.3803337286408581,,,-53.51731321253946,-57.15198381952131,21.17769512470822,10.451190269166077,12.102710328799619,15.801518532015479,25.744246487160076,2.3868036419267304,12.335835616223804,21.270075356127116,2.930206326588383,10.91060740401615,34.97619069420344,7.439024013788304,1.6099037304592723,2.161453532590218,18.702538942227115,0.0,28.176991994035927,22.751616791964484,1.54,2.0774,77093.0,0.11872322,0.33943437800000004,,,,,,,,,,,,0.45815759800000005,0.32435756800000004,0.015076810000000001,1.7462371242718995,11.100071407021819,,,,0.160754113,0.108735805,147.839171283093,105.43627736441657,3.1757359999999997,-2.120063,,0.057747335000000004,,
2010-03-01,5.57986845,24.149314846302513,9.560819186472802,17.488207,0.22519259400000002,5.749680662727319,23.43648,0.27016728,6.89510360183699,19.103787999999998,0.22005733200000002,5.6138310310192585,4.332692,0.050109948,1.2812725708177315,14.461136999999999,0.18219807100000002,4.64849314821645,3.628853,0.03859644,0.9861057459234266,0.281151,0.018630468,0.47401936509346704,1.862474,0.022512820000000003,0.5750528515742012,2.662911,0.028936544,0.7379481211272029,3.487967,0.046565557,1.189221483253013,0.470439,0.004396788,0.11194536250598387,4.974105,0.05767429,1.4716439185767691,0.860603,0.008193048,0.20793293141849362,2.1235109999999997,0.029199677,0.7455822183063522,9.822547,0.09551567600000001,2.4341049488727022,0.782592,0.019973328000000002,0.5119925071528066,0.124805,0.0042130100000000005,0.10780311862594678,0.41562499999999997,0.005288303,0.13477138806618813,3.643486,0.043914592,1.1240669248854127,0.689206,0.006025097,0.15287201856205912,,,,0.0,0.000170259,0.004333627370259497,-5.9482729999999995,-1.615581,-0.044974686,0.005135262000000001,-0.045101513,0.005008432,7.383835170425046,0.6328029219273112,11.688576256944128,4.94483701617161,17.745277620603517,10.615749000343921,-8.892136686881935,-14.304354907946538,9.75969108211503,2.863051464390143,-0.8360013521461762,-6.871839804363267,11.903984348491603,4.822399237563757,34.474035247256694,26.18910854025267,4.01153249679238,-2.8174631522227878,13.265692401204676,6.1974942178980585,9.429428801611595,2.4547719071476237,13.442059141028784,6.508140002493712,24.29558661468927,16.209026971077,14.809224865987236,8.011539376742816,24.005383313227192,16.414781076841578,6.835681044485242,0.7789879381200793,39.729198623605996,31.52517780951385,-0.0637038487253827,-5.9221773451598185,-9.76420200135263,-15.087894661477907,-0.9807432421883422,-7.12283847679307,,,-31.739400621429294,-35.76647338408133,21.183780809622295,10.225392561922348,12.356234002060319,15.88191567626421,25.557656425462373,2.413191301020964,12.3818292236475,21.34762211027183,3.032583368348676,10.807999029342117,35.354272360442764,7.3929485465449405,1.5594079342250478,1.9574180115371482,18.54774863928748,1.4210854715202004e-14,27.503006878706195,22.252040846423217,1.5215,2.0523,78093.0,0.11881849950000001,0.340678449,,,,,,,,,,,,0.4594969485,0.32734481800000004,0.013333631,1.6777499307090549,10.316476425764414,,,,0.167316234,0.11699490700000001,143.01155348582824,103.98157662525567,1.400961,1.349442,,0.058191367,,
2010-04-01,5.61316797,24.006051612953957,10.194264613754566,20.718114,0.225847343,5.7162987231305555,25.17317,0.274330487,6.943629333178531,18.120635999999998,0.22020604600000002,5.573419452950171,7.052534,0.054124441,1.3702098802283593,15.330435,0.18471500000000002,4.677556945830755,3.424298,0.038494518000000005,0.9750294930004078,0.420073,0.019317887000000002,0.49117584102578454,2.159269,0.022381581,0.5662968975957806,2.901239,0.030007846,0.7591875564311381,4.260809,0.047319294000000005,1.1987330842067354,0.444998,0.004485281000000001,0.11319727658374742,5.181153,0.058153404000000006,1.4716385340697584,0.8598319999999999,0.008496109,0.21384567692784473,2.2135029999999998,0.029086827000000003,0.7371799902780174,7.531060999999999,0.09521760700000001,2.4077897256479437,1.19086,0.019343999,0.4924303625958127,0.435146,0.004268334,0.10820171367277662,0.709081,0.005639766,0.14233344975801746,6.612886,0.047850706,1.212006776077674,0.37548699999999996,0.006039315,0.15232922450288702,,,,0.064161,0.00023442000000000002,0.005873879647798236,-4.455056,2.5974779999999997,-0.048483144000000006,0.005641297,-0.049179836000000005,0.004944605,6.42677705651078,-0.6072939723402504,12.308379668560242,5.162521970806289,15.659130324365279,8.343840076316011,0.4665333472054334,-6.057636468193017,11.335295251119138,4.041442095885928,-1.5312107635523264,-7.839059465269482,18.913910392753674,11.29657290526438,27.903467933556847,19.658984284227365,11.82440318523803,4.183285864321884,14.30276195295126,6.8220052033344025,11.223027006036412,3.75541080727535,12.85637335508123,5.613025505800895,27.571713497667893,18.839562900243646,12.18861082311995,5.2565773072133615,21.570141714742586,13.86310676862632,-0.8996797221338393,-6.7763797750547194,31.15244418237859,22.861493425132196,8.881719043391922,2.0072746952462195,0.8832115798809381,-5.665715718527798,-2.5227362453503432,-8.851592136460496,,,-4.594071011118894,-11.568917203689944,20.8399523590396,10.458212381235958,12.116818341769752,16.24548412419132,25.61746149473513,2.428216982919633,12.293854316108607,21.19830159452894,3.0970341987545846,10.602841601050342,34.709086854061546,7.051348616604905,1.5559094604020443,2.055829106591423,19.729648568006226,-1.4210854715202004e-14,29.301594889424248,23.965055457836403,1.4804,1.9601,78093.0,0.1156088772,0.343162893,,,,,,,,,,,,0.45877177020000004,0.329829262,0.013333631,1.6516342532931598,6.637230661918285,,,,0.169961842,0.12337226800000001,137.7634088724056,99.26345631632353,2.9207229999999997,4.4662749999999996,,0.05921677400000001,,
2010-05-01,5.5930626,24.092346114631365,9.099822253157086,24.866255,0.23185965300000003,5.8198147290492255,19.054164,0.273920907,6.891090043161047,16.889628,0.22262256000000002,5.599908658678899,2.164536,0.051298347,1.2911813844821485,19.550738,0.18899031900000002,4.747070183049303,3.137059,0.038310323,0.9633104166530236,4.759117,0.020653013,0.5158355355111615,2.238883,0.023187853,0.5825810816661424,2.6882829999999998,0.030756625000000003,0.7729753069676886,4.739019,0.048678030000000004,1.2240574226841763,0.41200499999999995,0.004568525,0.11448205715648223,5.108991,0.058677927000000005,1.4742247163808015,0.8700979999999999,0.008810256,0.22019537007417672,2.140679,0.029557001000000003,0.74484523555399,6.875948999999999,0.095763597,2.407066352529472,1.435217,0.020003116,0.5066085463714985,0.18506699999999998,0.004316038,0.10904986571269726,0.273627,0.005494625,0.1379185720562633,1.9717589999999998,0.045008990000000006,1.1329902973554942,0.174498,0.006053493,0.1523193265229974,,,,0.018279,0.00023586400000000002,0.0058717606036570195,5.812091,7.976627,-0.042061254,0.009237093,-0.042641083,0.008657264000000001,9.444536707804962,1.8273082455463552,10.493728327849539,3.2112817708621844,16.725008663174723,9.086636566685513,-10.289866976921003,-16.332661278646444,15.040376157716228,7.161459243194224,0.2970611062088624,-6.34752637297119,24.854884172729474,15.968616380867218,31.733341802013083,22.86987047554816,18.886809000409777,10.525890375459701,17.76317457466614,9.703031559724407,14.165546508492577,6.208944104269309,12.588267772910422,5.046939807277173,31.065972766145087,21.723292364864122,14.631918191356053,7.307046149152496,22.132103865320584,14.16985301620237,3.850299024099435,-2.578420698579287,31.487187423647622,23.007038261894564,6.762044678350354,-0.08828526559786498,-11.413672497402228,-17.394407882174377,-0.9529536211894007,-7.4504387149426865,,,-10.161763977710315,-17.122041255463706,20.271050497565433,10.928079866355482,12.269333753545334,16.27418016051923,25.75689075375337,2.4173328158676743,12.083132152393475,21.421485363291385,3.216350331375035,10.790341388581925,34.96030954658018,7.302515247585683,1.575651178754311,2.005916620303831,18.72743032352766,0.0,27.14337288356024,22.124740693888644,1.5514,1.9216,78093.0,0.1211534802,0.34052062800000005,,,,,,,,,,,,0.46167410820000004,0.32718699700000003,0.013333631,1.7567869308852562,6.778460703629296,,,,0.159788757,0.120801792,132.27349888981777,96.36813425076302,-3.089956,-0.079816,,0.049143462000000006,,
2010-06-01,5.56164796,24.22843030863104,8.367509417220198,18.448256,0.234896878,5.862158890677613,23.894163,0.279882699,6.999180319135113,20.551651,0.226365106,5.656507302949171,3.3425119999999997,0.053517593,1.3426730161859417,15.839217,0.191979259,4.793435932957205,3.164538,0.038789417,0.9694738681508933,0.270671,0.02097359,0.5237037882558758,2.0650049999999998,0.023614077,0.5895854928965815,3.228391,0.030960446000000003,0.7717818101397339,4.954225999999999,0.04995207,1.2474645113829665,0.386648,0.004645876,0.11572910765437214,5.222027,0.059214153000000005,1.4777170304317462,0.877151,0.009123111,0.22663134922291822,1.9589539999999999,0.029615536,0.7424106965199562,9.694396,0.097699251,2.4382347873171573,1.824825,0.020547107000000002,0.5171919389015397,0.500135,0.0045440770000000005,0.1140232681064335,0.474163,0.0056218710000000005,0.1402982324494203,3.008454,0.047378083,1.1890935150955633,0.315644,0.005885232000000001,0.14726159817101853,,,,0.018414,0.00025427800000000003,0.006317902919360152,-5.445907,-2.103395,-0.044985821,0.008531772,-0.045460227000000006,0.008057366,12.542286865037156,4.584068100851235,11.385988581669281,3.796998365339088,16.61742779090014,8.734638699642684,-6.378277215997885,-12.871286981617057,16.746870499210754,8.57421938540801,1.8422059033029958,-5.095847504406437,28.543566910397967,19.396145246000707,32.07116316037533,22.987434762897706,18.881669824127556,10.317853702718605,20.769331866463816,12.285715752048109,16.126345636822272,7.858482929574295,12.10719983315165,4.371179029517203,34.140632604408005,24.35456307534625,14.127956800874198,6.691405677288875,20.27169029159719,12.103302461535904,9.155336952063342,2.2248593135365757,40.93618000570063,31.626966196543815,6.893922555078169,-0.24765872525140953,-6.482695144344818,-12.986308014570957,-5.7182170375604695,-12.068945867832703,,,-1.8633300656873852,-9.607519950965138,20.205004020772886,10.92492496806647,12.300327193157882,16.126974424877847,26.019513910093796,2.4199885051124195,12.003266977918713,21.156775038817244,3.2596194879484135,10.581410035637823,34.90721339656654,7.341328018278115,1.6235648063405308,2.008652560550018,19.121436655861316,0.0,27.876757769963056,22.783441591760962,1.5747,1.9217,80684.0,0.12705309480000002,0.343141864,,,,,,,,,,,,0.47019495880000006,0.328625746,0.014516118000000001,1.686029274531865,6.478330959142037,,,,0.166494618,0.124919027,133.28203236805552,96.63227549202654,2.4550359999999998,-2.611322,,0.050977727,,
2010-07-01,5.53494552,24.345316410630183,7.5772377719593775,21.728503,0.23984042300000002,5.951547803727045,23.774559999999997,0.280265045,6.9653369775852,19.15033,0.22734933100000002,5.646957512489024,4.62423,0.052915714,1.3183794650961744,16.959253,0.194503377,4.828257854547178,3.4479309999999996,0.038914361,0.9663857469023492,0.023080999999999997,0.021034728000000003,0.5252624160540412,1.736084,0.023866804000000002,0.5930018592948235,2.997751,0.031545851,0.7815836193700545,5.416678,0.051000724000000004,1.2649366199783392,0.38833799999999996,0.0047167830000000004,0.11686979524240468,5.334301,0.059677280000000006,1.4800061368768578,0.8837149999999999,0.009443798,0.2333999565414606,2.372134,0.029554962,0.7364483807681302,7.635848999999999,0.097697617,2.4241061230040843,1.957903,0.020793166000000002,0.5200244801873776,0.36355099999999996,0.0045303520000000005,0.11299316665424461,0.602877,0.005652156,0.1399792684568698,3.818899,0.046639284,1.162699622732778,0.805331,0.006022152,0.1493619394440362,,,,0.0,0.00025427800000000003,0.006317902919360152,-2.046057,2.578173,-0.040424622,0.012491092,-0.041815641,0.011100073,15.539121116594234,7.231675388119974,10.589712717041921,2.891587803289508,14.548749781236946,6.607902417921996,-3.7089137265526873,-10.47556074956214,17.811363683319414,9.418983169855277,1.4942843421780427,-5.611480612235997,29.837588267246073,20.61357492362561,30.743810037495134,21.607045620808552,22.85361404396431,13.916355496051548,22.254807859760305,13.487070092514797,17.822459837478966,9.305494337167165,11.505479656665552,3.6215046650321936,37.49110634518138,27.32229348388049,12.303224491717524,4.823236077383308,16.00391530481735,7.8985014896504335,10.13104870478012,2.958483988366001,42.212523084196164,32.88917049744915,3.0803242016510524,-4.136631438250616,-3.698306113095773,-10.45923826206031,-3.867257794146084,-10.638666272183904,,,-1.8633300656873852,-9.607519950965138,20.007036176035133,10.814582412108969,12.27063733705765,16.218664933514237,26.220996666808517,2.425039129269206,12.043043345206286,21.29315841010427,3.3695953771188267,10.545361445270494,34.859008907086505,7.419107866269946,1.616452740298028,2.0167181390743893,18.88059711477755,-1.4210854715202004e-14,27.20555026661568,22.062883870080565,1.5032,1.9644,80684.0,0.12128418880000003,0.34515799900000005,,,,,,,,,,,,0.4664421878000001,0.335773678,0.009384321000000001,1.7065066220090883,6.364484715196224,,,,0.16449675400000002,0.127153546,129.3685934641571,94.65105896486064,2.4639699999999998,-0.110249,,0.043295893,,
2010-08-01,5.55724991,24.247604873324832,8.334864401777065,26.251662,0.244098434,6.010345093650829,23.162993999999998,0.279909735,6.909190951430926,20.059783,0.23194845600000003,5.727229211333759,3.103211,0.047961279,1.1819617400971676,23.207676,0.19841475600000003,4.884101514583867,4.271144,0.039587108,0.9754258720563248,4.62623,0.02089171,0.5121558981086468,3.155131,0.024560436,0.6048460722041413,3.2231859999999997,0.032591961,0.8025493998512927,5.427312,0.052344347000000006,1.289263103747223,0.44620499999999996,0.00480459,0.11827458053823237,4.888386,0.060159198000000004,1.4827860003197164,0.864597,0.009763448000000001,0.24004936283463882,2.225142,0.029502446,0.7305718353742175,7.613067,0.098862923,2.439331045313451,2.805325,0.022301313,0.5539718295274093,0.780377,0.00509067,0.12613479578525053,0.8828889999999999,0.006268458,0.15438434217907487,2.767864,0.041786372,1.0296265037719399,0.335347,0.006001261000000001,0.14813542395611487,,,,0.0,0.000173646,0.004199812369112897,3.0886679999999997,6.191879,-0.035811301000000004,0.012149978,-0.037174772,0.010786507,20.168600631311094,11.382721178991616,9.122912155399465,1.2798827279125957,15.032444721496208,6.795299307743163,-12.593066037567358,-18.992043073553944,19.906878444498012,11.102910425707059,3.386514812408059,-4.124066242641577,25.59022272675957,16.183118737390156,31.625850515132427,22.09620864924535,28.602847085460304,19.108479372347787,25.465307241273383,16.25657736616528,20.395572673260375,11.50753344072335,10.708921404874449,2.6287527164860824,40.78988977997091,30.192939112480733,10.617441611956192,3.020173263993753,14.677117712638932,6.395685471308599,19.024128986806698,10.951720176148605,62.41233201389351,51.41731247403732,11.71800216183847,3.488818339226496,-13.2474596156672,-19.595330678009038,-5.748184109875776,-12.599543396193447,,,-48.42264406497738,-53.45250462785498,19.951695528128965,10.529312648500799,12.378331377732813,16.42617800059185,26.38127730782281,2.4214882485857046,11.91171688863706,21.49235645555522,3.4880701809102854,10.53998568502807,35.31957293303858,7.967323108644292,1.8186827264153569,2.239456944932623,17.134551965475588,-1.4210854715202004e-14,24.172233944132664,19.648335392434348,1.5153,1.9268,80684.0,0.12226046520000002,0.347323812,,,,,,,,,,,,0.4695842772,0.338374981,0.008948831,1.7647434022979482,6.371369109475634,,,,0.159068338,0.12701615400000002,125.23473037925554,94.23338724208428,2.135008,2.786459,,0.039852032,,
2010-09-01,5.62541968,23.953768370220512,9.235649412402068,18.492735,0.24663796000000002,6.03588324921866,25.395318,0.279877319,6.852161044413231,21.398277999999998,0.23290557,5.70493399606822,3.9970399999999997,0.046971749,1.1472270483450109,15.000212,0.200897619,4.915883482983213,2.841148,0.039825081000000005,0.975367254392322,0.227966,0.020923260000000003,0.5124771111204476,2.3440849999999998,0.025164626000000002,0.6154695540479276,2.8217369999999997,0.033068757000000004,0.8087827804911859,4.771597,0.053208288000000006,1.3013128934204687,0.367759,0.004861327,0.1189455758568953,5.464498,0.060773386000000006,1.4867678441703023,0.908296,0.010086749,0.24649946381430637,1.842779,0.029429055000000003,0.724574728165352,10.625736999999999,0.099466041,2.4316050938094715,1.993684,0.021998829,0.5416464173801385,0.299049,0.004970157,0.1223198641305002,0.264235,0.0061813530000000005,0.1515205845981497,3.148116,0.040824259,0.997487269472072,0.848924,0.005973844000000001,0.14553996650382583,,,,0.0,0.000173646,0.004199812369112897,-6.902583,-2.9055429999999998,-0.033239359,0.01373239,-0.034389824,0.012581925,20.138385913211554,11.08144622371372,8.176898690892376,0.06420362644425914,14.233283702635458,5.7145325443641815,-14.3413735163893,-20.947294549828776,20.903215497941787,11.781712316621729,3.344767016994976,-4.4283482873910485,26.236191900277838,16.76649652920206,30.500834538403176,20.640457325224727,30.962594219782112,21.073079596192446,27.444534155359857,17.828175799637247,20.91863626086323,11.73152326067255,11.909073097578094,3.4503795770453705,43.838819508377554,32.73002040832247,10.349548950951926,2.563832321733428,12.95473514546648,4.370185405628901,15.887810834896543,7.704323302527372,49.94352406230937,39.49165773763408,11.525998453411646,3.2088107075550765,-14.922653962886145,-21.44902839310715,-9.237808620779763,-16.448922044565585,,,-35.505604623349996,-41.386513980903125,19.82357043265904,10.414886997739881,12.526094697020776,16.460502202368065,26.485275567153437,2.4198031933867767,11.869866909672027,21.71429475498156,3.603989432241203,10.514983888351454,35.53915742632935,7.860168547634258,1.7758341468177348,2.208593758896197,16.78297804474824,0.0,23.380938626256192,19.044817350905756,1.4512,1.9754,89461.0,0.1298258032,0.347759368,,,,,,,,,,,,0.4775851712,0.33890353700000003,0.008855831,1.7440021247498412,9.226858371095013,,,,0.160960125,0.133332479,120.72086726895704,92.42256535604152,0.784961,-0.455783,,0.036508131,,
2010-10-01,5.7284597,23.52290267486738,8.61925187914192,19.367995999999998,0.24699641900000002,6.00577344275215,21.203169,0.279649898,6.803360959053318,19.016831,0.235223226,5.725594444821185,2.186338,0.044426672,1.0777665142321342,16.622004999999998,0.203688227,4.953483550423482,3.6531149999999997,0.039862808,0.9689245101677646,0.153561,0.020975254000000002,0.5134942340093137,2.4912069999999997,0.025684803000000003,0.6237093671547148,3.0291479999999997,0.033760295,0.8203102614217825,5.195831,0.054574727,1.3256914195234486,0.411137,0.0049069180000000006,0.11927686464445737,5.329479999999999,0.061287471,1.489097410748653,0.9405009999999999,0.010449826,0.2538693626103491,2.319232,0.029237823000000003,0.7149864351224636,6.985105,0.099585089,2.420484529906816,2.632739,0.023268054,0.5687377513049322,0.46755399999999997,0.005188847,0.12695951639674913,0.34221999999999997,0.006206116,0.15145943873122214,2.064988,0.038297969,0.9287527876513224,0.12135,0.005955057000000001,0.14481391421169892,,,,0.0,0.000173646,0.004199812369112897,-1.835173,0.351165,-0.032653479,0.011773193000000001,-0.034274036,0.010152636000000001,18.068476971382452,8.921225350002505,5.538285550776911,-2.6400716814703795,13.404156074665918,4.676921698650638,-22.809450262731634,-29.00406085982301,22.004310049857835,12.55458932657525,3.9831668693838918,-4.113828041420808,26.405709382962606,16.898145332077785,30.311882332921748,20.15676918019791,34.536190337397144,24.143958885132232,28.98669741658737,18.95059825058969,21.014775295211187,11.569428442583419,11.484357693540304,2.776555298067618,47.29815447139802,35.64139923041423,6.6315386110952,-1.1571184529537537,10.566238082844315,1.9217595327489345,22.334559427575694,13.264985622812976,55.31182709443681,44.155318159407386,12.772715981790238,4.208631288176301,-24.781726795964897,-30.82390855069721,-8.710078862699433,-16.019256954138616,,,50.29861339519102,38.21475329308222,19.57050173547831,10.29772525831844,12.609861344612716,16.574495000145493,26.793265277919083,2.4090336846026945,11.74511769892328,21.91578521512638,3.736753016802459,10.455152392009813,35.61062947357127,8.320422845282067,1.8554796683673385,2.2192448645198506,15.88653252432082,0.0,21.811114296753146,17.98676765431162,1.4301,1.9746,89461.0,0.1279381761,0.34782177400000003,,,,,,,,,,,,0.47575995010000005,0.33896594300000005,0.008855831,1.89377886840137,12.638648122377564,,,,0.148229978,0.126841422,116.86243788720691,89.76052115875855,0.20704299999999998,-0.29503999999999997,,0.030339534,,
2010-11-01,5.73003043,23.516454519073122,7.287806479379189,25.375366999999997,0.254553554,6.152952977866526,25.740026,0.284447781,6.880298806067426,20.750933,0.236947276,5.733529075016475,4.9890929999999996,0.047500505000000005,1.1467697310509506,22.162941999999997,0.210767212,5.094104785439135,3.312464,0.041563331,1.0061521831538784,5.633564,0.02111259,0.50730426905896,2.517432,0.028119232,0.6808162526748449,3.362669,0.034921027,0.843832808881191,5.335088,0.055884254,1.3495877095726945,0.41615199999999997,0.005081736,0.12297435784934331,5.44299,0.061845515000000004,1.4938486420355663,0.962769,0.010814507000000001,0.2614203433931495,2.334015,0.029095237000000003,0.7073888356926604,8.268929,0.10004755100000001,2.4179810103040444,2.704564,0.023760294,0.5765219354593745,0.5431779999999999,0.005172146000000001,0.12560722859385298,0.494488,0.006212026000000001,0.15076107953782675,4.648477,0.041234862000000004,0.9948847279801961,0.340616,0.006097213000000001,0.14781679188497215,,,,0.0,0.00016843,0.004068211185782235,-0.364659,4.624434,-0.029894227000000002,0.017606278,-0.031436407,0.016064098000000002,21.780697224776514,12.189244159077695,7.524676378062223,-0.9614813695814517,12.557551202161243,3.763975766534,-12.084540014175882,-19.329343596429325,26.751872731522198,16.780558179360305,12.78069757302962,3.8587271178970095,17.625307676965107,8.471143456750617,51.39537367896927,39.31349892165665,38.350075696104845,27.54027310824685,30.450477410535726,20.18138268961478,27.830934429285193,17.728415238708806,11.289432043895232,2.4610720725255053,50.76072464358066,38.73617822901214,5.648493639772845,-2.172791471713198,8.933867161908871,0.28156733644342236,23.737430338667643,14.413435769998628,45.2681880636286,34.86699672668567,10.488797048474542,1.9813436553663077,-13.547098622743114,-20.69369313158208,-1.858427719736,-9.807920533586323,,,39.486542443064174,28.326040697166622,19.720017456984724,10.017018206797744,13.341369244851995,16.568529169518072,26.514681040616505,2.4110657211710897,11.42731916005988,21.742308828206326,3.8019305202454716,10.228674274664144,35.172554571624524,8.353130376503096,1.8183112491919915,2.1838897734273415,16.699200406137113,-1.4210854715202004e-14,22.536951810132592,18.66031892055218,1.4863,1.9624,89461.0,0.1329658843,0.35081558900000004,,,,,,,,,,,,0.48378147330000004,0.34129099100000004,0.009524598,1.8267357107293498,10.6450950347134,,,,0.15367017700000002,0.131402143,116.94647704489873,89.0134632490873,2.793981,0.5870879999999999,,0.031739596,,
2010-12-01,5.71275238,23.587579337720218,6.401029833770977,21.996367,0.254277435,6.112811930817462,38.588367,0.294358724,7.070775409393239,36.748369,0.24605996200000002,5.90674959857834,1.839998,0.048298762,1.164025810814899,17.986142,0.21056038800000001,5.061757694774368,3.550639,0.040392222000000005,0.9713994349739457,0.18475799999999998,0.020924891,0.5023145505518621,1.803051,0.026325142000000003,0.6330668763505406,4.286593,0.03620814,0.8696639300348417,5.501265,0.057285121,1.3764397933963535,0.5415519999999999,0.005082749,0.12218212034429075,4.119497,0.062315338000000005,1.4994201763679749,1.1413689999999999,0.011062515,0.2659214124589229,7.5761709999999995,0.029184905,0.6982004052465035,8.907753,0.101857081,2.4499462050105585,8.453656,0.026010306,0.6202277125931942,2.917494,0.006772643,0.1613706132872287,3.6324289999999997,0.008857174,0.2116630736139577,1.5609819999999999,0.04214843,1.015456088933695,0.279016,0.005981902000000001,0.1445015106954215,,,,0.0,0.00016843,0.004068211185782235,-16.592,-14.752002,-0.040081289,0.008217473000000001,-0.041322231,0.006976531,18.016983617264536,8.770288814954297,9.745588854876285,1.0335965419198123,14.436758312807928,5.463347129093932,-9.21437899145079,-16.71723859776586,22.106165327604188,12.56023562677806,5.062593989304021,-3.210057774128494,16.102138232452944,7.092072625649148,26.24259932229791,16.42743779290152,38.54767714092697,27.782243640841564,31.32827037193251,21.047589007657706,21.91752662385229,12.353521924803502,11.383030122837766,2.558242257897758,53.469487810065175,41.52120575567777,-2.0605014035411706,-9.470462870671447,10.743342773678343,1.9480848089050706,29.588193892148308,19.972551256495528,56.80143858375346,45.03291826957911,55.45318971147213,42.794534799587325,-9.866118506796129,-17.338061714024356,-5.321443081854927,-12.98465087906948,,,39.486542443064174,28.326040697166622,19.18320078323564,9.93771487541142,12.502419020998385,17.196083434268747,27.206029369588734,2.413915099738513,11.560637416758553,21.169862796388532,3.7581746685381066,9.914740967554948,34.603044752972906,8.83626129592816,2.3008127321546614,3.008972820523573,16.40812996593911,0.0,22.93819956296813,18.994513610694554,1.546,2.0491,89427.0,0.138254142,0.352841,,,,,,,,,,,,0.49109514200000004,0.34331700000000004,0.009525,1.7260196964433903,10.040985408498562,,,,0.16263707800000002,0.139307871,116.74651032460326,89.62878505938463,1.8133359999999998,1.141684,,0.031084787000000003,,
2011-01-01,5.73631336,23.490697167910646,4.900327383790781,23.499257,0.258251651,6.183693349344446,22.494027,0.294206546,7.041132118440015,18.690728999999997,0.24819399400000003,5.937820735337512,3.803298,0.046012552000000005,1.1033113831025028,19.764958999999998,0.213020914,5.099637668553302,4.1168,0.040603417,0.9718647285714942,0.084449,0.02089202,0.501407338321797,3.549156,0.026962173000000002,0.6446789702238959,2.568631,0.03607148,0.8633395739002162,4.829732,0.058029113,1.3892135027796562,0.573892,0.005205704,0.12455133593444927,7.249142,0.063243537,1.513948047344484,1.3164559999999998,0.011341293,0.27127560902851283,0.9014329999999999,0.029350884,0.7012527710792897,8.928478,0.102835487,2.4637781487087063,0.072106,0.026047510000000003,0.6210614840631847,0.076136,0.0068111230000000005,0.16223118869939004,0.146978,0.008564160000000001,0.20427348641394455,2.94433,0.03975965,0.9532029260848383,0.805812,0.006031316,0.14479157433322473,,,,0.053155999999999995,0.00022158600000000002,0.005316882684439693,1.0052299999999998,4.808528,-0.035954895,0.010057657000000001,-0.037320652,0.0086919,17.840331218603044,8.885768495304337,8.136639019624914,-0.20223974502735498,14.606563301758868,5.871567089819885,-17.10568789905651,-23.745893168337638,21.0897783174681,11.962178150278557,6.266505744909345,-1.7748191383989531,16.022154368072773,7.0494453722844685,23.563384373974582,14.372162407372024,31.87751695390133,22.009233938790995,30.314335422549064,20.47293165165216,22.96216300995233,13.683315552285658,11.694344292407077,3.181577693682902,50.109491992889275,39.07183755361938,-0.2961099363466779,-7.746525705016549,10.862522294085132,2.316897467967971,29.604258232784233,19.98794752019817,59.26475773768156,47.413173749985035,47.338004340230874,35.81471336360173,-18.845730376281942,-25.365090021161983,-5.673169887936657,-13.071169384392045,,,83.5080745341615,67.71363938282795,19.06076555469103,9.807497117395712,12.65705441485431,16.9333044923467,27.241040285837848,2.44375254159317,11.856585593281238,21.496305184181725,3.8548744595234123,9.976285163960966,34.953500660722895,8.8534773797997,2.3150820716273257,2.910934551401858,15.639540528782117,0.0,21.60001623127014,17.81694398538424,1.5833,2.1716,89427.0,0.1415897691,0.35328564300000004,,,,,,,,,,,,0.4948754121000001,0.34549604500000003,0.007789598000000001,0.0,6.104381640281961,,,,0.166504115,0.14913109200000002,111.64949761113532,88.14837256555433,0.312225,-0.136764,,0.021894933000000002,,
2011-02-01,5.77809483,23.320835667212474,4.156520728320734,24.555774,0.262788493,6.27009123724685,23.567705,0.29548414300000003,7.04932015807329,17.396674,0.24787763000000002,5.913272988265058,6.171031,0.047606513,1.1360471698082324,21.092748999999998,0.217977465,5.199587192465533,2.717262,0.041265251,0.9853068514666109,6.20663,0.022871251000000002,0.543466891852681,2.115671,0.028037448000000003,0.6687467891558854,3.437238,0.037207777000000004,0.8876085860141728,4.188445,0.058107969,1.3870689206292275,0.484828,0.005343953,0.1274394668619176,5.786836,0.064101406,1.529176447274086,1.005579,0.011490966,0.27393644850739857,1.741445,0.029748998000000002,0.7092349840001699,8.086686,0.10097555700000001,2.4107614201402483,0.366417,0.026219888,0.6248933942082544,0.09519599999999999,0.006787688,0.1615696716914254,0.314515,0.008553127,0.20370062244347553,5.313357,0.041503598,0.9904132964165695,0.774068,0.005865299,0.14000866151834102,,,,0.083606,0.000237616,0.005625211873321642,0.988069,7.1591,-0.03269565,0.014910863000000002,-0.035551605,0.012054908000000001,19.039507966608138,10.530774581249712,10.029024309784118,2.068589770847451,13.535959522257102,5.3662943104905825,-5.215158832881983,-12.229844074517116,22.28656351024121,13.591117902553073,9.313284165392254,1.3610296306746372,22.769732276243747,14.500872113865926,29.96397482326025,20.604951816887684,32.09976403818704,22.645233295366584,26.625931831420147,17.609338839305842,25.60677962914648,16.63111223950886,12.220347469641602,4.132578722913394,46.026413944871216,36.05062840300599,1.5304931937295985,-5.831368939061998,7.502071166755742,-0.16731824609209633,31.24656740205769,21.59542893605211,56.99833511202026,45.54204712813264,47.35066473923213,36.35357323132893,-5.09092507333434,-12.165584891079462,-7.013577386601188,-13.543045469324044,,,26.172700529932147,16.908230411600144,18.93097114419603,10.492484165737041,12.862544300164242,17.069552120903875,26.657787308426585,2.4516080136999485,11.535052946872284,21.693687298813863,3.888860459087309,10.06788306741726,34.17291905237703,8.873534712825519,2.297141203952863,2.8946145512789836,16.111359654247163,0.0,21.84010764598992,18.11590471733479,1.5905,2.1948,89427.0,0.1422336435,0.357452784,,,,,,,,,,,,0.49968642750000003,0.349663186,0.007789598000000001,0.0,5.714027648950558,,,,0.162333153,0.143994543,112.73562846058687,87.51201069988082,4.141323,-0.653577,,0.024327005000000002,,
2011-03-01,5.80228411,23.223612881651874,3.9860376995088487,20.673786,0.265974072,6.327883023168653,26.791508,0.298839171,7.105540833971897,22.797207,0.251571049,5.981363107246926,3.9943009999999997,0.047268122,1.124177726724971,16.592599,0.220108927,5.235700737893501,3.578668,0.041215066,0.9807821381026167,0.261751,0.022851851000000003,0.5427560917297136,1.6775149999999999,0.027852489,0.6627272770999973,4.278455999999999,0.038823322,0.9226623157426713,4.295634,0.058915636,1.402597048469976,0.507265,0.0053807790000000005,0.12785921332334904,5.737617999999999,0.06486491900000001,1.5423034388453163,0.9867819999999999,0.011617145,0.27607011886930827,2.1313489999999997,0.029756836000000002,0.707451272373279,12.539147999999999,0.103692158,2.4647579590623834,1.060722,0.026498018,0.6306281307071083,0.093967,0.00675685,0.16073796968368279,0.24762099999999998,0.008385123000000001,0.19941421770584855,2.89315,0.040753262000000005,0.9696150014730254,1.08708,0.006263173,0.14861073392176635,,,,0.014071,0.000251687,0.005951991330179367,-6.117722,-2.123421,-0.032865099,0.014403023000000001,-0.034903001,0.012365121000000001,18.10959999865713,10.056251718283571,10.612643766484231,3.051980713949587,14.320684847710496,6.546903072017418,-5.671181299170369,-12.260845012275546,20.807495815913434,12.632213729353413,6.784630914146472,-0.5398617585200882,22.658491456038576,14.500826695696944,23.7183480345865,15.246324800544574,34.16710025910488,25.030783238979005,26.52191833547701,17.94245800481946,22.379769049588006,14.215730300140406,12.467650663753304,4.8014006225692185,41.792712553374535,32.7688293460737,1.9080998738445043,-5.114250983572354,8.560356103222254,1.2593134163700448,32.667014730845054,23.171359325946984,60.38058300360074,49.1032650376362,58.55980642561518,47.96480214918719,-7.198814462400094,-13.740456194646256,3.9514052636828945,-2.7874850351131353,,,47.82595927381226,37.3443266263791,18.72484981038502,10.382064603858616,12.653957011021182,17.63823145619169,26.766581802472732,2.444598260205957,11.389717055864807,21.70562807510934,3.887423780867067,9.957475086155958,34.698315369105345,8.866982836062009,2.2610322393110907,2.805898226775633,15.81724438661356,0.0,21.474877300183287,17.771702950052966,1.5483,2.1816,100197.0,0.1551350151,0.359899953,,,,,,,,,,,,0.5150349680999999,0.353325355,0.006574598,0.0,6.051509149468743,,,,0.15549901500000002,0.13596423300000002,114.36758886434492,87.99299412884956,2.597133,3.4118399999999998,,0.027585575,,
2011-04-01,5.85254753,23.0241615825032,4.264607103856188,23.523153,0.268779111,6.372123784763534,22.466804,0.296132805,7.018511741228663,19.625984,0.253076397,5.998230011002997,2.84082,0.043056408000000004,1.0202817302256653,19.28662,0.224065112,5.311735779294804,4.574727,0.042365495,1.003907517220322,0.289209,0.022720987,0.5393305923576193,2.318559,0.028011779,0.6642746310943128,4.324269999999999,0.040246353000000006,0.9525777137735274,5.219463,0.059874290000000004,1.420485607188934,0.532422,0.0054682030000000005,0.12943513852576727,6.022616999999999,0.06570638300000001,1.5565901194702354,0.996838,0.011754151000000001,0.27838030668241814,2.592889,0.030136222,0.7140129004113458,7.91815,0.104079247,2.4662756850305763,1.56418,0.026871338,0.6380542171474258,0.234095,0.006555799,0.15568167345416842,0.297215,0.007973257000000001,0.18923510880682723,2.722366,0.036862742000000004,0.8735459135171575,0.099785,0.005987471,0.1418942395832832,,,,0.018668999999999998,0.000206195,0.004841577125224379,1.056349,3.897169,-0.027353694,0.015702714,-0.029982565000000003,0.013073843000000002,19.009197730521898,11.472896946047161,7.947464475576127,1.078433258128042,14.927088332533799,7.622081231082678,-20.44923290755095,-25.538288334658265,21.30314917575724,13.557907275277792,10.055917572470952,2.9617590470057964,17.6163159045293,9.803973915180176,25.155497281447637,17.30147806115445,34.11943329754492,25.47330441656557,26.532509128306092,18.498907380114883,21.91439064798837,14.344746121172358,12.988025602078256,5.772585008734898,38.34745999609941,30.17813157679523,3.607801565980351,-3.142663958897529,9.306724122987031,2.4290310220878464,38.913044815604046,29.572476762798907,53.591518376959236,43.88096839665645,41.37567055087039,32.951958326414314,-22.9630133356862,-27.925657615203427,-0.8584417272488598,-6.850284279761465,,,-12.040354918522322,-17.57445818558446,18.907671355815538,10.14035018535148,12.501624527784582,17.961900735354106,26.721826287708726,2.440452666276756,11.326174241708813,22.188147307759436,3.969216108968407,10.176590195740049,35.146138908858816,9.074083501150776,2.21380370202484,2.6924598914328324,14.539560384064847,0.0,19.216025027582162,16.019253817682284,1.5092,2.238,100197.0,0.15121731240000003,0.36195320400000003,,,,,,,,,,,,0.5131705164,0.35537860600000004,0.006574598,0.0,6.34904888363481,,,,0.148381429,0.12959245,114.49851360939623,89.14196500401141,2.1749199999999997,-0.550097,,0.0218234,,
2011-05-01,5.99422756,22.479960704061092,7.172545503066607,27.132997999999997,0.27104585400000003,6.38298609155222,24.298092,0.301376733,7.105672380559375,20.233819999999998,0.25642058900000003,6.046174725972673,4.064272,0.044956144,1.0594976545867012,23.28772,0.227802094,5.364219663089505,4.009101,0.043237537,1.0184528389489147,5.034072999999999,0.022995943,0.5378380616149682,2.218524,0.027991420000000003,0.660207019289165,4.310117,0.041868187,0.9847019300733535,5.091489999999999,0.060226761000000004,1.42076801632224,0.5349189999999999,0.0055911170000000005,0.13153392956466423,5.926514,0.06652390600000001,1.5667303418337668,1.005776,0.011889829000000001,0.28002740946985744,2.317072,0.030312615,0.714526608531503,8.008645999999999,0.105211944,2.480651989228759,1.763671,0.027199792,0.6431237272087151,0.8554689999999999,0.007226201000000001,0.17045388473931436,0.356672,0.008056302000000001,0.1906607649607579,3.4537459999999998,0.038344729,0.9036816875963264,0.52645,0.006339423,0.14952474868362522,,,,0.084076,0.00027199200000000003,0.006291218306749673,2.8349059999999997,6.899178,-0.030330879,0.014625265,-0.031231724000000002,0.013724420000000001,16.90082793318077,9.676791937928208,10.02326777488365,3.113909933759862,15.181762800679333,7.969166900644664,-12.363367186081064,-17.943546327409933,20.536382606984226,13.000639473246078,12.861321999295061,5.724263056085377,11.344252773190998,4.265414960604352,20.715876541049315,13.324486507700817,36.12737743494287,27.3911237780996,23.724729616214944,16.07037300641554,22.383416967183067,14.894799090545941,13.371261394425193,6.274865997367418,34.95440995131129,27.172251340037356,2.5564636953525843,-4.070459952655403,9.866324256805004,3.0570672313191105,35.97777466270755,26.946876797674335,67.42672330503115,56.30820233047522,46.621507382214446,38.241545078482005,-14.80651087704924,-20.23923861434609,4.723388628681002,-1.8346836893020524,,,15.317301495777237,7.143644494487877,18.980307090592415,10.094702202342354,12.28760434484856,18.379193213210762,26.43819463749091,2.454374717029599,11.365623794485401,22.073338355552487,3.9451715073173883,10.058047513574978,34.91044015000322,9.025179790504929,2.3977302189416196,2.6731665446781525,14.916925919427232,-1.4210854715202004e-14,19.734736942321522,16.586176595787368,1.5939,2.2769,100197.0,0.1597039983,0.362655793,,,,,,,,,,,,0.5223597913,0.356081195,0.006574598,0.0,7.028886394980509,,,,0.15220134200000002,0.129903195,117.16520290359294,90.46253789140364,0.419212,-0.335128,,0.025077256000000003,,
2011-06-01,5.90846559,22.8062595859173,6.2358788706935675,26.686272,0.27928387000000005,6.544627853352831,23.597222,0.301079792,7.064918687969324,22.036092,0.25790503000000004,6.050801316403021,1.56113,0.043174762000000005,1.0141173715663014,22.704192,0.234667069,5.498257994302229,4.176431,0.04424943,1.037029820085572,1.9916639999999999,0.024716936000000002,0.5767025343468271,3.242905,0.029169320000000002,0.6841337228021596,4.360425,0.043000221000000005,1.0059280681757654,6.127040999999999,0.061399576000000004,1.4404697844875902,0.592147,0.005796616,0.13567071363771482,6.114370999999999,0.06741625000000001,1.5796547568250818,1.036567,0.012049245,0.28241563367640693,2.7081619999999997,0.031061823000000002,0.7288272736374062,9.479716999999999,0.104997265,2.4619688780615205,1.976481,0.027351448,0.6439872206234007,0.380067,0.007106133000000001,0.16700430540894798,0.340727,0.007922866,0.1869432481702573,1.236499,0.036572774,0.8589914866923313,0.271121,0.0062949,0.1480604459324812,,,,0.053509999999999995,0.000307088,0.007065438941488977,3.08905,4.65018,-0.021795922000000002,0.02137884,-0.02306518,0.020109582,18.896373752570717,11.641939009202297,7.5735631661891345,0.9392295359856417,13.933209299493377,6.970626790285839,-19.32603919612005,-24.47026496093222,22.23563640278452,14.703900734315202,14.076037801754016,6.9683107666976385,17.8479030056371,10.119985243462981,23.52513291118683,16.036390149471114,38.8876019421684,30.338400693019494,22.91698021723625,15.47180471616414,24.76906400429111,17.23127948320382,13.8515820702527,6.898325206656941,32.073861646537026,24.614548977784345,4.883541530364344,-1.8296372811197559,7.469877123213564,0.9734128504695239,33.11581041554901,24.516097832298133,56.382319225664524,46.465110308064524,40.92934540831692,33.24704446127163,-22.806555934312488,-27.760813107849035,6.960949033105224,0.542468485595915,,,20.768607586971722,11.832027678648348,18.85625886434027,10.532767168963106,12.430086643303156,18.32392639633642,26.164547186635716,2.4701446286014677,11.222269111819855,22.391489495914097,4.002010536794844,10.316807645462967,34.87356766873281,9.084451606104471,2.3602158593227673,2.6314838160908525,14.339973371577194,0.0,18.398304535861403,15.459096151883028,1.6302,2.3492,103698.0,0.16904847960000002,0.362727575,,,,,,,,,,,,0.5317760546000001,0.35733546400000005,0.005392111000000001,0.0,7.016309605227082,,,,0.145816113,0.126009733,115.71813504279069,89.68745512086365,-0.036731,-0.339318,,0.024857492000000002,,
2011-07-01,5.88427632,22.90001228222403,6.311368354715063,20.714164,0.278269531,6.489995182704507,24.226492999999998,0.30153172500000003,7.040906489501027,20.60049,0.25935519,6.056331947204871,3.626003,0.042176535,0.9845745422961542,17.216275,0.234924091,5.479632522883446,2.563888,0.043365387000000005,1.0118019156187983,0.026458,0.024720313,0.5767465086237163,0.417367,0.027850603,0.6514259179329219,4.346356999999999,0.044348827,1.0324785002434127,5.95634,0.061939238,1.4449993038401931,0.41712,0.005825398000000001,0.1357685552766048,6.329291,0.06841124,1.5947303527883112,1.0249359999999998,0.012190466,0.28437235937308036,2.9017619999999997,0.031591451,0.7375273062790831,6.914682999999999,0.10427609900000001,2.4344180437204126,2.6309039999999997,0.028024449000000003,0.6565691865004311,0.491367,0.007233949000000001,0.16940585161762656,0.30754699999999996,0.007627536000000001,0.17930884692592697,2.7274469999999997,0.035481322,0.8284777519962071,0.868626,0.0063581950000000005,0.14834595399085107,,,,0.02993,0.000337018,0.007750836309095942,-3.512329,0.113674,-0.023262194,0.018914341,-0.025732843000000002,0.016443692,16.022781947812014,9.04718229164303,7.588060080771064,1.0849369120117691,14.077832936310685,7.2494690071681855,-20.294876867767485,-25.31933571763192,20.781497279607652,13.490884040561625,11.438003568913802,4.699590082120508,17.52142932392564,9.8015945927451,16.69179920361352,9.85225555744027,40.585292817112474,32.10083664183956,21.4477621925524,14.234917466848064,23.50362524627485,16.170782189702138,14.635318499770754,7.751604067909268,29.084357797572547,21.83907982971931,6.890514695975591,0.14650388800196978,6.733513264709434,0.4253906468232094,34.77720997370002,26.25736124265785,59.677415794622576,49.92574917030419,34.94914153112547,28.096716679995602,-23.92395646554094,-28.745332345685704,5.580114882520415,-0.6802171001306534,,,32.53918939113882,22.68052244590222,18.45931884440068,10.522681132774927,11.855149840720253,18.877939172275013,26.365639103398724,2.4796937492460067,11.439578157184386,22.68790788100323,4.042846901101369,10.47699077103744,34.58213194648092,9.294030006295358,2.3990672954893886,2.529596512605763,13.987428685986522,0.0,17.95326091098933,15.156720481912911,1.6702,2.3928,103698.0,0.1731963996,0.36388233600000003,,,,,,,,,,,,0.5370787356,0.36248856900000004,0.0013937670000000002,0.0,7.974738514968649,,,,0.139984836,0.12163449600000001,115.08646034098749,89.09658987995722,1.00793,-0.274873,,0.023236828,,
2011-08-01,5.92700023,22.734940909560247,6.653476557436289,32.256239,0.284274108,6.586798942890084,29.495071,0.307863802,7.149828059614117,23.813549,0.263108956,6.11132988453815,5.681522,0.044754846,1.0384981750759654,29.515183999999998,0.24123159900000002,5.587927929382101,6.322468,0.045416711000000005,1.0519778399323119,5.538874,0.025632957,0.5904974846260945,5.146133,0.029841605,0.6919185777890818,3.7587029999999997,0.044884344,1.0397778502837671,5.747322,0.062259248,1.4440650129981543,0.6462359999999999,0.0060254290000000005,0.13964129001773348,5.95571,0.069478564,1.6116014155164953,1.0199799999999999,0.012345849,0.28659713797135167,3.313236,0.032679545000000004,0.7588991669554712,9.307034999999999,0.105970067,2.4614142939984727,3.181726,0.028400850000000002,0.6608831269595826,0.260787,0.0067143590000000005,0.15641255550437744,0.775075,0.007519722,0.17552218763239952,4.999734999999999,0.037713193,0.8750323591695669,0.599611,0.006622459000000001,0.15384671309311854,,,,0.082176,0.000419194,0.009619102813279965,2.761168,8.442689999999999,-0.023589694,0.021165152000000003,-0.025321515000000003,0.019433331,16.458800387060247,9.591027474415824,9.98681485658226,3.482855082089653,13.434234716354387,6.706570647535548,-6.68546182848877,-12.137750331022412,21.579465087767957,14.410560728449573,14.726013832584094,7.8480559178326414,22.69439409220213,15.29643352868868,21.50274938115919,14.395812353982308,37.71599689874443,29.559358025366578,18.941684380932287,12.00700685538909,25.40984766650225,18.06534369622583,15.491173934865298,8.687390841901932,26.449682530188092,19.390918012466418,10.768934209726222,3.877419058557563,7.188887182710535,0.9052993740824578,27.350573484171093,19.299049470327546,31.89538901559128,24.004288055990507,19.961272772346895,13.691702898734537,-9.747625374129164,-15.014584806823816,10.351124538659452,3.8554513056212825,,,141.40723080289783,129.036489439926,18.82701569291509,10.625870369495,12.370520745916043,18.606328601254265,25.80891071405616,2.4977776646914323,11.263576211672017,22.567954903642747,4.010165833006896,10.614935821522792,34.421086958446644,9.22513456128889,2.180951107723928,2.4425482798396674,14.537222534528432,0.0,18.55264657927339,15.743553401634452,1.7454,2.5186,103698.0,0.18099448920000002,0.36663589900000004,,,,,,,,,,,,0.5476303882000001,0.365242132,0.0013937670000000002,0.0,8.435329673693948,,,,0.13378278300000002,0.114992933,116.34000412877545,87.60800008769786,2.574518,0.239345,,0.021129224000000002,,
2011-09-01,5.97160902,22.565107586363716,6.154018005639705,22.060647,0.28784202000000003,6.641629125148005,23.931649,0.306400133,7.081534728958118,20.910058,0.262620736,6.070598198211671,3.021591,0.043779397000000005,1.0109365307464477,18.918115999999998,0.24514950300000002,5.655505648501207,3.716785,0.046292348000000004,1.0677912922351793,0.27236499999999997,0.025677356000000002,0.5911827853935688,2.7224329999999997,0.030219953,0.6972009022006403,4.398277,0.046460884,1.0714342094837153,5.282602,0.062770253,1.4489697661700556,0.49113399999999996,0.006148804000000001,0.1419145676649907,6.349797,0.070363863,1.6239899486215315,1.04904,0.012486593,0.2885117264381528,1.939177,0.032775943,0.7585154032659667,8.839557,0.104183887,2.4063534058583858,1.916564,0.028323730000000002,0.6563743550763195,0.18079599999999998,0.006596106,0.15332888621821558,0.635127,0.007890614,0.1835244727330987,2.121575,0.036686652,0.8474966858305214,0.9000159999999999,0.006673551000000001,0.15382074210264618,,,,0.0,0.000419194,0.009619102813279965,-1.8710019999999998,1.1505889999999999,-0.018558113,0.025221284,-0.019587444000000002,0.024191953000000002,16.706292899925067,10.035745406569262,9.476585703609652,3.34746488090647,12.758460864632838,6.409613194393882,-6.7963234666863155,-11.87999514090744,22.027082361787475,15.045559319667866,16.239181032676363,9.47581922877243,22.7215835390852,15.357890638480253,20.089020993198936,13.279511165933023,40.49782397324457,32.47490368588426,17.970818756656847,11.346761681694728,26.48406494769844,19.310505365688947,15.780718553348327,9.229558265554672,23.792046376885168,17.043551322081264,11.372733511150802,4.684220106123993,4.743172596967038,-1.0384781647058139,28.751080341594548,21.18133417204209,32.71423820213324,25.350765640675156,27.65189109892283,21.12180877590133,-10.135167425819047,-15.036841895830344,11.712843522529216,5.689691840490196,,,141.40723080289783,129.036489439926,18.88331301246815,10.474161964750138,12.327152464184273,18.95206126524352,25.604886908540863,2.50818538269686,11.250239002116189,22.96469727707331,4.075257043050957,10.697104690878186,34.002559326565304,9.244033193680108,2.152775175198765,2.5752645479432608,14.288308745610106,1.4210854715202004e-14,17.858244240454365,15.209522570749051,1.8453,2.5157,96130.0,0.17738868900000002,0.36669530100000003,,,,,,,,,,,,0.5440839900000001,0.366026534,0.000668767,0.0,4.898304261979948,,,,0.129901773,0.112085769,115.89497414252472,87.31576197177029,-0.188886,-0.06497499999999999,,0.020546185,,
2011-10-01,6.16700808,21.85014163302345,7.65560731796715,22.632551,0.29110657500000003,6.680562085099411,24.573515,0.30977047900000004,7.119709431343579,21.863536999999997,0.265467442,6.100988513463117,2.709978,0.044303037,1.018720917880461,19.747726999999998,0.24827522500000002,5.695998474505329,4.528306,0.047167539,1.080803551087751,0.26104099999999997,0.025784836000000002,0.5932743677579396,2.239194,0.029967940000000002,0.6875271884405083,4.127751,0.047559487000000004,1.0903717998678002,5.88847,0.063462892,1.455412642743806,0.518505,0.006256172000000001,0.1435728397153846,6.314112,0.071348495,1.6365893507606522,1.056697,0.012602789000000001,0.2894773920627284,2.935673,0.033392384000000004,0.7681052054877714,7.694591999999999,0.10489337400000001,2.410171385777985,2.9755409999999998,0.028666532,0.65946068409586,0.31194,0.006440492000000001,0.14914659216197598,0.574982,0.008123376,0.1880379031161447,2.477346,0.03709901,0.8530525350557564,0.230352,0.006782553,0.1559994616885013,,,,0.00228,0.000421474,0.009668921136203257,-1.940964,0.769014,-0.018663904000000002,0.025639133,-0.02098519,0.023317847000000003,17.858621666899555,11.235665960087204,10.770817803051735,4.649885169906964,12.8576656796638,6.556420861793266,-0.2782900326182336,-5.478514647835464,21.889825767887917,14.989752494855214,18.324677478816852,11.546724202550628,22.929791458067683,15.536714623981318,16.675763485513208,10.23198057404886,40.87402672281151,32.921877385507784,16.2862289718829,9.785174838575106,27.496974679422003,20.36939447004169,16.416118720251973,9.904787890125121,20.60285979881389,14.026123154936275,14.209542892437653,7.429339600856832,5.3304014218434,-0.42607767169773325,23.201244074816053,15.95162842325304,24.121832846487877,17.475709103910052,30.893073864555532,24.150666799864617,-3.1306072653617734,-8.150742975103276,13.895685633235754,7.724083378100377,,,142.7202469391751,130.22269297820012,18.998085290225795,10.385585593568589,12.070451250220396,19.155953639756042,25.561508201231113,2.5198535214296958,11.308562503568368,23.032696734151994,4.068428031194025,10.77971797306095,33.86164309091571,9.254120048024332,2.0791174229355796,2.6223854597842418,14.301891239933163,1.4210854715202004e-14,17.844324579707862,15.21883763704066,1.7516,2.4555,96130.0,0.168381308,0.367953167,,,,,,,,,,,,0.5363344750000001,0.367953167,0.0,0.0,1.6160406904012479,,,,0.12811065100000002,0.10901086900000001,117.52098866398359,87.6810328478884,1.4908219999999999,1.237668,,0.023362671,,
2011-11-01,6.27350371,21.479225362568567,9.484649106828558,29.031812,0.29476302000000004,6.707404253770845,26.885700999999997,0.310916154,7.091879311404454,23.373412,0.268089921,6.115042925180449,3.512289,0.042826233000000005,0.9768363862240056,25.980280999999998,0.252092564,5.732840967535332,4.359236999999999,0.048214312,1.0965391760175314,6.573472,0.026724744,0.6019860026741861,2.6895439999999997,0.030140052,0.6860954350061932,4.030593,0.048227411000000005,1.0978677626583944,5.79918,0.063926984,1.4545121825746536,0.575518,0.006415538,0.146148100956578,6.367909999999999,0.07227341500000001,1.6453672979564364,1.0773249999999999,0.012717345000000001,0.28997658512558405,2.606446,0.033664815,0.7692018889228024,9.205573,0.10583001800000001,2.413444070086617,3.24532,0.029207288,0.6655658874495886,0.665971,0.006563285,0.15067751262315002,0.204867,0.007833755000000001,0.1808096830162706,3.0997969999999997,0.035550330000000005,0.8103180754435131,0.358363,0.0068003000000000004,0.1556867406546388,,,,0.054129,0.000475603,0.010831570125853732,2.146111,5.658399999999999,-0.016153134,0.026673099000000002,-0.01792291,0.024903323,15.796073308801661,9.011141120349798,9.305178232344868,3.0751644848686643,13.143280448600713,6.654084163040164,-9.840468011866399,-14.81843653749132,19.607106630987747,12.538732691992237,16.002040356197632,8.983431569996348,26.582025227601157,18.66369738832654,7.186611640033402,0.7754195512529316,38.10421726714968,30.104891763336326,14.391764091545367,7.77455753766314,26.246975443037577,18.84437008862041,16.86120650786076,10.142838548516252,17.595235732891013,10.923496374376974,15.705587825251243,8.73820028126624,5.7797186859676275,-0.18763340977838716,22.924775257410545,15.445024120246797,26.896746534223894,19.95926851500005,26.1062815899354,19.931273754845,-13.78574275330423,-18.551561537323845,11.53128486736481,5.324123646108414,,,182.3742801163688,166.24896376344438,19.12563831117208,10.601163150532278,11.955946467346019,19.13083441842418,25.358536160550933,2.5449136214902395,11.282967870484285,23.245307157633246,4.090281201664421,10.827618496786116,34.03812141584641,9.393943551739676,2.1109501438127274,2.519571562692108,13.774206469825304,-1.4210854715202004e-14,16.988296806723742,14.529038615495255,1.8439,2.4634,96130.0,0.17725410700000002,0.366426438,,,,,,,,,,,,0.5436805450000001,0.366426438,0.0,0.0,2.541972581541549,,,,0.12029658900000001,0.10574701,113.75885616056662,85.1371929577726,-1.756222,-0.862772,,0.017362609,,
2011-12-01,6.30963055,21.35624248237482,10.448171569445819,24.056949,0.296823602,6.7023292382468584,42.279005,0.314606792,7.084593825972427,41.033682,0.272375234,6.1245631185977905,1.245323,0.042231558,0.9600307073746375,19.702757,0.253809179,5.729368272194138,4.143405,0.048807078000000004,1.101275758788112,0.45280699999999996,0.026992793,0.6072982647806243,1.6196739999999998,0.029956675000000002,0.6781559771801353,4.7443029999999995,0.048685121000000005,1.0980778954602366,5.7630669999999995,0.064188786,1.4478281142235028,0.590432,0.006464418,0.14598360915243047,4.760224,0.072914142,1.6498588336518563,1.273788,0.012849764000000001,0.2902577786836089,6.708615,0.032797259,0.7337691630450642,13.576585999999999,0.11049885100000001,2.4932766021771164,10.151663,0.030905295000000003,0.6829659824831465,3.0928269999999998,0.006738618,0.14791205479886319,1.469979,0.005671305000000001,0.1265227037581337,1.0751439999999999,0.035064492,0.7964593246412303,0.147015,0.006668299000000001,0.1522451166066918,,,,0.023164,0.000498767,0.011326266126715463,-18.222056,-16.976733,-0.01778319,0.024448368,-0.018936234,0.023295324000000003,16.732183490839446,9.643962780162951,6.878704909727773,0.19543000278061662,10.694658239441646,3.6875360362639054,-12.561820942739688,-17.52496392648294,20.539851493814677,13.18930335422801,20.83286232681132,13.37002258166331,28.998487973007837,20.899994657415967,13.794922739638027,7.122328226919916,34.45904981587016,26.26462447582987,12.051410347898184,5.186447033109909,27.183498535930074,19.48033700927003,17.008339102645962,10.033122113128211,16.15590125753503,9.151713658427285,12.3774739030331,5.094347916627595,8.484211323511225,1.768626473427859,18.819421040259975,10.115360635473936,-0.5023888015358247,-8.340154514013154,-35.969362236758585,-40.22447959491862,-16.80712187856107,-21.566345081689132,11.474561101134718,5.358840799659292,,,196.127174493855,178.40900114278733,19.22983171542429,10.635073603858906,11.802833576795111,19.181781049770468,25.290175183144182,2.546959895410245,11.313344975596806,23.176277135173866,4.0843886167594246,10.424841368332569,35.122843438167095,9.823467193295688,2.1419175209669343,1.8026645146300595,13.423600212674366,0.0,16.639097989438753,14.22783017099833,1.9065,2.4592,102307.0,0.19504829550000002,0.368778427,,,,,,,,,,,,0.5638267225,0.368778427,0.0,0.0,2.7690953033957273,,,,0.112072634,0.097073582,115.45121926169367,84.81479304746034,2.262809,0.797385,,0.017467784,,
2012-01-01,6.34512909,21.236762576252012,10.613362481996646,28.087455,0.3014118,6.746801921595116,26.347013,0.318459778,7.115718709303047,20.956303,0.274640808,6.130548895098302,5.3907099999999994,0.043818970000000006,0.9851698142047449,23.459958,0.25750417800000003,5.763289163883812,5.461653999999999,0.050151932,1.1205571059588946,0.458211,0.027366555,0.6150454171123184,3.9427659999999998,0.030350285,0.6785154138181811,3.1983409999999997,0.049314831,1.1056613709580216,4.69736,0.064056414,1.4341310614645184,0.67552,0.006566046000000001,0.14684834382885367,8.412725,0.07407772500000001,1.6582304776469736,1.4946389999999998,0.013027947000000002,0.29107460303293664,0.862991,0.032758817,0.7309210083973453,9.176516,0.110746889,2.478419920877942,0.522025,0.031355214,0.6923582832570253,0.010773,0.006673255,0.14635235072252112,0.476634,0.006000961,0.13319225116355785,4.254682,0.036374844,0.8176506317202888,1.100212,0.006962699,0.15668097196796676,,,,0.035816,0.00048142700000000004,0.010838210516489047,1.7404419999999998,7.131151999999999,-0.017047978000000002,0.026770992,-0.018426003,0.025392967000000002,16.712438752230852,9.106346974828039,8.243607196965641,1.059298272044873,10.655702651692689,3.2457726218276584,-4.767355655474182,-10.707908094408003,20.88211113393308,13.013698981456834,23.516530640758624,15.299698920646865,30.990469088197315,22.663824420852396,12.566168164561509,5.248572569775911,36.71418805105861,28.06795893336551,10.386684697386306,3.2333085299694586,26.131758547931284,17.901861691904465,17.130901454800053,9.530210138687778,14.871796363959566,7.298479238633937,11.611006332892737,4.230747961593573,7.693260595926388,0.5942812739413883,20.377011084744744,11.479829457044065,-2.024159598938391,-9.78778378200259,-29.929368437768566,-34.797093102110196,-8.513168501231771,-14.22071739973706,15.442450702301125,8.21138777549284,,,117.26417733972366,103.84520704600062,19.47616244113911,10.627615913866842,11.78632721058219,19.151079948691162,24.87587366446536,2.549879404286792,11.533061416968536,23.261249965450897,4.090923846590134,10.28664191306445,34.77578540546492,9.845894573222996,2.0954781297373133,1.884370151134125,13.759656015335162,0.0,17.01679962645111,14.537907938574405,1.7819,2.3396,102307.0,0.18230084330000002,0.372190709,,,,,,,,,,,,0.5544915523,0.372190709,0.0,0.0,7.396530093786291,,,,0.10381488800000001,0.08571050100000001,121.12271750692484,85.03468454792834,3.4175609999999996,0.545894,,0.021255779000000002,,
2012-02-01,6.38094178,21.117572396969905,10.43331699697978,27.518174,0.30437420000000004,6.755257783137323,30.158856999999998,0.32505093,7.202981980052067,21.545348999999998,0.278789483,6.179829386913718,8.613508,0.046261447000000004,1.0231525931383503,22.738404,0.259149833,5.751568523346601,3.5227929999999996,0.050957463,1.1315811216091725,6.343369999999999,0.027503295,0.6042581940508945,2.120862,0.030355476000000003,0.6739636549302764,3.552285,0.049429878000000003,1.1005177440730938,4.417827,0.064285796,1.4297468054281488,0.614043,0.006695261,0.14850884722134297,6.625172999999999,0.074916062,1.6631841967278147,1.130596,0.013152964000000001,0.2914991033052614,1.9871519999999998,0.033004524,0.73227288195264,10.423453,0.113083656,2.5099496689335075,0.43237899999999996,0.031421176,0.6929439274497817,0.093592,0.006671651000000001,0.14610873628612236,0.853004,0.0065394500000000005,0.14387087225858944,7.737518,0.038799005000000004,0.8571363028199137,0.7215889999999999,0.006910220000000001,0.15386726729307604,,,,0.15440099999999998,0.000552222,0.01214902302536063,-2.6406829999999997,5.972824999999999,-0.02067673,0.025584717,-0.021610345000000003,0.024651102,15.824782327892883,7.737790847577952,10.006217829428499,2.1798105141074497,12.47061019584541,4.507764129571612,-2.825382316911129,-9.93749024425975,18.888359858667037,10.615868345874024,23.487587655773613,14.84555495831934,20.25269190565919,11.185833600824457,8.267614085276232,0.780095823858229,32.84824298963089,23.98682948922277,10.631634707452964,3.0768395257216863,25.286674489839257,16.53285350154072,16.871168161272475,8.763393504563277,14.46351855884005,6.411215044057372,10.943313115957709,3.2482743339215414,11.991118801156997,4.114395060606579,19.83718618477699,10.889942808204589,-1.7095217104852067,-9.569206425591537,-23.543167311791347,-29.37141255004664,-6.5165265912608294,-13.456704799790897,17.815306602442615,9.898391731228395,,,132.40101676654768,115.97449658703667,19.663320794036554,10.612893198352939,11.713484685131942,19.073860641847297,24.806419998734867,2.583548259512095,11.546472422384312,23.04748428192468,4.0464317391739195,10.153646999256392,34.789519291638385,9.666539332774713,2.0524940507015317,2.011823193368498,14.232061111161872,1.4210854715202004e-14,17.851235505137293,15.198872637693997,1.7485,2.3503,102307.0,0.1788837895,0.37700239300000005,,,,,,,,,,,,0.5558861825000001,0.37700239300000005,0.0,0.0,7.766535292320015,,,,0.10153393000000001,0.082759181,122.68600144798437,83.52701972699724,4.811685,0.792129,,0.023371848,,
2012-03-01,6.40733008,21.030600627336494,10.427720506778137,21.812742999999998,0.30551315700000004,6.733872866894938,27.343975999999998,0.32560339800000004,7.155846608563862,24.02441,0.280016686,6.155643648780221,3.319566,0.045586712,1.0002029597836402,18.274874,0.260832108,5.750560004079013,3.9980209999999996,0.051376816000000006,1.1325523042959214,0.561241,0.027802785,0.6099826254821962,1.953044,0.030631005000000003,0.6760793843387278,4.136067,0.049287489000000004,1.0881405114428186,4.798242,0.06478840400000001,1.4308965755461998,0.576862,0.006764858,0.14886007557201839,6.610183,0.07578862700000001,1.668952096179626,1.112844,0.013279026000000001,0.2919862378632069,1.8675929999999998,0.032740768,0.7220518603783536,12.693596,0.113238104,2.485699297916524,0.751308,0.031111762,0.6841105888428531,0.098606,0.0066762900000000005,0.14600022645993133,0.89028,0.007182109000000001,0.15684334113972703,2.040617,0.037946472,0.8328623083717159,1.2692569999999999,0.007092397,0.15531457926214118,,,,0.009692,0.000547843,0.012026072149783051,-5.531232999999999,-2.211667,-0.020090241000000002,0.025496471000000003,-0.020036384,0.025550328,14.86576669022086,6.415887307647927,8.956063862190277,0.7079795298825076,11.307198150610741,2.9137261592117714,-3.5571753834434117,-11.028039783576071,18.501376366257063,9.833626709395471,24.65542576105544,15.474401530895875,21.665352185256225,12.386140805575806,9.975826576935365,2.0147212435796202,26.95330142021335,17.93486011910548,9.968097433421597,2.0176519768877688,25.722650939575843,16.424989410469237,16.84070244503042,8.211656289188362,14.305416692311246,5.765245097544702,10.027719344892727,2.0638294926086154,9.206044298933392,0.849630641302701,17.411656977514323,8.480823409475292,-1.1922715466526457,-9.1688001613769,-14.347004808396967,-21.347964581400547,-6.887276900680983,-14.103813667647124,13.239678993379233,4.511010183089437,,,117.66837381350648,102.05123768922961,19.697274386173348,10.659264771191436,11.743571462452008,18.896250687051154,24.839121416754413,2.5935679667167357,11.570949309660904,23.276362429116908,4.0782823771390735,10.05541348803737,34.777924522765574,9.555109741207307,2.0504362181134237,2.2057844126061608,14.000686811014177,0.0,17.477415778888695,14.921358034999454,1.7717,2.3554,109585.0,0.1941517445,0.375186768,,,,,,,,,,,,0.5693385125,0.375186768,0.0,0.0,6.943359568686286,,,,0.106932755,0.092570764,115.51460783017843,81.92998739262299,-1.815626,1.484708,,0.017031958,,
2012-04-01,6.50440132,20.71674138335609,11.137949528109182,29.130848,0.311120852,6.7957682355868485,27.718746,0.33085534,7.212809375378368,23.073998,0.2834647,6.181789871194675,4.644748,0.047390640000000005,1.031019504183694,19.957093,0.261502581,5.719947683263261,4.815904,0.051617993,1.1269928883471514,0.670651,0.028184227000000003,0.6172175340605711,2.507619,0.030820065,0.674646201595151,3.8153919999999997,0.048778611000000006,1.0676203095765735,5.288596,0.064857537,1.4202852916733542,0.604007,0.006836443,0.14911456222667566,6.9443459999999995,0.07671035600000001,1.6741506093806389,1.111737,0.013393925000000001,0.2920664465949357,2.935127,0.033083006000000005,0.723159032063164,9.801426,0.11512138000000001,2.5064441405121287,1.533626,0.031081208000000003,0.6798683889995242,0.109734,0.006551929000000001,0.14288371625323643,0.638002,0.007522896,0.1632175373910473,4.296029,0.039520135000000005,0.8591818354694011,0.209335,0.007201947,0.15735385235611596,,,,0.13938399999999998,0.0006685580000000001,0.014483816358177005,1.412102,6.05685,-0.019734488,0.027656152000000003,-0.01867455,0.028716090000000003,15.753360014647866,6.6484027167880155,11.7253253991904,2.7683594658444166,12.007561100215923,3.0602337665438073,10.066404053027366,1.0524322488508986,16.708299059069944,7.685094306830376,21.839702333231315,12.260628495703996,24.044906147783117,14.441409926790616,10.025375396543001,1.5613377382412086,21.20007743310306,12.076977462271099,8.322849423350153,-0.01410190392399091,25.02174846105749,15.204081306708472,16.747190299609095,7.552437114942867,13.950594985550202,4.916346301798913,9.778213075281972,1.2809476756721283,10.609351353204932,1.6287090581706076,15.666767319141318,6.553388525357384,-0.059031706127654626,-8.220593289485434,-5.6483943763508515,-13.748807808353824,7.208885871810633,-1.6443415080407586,20.283622250529486,10.895165877229918,,,224.23579621232332,199.15492376888997,19.738999440315276,10.777800697882979,11.78575939179736,18.65320442095369,24.801872605609198,2.6142927438257293,11.628070699615762,23.185467098702414,4.0482722751278555,9.9992359198434,34.795079928285276,9.394198685141369,1.9803002121712772,2.273771975389607,14.323673905338813,0.0,18.12243681067148,15.232228793202202,1.7535,2.3173,109585.0,0.19215729750000002,0.3747321,,,,,,,,,,,,0.5668893975,0.373799204,0.000932896,0.0,6.443827427496651,,,,0.111479348,0.099746945,111.76216775360889,80.04716405341449,-0.45466799999999996,-0.052003999999999995,,0.014900463000000001,,
2012-05-01,6.49057888,20.760860085256372,8.280488437112332,30.825722,0.31481357600000004,6.82578800823249,26.238543,0.332795791,7.211323942098691,23.828968,0.287059848,6.221644263325682,2.409575,0.045735943,0.9896796787730099,26.476124,0.264690985,5.746107758739982,4.495683,0.052104575,1.130202701159205,6.332933,0.029483087,0.6355289067814992,2.470534,0.031072075,0.6760642799640032,4.471827,0.048940321,1.0635680234591396,5.799846,0.065565893,1.426238587870268,0.59322,0.006894744,0.14940536154659578,6.902609999999999,0.077686452,1.6842269279816626,1.112231,0.013500380000000001,0.2925475138113327,2.303715,0.033069649,0.7188984493459903,10.247627,0.11736036100000001,2.539159643492288,2.0990409999999997,0.031416578,0.6837990307388485,0.46219099999999996,0.006158651,0.1332482894333587,0.701553,0.007867777000000001,0.1697644085222003,1.7243819999999999,0.037790771,0.8173414145431274,0.5874349999999999,0.007262932000000001,0.15771493288764554,,,,0.097758,0.0006822400000000001,0.014623331342236858,4.587179,6.996753999999999,-0.017982215000000003,0.027753728000000002,-0.019965127000000003,0.025770816000000002,16.147718680839883,6.9372220200559775,10.42517704908561,1.486862268352973,11.948829506822477,2.902157898269797,1.7345771470079763,-6.5897244332198674,16.19339416607819,7.119173330618778,20.507731511163563,10.972512220165331,28.209949902902444,18.163616920898896,11.005711750243453,2.4018618723429253,16.891426418822487,8.009133624823006,8.865049209603004,0.3850432642894752,23.31603863771765,13.586936877108702,16.779751327289773,7.499477287863909,13.545619537505548,4.471028162985213,9.095335390892533,0.6118513659655545,11.546613947176954,2.358559544731609,15.503008258298445,6.324646690718794,-14.773322801289368,-21.82736718664785,-2.340093506921659,-10.959966746623795,-1.4446783546181785,-9.55427937052179,14.567713812440042,5.4774773247401765,,,150.83090679137624,132.44037369594844,19.685058408770516,11.138681961533372,11.739000102326871,18.489606285608858,24.77073142479711,2.6048276634733143,11.572094153489957,23.343580087525805,4.05665587279017,9.936919244270129,35.26497755495953,9.440196916432757,1.8505795946199333,2.364145585002306,13.742945144399377,-1.4210854715202004e-14,17.27899535377074,14.52794494478853,1.8307,2.2794,109585.0,0.2006172595,0.37588876400000004,,,,,,,,,,,,0.5765060235,0.374955867,0.000932896,0.0,6.234919175027934,,,,0.101078237,0.088608382,114.07299706702692,79.96749551003715,1.156664,-1.135381,,0.014837662000000001,,
2012-06-01,6.4324618,20.948433770722122,8.868566669608047,24.803503,0.31293080700000003,6.736768501497501,31.073839999999997,0.340272409,7.3241078509021875,29.192436999999998,0.294216193,6.330619262015004,1.881403,0.046056216000000004,0.9934885888871847,20.276384999999998,0.26226317800000004,5.653068570581639,4.5171209999999995,0.052445265000000005,1.1295805417333709,0.025609999999999997,0.027517033000000003,0.590642989978441,2.380194,0.030209364000000002,0.6519670830920044,4.175748,0.048755644,1.0515984194254415,6.3457859999999995,0.065784638,1.4194379780748854,0.562452,0.006865049000000001,0.14768319182278378,8.329376,0.07990145700000001,1.7192683772385,1.359691,0.013823504,0.2973906945932841,2.390128,0.032751615000000005,0.7072048418848217,14.312451,0.122193095,2.6227861886594606,1.881494,0.031321591,0.6781372444352263,0.329985,0.006108569,0.1314930516891496,0.589312,0.008116362,0.17433886351456127,1.649089,0.038203361000000005,0.8236873290699266,0.232314,0.0072241250000000005,0.1563982914254636,,,,0.0,0.0006287300000000001,0.013402968391794423,-6.270337,-4.388934,-0.027341602000000003,0.018714614,-0.028811183,0.017245033,12.047576181180819,2.935852923191584,13.017352224024382,3.6686786413300254,14.079276778742923,4.624477502730562,6.673931404647915,-2.034161257612188,11.759685377925798,2.8156295401168485,18.52189960413051,8.9245959812575,11.328657403166797,2.4172697016847433,3.5655407805187167,-4.701805895257305,13.384635860359872,4.540120978282136,7.141844106545614,-1.460065781260822,18.432012746747418,8.854142403309083,18.51958096156341,8.838236317790415,14.725063686562944,5.302490064709264,5.4400928110368785,-2.966742949213741,16.37740754485366,6.5320610683170965,14.515293669278506,5.302903958057925,-14.038071057775026,-21.2636755877886,2.44224754022091,-6.742358859741571,4.458472305108718,-4.10995430913389,14.761553003224837,5.631379427821437,,,104.73935809930705,89.69760410907845,19.997189616912216,10.492145031507244,11.518721091681424,18.59035049136787,25.08344423402053,2.6176183223098133,11.7005312122009,23.48161499041787,4.062481598383136,9.625116269712013,35.91037409089492,9.204857688006083,1.795199621959358,2.385254221419992,13.535101519206632,0.0,17.56106837079508,14.717699558420275,1.8153,2.259,112438.0,0.20410870139999998,0.37771584300000005,,,,,,,,,,,,0.5818245444000001,0.37678294700000003,0.000932896,0.0,6.5818149365758245,,,,0.09827192700000001,0.083938261,117.07643907466702,80.45736202848198,1.8270799999999998,0.25586,,0.017296651,,
2012-07-01,6.41769691,20.99662883581082,9.065185946264332,28.056236,0.320272879,6.851500265303412,28.302108999999998,0.344348025,7.363569741590635,24.086433,0.297702136,6.364601681674795,4.215676,0.046645889,0.9989680599158391,24.243817,0.26929072000000004,5.767854088739813,5.820354,0.055701731000000004,1.193075287674151,0.118951,0.027609526000000002,0.5925346714501264,2.992008,0.032784005000000005,0.705231455115586,4.072678,0.048481965,1.0375792990762833,6.393522,0.06622182,1.417280127305374,0.598749,0.007046678000000001,0.15070284921843538,7.523057,0.08109522300000001,1.7322863711403786,1.191962,0.013990530000000001,0.2989468313051813,3.070779,0.032920632000000005,0.7052304633445331,8.301312,0.123579724,2.638739429946037,2.459981,0.031150668000000003,0.6695408185220206,0.922962,0.006540164,0.13961983189762767,0.6163799999999999,0.008425195,0.18023793551901718,3.214453,0.038690367,0.82872143582197,1.001223,0.0073567220000000004,0.1575290530696815,,,,0.0,0.0005988,0.012717571024187458,-0.24587299999999998,3.9698029999999997,-0.024075146000000002,0.022570743,-0.022805257000000002,0.023840632,15.09448334104533,5.570190307109879,14.199600390307188,4.582694750608374,14.785493978354536,5.090040261287143,10.596778516774785,1.4619022736579668,14.628822805575957,5.259870340807105,28.447443579830157,17.91589532072486,11.687606868084565,2.737452692012843,17.713806771077813,8.259655580391655,9.31961064043476,0.4940343873182984,6.914166428718427,-1.9182830373103643,20.964747816372366,10.999817970666736,18.540788034247015,8.62566001277627,14.766162343588828,5.125136621657389,4.2074072507780835,-4.379070803153262,18.51203217719142,8.393027925202578,11.155327264418302,1.9756687167622689,-9.590681383017774,-17.582639227380547,10.457623536617833,0.51814988999066,9.044321967484748,0.029413442325476602,15.704567098052191,6.190326619488928,,,77.67596982950464,64.0799846238894,20.684608441018685,10.252683790960193,12.174205260396645,18.003578066113825,24.591200172066824,2.616754858838062,11.676969410605764,23.5503668127616,4.062904092451235,9.560279022944885,35.888030430841006,9.046274622890607,1.899288953377909,2.4467092558466104,13.546146808886157,0.0,17.321758804016714,14.564420548391174,1.8011,2.2087,112438.0,0.2025120818,0.38212670000000004,,,,,,,,,,,,0.5846387818000001,0.3811938,0.0009329000000000001,0.0,5.899572751238975,,,,0.09682470900000001,0.079088117,122.42636779429203,82.20916564013508,4.410856,-0.140029,,0.020834421000000002,,
2012-08-01,6.4535096,20.88011149778099,8.883235187591687,30.249634,0.318266274,6.749772308360826,31.821507999999998,0.346674462,7.35743768034988,26.032830999999998,0.299921418,6.366770466195768,5.788677,0.046753044,0.9906672141541129,26.750678999999998,0.266526215,5.655385284726362,4.33881,0.053718073000000005,1.1399291878592526,6.155639,0.028226291,0.5951391270147159,2.854144,0.030492016,0.6478292703985705,3.9628159999999997,0.048686078,1.034869448399887,6.386099,0.06686059700000001,1.419957560403026,0.5826009999999999,0.006983043,0.14817548578352355,7.0119609999999994,0.082151474,1.7432941837139935,1.18387,0.014154420000000001,0.30047698387512595,2.433969,0.032041365,0.6807257827672479,11.838873999999999,0.126111563,2.6743415483060087,2.916128,0.03088507,0.6580935437034103,0.169519,0.006448896,0.13723043048363853,0.47851,0.008128630000000001,0.17260799334634294,5.415856,0.039106488,0.8281364331694361,0.37282099999999996,0.007129932,0.15168147646467334,,,,0.0,0.000516624,0.010849304520003435,-1.571874,4.216803,-0.028408188,0.018344856,-0.028117390000000003,0.018635654,11.95753149632608,2.474242297112439,12.606438219716388,2.903700886297522,13.991337489857237,4.17978715735654,4.464763435896968,-4.605781894450967,10.485614697600209,1.2071980203889554,18.27821041466433,8.360570402566637,10.117186245816278,0.7860562507832736,2.1795442972990298,-6.372036942755866,8.47006697925674,-0.47206255476018866,7.390627332986743,-1.6694160150779291,15.892876673179623,6.111513123880674,18.240028679924936,8.171547066759842,14.64922339484307,4.84298133680654,-1.9528423666853478,-10.300892080543045,19.00677858399391,8.650606069311628,8.746991727360264,-0.42209933078574124,-3.953661101528838,-12.263801303471489,8.097480199400998,-1.6602996608952036,3.694449844116887,-5.359336201536191,7.662908898341225,-1.4073986924469706,,,23.242221978368004,12.789152279618786,20.154892831086055,10.59043704199979,11.440531656520166,18.266900312226323,25.08593648095742,2.620021073724399,11.841280603485856,23.697007713247707,4.082913958629004,9.242493610619636,36.37751747632337,8.908954476144828,1.860216631705626,2.344744390199703,13.48615174313013,0.0,17.541630567184544,14.689914646752674,1.807,2.2683,112438.0,0.203175466,0.384889509,,,,,,,,,,,,0.588064975,0.383956613,0.000932896,0.0,5.713723071961454,,,,0.09958549300000001,0.08166060800000001,121.95046723139755,82.46078302652901,2.76281,-0.43820299999999995,,0.020345164000000002,,
2012-09-01,6.52010864,20.6668335514115,9.185122772823462,23.206858999999998,0.319412486,6.73158372758511,29.036713,0.351779526,7.417514360396893,25.767484,0.304778844,6.427465060655321,3.2692289999999997,0.047000682,0.990049299741572,19.761501,0.26736960000000004,5.636903613748107,4.076987,0.054078275,1.1403179461791382,0.285713,0.028239639,0.5948979645014304,2.8279009999999998,0.030597484,0.6448410361237739,3.7239389999999997,0.048011740000000004,1.0125838821688677,6.130961999999999,0.067708957,1.4274626491011149,0.535575,0.0070274840000000005,0.1481616336134996,7.543887,0.08334556400000001,1.755918588217081,1.202721,0.014308101,0.30166171812851417,2.512539,0.032614727,0.6888942704376757,10.390089999999999,0.127662096,2.6896062541993992,3.022834,0.03199134,0.677318477978806,0.38417799999999996,0.006652278,0.14109049207256846,0.711235,0.008204738000000001,0.1729752596212767,2.292319,0.039277232,0.8276378402616346,0.97691,0.007206826,0.15156215495993403,,,,0.0,0.000516624,0.010849304520003435,-5.829854,-2.560625,-0.03236704,0.014633642,-0.033129202,0.01387148,10.96798375720125,1.3544056848416863,14.81050042494596,4.744446568409422,16.0528481650436,5.878611148218971,7.357993076058111,-2.066126840767468,9.0638964093678,-0.32891903764662445,16.819036701270807,6.792212529860664,9.978764947605967,0.6284315442961041,1.2492772573140742,-7.510011233720171,3.3379821184633673,-5.492668312616722,7.8679052002546435,-1.484304060103936,14.290258723485083,4.40199061399813,18.449386441446535,8.123734984168628,14.587710194446156,4.557870784909079,-0.4918729569428404,-9.178605012966223,22.535355203247498,11.771041096932011,12.948894795989085,3.1908807436651365,0.8515933491669125,-7.981792894673223,3.980982975469338,-5.748123372714343,7.061369350356639,-2.3432357790786784,7.990873224764439,-1.468324175165514,,,23.242221978368004,12.789152279618786,20.226037290701708,10.562023132023983,11.4438904048927,17.957067669622873,25.324104535444565,2.6283780953406817,11.858498871973495,23.692556797634666,4.067348990628863,9.271354524481337,36.29037125941207,9.094144950323232,1.89103614859041,2.332352338208563,13.360834990720866,-1.4210854715202004e-14,17.57891772288248,14.714729091711213,1.782,2.2929,126405.0,0.22525371000000002,0.38767454100000004,,,,,,,,,,,,0.612928251,0.385360931,0.0023136100000000002,0.0,5.931995489921778,,,,0.09955464400000001,0.078655842,126.56992979618728,84.4162206778397,2.7850319999999997,2.529206,,0.025913262000000003,,
2012-10-01,6.64796623,20.26935687367353,7.798889571099776,27.345326,0.324125261,6.791331454239427,31.749333999999998,0.35895534500000004,7.524118158573123,28.026118,0.310941425,6.517815068132158,3.723216,0.04801392,1.0063030904409658,24.237907999999997,0.271859781,5.696699788991092,5.277864,0.054827833000000006,1.1483527276681824,0.32187499999999997,0.028300473000000003,0.595718380923118,3.2097659999999997,0.031568056000000004,0.6609742226149412,4.66753,0.048551519,1.016999769481591,7.773480999999999,0.069593968,1.4563622061390258,0.600298,0.007109277000000001,0.14899988031862127,7.573315999999999,0.08460476800000001,1.7714605914514097,1.22359,0.014474994000000001,0.3033741213923814,2.615623,0.032294677,0.6777663956334216,10.035862,0.130003366,2.724898797604009,4.571768,0.033587567,0.7049692828295786,0.36730999999999997,0.006707648,0.14171969636483217,1.638649,0.009268405,0.19362618285652583,3.383362,0.040183248000000005,0.8420860510984562,0.339854,0.007316328,0.15341755314542926,,,,0.0,0.000514344,0.010799486197080141,-4.404008,-0.680792,-0.034830084000000004,0.013183836,-0.032265829,0.015748091000000002,11.342473456671321,1.6580845702651281,15.8778416067207,5.680129661600919,17.129777820362623,6.832115053965837,8.376136832334979,-1.2189626443846469,9.499359430647992,0.012312406488557137,16.240605641943716,6.249903279134128,9.756265271572806,0.4119532712014262,5.339426066656583,-3.8620968409694756,2.0858761575792473,-6.729083638728084,9.660883402540188,0.06524358572490563,13.636213965984311,3.779991127845017,18.579611244778206,8.240994640963063,14.855481592209463,4.800626822920129,-3.2872974867562688,-11.761254735538706,23.938587388751543,13.058300072898433,17.166481805333113,6.9008812551292875,4.1480681910636585,-4.979594699071677,14.09548197695145,2.971890053958659,8.313531816617225,-1.2855578650362243,7.869824238749046,-1.6550752900850174,,,22.034573900169406,11.69277362955954,20.16768820982755,10.409952106891456,11.61188899802726,17.85902968854374,25.59921432438732,2.6150528680077176,11.73717380431495,23.569719514832688,4.032533350353091,8.99685084784014,36.21714171716819,9.357032140028448,1.8686580638602832,2.582049586140025,13.376014779777131,1.4210854715202004e-14,17.661281055766022,14.813384137930552,1.7928,2.3216,126405.0,0.22661888400000002,0.391349889,,,,,,,,,,,,0.6179687730000001,0.38903627900000004,0.0023136100000000002,0.0,6.1257363886867955,,,,0.09925149300000001,0.07616816500000001,130.30574256318238,85.30321243283913,3.6753479999999996,-0.5966629999999999,,0.026263458,,
2012-11-01,6.67309794,20.193019975366944,6.3695543745840855,33.362209,0.32845565800000004,6.841434374367071,27.942797,0.360012441,7.510883585752113,24.478033999999997,0.312046047,6.510057713811705,3.464763,0.047966394,1.0008258719404075,29.501593,0.275381093,5.734389735163379,5.095745,0.055564341,1.1576181743107112,7.241954,0.028968955,0.6007622162032722,2.523986,0.031402498,0.6541718006319435,4.880128,0.049401054,1.0289702762761472,6.598166,0.07039295400000001,1.4650372098397122,0.707591,0.0072413500000000006,0.15092659869379638,7.4230469999999995,0.08565990500000001,1.7845765538219434,1.21515,0.014612819,0.3047715631517193,3.021055,0.032709286000000004,0.6827861785657383,9.084264,0.129882057,2.7106089449589392,2.796702,0.033138949,0.6917361825270761,0.362898,0.006404575,0.13474316173391773,0.5749179999999999,0.009638456,0.20083512905237053,3.131872,0.040215323000000004,0.8387467666135346,0.332891,0.007290856,0.15244226811944298,,,,0.0,0.00046021500000000004,0.009636837207429666,5.4194119999999995,8.884174999999999,-0.031556783000000005,0.016409611,-0.029455735,0.018510659000000002,11.430415524986826,1.9982412797152627,15.790844691845773,5.908226239466008,16.396038253150145,6.459722253210498,12.002365466045074,2.4558345752387467,9.238086451451233,0.02701570890972782,15.244496281519071,5.570161069393786,8.397502329676199,-0.20329151599497441,4.188599276471061,-4.652943708036994,2.4335600349767894,-6.275572407319596,10.11461763939936,0.7236121767249859,12.872061548072832,3.2696269783472065,18.522011171050924,8.460679632955292,14.904636148504258,5.1021285114202675,-2.838361060353356,-11.234464137637712,22.72704801014016,12.31289668385218,13.46123268959445,3.9320367180732063,-2.418148838577028,-10.575135341585229,23.037496066701067,11.075427876447241,13.12222136897181,3.5083372852643846,7.213740570268956,-2.083974859742921,,,-3.2354716013145324,-11.030099094981383,20.17725341804784,10.519587486712458,11.403287588810608,17.939159679346613,25.562014164857715,2.62957413710316,11.7691235251216,23.793595788541097,4.05897611743923,9.085598794626101,36.07710240213615,9.204945503536084,1.778987132280798,2.6772563673709264,13.323537894069611,0.0,17.41818709391207,14.603613252416556,1.7797,2.3108,126405.0,0.22496297850000002,0.38775041200000004,,,,,,,,,,,,0.6127133905000001,0.384066263,0.0036841490000000003,0.0,4.568255190392801,,,,0.10309760500000001,0.08185753300000001,125.9476082671585,84.4557982652589,-3.599477,-0.8292349999999999,,0.024453739000000002,,
2012-12-01,6.6985438,20.116312443907585,6.163803837928361,28.076186,0.33247489500000005,6.8924576679462115,44.15325,0.361886686,7.496163475472538,42.458273999999996,0.313470639,6.487836356688084,1.6949759999999998,0.048416047000000004,1.0083271187844536,23.102511999999997,0.278780848,5.778350228731195,5.0725739999999995,0.056493510000000004,1.1711720959068692,0.501275,0.029017423,0.6011757646338753,1.78924,0.031572064000000004,0.6555745608226827,5.343387,0.050000138000000006,1.035139033399003,7.075657,0.07170554400000001,1.4842958805034618,0.70956,0.007360478,0.15259092039014188,5.563028999999999,0.08646271000000001,1.7948236853060417,1.3891769999999999,0.014728208000000001,0.3055133563244703,6.892931,0.032893602,0.6781757235551377,13.171548,0.129477019,2.6856270571980505,11.378029,0.034365315,0.7038187922595649,2.694614,0.006006362,0.12289769550560944,1.368946,0.009537423,0.19698004653920917,1.562041,0.040702220000000004,0.8472082354522581,0.132935,0.007276776,0.1519767421256275,,,,0.0,0.00043705100000000004,0.009142141206567936,-16.077064,-14.382088,-0.029411791000000003,0.019004256,-0.030412349,0.018003698000000002,12.01093604409531,2.836751567117668,15.028249612614841,5.809361264879831,15.087790617556651,5.931414715723671,14.644235952649431,5.030715271794861,9.838757249988994,0.8549277024969326,15.748601053314438,6.3468515093507705,7.500631742702568,-1.0081537362799153,5.392417549678008,-3.3298263404459183,2.7010654856953087,-5.731730173373006,11.71039128236513,2.5187911411374664,13.861417996175373,4.52606376570146,18.58153662426696,8.786500317321998,14.618509725159146,5.2558721113519224,0.29375320663229676,-7.576420799590389,17.174991258506388,7.7147659771472865,11.195557266157774,3.0532720971842675,-10.86656047278537,-16.911643427081913,68.16981276796079,55.6875095838647,16.078168193624485,6.3718145096597345,9.124920763151145,-0.1762778912361429,,,-12.373713577682555,-19.28371535431075,20.264487465796073,10.40868596540032,11.325047694811516,17.93528442097285,25.721115533732792,2.6402380410292743,11.705140878257168,23.892205307602836,4.069839695622292,9.089475593473477,35.77833172895451,9.496153445114585,1.6597355560077167,2.6354721986097047,13.378786474614875,0.0,17.36706353658842,14.562316652509958,1.7826,2.3517,136240.0,0.24286142400000002,0.386541676,,,,,,,,,,,,0.6294031,0.382857526,0.0036841490000000003,0.0,4.444821608769295,,,,0.10189926,0.084130733,121.12013810696266,81.62849436077988,-1.208736,2.559614,,0.022744422,,
2013-01-01,6.80880919,19.790538439218622,7.307654319133783,36.872009999999996,0.34125945,7.025687985976302,30.932841999999997,0.366472515,7.548815814433389,25.710452999999998,0.318224789,6.551616033787309,5.222389,0.048247726000000005,0.9971997806460786,28.445763999999997,0.283766654,5.843093656511293,6.101293999999999,0.05713315,1.175932140071206,0.257862,0.028817074,0.5965480742400621,4.417776,0.032047074,0.6592731411308214,3.605444,0.050407241000000005,1.0385703030165607,7.28892,0.074297104,1.5287908128886682,0.9462839999999999,0.007631242000000001,0.1569725324110497,9.885807999999999,0.08793579300000001,1.811810105088477,1.6966059999999998,0.014930175,0.3073488090034725,1.1140269999999999,0.033144638000000004,0.6818957827485228,11.205608,0.131506111,2.712512581487688,0.311696,0.034154986000000005,0.6989013029450477,0.003072,0.005998661000000001,0.12272970839646075,1.493636,0.010554425000000001,0.2164177441176406,4.123476999999999,0.040571015,0.8384583940525391,1.04829,0.007224854,0.14935802463853262,0.0,,,0.050622,0.000451857,0.00938336195500702,5.939168,11.161557,-0.025213065000000003,0.023034661,-0.025820253,0.022427473,13.220335103005265,4.13360385590289,15.076546652619971,6.086484342953491,15.869448286796484,6.868343208642735,10.106937703008523,1.2211058710771105,10.198854326938323,1.384703948703181,13.920137712740544,4.941741372915143,5.300334660318051,-3.007475929030201,5.590685556989006,-2.835937444527392,2.2151753901377136,-6.067958029801524,15.986986096349387,6.600495168655263,16.222792225336224,6.894315807875495,18.707469755584416,9.261657502486177,14.6011340082977,5.591077270556077,1.1777623105254431,-6.70732200683597,18.74474505554735,9.445238017890944,8.92920711687697,0.9450337847107804,-10.108919859948406,-16.140938091830225,75.87891339403808,62.48523636099763,11.535914765710054,2.544823121884221,3.7651347559330084,-4.673794933395814,,,-6.142156547098532,-13.423328134000057,20.133849130842556,10.155200970160504,11.293460154060245,17.7636238400302,26.18246469509416,2.689266653579388,11.782134556232961,23.99519456459102,4.074023122852747,9.04423569118137,35.8843039020266,9.31993112771363,1.6368651820996727,2.8800045209393126,13.165441888595659,-1.4210854715202004e-14,17.002605951014953,14.138136247948593,1.7588,2.3805,136240.0,0.23961891200000002,0.388944296,,,,,,,,,,,,0.6285632080000001,0.385260147,0.0036841490000000003,0.0,0.1109334380444988,,,,0.096006517,0.07925293,121.13939131335584,80.12298126221766,2.4026199999999998,-0.294626,,0.020888962,,
2013-02-01,6.82922871,19.731364363692546,7.0254038581746725,32.500374,0.34624165,7.085847675649166,33.947770999999996,0.37026142900000003,7.581769807262221,28.951219,0.32563065900000004,6.667877617323884,4.996551999999999,0.04463077,0.913892189938336,27.582269999999998,0.28861052000000004,5.907149583197488,3.740837,0.057351194,1.1753511217263497,7.13979,0.029613494,0.6034692969945434,2.5000329999999997,0.032426245,0.6638147463460944,5.502679,0.05235763500000001,1.0721300316798297,5.520439,0.075399716,1.5444228247354181,0.714322,0.007731521000000001,0.1580999825586987,7.674103,0.088984723,1.823323057076033,1.2821209999999998,0.015081700000000002,0.3087713627310898,2.06749,0.033224976,0.6807263550330299,14.804628999999998,0.135887287,2.7845100872020643,2.418729,0.036141336,0.7374953313056479,0.140791,0.00604586,0.12353127108081219,0.563356,0.010264777000000001,0.20952015289520806,4.200101,0.037033598,0.7579345207099906,0.7964509999999999,0.007299716,0.14983488156900282,0.0,,,0.0,0.00029745600000000003,0.00612278765934247,-1.447397,3.549155,-0.024019779,0.020610991000000002,-0.027402925,0.017227845000000002,13.75525586597024,4.893816092956094,13.908743162186932,5.258764054375931,16.801629493319183,7.897438583719607,-3.524915681950036,-10.67879844441152,11.368206052442265,2.70501966931902,12.547192547635277,3.868039089847475,7.672531600304611,-0.130556286057526,6.8217312751083,-1.50585398929739,5.923051236339294,-2.579487022916971,17.28829802465228,8.020722191642093,15.477514618175459,6.458292227573992,18.779231882209714,9.628450093698525,14.663888686991001,5.925321632204361,0.667944794477271,-7.039251102971178,20.165275696427763,10.938881431244752,15.022225775381548,6.429294217185388,-9.379852153537415,-15.452508713166269,56.966977345189584,45.63069619722779,-4.550134726393118,-11.573629746349178,5.636520979071569,-2.6206910638067016,,,-46.134706694046955,-49.60263350755546,19.871484241114977,10.260711910293498,11.235295581048119,18.141277386562347,26.12507541305147,2.6788770554864043,11.687278412443177,24.032944301092726,4.073257114772277,8.973382966120406,36.70036259704491,9.761031846501083,1.632862492949542,2.772305240576382,12.05385344094267,1.4210854715202004e-14,15.464013577883437,12.890063919230975,1.805,2.3627,136240.0,0.24591320000000003,0.39082658400000003,,,,,,,,,,,,0.6367397840000001,0.387142435,0.0036841490000000003,0.0,0.0,,,,0.095176991,0.081352801,116.99288755896677,80.39520739202483,1.882288,-0.5216879999999999,,0.016645748000000002,,
2013-03-01,6.87446579,19.601523102495502,7.29064531040986,24.767965,0.34919687200000005,7.112602427178737,30.156799999999997,0.373074253,7.597828780340084,25.227569,0.326833818,6.657128621879796,4.929231,0.046240435,0.940700158460288,21.323178,0.29165882400000004,5.940784772774217,4.314361,0.057667534000000006,1.175838385589651,0.379023,0.029431276000000003,0.5990954897587336,2.476053,0.032949254000000004,0.671275468056982,5.705654,0.053927222000000004,1.0969855671307698,5.219054,0.075820528,1.5458143210742774,0.744224,0.007898883,0.16055615214904376,7.533352,0.089907892,1.8319721115966545,1.255647,0.015224503,0.3099801786856413,2.218863,0.033576246000000004,0.6849428468713932,11.925892,0.13511958300000002,2.751321786757175,1.3830339999999999,0.036773062,0.7488044457120617,0.242647,0.006189901,0.12621377845160428,0.668134,0.010042631,0.20389347380526568,3.694269,0.03868725,0.78743241869997,1.180836,0.007211295,0.14628782864280993,0.0,,,0.054126,0.00034189,0.0069799111175079965,-5.388834999999999,-0.45960399999999996,-0.023877381000000003,0.022363054,-0.026544908000000002,0.019695527,14.298472585912236,5.624245776092818,14.57934876957272,6.176518250786334,16.71940792842608,8.146751204464975,1.4340209489116074,-5.949072709825176,11.818604786186837,3.3079346804532506,12.244273759588364,3.821994015599972,5.857294512042599,-1.7848271850130493,7.568308646745359,-0.7105550609925015,9.413612042601716,0.812859699178281,17.0279298746115,8.031170630498675,16.763470866646422,7.857094343181914,18.629793887148782,9.76780674473492,14.650750740302776,6.162598947853315,2.551797196693739,-5.139383407656528,19.323424030483594,10.686026626925127,18.19665501426759,9.456637263667522,-7.285318642539496,-13.552340628565595,39.82844036480091,29.99817035498058,1.9521656716861457,-5.454669903427778,1.6764148989403704,-5.811914542868402,,,-37.59343461539163,-41.960175936297595,19.772257601916408,10.090994538193709,11.297190857493138,18.48983043283477,25.996308618456197,2.7082612799673083,11.64515667113848,24.099195073641276,4.08082382463418,8.999882926790985,36.217879393569405,9.856767574898823,1.659160596107928,2.691858502494944,12.394432107862453,0.0,15.85428973683306,13.241938490216487,1.8137,2.3206,134493.0,0.24392995410000004,0.392814154,,,,,,,,,,,,0.6367441081,0.390062901,0.0027512530000000004,0.0,0.0,,,,0.094961061,0.077333677,122.793929739045,81.8482177788495,1.9875699999999998,0.20764,,0.019171875,,
2013-04-01,6.90336726,19.519459841109484,6.133784192762559,30.48846,0.350554484,7.104224453472154,29.893328999999998,0.37524883600000003,7.607088322919721,26.81752,0.33057734,6.70257407731187,3.075809,0.044671496000000005,0.9045142456078508,24.122491999999998,0.295824223,5.998196852191116,5.452478,0.058304108,1.1824979732501135,0.772991,0.029533616000000002,0.6002901532152836,2.98632,0.033427955,0.6776171270586939,4.62758,0.05473941,1.1082709397621653,6.5407779999999995,0.07707271,1.5639242989618383,0.798905,0.008093781000000001,0.16363728940066855,8.079972999999999,0.091043519,1.8458245999288603,1.2776159999999999,0.015390382000000001,0.31188698497469214,2.753958,0.033395077,0.6778923524701895,11.716230999999999,0.137034388,2.7769626796207345,2.1706179999999997,0.037410054000000005,0.7594020033726602,0.145896,0.006226063,0.1267882586656216,0.6732279999999999,0.010077857,0.2038171982791122,2.611917,0.037003138000000005,0.7494159059213833,0.317187,0.007319147000000001,0.1481424084939471,0.060106,,,0.086599,0.000289105,0.00578269453931053,0.595131,3.67094,-0.024694352000000003,0.019977144000000002,-0.026292223,0.018379273,12.674699155169456,4.538945520096438,13.417796430306982,5.466371382103374,16.620284642144156,8.424488974364808,-5.737723736163936,-12.269919052210687,13.124781357320515,4.864540452739097,12.953070453552895,4.925060794692859,4.787745287461664,-2.7425307790472364,8.461662880983557,0.4403679227005908,12.220108112549566,3.8075924390867044,18.83385272555138,10.11339117081549,18.39169872402946,9.73930845997204,18.68478227372585,10.254393456974164,14.905690452947894,6.7863113379967865,0.9432969906059796,-6.259574669741619,19.034698854374387,10.792921124239863,20.36229093798414,11.698383931362887,-4.973588694260888,-11.264724917350577,33.96246605030828,24.874570182243083,-6.368897778309712,-12.775634332172404,1.6273377185364035,-5.85396780837748,,,-56.75693058792207,-60.07478694628821,19.70903782277491,9.983501587697909,11.299938409708933,18.504032376009995,26.0535493741498,2.736010228614714,11.713930201043738,24.262172261608296,4.101380343788728,8.899448524871639,36.51827130517734,9.9693990789621,1.6591824951057277,2.685646438620798,11.904499551865367,0.0,15.100689033162778,12.7430964483113,1.7953,2.3501,134493.0,0.24145528289999998,0.393584659,,,,,,,,,,,,0.6350399419,0.39083340600000005,0.0027512530000000004,0.0,0.0,,,,0.097010464,0.078157907,124.12111291567723,84.23895771352197,0.770505,1.99441,,0.022443462,,
2013-05-01,6.91341994,19.491076944473882,6.514689487912051,34.900963,0.354629725,7.14451330727238,30.336562999999998,0.379346856,7.653645886519618,26.793882,0.33354225400000004,6.730105822390972,3.542681,0.045804602,0.9235400641286448,30.177577,0.299525676,6.036723221532002,5.26167,0.059070095,1.1917193423258778,5.722732,0.028923415,0.5803552270175836,3.086579,0.034044000000000005,0.6864874651330225,5.307023,0.055574606000000006,1.1188715587287865,7.182046,0.07845491,1.5835003188445556,0.785333,0.008285894,0.16662851791092725,7.881549,0.092022458,1.8561403574964097,1.278826,0.015556977000000001,0.313721808765801,2.694521,0.033785883,0.6825843638183838,10.896433,0.137683194,2.776596343291143,2.5484329999999997,0.037859446000000005,0.7654958105492801,0.817619,0.006581491,0.13312905082222065,0.676501,0.010052805000000001,0.20243808764773383,2.943284,0.038222040000000006,0.7709840273992876,0.532063,0.007263775,0.14631723352207213,0.038303,,,0.029030999999999998,0.00022037800000000002,0.0043189998338710595,4.5644,8.107080999999999,-0.024717131,0.021087471,-0.024393191,0.021411411,12.647532392313332,4.669428623559346,13.987876727683734,6.133713420343168,16.192583645484284,8.172462737261998,0.15012044247124656,-6.6829314638817365,13.160512814593982,5.057605513053343,13.36834625366392,5.442974176541737,-1.8982815469764103,-8.681537405329209,9.564617103943029,1.5417446946870639,13.555867359349772,5.19981177036315,19.658112488454947,11.02632703334152,20.176963785747514,11.527803410830085,18.453675809522107,10.207260474143109,15.233623053573297,7.237899470963849,2.1658349019670675,-5.0513512110984315,17.316607436134255,9.350995334515133,20.50786053146847,11.94748400303489,6.865789277554457,-0.08948603516421016,27.77185982775059,19.24648364751953,1.1412019087940983,-5.671728645948071,0.01160688273000865,-7.22677247923823,,,-67.69787757973734,-70.46500737218197,19.721212481296597,9.656405883547693,11.36597050865182,18.554204348077324,26.19304997411975,2.7663384690933808,11.742818335213443,24.258131191681738,4.100990097569176,8.906330042181766,36.294802981048036,9.98016601460907,1.734953353613665,2.6500298713428645,12.07459644795369,0.0,15.292379141479676,12.91617672489242,1.8661,2.4208,134493.0,0.2509773873,0.395152161,,,,,,,,,,,,0.6461295483,0.39240090800000005,0.0027512530000000004,0.0,0.0,,,,0.110401017,0.091137622,121.13660042611163,85.34423737130668,1.567502,-0.616076,,0.023373605000000002,,
2013-06-01,6.96619654,19.3434106009303,8.297518999646458,31.403779,0.361230001,7.232374959012846,32.602892,0.38087590800000004,7.6333487340113875,31.069081999999998,0.33541889900000005,6.719551999410467,1.53381,0.045457009,0.9137967346009198,26.705486999999998,0.30595477800000004,6.128539913588646,4.658963,0.059211937000000006,1.1872129665065818,1.1200539999999999,0.030017859,0.6014844020459297,3.566537,0.035230343000000004,0.7056151183769624,6.136769,0.057535627000000006,1.1501022208376215,8.246276,0.08035540000000001,1.6100771436969767,0.7045429999999999,0.008427985,0.1684742939747283,7.901078,0.09159416000000001,1.8344867719529447,1.282255,0.015479541000000001,0.31004159686375,2.491408,0.033887163000000005,0.680707253625278,14.783211,0.138153954,2.762730631794127,3.141197,0.039119149000000006,0.7868429214496794,0.8551599999999999,0.007106666,0.14275809291388047,0.614773,0.010078266,0.20198473081080776,1.4435339999999999,0.038016485,0.7643610665791647,0.090276,0.007121737,0.14319686481447014,0.0,,,0.0,0.00022037800000000002,0.0043189998338710595,-1.1991129999999999,0.33469699999999997,-0.019645907,0.025811102000000002,-0.019370271,0.026086738,15.434464399026071,7.356738730226198,11.932645117870845,4.222232787998981,14.004227836637128,6.143676018065691,-1.3010339364397772,-8.021416166996787,16.659448853319383,8.410853982584655,12.902350669788776,5.102108494607438,9.08828360964642,1.8355270868252171,16.620604789958506,8.228641702358374,18.00813665798364,9.367054913034112,22.14918625834803,13.430609055609889,22.766567288886066,14.078177682463245,14.633904610775739,6.701594482852591,11.979864150218367,4.2539670878967595,3.467151161858739,-3.7468052663388374,13.06199748848329,5.3357167938342,24.895152995261327,16.03004080759294,16.339293212534713,8.567023945387998,24.172209174504534,15.857547043110909,-0.48916114998364124,-7.202522170366588,-1.4173065942242102,-8.440902065279277,,,-64.94870612186472,-67.77579631900616,19.35316630355091,9.811207785746689,11.514885706409855,18.805271607819112,26.263816020549285,2.7546505581945837,11.49700201772957,24.048294490708503,4.064195365173898,8.897166318012427,36.27269436007487,10.270838396005873,1.8658743834225395,2.6460760022658087,11.934860684336062,1.4210854715202004e-14,14.85742739405756,12.583951741040467,1.9272,2.5109,130420.0,0.25134542400000004,0.395826754,,,,,,,,,,,,0.647172178,0.393075502,0.0027512530000000004,0.0,0.0,,,,0.12262497800000001,0.10451407,117.32867928691324,86.03416860335666,0.674593,0.103943,,0.022069202000000003,,
2013-07-01,6.98787264,19.283408118897828,8.884429071612221,37.085659,0.370259424,7.358426483046209,36.773705,0.389347504,7.748222217626679,29.867274,0.34119974000000003,6.789760939671789,6.9064309999999995,0.048147764,0.9584612779548918,29.601411,0.311312372,6.190317575684556,6.797242,0.060188825,1.1960791454444684,0.12188099999999999,0.030020789000000003,0.6013371131142206,3.488969,0.035727304,0.7100722500683685,5.4540239999999995,0.058916973000000004,1.1697618831861127,7.789198,0.081751076,1.6260370192622886,0.7874899999999999,0.008616726,0.17108807451546626,8.410112999999999,0.092481216,1.8387035777183443,1.3194759999999999,0.015607055000000002,0.31045840737445013,3.328038,0.034144422,0.6804071617146762,11.576065999999999,0.14142870800000001,2.8116570699691623,3.907972,0.04056714,0.8105506324427582,0.684024,0.006867728,0.1365693163254438,0.641585,0.010103471000000001,0.20141477412695377,5.04244,0.039844472000000006,0.7941038184630611,0.980119,0.007100633,0.14107459178367918,0.0,,,0.883872,0.00110425,0.021363064334737523,0.311954,7.218385,-0.01908808,0.029059684000000002,-0.019536239,0.028611525000000002,15.607486077520782,7.398762287289329,13.068022968913496,5.223722861799818,14.611115857092827,6.6800607368899145,3.2197371133820596,-4.054862571317841,15.604567435520966,7.324448234040637,8.055573712781028,0.25177436842005463,8.733445840395815,1.485557232043777,8.977850631733354,0.6864122292998154,21.5234840419525,12.739516317211264,23.45036122534838,14.729402320331486,22.280683181493455,13.526768340977835,14.040275837209304,6.1431647994731,11.554422884622673,3.8507101811416033,3.7173952189009984,-3.5198850475251953,14.443294921098882,6.5530396090174525,30.22879637765712,21.060674722119256,5.008498257841842,-2.1848726865826396,19.919728860875054,11.749379256345405,2.9829259567375033,-4.177232042341627,-3.481020487113695,-10.44535021658758,,,84.41048764195057,67.98069611018695,19.33390074198529,9.643300973595743,11.476352118765137,18.925355462583415,26.260143621918118,2.767871364906757,11.59307571624555,23.752872446820668,4.008515488004773,8.769652212795489,36.324544666915344,10.419262890664378,1.763907031493388,2.5949751561782195,12.366270107127745,0.0,15.466061849928664,13.003791633403502,1.9241,2.5539,130420.0,0.250941122,0.400960217,,,,,,,,,,,,0.651901339,0.398208964,0.0027512530000000004,0.0,0.0,,,,0.131243271,0.11240975700000001,116.75434099550628,86.20008249491711,5.133463,1.602944,,0.024534781000000002,,
2013-08-01,6.98064727,19.30336755147349,8.168232522657126,31.905298,0.371915088,7.342690446492434,35.050052,0.392576048,7.760369619013408,27.518466999999998,0.34268537600000004,6.777391608742993,7.531585,0.049890672000000004,0.9829780102704159,28.088585,0.312650278,6.173964695779012,4.777337,0.060627352,1.197703000905035,5.189820999999999,0.029054971000000002,0.5729877067434873,3.442646,0.036315806,0.716932066205256,4.344520999999999,0.059298678,1.1708817289590174,6.9854449999999995,0.082350422,1.6275371724520238,0.713653,0.008747778000000001,0.17269920683995926,7.557945999999999,0.093027201,1.8381868597924413,1.295011,0.015718196,0.31073714309177336,2.3866549999999997,0.034097108,0.6756560962960956,12.568045,0.14215787900000001,2.80706565287944,2.849269,0.040500281,0.8046620414209763,0.270109,0.006968318,0.13824375401041245,0.591432,0.010216393,0.20284006125185366,5.806414999999999,0.040235031000000004,0.793103504228524,0.284354,0.007012166,0.13877903751169665,0.043186999999999996,,,1.397629,0.0025018790000000003,0.04834201062233587,-3.144754,4.386831,-0.020660960000000003,0.029229712,-0.022623923,0.027266749000000003,16.85658154278702,8.784268728549115,13.24054438137412,5.476525336254934,14.258387508690706,6.44944159252181,6.711066770326224,-0.7761641622774818,17.305638396583234,9.169656618324296,12.862112533336777,5.068193152793943,2.9358444579204557,-3.722057459462058,19.09939310014792,10.666822103325257,21.79801790565261,13.1429409544781,23.167344736691465,14.61871944891653,25.271718933994826,16.550457673048257,13.238626734804537,5.4432967748612615,11.047969468194374,3.414624003584721,6.415903317477256,-0.744747238828436,12.723905420155646,4.962870380468121,31.132229909143796,22.27168145317977,8.054432882775608,0.7384102222828259,25.684069763293426,17.514871310072657,2.8858203784497327,-4.23033301491571,-1.6517128073591736,-8.506271994248205,,,384.2746368732386,345.5770462816778,19.391427504184083,9.293121754396777,11.615472160239051,18.96645618847011,26.339468663450223,2.797943458089617,11.596110271170133,23.696606421591976,4.003860164184036,8.685478437543392,36.21155180613566,10.31654406995304,1.7750237273772749,2.6023984529998634,12.708536920214755,0.0,15.957341320515313,13.414532943067908,2.0557,2.747,130420.0,0.26810439399999997,0.404381847,,,,,,,,,,,,0.672486241,0.401630594,0.0027512530000000004,0.0,0.0,,,,0.130254519,0.11076218500000001,117.59836536269124,86.2628612967275,3.42163,0.002963,,0.025634768000000002,,
2013-09-01,7.03405216,19.156809892066537,7.882437983425983,30.121858999999997,0.378830088,7.440116880746991,34.846826,0.398386161,7.827826725586223,28.747213,0.34566510500000003,6.795564200244077,6.099613,0.052721056,1.032262525342146,24.216478,0.31710525500000003,6.229467509187373,4.6280529999999995,0.061178418000000005,1.2021033206761744,0.38439,0.029153648,0.5744466098834242,3.004134,0.036492039000000004,0.7160379308666792,5.003488,0.060578227000000005,1.1897705699036438,7.806884999999999,0.084026345,1.6503846130822206,0.6757879999999999,0.008887991000000001,0.17457650970400188,8.420652,0.093903966,1.843591432364034,1.349176,0.015864651,0.31172661651892497,2.5891379999999997,0.034173707000000005,0.673329495441991,11.436396,0.143204185,2.811420256287645,3.563011,0.041040458,0.8104455586597709,0.6247929999999999,0.007208933000000001,0.14227305195319218,0.7640469999999999,0.010269205,0.20277778901851923,3.9690649999999996,0.041911777000000004,0.8217631526630409,1.396792,0.007432048,0.14534747994974664,0.042214999999999996,,,0.691541,0.00319342,0.06158973009190545,-4.7249669999999995,1.374646,-0.019556073,0.033164983,-0.019687180000000002,0.033033876000000004,18.602153830642678,10.525504574182287,13.2488196598457,5.531669306635156,13.415058756506081,5.726972237344619,12.170831904098755,4.263749856859933,18.60183618481681,10.512223306320756,13.129381438294763,5.418258539564369,3.2366171536399646,-3.4377919976824822,19.26483563158332,11.040999371082139,26.173779579744448,17.498470087757802,24.09930491175636,15.616658279744232,26.474724097557534,17.82841849557977,12.668223110230548,4.9929902636302925,10.878802155506161,3.336485137342793,4.779987887067105,-2.2593851718052282,12.174395914665226,4.529064501469393,28.286148688988956,19.655019759424096,8.367885407074095,0.8381570318823917,25.161888167544145,17.229359541066238,6.7075627936306725,-0.7098137993227227,3.1251205454384534,-4.100413465241537,,,518.1323360896899,467.68367021452127,19.29277961666072,9.193681763488907,11.507863217214737,19.103507761169077,26.49793520451119,2.802852005716525,11.601380431238837,23.57109136629874,3.9822294429549725,8.578035671274234,35.94607419106609,10.301677622782684,1.809533991317535,2.577701236966411,13.23365647733933,0.0,16.625727631035318,13.916808001797365,2.0342,2.7484,126779.0,0.2578938418,0.40794635,,,,,,,,,,,,0.6658401918000001,0.40794635,0.0,0.0,0.0,,,,0.13107965700000002,0.11080785200000001,118.29455641825817,85.83026154417911,3.5645029999999998,-0.148174,,0.023736860000000002,,
2013-10-01,7.16065316,18.81811574853599,7.7119364368371635,30.018079999999998,0.381502842,7.45072841321486,33.187591999999995,0.39982441900000004,7.808816091909954,30.778661999999997,0.348417649,6.806689236819459,2.40893,0.051406770000000004,1.0021268550904956,26.021597999999997,0.31888894500000003,6.227858145189978,6.246169999999999,0.062146724,1.2126655617744937,0.175849,0.029007622,0.5712315574759749,3.696624,0.036978897000000004,0.7205415366425116,4.917052,0.060827749,1.187692392292637,7.620381,0.083873245,1.6362223642484446,0.763967,0.009051660000000001,0.17678527474551123,8.412514,0.094743164,1.8483928498311117,1.369842,0.016010903,0.3127030794550728,2.668189,0.034226273,0.6705227888489729,12.056481,0.145224804,2.8348800428527308,4.583317,0.041052007,0.8040281513423628,1.103437,0.00794506,0.1555925196671405,0.584882,0.009215438000000001,0.18056980482206622,2.10786,0.040636275,0.7928505343139242,0.143624,0.007235818000000001,0.14116159099506895,0.060106,,,0.09734,0.00329076,0.06342148547886794,-3.1695119999999997,-0.760582,-0.018321577000000002,0.033085193,-0.018530134,0.032876636,17.70228609241289,9.709391500304566,11.385559393188593,3.7838046577250983,12.052502814637833,4.4320706504807905,7.066388247408262,-0.4150077039552946,17.29905167546648,9.323966083404155,13.34886060516014,5.600442490949908,2.4987179542900195,-4.110469683543871,17.140241388319886,9.012047972447501,25.284955554119737,16.78393918398382,20.517980811210524,12.349960562781126,27.321807829403767,18.647930701335923,11.983244254035409,4.342871568859974,10.610774691858227,3.0750671876278446,5.981159062219454,-1.0687468176522663,11.708495301575494,4.0361588968158335,22.223818712442032,14.051515566066296,18.447777820183763,9.78891689592334,-0.5714791272068864,-6.743084970142799,1.12740264301181,-5.8468510100965325,-1.1004153996376331,-7.988630961114673,,,539.7974896178433,487.2639153519658,19.48851629209034,9.096465228670752,11.5961677505001,19.074900511210885,26.301709831929106,2.8384991521107765,11.603741233488051,23.696192502939645,4.004483528055848,8.560325826422323,36.322144696219766,10.267508698612026,1.987137258867623,2.3048712289881426,12.857336259894621,0.0,16.120587058921092,13.47480656513694,1.9888,2.7361,126779.0,0.2521380752,0.40688755600000004,,,,,,,,,,,,0.6590256312,0.40688755600000004,0.0,0.0,0.0,,,,0.138582387,0.12304472400000001,112.62765480298043,84.66614197534315,-1.058794,1.77888,,0.021378261000000003,,
2013-11-01,7.16128146,18.816464728087926,7.315695414474921,36.918199,0.385058832,7.471714649763524,30.49558,0.40237720200000004,7.818385639353914,28.738035999999997,0.35267765100000004,6.853152048048268,1.757544,0.049699551,0.9652335913056459,33.09357,0.322480922,6.254835881067342,5.835208,0.06288618700000001,1.2195650667131739,7.101019,0.028866687000000002,0.5586107092402687,2.9783899999999996,0.037433301,0.725617407308455,5.91569,0.061863311000000004,1.2004602423335917,7.66787,0.084942949,1.6472676718042212,0.8253039999999999,0.009169373,0.17802617915407123,8.205941,0.09552605800000001,1.8529059128692948,1.3622049999999999,0.016157958,0.31379741356693064,3.5813699999999997,0.034786588,0.676907287170523,11.164684,0.147305224,2.8615212011254716,3.102756,0.041358061,0.8059371908250773,0.726733,0.008308895,0.16193905896535732,0.594347,0.009234867,0.1801439835256131,1.240135,0.038744538,0.752943536943199,0.47194899999999995,0.007374876000000001,0.1433199280944054,0.0,,,0.04546,0.0033362200000000004,0.06427688196540682,6.422619,8.180163,-0.01731837,0.032381181,-0.019873633,0.029825918000000003,17.233124965684098,9.212691972284869,11.767582498628148,4.094086269491926,13.021028271510215,5.270219548263855,3.613273493104363,-3.5562910225087507,17.103508627587583,9.075876770505808,13.177238977782535,5.35123702937268,-0.3530261964920678,-7.01633788313033,19.20485115547177,10.921535689476936,25.226702652943402,16.666172970328,20.669675263237288,12.438623452058707,26.625187292424734,17.955470205258628,11.51781921775421,3.828883602724331,10.573859841827904,2.9615133124208493,6.350802032181302,-0.8610149970470382,13.414606607285261,5.5674669135579835,24.801969428783032,16.50932988365561,29.733745018209646,20.183508299400255,-4.187278543368345,-10.302552956939092,-3.657275113766967,-10.229932690741538,1.1524024065212801,-5.98412772098742,,,624.9263930988777,566.991468070578,19.500746465863802,8.951440234346638,11.607911800748324,19.183556849294796,26.340457126328857,2.8433846390454067,11.57250288437217,23.74042503531301,4.015624622788644,8.645268128287247,36.608740074692406,10.278430486228194,2.0649517315347303,2.2950770953469672,12.351482825808803,0.0,15.411625187551406,12.907001961715814,2.0166,2.7423,126779.0,0.2556625314,0.40537714300000005,,,,,,,,,,,,0.6610396744,0.40537714300000005,0.0,0.0,0.0,,,,0.13781474400000002,0.12018801500000001,114.66596232577766,86.71272272333032,-1.5104119999999999,3.6681489999999997,,0.02796471,,
2013-12-01,7.19426683,18.73019213550632,7.400459634226775,32.458126,0.38944077200000005,7.514872256292733,50.000608,0.40822456,7.866706061672085,48.019133,0.35823851,6.898455729705662,1.9814749999999999,0.049986050000000004,0.9682503319664235,26.746843,0.326125253,6.291072039844439,5.946858,0.063760471,1.2289093761769048,0.622311,0.028987723000000003,0.5601829093179879,2.3513409999999997,0.037995402000000005,0.7336655651374114,6.205673,0.06272559700000001,1.2092044475530017,7.593941999999999,0.08546123400000001,1.6471675375721904,0.9559489999999999,0.009415762000000001,0.1816575569381173,6.2723379999999995,0.096235367,1.8584803792496134,1.53768,0.016306461,0.3146533368379658,8.492575,0.036386232000000004,0.6973144949954242,14.608917,0.148742593,2.8701860484892103,13.787246,0.043767278,0.8352909710647268,2.051241,0.007665522,0.14615349987185783,1.269136,0.009135057,0.1763769991968635,1.7271649999999998,0.038909662000000005,0.7538711644367271,0.154697,0.0073966380000000005,0.143543270632461,0.0,0.00024391700000000002,0.004693244302634489,0.099613,0.003435833,0.066142652594601,-17.542482,-15.561007,-0.018783788000000003,0.031202262,-0.019932923,0.030053127000000002,17.133888259442863,9.030372304513357,12.804525779099807,4.943096390733248,14.281360175489999,6.3290648907055935,3.242732724544828,-3.974581866482274,16.98266051619155,8.873152211575563,12.86335545445838,4.929871576672773,-0.10235230054714828,-6.818780417878745,20.34500500189027,11.911841761634555,25.4508477556602,16.815655533965735,19.18357944540523,10.972991248448638,27.923240854737983,19.048732698943247,11.302741956619201,3.546682298919923,10.715852193287878,2.991679520481716,10.617961511177775,2.8220962171805697,14.879531633331776,6.8721005322203155,27.358873329111045,18.67983353827183,27.62337667959407,18.922897024693942,-4.218812566035912,-10.459459069243648,-4.404079187818255,-11.017016491312281,1.6471855118255663,-5.549185602488571,,,686.1400614573585,623.4919161725759,19.550914997680355,8.88852449583228,11.65055500930497,19.233590905025686,26.205034174400478,2.887161271132843,11.584219146623397,23.57412474153931,3.9944830854860864,8.913288313667362,36.436463548396006,10.721373059964838,1.877770901388197,2.237752917168923,12.24474343238927,1.4210854715202004e-14,15.32725526164636,12.83534072287634,2.1343,2.9365,122808.0,0.2621091144,0.40300695400000003,,,,,,,,,,,,0.6651160684,0.40300695400000003,0.0,0.0,0.0,,,,0.144527765,0.12806249,112.85721915917767,86.55800579248688,-2.37019,0.23335699999999998,,0.024476999000000003,,
2014-01-01,7.33657515,18.366880628217924,7.751222648082456,37.907936,0.390476698,7.4814058604306055,36.001255,0.413292973,7.915759216087843,30.985357999999998,0.363513415,6.958736392928036,5.015897,0.049779558,0.9570228231598074,32.706945999999995,0.33038643500000003,6.328839626865068,7.407051,0.065066228,1.2442059042650528,0.257112,0.028986973000000003,0.5598020269070564,5.110211,0.038687837,0.74009403481556,5.001545,0.064121698,1.2297135494522118,7.2324079999999995,0.085404722,1.6357526605223696,1.15516,0.009624638000000001,0.18414677288819195,11.544736,0.097894295,1.8748757040191688,2.000454,0.016610309,0.3178186903989979,1.346304,0.036618509,0.699994705686889,13.267873999999999,0.150804859,2.892110490578631,2.007615,0.045463197000000004,0.8659959644477959,0.116685,0.007779135,0.14823584280387614,0.7016899999999999,0.008343111,0.159704994992677,3.680338,0.038466523,0.7398616630824874,1.335559,0.007683907,0.1473270998169546,0.0,0.00024391700000000002,0.004693244302634489,0.0,0.0033852110000000004,0.06514081595773089,1.9066809999999998,6.922578,-0.022816275,0.026963283,-0.023531563000000002,0.026247995000000003,14.422237391521309,6.486451937005233,12.775980758065852,4.860939923224206,14.2316461713484,6.2140448561266215,3.1749309801668124,-4.02897777015564,16.428914512273884,8.313164205617007,13.88524525603787,5.805927218700968,0.5895775539182191,-6.159779726020609,20.72190116327002,12.259090905191483,27.207315314083537,18.404459079993842,14.950270470838278,6.996499895992669,26.12151468922097,17.311462113628618,11.324742360599394,3.4808062254190864,11.253277339348,3.4065143865278813,10.480944157543659,2.6542066099037642,14.675172015390213,6.621090361632231,33.10852184216968,23.9081914425743,29.6811905190175,20.78236373301032,-20.9515345459369,-26.205221460092286,-5.187181045384248,-11.759287243043993,6.353803135675817,-1.3597694710365538,,,649.177505272686,594.2161697489603,19.693976842602513,8.773657126691656,11.709874529200933,19.408090407828034,25.84994810697963,2.9131456320233005,11.651307354673932,23.686416512094922,4.019015585827539,8.860181854579947,36.488609497844045,11.000234693078124,1.8822325827446382,2.018691713880168,12.044617559950627,-1.4210854715202004e-14,15.067070777285391,12.748406820424405,2.2795,3.1003,122808.0,0.279940836,0.406265562,,,,,,,,,,,,0.686206398,0.406265562,0.0,0.0,0.0,,,,0.144964817,0.12764355300000002,113.57002652535064,87.27033331801016,3.258609,-1.80442,,0.023823193000000003,,
2014-02-01,7.36798979,18.288570402592807,7.889047253771064,34.424289,0.392400613,7.469700172016027,32.755956,0.412101158,7.844982984561881,29.430443,0.363992639,6.925730070850972,3.325513,0.048108519,0.9192529137109083,29.522848,0.332327013,6.324534491650368,4.5062549999999995,0.06583164600000001,1.2528070482124063,6.487953,0.028335136,0.5375796141460212,3.123411,0.039311215000000004,0.7478876947410376,5.457714,0.06407673300000001,1.2209519718529889,6.3778109999999995,0.08626209400000001,1.6434679126537617,0.7788109999999999,0.009689127,0.1842955650370041,8.941706,0.09916189800000001,1.886986201261949,1.531904,0.016860092,0.32053702794366956,2.2593639999999997,0.036810383,0.7005208447576822,14.131952,0.150132182,2.858448160588404,0.84476,0.043889228,0.8337205939850605,0.390304,0.008028648000000001,0.1525959464661611,1.3304529999999999,0.009110208,0.17292129584804544,1.824018,0.03609044,0.6903466214957745,0.801805,0.007689261,0.14627590212977826,0.12496499999999999,0.000368882,0.006978675502994499,0.5747249999999999,0.003959936,0.07565171458236104,1.6683329999999998,4.993846,-0.019700545,0.028407974000000003,-0.017763422,0.030345097,13.331429942065022,5.417171154920353,11.30005064610713,3.4716587814040523,11.78082558866178,3.867084375651375,7.792267532018826,0.5865816374833077,15.14722782800848,7.065758240490561,14.786879589638534,6.590024466245437,-4.316809087100626,-10.918481383671462,21.232708258387632,12.66512213802342,22.382787152246287,13.88095993729257,14.406391132826023,6.413081076764793,25.319804473143126,16.568997702817324,11.436991268714758,3.49159979844762,11.79172109244977,3.8104781183436742,10.791300496349487,2.907848297381088,10.482875414239444,2.6553350884296556,21.43775758593982,13.047575841471048,32.79579745478727,23.52819260342205,-11.247872213882493,-17.46794117006377,-2.5467630771387584,-8.917379716509476,5.336440486177807,-2.375267629243971,,,1231.2678177612822,1135.5763222807132,19.809297295973952,8.52628131075219,11.829076019167903,19.281229178923233,25.956991344546527,2.9155400015586457,11.681584849077552,24.062513796673198,4.091250818567222,8.932365824606588,36.430905151690936,10.650110330434936,1.9482226254748842,2.2106727494320704,11.673958703120169,0.0,14.476258961229854,12.260051948491732,2.2342,3.0508,122808.0,0.27437763360000006,0.40705246300000003,,,,,,,,,,,,0.6814300966000001,0.40705246300000003,0.0,0.0,0.0,,,,0.14646008200000002,0.13023420600000002,112.4589971393537,88.05675257532188,0.7868999999999999,3.286981,,0.026536475,,
2014-03-01,7.45092444,18.085004228012277,8.38550467206558,31.967672,0.39960032,7.562345817146436,37.059531,0.419003889,7.924085547487695,31.429419999999997,0.37019449000000004,6.999632487861646,5.630110999999999,0.048809399,0.9244530596260497,22.864936999999998,0.33386877200000004,6.320080207782978,5.777495999999999,0.067294781,1.2727250409857245,0.439473,0.028395586,0.5380980571182413,2.570024,0.039405186,0.7458321795646272,5.490047,0.063861126,1.2083999863641288,5.005106,0.086048146,1.6316838682712396,0.848602,0.009793505000000001,0.18505461186547215,8.897561999999999,0.100526108,1.9002334743837195,1.5041799999999999,0.017108625000000002,0.3231275359242819,2.754956,0.037346476,0.7068511413098975,14.241266999999999,0.152447557,2.8822358869397893,2.814259,0.045320453000000004,0.8575069069962454,0.497687,0.008283688,0.1568403671891366,0.719509,0.009161583000000001,0.17283717511857558,3.6744109999999996,0.036070582000000004,0.6843850608158965,1.673506,0.008181931,0.1533950810811238,0.046806,0.00041568800000000005,0.007825162210890841,0.235388,0.0041411980000000004,0.07884775551813873,-5.0918589999999995,0.538252,-0.019403569000000002,0.02940583,-0.019385287,0.029424112000000002,14.434106385695223,6.323190345198215,12.311124563184483,4.294078960976644,13.266886598619987,5.144918859704051,5.555665728490666,-1.7271283190630093,14.472371321088495,6.384601521789168,16.694396885429484,8.239793545053175,-3.519011544045869,-10.181587690646287,19.593560449046876,11.106723700696364,18.42094517681627,10.156416143629855,13.489246606143412,5.554971643508022,23.985948392956313,15.258499527122794,11.810104501171036,3.726113643049511,12.375589534843945,4.241354171220624,11.22886102275995,3.1985580313123263,12.824176640628027,4.758225694018714,23.243620561159695,14.516802338268043,33.82585601934507,24.265646043768395,-8.773079484848134,-15.23162958925861,-6.76364435311374,-13.086501830112862,13.459940274250325,4.858403125025257,,,1111.2661967299423,1029.6383892391077,20.15605730265782,8.505014059835462,11.80259709943762,19.12761280950229,25.773044146818258,2.933339629619508,11.70233495212905,23.99168853537777,4.0831661588706645,8.913157366899762,36.38332745880552,10.816236839271914,1.9769954927554383,2.1865150277877254,11.648913120231207,0.0,14.619336425989548,12.214554532889263,2.1898,3.0072,118134.0,0.2586898332,0.40899883400000003,,,,,,,,,,,,0.6676886672,0.40899883400000003,0.0,0.0,0.0,,,,0.15423197500000002,0.138047296,111.72401015373745,88.57905734412867,1.946372,-0.185784,,0.026101852000000002,,
2014-04-01,7.55113714,17.8449944030549,9.383390099399126,34.069278,0.40318113800000005,7.575193621785285,36.789389,0.425899949,7.997090353351932,32.951096,0.376328066,7.064181106878021,3.8382929999999997,0.049571883000000004,0.9329092464739114,25.857872,0.33560415200000004,6.310655775036404,5.902067,0.06774437,1.2716179682116469,0.7104739999999999,0.028333069000000002,0.5356880948897182,3.047513,0.039466379,0.7419236786801623,5.366118999999999,0.064599665,1.213830487913734,7.036116,0.086543484,1.6295708654098724,0.8652,0.0098598,0.18489990695863368,9.251109999999999,0.101697245,1.907602772065016,1.5040069999999999,0.017335016,0.3250281582170784,3.1851019999999997,0.037777620000000005,0.7099334960879542,14.416794,0.15514812,2.910808994686123,2.3480179999999997,0.045497853000000005,0.8570379841831282,0.518649,0.008656441,0.16324784457830813,1.7274159999999998,0.010215771,0.1905218570604126,3.0469899999999996,0.036505655000000005,0.6877753713222494,0.160409,0.008025153,0.1500662598797014,0.12143,0.000477012,0.008818843228044071,0.509464,0.004564063,0.08624877204391644,-2.7201109999999997,1.118182,-0.022718811000000002,0.026853072000000002,-0.022381223000000002,0.027190660000000002,15.012403606852743,6.6294241038928226,13.49800669335053,5.126824007776487,13.839643697296378,5.395047117646734,10.969829620212401,3.1392541360118154,13.447150675014207,5.209214211286639,16.191418278794355,7.536587544127937,-4.065018655351915,-10.761805433512905,18.06399464161059,9.49010127601133,18.013082347800236,9.524705950895163,12.288103013375284,4.197553966749634,21.819456197295175,12.993748329516297,11.7017950503429,3.3469145518234322,12.635384878685919,4.213440725477091,13.123320542126615,4.7265828418050715,13.218384278842477,4.819881665952708,21.619319234342726,12.85695591753071,39.035551037630036,28.756279403474828,1.368485383350837,-6.523169453292477,-1.3444346260579332,-8.225143623466169,9.646014761009702,1.2986499985470967,,,1478.6869822382873,1391.4979765505627,20.185796151890276,8.442407172602561,11.759800576007176,19.248768114168023,25.78736987735479,2.937925511720129,11.637932596257059,23.87820079311632,4.0702085174469,8.87006915326022,36.4283020846288,10.68275615125749,2.0325057611124535,2.398631656093483,11.639325883084341,0.0,14.770938531177647,12.295189017498135,2.118,2.935,118134.0,0.25020781200000003,0.409371352,,,,,,,,,,,,0.659579164,0.409371352,0.0,0.0,0.0,,,,0.153378389,0.137591697,111.47357896167239,88.09920842449115,0.37251799999999996,2.249116,,0.025958571000000003,,
2014-05-01,7.58098105,17.774744338663133,9.656018523301224,37.554817,0.405834992,7.56246353737633,36.080134,0.43164352,8.04711322724276,28.998651,0.378532835,7.0573830988659845,7.0814829999999995,0.053110685000000005,0.989730128376775,32.384817,0.33781139200000004,6.298094142361011,5.874973,0.06835767300000001,1.2734884964567654,7.3498719999999995,0.029960209,0.5547879808670141,3.097702,0.039477502000000005,0.7368237909833304,5.194827999999999,0.06448747,1.2027276338579702,7.105335999999999,0.08646677400000001,1.6158805850454208,0.807394,0.009881861,0.18394414295916975,9.225306,0.103041002,1.91796034966031,1.523634,0.017579824,0.32718466706817934,2.7946459999999997,0.037877745000000004,0.707088498115521,11.823671,0.156075358,2.908588509832284,2.3938759999999997,0.045343296000000005,0.8499168143707534,0.45366199999999995,0.008292484000000001,0.15537529580421094,0.783856,0.010323126,0.19126896401472623,6.283008,0.039845379,0.7420864572865857,0.791025,0.008284115,0.15375604614788482,0.0,0.000438709,0.008072276507839888,0.00745,0.0045424820000000005,0.08581534843446446,1.474683,8.556166,-0.025808528,0.027302157,-0.025534630000000003,0.027576055000000002,14.439079239620977,5.849946835126185,13.785975334404776,5.140913841025174,13.488720082823447,4.862884553555835,15.95054357201926,7.16699435346968,12.782114879527073,4.3296820350607,15.722977929864523,6.861443900985842,3.5846182063909104,-4.405447725862366,15.960233815062864,7.332446462158493,16.037655759538815,7.494700752288086,10.212061934683248,2.044853784714884,19.261252919721162,10.391753623769674,11.973755363065841,3.3305666737015516,13.002828248701537,4.291336440823779,12.111158971337233,3.589905599369536,13.358321713541876,4.75373983906815,19.767457769984276,11.028277706823397,25.99704231153701,16.71028588020036,2.6890106791089607,-5.517303469317092,4.247128096773478,-3.748141217682588,14.046965937133237,5.084030395292127,,,1961.2229895906125,1886.9264120241785,20.23545523296029,8.868916119915813,11.686255388332196,19.089785462297257,25.596168763900064,2.9252598444045366,11.59815918818984,23.871782437507694,4.072764488622464,8.775237723944056,36.15839246237265,10.504801740102575,1.9211417792163312,2.3915860013374,12.304293366896832,0.0,15.721993472617998,13.086768279458763,2.0922,2.8476,118134.0,0.24715995480000003,0.41237202900000003,,,,,,,,,,,,0.6595319838,0.41237202900000003,0.0,0.0,0.0,,,,0.150474256,0.133254389,112.9225514665787,86.92920720725634,3.000676,-0.355193,,0.027652629,,
2014-06-01,7.60454203,17.719673251644846,9.163472295600773,34.55744,0.40898865300000004,7.56735389097178,35.170454,0.434211082,8.039671053500978,33.598707,0.38106246000000005,7.051759198463764,1.571747,0.053148622000000006,0.987911855037215,24.757831,0.335863736,6.220219617761647,5.397243,0.069095953,1.279005644592951,0.144999,0.028985154000000003,0.5356916513516149,2.793681,0.038704646,0.7173379158582487,4.9436409999999995,0.063294342,1.1716212945213447,7.956815,0.086177313,1.5973616443726102,0.7251879999999999,0.009902506,0.18316597283017233,9.178671,0.104318595,1.9277696047206812,1.522132,0.017819701,0.3293531637939561,2.865906,0.038252243000000005,0.7096790880870071,15.080618999999999,0.156372766,2.8898544305716416,3.499921,0.04570202,0.851172807547913,0.729352,0.008166676000000001,0.15175746392015302,0.7221059999999999,0.010430459000000001,0.19217263982241278,1.4407729999999999,0.039842618,0.7396936131979746,0.112768,0.008306607,0.15400801252571672,0.0,0.000438709,0.00807227650783989,0.018206,0.004560688,0.08613795280568391,-0.613014,0.958733,-0.025222429,0.027926193000000002,-0.025903790000000003,0.027244832,13.221120025410071,4.631658809966566,14.003294217286122,5.322989079211959,13.607927620083204,4.9438891027622445,16.920631535612053,8.110679063507842,9.775613963446572,1.4959469215452659,16.692607100490562,7.731778600470696,-3.440301988226402,-10.93839681802602,9.861678042703126,1.6613586041425377,10.008954973237705,1.871057484616534,7.245204429322727,-0.7897447258439994,17.495534223186194,8.720427614700576,13.892190288114437,5.08495532341342,15.117760920688795,6.2287019308227665,12.881219947506374,4.256137173128738,13.187325785840343,4.601382317716585,16.827745920546477,8.175696107135622,14.915714344813736,6.303930532121527,3.49457932545143,-4.857837990528912,4.803529311034405,-3.227199089507171,16.637373719360895,7.5498494504427915,,,1969.4842497889986,1894.3958351227734,20.572614901181232,8.630033818238717,11.523913376584366,18.84524442972313,25.6584155307556,2.948370109239778,11.821407834277181,24.02485779946077,4.103925887363694,8.809596204640398,36.01307577866011,10.525300227136993,1.8808078233249699,2.402163240964909,12.240273038448153,0.0,15.82445983391312,12.99513363271719,2.1234,2.8919,130430.0,0.27695506200000003,0.40841730200000004,,,,,,,,,,,,0.685372364,0.40841730200000004,0.0,0.0,0.0,,,,0.147892664,0.135302117,109.305506284133,84.44025679675727,-3.9547269999999997,0.066936,,0.022986302,,
2014-07-01,7.63909814,17.639516802961246,9.319367045590576,34.699290999999995,0.406602285,7.4642947197618446,39.990305,0.43742768200000004,8.035958348945071,35.576423999999996,0.38677161000000004,7.103367293460092,4.413881,0.050656072,0.9325910554849788,30.736297999999998,0.336998623,6.19157697358524,7.387245999999999,0.069685957,1.278239102968646,0.011675,0.028874948,0.5335473116453502,3.189994,0.038405671,0.7063286554814115,5.346608,0.063186926,1.160760705493928,8.853140999999999,0.087241256,1.6033244898481929,0.770793,0.009885809,0.18157689784572642,9.273347,0.105181829,1.929171323641823,1.502651,0.018002876,0.33041520714635175,3.5278739999999997,0.038452079,0.7077331657995365,14.613987999999999,0.15941068800000002,2.9244121123666185,5.292625,0.047086673,0.8691731361739603,0.679622,0.008162274,0.15055535365369418,0.686317,0.010475191,0.19190699467810762,3.48881,0.038288988,0.7039991073802586,0.921792,0.00824828,0.15136794331646594,0.0,0.000438709,0.00807227650783989,0.003279,0.0036800950000000004,0.06915172828041437,-5.291014,-0.8771329999999999,-0.030825397,0.019830675000000002,-0.030639449000000003,0.020016623,9.815512757887301,1.4387347207933,12.348911321131784,3.713576137037111,13.35636129148281,4.618812894515001,5.209604333858575,-2.6991411197240356,8.250957337474517,0.020344641212455272,15.778895833238149,6.869107101908933,-3.8168250674557647,-11.273177721860328,7.496694964725026,-0.5272131936709945,7.247407296366015,-0.769488031843546,6.715728120813957,-1.3968027262011629,14.72813456062083,6.130657183421606,13.733181233257131,4.920191977640065,15.350884583926948,6.428171793019377,12.61599039515151,4.016125288275441,12.714519035272541,4.010270085985024,16.070970248333992,7.232429583643829,18.849698182572183,10.240980700907777,3.6791316568335564,-4.720497535525025,-3.9038891016048627,-11.346716762701703,16.1626012779424,7.296389380002877,,,233.26647045506004,223.69760815619432,20.678410012375632,8.568268838297302,11.39638810927723,18.749906286709074,25.887718834981712,2.9334864670945557,11.785821451264496,24.04553560009949,4.115623391205498,8.790499683099616,36.44275261024747,10.764447458997347,1.8659710703905565,2.394725215401434,11.580444970558585,0.0,15.03153679058208,12.458383503673621,2.0919,2.8135,130430.0,0.272846517,0.40824366700000003,,,,,,,,,,,,0.6810901840000001,0.40824366700000003,0.0,0.0,0.0,,,,0.145981953,0.138698503,105.25128234441001,82.48150882030414,-0.17363499999999998,-0.036663,,0.016039598000000002,,
2014-08-01,7.64632351,17.622848395542185,9.536024587015124,37.984997,0.412681984,7.517818869064676,32.037811,0.434415441,7.923971798668846,29.278806,0.38853194900000004,7.088144169846489,2.7590049999999997,0.045883492000000005,0.8358276288223573,33.582139,0.342492177,6.24118563772446,5.7504729999999995,0.070659093,1.287360124822051,8.394775,0.032079902,0.5813061364956821,3.134481,0.038097506,0.695112477855509,4.912186999999999,0.063754592,1.163463546587386,7.516379,0.08777219,1.600941885103027,0.805623,0.009977779,0.18199836367547656,8.542582,0.106166465,1.9338221415621217,1.486747,0.018194612000000002,0.3316178508136777,2.910066,0.03897549,0.7129463390549965,12.083159,0.158925802,2.894746199524391,3.344519,0.047581923000000005,0.8731126007069513,0.36083499999999996,0.008253,0.15170028084853873,0.550898,0.010434657,0.19019875733581196,2.109885,0.034592458,0.6290979279658981,0.38655999999999996,0.008350486,0.15269124181551505,0.195605,0.000591127,0.010685739233804432,0.066955,0.002349421,0.04335271980713954,5.947185999999999,8.706191,-0.021733457,0.024150035,-0.021266051,0.024617441,10.961345026152847,2.3850715735388217,10.657653010965152,2.108175095869158,13.378619635055578,4.585135093899817,-8.031922279980508,-14.969854860494557,9.544817676445504,1.0887807957730145,16.54655971120098,7.485755971995345,10.411061845492808,1.451764087483065,4.906128202138782,-3.0434666516227615,7.514356390879406,-0.6335552249352006,6.583776826304533,-1.6340817155609866,14.060724906370513,5.384597303990435,14.1241097859109,5.202696410335506,15.755090469669696,6.719733442273879,14.307318966758121,5.5191158583965505,11.795282201699141,3.1235659399348137,17.48541448391434,8.506746405620946,18.43604152393734,9.733913068588084,2.1364095919176096,-6.232153470090807,-14.02403045246816,-20.678962504668185,19.085686220206433,10.024715946488572,,,-6.093739945057308,-10.320817754508294,20.630863343777925,9.366608686072265,11.123613489133797,18.61490459678441,25.627502142917557,2.91328668800514,11.72322105330889,24.438925272916347,4.188297717529797,8.971939374503036,36.58382898042522,10.953092019581321,1.899794349160807,2.4019995642834435,10.562122721600037,-1.4210854715202004e-14,13.396945997981147,11.118365661438713,2.1619,2.8528,130430.0,0.28197661700000004,0.4074227,,,,,,,,,,,,0.6893993170000001,0.4074227,0.0,0.0,0.0,,,,0.141050433,0.13800958000000002,102.20336370851936,81.72002754683581,-0.820967,-0.06873699999999999,,0.011725300000000001,,
2014-09-01,7.65700448,17.598265790749544,8.856236857930844,30.338744,0.412898869,7.474689423275551,39.550075,0.43911869000000003,7.9524305095390035,34.91691,0.394701646,7.151916338250426,4.633165,0.044417044,0.8005141712885777,26.236974,0.34451267300000005,6.239000414420034,5.177407,0.07120844700000001,1.28981477782353,0.319223,0.032014735,0.579560221541791,3.185708,0.03827908,0.6936257900429326,5.374740999999999,0.064125845,1.1621987988485887,8.267952,0.08823325700000001,1.59688849014996,0.749829,0.010051820000000001,0.18224811147174866,9.516131999999999,0.10726194500000001,1.939976732266729,1.5402989999999999,0.018385735,0.33287853386996463,2.9700599999999997,0.039356412,0.7156146198991447,15.300161999999998,0.16278956800000002,2.9449176530195267,4.462396,0.048481308,0.883387107208187,0.521687,0.008149894000000001,0.14891202661122352,0.606174,0.010276784,0.18622966537565003,2.929915,0.033553308000000004,0.6046247272259471,1.6568699999999998,0.008610564000000001,0.15509120165347481,0.04638,0.0005952920000000001,0.010693242071585809,0.0,0.00165788,0.030105000337569958,-9.211331,-4.5781659999999995,-0.026219821,0.018197223000000002,-0.026609289,0.017807755,8.99315605575659,0.464677411426484,10.2243835221977,1.591805597146112,14.186141525624919,5.243893332558747,-15.750845354842669,-22.450524780675796,8.643003409073113,0.15302921507500677,16.394717823530524,7.296499031216275,9.813821584180493,0.8901804920399048,4.897070837833972,-3.1300214496485457,5.856259213396919,-2.317402342309416,5.006658328408786,-3.241433694195228,13.09439894797373,4.394406659151429,14.225148914370678,5.22812691633634,15.89120365774197,6.785406259896809,15.165767647039274,6.280004773798975,13.676543740673509,4.748397057797371,18.13052378703961,9.000178700348393,13.052708355036735,4.666361315012457,0.07380318145369102,-8.160718056432648,-19.943007904436982,-26.423480382811725,15.857217283849634,6.7037431313546225,,,-48.08449875055584,-51.12009698265172,20.669325856700777,9.292759747041293,11.111080375263871,18.613493791562203,25.61103376304534,2.9176923776037698,11.784614088782746,24.426640779056797,4.186962527147273,8.962590956900513,37.071883230476935,11.040593148062088,1.8559660942694105,2.340320335716068,10.115042928370915,0.0,12.892717011893492,10.757366351613815,2.2789,2.8914,122231.0,0.27855222590000006,0.40821239600000003,,,,,,,,,,,,0.6867646219000001,0.40821239600000003,0.0,0.0,0.0,,,,0.142707881,0.14244183400000002,100.18677588776342,81.08626146055782,0.789696,1.476997,,0.010575664,,
2014-10-01,7.80245427,17.270206955022626,8.962885028214384,34.174645,0.417055434,7.500008911051168,37.184720999999996,0.443115819,7.970090389102592,30.180919999999997,0.394103904,7.093950648642341,7.003800999999999,0.049011915,0.8761397404602513,27.924757999999997,0.346415833,6.231589321123084,7.016501,0.07197877800000001,1.29345005214862,0.179305,0.032018191,0.5793477091635971,3.092241,0.037674697,0.6774659337569227,5.26814,0.064476933,1.1606510132390515,8.332879,0.088945755,1.5973978233051778,0.858267,0.01014612,0.18269414075035326,9.537818,0.108387249,1.9463891608378896,1.5508119999999999,0.018566705000000003,0.33388353274509114,3.300814,0.039989037000000005,0.7224100713582103,10.697915,0.16143100200000002,2.902792604078743,3.912912,0.047810903,0.864714517426746,0.442762,0.007489219,0.13579401279582598,0.737887,0.010429789,0.18796674939983557,6.397167,0.037842615,0.6754391717800793,0.293253,0.008760193000000001,0.15745300859738834,0.12570699999999999,0.0006608930000000001,0.011733146312099332,0.18767399999999998,0.001748214,0.031514413770684375,-3.0100759999999998,3.993725,-0.026060385000000002,0.02295153,-0.027636894000000002,0.021375021,9.319089685837767,0.6614185231728742,10.827602803319515,2.0652848689793224,13.11249735227966,4.220280988722069,-4.658637374026808,-12.57197269889222,8.632123637901579,0.05991106165428306,15.820711643625817,6.66172875033364,10.378544645955468,1.4208164064821727,1.8816137214692885,-5.978226194468572,5.999209341118306,-2.2767998876701334,6.047828482133966,-2.3728156876220097,12.091262818090808,3.3423971613857795,14.401128718901557,5.301703640312816,15.962884791694787,6.77334336679003,16.837252481448985,7.738332443302598,11.159387069993908,2.3956061702586906,16.464227924349718,7.547791203960252,-5.737414191963309,-12.72458786172338,13.177355216322862,4.096446017127997,-6.874793518844912,-14.808763752104204,21.067072167929048,11.540970520010996,,,-46.87506837326332,-50.3095622363103,20.77814324381646,9.242704273277255,10.875570170604759,18.612582583660373,25.676007424291143,2.928884604417027,11.886107699932992,24.46025268170352,4.19003434404584,9.024511264401509,36.43088219335271,10.789708006339534,1.690126752166345,2.353738808859812,11.060745949130741,0.0,14.148289521166316,11.751894593465483,2.2171,2.7902,122231.0,0.2709983501,0.411054856,,,,,,,,,,,,0.6820532061,0.411054856,0.0,0.0,0.0,,,,0.14238867700000002,0.138221376,103.01494683427256,80.87325306626725,2.84246,0.9033479999999999,,0.013601386,,
2014-11-01,7.81659086,17.238973155107672,9.150728171491252,39.219153,0.419356388,7.481436847476197,35.617822,0.448238061,8.010286060971412,32.430838,0.397796706,7.1122767535734654,3.186984,0.050441355,0.8980093073979464,35.085277,0.34840754,6.213719476834092,6.739154999999999,0.07288272500000001,1.299828178768673,7.232151,0.032149323,0.5704064925593,3.088632,0.037784939000000003,0.6746680075094392,5.542186999999999,0.06410343,1.1448802539253358,8.517749,0.089795634,1.5999528642635594,0.873552,0.010194368,0.182223976621994,9.33079,0.109512098,1.9528355997765658,1.5490329999999999,0.018753533000000003,0.3349553887135421,4.081944,0.040489611,0.7253898721116309,11.471218,0.16173753600000002,2.890464740550883,5.053258,0.049761405,0.8934445976007157,0.588699,0.0073511850000000005,0.13226803319202718,0.355896,0.010191338000000001,0.18291852162810088,2.8208599999999997,0.03942334,0.700732945108829,0.366124,0.008654368,0.15488419869287262,0.0,0.0006608930000000001,0.011733146312099332,0.0,0.0017027540000000001,0.030659017284145502,3.6013309999999996,6.788315,-0.028881673,0.021559682,-0.028422611,0.022018744,8.907095007237743,0.130120034937109,11.397479472507488,2.4544762879380677,12.793284426179863,3.7811025307543655,1.4925768645273951,-6.964561170811201,8.03973699876732,-0.6573538461289385,15.896238072122259,6.581289858671879,11.371710234707555,2.111628567786328,0.9393721381932174,-7.021523916853544,3.6210784126960105,-4.629889974549528,5.712875591357203,-2.8723205311762534,11.178463347493883,2.357966388915078,14.641073119546078,5.393133359509128,16.06375632366419,6.742558807642496,16.394315533331415,7.162367115852075,9.797556127405226,1.0114738766928477,20.318515415894378,10.857844478681123,-11.526322092167485,-18.322340492096778,10.357171359370954,1.5401780554571198,1.751994048812766,-6.934197489274519,17.3493357718828,8.068850404983309,,,-48.96157927235015,-52.30164197969982,20.918813926931666,9.227504950093788,10.845040552222262,18.39897896583983,25.77316036271775,2.925989489205658,11.910511752989038,24.431682074405547,4.183833242130682,9.03305955537765,36.082954588722444,11.101557259324304,1.6400180260462087,2.273644049160743,11.253251204832425,0.0,14.477687537990711,12.028278677371668,2.2149,2.7644,122231.0,0.27072944190000003,0.413558442,,,,,,,,,,,,0.6842878839000001,0.413558442,0.0,0.0,0.0,,,,0.136149488,0.127968189,106.39322871092595,81.33594860705287,2.503586,1.9489109999999998,,0.015896147,,
2014-12-01,7.78203475,17.31552278149362,8.169948848005127,38.860028,0.42575829000000004,7.546371611261204,50.514883999999995,0.448752337,7.948456690945786,49.061447,0.39883902000000004,7.062393769524576,1.4534369999999999,0.049913317000000006,0.8860629214212099,30.776137,0.35243683400000003,6.245650869775739,6.9635609999999994,0.073899428,1.309020084961921,0.7774099999999999,0.032304422,0.5722117485268219,2.687627,0.038121225,0.6771646053500031,6.490156,0.064387913,1.1410272503786592,8.872114999999999,0.091073807,1.6113421809401998,1.08588,0.010324299,0.18312144805821717,7.1303279999999996,0.110370088,1.9588188608212505,1.713088,0.018928941,0.33581736116132005,8.803543,0.040800579000000003,0.718760260010792,15.153563,0.162282182,2.8792287835965173,12.226657999999999,0.048200817,0.8469178061417562,2.406659,0.007706603,0.1355204538875857,1.627608,0.010549810000000001,0.18733024390535422,1.122012,0.038818187000000004,0.6878110371562164,0.33116399999999996,0.008830835,0.15772097194649676,0.00026199999999999997,0.0006611550000000001,0.011737682979068085,-1e-06,0.00160314,0.028793229339428527,-11.654855999999999,-10.201419,-0.022994047,0.026919270000000002,-0.023305763,0.026607554000000002,9.325556184959494,0.4191602184866694,9.927814485243115,1.039197710360673,11.333373958037063,2.376445486385803,-0.14550659634037233,-8.488239852012125,8.067937321002262,-0.7219941177119771,15.901634415467235,6.518845924525185,11.441736903584987,2.14730564048784,0.33115322743524356,-7.70118736277694,2.650139782647254,-5.638186107594034,6.567390543412932,-2.1749673797478275,9.649107528418831,0.8058520354309096,14.68765739730593,5.398952966732429,16.082459584578167,6.726140118530788,12.131915720209774,3.0754795962628645,9.102697974345508,0.3150574546227469,10.129802908922048,1.3919502879587986,0.535919145493291,-7.275259226494601,15.487073589141275,6.210132136484092,-0.23509584842962283,-8.762787382890435,19.389849820959192,9.876952957507434,171.05736787513788,150.097421361153,-53.34057272283024,-56.46798516547729,20.968134108252716,9.166017533797275,10.816470164977137,18.26934837350173,25.84117158423912,2.929404081526847,12.009454153705178,24.594877597261405,4.218126445099717,9.092003681308963,36.16297200475638,10.74107319913523,1.7173399143768693,2.3509203474075724,11.122686810653871,0.0,14.162344052835296,11.723392866877589,2.3189,2.8207,126237.0,0.2927309793,0.414648522,,,,,,,,,,,,0.7073795013,0.414648522,0.0,0.0,0.0,,,,0.12942978400000002,0.117788214,109.88347611756811,82.64654776148006,1.0900809999999999,0.700263,,0.019823323,,
2015-01-01,7.86779672,17.126777012103584,7.24072962027793,40.109175,0.427959529,7.537061972251519,36.341778999999995,0.449092861,7.9096434830509,31.326769,0.399180431,7.029815985088657,5.01501,0.04991243,0.8798274979622429,34.876985,0.35460687300000004,6.242256641829651,8.225707,0.074718084,1.313855512993698,0.263604,0.032310914,0.5720040900422381,6.091225,0.039102239000000004,0.6876290222335476,4.309242,0.06369561,1.1229678972321901,8.442216,0.092283615,1.6230933574696442,1.245509,0.010414648,0.18323631714129307,12.679357,0.11150470900000001,1.963934592820815,2.1683429999999997,0.019096830000000002,0.3362119883878347,1.450388,0.040904663,0.7188733270105305,12.717929999999999,0.161732238,2.8533564768138238,1.784046,0.047977248,0.8405991391106715,0.18181699999999998,0.007771735,0.1364912536374917,0.344888,0.010193008,0.18034920730749035,3.9621609999999996,0.039100010000000004,0.6880737563717755,1.013566,0.008508842,0.15055003809060444,0.0,0.0006611550000000001,0.011737682979068085,0.039283,0.001642423,0.029466020520794993,3.7673959999999997,8.782406,-0.021133332,0.028779098000000003,-0.021249525000000002,0.028662905000000002,9.599249120878394,0.743925845746185,8.662109045826917,-0.07726022065595028,9.811746837458536,1.0214439540037423,0.26692081114902955,-8.06619480010814,7.330942022483455,-1.3680704543038824,14.833895089169769,5.597916590002594,11.467016580172062,2.179710424165293,1.0711428504002418,-7.088965741371944,-0.6644989345104491,-8.680529889873345,8.054464482654723,-0.7739130345465917,8.208204817677277,-0.49441851878212484,13.903173826421655,4.750122294012926,14.969745595942863,5.787355666762517,11.704883997324966,2.696966301354564,7.246039068276966,-1.3399907745935913,5.52985967968771,-2.932672481137799,-0.09512625761091131,-7.922907809768487,22.172748270998667,12.926466273493787,1.6468527711745562,-6.999674303294457,10.73587954669415,2.187607220704235,171.05736787513788,150.097421361153,-51.48240390333129,-54.76565638981994,21.07068127808115,9.111756274391219,11.02692642959574,17.962316821761092,26.02420371023096,2.9369560470983873,11.86715943884144,24.828875870284655,4.252312084738306,9.108286181373968,36.01309485077742,10.683146441733351,1.7305407578055443,2.2696882727779544,11.114055540508803,0.0,14.075426563996688,11.66288553420667,2.4013,2.7136,126237.0,0.30313290810000004,0.41693347900000005,,,,,,,,,,,,0.7200663871000001,0.41595764700000004,0.000975832,0.0,0.0,,,,0.128499627,0.11783170800000001,109.0535214850658,81.88250828936951,2.284957,2.510642,,0.023164733,,
2015-02-01,7.92402893,17.005238268356496,7.546687167708477,40.153408999999996,0.43368864900000004,7.590309226647588,42.510948,0.458847853,8.033492675394381,35.622371,0.405372359,7.097342162842455,6.888577,0.053475494000000005,0.9361505125519257,34.612691999999996,0.359696717,6.290923032265841,5.159460999999999,0.07537129000000001,1.3191804148154551,8.779254,0.034602215000000006,0.6026420109214468,3.1376749999999998,0.039116503000000004,0.6838632112474802,5.1849099999999995,0.063422806,1.1113247404559583,7.341139999999999,0.09324694400000001,1.631290146843076,0.9735809999999999,0.010609418,0.18554895421602413,9.780453999999999,0.11234345700000001,1.966722523763229,1.676051,0.019240977000000003,0.33669730083873833,2.6815219999999997,0.041326821,0.7231527099632867,16.057019999999998,0.163657306,2.8679567287155265,2.2456039999999997,0.049378092000000005,0.8633367174537518,1.191668,0.008573099,0.14961774973185396,1.990052,0.010852607,0.18985843237606898,5.8738019999999995,0.043149794000000005,0.7546004773143278,0.764261,0.008471298,0.14888261130316593,0.195605,0.000731795,0.012778561410189945,0.054909,0.001122607,0.01988886252424203,-2.357539,4.531038,-0.025159204,0.02831629,-0.02843348,0.025042014,10.521909149005326,1.614643852552522,11.343500034523068,2.4029330745964472,11.368284840507448,2.4778917202356032,11.155976345894182,1.838188227525328,8.235774682571462,-0.5314455858988709,14.490969890073835,5.297971997982853,22.11769514711348,12.10283929363305,-0.4953090358565615,-8.560708237849324,-1.0205373610418178,-8.978832413092697,8.0972414140561,-0.7409798339793494,9.49818286002444,0.680097309323946,13.292967627545815,4.225591180685662,14.121423536716193,5.04162436356923,12.26946755756384,3.23071973874427,9.008810649271727,0.3326479121862125,12.506175775067184,3.5522840244512466,6.781353473212426,-1.9516879728961656,19.12578724876535,9.794708306434984,19.56017715494742,9.307477405963738,10.170509233592151,1.78204963048183,98.381867372222,83.10869168091793,-71.65088021624591,-73.70996462665855,20.95412230298449,9.61983064193494,10.874856831123095,17.632300491638905,25.92376843962132,2.9495454082779413,12.045575884419321,24.483814463876328,4.193323968762256,9.006650184761789,35.66700921231073,10.761321356776623,1.868396886669098,2.3651863965461333,11.654297530297042,0.0,14.86682848984691,12.330388199761254,2.4786,2.8137,126237.0,0.31289102820000003,0.421204153,,,,,,,,,,,,0.7340951812000001,0.420228321,0.000975832,0.0,0.0,,,,0.128389844,0.11423815100000001,112.38788695030613,81.5753989290603,4.270674,-0.18018299999999998,,0.023181342,,
2015-03-01,8.0179587,16.806023208874848,7.610253795567945,32.918115,0.434639092,7.56539634805029,39.761196,0.46154951800000005,8.03149848335985,33.573405,0.40751634400000003,7.093176392889437,6.187791,0.054033174,0.9383220904704143,26.796761,0.363628541,6.327757537236279,6.664826,0.07625862,1.3267035956672435,0.47255899999999995,0.034635301,0.6026359773799121,2.4997879999999997,0.039046267,0.6793958114866541,6.2728779999999995,0.06420563700000001,1.1174593505034123,6.515391999999999,0.09475723000000001,1.6502706128383442,0.958515,0.010719331,0.18631080879417913,9.881832,0.113327727,1.9718843753124295,1.610182,0.019346979,0.3365549552415594,3.2055249999999997,0.041777390000000005,0.7272014466019274,12.971922999999999,0.162387962,2.8284097938100126,3.2325369999999998,0.049796370000000006,0.8667669233855768,0.420265,0.008495677,0.147680061576505,2.251141,0.012384239,0.21467883696142578,3.8465209999999996,0.043321904,0.7527934600432975,2.1504119999999998,0.008948204000000001,0.15475712219820498,0.14418599999999998,0.000829175,0.014355267964688431,0.046672,0.0009338910000000001,0.01641624026422328,-6.843081,-0.6552899999999999,-0.026910426,0.027122748000000002,-0.027596091000000003,0.026437083,8.768454439676132,0.04033842114092856,10.153993821284079,1.3555246877188232,10.081688141819711,1.3364116643267865,10.702395659491737,1.5002417591624129,8.913612621428403,0.12147519020162534,13.320258817693453,4.241179590503896,21.974242757307415,11.993709958237098,-0.91084203992845,-8.907683242730924,0.5394690347301445,-7.525706462008619,10.121175649734514,1.1391143179467322,9.453469416720562,0.678824978228687,12.734621139415836,3.770636708310171,13.083190496021736,4.155454990509977,11.864342970405017,2.879008620445589,6.5205406997765,-1.8675117249659423,9.876152385325888,1.0798765950198908,2.5591137667183794,-5.840528032929826,35.17575510695039,24.20871656467689,20.103146658404334,9.995600889628896,9.365429750018684,0.8879301131963002,99.47051634880005,83.45010081336297,-77.4487720703043,-79.17982553042138,20.971571645692134,9.524912677302742,10.737954422560026,17.656930015292723,26.0587988333952,2.947879440519494,12.101952965237672,24.553752648486135,4.1917450339532145,9.051550997394823,35.183215595948255,10.788955043389299,1.8406859218082854,2.6831875057878403,11.706907253232144,0.0,14.859442510042136,12.431733591050296,2.6102,2.8309,115484.0,0.30143633680000004,0.423184375,,,,,,,,,,,,0.7246207118000001,0.42220854300000005,0.000975832,0.0,0.0,,,,0.11543835300000001,0.10125281100000001,114.01002289210518,79.84684804670027,1.980221,-6.979384,,0.016421593,,
2015-04-01,8.14864361,16.536494470642335,7.912801196986341,42.971236999999995,0.443541051,7.668023895871329,41.596599,0.46635672800000005,8.062853971924067,35.509909,0.410075157,7.092373683026425,6.08669,0.056281571,0.9704802888976434,31.91323,0.36968389900000004,6.394056907556706,6.825152999999999,0.077181706,1.3342453479315766,0.8883989999999999,0.034813226,0.6046485779776203,3.461559,0.039460313000000004,0.6822550103217193,7.545179999999999,0.066384698,1.1464718143322872,8.327618,0.09604873200000001,1.6624207712097208,1.019603,0.010873734000000001,0.18773197900840638,10.265039,0.11434165600000001,1.9765461298048124,1.6197199999999998,0.019462692,0.33650044956839276,3.5427649999999997,0.042135053000000006,0.7289482330720537,16.061739,0.164032907,2.836747043732417,2.8281899999999998,0.050276542,0.8716349036142306,0.400178,0.008377206,0.14504231435862772,0.7922779999999999,0.011449101000000001,0.19695460887588986,5.012836,0.04528775,0.7813146753433702,0.400993,0.009188788,0.15852564301827163,0.074208,0.000781953,0.013415490476002902,0.598653,0.00102308,0.017224480059998763,1.374638,7.461328,-0.022815677000000003,0.033465894,-0.023109562,0.033172009,10.010367350071814,1.2254508428547028,9.499127458219082,0.8223443235772621,8.9674659024767,0.39909192193494647,13.535269580136777,4.027298750198716,10.154745344151749,1.3215921687603327,13.930804877217117,4.925015317926529,22.8713557292364,12.873252877142782,-0.015370044462403865,-8.042426744566233,2.763223307736973,-5.549265260029779,10.983204697421245,2.0158623658005803,10.283514878597956,1.5316784612586565,12.433385978155066,3.6141359589850097,12.27386233736385,3.529629990904448,11.534429643794386,2.6783828469679305,5.726648186262273,-2.54437687560094,10.503108795045769,1.7031823210280628,-3.2257483185064273,-11.1520799963441,12.072803902906614,3.376385216231381,24.056807089203012,13.600269495153805,14.499848164888562,5.63709866918225,63.92732258307967,52.12301805458357,-77.58400793328225,-80.02930400999988,20.87775697258592,9.417025219158923,10.674068604756844,17.957151550168,25.981313294902247,2.9413599102946058,12.151324448133465,24.51806720798504,4.1733486045043175,9.03494052304098,35.17326912028596,10.780704765558779,1.7963085974820543,2.455009290656143,12.068351890486717,0.0,15.224241886715223,12.689145880208505,2.6644,2.9302,115484.0,0.30769556960000005,0.428485011,,,,,,,,,,,,0.7361805806000001,0.427509179,0.000975832,0.0,0.0,,,,0.114253824,0.095140164,120.09000110615744,81.36119147935219,5.300636,3.478631,,0.022579226,,
2015-05-01,8.19450898,16.443938291956083,8.092988571709991,41.752407999999996,0.447738642,7.687070645703622,40.113186999999996,0.470389781,8.081157586091056,36.266501,0.41734300700000004,7.173294179844469,3.8466859999999996,0.053046774000000005,0.9078634062465856,36.221021,0.37352010300000005,6.414041299122959,6.874498,0.078181231,1.3428630257602032,6.57827,0.034041624,0.5821791482035475,3.54552,0.039908131,0.68549646132725,6.322799,0.067512669,1.1581067913374001,8.581795,0.09752519100000001,1.6772437477836386,0.949141,0.011015481,0.1889883731122013,10.147342,0.115263692,1.9794309398842516,1.625757,0.019564815000000003,0.3361520925384137,3.5140499999999997,0.042854457000000006,0.7370589362598344,16.055474999999998,0.168264711,2.8905995547109957,3.497833,0.051380499,0.8866025197433366,0.616825,0.008540369,0.14712162052939692,0.8092189999999999,0.011474464,0.19632851617824118,2.7591099999999997,0.041763852000000004,0.7150064490463139,0.681222,0.009078985000000001,0.1556673484089035,0.058806,0.0008407590000000001,0.014382492711199672,0.34754799999999997,0.001363178,0.022807116080168475,1.6392209999999998,5.485907,-0.022651139,0.030395635,-0.022909911,0.030136863000000003,10.325292502131012,1.6477052446129514,8.976449130986609,0.4230630026808013,10.252788770622768,1.6424087987672031,-0.12033548428155294,-8.271620695679582,10.570605919648802,1.8409879900347592,14.37081979077901,5.447597641946422,13.622785475228149,4.937231569747946,1.0908212986728394,-6.96602502310375,4.6911423257882445,-3.70997067535902,12.789209644851551,3.7975060351686185,11.471725821684808,2.7422619018378835,11.861967336070744,3.2049979674933615,11.291301892442164,2.740784142053254,13.138881419683246,4.238569602558706,7.809915130869038,-0.6184771431392844,13.314433516257829,4.3163877631652525,2.9892731779765924,-5.312089822319321,11.152997648192997,2.645255172253358,4.814794207378492,-3.6491715991272655,9.595110642476602,1.2430745384674813,91.64389150895013,78.17145754647068,-69.99045896054183,-73.42303387885696,20.930929921059697,9.11373276206234,10.684332832281317,18.074708284175,26.109756935893756,2.949099904269409,12.137439360258483,24.503868207970275,4.159277218651993,9.110414114204577,35.77133641004841,10.92296241869251,1.8155940764367926,2.4393523123751706,11.27719524162027,0.0,14.201852477000415,11.847709584110454,2.6533,2.899,115484.0,0.30641369720000006,0.42937769000000003,,,,,,,,,,,,0.7357913872000001,0.42755051200000005,0.001827178,0.0,0.0,,,,0.112753005,0.095747342,117.76097659191416,81.99551012552476,0.892679,-0.262376,,0.020564046000000002,,
2015-06-01,8.15241336,16.528847845369803,7.204527607824929,39.560970999999995,0.452742173,7.728621370764388,36.337693,0.47155702000000005,8.05856883174781,34.646671,0.418390971,7.150605623434304,1.691022,0.053166049,0.9079632083135055,30.249447999999997,0.37901172,6.475329146781942,6.456684,0.079240672,1.3539471907621097,-0.078527,0.033818098000000005,0.5783118524669789,3.523722,0.040638172,0.6942364116253038,6.504135,0.069073163,1.1780129459247097,9.309687,0.098878063,1.6901299857708691,0.903184,0.011193477,0.19106686961855998,10.202392,0.116287413,1.9854216739067212,1.643714,0.019686397,0.33634910945984525,3.857424,0.043845975,0.7500347927409836,13.869427,0.167053519,2.852621562183912,3.488709,0.051369287000000007,0.8822494034545387,0.859054,0.008670071,0.14839691426091955,0.725951,0.011478309,0.19553216742738297,0.968872,0.041291951,0.7054907601261609,0.332897,0.009299114,0.15917154015684212,0.0,0.0008407590000000001,0.014382492711199672,0.38925299999999996,0.001734225,0.02891841531930276,3.2232779999999996,4.9143,-0.018814847000000003,0.034351202000000004,-0.019456305,0.033709744,10.697978948574892,2.131094727643279,8.600871683878397,0.2350566101656959,9.795903537703499,1.4017271745761395,0.03278918501403716,-8.092690285683213,12.846871923082514,4.101294563488356,14.682074071689843,5.859360080698406,16.673860004331885,7.956107026836823,4.995591485321937,-3.2204493478231178,9.130075165328378,0.5455390264117899,14.737927602825106,5.807597905275563,13.036811086001876,4.313517770963493,11.473331288635546,2.9906099279116694,10.475461962016098,2.1241470964784126,14.623278431019049,5.686472284643229,6.830315324856517,-1.2883994430253898,12.40047376461697,3.651032508445873,6.164013363576548,-2.2144213354814757,10.046058375762756,1.7481820555073524,3.6376449961194712,-4.623921642900475,11.948404444799188,3.352765577870942,91.64389150895013,78.17145754647063,-61.974487182635606,-66.4277889392856,20.907182500847203,8.922705081520963,10.722141257267717,18.224545404558995,26.088391936798157,2.953332683221511,12.18170113578546,24.66030788811075,4.174764909660341,9.298127933712024,35.42594255091356,10.893547295722584,1.8386050111182735,2.434129599003743,11.274574811758713,1.4210854715202004e-14,14.027547485866664,11.743118306763085,2.6863,2.9822,108741.0,0.2921109483,0.43023594400000004,,,,,,,,,,,,0.7223468923,0.42764487900000003,0.002591065,0.0,0.0,,,,0.11065553,0.088836887,124.56034169679988,85.03536318367802,0.8582529999999999,-0.182992,,0.025127098,,
2015-07-01,8.15963873,16.51421153053917,6.814162882321595,40.103012,0.45814589400000005,7.778812267298797,45.505905,0.47707262,8.104653315803386,40.453091,0.423267638,7.191105596335181,5.052814,0.053804982,0.9135477194682038,35.994195999999995,0.38426961800000003,6.527571468365805,9.036731,0.080890157,1.3728742280960824,-0.04562,0.033760803,0.5773525327782812,3.663541,0.041111719000000005,0.6984669498857611,6.358643,0.070085198,1.1887093398190447,9.724836999999999,0.09974975900000001,1.6945628716603982,0.990977,0.011413661,0.19383565734335415,10.758735,0.11777280100000001,1.9995163392715465,1.6970809999999998,0.019880827,0.33786902651481765,4.013078999999999,0.044331180000000005,0.7540776355340182,17.135256,0.169574787,2.8778131175135786,5.432156,0.051508818000000005,0.8785978290861537,0.613283,0.008603732000000001,0.1465365957623411,0.8035009999999999,0.011595493,0.19669505265272474,4.109768,0.041912909000000005,0.7118194156022627,0.779948,0.00915727,0.15579180093882783,0.0,0.0008407590000000001,0.014382492711199672,0.163098,0.0018940440000000001,0.03155401021591373,-5.402893,-0.350079,-0.018926726,0.034878256,-0.018231380000000002,0.035573602,12.676664864291176,4.213627132169129,9.063198245418768,0.854844735069249,9.436066933661436,1.2351649471352477,6.216253798754856,-2.0419814134794434,14.027058798991,5.426638418838969,16.078131781988713,7.403554226095199,16.920740428692717,8.21018495957646,7.0459594365634315,-1.1130378945608754,10.917245760618254,2.40778604865195,14.337830028490185,5.690574951602212,15.455002215802471,6.751277085944696,11.97067223464996,3.6463850964220557,10.431394406093775,2.255894767326594,15.289422972422395,6.548297009950876,6.376046128099011,-1.5934482919142678,9.391500223428405,1.0843286015120412,5.408517283296299,-2.6692892639321175,10.69481215187389,2.494988774457285,9.46465599978772,1.1108406445436092,11.02035818376681,2.922585539206879,91.64389150895013,78.17145754647063,-48.53274168194028,-54.36988922683126,21.05036495495202,8.785707070913942,10.69866496705446,18.238547810459476,25.958273651496434,2.970222069442919,12.298219475680739,24.686556315053252,4.167253823956613,9.292333733174628,35.5448583488191,10.796850592683354,1.803442838534729,2.4305509295419214,11.27815341823641,-1.4210854715202004e-14,14.001882917530054,11.744071638454976,2.7745,3.0423,108741.0,0.3017019045,0.43438254400000004,,,,,,,,,,,,0.7360844485,0.43179147900000003,0.002591065,0.0,0.0,,,,0.106469481,0.080330603,132.5391283319509,87.09622233366463,4.146599999999999,-0.125099,,0.029358897000000002,,
2015-08-01,8.19230996,16.448352254484277,7.140509413261786,42.783971,0.462944868,7.813134249716312,37.545888999999995,0.48258069800000003,8.157623837605117,33.927505,0.42791633700000004,7.233181190350466,3.618384,0.054664361,0.9244426472546509,38.062898,0.38875037700000004,6.561830478101285,6.673413,0.081813097,1.3813011619780782,7.376907999999999,0.032742936,0.5507506669715166,4.106902,0.042084140000000006,0.7107802371946995,5.327933,0.07050094400000001,1.1897783317997828,10.02347,0.10225685000000001,1.7269724294322164,0.962683,0.011570721,0.19547283444379596,9.94615,0.119176369,2.012569490554998,1.676267,0.020070347000000002,0.33924013961985816,3.0549209999999998,0.044476035000000004,0.7530424003126177,15.074638,0.17256626600000002,2.912826394250182,2.6430789999999997,0.050807378,0.8631321722215732,0.7617149999999999,0.009004612,0.15270661189906015,0.770735,0.01181533,0.19966398149217732,2.604714,0.042407738,0.7174804855094208,0.728167,0.009498877000000001,0.16095665997913808,0.22267599999999999,0.0008678300000000001,0.014598028737409183,0.062827,0.0018899160000000002,0.031407473028682686,5.2380819999999995,8.856466,-0.01963583,0.035028531,-0.018990579,0.035673782,12.179568275023133,3.9282055845590858,11.087372237304983,2.948673277402669,10.13671799741751,2.046191739735992,19.137316314111395,10.602068581670121,13.506352292537184,5.137562940584672,15.785659745165415,7.297184008166524,2.0668205283170815,-5.256347319566334,10.464291284579108,2.253989079224583,10.58175072314793,2.261762759098218,16.50256191625161,7.872274784108035,15.96489559450054,7.403621931648718,12.25424996490181,4.072109182143557,10.309288266218598,2.298515833052406,14.112830909887219,5.623994270139354,8.582913427739069,0.6245865260575245,6.778740321192966,-1.1430860667108633,9.107136798739868,0.6633679548201821,13.231608858824973,4.976491060692734,22.592439080218018,14.04909372842722,13.752385190514671,5.413157994752238,46.8093996721517,36.612249447639414,-19.55822306857732,-27.553627157873617,21.04514923724434,8.422612024888144,10.825491752513464,18.135273473959874,26.303987352789115,2.9763883675925027,12.291097791012561,24.69563525725598,4.158961824038806,9.216289666023899,35.75904853119509,10.528265678790161,1.8659287529150204,2.4483635688222245,11.327506720958823,0.0,14.061558324868194,11.807963491670028,2.9146,3.2876,108741.0,0.31693651860000005,0.434981227,,,,,,,,,,,,0.7519177456000001,0.432390162,0.002591065,0.0,0.0,,,,0.10257524800000001,0.07501671900000001,136.7365160291801,87.35424512118459,0.598684,-0.232447,,0.030614838000000002,,
2015-09-01,8.26550607,16.30269203831097,7.946992738340408,33.836525,0.46644264900000004,7.830851415768414,47.937462,0.49096808500000005,8.243120785795272,41.559211,0.43455863800000005,7.2962311458669715,6.378251,0.056409447,0.9468896399283017,29.542272999999998,0.392055676,6.5817238149350095,6.024988,0.082660678,1.38841130138371,0.25135599999999997,0.032675069,0.5492306752309779,4.423586,0.043322018000000004,0.7268336613419665,5.5874939999999995,0.070713697,1.186283405073254,9.143512,0.10313241000000001,1.730534672875658,0.848827,0.011669719,0.1961153095789874,11.379078,0.12103931500000001,2.03061167463306,1.800358,0.020330406000000002,0.34148423045334186,3.060238,0.044566213,0.7506646126960809,18.840092,0.17610619600000002,2.950714294582102,4.782019,0.051127001000000005,0.8625615244283475,0.5085339999999999,0.008991459,0.1518162986064918,1.1888919999999998,0.012398048,0.2083785104675471,4.0057789999999995,0.043483602,0.7312240440056501,2.07562,0.009917627,0.1656368149869779,0.153659,0.000975109,0.016286876525949043,0.143193,0.002033109,0.03374190440972455,-14.100937,-7.7226859999999995,-0.024525436,0.031884011000000004,-0.025312915000000002,0.031096532000000003,12.967771050009835,4.764906905480304,11.80760377108978,3.6553639281422523,10.098005013133404,2.0178480954077926,26.999552243953918,18.28518143583957,13.800073763904752,5.493242150182387,16.082686089193878,7.644238944645565,2.0625939899237,-5.233200137533267,13.174135846525047,4.787577361703699,10.273318035809131,2.0723310201771428,16.886096588273958,8.369161876365428,16.09558269049782,7.608966696693797,12.8446020627353,4.6719602796694515,10.577064229414823,2.585236267214208,13.237489738647934,4.897886630918191,8.180271109264204,0.19683543805144588,5.457140306528041,-2.357469631366438,10.326085222703485,1.950327358616022,20.641321253808577,11.893295865199516,29.595573706175248,20.93849475203371,15.179760582465907,6.799620623912306,63.8034779570362,52.30999557399618,22.63306150022921,12.080730879832835,21.083913091976253,8.334293060968207,11.04996577067794,18.036646662399043,26.305552071639948,2.976546371949478,12.213082970389124,24.653194107311474,4.140881377248788,9.077211811028409,35.86917385882628,10.41350803891866,1.831373418090913,2.525224832078443,11.489432556497027,0.0,14.38812149731509,12.093544001805032,3.0433,3.4212,97821.0,0.2976986493,0.438174912,,,,,,,,,,,,0.7358735613,0.435583847,0.002591065,0.0,0.0,,,,0.094854854,0.06489233600000001,146.1726605126374,87.52390590612465,3.193685,-0.240178,,0.031301652,,
2015-10-01,8.39399195,16.053148585638088,7.581430913019638,43.797107,0.47606511100000004,7.943729690296076,36.562456999999995,0.490345821,8.1878755134375,33.925128,0.438302846,7.319605531944781,2.637329,0.052042975000000005,0.8682699814927196,35.067762,0.39919868000000003,6.6624054590578785,8.167283,0.08381146,1.398345484553543,0.18940099999999999,0.032685165,0.5491745231681759,5.878854,0.046108631000000004,0.7678041360924331,7.275935,0.072721492,1.2121032026596659,8.690189,0.10348972000000001,1.7261290232687736,0.964638,0.011776090000000001,0.19677833801167377,10.666849,0.12216834600000001,2.037128095811285,1.791072,0.020570666,0.34345373120858536,3.916147,0.045181546,0.7565253614702455,12.076963,0.17748524400000001,2.9598323700471147,3.9666699999999997,0.051180759000000006,0.8586622672917489,0.950581,0.009499278,0.1594295252703565,0.556846,0.012217007,0.20457418084544454,1.997137,0.039083572000000004,0.6528039829966844,0.553387,0.010177761,0.16945587872315715,0.086805,0.0009362070000000001,0.015509384183230328,0.0,0.001845435,0.03050073558964763,7.234649999999999,9.871979,-0.01428071,0.037762265,-0.015562026000000001,0.036480949000000006,14.149120761725897,5.9162700272407776,10.658613386131455,2.732530168449321,11.215047999118521,3.1809480285238,6.184332932104364,-0.8982310245849168,15.236846001781924,6.913423137087449,16.439125987940507,8.109739702022157,2.0831095673081723,-5.208130716350312,22.386202601709048,13.334722505460196,12.78683494452193,4.433045664348811,16.35149985516453,8.058806521799177,16.06495882169736,7.709167466167521,12.714684731965109,4.6619112353838865,10.79330446624751,2.8663283824784225,12.984831317643387,4.722427256294304,9.94495592612379,1.9649962552689804,7.0483002590434385,-0.6999130942091369,26.83936736260484,17.405415738076655,17.135706196932652,8.835302785538035,3.2792580533876903,-3.351180939616105,16.181926585407403,7.623144348076871,41.65787805287695,32.184358489051675,5.561161276594273,-3.2165541406316667,20.99492413151266,8.187693656702471,11.550296458896108,18.21686684935932,25.924364278960038,2.9499320989738744,12.175922525595524,24.91473176030188,4.1951343560038215,9.214220671414674,36.19593282921035,10.437686385421443,1.9372609275281252,2.4915083348900406,10.61352473522967,0.0,13.036860492624877,10.93190275815024,2.8943,3.199,97821.0,0.28312332030000004,0.438204427,,,,,,,,,,,,0.7213277473,0.435613362,0.002591065,0.0,0.0,,,,0.09125102900000001,0.064101456,142.35406602932702,88.43436956764697,0.029515,-0.422805,,0.027162554000000002,,
2015-11-01,8.44991001,15.946915392061081,8.10224254208951,43.806605,0.48065256300000003,7.966211988111454,43.00855,0.49773654900000003,8.259714544121325,39.139548,0.44501155600000003,7.384686246704648,3.8690019999999996,0.052724993000000005,0.8750282974166772,39.407801,0.403521204,6.686004179049542,7.530729999999999,0.08460303500000001,1.4022612865708892,8.091452,0.033544466,0.5535333666684142,3.497385,0.046517384,0.7703317946468901,5.950676,0.07312998100000001,1.2114565164436475,9.691365,0.10466333600000001,1.7338391546044107,1.02892,0.011931458,0.19812729871928264,10.909222,0.123746778,2.0502432977125498,1.7927339999999998,0.020814367,0.34533857032368065,4.534624,0.045634226,0.7584701036964023,15.241022999999998,0.181255049,3.005127655158184,5.247863,0.051375364,0.8552365155340439,0.845887,0.009756466,0.16277024743316212,0.568195,0.012429306000000001,0.2074998568466265,2.7827599999999997,0.039045472000000005,0.6485516914587792,0.63134,0.010442977,0.17321220247934035,0.064063,0.0010002700000000002,0.016530991423991937,0.390839,0.0022362740000000003,0.036733412054565394,0.798055,4.667057,-0.017083986000000002,0.035641007,-0.018851179000000003,0.033873814,14.616726191374951,6.479706378846095,11.042901597773946,3.113852379944393,11.869090238268587,3.8301306679934033,4.527312955807794,-2.55910599054463,15.818734577328609,7.600676277328189,16.081053500675214,7.880511399533674,4.339571940597331,-2.9580879795353288,23.110914642471702,14.179386909214365,14.081229350753933,5.8151289001664885,16.557266024760196,8.368139670319463,17.039702706435556,8.727348833067428,12.998271661273431,4.988013222778642,10.989044037728778,3.0998700006042768,12.706012413900435,4.560338220393678,12.06739850420373,3.9669369772505014,3.2433951573513697,-4.276491476838851,32.71963635794772,23.06091162393844,21.959511106392494,13.438406892716381,-0.9584880428700315,-7.446667666231344,20.667124393138824,11.833359336294347,51.35127774087485,40.89137716577369,31.332770323840098,19.81275105500888,20.966193142108093,8.312937626940666,11.527866079622424,18.122958663654266,25.937505876395033,2.9568354479830505,12.175703163296461,24.861902998407295,4.18180401696802,9.16834941932303,36.4158608332377,10.321798570592813,1.9601666824752304,2.497165624057879,10.592951854938024,1.4210854715202004e-14,13.066226130709108,10.96946049156925,2.9195,3.0938,97821.0,0.28558840950000003,0.439457694,,,,,,,,,,,,0.7250461035,0.43686663000000003,0.002591065,0.0,0.0,,,,0.089573384,0.06367412900000001,140.67469065811642,87.20184183737241,1.253267,0.354755,,0.024318079000000003,,
2015-12-01,8.46750221,15.91378385952615,8.808332036810796,40.987365,0.48277990000000004,7.945594355569482,59.083428,0.506305093,8.325263822286693,57.350744999999996,0.45330085400000003,7.447829003595907,1.732683,0.053004239,0.8774348186907867,35.073388,0.407818455,6.711249593552972,8.116333,0.085755807,1.4108451565290083,0.621093,0.033388149,0.549956045861518,2.594738,0.046424495,0.7650862278043318,8.00598,0.07464580500000001,1.2264815076738893,10.131545,0.105922766,1.7414450624949422,1.1989999999999998,0.012044578,0.19840534568888618,8.434961999999999,0.125051412,2.061010102920344,1.9435019999999998,0.021044781000000002,0.34660402679153407,8.732707999999999,0.045563391,0.7450025819423985,16.569542,0.182671028,3.0064198998502256,18.050423,0.057199129,0.9307760705885321,3.088419,0.010438226,0.1702461211250294,0.531189,0.011332887000000002,0.18777020037784306,1.255576,0.039179036,0.6491044321948785,0.191372,0.010303185000000001,0.17052337733769507,0.0,0.0010000080000000001,0.016526454757023187,0.28573499999999996,0.0025220100000000003,0.041280554401189884,-18.096063,-16.36338,-0.023525193,0.029479046000000002,-0.02518538,0.027818859,13.39295354648291,5.290260868051222,12.825059894896995,4.7406326283457645,13.655091720965506,5.457572129927812,6.1925798279445,-0.9737573395559918,15.713914000260253,7.454767060874001,16.043938797469437,7.778724920790614,3.354732674059302,-3.88941728697495,21.78122555085782,12.983788839477949,15.931393831634221,7.489238952607957,16.304313489387788,8.07419324670251,16.66242909082738,8.346317590176566,13.301904769705342,5.216982751342769,11.177804400151082,3.2120631264898503,11.67339316434699,3.651053541999194,12.56382293405447,4.417541147766335,18.66838066251035,9.901582401343422,35.4452279428433,25.623930736129807,7.422664484004926,0.2348560826681778,0.9295874637318846,-5.627505647680797,16.672828786858783,8.117123064357745,51.251673208249215,40.798271571101054,57.316890602193205,43.36896328839923,21.027936805851517,8.18701277263188,11.383617987567533,18.303684908030952,25.973019293597194,2.953416612791591,12.171311619529334,24.698825615013117,4.156541439333299,8.99919665631331,36.079239676935266,11.297363939414293,2.0616474422863447,2.238351372854944,10.46883385784942,0.0,12.997018244306771,10.978965570024766,2.9076,3.1776,95801.0,0.2785509876,0.440124283,,,,,,,,,,,,0.7186752706,0.440124283,0.0,0.0,0.0,,,,0.092831037,0.067355275,137.82296486800774,87.13722004547436,0.666589,-0.6015269999999999,,0.022592798,,
2016-01-01,8.62143395,15.629650564103667,9.578758282916077,46.719999,0.48939072400000005,7.988870717930316,42.521367999999995,0.5124846820000001,8.367440400478204,36.908888,0.458882973,7.488175438572867,5.61248,0.053601709000000004,0.8792649619053376,39.685212,0.412626682,6.734185244725863,9.442841999999999,0.08697294200000001,1.4175536277651506,0.212119,0.033336664,0.5487567047820265,6.966622,0.047299892,0.7696490429709784,4.198818,0.074535381,1.2183041389709663,10.641062,0.108121612,1.7631731922658915,1.3960489999999999,0.012195118000000001,0.19889354881968443,14.886441999999999,0.127258497,2.076523469527286,2.5983009999999997,0.021474739,0.35007783643513946,1.855237,0.04596824,0.7491588161089636,15.986811999999999,0.18593991,3.0384710338787024,0.23549599999999998,0.055650579000000006,0.9039018327564411,0.21981099999999998,0.010476220000000001,0.17056775102916594,1.126789,0.012114788000000001,0.19947469883716848,4.361434,0.039578309,0.649413073640226,1.2510459999999999,0.010540665000000001,0.1727176702882649,0.0,0.0010000080000000001,0.016526454757023187,0.0,0.002482727,0.040607763219823415,4.198631,9.811111,-0.023093958,0.030507751000000003,-0.033200806,0.020400903,14.35444027699171,5.99449423850007,14.115526320958383,5.787832516197344,14.95627975811269,6.52021979602968,7.391503479193462,-0.06393708519092378,16.36172714565518,7.880621242000463,16.40146179337254,7.892657430433148,3.1746239057180548,-4.064199131599722,20.964663941622376,11.927946332313667,17.018081779890327,8.489667600806229,17.16230665649585,8.630423761614537,17.095825034125014,8.544829934732935,14.128361161859093,5.732822117296621,12.451851956581251,4.124138497795005,12.378972539145483,4.212910391929103,14.967746875548716,6.487607089023295,15.99368725776018,7.530663630317536,34.79898632673402,24.966066677194053,18.853904558889802,10.604699524445206,1.2232707868872428,-5.618682935301567,23.87896026274785,14.72442815611874,51.251673208249215,40.798271571101054,51.16245936643607,37.81217314759346,21.07787639384891,8.079134349339046,11.463120070359386,18.063635787857265,26.203252653448132,2.955484589821072,12.1574961553262,24.83166843218935,4.19031821911118,8.96968077574658,36.28204247478366,10.858974122469478,2.04420158649737,2.3639317282072443,10.459182660995122,1.4210854715202004e-14,12.990364253759044,10.952743150072456,2.9788,3.2479,95801.0,0.2853720188,0.443077965,,,,,,,,,,,,0.7284499838,0.441479571,0.001598393,0.0,0.0,,,,0.09706152900000001,0.070917043,136.86629460847655,87.8421827191428,2.953681,-0.375374,,0.020375507,,
2016-02-01,8.61954907,15.633068378135007,8.777354880252798,44.724292999999996,0.49396160800000005,8.00523036123129,42.307629,0.512281363,8.305929657798258,38.182953999999995,0.46144355600000003,7.479325262795257,4.124675,0.050837807000000006,0.8266043950030013,38.36138,0.41637537,6.745294246776248,5.787402,0.087600883,1.4202906153216128,9.539365,0.034096775,0.5485929440225926,3.496202,0.047658419,0.7709484969170852,6.536776,0.075887247,1.2323233752015341,7.234006,0.10801447800000001,1.7514250678503676,1.005079,0.012226616000000001,0.19805004067356718,11.752806,0.129230849,2.093936938717541,1.972951,0.021771639000000002,0.35241946771993216,3.4893099999999997,0.046776028000000004,0.7581075173996339,18.653693,0.188536583,3.057032041072675,1.264714,0.054669689,0.8854861621208512,0.24722799999999998,0.00953178,0.15416808498137965,0.802252,0.010926988,0.1781750507832447,2.343898,0.036048405000000006,0.5861699887944509,0.919778,0.010696182,0.17410018225075677,0.22002,0.001024423,0.01663973283009858,0.640979,0.0030687970000000003,0.04969449112769483,2.416664,6.541339,-0.018319755,0.032518052,-0.022067855,0.028769952,13.897748797202203,5.466458904296312,11.645147656384491,3.3912644650603507,13.832022769959007,5.382058398602263,-4.932515443429097,-11.701763346825944,15.757345096925102,7.222647808278038,16.22579764788423,7.664622622547235,-1.4607157374173951,-8.968685541224131,21.837115654229102,12.73431356407475,19.65293210142738,10.887783771999171,15.837016599707553,7.364411612476207,15.243041606994833,6.737352150736853,15.031931944198584,6.468345860548386,13.152461021080164,4.669525666534513,13.185642805673359,4.833668871699559,15.202057034960603,6.592683580753667,10.716487384729234,2.5655626847917334,11.18243239696637,3.0413071027206584,0.6853744911245796,-6.153733308869846,-16.457527004648043,-22.32048528770243,26.263790979847478,16.937888667361523,39.9877014737734,30.21601020620084,173.36342994476252,149.86090113058742,21.038920481775854,8.188950993907254,11.446022611760153,18.22568107234585,25.941610811417593,2.9364407409592936,12.222373287834003,25.226537276937787,4.249937743684812,9.130925186517082,36.80332657348692,10.671809077700138,1.8606532832231883,2.1330051782500625,9.923805680200005,0.0,12.2096095645619,10.291853896467194,2.9293,3.2296,95801.0,0.28062986930000006,0.444084823,,,,,,,,,,,,0.7247146923000001,0.44147028200000005,0.002614541,0.0,0.0,,,,0.095414776,0.072534105,131.54470714155775,87.87306169290063,1.006859,-2.38538,,0.014906495,,
2016-03-01,8.61609346,15.639338248310969,7.459938151090761,40.269377,0.50131287,8.081794164500632,46.838355,0.519358522,8.370222951849104,40.109353999999996,0.467979505,7.542373593291547,6.729000999999999,0.051379017000000006,0.827849358557557,30.496693999999998,0.420075303,6.771895372408811,7.6407039999999995,0.088576761,1.427776949193723,0.520956,0.034145172,0.548798513597517,2.655348,0.047813979,0.7704648873107944,7.189507,0.07680387600000001,1.2393403737586932,7.443167,0.108942253,1.758333445035116,1.099079,0.01236718,0.1991300835801279,12.032952,0.13138196900000002,2.116050047233029,1.983989,0.022145446000000003,0.3563869867093479,3.883148,0.047453651000000006,0.7649652548932578,19.59311,0.19515777,3.1454488766973014,1.764165,0.053201317000000005,0.858750443436136,0.202648,0.009314163,0.1502743822548456,0.649342,0.009325189000000001,0.1504976020676297,4.41332,0.036615204000000005,0.5905466718730622,2.107469,0.010653239,0.17091972880894346,0.150648,0.001030885,0.0165725745961353,0.057564,0.003079689,0.049810383279416,-6.5689779999999995,0.160023,-0.018045652000000002,0.033333365000000004,-0.022942654,0.028436363000000003,15.340032506786127,6.8257866831183955,12.52498415565455,4.217450444534654,14.836990439823916,6.3328074126622225,-4.912087896224637,-11.773433987627136,15.523193488819121,7.018882006128746,16.15311292021808,7.61838242216013,-1.415114019075503,-8.933662410343468,22.454674092148164,13.404421146615997,19.62170237482419,10.906976007706582,14.969858236674916,6.548188603498883,15.372685105068594,6.880585656257043,15.931001598576145,7.311061121307261,14.464620031892327,5.892657694953329,13.586921059453449,5.193032613974213,20.179949053120083,11.209092953260535,6.837741385566853,-0.9248714658063428,9.634146872580018,1.7567169532879845,-24.701154427009996,-29.89639584517052,-15.481083195235357,-21.552629875517727,19.054494063836703,10.443853168863049,24.326589682515753,15.44594386465703,229.7696412108051,203.4213832016714,21.085924444360874,8.128345502853806,11.382239959962606,18.283359067171823,25.9339818889567,2.944038821534814,12.242110315159366,25.296969903191464,4.263999734657286,9.136973591433629,37.576695429674686,10.243659196180477,1.7933975482162208,1.7955205517933144,9.892784044852933,0.0,12.230906371565482,10.248892473077742,2.8334,3.2081,99774.0,0.28269965160000005,0.448233068,,,,,,,,,,,,0.7309327196000001,0.44561852700000004,0.002614541,0.0,0.0,,,,0.09544040100000001,0.070391706,135.5847249958681,89.19087655180398,4.148245,2.8704099999999997,,0.026924312000000002,,
2016-04-01,8.68363494,15.517695173859993,6.565403465964059,49.705923999999996,0.508047557,8.142521918420522,44.348433,0.522110356,8.370546487220432,41.665395,0.474134991,7.601715078368505,2.683038,0.047975365000000006,0.768831408851926,32.446011,0.42060808400000005,6.747649729279183,7.836678,0.089588286,1.43652002472763,0.57126,0.033828033,0.542972146991312,3.584295,0.047936715000000005,0.7688428332706826,6.4670499999999995,0.07572574600000001,1.2149232569828032,8.797369,0.10941200400000001,1.75713872649846,1.104735,0.012452312,0.19941236518627176,12.515861,0.133632791,2.1405196024050035,1.970211,0.022495937,0.3601756296115449,4.635238999999999,0.048546125,0.7783085669199602,17.627456,0.196723487,3.153381507433531,3.2920979999999997,0.053665225000000004,0.8630678683856843,0.495116,0.009409101000000001,0.15133990013427376,1.129414,0.009662325000000001,0.154922003478508,2.102865,0.033705233,0.5402835551386046,0.499208,0.010751454,0.17203526785402948,0.080965,0.001037642,0.016601824604209448,0.0,0.0024810360000000003,0.03991076125508255,5.357491,8.040529,-0.014062799,0.033912566000000005,-0.017972744000000002,0.030002621,14.543525532656965,6.1880091793229175,11.95514606149306,3.8161737316313893,15.621486185275057,7.181536367169206,-14.75830516529113,-20.778256122519277,13.775061650710407,5.5300230641455395,16.07450864068747,7.665357571199749,-2.82993882842113,-10.200376422383828,21.48082809175893,12.69141620640244,14.071086080710948,5.970617139888668,13.913012407076852,5.6975921456885015,14.517349789869783,6.221841499546721,16.871484701953232,8.295959812300646,15.584920112798372,7.03570532328226,15.21553087876737,6.7714457088240865,19.929281628838048,11.16188573812722,6.740087653601967,-0.9828696846607587,12.317889759425782,4.341895538204676,-15.606255897297094,-21.3412651967279,-25.575386279954294,-30.849429533476748,17.00622541297068,8.52204386529487,32.69876834029666,23.75115642552268,142.50654885248468,131.7095268830159,21.299706165419302,8.042649270621245,11.397002773727003,18.003873173298306,26.01281529339317,2.960549850011917,12.283403473529049,25.59474054944813,4.308655582384197,9.29805824422299,37.67852614668306,10.278521462615847,1.8021287821381582,1.850628873563274,9.188740358944347,0.0,11.406191850558917,9.443085462961886,2.815,3.1944,99774.0,0.28086381,0.449406817,,,,,,,,,,,,0.730270627,0.446792275,0.002614541,0.0,0.0,,,,0.086051587,0.065129779,132.1232596229138,87.06589421975282,1.173748,-0.430548,,0.018888245,,
2016-05-01,8.73389836,15.428391131403092,6.582327035292357,49.514741,0.51580989,8.21988068864607,45.853057,0.527850226,8.418366613465258,40.816271,0.478684761,7.635080367372687,5.036786,0.049165465000000005,0.78328624609257,42.3686,0.426755663,6.805712827573501,7.970281,0.090684069,1.4464448165226451,9.403893,0.036653656,0.5798864204053498,4.208568,0.048599763000000004,0.7754719543848934,6.109189,0.07551213600000001,1.205206497782027,9.966659,0.110796868,1.7697897324095615,1.1206399999999999,0.012623811,0.20109442138940187,12.619183999999999,0.136104633,2.1683510432407727,1.9804549999999999,0.022850635,0.3639970161839722,3.916232,0.048948307,0.7809449046224289,16.816387,0.197484399,3.148816063338529,3.534045,0.053701437000000005,0.860074346914096,0.9202309999999999,0.009712507,0.15539455169658012,1.029737,0.009882843,0.1575024413763072,3.9777839999999998,0.034923907000000004,0.5562837279461227,0.992049,0.011062281,0.17613901531642387,0.066953,0.001045789,0.01666779944043351,0.0,0.0021334880000000002,0.0341957033895898,3.6616839999999997,8.69847,-0.012040336,0.037125129,-0.017191265,0.0319742,15.203344454687473,6.931249464192701,12.215496024986972,4.172781235631295,14.698162655448543,6.437574926534384,-7.3167672741041745,-13.722015811724331,14.252394870430841,6.1064703232281525,15.992122201299196,7.713503817993916,7.673053435993538,-0.39381826114393004,21.779100604836653,13.125595554998771,11.848838326922028,4.066957105936253,13.608460402810184,5.517742114001978,14.600633417641951,6.405710614807658,18.081097905487887,9.544162392832378,16.794536518745495,8.283430109058898,14.21987449286779,5.954200702767598,17.36530959245519,8.932974067843524,4.517157375213499,-2.9921156593284093,13.724676299115401,5.6231919804949015,-13.87098342894273,-19.77607509990289,-16.377667941165964,-22.198781746919614,21.844908874725522,13.15090615775496,24.38629857069625,15.889503823313355,56.50839435495585,49.93435938761266,21.249646311078948,8.588909106052096,11.388194044890742,17.69446607202961,25.96260052441296,2.9580886897334504,12.158095251802195,25.78470677778966,4.3289997568363265,9.273143135871274,37.41296096366548,10.173612580777792,1.840011905195244,1.8722816649888108,9.314283214875427,-1.4210854715202004e-14,11.520752801351813,9.531702658900162,2.956,3.2906,99774.0,0.294931944,0.452286142,,,,,,,,,,,,0.747218086,0.44967160100000003,0.002614541,0.0,0.0,,,,0.081873681,0.058965227,138.85078573512487,87.20250950445447,2.879326,-0.129029,,0.021008238000000002,,
2016-06-01,8.77505154,15.356035162387206,7.637470678989211,44.066601999999996,0.520315521,8.242671708170906,51.983109,0.543495642,8.616000864470704,49.779277,0.493817367,7.826823142035313,2.203832,0.049678275,0.7891777224353912,33.195344999999996,0.42970156000000004,6.815473189222651,7.5010829999999995,0.09172846800000001,1.4549101634049963,0.296622,0.037028805000000005,0.5857393191020408,3.287709,0.048363750000000004,0.7677150646052081,6.427904,0.07543590500000001,1.1964077598457319,10.533382999999999,0.112020564,1.7776623322254361,1.101134,0.012821761000000001,0.2030748828995294,13.097501999999999,0.138999743,2.2008429594653913,2.010646,0.023217567,0.3677038682517812,4.578577999999999,0.049669461000000005,0.7874949350130837,22.606683,0.206221655,3.2667194338060073,5.6348959999999995,0.055847624000000005,0.8889396677887189,0.8318869999999999,0.00968534,0.15396986486275663,1.019085,0.010175977000000001,0.1611524128475745,1.3071629999999999,0.035262198,0.560342231067455,0.8966689999999999,0.011626053,0.1844058921482664,0.0,0.001045789,0.01666779944043351,0.0,0.001744235,0.027761799779236065,-7.916506999999999,-5.712675,-0.023180121,0.026498154000000003,-0.027874838000000002,0.021803437000000002,14.925348692886175,6.651255285335278,15.255551067822083,6.917258440814167,18.027730335509553,9.456786658529692,-6.5601527019621075,-13.08263207038446,13.374214391048401,5.252922820297878,15.759326220756954,7.456935789796693,9.494049606219711,1.284335882686416,19.010643490558586,10.584096677942977,9.211597853134368,1.5615120347071132,13.2916246549045,5.1790304409423005,14.546722166847715,6.28471765143892,19.531202401071557,10.850152810852776,17.937106520812307,9.322087649433541,13.281688912152156,4.994453941956856,23.446459694153464,14.516397026217165,8.717927114697922,0.7583189411048297,11.710042512915987,3.7554356366456654,-11.34602666647151,-17.58265917682136,-14.602732140217833,-20.574121910930398,25.023233396213882,15.85355771927519,24.38629857069625,15.889503823313355,0.5772030734189526,-3.999581330083002,21.347017683622095,8.617330828400997,11.25519535000059,17.555417997551604,26.06938732081866,2.983875832333492,12.171774987272556,25.575134786453358,4.271895707307254,9.138888550646374,37.9435710360305,10.275634188065855,1.7820455679017202,1.8723198888133865,9.140510274781558,0.0,11.561111158172196,9.547721141303413,2.8936,3.2044,104251.0,0.30166069360000003,0.45326870900000005,,,,,,,,,,,,0.7549294026000001,0.450654168,0.002614541,0.0,0.0,,,,0.07500129400000001,0.051968526,144.3206105172196,85.98036398276369,0.982567,6.953119,,0.028268663000000003,,
2016-07-01,8.87714912,15.179422828035133,8.793408798381952,42.543153,0.522755662,8.226182592815945,42.413756,0.540403493,8.508323059461196,38.215325,0.49157960100000003,7.738858816882945,4.198431,0.048823892,0.7694642425782517,36.111701,0.429819065,6.7692122011255424,9.018722,0.09171045900000001,1.4425746707329181,0.112998,0.037187423000000004,0.5882079418527862,5.087066999999999,0.049787276000000005,0.7844333145279494,5.591184999999999,0.074668447,1.1762707455213173,9.369176,0.11166490300000001,1.759283000961701,1.048287,0.012879071,0.20262207071776278,12.383576,0.140624584,2.211146470101484,2.042345,0.023562831000000003,0.3706795319490457,3.6688769999999997,0.049325259,0.7769135348053721,16.09919,0.205185589,3.2281206037909413,2.910206,0.053325674,0.843407141928516,0.317339,0.009389396000000001,0.1486590025334988,0.7937919999999999,0.010166268000000001,0.15993253177408645,4.134996,0.035287426000000004,0.5552395056502482,0.06343499999999999,0.01090954,0.1724885725805418,0.0,0.001045789,0.01666779944043351,0.0,0.001581137,0.025068364907028184,0.12939699999999998,4.327828,-0.017647831000000003,0.031176061,-0.023343936000000003,0.025479956,14.102443969518564,5.751139250369119,13.274891566822689,4.98071574351846,16.139188746577403,7.617093271817854,-9.257674317222154,-15.771861044524982,11.853512447086034,3.7018473705081156,13.376537271401268,5.076972180728978,10.149699342163165,1.8802046337733413,21.10239418594975,12.30786433864175,6.539539204840361,-1.0463949328118338,11.945035375975198,3.8192816792856688,12.839088176878576,4.532919017497727,19.403277162440922,10.584066090054423,18.520376441080664,9.711013102525134,11.2653870255653,3.028322044743059,21.000057042678154,12.17269753013106,3.5272717770382433,-4.005323709283493,9.131665189013315,1.4483800173711758,-12.32569412960708,-18.690109579697676,-15.807738374828627,-21.99713951600125,19.135288137184993,10.717362236713601,24.38629857069625,15.889503823313355,-16.52057713548366,-20.554107907382946,21.336991880525357,8.651878436336927,11.583310293599936,17.372064917595033,25.979513728643006,2.9963936104137217,12.079847132886016,26.022145641460536,4.360229218577609,9.127487079362753,37.96896053741829,9.867751539496433,1.7374787768072404,1.8812365448570483,9.03471066202009,0.0,11.359173190700604,9.339715578250399,3.0167,3.3467,104251.0,0.31449399170000003,0.45530880900000004,,,,,,,,,,,,0.7698028007000001,0.451669572,0.003639237,0.0,0.0,,,,0.07830885300000001,0.05738258500000001,136.46797717460794,84.50290677099413,2.0401,-0.333735,,0.025953527,,
2016-08-01,8.85138912,15.223599163155985,8.045095500756672,50.865002999999994,0.530836694,8.296805184067033,47.273112999999995,0.550130717,8.610421974988007,42.424195,0.5000762910000001,7.826656203026735,4.848917999999999,0.050054426000000006,0.783765771961274,45.425215,0.437181382,6.8346755120552185,7.470915,0.092507961,1.446542238311273,10.142517999999999,0.039953033000000006,0.6212755890569577,4.405231,0.050085605000000005,0.7839450147224122,5.888967999999999,0.075229482,1.1782863150656784,12.235000999999999,0.11387643400000001,1.780674186574258,0.974942,0.012891330000000001,0.2016296478396847,11.671457,0.142349891,2.2252302743435566,1.993155,0.023879719,0.3734506946505182,4.0604499999999994,0.050330788,0.7884797813097874,18.090358,0.208201309,3.255568006768099,5.053298,0.055735893,0.8768622307040639,0.59228,0.009219961,0.14514667920832836,0.963197,0.01035873,0.16191853604238085,3.550201,0.036232913000000005,0.5664430892286969,1.048238,0.011229611,0.17646938040403903,0.250479,0.0010735920000000002,0.01681833804860212,0.0,0.0015183100000000001,0.024034964279935706,3.59189,8.440807999999999,-0.019294023,0.030760403000000002,-0.021527945,0.028526481000000003,14.665207607399156,6.190485391547984,13.997662832341472,5.550613100049739,16.863098638835105,8.204896255993187,-8.433163610931071,-15.217480036338637,12.458124252828684,4.15806282811626,13.07231285963908,4.723160895612866,22.020313022631832,12.805235892540168,19.013017730670036,10.293586357504637,6.707056291331348,-0.9658956149184883,11.363135085815767,3.109589720531747,11.413368276704627,3.1497028287370554,19.44472901334995,10.566630607617622,18.98010034405482,10.084465555578227,13.163837558811164,4.705894513039133,20.65006320528484,11.766633713374652,9.700392332782858,1.5907249114757827,2.391541134698527,-4.950625645292261,-12.328051776801841,-18.904484007434917,-14.56060919825527,-21.051080737545814,18.220406475418095,9.637824509350267,23.709943191638928,15.209651598391027,-19.662567013560395,-23.473740603117232,21.160087050550565,9.138777323321607,11.45648169436456,17.20784212169401,26.0478690741684,2.948737190276781,12.040205545624062,25.875648568810966,4.340735440155398,9.148877974759587,37.84578874914923,10.131390827245882,1.6759582250339966,1.8829579370678913,9.098642277777047,0.0,11.449349871902827,9.429345515440197,2.9545,3.304,104251.0,0.3080095795,0.458414431,,,,,,,,,,,,0.7664240105,0.454775193,0.003639237,0.0,0.0,,,,0.077648854,0.054215648000000005,143.22221879557725,85.84863389921705,3.1056209999999997,-0.030631,,0.028662282,,
2016-09-01,8.86741058,15.196093468810599,7.2821253157702825,36.075972,0.533076141,8.293392579835617,52.981904,0.555175159,8.634030260243325,46.741265,0.505258345,7.859413816528994,6.240639,0.049916814000000004,0.7746164437143297,30.883848999999998,0.438522958,6.8223707893051415,6.752896,0.093235869,1.4509363532139112,0.19344499999999998,0.039895122000000005,0.62011741789805,4.873069,0.050535088000000006,0.7858802664633916,5.049231,0.074691219,1.1639237073393842,9.443781,0.114176703,1.775118905064635,0.9019469999999999,0.012944450000000001,0.20149755358079466,12.680271,0.143651084,2.232411253355485,2.037219,0.024116580000000002,0.3750577829582456,3.481055,0.050751605000000005,0.7914881007819212,21.991516999999998,0.21135273400000001,3.2826089367715894,5.191573,0.056145447,0.8777940761838655,0.38892899999999997,0.009100356,0.14276640745204897,0.9707009999999999,0.010140539,0.15728725902583715,4.184353,0.036411487,0.5647239271126616,1.905641,0.011059632000000002,0.17158948550947775,0.150645,0.001070578,0.016602498193296265,0.0,0.0013751170000000001,0.021700532898893843,-16.905932,-10.665293,-0.022099018,0.027817796000000002,-0.022147212000000003,0.027769602,14.285462991614217,5.9066522847798675,13.077647195743891,4.7422509581768635,16.269313463744783,7.718816186094157,-11.509832741313698,-18.19358761038049,11.852215092021767,3.656290982980237,12.793496564351914,4.503352268012217,22.09651952073921,12.906551994252835,16.64989382535227,8.123812677085752,5.624825413950574,-1.8848529481443,10.708847975141843,2.5763270096686774,10.923407838697763,2.7444282720006097,18.68134250429292,9.937871491795258,18.62320900035148,9.831655318411837,13.879106129120732,5.438312582661786,20.014365650144406,11.247942330400807,9.815647117655102,1.7659669860202953,1.211116015765623,-5.961080093185622,-18.208584125501048,-24.518483852809236,-16.263866549049922,-22.77005498628023,11.51490169977154,3.5938088540085955,9.790597769069919,1.9378894832557725,-32.36383292779678,-35.68669795460726,21.261342718572102,9.097613083235656,11.523932117597365,17.03245352093972,26.036653478926862,2.9518294912167407,12.09617558951156,25.874912029340276,4.343958768515434,9.141548244236194,38.06955887231979,10.113105042583506,1.6391864535855432,1.8265476824045006,8.991182907014757,0.0,11.382942007793353,9.3639182399649,2.9959,3.3608,103422.0,0.30984196979999995,0.46307894400000005,,,,,,,,,,,,0.7729209137999999,0.45943970700000003,0.003639237,0.0,0.0,,,,0.08853076400000001,0.063626729,139.14083812166425,88.49694400787796,4.664514,-6.172905,,0.024200384000000002,,
2016-10-01,8.99495402,14.98062132395425,7.159431097619762,43.365345,0.5326443790000001,8.23995092557116,43.46942,0.5620821220000001,8.698286625558243,40.563846,0.511897063,7.922480312327399,2.9055739999999997,0.050185059000000004,0.7758063132308443,36.060795,0.43951599100000005,6.7996359098890915,8.916908,0.093985494,1.4534065678024932,0.20932499999999998,0.039915046,0.6202127540614183,4.276554,0.048932788000000005,0.7555715857335606,6.539363,0.073954647,1.145085762487817,10.793426,0.11627994000000001,1.7973062375044795,1.058346,0.013038158000000001,0.20186675709116358,12.249143,0.145233378,2.244674514243885,1.9764579999999998,0.024301966,0.3759140068753696,4.362994,0.051198452000000005,0.7939819720604048,15.335849999999999,0.214611621,3.3184762168003004,5.506069999999999,0.057684847000000004,0.8966008829368572,0.649799,0.008799574000000001,0.13724098217204866,0.48353199999999996,0.010067225,0.15559173723853317,2.1117559999999997,0.036526106,0.5642990070703745,0.703295,0.01120954,0.17324167784714767,0.08477,0.0010685430000000001,0.016478911899951553,0.005752999999999999,0.0013808700000000002,0.02178671641337055,-0.104075,2.8014989999999997,-0.029437743000000002,0.020747316000000002,-0.027649820000000002,0.022535239000000002,11.884775147910398,3.728994399657659,14.629736387617754,6.233742944468101,16.79072305179603,8.236438121583278,-3.5699650144904282,-10.649184036388416,10.099560198946556,2.0597733307365917,12.139191943440665,3.937587946410104,22.119762895490958,12.935456379772381,6.125007268162008,-1.5931863067483953,1.6957229095354576,-5.529020963297137,12.358928017198224,4.123516450752773,10.717207494168267,2.5858634293313143,18.879712098254963,10.188186931364495,18.13893628917993,9.451134961486417,13.317175999245357,4.9511374631731275,20.91800769645953,12.117032382731763,12.708072578603225,4.418339676758842,-7.365865068903121,-13.917461687652322,-17.596633938246896,-23.943609796935974,-6.543583068610004,-13.557664816937764,10.137583305404796,2.234091347267708,14.13533545465906,6.251232835985432,-25.173739524827475,-28.569865637059376,21.38386223130616,9.081591299825993,11.133335078131434,16.826383684410697,26.45636162985478,2.966480916959401,12.151985159511526,25.83846244446109,4.323561459939122,9.108713833100708,38.18154191354977,10.26270801760174,1.565531735592188,1.7910594566108613,8.928421139144502,2.842170943040401e-14,11.41825554192407,9.4218696335853,3.0998,3.3834,103422.0,0.32058751560000004,0.46500953,,,,,,,,,,,,0.7855970456000001,0.46137029300000004,0.003639237,0.0,0.0,,,,0.08334730600000001,0.0565422,147.40725688070148,89.55498341186097,1.930586,4.1074329999999994,,0.030631693,,
2016-11-01,9.04144769,14.903586750718679,7.0005204706316215,60.732352,0.549570126,8.446500578629902,50.71207,0.569785642,8.768224652126534,46.881463,0.519638978,7.997027202708994,3.8306069999999997,0.050146664,0.7711974494175395,54.060128999999996,0.45416831900000004,6.976892863861454,9.360650999999999,0.095815415,1.472821927873739,11.166032999999999,0.042989627,0.6575929950953824,7.490361999999999,0.05292576500000001,0.8114323429063838,7.89105,0.07589502100000001,1.1677957840195072,12.207148,0.118795723,1.8246891490127592,1.278335,0.013287573,0.20451043347494405,12.652942999999999,0.146977099,2.259280307669073,2.007806,0.024517038,0.37724894035651185,5.486376,0.052150204000000006,0.8034353874606562,18.23304,0.21760363800000002,3.3471666059001666,6.624134,0.059061118,0.9116370114041146,0.707159,0.008660846,0.13429089925485577,1.170005,0.010669035,0.16396805066361567,2.808719,0.036552065,0.5617825560688544,0.737228,0.011315428,0.17416109373658265,0.076079,0.001080559,0.01659115463559787,0.208581,0.0011986120000000002,0.01866264497650444,10.020282,13.850888999999999,-0.020215516000000003,0.029931148,-0.021013542,0.029133122,14.338332572253432,6.029071172537415,14.475347077636446,6.156509468806415,16.76977170453524,8.292037542930109,-4.890145741697882,-11.865998883198948,12.551289621945116,4.350710484498443,13.25292881041442,5.031918229405008,28.157136262058845,18.799160934647595,13.776314248453868,5.335434490060709,3.7809937349771783,-3.603986757387767,13.502710251849791,5.239816748115644,11.36587833607594,3.221734105760654,18.77246533239032,10.19571726876245,17.78901563521005,9.240314513065284,14.27870826602824,5.928418739923402,20.05383530033418,11.381844300520338,14.959999115529389,6.594724949840569,-11.229680911100392,-17.496654718793593,-14.1622629614236,-20.979198176116032,-6.385905643553247,-13.378908193848982,8.354428052460516,0.5478200979261105,8.026732782148805,0.36394194433260196,-46.4013801528793,-49.19436030395939,21.096895356102543,9.465571507641862,11.653337052776683,16.710769515387533,26.15676127774998,2.925693502632886,11.990971787708517,25.79515666349486,4.302852896388007,9.152600584484368,38.19043899319597,10.365497767316501,1.5200182948800944,1.8724646978731698,8.800970102367023,1.4210854715202004e-14,11.04142713221703,9.12470704421077,3.4199,3.6253,103422.0,0.3536928978,0.46820148800000005,,,,,,,,,,,,0.8218943858000001,0.46456225100000004,0.003639237,0.0,0.0,,,,0.09125356600000001,0.06250977,145.98288555533,92.11778279697727,3.191958,0.222602,,0.032438231000000005,,
2016-12-01,9.19003894,14.662614693991708,8.533056290752384,45.556740999999995,0.5541395020000001,8.462217451045369,73.36921699999999,0.584071431,8.903768308525525,71.536661,0.533824894,8.133274339333898,1.8325559999999999,0.050246537,0.7704939691916267,39.90681,0.459001741,7.003880726704491,8.905721999999999,0.096604804,1.4742415290376045,0.601131,0.042969665000000004,0.6565232075703317,3.6558479999999998,0.053986875000000004,0.8237445338060848,8.946534999999999,0.076835576,1.171569944267129,11.737328999999999,0.120401507,1.8355578643833117,1.3307369999999998,0.01341931,0.20494189051741066,10.321985999999999,0.14886412300000001,2.276395449132533,2.125655,0.024699191000000002,0.377488129835312,10.682625,0.054100121,0.8211001741357045,23.813001999999997,0.22484709800000002,3.4326433688940803,18.666207999999997,0.059676903,0.8980818969110006,3.308991,0.008881418,0.1336609268800882,2.618194,0.012756040000000001,0.19390439354517874,1.4493179999999999,0.036745807000000005,0.5630523823887128,0.208477,0.011332533,0.1741724590153767,0.076335,0.001156894,0.017710425328263727,0.098426,0.001011303,0.015558702459273563,-27.812476,-25.97992,-0.029931929000000003,0.020314608,-0.03285391,0.017392627,14.780980318360392,6.502006928075299,15.35958043384722,6.948782628247496,17.763928589466094,9.203290454265911,-5.202795195305043,-12.187896721345693,12.550507553661339,4.360307705328514,12.651034815636454,4.493503217926853,28.697356058881862,19.3773961593374,16.289633306727413,7.666888236910552,2.9335486434904023,-4.477161951744712,13.669149274292923,5.404293475301225,11.413700006758232,3.2945406817688427,19.04233676305871,10.450475031975781,17.364922923170354,8.91048593106889,18.735940878500458,10.214406505129347,23.088538156143734,14.177110425096927,4.331838689361867,-3.512571359603056,-14.914488343134169,-21.489590484163156,12.557726905774324,3.2668619168494617,-6.210538207218763,-13.257042401511521,9.990580582606245,2.1399304509757577,15.688474492204051,7.164092896193552,-59.90091236751639,-62.3098510062038,21.046718426281526,9.36154728005705,11.761801792381437,16.739713412111,26.231165646057974,2.923585860647095,11.935467582463914,25.48731458156186,4.228796289130601,9.262586411284342,38.49650677401477,10.217398049725873,1.5206047631526767,2.183986293964103,8.602806837165778,0.0,10.946916430105654,9.067488749430463,3.5318,3.6939,89158.0,0.31488822439999997,0.468644329,,,,,,,,,,,,0.7835325533999999,0.46761963300000003,0.001024696,0.0,0.0,,,,0.092067331,0.06354728200000001,144.8800453810125,91.79828033813975,0.442841,0.15603799999999998,,0.032972048000000004,,
2017-01-01,9.41622435,14.310406697138646,9.218772707758195,58.777910999999996,0.566197414,8.573136003538318,47.346954,0.5888970170000001,8.91672835278858,40.759384,0.5376753900000001,8.139684678949104,6.5875699999999995,0.051221627000000006,0.7770436738394759,48.420673,0.467737202,7.076534253761278,10.434285,0.09759624700000001,1.4759720701894161,0.5365219999999999,0.043294068000000005,0.6608857097442867,8.339281,0.055359534,0.8341971690056088,6.026485,0.07866324300000001,1.192185337449066,12.971696999999999,0.122732142,1.8548720433144026,1.5141909999999998,0.013537452,0.20479082150419134,16.271715999999998,0.150249397,2.2765804361500743,2.806667,0.024907557,0.37704213937838893,1.9509379999999998,0.054195822000000005,0.8200221843330109,18.264705,0.22712499100000003,3.4441504404533227,0.360981,0.059802388000000005,0.899566961641696,0.007385,0.008668992,0.13033104011340038,1.096992,0.012726243,0.19199147687921048,4.786707,0.03717108,0.5633844169203522,1.5778489999999998,0.011659336000000001,0.17719870809243057,0.042652999999999996,0.001199547,0.01832080710511678,0.180361,0.001191664,0.018139741721576185,11.430957,18.018527,-0.022699603000000002,0.028522024000000003,-0.016541161000000002,0.034680466,15.694349368174777,7.313490307167836,14.910169549223706,6.56458756824827,17.170481721055285,8.700507162535231,-4.440309916237927,-11.625766122233694,13.356024320308002,5.083748019903966,12.214494250407215,4.121074594995422,29.869227466791525,20.433281996399355,17.039451168302875,8.386696069349163,5.538124236595787,-2.143865450868565,13.51305232112152,5.200785234867755,11.007142366314127,2.9650397006357077,18.0662985513651,9.63422612643674,15.985377051614002,7.702373625770864,17.898405507802796,9.459058173018997,22.149672439875868,13.351432416216191,7.460495604187689,-0.47957321886669124,-17.250764111482965,-23.589870109083723,5.047178704241451,-3.7514642215685567,-6.0821926474928345,-13.247139642207696,10.612907250159264,2.5944292768000254,19.95374037007702,10.857454756477969,-52.00181091195286,-55.32937477156845,20.865615688187233,9.256066828740298,11.83560635401415,16.81782904238607,26.23955107167208,2.8942431652036946,12.09108784979648,25.513696395578783,4.229526773099615,9.202937090102461,38.567862367012125,10.154982326901479,1.4720726629185827,2.161030304556628,8.697892079830318,0.0,10.950941422016717,9.04660207437825,3.8324,4.0983,89158.0,0.3416891192,0.47347528200000005,,,,,,,,,,,,0.8151644012000001,0.47160564400000005,0.001869638,0.0,0.0,,,,0.08945377800000001,0.059056459000000006,151.4716248056796,92.96068353156159,4.830953,8.011383,,0.043236076000000005,,
2017-02-01,9.49256193,14.195324823127068,10.128289228475861,46.897518999999996,0.56837064,8.539683588509345,53.738895,0.6003282830000001,9.01817136587573,48.652055999999995,0.548144492,8.233399686420888,5.0868389999999994,0.052183791,0.7847716794548427,39.994384,0.469370206,7.044561449122534,6.130980999999999,0.09793982600000001,1.472528485771081,11.18376,0.044938463000000005,0.6705132703591946,3.385086,0.055248418,0.8275931994000564,7.275106999999999,0.079401574,1.1932679782565199,6.67249,0.122170626,1.836500495797631,1.112285,0.013644658,0.2048675996426557,12.758821999999999,0.151255413,2.2739636389675786,2.102454,0.02503706,0.3760438789443618,4.416837999999999,0.05512335,0.8281720126116313,26.116069,0.23458736700000002,3.5232620648377835,1.4180869999999999,0.059955761,0.8999258067933653,0.642041,0.009063805000000001,0.13558008842917613,1.1977449999999998,0.013121736,0.1964521958369912,3.5856179999999997,0.038412800000000004,0.5776411114166295,1.163393,0.011902951,0.1793344972576786,0.250479,0.001230006,0.018436850166931563,0.087349,0.000638034,0.009359220613602913,-6.8413759999999995,-1.754537,-0.031957643,0.020226148000000003,-0.034328985,0.017854806,15.063727786714942,6.676300408122793,17.187219047826275,8.575099205286008,18.789066370665708,10.08211833461312,2.6476043705032204,-5.060790361271517,12.727658698928312,4.436681209115734,11.802327380649814,3.677970542503317,31.79681362826836,22.224187836360688,15.925830439318611,7.347404231214583,4.630984966419982,-3.1692490567767684,13.105787540814662,4.857497446446946,11.597992445334015,3.4423416152311814,17.042806861076954,8.597522538586922,14.998507921245597,6.703492113325593,17.84529887830577,9.242026177543261,24.425383799387102,15.251067620524971,9.669109330400616,1.6307024649520718,-4.909628631798036,-12.05696792202392,20.085571614062346,10.257971008511845,6.558944840971459,-1.4550177492645644,11.282240709815895,3.0064959951522807,20.068174962881557,10.80015740145952,-79.2089864529977,-81.16648263978902,20.866221321257022,9.57420441807932,11.770755214914514,16.91661996969616,26.02862824233032,2.9070140851675617,11.936556748555091,25.19545010342283,4.170561459287434,9.182201065812519,39.07651424112563,9.987162473902632,1.509808092783128,2.1857600868690037,8.692542476796815,0.0,11.117832008280475,9.181296028943366,3.5882,3.7963,89158.0,0.31991673560000006,0.478628525,,,,,,,,,,,,0.7985452606000001,0.47675888800000005,0.001869638,0.0,0.0,,,,0.084147022,0.049603319,169.63990252345815,95.60410406189348,5.153243,-1.064548,,0.048703292,,
2017-03-01,9.58900488,14.05255307368245,11.291792788886479,39.059297,0.56716056,8.458780024670817,58.570997999999996,0.6120609260000001,9.108722547009812,51.420986,0.559456124,8.328712067159726,7.150011999999999,0.052604802000000006,0.7800104798500864,33.201256,0.47207476800000003,7.034175748254215,8.406419,0.09870554100000001,1.471164580616971,0.891768,0.045309275,0.674897480412119,1.776293,0.054369363000000004,0.811026765517991,8.075666,0.080287733,1.1943125715152532,8.435734,0.123163193,1.8386378891964326,1.2118799999999998,0.013757459000000001,0.20470873941897458,12.873218999999999,0.15209568,2.266677825740526,2.082553,0.025135624000000002,0.37428079045369017,4.684807999999999,0.055925010000000004,0.8332756606313912,27.045638,0.242039895,3.5968990536180225,3.2123359999999996,0.061403932,0.9174769557630346,0.46804199999999996,0.009329199,0.1389879928575449,1.05439,0.013526784,0.20111378809551653,4.517475,0.038516955000000005,0.5721017643351275,2.356792,0.012152274000000001,0.17949402138247914,0.140544,0.0012199020000000001,0.01805581715768764,0.135201,0.0007156710000000001,0.01035887697479208,-19.511701,-12.361689,-0.044900366000000004,0.007704436,-0.046557030000000006,0.006047772000000001,13.135048777024227,4.664630804705472,17.849404616104493,8.822938163165194,19.54714213392743,10.425610242478257,2.385769661572157,-5.778693697465076,12.378605604433734,3.873071886403179,11.435030910647104,3.0388241978377195,32.695992862475556,22.97727921819441,13.710182957164063,5.264597890862022,4.536043206986062,-3.633207083125922,13.053649624815456,4.567077102927586,11.241681612137944,2.8015133316618535,15.766022657188206,7.118346690545407,13.50245102311327,5.020891449927056,17.851859280543025,8.929870383154249,24.02267918925287,14.352488138187148,15.418067564004101,6.83860052425882,0.16143157468899716,-7.5105212398481,45.056405827270616,33.632553165293125,5.193883393357579,-3.1233615252512004,14.071166525035261,5.016561068336434,18.335410836320264,8.949982713598569,-76.76158209481542,-79.2033783063202,20.90887878167638,9.597902296697205,11.517108450922334,17.007418833281086,26.089764026532336,2.9142542521993042,11.964673358691357,24.849761443520084,4.106719271277251,9.137163903843128,39.54506564923244,10.032323481469883,1.524227181265938,2.2100388091103205,8.594700260280952,0.0,11.143319992056853,9.275116379742625,3.6386,3.9083,92583.0,0.33687250380000006,0.483347811,,,,,,,,,,,,0.8202203148,0.48147817400000004,0.001869638,0.0,0.0,,,,0.09751380300000001,0.06239905900000001,156.2744768314535,96.62867084702731,4.719285999999999,-0.175318,,0.046228605000000006,,
2017-04-01,9.71434929,13.871232748313089,11.869618623097033,53.041996,0.570496632,8.423216519654858,56.000177,0.6237126700000001,9.197328571391187,52.774702,0.570565431,8.41421134291612,3.225475,0.053147239000000006,0.7831172284750686,37.082457,0.47671121400000005,7.045067831874819,8.289928,0.09915879100000001,1.4645489209920337,0.638574,0.045376589,0.6748906504481211,4.378219,0.055163287000000005,0.8161380630668871,7.6335,0.081454183,1.19984491612539,10.489542,0.12485536600000001,1.8476258772276728,1.220637,0.013873361,0.20449753836928303,13.356921999999999,0.15293674100000001,2.2577374837671873,2.087647,0.02525306,0.37266589416082196,5.447547,0.056737318,0.8369116271157784,25.54469,0.24995712900000003,3.677697905192899,4.333457999999999,0.062445292000000006,0.9265015870395997,0.66467,0.009498753,0.1405247259646653,1.3397679999999998,0.013737138000000001,0.20217211967516854,1.991037,0.038405127000000004,0.5670882839108514,1.13107,0.012784136000000001,0.18743679903476132,0.103368,0.001242305,0.01823326855466369,0.0,0.0007156710000000001,0.01035887697479208,-2.9581809999999997,0.267294,-0.053216038,-6.8799e-05,-0.052535151,0.000612088,12.291974272794292,3.4472685986798535,19.45993080436046,9.877277253438944,20.33818254936599,10.688328307116656,10.780270249116386,1.8581212290058824,13.338576250474542,4.4077288319381625,10.682763815796203,1.951166414802885,34.13901127505699,24.29562993015182,15.07523408727527,6.15148216899013,7.564715176262493,-1.2410940996272934,14.114869882101777,5.149687350499144,11.411928965480467,2.550079167990016,14.445518839758442,5.476141457919015,12.256093178070326,3.467826116594286,16.87301097667424,7.529540684324099,27.06013542755066,16.627115892047506,16.360812798232004,7.349794955588407,0.9528221665385361,-7.146280762715495,42.172179056283035,30.499293280321815,13.944107729503031,4.961233507351581,18.906112605792668,8.95254291335188,19.723854662783502,9.826895472926411,-71.15434842541583,-74.04490255501479,20.80059962675852,9.518674549157973,11.571636114270222,17.086693286808224,26.1909857232769,2.9102233370159403,11.921187362712232,24.52038388125096,4.04882908663696,9.096707623399729,40.075685651856325,10.011868445770068,1.5229373166333144,2.2024785868146624,8.521109407637976,0.0,11.148728504632995,9.315960168543116,3.5583,3.8787,92583.0,0.3294380889,0.48691672500000005,,,,,,,,,,,,0.8163548139000001,0.48504708700000004,0.001869638,0.0,0.0,,,,0.098185192,0.060675284,161.8207374192101,99.09647225827514,3.568913,3.750876,,0.05280519400000001,,
2017-05-01,9.7577015,13.809604649209653,11.722178319464671,57.486070999999995,0.5784679620000001,8.45314364208313,51.100182999999994,0.6289597960000001,9.195562998156932,47.439893999999995,0.5771890540000001,8.439608130143188,3.6602889999999997,0.051770742,0.7559548680137441,50.949456,0.48529207,7.094980343837157,9.331764999999999,0.100520275,1.4704482936261754,13.417124,0.04938982,0.7150888890556799,4.383319,0.055338038000000006,0.8117385323011493,7.600321999999999,0.082945316,1.210547400764415,10.807246,0.125695953,1.8431001585091062,1.2584119999999999,0.014011133,0.20458603833760872,13.313359,0.153630916,2.2468960015990405,2.1131919999999997,0.025385797,0.3712930058705517,4.71809,0.057539176000000004,0.8416454256578509,19.050242,0.252190984,3.681324419631626,5.238640999999999,0.064149888,0.9443205196127606,1.955349,0.010533871,0.15332963880665054,1.051021,0.013758422000000001,0.2007991189647079,2.4218539999999997,0.036849197,0.5391623227807213,0.981335,0.012773422000000001,0.18568292741967615,0.146513,0.001321865,0.019223578089212514,0.11058699999999999,0.0008262580000000001,0.01188603972413423,6.385888,10.046177,-0.050491834000000006,0.001278908,-0.047033540000000006,0.004737202,12.147512720238861,2.837790015118613,19.154973327604495,9.232151798289955,20.578113411051334,10.53725336289222,5.2989979856795655,-3.4893218430897655,13.716609309528959,4.250363240301325,10.846674734015306,1.6594810136784988,34.74732234077824,23.315336226673743,13.864830986933008,4.676710448545207,9.84368923162231,0.4431525213494103,13.447207731539844,4.142324071443948,10.989724101541132,1.7363072153282921,12.87706569107019,3.6223359037324654,11.094492560053592,2.0044092017754256,17.550901198687008,7.772702104352613,27.701724934737747,16.91138337653504,19.45655755915805,9.795219797094944,8.456766105805634,-1.3288193616732946,39.21522379744371,27.489527914653465,5.512813901377056,-3.077818800958998,15.468247461802864,5.41839755724034,26.398824237011475,15.333629720664144,-61.27196403260764,-65.24113106048084,20.71335618568834,10.177339184627517,11.403037762393273,17.09183420203013,25.901093541462565,2.887154739618968,11.8261843841792,24.426190191654158,4.03615575454047,9.148307469878409,40.09651898322607,10.199362249856746,1.6748083211347262,2.1874883080762126,8.231168721633201,0.0,10.667955485033993,8.949629953750144,3.5642,3.9744,92583.0,0.32998432860000004,0.49018765200000003,,,,,,,,,,,,0.8201719806000001,0.48867979300000003,0.001507859,0.0,0.0,,,,0.09764948200000001,0.059747973,163.43563990028582,101.08938181108205,3.270928,5.888529,,0.059214354000000004,,
2017-06-01,9.73162734,13.846605022177103,10.901084690381202,43.936926,0.578338286,8.384832612494833,57.677960999999996,0.634654648,9.19595249295426,56.397822,0.583807599,8.456114167518026,1.280139,0.050847049000000005,0.7398383254362348,36.422643,0.488519368,7.089561410274346,7.724323,0.100743515,1.4622170489669086,0.37552599999999997,0.049468724000000006,0.7157337113913004,3.600044,0.055650373,0.8111007446239108,7.803203,0.084320615,1.219888150768833,11.577638,0.12674020800000002,1.8416601392579628,1.189959,0.014099958000000001,0.20415387818069347,13.250456,0.15378387000000002,2.2292441309433406,2.1731119999999997,0.025548263,0.3705076787283918,5.1924589999999995,0.058153057,0.8432345497629672,27.753168,0.25733746900000004,3.7184625559888094,6.432039,0.064947031,0.9468527620206045,0.7099799999999999,0.010411964000000001,0.15038596541716306,0.886608,0.013625945,0.19742652465674893,1.025663,0.036567697,0.533291432236611,0.143944,0.012020697,0.17390678243996585,0.07589599999999999,0.0013977610000000002,0.020274480023975666,0.034636,0.0008608940000000001,0.012365630735682354,-13.741035,-12.460896,-0.056316362,-0.005469313,-0.051695342000000005,-0.0008482930000000001,11.151457655632768,1.7246944844716117,16.772720690923236,6.731099933787954,18.223383382950153,8.040184555889551,2.3526863603859027,-6.252000733991281,13.68806015039834,4.021558202079234,9.82797074513444,0.5022224564581901,33.59524834787404,22.193216000685357,15.066290351761392,5.65127376274861,11.77782648726755,1.9625742753564879,13.140126664600626,3.600110429994241,9.968966041404137,0.5313287718097026,10.63608225520245,1.2904678798549174,10.038502311633257,0.76251862400607,17.080104815310946,7.078091841817047,24.786831431451773,13.828647710234577,16.293275072901924,6.514850932003879,7.502307611297088,-2.3276629155894457,33.903064049771324,22.50919559205371,3.702262122174016,-4.827549545803822,3.3944796226199836,-5.6934784382372206,33.65611992476494,21.63861280207695,-50.64346260681616,-55.45810850155686,20.622215125767543,10.126256447625636,11.391641078189556,17.26044462581062,25.943742725876945,2.8862638666150082,11.769436130114698,24.23111064964579,4.025537838651423,9.1629451045949,40.547637965144155,10.233444473253114,1.6405716136817765,2.1469857729616755,8.011766582067166,0.0,10.408399815992556,8.791921653964303,3.5071,4.003,103148.0,0.3617503508,0.49532799600000005,,,,,,,,,,,,0.8570783468000001,0.49382013700000005,0.001507859,0.0,0.0,,,,0.110342118,0.068282832,161.5956965581041,105.23754057549868,5.140344,3.377811,,0.059796823000000006,,
2017-07-01,9.74607808,13.82607433409768,9.788378546467413,52.46559,0.588260723,8.464445251992334,51.540017,0.6437809090000001,9.264732263127806,45.778220999999995,0.591370495,8.508960677260996,5.7617959999999995,0.052410414,0.7557715858668113,46.062984,0.49847065100000004,7.178276872590119,11.830261,0.10355505400000001,1.4888841223381826,0.322054,0.049677780000000005,0.7184712095141715,4.898288,0.055461594,0.8016060976741853,7.7946279999999994,0.086524058,1.2427862956787046,12.248159999999999,0.12961919200000002,1.868785425819606,1.323145,0.014374816,0.20653538768735066,13.859729,0.155260023,2.2328942381206818,2.2615909999999997,0.025767509,0.3707749856919947,4.924265999999999,0.059408446000000004,0.855626382232784,17.538921,0.25877720000000004,3.7165805692758016,4.405678,0.066442503,0.9635907461500186,1.588705,0.01168333,0.16753449598128986,1.199331,0.014031484,0.20195925980842497,4.1982729999999995,0.036630974000000004,0.5285702141332123,1.456226,0.013413488000000001,0.1930777646761152,0.042651999999999995,0.0014404130000000002,0.0208641897464736,0.064645,0.0009255390000000001,0.013259417311010099,0.925573,6.6873689999999995,-0.055520186000000006,-0.0031097720000000002,-0.052051132,0.00035928200000000005,12.530722431467423,2.8963940015684475,19.12967205783773,8.890226644902599,20.30004780446535,9.951103626519341,7.34583387985539,-1.7795052653207577,15.97220588621402,6.043017404544648,12.915206323413987,3.2101944214600886,33.58758416790537,22.145785255988095,11.397124839687955,2.18919605123733,15.877671863190091,5.654782320366891,16.078721709004682,6.22426436213197,11.61376468846238,1.931337961222801,10.407454076450806,0.9835516693835311,9.356592168402855,0.025751015289965373,20.44223832661476,10.131481033745992,26.11860377777313,15.131403854962478,24.597586895948087,14.249773122230568,24.431113566836448,12.697174827025792,38.02000891575945,26.2777857438683,3.807441211495566,-4.803204967521745,22.9519118129637,11.936554281565236,37.73457169658507,25.17663067063487,-41.46370618105831,-47.106971834079694,20.774553886423295,9.966039103874943,11.12635094739008,17.35790418682042,26.003374870710296,2.883783823814333,11.887993180966646,24.11690387668827,4.002527667374491,9.228053390443113,40.19647000746958,10.320669978115179,1.814799077864547,2.1795433514478444,8.141032650596975,0.0,10.51424269309689,8.909385235294726,3.5292,4.1316,103148.0,0.3640299216,0.504636249,,,,,,,,,,,,0.8686661706000001,0.50312839,0.001507859,0.0,0.0,,,,0.116568659,0.06724122,173.35892924012978,112.22316051204233,9.308252999999999,-8.106019,,0.059292692,,
2017-08-01,9.79665565,13.754693929657515,10.67930148799061,56.986982999999995,0.5943827030000001,8.473935344027202,57.861307,0.6543691030000001,9.340929907776179,52.434915,0.6013812150000001,8.584337944814036,5.426392,0.052987888000000004,0.7565919629621414,51.377479,0.504422915,7.193423106052345,8.590179,0.104674318,1.4933051899421446,11.889968,0.05142523,0.7276084516504991,4.768085999999999,0.055824449000000005,0.8001261902693615,7.723629,0.088358719,1.259371160283279,12.761253,0.130145444,1.8580518040087168,1.22888,0.014628754,0.20859612974830255,13.065551,0.156654117,2.2349253101300013,2.278367,0.026052721,0.3717702336463865,5.154013,0.060502009,0.8647035903352233,22.549474,0.263236316,3.7513413235105793,7.936065999999999,0.06932527100000001,0.9958195217816022,0.7051069999999999,0.011796157000000002,0.16821639364159482,0.7463369999999999,0.013814624000000001,0.1975615717686494,4.12313,0.037203903,0.5312357683427655,1.011347,0.013376597,0.1910305779782042,0.291915,0.0014818490000000001,0.021066199330161423,0.0,0.0009255390000000001,0.013259417311010099,-0.874324,4.552068,-0.0599864,-0.006998512,-0.058625116000000005,-0.005637228,11.970914919457343,2.1349200810490965,18.94793051521244,8.483996892488976,20.257893810046678,9.680784771078743,5.860544679905022,-3.4670828927797603,15.38069455116915,5.248933813527157,13.151686480258707,3.232740143520707,28.71420800518447,17.115248766645653,11.45807063726194,2.0640702145008127,17.45224963798102,6.881591017466815,14.28654676699832,4.3454113064513855,13.477461208424568,3.4550880702608255,10.048638533906562,0.4356868544449721,9.099780445490158,-0.44998202659773945,20.20874578796581,9.667186252869575,26.43355474772737,15.228473670702058,24.381735482375788,13.566246430984163,27.94150647708815,15.89406975005927,33.3621399534499,22.01294342047366,2.679856295297034,-6.21550894616294,19.118970372170494,8.251401767732336,38.02720214010535,25.257318941287245,-39.041500088914646,-44.83279793313856,20.751301118031087,10.194863966479398,11.066993060773221,17.516793224986614,25.800858789295884,2.9000970346479997,11.769092805785803,23.939717856758282,3.981349498403808,9.245853559195321,40.22749772157259,10.594215203953478,1.8026763406034467,2.111136350519288,8.097553468993784,0.0,10.50465520584052,8.914776243076508,3.441,4.143,103148.0,0.354932268,0.513260174,,,,,,,,,,,,0.868192442,0.511752314,0.001507859,0.0,0.0,,,,0.12229202700000001,0.06744628600000001,181.31765921106464,116.85791317586632,8.623923999999999,-0.656825,,0.0641848,,
2017-09-01,9.86042737,13.665736275282763,11.198497927226914,47.955214,0.6062619450000001,8.581064809085756,54.384194,0.6557713930000001,9.279011995184444,45.985414,0.600625364,8.502477853257286,8.39878,0.055146029000000006,0.776534141927156,41.837993,0.5153770590000001,7.295856228596838,8.796198,0.10671762000000001,1.510894073234157,0.662609,0.051894394,0.733723883197054,5.544976,0.056496356000000005,0.8018507579341705,8.266290999999999,0.09157577900000001,1.295607526842406,12.811518999999999,0.133513182,1.8896220651735138,1.230512,0.014957319,0.21170591130796,13.961514999999999,0.157935361,2.2330291087975573,2.296236,0.026311738,0.3721922189077599,4.062148,0.06108310200000001,0.86731739646432,20.191336,0.261436135,3.6930856484792645,4.061923,0.068195621,0.9724370617119541,0.658148,0.012065376000000001,0.17130026920296862,0.754108,0.013598031,0.1931161496934624,5.982333,0.039001883,0.5494029341371887,2.263578,0.013734534000000001,0.19300573921073852,0.134437,0.0014656410000000002,0.020614164417192642,0.018432,0.000943971,0.013511304162036112,-6.42898,1.9698,-0.049509448000000005,0.005636581000000001,-0.050913956,0.004232073,13.7289588430483,3.4686918107504017,18.119728948463276,7.47022787157734,18.874902303691776,8.182086498306983,10.475858895962386,0.2475674546270623,17.525673308077995,6.940189179309053,14.459833049874838,4.132346666167375,30.07704049632933,18.32015389667403,11.796294883270008,2.03217871122392,22.605816622165452,11.313784457921061,16.935573100232194,6.450450151941212,15.550054270362956,5.066244004333331,9.943730741356593,0.027676595929349013,9.102277354417577,-0.7640326852795143,20.35698575444067,9.580598319480238,23.69659481196964,12.504587650071253,21.46242419265092,10.781912078917276,32.58136275108359,19.98639754278564,34.095741853564185,22.779270800147742,7.114227441466481,-2.7130058139747337,24.186175453215796,12.481099082308189,36.9018418088173,24.163027619037504,-31.353404837552013,-37.737454536313095,20.70670747492468,10.069209153525787,10.9621402453616,17.768695249588127,25.90592259947682,2.9022089242819784,11.685116352841007,24.083905258124,4.012333914053491,9.314694518856511,39.86696244921436,10.39929794558757,1.8398753176474718,2.0735931980491253,8.409337398467457,0.0,10.700132657631546,9.096072985415569,3.572,4.2023,106063.0,0.37885703600000004,0.5235098530000001,,,,,,,,,,,,0.9023668890000001,0.5210277560000001,0.0024820980000000003,0.0,0.0,,,,0.120120499,0.059689593000000006,201.2419468164241,121.7131447096809,10.249678999999999,4.633035,,0.080575906,,
2017-10-01,10.06525083,13.387644508408142,11.898858044412775,52.834336,0.6157309360000001,8.638752305263914,56.181993,0.668483966,9.379957625050395,52.637311,0.6126988290000001,8.599495844434612,3.544682,0.055785137000000005,0.7804617806157821,45.559415,0.524875679,7.365576366092133,11.333573999999999,0.10913428600000001,1.529043110827356,0.450021,0.05213509,0.7366127858077355,4.94483,0.05716463200000001,0.8039849480832404,9.782076,0.094818492,1.3286027620817598,12.649213999999999,0.13536897,1.8972730178221708,1.417637,0.015316610000000001,0.21483005085020448,14.063426999999999,0.15974964500000002,2.237805497217541,2.335998,0.026671278000000003,0.3738571608434123,5.707953,0.06242806100000001,0.8783730811463373,21.020674,0.267120959,3.7447623977874387,7.075444,0.06976499500000001,0.9846762410699187,1.783723,0.0131993,0.18544572587275573,0.650092,0.013764591000000001,0.19457574049720824,2.3933549999999997,0.039283482,0.5498089030950215,0.9372039999999999,0.013968443,0.19501689712056627,0.21412299999999998,0.0015949940000000002,0.022210859752634923,0.0,0.0009382180000000001,0.013425120647559404,-3.347657,0.19702499999999998,-0.052753030000000006,0.003032107,-0.055521739,0.00026339800000000003,15.59887990482296,4.839851393473094,18.92994632552998,7.836842229240792,19.69180393598,8.545499709904924,11.15885506879648,0.6000811421023489,19.421292910364187,8.323099408601609,16.118223520748852,5.204087053165218,30.615131947987727,18.767758480308583,16.82275696205988,6.40751495474472,28.21167546104304,16.026485142495627,16.416442939341035,5.562033794335064,17.47525992552015,6.421708034466844,9.995131422199677,-0.3060139446835475,9.749466360046766,-0.5471586571231923,21.93349322358418,10.628844489621759,24.467145700371915,12.845841076967757,20.941631343843213,9.823251327231187,49.999306784623876,35.12416111994625,36.72676432681301,25.055317172087243,7.549055461866083,-2.567806037898257,24.612098266298176,12.569272904774698,49.2681155554807,34.78353356995749,-32.05602265238582,-38.379329896081174,20.792406729137095,9.932845450055613,10.89108036190795,18.064942955758482,25.79067299477597,2.9181405450489546,11.609910963315926,23.897303918281267,3.9898156659751507,9.338752187812386,39.95921706220849,10.43630042728654,1.9745125794086735,2.0590757146148215,8.345022444412677,0.0,10.628257172495129,9.059986065082168,3.77,4.3848,106063.0,0.39985751,0.530544725,,,,,,,,,,,,0.9304022350000001,0.5280626270000001,0.0024820980000000003,0.0,0.0,,,,0.13621249000000002,0.070677299,192.72452672533512,123.87370184284158,7.034871,-0.572178,,0.08100058,,
2017-11-01,10.21541281,13.190852147266284,12.98426048848822,65.15476799999999,0.620153352,8.593069340034166,56.677496999999995,0.6744493930000001,9.371790373501003,51.52001,0.617337376,8.580386728149186,5.157487,0.057112017,0.7914036453518198,58.372034,0.529187584,7.329863413814791,10.753707,0.110527342,1.531386395677677,11.957542,0.052926599000000005,0.7279290128975748,5.689372,0.055363642000000005,0.7673993530847505,10.087499,0.09701494100000001,1.3440605216971977,13.558513,0.136720335,1.8941910689450967,1.4398069999999998,0.015478082,0.21477055553882357,14.283018,0.16137972,2.2376364422198853,2.356478,0.02701995,0.37501760283008456,6.513698,0.063455383,0.8825276277332205,18.755433,0.267643352,3.720424848079074,7.578771,0.070719632,0.985923333071523,0.9730749999999999,0.013465216,0.18774220882290543,1.059537,0.013654123,0.19111466539249172,3.2506709999999996,0.039725434000000004,0.5508280363605359,1.289323,0.014520538000000001,0.20103682473057724,0.155139,0.0016740540000000001,0.023123425387501735,0.462354,0.001191991,0.016415358873204902,8.477271,13.634758,-0.054296041,0.002815976,-0.052050386000000004,0.0050616310000000005,12.843352042028577,1.7352601830761927,18.36896953609091,6.883556766854593,18.801206633117506,7.294704777827676,13.889962849772019,2.620106685977941,16.517943207747155,5.059136736664471,15.35444688101597,3.976344098059803,23.114813254834708,10.69598039011812,4.606219673914969,-5.426575635858455,27.827807044153797,15.093798084370036,15.088600454075273,3.8089731596168797,16.485395790487843,5.0169186429975365,9.799227973604241,-0.9579982340269133,10.208867808582745,-0.5914761547954561,21.678110789365256,9.844256489939252,22.995807634429344,11.151468872835668,19.73974485210388,8.148673291905052,55.472294507949925,39.802629861469896,27.97898779036718,16.556039191176318,8.681777623234144,-1.9499572548094313,28.325132730286473,15.43153549244698,54.92481206486644,39.37200812949009,-0.5523889298622131,-12.041627036943503,20.886231147857014,10.001481629621908,10.46200698465367,18.332807483253426,25.835892438474144,2.9248762571118827,11.556704059027965,23.927624766948227,4.006223488438962,9.40847210459273,39.683237138001246,10.485535717577553,1.9964753678709293,2.024484437485438,8.467946979084907,0.0,10.792395499589045,9.209337789727854,3.9505,4.6853,106063.0,0.4190018815,0.534501883,,,,,,,,,,,,0.9535037645,0.532019786,0.0024820980000000003,0.0,0.0,,,,0.12961919500000002,0.063334481,204.65817822048623,125.77071793626067,3.941481,1.387005,,0.082914506,,
2017-12-01,10.28546746,13.101008828625472,11.91973752398483,55.752455,0.6303490660000001,8.655501805209738,76.642141,0.6777223170000001,9.300095180115896,75.20979899999999,0.6210105140000001,8.516796472109629,1.432342,0.056711803000000005,0.7832987080062682,46.766884,0.536047658,7.35741859528976,10.777054999999999,0.112398675,1.5419955181214542,0.5799529999999999,0.052905421,0.7267128300371486,3.8747979999999997,0.055582592,0.7645588252880906,11.569602999999999,0.099638009,1.3644543971925784,13.345308999999999,0.138328315,1.8969281473112167,1.44681,0.015594155,0.21421314223212873,11.081311,0.162139045,2.2314654918688537,2.372643,0.027266938,0.3749339594829041,10.696781,0.063469539,0.8660310357566906,27.131777999999997,0.270962128,3.7267176381601264,18.487662999999998,0.070541087,0.9544349535532699,3.185037,0.013341262000000001,0.1809509466205179,2.2545859999999998,0.013290515000000001,0.18226244666726618,1.033737,0.039309853000000006,0.543120242520946,0.239945,0.014552006000000001,0.20112352837040245,0.11046099999999999,0.0017081800000000001,0.02345130523105468,0.048199,0.001141764,0.015603631883864995,-20.889685999999998,-19.457344,-0.047373251000000005,0.009338552,-0.049299964,0.007411839000000001,13.752775921035143,2.2840863554090207,16.034149425808852,4.451226243284889,16.33225070241855,4.715470261724142,12.867087735817506,1.661886961694936,16.785539164218545,5.047742564165825,16.348949892802423,4.595854054394999,23.122721575790717,10.691110635155688,2.9557498929137838,-7.184959182008599,29.67692075348012,16.463759066993443,14.889189053090512,3.343413145328622,16.206831796865863,4.523844144948219,8.917475703665678,-1.9737325200153921,10.396077345205356,-0.676622693678397,17.318663668053546,5.472031676071754,20.509506420225176,8.566991605678798,18.205006382452527,6.274823803497043,50.215449830196036,35.380586416892925,4.189975885933239,-6.0039623987169,6.9777920512128055,-3.5400151906303967,28.409120891154704,15.473783574845434,47.652248174854385,32.41525709509185,12.900288044235996,0.28877359605685715,20.9680376963796,9.869536823906804,10.368964619186901,18.587528088780495,25.805227004648163,2.909098616004027,11.491607151094001,23.924111827646954,4.023320070187389,9.36512453669133,39.98129044937441,10.408553065251944,1.9685439988248166,1.9610561238165631,8.367999928206585,1.4210854715202004e-14,10.57961958300357,8.996888558886196,3.8104,4.5478,102656.0,0.3911604224,0.5354476180000001,,,,,,,,,,,,0.9266080404000001,0.53447338,0.0009742380000000001,0.0,0.0,,,,0.127248149,0.060442682000000005,210.52697330671063,127.56382481908857,0.963594,0.342173,,0.083621394,,
2018-01-01,10.39039236,12.96871141447444,10.345632960625029,58.204764,0.6297759190000001,8.56920678125511,56.531462,0.686906825,9.355681229021508,50.504484,0.630755614,8.588491188477725,6.026978,0.056151211000000006,0.7671900405437849,51.995608999999995,0.539622594,7.338815120051448,12.926262999999999,0.11489065300000001,1.5603136306921994,0.668079,0.053036978000000005,0.7276991057682571,8.235592,0.055478903,0.7520253385917238,6.650468999999999,0.10026199300000001,1.3644609591202812,11.540329,0.13689694700000002,1.8609610841182538,1.697863,0.015777827,0.2145635484732955,18.297991,0.16416532,2.2359119829921656,3.1852,0.027645471,0.37607735284685007,2.743897,0.064262498,0.8736971278798303,19.170154,0.271867577,3.7139544764038974,5.001926,0.07518203200000001,1.0141377034438868,0.587712,0.013921589000000002,0.1884671315898831,1.517604,0.013711127,0.1862454133212107,4.63438,0.039157526000000005,0.5347224554159177,1.2498,0.014223957,0.19475216299953912,0.042689,0.001708216,0.023394544775774122,0.10010899999999999,0.0010615120000000001,0.014320877352553994,1.6733019999999998,7.700279999999999,-0.057130906,-0.000979695,-0.05904869,-0.002897479,11.229034860975196,-0.045831796924555857,16.64294522992973,4.922801938848487,17.31160208020679,5.513807072764476,9.62402853778932,-1.268092596005943,15.368756577972608,3.7063463114131556,17.720359677355212,5.714305995773983,22.504029882338617,10.109674795332179,0.21562500869316548,-9.850408688372392,27.457233106954405,14.450406011521277,11.541235058050248,0.32827282214955567,16.549458494848235,4.772053208890581,9.261882761499528,-1.7863833191276601,10.99230245663998,-0.2558829453730205,18.574634775352237,6.545547739111179,19.699543323262027,7.833689050907511,25.717441250004946,12.736210497671108,60.59063152901744,44.606481637757824,7.73900042612734,-2.9928742939015263,5.344063180300385,-5.087460824903611,21.996286924058104,9.906085149307241,42.4050912552822,27.693854542250527,-10.921870594395733,-21.052473776293468,21.290927080788617,9.828531753435069,10.281056356213284,18.580021317639638,25.369016887384078,2.9238633028771956,11.726583301662117,23.89921224032095,4.0246318705597375,9.355344227363005,39.57852318616867,10.945011646958088,2.0267070428365597,1.996067952884294,8.174501832908708,-1.4210854715202004e-14,10.40564491263685,8.9160619366267,3.7795,4.6824,102656.0,0.38798835200000004,0.5398240000000001,,,,,,,,,,,,0.9278123520000001,0.53885,0.000974,0.0,0.0,,,,0.124981197,0.058645942000000006,213.111415279168,127.78810358749242,4.36074,6.932719,,0.08207251700000001,,
2018-02-01,10.46641579,12.874512412238117,10.259125694216031,61.014376999999996,0.643892777,8.689011619662812,62.888194,0.696056124,9.402494993096829,56.225916,0.6383294740000001,8.621740703676215,6.662278,0.057726650000000004,0.7807542894206149,52.55822,0.55218643,7.447743303825715,7.919725,0.116679397,1.5752449617267914,15.197671,0.057050889,0.7646046037509728,4.648942,0.056742759000000004,0.763825804750279,8.632325,0.101619211,1.372325427491249,9.965283,0.14018974,1.894541080864152,1.235527,0.015901069,0.21468110929955891,15.124322,0.16653082000000002,2.249514631657392,2.6052,0.028148217000000003,0.37977301512753,4.819758,0.064665418,0.8730507119736834,27.275736,0.273027244,3.6943901955306284,4.11292,0.077876865,1.0469593374419752,0.978559,0.014258107,0.1919516210367251,1.309421,0.013822803000000002,0.18610119090827965,5.34889,0.040920798,0.5526877939109628,0.858757,0.013919321,0.1892934991231832,0.276466,0.0017342030000000001,0.0233982789579639,0.178165,0.001152328,0.015374717428505071,-1.8738169999999998,4.788461,-0.052163347000000006,0.005563303,-0.049156732,0.008569918000000001,13.28748033149636,1.7486365812709792,15.945915545011879,4.261658063799478,16.45277537514689,4.7166545053777265,10.621802084099263,-0.5119183247054293,17.644116081794927,5.723306661671623,19.13375974345717,6.975517074762982,26.95336064342031,14.032732467975384,2.7047670396643797,-7.705161750483702,27.98135588596771,15.005635992708811,14.749137816482992,3.160390383739742,16.53695534179016,4.790171639644636,10.099081214369509,-1.07517142715996,12.426207390164823,0.991675810183823,17.31039205708651,5.419007003210319,16.38616669413404,4.857093441918692,29.89054546401304,16.338405848424653,57.3081834836473,41.578032040446836,5.342791533071556,-5.268968811781793,6.529068435521479,-4.319865226432773,16.940084857948246,5.553310722585003,40.99142605808428,26.910392752072056,80.60604920740901,64.27348027419177,21.13043542196428,10.33181655695523,10.276014751032546,18.403061987597198,25.38811756022328,2.879655879989662,11.590897842237808,23.924912698562796,4.043957955321431,9.290259186053795,39.22488928493358,11.188302539810712,2.048413412134565,1.9858747769597958,8.293390146223324,0.0,10.454195696189057,8.965258201677266,3.7833,4.6646,102656.0,0.38837844480000006,0.543871,,,,,,,,,,,,0.9322494448,0.541927,0.0019440000000000002,0.0,0.0,,,,0.136688245,0.07145659900000001,191.28848407688702,121.63321864449308,4.049634,0.000798,,0.082034254,,
2018-03-01,10.57039825,12.74786406462973,10.234569512493575,48.217344999999995,0.653050825,8.75479693516694,68.439465,0.705924591,9.451879931599265,58.851422,0.64575991,8.649374496476293,9.588042999999999,0.060164681000000005,0.8025054351229732,41.249511999999996,0.560234686,7.5070240634811105,9.69085,0.117963828,1.5806509510403959,0.908341,0.057067462000000006,0.763652394193891,3.359203,0.058325669000000004,0.7816870163028647,10.679568999999999,0.104223114,1.39498339630175,10.326065999999999,0.142080072,1.9076327668040793,1.334838,0.016024027,0.21466743465292684,14.805057,0.16846265800000002,2.2573458925358496,2.535672,0.028601336,0.3828322305347612,5.622933,0.065603543,0.878897584442192,27.892325999999997,0.27387393200000004,3.669897512418363,4.681666,0.07934619500000001,1.0614990570754732,1.6834829999999998,0.015473548,0.20683524843012768,1.630285,0.014398698000000001,0.19206697103952447,5.937683,0.042341006,0.564898512457292,3.238623,0.014801152000000001,0.19746008022013636,0.38343,0.001977089,0.026311190457077253,0.028307,0.001045434,0.013835651988467606,-20.22212,-10.634077,-0.052873766,0.007290915,-0.054581752000000004,0.005582929,15.143906515643458,3.4995225036324573,15.335673462023935,3.767349184459512,15.426372560361855,3.8500842234773014,14.37108156019673,2.883929877097313,18.67499048371084,6.722156684018721,19.510846913852586,7.442156497372232,25.950949336532105,13.150873481936042,7.276719427446676,-3.6176055418328135,29.812002538420156,16.802203172985173,15.359198263071994,3.752499500475359,16.475193565904856,4.864811957817761,10.760974933673339,-0.41170090864710573,13.788048389011553,2.284765956250445,17.3062695920841,5.475009767623851,13.152392501244492,2.0294831106509204,29.220055484394724,15.697626017501488,65.86148499994479,48.81519200160154,6.445833688184877,-4.498357443148249,9.928227711666192,-1.2590857653108078,21.79738541115843,10.009279807361281,62.069494106903655,45.721405059059975,46.07745737915885,33.56324263852271,21.056145031334243,10.186349297194356,10.410934998765857,18.603473973405496,25.36081316464579,2.8602347195617943,11.522048815092461,23.864115253636207,4.051613495923674,9.293279174064075,38.796485558327866,11.240038385346459,2.191954806118944,2.0396935003500962,8.522819826232686,0.0,10.739192431937354,9.212863485778461,3.9949,4.9191,100128.0,0.4000013472,0.550374,,,,,,,,,,,,0.9503753472,0.5484300000000001,0.0019440000000000002,0.0,0.0,,,,0.12553708500000002,0.058535622,214.4627163951551,124.44615515895316,6.489103,-14.822904999999999,,0.069156484,,
2018-04-01,10.76831048,12.51356935243197,10.849529479910247,64.609882,0.664618711,8.827539302475294,67.361333,0.717285747,9.5180191546533,64.253781,0.657238989,8.721368466510903,3.1075519999999996,0.060046758000000006,0.7966506881423967,45.049034,0.5682012630000001,7.556368882773863,11.578763,0.12125266300000001,1.6105510841015116,0.583291,0.057012179,0.7620936379940191,4.7015579999999995,0.058649008,0.7797889936282596,8.909836,0.10549945000000001,1.400591191822297,12.569821,0.14416035100000002,1.91942321513003,1.524625,0.016328015,0.21681419539867577,16.276262,0.171381998,2.2757430520081394,2.556918,0.029070607000000002,0.3858701638229252,5.488627,0.065644623,0.8720157067119478,28.088345999999998,0.276417588,3.6670466376109623,8.064515,0.083077252,1.1023045202986619,1.762081,0.016570959,0.2196653789574091,2.017032,0.015075962000000002,0.19872300710085708,2.100305,0.042450274,0.5635626870985486,0.9503649999999999,0.014620447000000002,0.19366320333312584,0.011701999999999999,0.0018854230000000002,0.025023782658911784,0.04518,0.0010906140000000002,0.014401015051810481,-2.751451,0.356101,-0.052667036,0.007379722000000001,-0.052379191000000005,0.007667567,16.49827075578598,4.800099604194941,15.002593582073608,3.4867796749116886,15.190818316506105,3.6504564845923015,12.981895447099333,1.728152462394572,19.19192297414678,7.257574562812641,22.28130433740363,9.969087479206994,25.642275579594575,12.921054320132598,6.318914607100901,-4.453789264776454,29.519990397546557,16.731018567396937,15.461878506687498,3.8859240275465057,17.69329003981084,6.022887672687416,12.060710120663543,0.797504952210315,15.117165998892812,3.543192406119422,15.699199951608556,4.194478659251932,10.58599892944041,-0.2896177950586165,33.04005688691469,18.97491981862607,74.45404675750595,56.31795575437988,9.746018421013169,-1.706027804354615,10.53283068169517,-0.6217015784542368,14.363982047750422,3.3218686674273634,51.768124574883004,37.24244001501982,52.39041403102822,39.02100668687141,21.339738380694165,10.033800118462603,10.321872163807562,18.56726777462302,25.371353495213896,2.873632296026769,11.492335771171994,23.89312749023577,4.05286277074177,9.151809202197907,38.536606806436374,11.582169637060975,2.31023118322188,2.101806994360924,8.3713859157444,0.0,10.567867745130302,9.034767906195768,4.0535,4.8961,100128.0,0.40586884799999995,0.553064,,,,,,,,,,,,0.9589328479999999,0.55112,0.0019440000000000002,0.0,0.0,,,,0.126696244,0.060582674,209.12950128282552,122.96672710946794,2.6810199999999997,7.432664,,0.07195037900000001,,
2018-05-01,10.94297588,12.31383505525921,12.147065371901377,70.016139,0.677148779,8.895846575981,67.30864,0.7334942040000001,9.64117332067486,61.276089,0.671075184,8.820785938547873,6.032551,0.062419020000000006,0.8203873821269848,61.218542,0.578470349,7.60661206683302,11.701673999999999,0.12362257200000001,1.6257755822785949,16.978246,0.060573301,0.785875780796211,4.035088,0.058300777000000005,0.7689444992523463,9.552856,0.107451984,1.4132660428862498,12.110805,0.14546391,1.9193098756796858,1.412507,0.01648211,0.2168294014052536,17.444267999999997,0.17551290700000002,2.306696666476878,2.744712,0.029702127000000002,0.3904857485972432,6.948106,0.067874639,0.8924185803430151,22.274188,0.279641534,3.678251004141027,8.270413,0.086109024,1.131801460710393,2.024342,0.016639952,0.21759019579961522,1.57006,0.015595001,0.20354228247970044,3.7910939999999997,0.043819514000000004,0.5768007470354245,1.7528839999999999,0.015391996000000002,0.2016960794016967,0.26400999999999997,0.00200292,0.02625147164588111,0.22456299999999998,0.0012045900000000002,0.01563908404398251,2.707499,8.74005,-0.056345425000000005,0.006073595,-0.059077374,0.003341646,17.058994357927816,5.237139609149866,16.62020508541375,4.84592756971205,16.266096757961023,4.5165344471771895,20.568138660249467,8.523328156155108,19.200453656702045,7.211178864509149,22.982723634610046,10.563260831795528,22.643291674276213,9.899033927657541,5.353892380499636,-5.271898689777455,29.545571928377477,16.74603092731648,15.726804664904371,4.134865748816718,17.635811465068542,5.984456792423365,14.243221071467161,2.6614789841309827,17.00293278166527,5.169163550951161,17.96248003273455,6.032606265931828,10.884826080856257,-0.08348667871294069,34.2309810423987,19.853528246374765,57.96616457520696,41.91006872063239,13.348761943775234,1.3661232823808822,18.915790756580144,6.980907727488006,20.50017606871517,8.623922621506285,51.52228101962002,36.55871723803783,45.78860355966297,31.575229487310573,21.37059785582891,10.471288823137243,10.078438264084646,18.575193038978043,25.14630356620059,2.8492575338550328,11.508920917915532,23.928329091472957,4.049401731877897,9.253602636511085,38.12457310160286,11.739564338806963,2.268586705833056,2.126124639425235,8.509817754469944,0.0,10.790357726701737,9.21791812017725,4.4834,5.2064,100128.0,0.44891387520000003,0.5564410000000001,,,,,,,,,,,,1.0053548752,0.554497,0.0019440000000000002,0.0,0.0,,,,0.124621798,0.058466473000000005,213.15087366395437,121.83662851100023,3.3126819999999997,-0.04822,,0.06605538400000001,,
2018-06-01,11.22884911,12.000339365144429,15.385112044374694,51.538183,0.6847500360000001,8.905945002033294,77.162117,0.7529783600000001,9.768500966356301,74.772125,0.6894494870000001,8.937158448255822,2.389992,0.063528873,0.8313425181004802,42.749559,0.5847972650000001,7.61529133105852,9.618910999999999,0.12551716000000002,1.6342501289569975,0.39455999999999997,0.060592335000000004,0.7854108744985644,4.526486,0.059227219000000005,0.773415480053463,10.92476,0.11057354100000001,1.4363190005201376,11.16589,0.145052162,1.89299336451781,1.334686,0.016626837000000002,0.21636919408557592,16.620936,0.178883387,2.322679708447488,2.761018,0.030290033,0.39352867805756225,5.089545,0.067771725,0.8815969186903404,39.988572999999995,0.291876939,3.7738402954587538,5.4679269999999995,0.085144912,1.1083565368139903,1.030814,0.016960786000000002,0.22012950098831188,3.813312,0.018521705,0.23702680979937568,1.139756,0.043933607,0.5762762553820228,0.35045699999999996,0.015598509000000002,0.20390854662127483,0.028075,0.001955099,0.02553747923879439,0.8717039999999999,0.002041658,0.025620236858388244,-25.623934,-23.233942,-0.068228324,-0.004699451,-0.070610817,-0.007081944000000001,18.399568656604547,6.2149408774352155,18.64379507388403,6.226092118687165,18.095325956865473,5.688715540118938,24.941120968495124,12.36813362031377,19.708102340785814,7.4155492894423025,24.59080864907286,11.765221867138976,22.486149026200874,9.73506794472765,6.427353146402104,-4.646187889757347,31.134647203415213,17.741860154547705,14.448417190541441,2.7873343276317186,17.92118104181588,5.983386656055023,16.321293644125355,4.191356891208176,18.560048485488025,6.213366321632008,16.540262019243457,4.5494303972906325,13.421858128246367,1.4892644106569097,31.0990058960509,17.05690486118805,62.897086467068085,46.37635924182404,35.92969148194858,20.0582394951625,20.143215472388086,8.060287592683512,29.76376494640869,17.25163547986741,39.87362646403783,25.95873831829443,137.1555615441622,107.1890824336061,21.463363034025136,10.361254852995936,10.127820792732333,18.908012676837675,24.803837275128156,2.843179678687451,11.49253168959332,23.756776622371987,4.022696349467466,9.000487743100612,38.762991674820505,11.307750198823774,2.2524931526584644,2.4597924699987392,8.437011788758443,0.0,10.86340118228836,9.27767355385725,4.6083,5.331,88378.0,0.4072723374,0.561195,,,,,,,,,,,,0.9684673374,0.559251,0.0019440000000000002,0.0,0.0,,,,0.127313705,0.061529933,206.91344650090878,120.71821693070422,4.768791,-0.757334,,0.061548686000000005,,
2018-07-01,11.29073595,11.934563043253172,15.849020060385154,61.841865999999996,0.6941263120000001,8.918607503200418,60.713001999999996,0.762151345,9.780488010047799,52.569964999999996,0.696241231,8.931624923301184,8.143037,0.065910114,0.8488630867466168,54.360053,0.593094334,7.627184569787251,14.239227999999999,0.127926127,1.6406230252324765,0.476688,0.060746969000000005,0.7866471949429332,4.4401079999999995,0.058769039,0.758682134900497,11.879926,0.11465883900000001,1.4703316201816812,12.317112999999999,0.14512111500000002,1.8706487555112612,1.41533,0.016719022,0.21496663807279376,17.629514,0.182653172,2.3414546112979533,2.858609,0.030887051000000002,0.3963760021047468,6.217741999999999,0.069065201,0.8877196848191538,19.099432999999998,0.293437451,3.759289257201777,5.001569,0.085740803,1.107134845839572,0.5801299999999999,0.015952211,0.20508754562164166,1.182968,0.018505342,0.23456297641633905,5.376901999999999,0.045112236,0.5824015967055816,1.560601,0.015702884,0.20239974871789304,0.042712,0.001955159,0.025457518572999886,1.162822,0.003139835,0.038604222750142234,1.1288639999999999,9.271901,-0.068025033,-0.0021149190000000003,-0.06816037200000001,-0.002250258,17.99637216302814,5.365528840784739,18.38675772226106,5.566871575691623,17.73350833135494,4.967284044098341,25.75766716897143,12.317412115068716,18.98279925010067,6.253697163887106,23.53441194671193,10.191451478171398,22.281971939969946,9.489035124297063,5.963487093429021,-5.354745042263254,32.51671459977064,18.309288193326157,11.959589286746986,0.0997080598933886,16.30772873892785,4.082230401216358,17.643401353869436,4.861868122721358,19.86820689574611,6.904731279261411,16.254852045784872,3.750854725005248,13.39385811423881,1.1491392996842098,29.0451128850459,14.896791014554367,36.53822155156108,22.415114821813,31.884425054399102,16.143709696124553,23.153252763631116,10.184339021192468,17.067864823825076,4.828098179723228,35.73600071646117,22.015371228602998,239.24394325900903,191.14569550569018,21.569271474443052,10.242378913031397,9.908885590534068,19.332310633741447,24.46847098019993,2.818948191132104,11.659734216917997,23.965472631948185,4.052613854535676,9.061874843243897,38.50120490176397,11.249839492181176,2.093050298297381,2.4280403257702052,8.647903652259513,0.0,11.112922552384392,9.49540636344585,4.885,5.7034,88378.0,0.43172653000000005,0.571322,,,,,,,,,,,,1.00304853,0.565836,0.005486,0.0,0.0,,,,0.13364926600000002,0.067080048,199.23847699095265,119.12518511522592,10.093698999999999,0.6545829999999999,,0.07109473300000001,,
2018-08-01,11.54990674,11.666760869447504,17.89642458240328,70.292959,0.707432288,8.954860137519697,76.09389,0.780383928,9.872392660148893,67.841161,0.7116474770000001,9.001885318741262,8.252729,0.068736451,0.8705073414076293,60.934207,0.6026510620000001,7.631407893103259,10.625627,0.129961575,1.6464343915834498,15.921463,0.06477846400000001,0.8088562257822673,6.806451999999999,0.060807405,0.7725078191935847,9.278350999999999,0.116213561,1.4723437696402537,11.986924,0.144346786,1.8349702022055787,1.247897,0.016738039,0.2126226856852172,16.626229,0.18621385000000001,2.3557161941742955,2.873877,0.031482561,0.39856659708752,4.4267579999999995,0.06833794600000001,0.8684737405075914,34.730897999999996,0.305618875,3.85432522580418,6.919934,0.084724671,1.07870990221437,1.041609,0.016288713,0.20754121777144702,1.221856,0.018980861,0.2385524411818599,5.3692269999999995,0.046358333,0.5883306929861738,2.146301,0.016837838,0.21352936079707177,0.294883,0.001958127,0.0248826465399892,0.442318,0.0035821530000000002,0.04376464108439452,-5.800930999999999,2.4517979999999997,-0.07295164,-0.004215189,-0.07143555800000001,-0.002699107,19.019662656636882,5.675341785932697,19.257453388657297,5.6896128931476,18.33550155037682,4.864060299250861,29.721061915130488,15.056382306718753,19.473371268234317,6.088683796208327,24.158033683104563,10.254380864184775,25.96630875544943,11.166414291569415,8.92611765859077,-3.451751912592582,31.52472366648955,16.911027985512185,10.911900995934975,-1.242247484883896,14.418760476797953,1.9303119102800137,18.869426202185302,5.404694443111757,20.841738565426617,7.207775398882843,12.951531906981817,0.43600491711923706,16.10057443593762,2.7452554543137664,22.213256115507996,8.323835656934131,38.084911891220145,23.377521820874627,37.39687015730577,20.74840215444935,24.60610113944226,10.74756784949189,25.875347818282933,11.777581922740454,32.14079167310568,18.116448771865556,287.0342578756811,230.0645877406248,21.564979006043796,10.748917256533433,10.089985537933059,19.28372292489215,23.951967415598777,2.7774013945071245,11.583026464491667,23.86182535527564,4.034240054210855,8.756964815400453,39.16263060199774,10.856793426939976,2.0872691524728584,2.4322465287880712,8.808030064914407,0.0,11.405679892421727,9.716329345714003,6.4063,7.4735,88378.0,0.5661759814,0.579385,,,,,,,,,,,,1.1455609814,0.571426,0.007959,0.0,0.0,,,,0.134943709,0.069154458,195.13378154160358,116.82144274394686,7.843957,-0.505274,,0.070466317,,
2018-09-01,12.27809811,10.974826784471752,24.518924477408333,61.082502999999996,0.7205595770000001,8.969886719957927,67.045763,0.793045497,9.865008242958822,56.830132,0.7224921950000001,8.997161633346234,10.215631,0.070553302,0.8678466096125899,49.235735,0.6100488040000001,7.6000145777092865,11.501515,0.132666892,1.6524550043742838,1.72214,0.06583799500000001,0.8187013741332487,4.974691,0.060237120000000005,0.7513280115560831,12.864284,0.120811554,1.5005621054657614,10.773439,0.142308706,1.7781279891638768,1.319922,0.016827449,0.21029274852865995,17.824883,0.19007721800000002,2.3605468155593665,2.889528,0.032075853,0.39889891077459094,5.0819149999999995,0.069357713,0.8687346340868329,24.062872,0.309490411,3.842481605119472,4.67782,0.085340568,1.0745389979548023,1.046387,0.016676952000000002,0.21003105684786527,1.246727,0.01947348,0.2419296130033031,6.711214999999999,0.047087215,0.5802321300356011,3.440282,0.018014542,0.22035239985027583,0.064134,0.0018878240000000002,0.023749325493344322,0.0,0.003563721,0.043512754233368506,-5.96326,4.252371,-0.07248592000000001,-0.001932618,-0.069981583,0.000571719,18.85284619010681,4.531161569371678,20.933225429673463,6.315287102533063,20.289990783672618,5.818113126862601,27.93904344408913,11.75897655431093,18.36941387800499,4.168919172506014,24.315827133326252,9.369348496887508,26.869185523199302,11.581671645459114,6.621248280154557,-6.3007668045672816,31.925226647539606,15.819187090002561,6.587757005147243,-5.900337324828975,12.503109681621428,-0.6675121967871567,20.351273328839902,5.710525951472034,21.907009715587765,7.175510531951712,13.54648131655134,0.16340472683822327,18.380885259032766,4.0452881644303496,25.14083272296912,10.49959326551171,38.22156889267272,22.60988136510498,43.20808652370334,25.276738060138104,20.73061959598208,5.611399936701877,31.162382356765804,14.16883288101507,28.805348649498754,15.208771079447159,277.5244154746279,222.04703344352262,21.746930922595496,10.792250483618684,9.874147708352856,19.803588369956053,23.32742971822956,2.758377508432915,11.697275288814438,23.968009240206303,4.04464222057111,8.745741986099443,39.025555553970946,10.76111879114547,2.1028997785230477,2.4555312492998116,8.896501180183865,0.0,11.565189790946626,9.791459894786742,6.0752,7.113,78265.0,0.47547552800000004,0.586987,,,,,,,,,,,,1.0624625280000002,0.579028,0.007959,0.028450103271405038,0.0,,,,0.13199249100000002,0.068778751,191.90882224656855,113.91825879223241,7.674168,-1.456709,,0.061801061000000004,,
2018-10-01,12.60575281,10.689563886506196,25.24032458712209,62.141594,0.729866835,8.926825950824465,67.525729,0.8043892330000001,9.83468428702935,63.299831,0.7331547150000001,8.969119613279258,4.225898,0.07123451800000001,0.8655646737500954,48.504135,0.6129935240000001,7.508569375520469,14.015004999999999,0.13534832300000002,1.6505394359697503,1.089745,0.066477719,0.8243255517614311,5.113455,0.060405745000000004,0.7397889892648458,11.202451,0.122231929,1.4893524650734857,8.827805,0.138487297,1.7031501943462164,1.500003,0.016909815,0.2073483062291447,17.619156999999998,0.193632948,2.3606117586913005,2.9409639999999997,0.032680819,0.3990630225441534,5.886203,0.069535963,0.8552395314695755,25.361043,0.31383078000000003,3.832162783657266,8.60915,0.086874274,1.0718435278771676,1.352538,0.016245767,0.20060924878232128,1.530776,0.020354164,0.24958974025747346,2.151949,0.046845809,0.5711941404291832,1.55589,0.018633228,0.2244372314217938,0.380806,0.002054507,0.024953372953635325,0.137253,0.003700974,0.044979928945483146,-5.384135,-1.158237,-0.074522398,-0.0032878800000000004,-0.07465722200000001,-0.0034227040000000004,18.53665169748755,3.3346672688487455,20.33037049687443,4.847854117853889,19.659885134201872,4.29820277294346,27.69443947049912,10.904171767023275,16.78832693636774,1.9413689074844642,24.019983050972638,7.945905794418939,27.510509716200747,11.907581248065613,5.669787220881606,-7.984721476619994,28.911488067116696,12.099154659279087,2.3035759229016906,-10.231675760549363,10.401812150338753,-3.482634106099336,21.21025245470809,5.48779872184848,22.531882424231764,6.74211018022961,11.385748469746648,-2.6336815384381818,17.48639312125262,2.333936751807464,24.524160003164887,8.852380424304297,23.08051942148448,8.176798272487584,47.87336579779231,28.273822635692113,19.25065349349633,3.8895763989594156,33.39516795107373,15.086043689352135,28.809700851539244,12.347622881527819,294.46844976327463,235.04301470586927,22.079894436209415,10.84476693427515,9.854222375112725,19.94016644782694,22.59196738267662,2.7585634004185664,11.930419023480582,24.072046225412365,4.062811591611644,8.644566603740207,39.01479123850978,10.800029442959984,2.019640036628884,2.5303874250141782,8.855727436122955,0.0,11.620761918522323,9.759933536369001,5.5203,6.2734,78265.0,0.4320462795,0.5898410000000001,,,,,,,,,,,,1.0218872795,0.581882,0.007959,0.20884564212387255,0.01600545644148578,,,,0.117355573,0.058273877,201.386245504139,111.63995771448556,2.902827,3.235997,,0.06147719200000001,,
2018-11-01,12.42386204,10.846063773580024,21.618795745954777,81.857979,0.7465700460000001,8.955215900057404,74.29182899999999,0.822003565,9.892833719215126,67.056362,0.7486910670000001,9.016824357419845,7.235467,0.073312498,0.8760093617952812,67.93009099999999,0.6225515810000001,7.475366604622364,12.725893,0.137320509,1.6467147239514834,23.422553999999998,0.077942731,0.9206378976188262,4.1104899999999995,0.05882686300000001,0.709323961082712,10.313903999999999,0.122458334,1.4681550177673712,10.481156,0.13540994,1.6379811404232691,1.465454,0.016935462000000002,0.20425043251279365,18.23916,0.19758909000000002,2.370029672573087,3.2525519999999997,0.033576893000000003,0.4032564560767528,8.188613,0.071210878,0.8581325230347979,25.605501999999998,0.32068084900000005,3.862481547642837,7.669028,0.08696453100000001,1.0550518469275492,1.6856209999999998,0.016958313000000003,0.20605591319320588,2.415886,0.021710513,0.2618163979716145,4.792768,0.048387906,0.5802976872687504,2.1170899999999997,0.019460995000000002,0.23039205551313252,0.300626,0.0021999940000000003,0.026167566110356852,0.024982999999999998,0.0032636030000000003,0.03915205290304134,7.5661499999999995,14.801616999999998,-0.075433519,-0.0021210210000000003,-0.079635312,-0.006322814,20.38474735197433,4.214402859942457,21.87772330013795,5.559699107092575,21.277456396873017,5.086456392913652,28.366151032627695,10.690589680800588,17.6428925815463,1.9850736990997486,24.241211735644576,7.530975108523852,47.265708495646955,26.473582081054793,6.255406752323123,-7.567818733308829,26.226262406323574,9.232805671092436,-0.9584492314182791,-13.526086819980343,9.415766113656732,-4.898307870758489,22.437373171796327,5.9166550854820255,24.267043425320935,7.530007400602701,12.221965471392714,-2.764231275238549,19.816482122074163,3.8182924091884285,22.970847755542636,7.011550648737042,25.941633613601155,9.754708056926887,59.00335012362199,36.99440460726695,21.805858684891888,5.350063715516029,34.02392528431108,14.601917246701523,31.41714663923625,13.164748180001396,173.79426522515692,138.50866256082875,22.05769179469805,12.51988323197271,9.449315493747015,19.670391616915673,21.75079850933669,2.720330735133094,11.831588618196776,24.03749793956186,4.084762454771106,8.663086272624621,39.012099539981925,10.579580758874203,2.0630461620929834,2.641170175460249,8.91875669663306,0.0,11.776132329828586,9.819908847508193,5.1649,5.8737,78265.0,0.40423089850000005,0.578789,,,,,,,,,,,,0.9830198985,0.572324,0.006465,0.2069761288522251,0.029683588143729983,,,,0.118415588,0.07424304600000001,159.49721136172136,96.56256113872459,-10.967673,8.938593,,0.054119625000000005,,
2018-12-01,12.37359861,10.890122125918872,20.30176224970528,67.01671999999999,0.7578343110000001,8.95462276016337,85.088096,0.83044952,9.815364110231277,83.00703999999999,0.756488308,8.935456919632731,2.081056,0.073961212,0.8799071905985465,45.525901,0.621310598,7.358455866233552,12.442514,0.13898596800000002,1.6410249282633564,1.3097159999999999,0.07867249400000001,0.9273028954359084,1.4006129999999999,0.056352678,0.6738130448967213,11.224777999999999,0.12211350900000001,1.4388207499770067,11.836457,0.133901088,1.5920445916617219,1.470391,0.016959043,0.20130849949230198,14.380726,0.20088850500000002,2.3814611817287195,3.1650519999999998,0.034369302000000004,0.40664024200146015,11.214146,0.07172824300000001,0.8401173201938094,29.550103,0.32309917400000004,3.828832115032012,19.508803999999998,0.087985672,1.0252980688345112,2.972257,0.016745533,0.19669695705632434,2.2159519999999997,0.021671879,0.25641103478589333,1.8475409999999999,0.04920171,0.586874636827916,0.19772199999999998,0.019418772,0.2294017506767289,0.035793,0.0021253260000000003,0.025110205715391062,0.0,0.0032154040000000003,0.03852059737851042,-18.071376,-15.990319999999999,-0.072615209,0.0013460030000000001,-0.072086352,0.0018748600000000001,20.224547298686723,3.455847641018228,22.53536576396966,5.540469426775907,21.815700530957493,4.9157033268801165,30.415906544180913,12.333542951727328,15.90585066971788,0.014098299972431505,23.65445411166993,6.422159401769556,48.70403167191508,27.602383927707173,1.3854805475786325,-11.86903837741663,22.55715487048724,5.450262972323605,-3.2005211658943433,-16.072488358699786,8.75256145652008,-6.024206827535739,23.898907261973832,6.721846714924751,26.047530529463934,8.456497928937745,13.01207497347665,-2.992238671936187,19.2414513366975,2.7400647643994747,24.72967988145689,7.4246144294511485,25.5168588998552,8.701811584787267,63.06274813278492,40.68231798401729,25.163810711782595,8.056115548903065,33.443952675665464,14.06012639866152,24.420494327295717,7.073808762420741,181.6172168679342,146.86943184261364,22.369804804134375,12.662345411980244,9.069968898228902,19.654180919025627,21.55139288320976,2.7295595881659174,11.962747495255186,24.1903330861098,4.13863831241663,8.637279120830849,38.90653991828426,10.594945253264761,2.0164420108280634,2.609656394286314,8.906165903979328,0.0,11.90406412478417,9.759549142398225,5.2609,6.028,85360.0,0.4490704240000001,0.586142,,,,,,,,,,,,1.035212424,0.580647,0.005495000000000001,3.7790297600487044,0.04016139437229047,,,,0.12404684,0.073558203,168.63767049882935,101.04832837410042,7.279687999999999,0.014544,,0.060108091,,
2019-01-01,12.50522596,10.775495015525493,20.353741482771113,96.950533,0.79658008,9.244471957993818,91.85986,0.865777918,10.072059357271819,84.580973,0.790564797,9.191880694469585,7.278887,0.07521312100000001,0.8801786628022334,55.674824,0.624989813,7.284063606794962,14.624725999999999,0.140684431,1.630976615865184,1.078531,0.079082946,0.9302604770974274,7.835982,0.055953068,0.6514446139041145,8.139479,0.12360251900000001,1.4402796521385728,10.582453,0.132943212,1.556412564786164,1.9705389999999998,0.017231719,0.20052293739638677,23.87725,0.20646776400000003,2.401449005344525,4.353955,0.035538057000000005,0.4122483228043985,3.3982919999999996,0.072382638,0.8411507903570674,31.389491999999997,0.335318512,3.918457234620857,10.947161,0.09393090700000001,1.0783906128136096,4.968947,0.021126768,0.2426179533644111,5.6458759999999995,0.025800151,0.29756677516471625,5.419970999999999,0.049987301000000005,0.5851755705176966,1.767528,0.019936500000000003,0.23223944430472052,0.042884,0.002125521,0.02501868072206436,0.048504,0.003163799,0.037744967257751845,5.090673,12.36956,-0.069197838,0.006015283000000001,-0.069450698,0.005762423,26.486271698807194,7.880136329722265,26.040080909081098,7.6571455430534785,25.336149128591035,7.025558887472161,33.94746018923796,14.727592420042646,15.819800717981058,-0.7460538569351916,22.45071929393594,4.528768049128451,49.10907254180281,27.83586921071164,0.8546762361180793,-13.374645710204568,23.27953524721975,5.556677346574634,-2.8881104265970348,-16.36512025593424,9.214779703187247,-6.543800741930883,25.76819757059532,7.4035571888135365,28.549291129820165,9.617960157329208,12.635892243093316,-3.7251281347052134,23.338912164579284,5.506334542230928,24.937973211471576,6.335718428723025,51.755435388876926,28.7322363946005,88.16944077609375,59.771330664403344,27.656943903963693,9.435383644499385,40.16141921688883,19.24871114539051,24.429287631072416,6.942370376755913,198.04646579595894,163.56602552021985,22.509875852968502,12.653477601562123,8.952636800817745,19.776725384802393,21.27126062453117,2.757119978849959,12.078903756468122,23.847658817281133,4.104754378824432,8.360416279408964,38.73031467175858,10.849307316244118,2.4402063809624677,2.9799964244410306,8.687345731079272,0.0,12.034295509389366,9.442003746817269,5.2781,6.0339,85360.0,0.450538616,0.597860538,,,,,,,,,,,,1.0483991540000002,0.591618207,0.006242331,9.388716786330589,0.14025007493199568,,,,0.126588279,0.068785703,184.03283455575064,106.58000954492992,11.674679,17.804577,,0.078293888,,
2019-02-01,12.52533133,10.758198442004806,19.67163909126528,66.962384,0.802528087,9.17933621920407,83.736987,0.886626711,10.163263646117157,69.033141,0.803372022,9.210671670991024,14.703845999999999,0.083254689,0.9525919751261311,57.499122,0.6299307150000001,7.225989115756864,9.821731,0.142586437,1.634678149193162,18.190775,0.08207605000000001,0.9302978404346762,3.742251,0.055046377,0.6318516312991302,8.49971,0.123469904,1.420584243659092,10.513902,0.133491831,1.5412250492269899,1.495164,0.017491356,0.2007014007145731,20.122180999999998,0.21146562300000002,2.423209150312778,3.5162989999999996,0.036449156,0.4165366854914588,5.482158999999999,0.073045039,0.838076910574706,35.069443,0.343112219,3.9445794599805035,2.326057,0.09214404400000001,1.0504629560164818,0.8712059999999999,0.021019415,0.239392090404669,1.6457959999999998,0.026136526,0.29841441821042874,12.463071,0.057101482,0.6503914108357955,1.865516,0.020943259000000002,0.24125295797385918,0.294711,0.002143766,0.024629875194544217,0.080536,0.00306617,0.03631760202355074,-16.774603,-2.070757,-0.08409862400000001,-0.0008439350000000001,-0.08346014800000001,-0.000205459,24.636914043221193,5.643042281491217,27.37862370994668,8.091135954646855,25.855385772144366,6.830766402702126,44.222276885979014,22.00918881060958,14.079354503514342,-2.9774681943581682,22.203611491067264,3.772948900672546,43.8646293487206,21.670447165875117,-2.98960084052311,-17.278045940631138,21.502521801709328,3.5165723232327695,-4.777745504057574,-18.649161805243363,10.00113262825284,-6.511848495006145,26.982875001756423,7.721422044159443,29.490105891964657,9.680432495074287,12.958427021998077,-4.005930116008161,25.669590321176884,6.772139682282274,18.320176345054474,0.3346470535395385,47.4207971647288,24.714805278392184,89.08267737013975,60.35062255861807,39.541467397581066,17.677903872900202,50.46178617477104,27.449151234117796,23.61678534750544,5.263618913138601,166.08483001367665,136.21638701610928,22.635257117125967,13.029377365731404,8.738481183601278,19.600553054473615,21.19151008535915,2.7767110863930484,12.028110107315541,23.850581126920282,4.110992320419726,8.238533544473826,38.69861067156592,10.392653735423048,2.3707175454135396,2.9478613350731773,9.39004972071048,0.0,13.216483498506657,10.374052989375313,5.2905,6.0257,85360.0,0.45159708000000004,0.6151557670000001,,,,,,,,,,,,1.066752847,0.606027752,0.009128015,17.203067055082446,0.16052910623686037,,,,0.134968427,0.063924856,211.13606732254507,111.51988007767366,17.290629,2.475044,,0.09400912900000001,,
2019-03-01,12.65413135,10.648696166726609,19.71291005994027,54.369741,0.8086804830000001,9.143634912159335,78.846261,0.8970335070000001,10.130416526912597,67.465363,0.811985963,9.178859895689786,11.380898,0.085047544,0.951556631222813,41.088165,0.629769368,7.137681329181882,11.476638999999999,0.14437222600000002,1.63335175244865,1.419946,0.08258765500000001,0.9338390063695051,1.643694,0.053330868000000003,0.6065321660867055,10.405026,0.123195361,1.3952425102591492,9.31725,0.132483015,1.5088063278960284,1.440003,0.017596521,0.19901922176844572,19.774787,0.21643535300000002,2.445051994732418,3.573975,0.037487459,0.4222704574054478,4.726278,0.07214838400000001,0.8167252234676696,31.851374999999997,0.34707126800000004,3.928187494553638,5.6133939999999996,0.093075772,1.050557041422609,0.300133,0.019636065,0.2211273030921621,1.625421,0.026131662,0.2949403810158408,7.173579999999999,0.058337379,0.6510879089406394,3.781684,0.02148632,0.2402374361278472,0.39768,0.002158016,0.023976735167827078,0.027954,0.003065817,0.03625442188811794,-24.476519999999997,-13.095621999999999,-0.088353024,-0.0033054800000000004,-0.08581615000000001,-0.000768606,23.831170874028086,4.441427709539214,27.072143177400655,7.178853309857103,25.741154014965105,6.121661160922143,41.357923928824626,18.573231977799587,12.411705975663212,-4.919962040563364,22.38686082652388,3.3341201214326377,44.71934111946314,22.285874236701964,-8.56364116457884,-22.4072866202367,18.203492749218753,0.01857469831441083,-6.754681965532782,-20.906877143666293,9.813350913599939,-7.2895140847893725,28.476752990564826,8.315345150126907,31.06890880901507,10.3016997329606,9.976352953986044,-7.073902815875998,26.726653196040573,7.038070716178368,17.303384239156006,-1.030807854225546,26.900856868767264,6.909873810441214,81.48628438487977,53.56121847475095,37.77986049741,15.257501052432598,45.166538388363264,21.663799518374006,9.151181358047111,-8.872480677217887,193.2578240233243,162.03623738394833,22.924618651823664,13.113952376292776,8.468317245941375,19.56198050585401,21.036751187301316,2.7941214505053535,12.100258582281498,24.127900609179807,4.179047795591431,8.042997662516523,38.691003768714296,10.375952656582314,2.1890001707595075,2.9131199443590012,9.48097739229712,0.0,13.504553940133842,10.516829055215371,5.5423,6.2335,83511.0,0.46284301530000005,0.623931246,,,,,,,,,,,,1.0867742613,0.612049189,0.011882057000000001,20.167031563706907,0.2852345004095987,,,,0.14389675500000002,0.071670152,200.7764054972285,110.68339956398373,7.672135,-2.453919,,0.10756114700000001,,
2019-04-01,12.8683792,10.471404199838936,19.50230469209131,57.669714,0.8017403150000001,8.939017558283,75.986498,0.905658672,10.083171149033085,70.903562,0.818635744,9.11727560790065,5.082936,0.087022928,0.9658955411324368,48.771083,0.633491417,7.084658841319708,14.247603999999999,0.147041067,1.6376525189960185,1.984446,0.08398881000000001,0.9473198901671093,4.211037,0.052840347,0.5917943645167013,10.283871,0.12456939600000001,1.391435229534356,10.544051,0.130457245,1.4619240209895885,1.652188,0.017724084,0.19724144945661762,20.662820999999997,0.220821912,2.4577466119969853,3.448042,0.038378583,0.4263801281639872,7.234255,0.07389401200000001,0.8237957170432447,33.382166999999995,0.352365089,3.926260192611057,4.222551999999999,0.08923380900000001,0.9938572224232195,0.592361,0.018466345000000002,0.20528023175728025,1.361364,0.025475994000000002,0.2839555039048758,2.780146,0.05901722,0.6539176291624452,2.2742009999999997,0.022810156,0.2521590556929011,0.019556,0.0021658700000000003,0.024035080159796964,0.008745,0.003029382,0.035780631254502655,-18.316784,-13.233848,-0.103918357,-0.016895429,-0.104635901,-0.017612973,20.631619563295757,1.2628463265685674,26.261908282418457,5.937705999503939,24.556783407747606,4.539507107284679,44.9252730680314,21.244549902376853,11.490673860047362,-6.242549149890031,21.268319690430214,1.682742954386085,47.317312674542755,24.304920411177065,-9.904107841005594,-24.10839735462834,18.075872433458184,-0.6537212529537872,-9.505461040393847,-23.835243344675728,8.550145256480967,-9.02742825766919,28.84778715206715,7.9975443549413106,32.018512719737835,10.498340669752304,12.566739853163611,-5.529715726167717,27.47563986413195,7.068728069653596,7.410641122313488,-9.838233979668276,11.43799824741587,-6.548663821492773,68.98420147251632,42.890100168804814,39.0267115825919,16.032811279448044,56.015448775266584,30.204938962594152,14.874487051446806,-3.9510513362084,177.76848637556455,148.45909212492873,23.211216924822203,13.2580817586673,8.34113068969962,19.663943765792176,20.59337214350925,2.797841221580434,12.134413495929039,24.382465362182277,4.237643185732119,8.159145855338313,38.90705183906194,9.852918296795153,2.038996099846323,2.8129796343406515,9.608799726703218,0.0,13.737033472704493,10.85425372428727,5.9282,6.6151,83511.0,0.4950699102000001,0.6531234920000001,,,,,,,,,,,,1.1481934022000002,0.6411861750000001,0.011937317000000001,20.405103372626026,0.31284809938786984,,,,0.14221787300000002,0.069460227,204.7472044685371,110.69481556556771,3.2120629999999997,-0.07030399999999999,,0.100589222,,
2019-05-01,12.99058215,10.372899262255157,18.71160361179558,71.55088599999999,0.8032750620000001,8.819040504034,83.603372,0.921953404,10.121553014020108,75.666416,0.833026071,9.14761206582716,7.9369559999999995,0.08892733300000001,0.9739409481929495,59.832916999999995,0.632105792,6.951464633416125,12.611519999999999,0.14795091300000002,1.6243780619935198,13.699235,0.080709799,0.8803533540204547,2.417539,0.051222798,0.5671838449608184,11.845687999999999,0.12686222800000002,1.3966770647598175,11.698426,0.130044866,1.4341401602581265,1.557234,0.017868811000000002,0.19600110265397722,21.608195,0.22498583900000002,2.467080403159414,3.526751,0.039160622,0.42916483016785417,5.705413999999999,0.07265132,0.7974195704842482,38.006862,0.368097763,4.046220866389657,4.580273,0.085543669,0.9395274313249752,0.24233,0.016684333000000003,0.18286648295206898,1.996591,0.025902525000000003,0.28533248134894074,5.055853,0.060281979000000006,0.6596785768212329,2.03077,0.023088042000000003,0.251639303880708,0.5564859999999999,0.002458346,0.02655647778571331,0.293176,0.003097995,0.0360564846270994,-12.052486,-4.11553,-0.118678342,-0.029751009000000002,-0.118486853,-0.029559520000000002,18.626081433132157,-0.8633924977346052,25.69334549233875,4.982585390463901,24.133046618514207,3.7051814833303887,42.468326160840085,18.71720231335745,9.271943340349154,-8.612867695376803,19.679529883911485,-0.0859602210974586,33.24319075825171,12.02194742895928,-12.140453977139964,-26.238649796923198,18.06410945376311,-1.1738043385344121,-10.599910314524053,-25.278342052491443,8.413370618203619,-9.605846170440858,28.18763180761401,6.95296174019695,31.844503930644418,9.905375986078703,7.037504832990726,-10.645117879801713,31.632006781939626,10.00393561598607,-0.656557203574859,-16.988317833123666,0.266713509750538,-15.95830764338494,66.09505186950615,40.18339475848087,37.56879868635696,14.368537178874075,50.00031185039289,24.761623838778068,22.738102370539014,1.161863014563802,157.18252683485665,130.55368540571882,23.406036595848818,12.768400483190002,8.103516634126965,20.069777813394886,20.57327549373254,2.8268703160372244,12.252122663669567,24.403168101974927,4.247570628851434,7.880150958258191,39.925853237589436,9.278524123763635,1.8096720428183377,2.8095264779780567,9.645534428765991,-1.4210854715202004e-14,14.068425590379658,11.070595516632633,5.9235,6.5966,83511.0,0.4946774085,0.6644960590000001,,,,,,,,,,,,1.1591734675,0.6525610660000001,0.011934993000000001,21.721368968439275,0.3091600555873576,,,,0.16408261400000002,0.083088677,197.47891039353053,114.44644153682326,11.548973,-1.213784,,0.107659949,,
2019-06-01,12.99403776,10.370140712904933,15.720120848609387,55.480705,0.8072175840000001,8.77590753547225,67.533941,0.912325228,9.895917894954145,63.17359,0.8214275360000001,8.905440208413522,4.360351,0.090897692,0.990477686540625,44.876670999999995,0.634232904,6.9038328107026,11.968561999999999,0.150300564,1.6330635377415257,0.148125,0.08046336400000001,0.8771545772136424,5.322081,0.052018393,0.5680552056847211,8.72799,0.124665458,1.3560867217178894,12.147461999999999,0.131026438,1.4261165811889196,1.309494,0.017843619,0.19356405475077482,19.790540999999997,0.228155444,2.4728542255475827,3.2559609999999997,0.039655565000000004,0.42979645090031243,5.367605,0.07292938,0.7920061224113663,29.569893999999998,0.35767908400000004,3.8729883813074886,3.274863,0.08335060500000001,0.9078712418266252,0.35406099999999996,0.01600758,0.17416802752067884,1.560665,0.023649878000000003,0.2557557588994689,3.4903459999999997,0.062632569,0.6821964971844983,0.744792,0.023482377000000002,0.2551572987896634,0.092139,0.00252241,0.027175062653183226,0.031959999999999995,0.002258251,0.025927170498329984,-12.053236,-7.6928849999999995,-0.105107644,-0.014209952000000001,-0.105739914,-0.014842222,17.885000593121546,-1.4601198023495021,21.16221082369485,1.3043652146494278,19.142526245726255,-0.35490295965928675,43.0809137760086,19.141949915391066,8.453466176863866,-9.342499051274356,19.745032472054014,-0.07260768681898178,32.794624930694624,11.680981979483107,-12.171474740355448,-26.55238738621396,12.744384300761414,-5.585965149329186,-9.669434641036245,-24.66341362204484,7.318180842213096,-10.539919710465561,27.544233048315437,6.4655714928716135,30.919517321093725,9.216043166603782,7.610334545859643,-10.162330922397745,22.544482351173368,2.627246467425892,-2.107356690908313,-18.088520104159546,-5.6200579383526295,-20.87928844670095,27.687370034238224,7.901616325995264,42.561863859709945,18.380115580548996,50.54244607609613,25.133204575075684,29.016996070275724,6.412470859305319,10.608681767465477,1.198012499409229,23.698007948196896,12.686721785093635,8.201780871337448,19.65610065541475,20.659041366923468,2.8134174192892396,12.28492995374458,25.008126159150777,4.346647860098416,7.993791880541969,39.20521684839346,9.136062715564849,1.7545914010392794,2.5922639508550347,9.963299184356217,-1.4210854715202004e-14,14.331910474326321,11.260618425775025,5.7665,6.5571,83431.0,0.48110486150000004,0.6761576890000001,,,,,,,,,,,,1.1572625505,0.667633912,0.008523777,22.778434196464286,0.47007022569530893,,,,0.165633615,0.07792133600000001,212.56516315377345,117.84348147424294,11.487133,0.011906,,0.11514753100000001,,
2019-07-01,13.1702739,10.231374155400063,16.646726646724908,93.433358,0.8388090760000001,8.993803531276278,83.532724,0.9351449500000001,10.025989298503758,75.81295899999999,0.84467053,9.053711396296414,7.719765,0.09047442,0.9722779022073438,58.32196,0.6381948110000001,6.851783125375793,16.634667999999998,0.152696004,1.6333200857471302,0.8199909999999999,0.080806667,0.8798551489507408,4.713101,0.052291386,0.5632859566030586,11.615337,0.12440086900000001,1.3331458547097688,12.198438999999999,0.130907764,1.4039240131003707,1.4666089999999998,0.017894898000000003,0.1916781350574444,21.426987999999998,0.231952918,2.4816812105439356,3.443997,0.040240953,0.4309170234708769,7.909996,0.074621634,0.7987302171694011,30.114079999999998,0.368693731,3.953153413904248,9.123478,0.087472514,0.9415254182975055,2.241106,0.017668556000000002,0.19017402347030837,1.5533139999999999,0.024020224000000003,0.2575300894401389,5.797839,0.06305350600000001,0.6773453813898747,1.820376,0.023742152000000002,0.2551571557293101,0.043968,0.0025236660000000004,0.027115166655344428,0.056266,0.001151695,0.012625076529475981,9.900634,17.620399,-0.096335874,-0.005861454,-0.098209365,-0.007734945000000001,20.843866814834122,0.843136420667423,22.698064647514336,2.510112871706882,21.318659739069656,1.366901029136658,37.269402993294776,14.538836402196619,7.6042670473395635,-10.1662866201373,19.362641221835773,-0.44513208537417803,33.021726565485096,11.8487620126287,-11.022220390569936,-25.754682930956996,8.496536407454801,-9.330260166407978,-9.794130233908426,-24.949886558651755,7.033162585706276,-10.833542927467288,26.9909060216047,5.988866859488251,30.284218457760836,8.714206002058166,8.045199202417441,-10.02450088373129,25.64644688111062,5.156936416400515,2.019704667333233,-14.958379113835962,10.759292238549257,-7.271783426013922,29.801567568975496,9.791448494852917,39.770296466794534,16.302116137962706,51.19612422788069,26.065944916241413,29.077277091019194,6.511428353047077,-63.31988782850054,-67.29612557882811,23.9262371564472,12.661755565417781,8.193640107800876,19.492616808506142,20.512194982418933,2.8039867594598795,12.409568619949198,24.803953440586938,4.303178132972862,7.97968635771385,39.42637245701856,9.353898986461937,1.8893922273760875,2.5686097112538544,9.67490868661591,1.4210854715202004e-14,14.176614795446838,10.786056396938651,5.5709,6.2088,83431.0,0.4647857579,0.6807970320000001,,,,,,,,,,,,1.1455827899000002,0.670233064,0.010563969000000001,22.69328478897878,0.4924121090037165,,,,0.16625510300000002,0.080906012,205.4916549341228,115.4873990339423,7.73051,12.291407999999999,,0.12442116900000001,,
2019-08-01,13.2833666,10.144265686381042,15.008431661154686,94.28835,0.862804467,9.130198461347886,93.712086,0.952763146,10.088860378656705,82.846535,0.859675904,9.102642056039791,10.865551,0.093087242,0.9862183226169123,66.620442,0.6438810460000001,6.816693767329517,12.763852,0.15483422900000002,1.6388333423198316,17.385993,0.082271197,0.8704713796515455,5.583523,0.051068457000000005,0.5405174495277052,9.505143,0.12462766100000001,1.321320248309015,13.876156,0.132796996,1.4048388504017997,1.4324029999999999,0.018079404,0.19164989577071276,20.087839,0.235414528,2.4914833485215087,3.475478,0.040842554,0.432644359962844,5.866969,0.076061845,0.8066003824662487,44.324143,0.378286976,3.997592215070222,6.803902,0.087356482,0.9298127926792455,1.071801,0.017698748,0.1888944544547729,1.216403,0.024014771,0.2556145028849502,8.435315,0.066119594,0.700273970435409,1.647619,0.023243470000000002,0.24683066009438345,0.781126,0.0030099090000000003,0.03159878688841922,0.000298,0.000709675,0.00746768118639824,0.576264,11.441815,-0.089958679,0.003128563,-0.09341084300000001,-0.000323601,21.962833989279275,1.9580241470611437,22.089027184578303,2.19265709903953,20.800808235001988,1.1192848356861518,35.426314052786914,13.292361328300316,6.84143555031187,-10.675803694230845,19.138467658613735,-0.46166730374892495,27.0039329737735,7.617565632222023,-16.01605593923964,-30.030811844474602,7.240204953361684,-10.257354596483893,-8.001418195760868,-23.44078128826147,8.013871875910915,-9.863853354554152,26.421599682300755,5.763306916298605,29.73072298660837,8.550079992739823,11.30250388268912,-7.124378683594967,23.77736028247601,3.7170446413522518,3.1063100852879,-13.803257875863494,8.656515711216727,-8.9846072586934,26.520978157945517,7.152331629288611,42.62720361407302,19.027271360099828,38.04307892735399,15.595653531206732,53.71367638564812,26.991262113684034,-80.18859049292423,-82.93672471345585,24.04702389701964,12.777390716980353,7.931349636280488,19.355696486832137,20.62446112134818,2.8078795163043204,12.456198625234876,24.708609793351517,4.286747883927912,7.983290004376387,39.70419905389582,9.168751159902651,1.8576230697319605,2.52053945419925,9.77023958061451,0.0,14.457211091751876,10.788915166801054,5.7994,6.4315,83431.0,0.4838497414000001,0.6924140390000001,,,,,,,,,,,,1.1762637804000002,0.6818076030000001,0.010606437,23.131815203420494,0.5516227865567277,,,,0.163103257,0.077188617,211.30480547410247,113.81291822839097,8.409506,-2.39934,,0.12309265200000001,,
2019-09-01,13.41530809,10.044495370214044,9.262102076491718,63.102036,0.864824,9.093656679813991,80.814346,0.9665317290000001,10.164784067342834,68.65599499999999,0.871501767,9.168556025116066,12.158351,0.09502996200000001,0.9962280422267696,52.607319,0.64725263,6.8047540762332375,12.798907,0.156131621,1.6411647695411278,0.713923,0.08126298,0.8587421877211247,5.757677,0.051851443000000004,0.5437540374661225,10.013416999999999,0.12177679400000001,1.2807166803992862,15.493552999999999,0.13751711,1.4422271448803934,1.359585,0.018119067000000003,0.1908203256896117,21.528046999999997,0.23911769200000002,2.512096713564284,3.600558,0.041553584000000005,0.43709807883514995,5.053661,0.07603359100000001,0.8015887201249712,32.373889,0.38659799300000003,4.05868574110963,3.875661,0.086554323,0.9174035874213269,0.605525,0.017257886,0.18349273143929873,1.618654,0.024386698000000002,0.25819045262140455,8.433292999999999,0.067841672,0.711327720791219,3.317386,0.023120574,0.2423956293728603,0.40533399999999997,0.003351109,0.034966302833814245,0.0,0.000709675,0.00746768118639824,-17.71231,-5.553959,-0.10170772900000001,-0.006677767,-0.105856476,-0.010826514,20.021165161753164,1.3798386057727763,21.875949445054353,3.038779258983171,20.62438501498276,1.904982912995501,34.69243721576633,14.793101821471621,6.098499948866376,-10.463933895712973,17.686951617137446,-0.6832400763269963,23.42869797295617,4.890771513638503,-13.921112098320766,-27.627610164574058,0.7989633176972433,-14.650871447819025,-3.3670434751897793,-18.890701137966616,7.67566135544373,-9.259673942772428,25.800290279921924,6.420118296573829,29.54786892183352,9.576152511016645,9.625285654963879,-7.729162776207477,24.91436867166783,5.626679792093259,1.4222485606142143,-14.623518628226185,3.483454290688126,-12.63542916312106,25.230302955609375,6.72131014316113,44.07662886836694,22.593645537618578,28.343945685657722,10.003625800110338,77.51172778818362,47.230719641336535,-80.0861234647718,-82.83794873947207,24.122207274769977,12.555063700552285,8.011005378224574,18.814414705429627,21.24628060607494,2.799380977409084,12.451647357539514,24.739766406571842,4.299246755509254,7.866642006534687,39.99847924288888,8.95514553770019,1.7855477975726133,2.52311406530142,9.832058187921113,0.0,14.682051118123693,10.98835855619178,5.6591,6.1836,85652.0,0.48471323320000004,0.701029251,,,,,,,,,,,,1.1857424842,0.6904989,0.010530351,25.84814922054397,0.6512745363020749,,,,0.167807028,0.07820004800000001,214.58686061164568,114.90348648317755,11.366507,-0.542122,,0.127699579,,
2019-10-01,13.68390327,9.847336490270294,8.552844691232675,65.382789,0.868065195,9.073236464697002,80.278888,0.979284888,10.233496696415154,73.454622,0.8816565580000001,9.21524081723613,6.824266,0.09762833,1.018255879179022,54.586149,0.6533346440000001,6.8237942033020484,15.817590999999998,0.15793420700000002,1.6471116192663953,0.46088199999999996,0.080634117,0.8516317490599328,4.8111619999999995,0.05154915,0.5364705646860498,11.861035999999999,0.12243537900000001,1.2777669773645404,12.656289,0.14134559400000002,1.472492495856381,1.611535,0.018230599,0.19065527520200848,21.781323999999998,0.24327985900000001,2.5382436358180014,3.6481999999999997,0.042260820000000004,0.44158550925303924,8.938305,0.079085693,0.8266862740951922,30.371394,0.391608344,4.086664588129276,6.253945,0.084199118,0.8869602292944556,0.982563,0.016887911000000002,0.17871031856326086,1.478891,0.024334813,0.25639026208290644,4.003094,0.069692817,0.7277441380953977,2.13185,0.023696534000000002,0.24675688811426688,0.018392,0.002988695,0.031076764981178416,0.011562999999999999,0.0005839850000000001,0.006114371226120601,-14.896099,-8.071833,-0.11121969300000001,-0.013591363,-0.110577857,-0.012949527,18.93473622486217,1.6401183878690384,21.742664847429637,4.055162298517145,20.255184882770628,2.7440954582931054,37.05199774075818,17.640646627522983,6.581002640412881,-9.119915365647858,16.68722855177156,-0.20767857033001658,21.29495147088305,3.3125501496530596,-14.661842180739605,-27.483299633972734,0.16644587192926608,-14.206542284032519,2.063941648019907,-13.543003973197877,7.810753695412975,-8.050719743371538,25.639702082106396,7.524823871299291,29.313833903611798,10.65558177698136,13.733512254658775,-3.33862693710143,24.78328097709217,6.6412054716820546,-3.0793419925443044,-17.24909408641776,3.9526850286600856,-10.916211666204223,19.556927024858407,2.724680036293825,48.77065523620268,27.407493632302703,27.173531070408185,9.944721092431784,45.470178490508914,24.539335980433073,-84.22077539588227,-86.40644534247402,24.17355461713431,12.34193192424677,7.8901601917806765,18.740071435734244,21.63448629244893,2.7903922082539983,12.429403330401058,24.842603207821583,4.315477601855937,8.075861679180736,39.98921547740661,8.598020763085646,1.7245146133614184,2.484957472355072,9.969349184932994,0.0,14.943081757042107,11.246658725903645,5.7363,6.3772,85652.0,0.49132556760000007,0.7127864660000001,,,,,,,,,,,,1.2041120336000002,0.7004907450000001,0.012295721,27.009192354326363,1.367194772055716,,,,0.176393875,0.07971439200000001,221.28234384576376,118.06249255348851,9.97533,0.095233,,0.131631318,,
2019-11-01,13.73605157,9.809951521607456,10.561848850021537,83.288962,0.869496178,9.002460283591633,75.512748,0.980505807,10.168499178368611,68.049848,0.882650044,9.155508948492619,7.462899999999999,0.09785576300000001,1.0129902298759923,73.363289,0.658767842,6.8067104127266305,14.366195999999999,0.15957451,1.6500174585225507,21.77425,0.078985813,0.811193571555172,4.876557,0.052315217000000004,0.5397267157677423,9.770107,0.12189158200000001,1.261745992856876,13.989616,0.144854054,1.496050664225444,1.6496279999999999,0.018414773000000002,0.1909436383694468,22.183289,0.247223988,2.5580375329612797,3.558454,0.042566722,0.44121638406602415,7.293189,0.078190269,0.8094178858079465,25.607832,0.39161067400000005,4.060157270976212,6.212806,0.08274289600000001,0.8647287881982366,1.115742,0.016318032,0.17137334062979648,2.0785359999999997,0.023997463,0.25057774585312315,4.238462,0.069138511,0.7173405774615996,2.1930709999999998,0.023772515,0.24530871515330158,0.634976,0.003323045,0.03404523999056636,0.392961,0.000951963,0.009698332374747638,7.7762139999999995,15.239113999999999,-0.11100962900000001,-0.013153866,-0.109595335,-0.011739572,16.465451923582798,0.527562752941857,19.28242756465417,2.786516654151905,17.892423578228687,1.5380646841440582,33.477600231272994,15.636918285894152,5.8173912179013465,-8.9447946470247,16.20588298285437,0.2005650719598684,1.3382671951794878,-11.88787973498867,-11.06917089901599,-23.909702000775003,-0.46281211044402193,-14.059075670659238,6.974461402168863,-8.664964003257625,8.73499051871156,-6.514940497133759,25.120262459835185,7.932721795169617,26.773856056306332,9.413346622786944,9.801018041091991,-5.676819829013291,22.118509796012177,5.117842529345196,-4.854433125155355,-18.03921383423559,-3.7756173034428797,-16.83163177699719,10.533836763783523,-4.292569986280926,42.88386647688369,23.615963530349426,22.15467400305071,6.474467883428736,51.04791194885077,30.10472524264154,-70.83091907931204,-75.2290578510271,24.22317845927883,11.989931500026074,7.941373829234366,18.502964812298778,21.98863465469524,2.795335750466095,12.558580994000621,25.213923898769934,4.341302386595657,7.974483010889502,39.93965881733937,8.438797140137694,1.6642463393386104,2.4474575090405355,9.980130897888708,-2.842170943040401e-14,14.854362456872932,11.254306284023713,5.7579,6.3396,85652.0,0.49317565080000003,0.722207354,,,,,,,,,,,,1.2153830048,0.704564402,0.017642951,25.527055816944678,1.405105333198415,,,,0.197538186,0.079524643,248.3987083098254,132.87635885890057,10.366387,5.694357,,0.149721143,,
2019-12-01,13.83814915,9.737573900914343,11.836092200504943,73.316756,0.8757962140000001,8.98656734803843,104.071722,0.999489433,10.255285505437115,99.90678899999999,0.899549793,9.224401886672142,4.1649329999999996,0.09993964000000001,1.030883618764973,60.072626,0.673314567,6.895889426041127,15.562581,0.162694577,1.6660587440855608,1.151481,0.07882757800000001,0.8081432356979007,4.5342579999999995,0.055448862,0.5686265415074048,14.200585,0.12486738900000001,1.2777860354742643,14.110939,0.147128536,1.504556513281051,1.905128,0.01884951,0.19348222549729596,17.0337,0.249876962,2.5672965831179075,3.635477,0.043037147000000005,0.44214930720371476,17.158115,0.084134238,0.8543728791429489,38.21002,0.400270591,4.110425933978147,17.242241,0.08047633300000001,0.8201731260624973,2.9706859999999997,0.016316461,0.16793237337159087,3.6565499999999997,0.025438061,0.26205168379533733,3.2631729999999997,0.070554143,0.7289960185779257,0.6411899999999999,0.024215983,0.24939913343584788,0.25801999999999997,0.0035452720000000004,0.03616793866722726,0.0,0.000951963,0.009698332374747638,-30.754966,-26.590033,-0.12369321900000001,-0.023753579,-0.12490437300000001,-0.024964733000000003,15.565658784219384,0.356738510718424,20.355230381733502,4.48196715134872,18.91126187769183,3.2336898900441113,35.12439466243471,17.158221887438675,8.370043769959977,-6.2861889586787845,17.058275264161903,1.5254988142499926,0.19712607560147255,-12.850133470357916,-1.6038563420180396,-15.610636241902832,2.2551804649230123,-11.192131786069659,9.878521674148022,-5.495328387087062,11.147250466904302,-3.8877017188761576,24.38589355822025,7.8034192963115645,25.219729513273204,8.732304758496356,17.295830040058256,1.6968533568443522,23.88474598823951,7.354561664915926,-8.534729381847528,-20.0063717085887,-2.5623072135118052,-14.62380715757423,17.378197801861116,2.199846435686359,43.39774572875616,24.216650853780685,24.703987461205056,8.717188382445752,66.8107386819716,44.03680749241521,-70.39367370321116,-74.82299591709325,24.163234389075676,11.70739233390149,8.23520902674901,18.545178601490143,21.851381688583015,2.799510202784607,12.69809375741606,25.000460610172354,4.305913157162913,8.417721610869696,40.04750603501378,8.051744254908996,1.6324795902069331,2.545105546903766,9.999069194761564,0.0,14.842934476419847,11.411289339051653,5.9402,6.6506,85976.0,0.5107146352,0.7550518430000001,,,,,,,,,,,,1.2657664782000002,0.7395691910000001,0.015482652000000001,25.637913543168345,3.9897282135857672,,,,0.21183913000000001,0.086611614,244.58513150441928,134.78707706030391,14.493661,0.030362999999999998,,0.15695093400000001,,
2020-01-01,14.02506627,9.60779773912612,12.1536413245267,122.17019599999999,0.9010158770000001,9.115663895861784,100.668904,1.008298477,10.23265651013175,87.92363,0.9028924500000001,9.157752487232107,12.745274,0.10540602700000001,1.0749040228996425,67.41646399999999,0.685056207,6.943689387937946,17.321914,0.16539176500000002,1.6748955281356717,0.518594,0.078267641,0.8015040765440353,9.097094,0.056709974,0.5715929956904751,10.545786,0.12727369600000002,1.2914008989688979,12.929533,0.149475616,1.514749681652875,2.3382169999999998,0.019217188,0.19471380833108365,29.222299999999997,0.255222012,2.5907693426305167,4.918222999999999,0.043601415000000004,0.44248657862331053,4.077971,0.084813917,0.8569349211896705,37.077548,0.405958647,4.12842220123901,9.183152999999999,0.078712325,0.7904419239042915,0.020041,0.011367555000000001,0.11458205961517033,3.424394,0.023216579,0.23411546003013936,9.964531,0.075098703,0.7663303464963851,2.444827,0.024893282000000003,0.25384254760520064,0.043906,0.003546294,0.03612768230651555,0.0,0.000903459,0.00917567776451459,21.501292,34.246566,-0.1072826,-0.001876573,-0.110041673,-0.004635995,13.110520790326575,-1.3933522944017618,16.461560873397097,1.5944817952644907,14.208532105939442,-0.37128644694018886,40.1431367274335,22.123390207785775,9.610779688020287,-4.672861705099562,17.562237572684936,2.6927984033167762,-1.030949201108422,-13.840897654292938,1.3527515595749051,-12.257621984943246,2.97014739642969,-10.336794868178211,12.435688705941605,-2.6768534305049885,11.522176052197697,-2.896989811105666,23.61349154728094,7.883587653314783,22.689360873049424,7.334961513781435,17.17439339527802,1.8764924212818945,21.06657773788523,5.358357997710006,-16.201889757116906,-26.70170580936683,-46.19359193985563,-52.772637792773494,-10.01378635342095,-21.323387027820495,50.235562828247105,30.957337439500996,24.862849547312706,9.302081894466973,66.84351742466907,44.40282726280602,-71.4438559466009,-75.69032792675124,24.142802197834847,11.424995525951056,8.27814906580359,18.578577158997994,21.81946743531951,2.8051987272921677,12.950809888800833,25.312148914413164,4.324256754778377,8.411588327728873,40.26175346489192,7.806450847192938,1.1273997987006779,2.302550239793727,10.453851652500315,2.842170943040401e-14,15.38647864553981,11.698575984138845,5.9716,6.5782,85976.0,0.5134142816,0.7619066280000001,,,,,,,,,,,,1.2753209096,0.7455208090000001,0.016385819,20.561983772176053,3.1001456958821367,,,,0.229131029,0.10930576600000001,209.62391773550172,124.25459656294989,6.272425999999999,-0.39252699999999996,,0.133351577,,
2020-02-01,14.07438725,9.574129061995222,12.367384775600975,86.13603499999999,0.9201895280000001,9.219946796618595,93.49876599999999,1.018060256,10.226966639871467,79.336321,0.91319563,9.174656433837091,14.162445,0.104864626,1.052310206034373,71.728728,0.699285813,7.011842522545651,10.44684,0.166016874,1.6692507914436954,25.600604,0.08567747,0.8509075960412067,4.5043,0.057472023000000004,0.5744578663466292,10.083108,0.128857094,1.2964963094274415,11.851488,0.150813202,1.5151067132257712,1.7404119999999998,0.019462436,0.19529146642478717,22.920361,0.25802019200000004,2.5937334207080993,3.89077,0.043975886000000006,0.4419082703304266,7.531753999999999,0.086863512,0.8700667516362467,37.19337,0.40808257400000003,4.107232298824974,3.093696,0.079479964,0.7950371858934554,0.33604,0.010832389000000001,0.10842674291329797,4.37033,0.025941113000000002,0.25825176353059126,11.024946,0.073660578,0.7378044113871178,1.898641,0.024926407,0.25195079025686123,0.9408019999999999,0.004192385,0.041964482655257096,0.295346,0.001118269,0.011136936216733331,-7.362730999999999,6.799714,-0.097870728,0.006993898,-0.10411709000000001,0.0007469,14.66134866878499,0.44241300726695076,14.824000153543771,0.6267966272689218,13.670330182347335,-0.3910164040192954,25.95642030444676,10.468094788961269,11.009956547364098,-2.963560971109802,16.43244441264775,2.1149510236983193,4.387906094408778,-8.533852379618,4.4065497716589075,-9.083424353039259,4.363160434627056,-8.73499299922046,12.975603728141238,-1.694647774789182,11.268880468729803,-2.695513967777252,22.015194876379507,7.037125556137425,20.649943170151875,6.091080503277335,18.91774333914722,3.8170531436791277,18.935599317726435,4.123451954629265,-13.74378576221379,-24.315542843285066,-48.46484071987731,-54.70746642881428,-0.7476624858253844,-13.458684376140484,28.99941546175633,13.440060722664038,19.01875921030245,4.4342802562284955,95.56168910226208,70.38041128423048,-63.52879977300672,-69.33460472001592,23.740918364663006,12.25213902630683,8.218674243288273,18.426956704182416,21.56674698618546,2.7831875948554385,13.011377080518571,25.344294748699042,4.319575952486647,8.53225646400246,40.084324242591784,7.806999981737819,1.064022383366668,2.548092104285034,10.300434122830545,0.0,14.995960743164682,11.395981241812175,6.1593,6.7344,85976.0,0.5295519768,0.7859924020000001,,,,,,,,,,,,1.3155443788,0.7740003780000001,0.011992024,21.448775037311727,2.829875580457366,,,,0.24166262600000002,0.11954151,202.1579165262343,125.08282312145612,19.586482999999998,23.963361,,0.15713574800000002,,
2020-03-01,14.15480873,9.51973301584839,11.859189212541231,47.442713,0.9132625000000001,9.092621905353495,91.16187699999999,1.030375872,10.255193492863649,79.821551,0.9255518180000001,9.2161181359031,11.340326,0.104824054,1.0390753569605502,36.954498,0.6951521460000001,6.926104092107024,9.575704,0.16411593900000002,1.6381976952362818,0.9499019999999999,0.085207426,0.8448298359452682,-4.8911549999999995,0.050937174,0.5103921786104259,9.620842999999999,0.128072911,1.2772842056939449,13.359689,0.15485564100000002,1.5430708213211044,1.557293,0.019579726000000002,0.19478232558606196,23.671042999999997,0.261916448,2.608499731750032,3.9616119999999997,0.044363523,0.44156358500033105,6.73274,0.088869974,0.8838319404798854,39.465568999999995,0.41569676800000005,4.143758364156045,3.8375529999999998,0.077704123,0.7717943387174973,0.43818799999999997,0.010970444000000001,0.10940215055743839,1.7148459999999999,0.026030538000000002,0.25726802524186987,6.797624,0.07328462200000001,0.7261267031615346,4.045402,0.025190125,0.250191933324069,0.482826,0.004277531,0.04232608377678327,0.00974,0.0011000550000000002,0.01093198476366302,-43.719164,-32.378838,-0.11711337200000001,-0.012289318,-0.12149474800000001,-0.01667133,12.932427478900843,-0.5579073015918756,14.86481429728801,1.2317061753538638,13.986184512403943,0.4059135953345283,23.253475726471294,9.197426917751583,10.38201940618999,-2.9642292408017856,13.675561807850766,0.2966870290105561,3.1721096815256367,-9.531532717858804,-4.488383725537714,-15.850764864882061,3.9591994052438517,-8.454322721524232,16.887165498158385,2.2709669751224126,11.270438059886967,-2.1288879258674287,21.013708883317218,6.684836861127819,18.342304822527456,4.568902999614477,23.17666602206918,8.216559876440787,19.772740162403757,5.487794813798796,-16.515199035899485,-26.534751728247528,-44.13114847603122,-50.525263489583,-0.38697883050835546,-12.772871467860348,25.622068142622602,11.52514018314179,17.237968158344486,4.143607822606099,98.2159075743646,76.5298047483048,-64.11869984411986,-69.84647887256511,23.608635885589283,12.257377969743043,7.327485686852787,18.42372374694503,22.27651052953809,2.8166101640719097,13.289656017259858,25.419505164810385,4.305566949455898,8.62500534173999,40.34418694152031,7.54133759452007,1.0647031144766557,2.526314785445597,10.1733801080311,0.0,15.079296611996648,11.477976375905065,6.516,7.215,74537.0,0.48568309200000004,0.808767961,,,,,,,,,,,,1.294451053,0.7967759360000001,0.011992024,24.302179178973756,7.435070545255279,,,,0.262835594,0.13073381,201.0463811924398,128.82933734144177,17.652803,-0.687767,,0.168882568,,
2020-04-01,14.2757551,9.439080388819503,10.936699005574834,65.244736,0.920837522,9.10458932802169,108.443227,1.062832601,10.4831124958514,91.395511,0.946043767,9.336347854498996,17.047715999999998,0.11678883400000001,1.1467646413524022,49.124610999999994,0.6955056740000001,6.879093521048617,12.113121,0.16198145600000002,1.6033419977515377,0.8998539999999999,0.08412283400000001,0.8325436940107154,9.145458,0.055871595,0.5526214213375211,7.732003,0.125521043,1.2425806335975367,12.941927,0.157253517,1.554819690735622,1.402896,0.019330434,0.1907236453450918,23.915439,0.265169066,2.6178707324050206,3.829329,0.04474481,0.44160308778654783,6.650156,0.088285875,0.8708504893723701,51.485461,0.43380006200000004,4.280175605666952,3.659366,0.077140937,0.762119339816772,0.523081,0.010901164000000001,0.10813670270308169,1.332679,0.026001853000000002,0.2555918967482519,13.650253,0.08415472900000001,0.8258605060556937,2.793832,0.025709756,0.25274906026224747,0.060244,0.004318219,0.042689952955195266,0.055097999999999994,0.001146408,0.011360486785198605,-43.198491,-26.150775,-0.141995079,-0.025206245000000002,-0.14507823,-0.028290032000000003,14.854835758134467,1.8522367660556815,17.35465400589682,3.9664242618421275,15.563457121657276,2.4028257565067657,34.2046707506785,18.725534234055008,9.789281328179399,-2.9015556694442,10.160691366582665,-2.0951038664487442,0.15957363844063543,-12.115885810879268,5.736616377632786,-6.619350491985743,0.7639492769154765,-10.697917716704175,20.540271258986053,6.3543432088318585,9.063091779524402,-3.30447993029952,20.082768778851978,6.515078471735958,16.587967825701135,3.570278870197696,19.476358923372562,5.711946706643922,23.1109651728296,9.014059071325399,-13.55189488773252,-23.317019525342374,-40.96739771730681,-47.322398373487495,2.0641353581728694,-9.988750619930087,42.59351592636862,26.294271514514357,12.711881496996336,0.2339811147075821,99.3757243047828,77.61518859671608,-62.15703400891668,-68.24961889466667,23.289738970555113,12.095204560473507,8.033233529019347,18.04745060929582,22.609954581046306,2.779335197774389,13.145082551835515,24.949278536479518,4.209958365776551,8.306658538412673,40.81546441009105,7.258051449251697,1.0256708337459062,2.4464673905876926,10.988450475654915,0.0,16.79193116115398,12.68289260697611,6.9787,7.5764,74537.0,0.5201713619,0.879003406,,,,,,,,,,,,1.3991747679,0.856744048,0.022259358,21.769997845299706,7.38168465583679,,,,0.320536458,0.13764022,232.8799372741485,144.51927757831854,54.006518,-0.49104899999999996,,0.21925627800000003,,
2020-05-01,14.47021172,9.312234168195017,11.390017421197719,68.145198,0.9174318340000001,8.996983236632603,85.446203,1.064675432,10.411598191229682,75.782265,0.9461596160000001,9.257169941271313,9.663938,0.11851581600000001,1.154428249958369,55.281223,0.6909539800000001,6.773244394120951,9.03166,0.158401596,1.5566289040951415,19.413148,0.08983674700000001,0.8712226895035822,1.382611,0.054836667000000006,0.5404197302234702,8.182803999999999,0.12185815900000001,1.1959066922818744,11.167508999999999,0.15672260000000002,1.537467555194101,1.288519,0.019061719,0.1865696045935016,23.302542,0.266863413,2.6107298302490545,3.875021,0.04509308,0.44110555789916345,5.226713999999999,0.087807175,0.860341189399093,35.422219,0.43121541900000004,4.215794252951605,5.090495,0.07765115900000001,0.7620125108661707,0.5616749999999999,0.011220509,0.11085348715128034,2.3035989999999997,0.026308861000000003,0.25633311275494647,6.021662,0.08512053800000001,0.8294917788276448,2.639316,0.026318302000000002,0.25626201626330136,0.5997199999999999,0.004361453,0.042502312811689855,0.113456,0.000966688,0.00937593051087442,-17.301005,-7.637067,-0.147243598,-0.028727782,-0.14931395,-0.030798770000000003,14.211417408598702,2.017710798779171,15.48039492893938,2.8656193057311485,13.581032927839786,1.1976663926690723,33.272653077316505,18.5316473345017,9.309863751414582,-2.563779702459512,7.063615078874164,-4.1707752329056325,11.308351790096772,-1.0371590538246878,7.05519639907215,-4.71877240071904,-3.9444908692601643,-14.374859983289623,20.51425390372581,7.204832400577699,6.675922645328769,-4.811961735300074,18.613426598818062,5.822648783788265,15.149039256833063,2.782317396940237,20.861086901105153,7.890653959826244,17.146981683776218,4.1909078164893865,-9.226293532020458,-18.89406466913508,-32.748231529543325,-39.38009559666761,1.568711930593647,-10.163360461766057,41.203954170117726,25.741809416440976,13.991052164579386,1.8370390917886281,77.4141231543485,60.04499224123385,-68.79633440338024,-73.99654844935259,22.92505732436768,13.001842322407636,7.936370378820308,17.636219274690333,22.682060533177623,2.7587537740212453,13.059696392515178,25.065236313257955,4.235382788470318,8.247318606296158,40.50205405697762,7.293411368958874,1.0538901023499903,2.471068666492908,11.131638097196179,0.0,17.152490532003302,12.918214913392683,6.7894,7.4738,74537.0,0.5060615078,0.966037137,,,,,,,,,,,,1.4720986448,0.9365861660000001,0.029450971000000003,24.241579477460377,12.826336777554323,,,,0.37118088400000004,0.137392268,270.1614067539812,166.81326826645656,62.441351,-16.106102,,0.255256337,,
2020-06-01,14.63419615,9.207885326861634,12.622392056216402,66.272387,0.9282235160000001,9.03186905876483,85.64267,1.082784161,10.499849604608915,79.34535799999999,0.9623313840000001,9.332653881314732,6.297312,0.12045277700000001,1.1671957232941828,55.442616,0.701519925,6.818376251473436,9.225185999999999,0.15565822,1.517457686830984,1.918632,0.091607254,0.8873531558509304,1.331715,0.050846301,0.497491280376054,17.087987,0.130218156,1.2627404326039495,15.237174999999999,0.159812313,1.551798825054758,1.406086,0.019158311,0.18593704619850243,22.912907,0.26998577900000004,2.6164785554555854,3.786282,0.045623401,0.4422044346445931,5.368278,0.08780784800000001,0.854108858484515,38.48493,0.44013045500000003,4.263515113558219,7.777666999999999,0.08215396300000001,0.7996675865872006,0.407416,0.011273864000000001,0.11093326456865717,0.6078779999999999,0.025356074000000003,0.24574606801596272,4.2113309999999995,0.085841523,0.8320738525923773,1.48061,0.02705412,0.2621717055152601,0.532538,0.0048018520000000006,0.04645036725273975,0.072439,0.001007167,0.00971151081888251,-19.370283,-13.072970999999999,-0.154560645,-0.034107868,-0.158547774,-0.038095633000000004,14.9904975310845,2.9166387892987977,18.68400957996965,6.102836705655279,17.15353355283673,4.797221281634068,32.51467044949834,17.841697915555166,10.609197437665596,-1.237813278106703,3.5646280076500725,-7.079078568517971,13.849644665614512,1.162688869467532,-2.2532260848580954,-12.422018952121194,4.454079012006673,-6.883504396805007,21.96951656428301,8.812901099646432,7.3678551419417815,-3.9403021196743437,18.3341384569373,5.808038679522198,15.049176578369261,2.886944207726505,20.40119907779281,7.841193939772695,23.051773136390597,10.083343759448393,-1.435672842446667,-11.918392196422056,-29.571715399829323,-36.30675724596689,7.21439662394876,-3.913769498907249,37.0557273484982,21.969821895368824,15.210312823101324,2.7490519608372788,90.36762461296937,70.93012018244109,-55.40057327551278,-62.54311352830404,22.188709750475013,13.058396595078891,7.24801950564697,18.562289018376777,22.780865846397734,2.7309717539384213,13.430747530086194,24.934404170694187,4.2135268175575025,8.109450725517217,40.64803225358595,7.58728895000894,1.0411921790200624,2.341747775159781,11.124357128456372,-1.4210854715202004e-14,17.170257423550726,12.976699568986142,6.8422,7.7082,71038.0,0.48605620360000007,0.983903077,,,,,,,,,,,,1.4699592806000001,0.9541458570000001,0.02975722,23.486843153409517,12.753499940059307,,,,0.374219534,0.13731906600000002,272.5182634143463,167.69069111929974,14.598984999999999,-14.785561,,0.24357072200000002,,
2020-07-01,14.71964397,9.154433373159907,11.764144631798423,86.529134,0.9213192920000001,8.868042606511615,116.225366,1.115476803,10.709172420463275,107.769183,0.994287608,9.543548937411106,8.456183,0.12118919500000001,1.1656234830521681,76.013824,0.719211789,6.917525944484263,16.490413,0.155513965,1.4982225616765137,0.632679,0.091419942,0.8847553388779672,7.166402,0.053299602,0.5148741302471438,14.300687,0.132903506,1.2748142601478016,22.018012,0.169631886,1.6285544553973692,1.7355939999999999,0.019427296,0.18682000041568142,25.771293999999997,0.274330085,2.6331726180674333,4.065083,0.046244487,0.44418114422738275,6.292723,0.086190575,0.8307850432800481,58.865106999999995,0.468881482,4.494283393767998,7.816591,0.080847076,0.777878331085381,2.248004,0.011280762000000001,0.10858287340134211,2.710381,0.026513141,0.2546655335815201,5.668457999999999,0.085712142,0.8246455135801621,2.2367399999999997,0.027470484000000003,0.26402284485883126,0.187132,0.004945016,0.047713601619861275,0.057156,0.0010080570000000001,0.009659063114531099,-29.696232,-21.240049,-0.194157511,-0.072968316,-0.19689408300000003,-0.07570552400000001,9.836590752387142,-1.398306337550348,19.28383968709877,6.814121795057915,17.713069497049936,5.410350735446112,33.94857353050731,19.885835151233564,12.694709609602262,0.9594994165093906,1.8454713457989325,-8.271344070860353,13.134157606079722,0.556931437301933,1.9280728187239138,-8.594538136165554,6.834869457382964,-4.37548482455179,29.581226366375034,16.000185209520957,8.563323467951566,-2.5345272898794846,18.269727910903022,6.10438628780583,14.918965761074299,3.078114818873545,15.503467801308135,4.0132231661705875,27.173706134970878,13.688565132849572,-7.5743084279022765,-17.381058868069232,-36.15345815470149,-42.90341476721451,10.378408627663083,-1.1123189002287925,35.9355687533061,21.746679941632706,15.703429074163111,3.4745994499666644,95.9457392539266,75.96647008052548,-12.471878405306958,-23.49303315524528,21.622833131841222,12.711129516816083,7.410835419439989,18.47904998676266,23.585804431245215,2.701192652446913,13.489154861447929,24.59307842728846,4.145714807840787,7.7267922352303735,42.03417594511825,7.247759503610225,1.011295077554383,2.3768437791529764,10.864340224204556,-1.4210854715202004e-14,16.850279271492866,13.153875757547906,6.9372,8.1481,71038.0,0.4928048136,1.046717885,,,,,,,,,,,,1.5395226986000001,1.016960665,0.02975722,31.684129068252286,12.806028885897645,,,,0.415923413,0.136505088,304.6944396680657,187.169740618223,50.248368,0.127597,,0.27392476800000004,,
2020-08-01,14.84687326,9.075985067040303,11.770409618898881,108.565652,0.9355965940000001,8.896896769326622,80.345263,1.10210998,10.487744529249708,68.444059,0.979885132,9.324328932586665,11.901204,0.12222484800000001,1.1634155966630455,98.456206,0.751047553,7.135297536105569,13.434735,0.15618484800000002,1.4906761100465113,28.255997999999998,0.102289947,0.9648382225667268,8.744050999999999,0.056460130000000004,0.5375942657705632,13.131492999999999,0.136529856,1.297572798544701,23.181914,0.178937644,1.6981897475171115,1.771876,0.019766769,0.18837084393035924,23.034931,0.27727717700000004,2.6384609319624905,3.879203,0.046648212,0.44413256050822847,5.56098,0.085884586,0.8217403224083966,30.658934,0.455216273,4.3229075380102255,4.053621,0.07809679500000001,0.7456483451567225,0.317496,0.010526457000000001,0.10059182824925825,0.938894,0.026235632000000002,0.2508474062913429,7.8309109999999995,0.085107738,0.8101486683691684,2.191548,0.028014413000000002,0.26719941689460386,1.171451,0.005335341,0.05042172372409063,0.706944,0.0017147030000000001,0.016072253310590298,28.220388999999997,40.121593,-0.166513386,-0.044288538,-0.170092438,-0.047868226,8.436688703420913,-2.555275145539626,15.675127089770967,3.953708700705727,13.983086816866287,2.435412435005957,31.301395737989534,17.96734759256382,16.643836259158952,4.67387533679493,0.8723000131966918,-9.040408713164084,24.33263490745128,10.8408897892722,10.557736255865336,-0.5408120976845732,9.550203305187587,-1.797251634848196,34.745249809717095,20.881462456096678,9.333078678921058,-1.7109593653400812,17.78252572415584,5.899199909491704,14.21472809952089,2.65534503821363,12.914150320702845,1.877006293482819,20.336226695787694,8.1377815804629,-10.599885421210054,-19.806615801859984,-40.52428454261284,-46.74707177634853,9.247895805460725,-1.864955446504113,28.717877487269504,15.690244471809045,20.525949868930926,8.252117784894208,77.25921282005534,59.568542622026776,141.61806460703846,115.22414936332007,20.79560040854031,13.619636545170929,7.51751733621586,18.17859008456153,23.825075161385953,2.6318931365987686,13.43168732752666,25.158757477180277,4.232627672965996,7.792741882257522,41.30406958115015,7.086116305742918,0.9551185626683102,2.3804912827302407,11.090077235304593,-1.4210854715202004e-14,16.273916013943797,13.063840632151768,7.305,8.6897,71038.0,0.51893259,1.0984595480000001,,,,,,,,,,,,1.617392138,1.068702328,0.02975722,37.695531656339085,11.184157103994757,,,,0.46607887800000003,0.156055408,298.66243276875093,193.2628951523132,39.014651,0.43637,,0.307365622,,
2020-09-01,14.99138061,8.988498358190906,11.748314011325856,78.91570999999999,0.9514102680000001,8.972402390644014,108.58048699999999,1.1298761210000001,10.651980734136902,92.371031,1.003600168,9.46499096915963,16.209456,0.126275953,1.1869897649772758,68.31127099999999,0.766751505,7.22089931120013,12.253463,0.155639404,1.4722577799988643,0.416,0.101992024,0.9614064416155449,7.692488999999999,0.058394942000000005,0.548905230547777,15.729242999999999,0.142245682,1.3383753527292641,20.149131,0.183593222,1.723675257052919,1.650293,0.020057477,0.18954815461348076,25.696911,0.28144604100000004,2.6531992058753184,4.104261,0.047151915,0.4448579156071283,7.574580999999999,0.08840550600000001,0.8390629567737493,44.605022,0.467447406,4.398660326847971,6.874777,0.081095911,0.7685132079631319,0.653928,0.01057486,0.10038746594458446,2.861551,0.027478529,0.260309890147744,9.724091,0.08639853600000001,0.8128454718634088,5.070863,0.02976789,0.27945739232650196,0.6128089999999999,0.005542816000000001,0.05185858092808491,0.294334,0.002009037,0.01871787398635006,-29.664776999999997,-13.455321,-0.178465853,-0.052189900000000004,-0.18139045,-0.055115133000000004,10.012010304986907,-1.3333941827728846,16.900054814444697,4.792985896860524,15.157559743651095,3.233169358746557,32.88014678991451,19.148399228364976,18.46247808989203,6.115507339498882,-0.3152577273248136,-10.291897113383087,25.5085944423894,11.955189271283405,12.619704720657431,0.9473388198934396,16.80852921780811,4.502063041140514,33.50573030512349,19.514825606466225,10.698177781449768,-0.666685308042203,17.701889243728573,5.616921177800971,13.472558708774663,1.7753079109059433,16.271643673912493,4.674995506790025,20.913045195244973,8.376469808805487,-6.306342434219026,-16.229539703098585,-38.724476450939584,-45.29076701994942,12.67835030392388,0.8208814481019067,27.353193771521433,14.271586514197754,28.750652989843584,15.289781853546591,65.40243841665551,48.310163572498,183.0925423609399,150.65175546651767,20.29854561550551,13.301835514493057,7.615888800896453,18.551731698263836,23.94429235583959,2.6159031797400907,13.67180283526146,24.90946005221399,4.173193337183554,7.824353870029261,41.37156253787224,7.177416133746223,0.9359309222891345,2.4319948434417795,11.176088303223818,0.0,16.46895404528746,13.272502646565929,7.808,9.1281,67671.0,0.5283751680000001,1.105746853,74614.98,0.5825937638400001,0.0107836288,0.03663229,0.23548451712000007,18523.774497950824,0.14463363128000004,0.7272273951200001,1.8329742481200002,39.6747197002841,28.826109725323796,1.634122021,1.0759896340000001,0.02975722,36.8465563468127,10.418752654223432,,,,0.46139207800000004,0.16936921900000002,272.4179049323006,180.39493602311205,-6.634104,-0.9776779999999999,,0.288929455,,
2020-10-01,15.3108675,8.80093828778807,11.88962095023638,92.76648499999999,0.9787939640000001,9.144988176348686,97.658194,1.1472554270000002,10.720931249627016,85.90065299999999,1.016046199,9.497664935493715,11.757541,0.131209228,1.2232663141333031,76.615274,0.7887806300000001,7.357657432665072,16.357201,0.156179014,1.4604553555183386,0.22250199999999998,0.101753644,0.9588262078501456,10.595725,0.064179505,0.5947804212639485,16.658103999999998,0.14704275,1.3681826854096102,21.440789,0.192377722,1.7877435813822977,1.86272,0.020308662,0.1900725109700616,24.34497,0.284009687,2.6529697578317695,3.9821929999999996,0.047485908,0.44397989746638583,8.555017,0.088022218,0.8263366364540617,38.088513999999996,0.47516452600000003,4.434797651638947,7.52854,0.08237050600000001,0.7731867230936325,1.269325,0.010861622000000001,0.10188308845284158,2.132094,0.028131732000000003,0.2645111805560749,7.746999,0.090142441,0.8416065183577828,2.93464,0.030570680000000003,0.2842919335665936,0.431849,0.005956273000000001,0.055478145113998845,0.043472,0.002040946,0.018986603623759785,-4.891709,6.865831999999999,-0.168461463,-0.037252235,-0.172725763,-0.041517171000000005,12.755812540093835,0.7908061465262461,17.15236710565886,4.763128065332878,15.242856164406815,3.0647502746682376,34.3966735884963,20.133488953638334,20.731486879486518,7.8235540735488,-1.1113444220478552,-11.332338474498238,26.19180042611491,12.586949571635708,24.501577620581514,10.869162339227767,20.098251992996218,7.076071744439405,36.10450566998218,21.40935090759639,11.398764242469506,-0.3056638382176513,16.741964652322494,4.51990188785778,12.363905858901925,0.5422252685322038,11.299799825993805,-0.0422938727890676,21.336670497500943,8.518757925984666,-2.171770967957165,-12.827351491433369,-35.68404049500261,-42.989812075805546,15.602827932148088,3.16740519206713,29.342513160287375,15.645935748844074,29.00907786767466,15.211346576451067,99.29343743674082,78.51969195506379,249.48603131929755,210.52422107851405,19.800056956266786,12.900119517387235,8.13654678614509,18.64178003458325,24.389255349741536,2.5746907603448626,13.55755059553124,24.7555758130225,4.139087676767207,7.6724167895350455,41.41750083000479,7.1797878712497045,0.9467483652182366,2.4520896862142276,11.436792967988287,0.0,16.63443839892468,13.40519382279313,8.1211,9.5974,67671.0,0.5495629581000001,1.1083933510000001,77236.49,0.6272452589390001,0.011260798471000002,0.038465839999999994,0.2506226683480001,18523.774497950824,0.15043342507530846,0.7776786840143085,1.8860720350143088,41.23271378701125,29.1379622780861,1.6579563091000002,1.098721646,0.009671705000000001,37.1143176434306,14.80951985695547,,,,0.469778587,0.20305061400000002,231.36033806822175,160.22841571059723,-15.319557,18.343042999999998,,0.281882379,,
2020-11-01,15.66271148,8.603235791712356,14.026300790890222,109.74602399999999,1.005251026,9.272098418518604,96.31594799999999,1.1680586270000002,10.808783663629962,86.824393,1.0348207440000001,9.577069951012257,9.491555,0.133237883,1.2317137126177051,99.24817399999999,0.8146655150000001,7.49182256692829,15.705585999999998,0.157518404,1.454642528813444,24.928425999999998,0.10490782000000001,0.9596869977250374,8.854999,0.06815794700000001,0.6231232778339701,17.625943,0.154898586,1.4239785530589744,21.160583,0.199548689,1.8325556116554937,1.9074479999999998,0.020566482,0.19029996516580547,24.9025,0.286728898,2.6495948474550786,4.106876,0.04803433,0.4444040588298402,11.108279999999999,0.091837309,0.8503579580065035,34.109852,0.48366654600000003,4.47704116072189,8.088849,0.084246549,0.7818296726510373,2.447968,0.012193848,0.11199815943678676,2.060068,0.028113264000000002,0.2618440939111203,5.057142,0.090961121,0.8435351966697792,2.792134,0.031169743000000003,0.2867994005372074,1.1459089999999998,0.0064672060000000005,0.05910758665945994,0.121002,0.001768987,0.016172684001146177,13.430076,22.921630999999998,-0.16280760100000002,-0.029569718000000002,-0.16587865100000002,-0.032641404,15.61304712256022,2.9951605053834873,19.128170242443066,6.296745213132571,17.240207603728397,4.604451864896553,36.15742079493059,21.59186498457033,23.665039951965362,10.065246097743374,-1.2884927548892366,-11.840779544481194,32.81856072051828,18.30554769870558,30.283215684644873,15.45162757926466,27.078985651363507,12.857782875518996,37.75844271503785,22.49288446419491,11.684689243793557,-0.33710115149053754,15.979400024887557,3.579201372694829,12.844794579202023,0.7224742504890802,17.45362968376538,5.0579648555321155,23.50698745254323,10.267678366198929,1.8172593330550102,-9.586718596466447,-25.273783015010633,-34.64668481970773,17.1509838352496,4.49614869813737,31.56361004071957,17.592009036312305,31.11672450306584,16.913661366648537,94.61686495367954,73.61483330955556,85.82518438216613,66.75736999132296,19.33534697365949,12.87741018471857,8.366371933639538,19.013764931488478,24.494554553472167,2.524530819252856,13.388020603768894,24.547474876019212,4.112321838105819,7.862388657311804,41.407728586554924,7.21252744105626,1.0439414356553525,2.4068367246432745,11.406780440653343,1.4210854715202004e-14,16.3549187423258,13.254190202637005,7.7975,9.2988,67671.0,0.5276646225,1.075010595,77333.55,0.603008356125,0.010651462975,0.04313098,0.24268502340000003,18523.774497950824,0.14443913164777158,0.7474474877727716,1.8224580827727714,41.01315113023454,28.953457283208778,1.6026752174999999,1.070692489,0.004318105,37.97882076594818,14.343326364618173,,,,0.451757036,0.20936953700000002,215.77018437023145,150.41988687015763,-13.974086999999999,-4.102287,,0.24774526100000002,,
2020-12-01,15.85842469,8.497060876732013,14.599319013699175,97.559034,1.029493304,9.387136139766467,138.249564,1.202236469,10.970092541149208,133.360205,1.06827416,9.737389990340162,4.889359,0.133962309,1.2327025508090457,78.469405,0.8330622940000001,7.57362024307724,16.858465,0.158814288,1.4463481496302346,1.291034,0.10504737300000001,0.9594443608839694,7.917908,0.071541597,0.6462495517655215,18.472493,0.15917049400000002,1.4426612047512646,21.845404,0.20728315400000002,1.8807710279965044,2.299969,0.020961323,0.1912916170827008,18.073477,0.28776867500000003,2.6372993692222897,3.8867049999999996,0.048285558000000006,0.44202890187216454,21.719613,0.096398807,0.8678324190736766,52.53295,0.49798947600000004,4.551343941400794,25.907102,0.09291141,0.8340662995298677,5.947401,0.015170563000000001,0.13360631333071196,5.2929569999999995,0.029749671000000002,0.2712127459106568,3.149502,0.09084745000000001,0.8385213186561999,0.818827,0.03134738,0.287513388394192,0.5767869999999999,0.006785973000000001,0.06149609209345365,0.344178,0.002113165,0.019097185419578045,-40.690529999999995,-35.801171,-0.172743165,-0.038780856,-0.175745861,-0.041784188,17.549412470970104,4.457417122851393,20.28506048247536,6.970132965416886,18.756534470126883,5.5612072193993445,34.043217486074575,19.577276073690776,23.725571200956953,9.828040665454708,-2.385014345007952,-13.18744583498569,33.2622105933535,18.72206788384578,29.02266055523375,13.650965016923312,27.471628320826035,12.903190729878734,40.885758558761175,25.005010539286832,11.20354322207846,-1.1322013735188263,15.16414826589736,2.7267120816779844,12.195071852695062,-0.02723182635108179,14.577381683780155,1.5753706911002752,24.41320626525869,10.72682039537247,15.451843463096138,1.6939318085279265,-7.022956755144383,-20.440406665916775,16.949444377855684,3.495898970248268,28.762743245283296,15.024128704012462,29.449132830990177,15.28243279487902,91.40909357589489,70.0292976585279,121.97974080925418,96.91205334747023,19.063915044989418,12.609786057607836,8.58778479295811,19.10667367211317,24.88207130402183,2.516177139569349,13.233591988740272,23.9361126051484,4.01631120374872,8.018290035751694,41.42192395928725,7.728214240355073,1.2618618209626113,2.4745274134584583,11.1427587212878,-1.4210854715202004e-14,16.08070728501847,13.012450734696571,7.3405,9.0079,77382.0,0.5680225710000001,1.0603535290000001,79773.48999999999,0.5855773033449999,0.01009186621,0.04656187999999999,0.23014728373999996,22618.44171309856,0.166030671395,0.75160797474,1.81196150374,41.48035006199827,31.348490010828954,1.6283761,1.0603535290000001,0.0,36.9088342408767,15.15408254610442,,,,0.442289423,0.218158908,202.73727396911977,143.13279049099694,-3.7633219999999996,19.6049,,0.24906281500000002,,
2021-01-01,16.12513498,8.356519196095437,14.973681190313549,89.609192,0.9969323000000001,8.962170539943674,113.763404,1.215330969,10.953552142236862,91.82036599999999,1.072170896,9.65993618788191,21.943037999999998,0.143160073,1.2936159543549544,79.227239,0.844873069,7.587960436235305,17.749857,0.159242231,1.4282497242121464,0.473352,0.10500213100000001,0.9584173896977553,12.334757,0.07477926,0.6619221462493761,15.091852999999999,0.163716561,1.4674547851623074,16.107407,0.21046102800000002,1.8911485458659698,2.713736,0.021336842,0.19150388805364976,32.785285,0.29133166,2.6305082848021843,5.480602,0.048847937,0.44057436587140547,3.358095,0.09567893100000001,0.8567140838494669,44.972321,0.5058842490000001,4.57092242328352,2.52377,0.08625202700000001,0.7669263553499484,0.0,0.015150522000000001,0.13341376345622216,2.700293,0.02902557,0.2608769112691619,19.728825999999998,0.100611745,0.9076484334283748,1.4974539999999998,0.030400007000000003,0.27653748816730744,0.32815099999999997,0.0070702180000000005,0.06381645225663748,0.388596,0.0025017610000000003,0.02234449535310395,-24.154211999999998,-2.2111739999999998,-0.21839866900000002,-0.075238596,-0.221268698,-0.078108912,10.645364354661634,-1.6838417659057359,20.532857752199106,7.045048677157539,18.74846179077032,5.4837003003734175,35.817729853341284,20.347112560367787,23.329014519826096,9.27851193079774,-3.7181621467066495,-14.726041104072152,34.157781758108705,19.57735684019306,31.862624377150993,15.80305413816081,28.633461701308647,13.632783307954766,40.79957228609115,24.848915221581258,11.029990443971304,-1.648532430723082,14.148328240590779,1.5338664665268453,12.032916821621487,-0.432151582507756,12.810414121069314,-0.025770608099040526,24.614724366248097,10.718385874189607,9.578807384993393,-2.9749900458455936,33.27863379592182,16.435124228259703,25.020874091742805,11.430877412186845,33.972679927641366,18.440883566478504,22.121329762785003,8.940558143705712,99.36920063593149,76.64142336949283,176.90919012373558,143.51874517125674,18.84806568500055,12.428154577619754,8.850946105846344,19.377651745223282,24.91037242423927,2.5254494175384825,13.059360044532326,23.971384538955164,4.019311467080701,7.872664602526064,41.62522488966543,7.09699902331708,1.2466169616714506,2.3882852276761164,11.779513289107998,-1.4210854715202004e-14,16.944565787786992,14.360059655003655,7.3723,8.9216,77382.0,0.5704833186,1.064267061,83193.29000000001,0.6133258918670002,0.010113173694000001,0.05554973999999999,0.2331730949210001,22618.44171309856,0.16674993784147651,0.7800758297084767,1.8443428907084767,42.29559663977788,30.931521544828218,1.6347503796,1.064267061,0.0,37.00649934699948,19.668907828329736,,,,0.44112216200000004,0.21669089800000002,203.57207712526994,139.02252998251893,6.573175,25.302045,,0.275058136,,
2021-02-01,16.27152721,8.281336979677398,15.610910236962528,119.57874299999999,1.030375008,9.127764890354376,96.408727,1.21824093,10.856776045484295,83.652048,1.076486623,9.593110809852176,12.756679,0.141754307,1.2636652356321194,98.43696299999999,0.871581304,7.71640999876959,12.531547,0.161326938,1.4320082933457976,36.983053999999996,0.116384581,1.0195830356483302,6.8305869999999995,0.07710554700000001,0.6753637894314348,15.390944,0.16902439700000002,1.498375401523615,14.030111999999999,0.212639652,1.893868955511898,2.140173,0.021736603,0.19256445275241169,27.627195,0.29603849400000004,2.6398559020389216,4.666821,0.049623988,0.4419711490657014,5.209947,0.093357124,0.8277494257435274,42.612311999999996,0.511303191,4.567715213808129,1.425271,0.08458360200000001,0.7491100600057318,0.40599599999999997,0.015220478,0.13355866281463039,1.7045059999999999,0.026359746000000003,0.2331503963755343,6.404891999999999,0.095991691,0.8551352464932866,4.070028,0.032571394000000004,0.2920649275756342,1.633279,0.007762695000000001,0.06833482626768479,0.311704,0.002518119,0.022098140493073275,23.170016,35.926694999999995,-0.18786592200000002,-0.046111615,-0.190726116,-0.048971809000000005,11.974215816113908,-0.9998095249099115,19.662949498344815,6.158320720020893,17.88127183657242,4.560981427836164,35.17838417694827,20.084859805193478,24.638779708805547,10.048250141934822,-2.8249754901420454,-14.212513740533407,35.840356863945665,19.823003154734465,34.16188081634086,17.56541758693906,31.171976453232773,15.571127401459961,40.995383149546825,24.999047194485378,11.684904191849377,-1.3963813792272073,14.734622784871032,1.7782275141533521,12.843634349970777,0.014228911178282289,7.475649844781773,-4.863687276078233,25.29405163965661,11.21151377570957,6.421288766562605,-5.776726762297435,40.50896805866184,23.17870963017752,1.6137819529948416,-9.719727297073643,30.316233739029297,15.902701758800774,30.670232577041688,15.921417542638782,85.16178738355377,62.839672846828606,125.18007742323181,98.42208003194497,18.5096831769581,13.353267270175406,8.846627003830273,19.39284335543756,24.396995555563226,2.4939271758403847,13.006656462195053,24.30048824578567,4.073413294363702,7.663272650016774,41.97061339910817,6.9430931039232116,1.2493815981047363,2.1637547508767416,11.635982957820994,1.4210854715202004e-14,16.264037141393295,13.757545155831263,7.1924,8.7811,77382.0,0.5565622968,1.082578394,83192.72,0.5983553193280001,0.009890269240000001,0.05970119,0.22512197615200008,22618.44171309856,0.1626808801772901,0.7610361995052902,1.8436145935052903,41.279571239361985,30.18864673563905,1.6391406908000001,1.082578394,0.0,39.244359535039294,25.794126567782737,,,,0.4589205,0.23451671000000002,195.68776143925948,138.852900141561,19.559006999999998,-0.620906,,0.250446394,,
2021-03-01,16.44650676,8.193229235020848,16.19024370949589,134.927473,1.117859768,9.781614645437942,111.16353799999999,1.2382425910000001,10.899727664630637,96.93546599999999,1.093600538,9.62744544936282,14.228072,0.14464205300000002,1.2722822152678173,77.433495,0.912060301,7.9990434190787285,18.000396,0.16975163000000001,1.4883315185761585,2.532853,0.11796753200000001,1.0312924674647201,4.701724,0.08669842600000001,0.760448581702366,21.232229999999998,0.18063578400000002,1.5807480723369074,17.843616,0.217123579,1.9128851193268173,2.5800829999999997,0.022759393000000003,0.19887865062934235,27.341566,0.299709017,2.6385296103547065,4.624039,0.050286415,0.4421434720319968,8.343726,0.09496811000000001,0.8320175982706078,46.197100999999996,0.5180347230000001,4.570516972095998,6.056848,0.086802897,0.7622027241172412,0.75412,0.01553641,0.13556590807459573,3.618066,0.028262966,0.2464691644176737,7.736694999999999,0.096930762,0.8538121965276029,5.318625,0.033844617,0.29713049443396783,0.425799,0.007705668000000001,0.06722712046961742,0.303153,0.0028115320000000003,0.024489220315783187,23.763935,37.992007,-0.12038282300000001,0.024259230000000003,-0.12600318600000002,0.018638867,22.402898180972052,7.5774924686881295,20.17387291848387,6.284953786737479,18.15659768927167,4.463129784082498,37.985555300122265,22.443690608680367,31.202975672033652,15.491238836482758,3.433969323357444,-9.14823510592887,38.44747757079296,22.0710282220113,70.20658821787013,48.992992755636266,41.041366663400034,23.758523380322515,40.21031303599718,23.96612604527739,16.239588848178975,2.1030270744305746,14.429246154101772,1.1512318072782746,13.350815263251302,0.1313258274378004,6.861863153015002,-5.862465457080502,24.61841488264831,10.298829478848504,11.709512505533336,-1.2427681986103445,41.62061262060131,23.915213168886318,8.576188475243951,-4.1975137851054996,32.26616901974331,17.58446464096821,34.35668540747614,18.76102098347836,80.14289084053394,58.83142136219293,155.58103912986167,124.01440218964864,18.61188671559119,12.934181201687892,9.505777842204317,19.805245749864078,23.80583594768259,2.4953824845842076,12.841690058385723,24.2043860531365,4.06111172120068,7.669588390050783,41.83628690898422,7.010168898317276,1.2547145537493467,2.282506368737885,11.681237105823314,-1.4210854715202004e-14,15.85882565455505,12.939194802473653,8.326,9.7741,70787.0,0.589372562,1.111241986,81213.97,0.6761875142200001,0.011346089980000001,0.05212483999999999,0.26602211102,15263.309968772523,0.12708231880000004,0.8032698330200001,1.9145118190200001,41.95690123402726,30.78448281931672,1.700614548,1.111241986,0.0,38.275649647644386,31.789123184737804,,,,0.447672446,0.23845549800000002,187.73836198148805,133.47966192771284,2.46596,-28.354896999999998,,0.207592421,,
2021-04-01,16.72264145,8.057937521586938,17.140153588092865,93.79081699999999,1.146405849,9.921524880871232,110.707776,1.24050714,10.768199669516477,92.124827,1.0943298540000002,9.507091974009588,18.582949,0.14617728600000002,1.2611076955068892,76.322009,0.9392576990000001,8.150350246824237,16.451539999999998,0.17409004900000002,1.5065602771515492,2.821857,0.119889535,1.045537020621372,9.644366999999999,0.087197335,0.7518375751690484,19.082304,0.191986085,1.6615290878532425,16.225648,0.2204073,1.9214704878188456,2.240252,0.023596749,0.2036884131567992,28.51834,0.304311918,2.642588861039171,4.481687,0.05093877300000001,0.44211128160306734,6.565062999999999,0.094883017,0.8221471086676996,41.66518,0.508214442,4.4202769841272405,8.344059999999999,0.09148759100000001,0.794897588427501,0.797449,0.015810778,0.1370542986843836,1.753048,0.028683335,0.24801585146052504,12.345435,0.095625944,0.8244451050396909,4.082349,0.035133134,0.3036546027764244,0.200948,0.007846372,0.06827769893976122,1.3261939999999999,0.0040826280000000005,0.03465553425802347,-16.916959,1.6659899999999999,-0.094101291,0.052075995,-0.09816298200000001,0.048014304,24.495996482645488,8.972788595035407,16.717076502247807,2.7194897868156875,15.674336872408157,1.8288106031558726,25.163751527821574,9.970926032358296,35.046734212552245,18.48000353368995,7.475295814108507,-6.036249330193522,42.51723259822653,25.583441222715607,56.06738092943291,36.04929996187267,52.95131430671749,33.715997411190976,40.160490019437844,23.581563783113157,22.07045635912779,6.7976719867372415,14.761469952154972,0.9442073792330419,13.842863563394282,0.11507931682877004,7.472477335700645,-5.592622533837178,17.15407315916888,3.273262393131593,18.59797736187725,4.3009338430657795,45.03752076383769,26.74170310213999,10.312657332537034,-2.964117949008749,13.631099685437743,-0.17138499851054867,36.652926616650895,20.14074452397898,81.70389227595916,59.938566836607365,256.12347436514756,205.05325091505418,18.534854618210588,12.76428557654016,9.28364335930772,20.440192846372398,23.466115873701234,2.512276346004165,12.998631379863724,24.53125082375584,4.10628615970723,7.648728003290654,40.968280279305766,7.375015269964508,1.2745414750293176,2.3122265140690765,11.783671474877606,0.0,15.563064977335895,12.750919417194986,8.1753,9.909,70787.0,0.5787049611,1.119976773,79393.39,0.649064781267,0.011219536460999999,0.05226605,0.263972915724,15263.309968772523,0.12478213798770602,0.773846919254706,1.893823692254706,40.861613592625226,30.55748871802414,1.6986817341,1.119976773,0.0,40.90343495268359,31.391007184310048,,,,0.42490844400000005,0.262292132,161.99816622787603,118.71667638267031,7.405881,-0.79255,,0.16069028300000002,,
2021-05-01,16.8712327,7.986968255141191,16.59285314175072,104.568902,1.1828295530000001,10.122129340406188,117.940367,1.2730013040000001,10.91449058562605,103.99402699999999,1.1225416160000001,9.631986768906675,13.94634,0.150459688,1.282503816719377,92.282505,0.9762589810000001,8.372615991083936,15.283465999999999,0.18034185500000002,1.544523902074559,25.101392999999998,0.12557778,1.0652412695543685,10.136923,0.095951647,0.8199256599793365,18.207283999999998,0.202010565,1.73074990017314,13.131108,0.222370899,1.9223537716862507,1.9928629999999998,0.024301093000000003,0.2076063560164762,27.383084999999998,0.308392461,2.6442979638438042,4.534986,0.051598738000000005,0.44224696786390383,7.546164,0.097202467,0.8337456962856057,50.563409,0.523355632,4.494265328596874,9.801959,0.096199055,0.8257816423266706,1.408874,0.016657977,0.1430764814714565,2.75555,0.029135286000000003,0.2485726885183595,9.805655,0.099409937,0.8466874336198359,2.202609,0.034696427,0.2966688423020489,0.662705,0.007909357,0.06798596966193465,0.899674,0.0048688460000000005,0.04078467309621264,-13.371464999999999,0.574875,-0.09017175100000001,0.06028793700000001,-0.093095151,0.057364537,28.92833114836084,12.505815273639499,19.56707797874686,4.8301171939192145,18.641886317836676,4.04893536591906,26.953256601633658,11.094285570855256,41.291462131819536,23.613079698574136,13.851034051449851,-0.7776421206581174,39.78442474102495,22.269688609847506,74.97716810542113,51.720156412551255,65.77516569899926,44.72282088084538,41.88821459062062,25.033778123763973,27.4863667857028,11.27555127149973,15.561911441191079,1.2857758472674785,14.427175965802297,0.2587611840976445,10.699913759894898,-3.091272792839661,21.367559910931643,6.605423769205587,23.88618050118221,8.368515024512435,48.46008322795339,29.068092622293285,10.743243502635869,-3.027476299562548,16.787251744109042,2.073034987338196,31.83383563270914,15.767778084298968,81.34683556145166,59.958282654293015,403.6626088251846,334.99333798293026,18.472747345716865,12.86316258738725,9.828503385619559,20.69231309842362,22.777859495051345,2.4892055768959938,12.876208510905357,24.225620196222515,4.053313836982527,7.63569264969111,41.11194783190889,7.556870106709647,1.3085593037224414,2.2887082604276734,11.819287814335185,0.0,15.411862111207558,12.720318630726672,8.5496,10.4147,70787.0,0.6052005352000001,1.133307273,79432.6,0.6791169569600001,0.011753306112000001,0.05318773,0.27545725400800003,15263.309968772523,0.13049519490901756,0.8096121518690176,1.9429194248690176,41.669877891287115,31.149029005194066,1.7385078082,1.133307273,0.0,43.08426678691752,36.94910855068776,,,,0.391470545,0.29720562500000003,131.71707130374804,98.70276976171701,-5.910042,0.349922,,0.108794915,,
2021-06-01,17.1988874,7.834809128409085,17.525330559410346,88.345681,1.204902847,10.204072348527108,113.376508,1.3007351420000002,11.014186001005344,103.963466,1.147159724,9.715917723661738,9.413041999999999,0.15357541800000002,1.2982682773436052,73.237929,0.9940542940000001,8.43591193540969,13.98606,0.18510272900000002,1.5691575578260666,1.6338759999999999,0.125293024,1.0603758327134098,5.925352,0.10054528400000001,0.854087382909912,21.421526,0.206344104,1.74123924285949,18.224971999999998,0.22535869600000002,1.9248407885715277,1.8992689999999999,0.024794276,0.20953968746727503,26.824821,0.312304375,2.643485896121499,4.360798,0.052173254,0.4415493373702916,8.767752,0.100601941,0.8530088714641185,53.190895,0.538061597,4.556641016038826,6.598942999999999,0.095020331,0.805867235334406,0.82284,0.017073401000000002,0.14577183600634794,3.397417,0.031924825000000004,0.26959353132624975,5.781453,0.10098005900000001,0.8532065614382465,1.672591,0.034888408,0.2961399864431391,0.549705,0.007926524,0.06738925457767052,1.409293,0.006205700000000001,0.05115920475202313,-25.030827,-15.617785,-0.09583229500000001,0.057743123,-0.09771114,0.055864278,29.80740373744204,12.978523959276544,20.128755928486484,4.89851203364533,19.206309081570993,4.106697271976989,27.498445303589804,11.229697936134976,41.70007986587125,23.723180186583413,18.916128553956234,3.407005773126448,36.77194602951421,19.498739112113572,97.74355660601546,71.6788648565472,58.46031792985917,37.89367932638446,41.01460129670986,24.03932503967492,29.41785943447728,12.693888469958225,15.674379649455528,1.032201873376759,14.356345332519172,-0.14814353339264175,14.570557520097749,-0.12878768431792142,22.250480712587816,6.875216685604113,15.661287088487729,0.7752782345054277,51.4423182681643,31.404981700623267,25.906025514833253,9.70410778199633,17.635446659071974,2.5397636015155323,28.957837105771688,12.956501488640559,65.07222629935283,45.077980139534304,516.1540241092093,426.7893503506383,18.620987819001364,12.60424352636014,10.114667237683097,20.757830356497607,22.67066269521089,2.49425772310984,12.73735064213706,24.009836047006715,4.011059001587273,7.734237182622378,41.36596141876206,7.305125227407748,1.3125962733464767,2.454367839321435,11.806817009945904,0.0,15.449399386629478,12.745875601703183,8.7052,10.3645,73514.0,0.6399540727999999,1.135414412,80754.98999999999,0.7029883389479998,0.011896787476,0.056790719999999996,0.287631037708,19276.530299131555,0.16780605156,0.8707943905079998,2.0062088025079996,43.4049730725637,31.898677346045996,1.7753684848,1.135414412,0.0,44.08209468374879,36.123758451620326,,,,0.40010771100000003,0.315068874,126.99055476993897,96.16842617885045,5.372902,12.174698,,0.126529091,,
2021-07-01,17.50926405,7.695925974684242,18.951681750492753,95.27534399999999,1.213649057,10.145179151123457,141.079431,1.3255892070000002,11.035945489213791,117.44180899999999,1.1568323500000002,9.633175386605366,23.637622,0.168756857,1.4027701026084254,84.747326,1.002787796,8.392257595611019,18.795171,0.187407487,1.5628434154192083,1.2167869999999998,0.125877132,1.0639483176402706,10.003007,0.103381889,0.8654654346718805,19.65736,0.211700777,1.761606143945295,18.619844999999998,0.22196052900000002,1.866575313488187,2.009423,0.025068105,0.20911567849124688,30.672537,0.317205618,2.6436178764661467,4.822297,0.052930468,0.4414478466303685,7.493748,0.10180296600000001,0.8530738879058057,58.358813,0.537555303,4.466889420821838,12.561938,0.09976567800000001,0.8309865187662375,1.544856,0.016370253,0.13708173058329776,1.98762,0.031202064,0.2600781054316731,18.682921999999998,0.113994523,0.9450974250514909,2.80071,0.035452378,0.2972179559766153,0.367878,0.00810727,0.06850732900739925,1.786107,0.007934651000000001,0.06438172121301215,-45.804086999999996,-22.166465,-0.11194015,0.056816707,-0.11265039800000001,0.056106459000000004,31.729473976976053,14.401560764650224,18.836106984467715,3.051338197955533,16.347859582295033,0.9391312370487181,39.2507450849888,20.345044776834143,39.42872062682498,21.318772968284193,20.50846173203802,4.31316784272584,37.691109014267354,20.253393326741964,93.96371665214312,68.09262377514483,59.28908376578117,38.185318364814556,30.848353003632823,14.615468171909573,29.03548182927773,11.934310044939922,15.62917643538806,0.39667959202687175,14.457898516638323,-0.6153565122104854,18.113803046330766,2.6828654182023293,14.64630693178024,-0.6095292741028713,23.400477711772783,6.827312904674199,45.11655329666559,26.246180718223087,17.68527916024738,2.1253648949006276,32.99693642004653,14.606507825209892,29.056255434014176,12.572817755801747,63.948306739553516,43.58029300157122,687.123247990937,566.5420905693873,18.688648560298198,12.552718780793779,10.309448261374733,21.111223914416286,22.1343468563712,2.499841451999482,12.70377217474632,23.929405605065398,3.992976686932243,7.6798276164600665,40.55217862074822,7.526138374782347,1.2349416330152723,2.353826044692592,12.730705418303847,0.0,16.828770520857038,13.904913947459196,8.4975,10.0862,73514.0,0.6246852150000001,1.152351533,82515.22,0.70117308195,0.011595603525000001,0.06156701,0.29313468855,19276.530299131555,0.16380231621687041,0.8649753981668704,2.0173269311668705,42.87730386202438,30.96598797888784,1.777036748,1.150978139,0.001373394,40.401203078566745,42.108741410389214,,,,0.39546311700000003,0.337144496,117.29781197436483,87.65881476547698,23.528153,18.970086,,0.11865136500000001,,
2021-08-01,17.7052914,7.610719132247662,19.25266074508134,146.539346,1.251622751,10.275108719007227,105.702663,1.350946607,11.111206361641994,92.045729,1.18043402,9.712512319935724,13.656934,0.17051258700000002,1.3986940417062688,131.120979,1.035452569,8.496595483711918,19.341504999999998,0.19331425700000002,1.5881127233295287,46.40876,0.14402989400000002,1.16070133937384,11.0748,0.10571263800000001,0.870391750616258,21.910863,0.22048014700000002,1.8091823338075084,18.348053999999998,0.21712666900000002,1.795818493816088,2.229444,0.025525673000000002,0.2100018304796745,27.786901999999998,0.32195758900000004,2.646031493367133,4.625508,0.053676773000000004,0.44144370036231523,7.755089,0.10399707500000001,0.8616243206922793,40.354836999999996,0.547251206,4.4957587237010985,7.373733,0.10308579000000001,0.8503153259219826,0.600286,0.016653043,0.13876874977347317,3.549374,0.033812544,0.2785700061174417,7.866167,0.11402977900000001,0.9338913814385243,3.586681,0.036847511,0.3046247207628825,1.2792869999999998,0.008215106,0.06761155127116554,0.5448259999999999,0.007772533000000001,0.06211202568772438,40.836683,54.493617,-0.099323856,0.071188731,-0.10207626800000001,0.06843631900000001,33.77803628472806,15.490928864457508,22.578202857758356,5.944670283047859,20.466571177651048,4.1631241256669504,39.507301330413604,20.22307812599884,37.86777746148917,19.078362755273993,23.7727343436029,6.5364040267591905,40.80552216925091,20.300099252501113,87.2341384973786,61.90495435599148,61.48859557868427,39.428195153027666,21.34208551443766,5.748989265876636,29.134270755124426,11.483192461202885,16.11398835036466,0.2869309646746032,15.067160559122827,-0.6054183784310552,21.089336100426692,4.853601216378034,20.217847748162555,3.998493702931105,31.99746545296769,14.037043258409,58.2017862230378,37.95230903808176,28.88023433169058,11.051579219400342,33.98285711694042,15.274074734758303,31.530548221731426,14.006506564735854,53.97527543225446,34.092106095258124,353.28742062036395,286.4549947504725,18.669542457815854,13.909849500793502,10.209317274869788,21.29311893184361,20.969253010757658,2.465170666837179,12.483748157082417,23.83199952772079,3.9732712397270933,7.698089211012024,40.50872204455672,7.630633917421728,1.2326943873067515,2.5028778950106947,12.621711777244208,-1.4210854715202004e-14,16.467445453795577,13.623321153579768,8.3753,9.8494,73514.0,0.6157018042,1.1691331150000002,82436.72,0.690432261016,0.011402300926,0.06457663999999999,0.292694289196,19276.530299131555,0.1614467242143165,0.8518789852303165,2.0210121002303167,42.15110761252916,30.46502315002636,1.7848349192000001,1.1677597210000001,0.001373394,32.186121913072434,44.370459700318655,,,,0.35997706500000004,0.319959056,112.50722811233697,82.9461580503563,20.714039,-1.143596,,0.09877078800000001,,
2021-09-01,17.92707877,7.516562052792274,19.582573722674645,117.921212,1.2906282530000002,10.452137096575228,141.507303,1.383873423,11.198879256433703,127.39918,1.215462169,9.839839301392674,14.108122999999999,0.168411254,1.3590399550410266,95.61944299999999,1.0627607410000002,8.601309213245418,17.807672,0.19886846600000002,1.6118249628756471,4.511943,0.148125837,1.1908764235949942,19.923569999999998,0.117943719,0.9510045760875071,20.860394,0.22561129800000002,1.8245985048731181,18.343766,0.21532130400000002,1.7525901183245152,2.265373,0.026140753000000003,0.21219599128586075,31.342239,0.327602917,2.6506407353500014,5.104208,0.054676720000000005,0.44291865326458696,12.601861,0.109024355,0.8882628819969582,59.812591999999995,0.562458776,4.544411615993376,9.936273,0.10614728600000001,0.8632080167225384,3.539726,0.019538841,0.1594974891479803,5.062281,0.036013274000000005,0.2908999089172335,6.94926,0.111254948,0.8987209494611126,4.9520789999999995,0.036728727,0.296267886106601,1.510705,0.009113002,0.07345862645674449,0.208419,0.007686618,0.06103299935844553,-23.586091,-9.477967999999999,-0.09324517,0.07516608400000001,-0.095734313,0.07267694100000001,35.6542278772211,16.492068027111785,22.480101780998684,5.134242503313291,21.11019983408373,3.960366506998647,33.367636512709595,14.494665003875973,38.605628299353675,19.1168695553499,27.77513977115975,9.479806102766219,45.23276545624783,23.868155240758384,101.97591599628608,73.25478482660064,58.60678146982345,36.32935642100177,17.28172840716311,1.6775121156541895,30.329218375770807,11.948328760341976,16.399902388394217,-0.09642964311354918,15.958641340441847,-0.43592847839847293,23.323037142053103,5.863675046790973,20.32557433851714,3.313538175607378,30.89104578897941,12.321819297079584,84.76689998732844,58.88187598641601,31.05968663751979,11.751385532116165,28.769482853274255,10.564797439399932,23.383709762431938,6.01540493888908,64.4110502675896,41.65182529505296,282.6021123553225,226.06801073109915,18.71243999970074,13.937834856472175,11.09786186578753,21.228794901448094,20.260562485343065,2.4597025455986428,12.30280334564975,23.6728960579222,3.950991405086042,7.878202817397412,40.64380214634703,7.670303095343136,1.4118950964202455,2.6023531777877063,12.16955620369624,-1.4210854715202004e-14,15.846582161243006,13.048780980002302,8.8433,10.3135,80035.0,0.7077735155,1.186718449,84629.01,0.7483997241329999,0.012248589531,0.06410238,0.31614408394800003,23906.855508124798,0.21141549531500003,0.959815219448,2.146533668448,44.71465943238485,32.972858795722445,1.8944919645,1.179800411,0.0069180380000000005,30.162816011317673,45.786630887223104,8.463923556922632,-9.297884984092597,-11.118650165752014,0.384124138,0.33150431700000005,115.8730424617668,86.75688311118684,5.967709,18.521083,0.31355942032799966,0.13087136000000002,0.09642655253172844,0.0862615077962712
2021-10-01,18.35620276,7.340842861772791,19.89002425891282,114.01572399999999,1.311877492,10.472676500570469,131.422133,1.417637362,11.304144744654872,117.12193599999999,1.246683452,9.943606683301589,14.300196999999999,0.17095391000000001,1.3605380613532836,96.11745499999999,1.082262922,8.632606048297962,22.048144,0.20455940900000003,1.6297182068114404,6.197064999999999,0.1541004,1.2344098775932768,13.411204999999999,0.12075919900000001,0.9562018027401553,22.89522,0.231848414,1.8460617718832801,16.549139,0.21042965400000002,1.685375686390666,2.434045,0.026712078,0.21367024938191595,31.535655,0.334793602,2.6678804446600295,5.093239,0.055787766,0.44526028557797814,16.630667,0.11710000500000001,0.9350538184624507,43.501568,0.5678718300000001,4.528535129734548,12.356898,0.11097564400000001,0.8876598472623489,1.024152,0.019293668,0.15584437705440404,6.979756999999999,0.040860937,0.32337278054982904,8.752596,0.112260545,0.8947915212151378,4.313645,0.038107732000000005,0.3021060906761985,0.27591099999999996,0.008957064,0.07168336935293608,0.26387,0.007907016000000001,0.0625874331751348,-17.406409,-3.1062119999999998,-0.10575987,0.06519404000000001,-0.108275986,0.06267792400000001,34.02999407953029,14.51820711650047,23.56771897841716,5.439951823664058,22.699484848916796,4.695277742862314,30.29107221025642,11.221738523654112,37.207086588827586,17.32818668578704,30.97752621232455,11.589731288501293,51.444600843975664,28.74177483748983,88.1585079224279,60.76551422257008,57.67415530517486,34.928017403655495,9.38358756530031,-5.726094953308691,31.530467147466435,12.415124255169774,17.881050303752488,0.5620375725822857,17.482782470959602,0.28838875789174434,33.034599287193615,13.156524497680655,19.510569271747368,2.1136810618847424,34.72740351989583,14.80536599370108,77.63155447685435,52.9639309339738,45.248564859070875,22.25297239610473,24.536837204131178,6.319461850311514,24.654512101137428,6.2661493367457854,50.3803469048514,29.21010463784983,287.41916738610433,229.63996307803595,18.90108261511707,14.238721189415376,11.15802791957794,21.422559092345956,19.44348731924866,2.468169005608787,12.367952858686209,23.616307736674905,3.935263523338206,8.260222828410473,40.057623001615,7.82821100619384,1.3609734419513697,2.8823264746883837,12.059071987127833,0.0,15.79596847724217,13.03124042012301,9.4813,10.998,80035.0,0.7588358454999999,1.204965636,84473.73,0.800920776249,0.013163457668,0.05841257,0.35131914206999987,23906.855508124798,0.22666806912918364,1.0275888453781836,2.232554481378184,46.02749245088255,33.989577939955176,1.9638014815,1.195046124,0.009919512,28.487419314439876,44.695491842621074,8.301500964925495,-9.66596125542598,-11.588523293987326,0.39640240400000004,0.331859599,119.44882871988283,89.25566861925543,-3.396573,0.146647,0.34648244636387515,0.12459794800000001,0.13025311177011265,0.09163138659376249
2021-11-01,19.00083118,7.091795023253294,21.312527554775574,167.755685,1.369887153,10.71819451090099,135.756768,1.457078182,11.43827510518392,120.43723299999999,1.280296292,10.050752127454086,15.319535,0.17678189000000002,1.3875229777298317,148.86392999999998,1.131878678,8.834463083394994,24.140826,0.212994649,1.6658011368904477,47.052876999999995,0.17622485100000002,1.3536341097373734,13.755135,0.125659335,0.9775687563449554,28.621191,0.24284366200000002,1.89739724809638,17.997911,0.20726698200000002,1.6309636970103212,2.896451,0.027701081000000002,0.21780106126438278,30.787864,0.340678966,2.671979586048712,4.915274999999999,0.056596165000000004,0.444785985765575,15.168683,0.12116040800000001,0.947059856990795,44.015012,0.57777699,4.547225473208171,13.866569,0.11675336400000001,0.9164084370555906,3.491646,0.020337346000000003,0.1595459688655998,8.192184,0.046993053,0.363746819519643,10.652974,0.11785637700000001,0.9268324441530128,3.330478,0.038646076,0.3017037708175961,0.6855399999999999,0.008496695,0.06668655319033183,0.230185,0.008016199,0.06317884927529357,31.998917,47.318452,-0.087191029,0.08959086100000001,-0.09144540300000001,0.08533498,36.27314149092946,15.596211635266766,24.743582926338824,5.823887878079259,23.721552686616796,4.946003097656848,32.681401129737274,12.649795444835332,38.93784101073678,17.921413707708744,35.21889734230675,14.516185515986969,67.98066245204599,41.04954145947561,84.36490612019168,56.88207953698474,56.77590626940907,33.24619559897255,3.8678745717041663,-11.000589197020794,34.69042007281558,14.451445681882301,18.815706535446598,0.8448362818615163,17.824408084801014,0.08594136982917888,31.9293970166308,11.371904981167003,19.457712090759326,1.567649480242106,38.58533718692738,17.213309895008464,66.78366008826748,42.45409894941143,67.15616158977484,38.91732827974814,29.567858997691985,9.8747803069849,23.98586667846443,5.196792689409779,31.381233255906803,12.82232444125495,353.1519451527908,290.65160285587734,18.817798509673842,15.569234974139162,11.101837806684085,21.45491974714979,18.311766625574688,2.447354256106943,12.297088080671486,23.380966801134903,3.884222940070075,8.315299034516736,39.65312205875855,8.012841413886465,1.3957621664531934,3.225156589435501,12.132628995744582,0.0,15.618448640835695,12.904850564723851,12.6595,14.2793,80035.0,1.0132030825,1.316312549,83070.83,1.0516351723850001,0.013649346305,0.05850843,0.47897547397,23906.855508124798,0.3026488373051059,1.354284009690106,2.6705965586901064,50.710917202498194,37.939204227723685,2.3295156315,1.306393037,0.009919512,28.164254570870224,48.056052497666705,7.869118188264109,-11.081633230699484,-13.443409366511466,0.400950839,0.308652651,129.903578569944,94.00758546194243,13.781296,-15.166473,0.8481384759173349,0.141289145,0.46605831170903694,0.24079101920829798
2021-12-01,21.58028731,6.244124467126939,36.08090167750451,135.070594,1.407398713,10.732627060712591,280.81377699999996,1.599642395,12.016996319366289,271.854038,1.4187901250000001,10.615072797198682,8.959738999999999,0.18085227,1.4019235221676056,111.39967,1.1648089430000002,8.86329717722592,23.496312,0.219632496,1.66926763014364,3.0364169999999997,0.177970234,1.3616238809275427,5.7023459999999995,0.123443773,0.9458959682312155,37.513805,0.261884974,1.9746762181859032,19.970768,0.205392346,1.5700419304416322,2.797606,0.028198718,0.21572668473076748,23.652748,0.346258237,2.666098854227084,4.658971,0.057368431000000004,0.44085161158341113,30.66292,0.130103715,0.953970072116291,101.41971099999999,0.626663751,4.734127097927895,40.08005,0.13092631200000002,0.946539035070556,11.102051,0.025491996000000003,0.17833312879465404,60.277587,0.101977683,0.6951529974787908,5.037586999999999,0.11974446200000001,0.9315262541696041,2.450732,0.040277981000000004,0.3100488235946552,1.252194,0.009172102000000001,0.06960441413141376,0.21911,0.007891131000000001,0.061622497968853884,-145.743183,-136.783444,-0.192243682,-0.011391412,-0.196852886,-0.016002123,36.70790354164364,14.333348328104645,33.05555406504641,9.543253844852329,32.811424082372255,9.013532453041439,35.002353535127554,13.727640236283856,39.82255005290156,17.02853975715941,38.29517404630496,15.41257411435799,69.41902392932758,41.91796173287541,72.54824909765433,46.36698248332629,64.53110587192118,36.877335557544555,-0.9121860428658035,-16.521367722570524,34.52737692177159,12.773726324610823,20.325201135947136,1.0920066694319663,18.810744612291728,-0.2663378534225047,34.96403020838215,9.925609040344185,25.83875386956973,4.016026010788476,40.91521375038869,13.484867522412202,68.03592589147813,33.47657333619487,242.7859185400739,156.31280533835562,31.808280804799693,11.091540959561087,28.489146461362978,7.838047238887613,35.16266569289328,13.185101299832436,273.42711051905553,222.6784293861427,18.855667044788476,15.278920639262294,10.59777002416095,22.48308407776364,17.63313608075552,2.4208878348215084,12.730534298447608,21.645977756172186,3.58632849312549,8.133300005467785,39.17524022611316,8.1847238113491,1.5936059259044584,6.3750300266329205,11.305793755234902,0.0,15.526346280808042,12.850109093427884,12.9775,14.6823,69588.0,0.9030782700000001,1.321189479,83115.20999999999,1.0786276377749997,0.014221393374999999,0.05523218,0.510463343975,21551.28462338663,0.2796817962,1.3583094339749997,2.6794989129749998,50.69266598309208,33.70325196352957,2.224267749,1.311269967,0.009919512,28.068728197515963,52.198124608445596,8.053161030962539,-20.59638075662106,-28.027740646541968,0.40231539600000005,0.31511584800000003,127.67221913891174,92.51600726679334,-8.861962,-0.94234,0.8675374092349997,0.11564326500000001,0.5771833190667365,0.1747108251682632
2022-01-01,23.97659609,5.620063811151268,48.69082410620542,176.002411,1.4937919320000002,10.972950908354463,145.958217,1.631837208,11.886624743328992,131.726822,1.458696581,10.588087291407337,14.231395,0.17314062700000002,1.298537451921653,147.418402,1.233000106,9.02973405984673,27.472949999999997,0.22935558900000003,1.6753403414757593,14.497024,0.19199390600000002,1.439142505804824,22.142277999999997,0.13325129400000002,0.9672613498657936,31.574939999999998,0.278368061,2.026014036520025,22.202408,0.21148734700000002,1.5602190243680256,3.306905,0.028791887000000002,0.21163431487104742,47.624424999999995,0.361097377,2.6597802982445113,7.602824999999999,0.059490654000000004,0.4377812174092683,5.762506999999999,0.132508127,0.9582937438386846,64.135606,0.645827036,4.718761232485285,4.346615,0.132749157,0.9498773562815335,0.001098,0.025493094,0.1783392996247187,2.253746,0.10153113600000001,0.6852541435233356,8.297170999999999,0.10831280700000001,0.813292571456211,4.263731,0.043044258,0.32149776079196907,0.540712,0.009384663000000001,0.06990104994415107,1.129538,0.008632073,0.06472326367244816,30.044193999999997,44.275589,-0.13804527600000002,0.035095351000000004,-0.143028484,0.030110636000000003,49.83885385196167,22.43631003727169,34.27101338022433,8.518447613849434,36.05075333065189,9.608252947775831,20.941980100834414,0.38044502699046134,45.93909443218387,19.00080575969301,44.029374343543324,17.300239102087932,82.84762811147137,50.158221383970215,78.19284919374707,46.129171738179366,70.03048396551645,38.06313196191176,0.48765275440922906,-17.498864498050803,34.93977693606205,10.511758806566963,23.94717999410019,1.1127892510906179,21.78744416575873,-0.6339788872220642,38.49248273896371,11.856891570264683,27.663005376552043,3.2343320562322253,53.90844901534892,23.855093732970566,68.26544986370766,33.67383919368876,249.79893934899474,162.67335817094178,7.654237584290002,-10.395639820118706,41.5929213437352,16.25829211172276,32.735129242125225,9.534528279705068,245.03987391281578,189.66088806054518,18.601424921532004,15.571280575380586,10.807078876277082,22.57648313616609,17.1522570006981,2.335108233964742,12.956367255981391,22.128272062295075,3.6456243127899066,8.120180514967153,39.576682823131215,8.13495098341942,1.5622326709442207,6.221891221884677,10.610165410568333,0.0,14.042223204804818,11.59067894871988,13.6066,15.1536,69588.0,0.9468560808000002,1.3548393790000002,83044.42000000001,1.1299522051720003,0.014896369614000001,0.0537497,0.5452180947920001,21551.28462338663,0.2932397093565725,1.423191914528573,2.7780312935285734,51.23023336144197,34.08370823632197,2.3016954598000003,1.344919867,0.009919512,31.160066893021465,52.65325209718075,7.491415454440449,-27.708104316065572,-41.19940865176497,0.433956777,0.33623437100000003,129.06377646918196,97.61771044242238,17.096033,-0.88867,0.9336884028200967,0.099975408,0.6596620790189704,0.1740509158011262
2022-02-01,25.1295134,5.3622208219917225,54.43856667956864,270.554586,1.644767775,11.433452476499774,200.818031,1.7362465120000001,12.165062214519846,157.148593,1.5321931260000001,10.738001950410492,43.669438,0.204053386,1.4270602641093557,180.328833,1.3148919760000002,9.181507421105763,16.734399,0.233558441,1.6612959206534115,82.619269,0.23763012100000003,1.575896137622753,8.350223999999999,0.134770931,0.955470702150885,35.707370999999995,0.298684488,2.0900272510954645,18.854907,0.216312142,1.5451351139455274,2.491246,0.029142960000000002,0.2072694322371439,41.740778999999996,0.375210961,2.6548134609262077,6.828212,0.061652045,0.4357480806478069,10.8661,0.13816428,0.9734148447592696,74.083203,0.677297927,4.763124811016574,3.178568,0.13450245400000002,0.9551183903568883,0.24983999999999998,0.025336938000000003,0.17631680718648401,20.201891,0.12002852100000001,0.7794655555172608,32.38787,0.134295785,0.9339224133797321,6.891941999999999,0.045866172000000004,0.3247486023036059,3.1410069999999997,0.010892391000000001,0.0732180893007423,0.6727679999999999,0.008993137,0.06574946838850453,69.736555,113.405993,-0.091478737,0.11257464900000001,-0.097906876,0.106145003,59.62807349069554,25.26015529367871,42.52078297845403,12.05041131505804,42.33276041368885,11.934513874086683,43.94863219217741,12.930246387248424,50.862801894153556,18.98677523057728,44.77336760708865,16.011613087232735,104.17663487571436,54.56280484508804,74.78759472389191,41.47496758084446,76.71087328298529,39.48622280973322,1.72709556541224,-18.413831672535686,34.07320361879913,7.636393568255828,26.74397708562859,0.5666051270349026,24.238392529032527,-1.4080259381295979,47.995433106958174,17.597767450566092,32.465030322879414,4.2780599941459885,59.01717451096491,27.50040899858963,66.46611229949546,32.014504690870396,355.3477905287858,234.31877776513795,39.903551652194565,9.213415913977773,40.817344200865335,11.190551018662752,40.31713213001413,7.146082458640546,257.13709320329974,197.5339414151787,17.76255732508934,18.072216222878524,10.24958197782781,22.715515301007507,16.45094395191594,2.216376746678086,12.532808474602788,21.61046593365309,3.5508808555636713,7.957641904250518,39.009318222895295,7.746737175302674,1.459293817144325,6.91310365034156,11.752558440848865,0.0,15.51864257478745,12.406212542679468,14.0395,15.7097,69588.0,0.9769807260000001,1.397108983,84062.73000000001,1.1801986978350003,0.015372971710000002,0.04673912,0.5788914054750001,21551.28462338663,0.30256926047003657,1.4827679583050368,2.879876941305037,51.48719853401479,33.92439142060265,2.374089709,1.382990844,0.014118139,24.017425389824528,53.22605585519179,8.639938676557565,-29.6549165067264,-45.798628003011075,0.425987371,0.328506293,129.6740367162464,92.04525892383741,19.31768,12.347313,1.0362623477997466,0.112702299,0.7244996053657572,0.19906044343398943
2022-03-01,26.50264734,5.084397730962676,61.14453802711355,155.967119,1.665807421,11.120959626057072,224.938953,1.850021927,12.397952967348216,198.00092099999998,1.6332585810000002,10.95050288992984,26.938032,0.21676334600000002,1.447450077418374,127.40970499999999,1.364868186,9.194878661106545,24.539133999999997,0.24009717900000002,1.638581267133648,5.7511969999999994,0.240848465,1.584385265352262,6.336771,0.136405978,0.9491670637131159,45.027063,0.32247932100000004,2.1450022204838914,24.777638,0.22324616400000002,1.524917644101656,3.108011,0.029670888000000003,0.20193258484897064,41.054491999999996,0.388923887,2.639535109014381,6.84476,0.063872766,0.4326637513421145,13.834918,0.143655472,0.9753950106543208,85.780349,0.716881175,4.8207627843469485,8.829450999999999,0.137275057,0.9503856868812569,0.655207,0.025238025,0.17346946213988096,41.001743999999995,0.157412199,0.9582910855509384,12.901876,0.13946096600000002,0.9361321667828544,10.133571,0.050681118000000004,0.33269499386244233,0.679747,0.011146339,0.07318552459012834,2.450244,0.011140228,0.07572368140012517,-68.971834,-42.033802,-0.184214506,0.03254884,-0.188678283,0.028083556000000003,49.01756630711842,13.692473371395675,49.407066147347514,13.745529694097636,49.34690723423913,13.742559721847968,49.86191187427351,13.768003674694441,49.64670477418356,14.949728103432935,41.44027895343332,10.09518018547566,104.16504517531142,53.631032450691585,57.33385747971942,24.81673140717526,78.52460562299217,35.695387394198484,2.8198618630913552,-20.281796920543492,30.367659629586786,1.53557669964286,29.767162460781083,0.03810829545851657,27.017935162011455,-2.1440372389341267,51.267064280841225,17.23249756756713,38.384772906429276,5.475218969292883,58.145709123049194,24.689358461945044,62.44438065164346,27.959502948505776,456.95569601576847,288.8076984457946,43.87689018683254,9.641461036752741,49.746466328751794,11.969319909834475,44.65117106005605,8.863095844189495,296.23337027641867,209.21230003930185,17.5912356565105,17.646280239401815,9.994077039758915,23.62714028415342,16.356609838951876,2.173901355775319,12.610755585448175,21.022663641110455,3.4525410249367274,7.765068613697572,38.74987450351447,7.420185404105213,1.364201398462668,8.508666665116776,11.716798749056125,-1.4210854715202004e-14,15.881632250163683,13.01250932535016,14.6458,16.3086,65336.0,0.9568979888,1.483012479,84064.0,1.2311845312,0.016175407352,0.03822576,0.628134489346,21550.354842070767,0.3156221869460001,1.5468067181460001,3.0298191971460002,51.05277303685468,31.582676276570215,2.4399104678,1.4650366570000002,0.017975822000000002,21.458519099948433,47.43278601017671,8.768156714882961,-32.50273447271166,-52.376381312230585,0.43441941900000003,0.322773541,134.5895384281204,93.98247262400943,16.630761,8.157207999999999,1.1153073781260001,0.163379205,0.6097171139466485,0.3422110591793516
2022-04-01,28.42365261,4.7407700146388745,69.97107003092505,164.113701,1.736130305,11.143224395264687,214.280973,1.953595124,12.521733436692417,195.14631699999998,1.7362800710000001,11.133310597877648,19.134656,0.217315053,1.3884228388147677,136.281259,1.4248274360000002,9.225958787286983,24.000245,0.247645884,1.6197954275197461,4.548253,0.242574861,1.5832091393928007,11.580449,0.13834206000000002,0.9263536023671158,44.133404,0.34753042100000003,2.2004645254111064,30.016633,0.237037149,1.5364743399372138,3.106076,0.030536712,0.1986059661643499,45.054168999999995,0.405459716,2.6233275605046797,6.87083,0.06626190900000001,0.42912362234448725,15.635762,0.15272617100000002,0.9966196948206686,94.969653,0.770185648,4.935256650324335,19.689769,0.14862076600000002,0.9764944391952503,1.0103339999999998,0.02545091,0.17183342905319912,11.915799999999999,0.167574951,1.0006552016350294,8.524315,0.135639846,0.8770652398233781,7.662064999999999,0.054260834,0.33612376868134347,0.625216,0.011570607,0.07453030342651294,1.284031,0.011098065,0.07112458866928846,-50.167272,-31.032615999999997,-0.217464819,-0.00014976600000000002,-0.21898283500000001,-0.001669289,51.44115903756177,12.313626474382989,57.48358562450515,16.28437269918006,58.66149174798989,17.10532125190123,48.665404144936694,10.095501261429174,51.69717932756599,13.197083657623843,42.25160221535693,7.516138058696886,102.33197251119539,51.42545009567287,58.654000148055,23.211932066421138,81.0185467347803,32.436112102869565,7.545053634793408,-20.03653713769289,29.410674326365882,-2.495206729573196,33.23819805177659,-0.7288799562606529,30.081478405457474,-2.9376448416986056,60.96259987179795,21.221577539292724,51.54737534987248,11.650393584979701,62.44909760494186,22.845314089704516,60.971901572458975,25.376168936449695,484.22408342683997,303.4642123647877,41.844190317221866,6.382491018750591,54.443477772293235,10.692795567082358,47.464420499053574,9.157608683134066,171.83630249927253,105.23298858917936,17.380763294061104,17.024858931759084,9.709390520186474,24.391053415959068,16.636200497756278,2.1431866925392358,12.714546647738757,20.754541768604458,3.3917933243162626,7.81769820797321,39.42401567951497,7.607552054885248,1.3027730099924226,8.577772791369846,11.123853163343583,-1.4210854715202004e-14,15.252026140799268,12.51720866654649,14.7798,15.5448,65336.0,0.9656530128,1.503799206,84014.58,1.241718689484,0.016262805132,0.03863083999999999,0.6532939114380001,21550.354842070767,0.31850993449483755,1.5602286239788374,3.0640278299788375,50.920837229785,31.515804241460483,2.4694522188,1.4824355770000002,0.021363628000000003,19.574576212194753,47.632573157949636,8.766501054960928,-36.008815479498004,-61.20456897596412,0.43352846100000003,0.306753027,141.32817701583758,97.9962579550869,22.535436999999998,0.46493799999999996,1.1702041377241315,0.17976624800000002,0.6251601749437581,0.3652777147803734
2022-05-01,29.27090546,4.6035473751962295,73.49595006178772,317.753242,1.949314645,11.770827997684911,173.776548,2.009431305,12.379736040879777,155.864744,1.788150788,11.020244338631187,17.911804,0.221280517,1.359491702248591,289.717588,1.6222625190000002,9.822629991132656,24.232753,0.256595171,1.609283496216145,151.962999,0.36943646700000005,2.0822939755153747,17.242221,0.145447358,0.9247657013884086,43.65195,0.37297508700000004,2.255997345935463,30.617290999999998,0.254523332,1.5725447468050524,3.0902369999999997,0.031634086,0.19691508507658873,40.437279,0.41851391000000004,2.590774659482374,6.650843,0.068377766,0.42352030396046975,20.326459,0.16550646600000002,1.0299225394810632,64.42948799999999,0.784051727,4.828012508137252,10.52375,0.14934255700000001,0.9466530855137761,2.1933,0.026235336,0.1706777575977232,11.303625,0.17612302600000002,1.0306834844585275,9.996616999999999,0.135830808,0.8447676845687035,4.04003,0.05609825500000001,0.3371300700220692,0.7868419999999999,0.011694744,0.07285956405278375,2.4960929999999997,0.012694484,0.07542980336970824,143.97669399999998,161.888498,-0.06011666,0.16116385700000002,-0.06417600700000001,0.157093871,64.80097576662425,16.288061551410316,57.84990154259888,13.42477180917081,59.29483259353832,14.412992906157118,47.06963701798983,6.00293617263048,66.1713285688073,17.318529854860778,42.28265035867573,4.192851535324449,194.1893597736797,95.47627706786825,51.584013977373424,12.786530111975548,84.63147558643777,30.347969149660425,14.458921173853767,-18.196912037390113,30.175568646233298,-5.149780163300488,35.708216939842785,-2.024102619798096,32.518291435732394,-4.234435793621316,70.2698204151547,23.52957791199868,49.81241799266623,7.426067558066829,55.2432682420841,14.637216061929603,57.49413028965043,19.291274039174013,504.50076240885363,314.64067939322365,36.63705269222732,-0.2267364525448179,61.68308915497265,13.638516065945794,47.85960476938895,7.168529646754185,160.72880514191658,84.94644591551923,15.817117636310254,22.77291515233485,8.965710314854409,22.991043843502617,15.689404706020948,1.9499979583760572,11.81381038860087,20.82748034026473,3.402841681119326,8.236482908780005,39.018588246787566,7.432080739878789,1.3056099969538395,8.76481945721454,11.012096629001208,-1.4210854715202004e-14,13.640240984942583,11.351708538566898,16.3562,17.6019,65336.0,1.0686486832000002,1.5648021200000002,84131.55,1.3760724581100001,0.018371774526,0.030147939999999998,0.749819075782,21550.354842070767,0.3524819138678779,1.728554371977878,3.293356491977878,52.48609970370279,32.44861847792876,2.6334508032000006,1.537721082,0.027081038,18.439049283823625,41.82119511919134,8.451827998141376,-37.49028264952696,-65.04412206364634,0.45113405100000004,0.29967739000000004,150.53990259325204,103.58795840623878,18.771186,1.8756629999999999,1.3504370671088606,0.20597321600000001,0.7392530907622198,0.4052107603466407
2022-06-01,30.72037698,4.386339402271228,78.61839702491453,181.019417,2.041988381,11.87266905109386,212.07807,2.108132867,12.421699135852869,199.309723,1.8834970450000001,11.079950517444003,12.768346999999999,0.224635822,1.3417486184088645,152.635275,1.701659865,9.918334917366687,22.257144999999998,0.264866256,1.5973327777532318,3.635652,0.371438243,2.085440072536432,8.875608,0.148397614,0.9172731285392853,54.579217,0.406132778,2.3275667485584224,38.907342,0.275205702,1.6004163770666946,2.9153979999999997,0.032650215,0.19482260009878707,42.54932,0.43423840900000005,2.567243065899482,6.738779,0.07075574700000001,0.4189128558338196,17.345575999999998,0.17408429,1.0373124595397263,106.75501799999999,0.83761585,4.879535740286577,18.55003,0.161293644,0.9763183541618381,4.240171999999999,0.029652668000000004,0.1828297967705103,3.1308279999999997,0.175856437,1.0177982449520493,7.139542,0.137188897,0.8307875582176059,3.296702,0.057722366000000004,0.3384860926673207,1.606299,0.012751338000000001,0.07559850289638052,0.715276,0.012000467,0.06752570501100419,-31.058653,-18.290305999999998,-0.066144486,0.158491336,-0.06891670800000001,0.155708475,69.47328044615367,16.352262563167773,62.072415738576225,12.779093568231481,64.1878637817309,14.039155461973053,46.27068897185094,3.349102941514115,71.18379501713615,17.572765023002844,43.091491644080506,1.795563472045436,196.45564544758693,96.66989836989887,47.592814000107644,7.398042272220051,96.82305921374909,33.67300088734826,22.11896274018197,-16.85461018028388,31.684486370967235,-7.023532174918612,39.04333200583565,-2.8841776812155495,35.61689481740971,-5.126602991023999,73.04267519053136,21.60629206109732,55.672855054177006,7.0862445189603385,69.74645562958524,21.151265537765784,73.67757015722877,25.421893405080386,450.8454220187581,277.5306625292713,35.85741418511152,-2.6276173008853765,65.4485524246334,14.299354414373333,60.86922842850158,12.181835769155613,93.37813622959537,31.991310925007753,15.565170305053883,21.827995749315036,8.720756542024926,23.86686002023089,16.172779746438927,1.918727453797002,11.92771018313934,20.59824671383011,3.356322939013312,8.257747541678073,39.73259290776951,7.651018895670014,1.4065843981739885,8.341809937731973,10.655676666133017,0.0,13.200982559461142,11.000837423472099,16.669,17.5221,55789.0,0.929946841,1.610775187,83956.07999999999,1.3994638975199998,0.018779295400000003,0.02424627,0.77128813189,16649.157440158382,0.27752480537000007,1.67698870289,3.28776388989,51.00696884124814,28.28508591689392,2.5407220280000002,1.585322337,0.025452850000000003,15.871374293525943,42.491128753569015,8.486474526873588,-39.26354936902643,-70.13192249804094,0.47551763700000005,0.28553907500000003,166.5332974129723,112.48785708460287,43.894802999999996,-0.632212,1.2815550873820003,0.231688207,0.796631021358224,0.25323585902377643
2022-07-01,31.44699761,4.2849877648462735,79.60205249174939,196.97963099999998,2.143692668,11.983492365216218,260.998792,2.228052228,12.454338908685951,244.30505599999998,2.010360292,11.22297122489708,16.693735999999998,0.217691936,1.2313676837888707,168.847774,1.7857603130000002,9.989636415629782,32.717081,0.278788166,1.5928788248421843,2.513728,0.372735184,2.086847063581626,20.140193999999997,0.158534801,0.9265912120146673,48.394929,0.43487034700000005,2.3836568397863074,36.296293999999996,0.29288215100000003,1.6126486039858636,3.3912579999999997,0.03403205,0.19388972847639616,63.842780999999995,0.467408653,2.6047550271504787,9.257382,0.075190832,0.4214685836983858,12.191913,0.178782455,1.0318833276938584,127.281365,0.906538402,4.975809727186069,20.484719,0.169216425,0.9674193794965791,2.324662,0.030432474,0.18090184758036654,8.922234,0.182791051,1.0407333320913428,9.567827,0.12807380200000001,0.728003195145972,6.525854,0.061447510000000004,0.3448952403759359,0.412437,0.012795897,0.07453462853943553,0.169045,0.010383405,0.05450431351284727,-64.019161,-47.325424999999996,-0.08435956,0.133332376,-0.087847033,0.129834264,76.63200540846297,18.120066552882808,68.08014249319396,12.852486638851701,73.78147248389102,16.503341572107956,28.997387051359922,-12.218853146416153,78.07958175430369,19.033958405354,48.76042065491224,1.9218438089601886,196.11032447100874,96.14177013880156,53.34871758824218,7.062763559813456,105.41745437240415,35.3115648454692,31.952357619403582,-13.603882343637908,35.75836705646478,-7.281113556240615,47.35194664805715,-1.4700630398073233,42.055860907936804,-4.525848995410698,75.61615542714148,20.960604037126075,68.64095599853101,11.393170020998578,69.6138676068537,16.418179795853117,85.90106090602264,31.96641653895773,485.82999829754857,300.16183998416625,12.350838118775243,-22.9705662242907,73.32408562269082,16.041185749582286,57.83237760676529,8.798036092438055,30.86152119355974,-15.34194413269051,15.611734899161686,20.872632306057973,8.877720030280457,24.352111749501066,16.40097771620709,1.9057456788715181,11.979077619920218,20.978352622351544,3.3747338170566437,8.02415907280967,40.687484368970544,7.594814110434757,1.3658779456582828,8.204073885829933,9.770504176888622,0.0,12.190434204145067,10.15499746067145,17.9044,18.2176,55789.0,0.9988685716,1.6762217060000002,83742.6,1.49936100744,0.020150506980000003,0.02214341,0.8385749545000002,16649.157440158382,0.29809317447157174,1.7974541819115717,3.473675887911572,51.74501709174223,28.75537625937045,2.6750902776000003,1.650768856,0.025452850000000003,10.5879949791027,37.31969002451409,7.929041130470056,-39.90656585874589,-71.67301136127934,0.45509873300000003,0.24967032400000003,182.27986638892654,120.47804364799045,38.977999,-0.5075609999999999,1.4563489567447014,0.227660406,0.9575448158889006,0.2711437348558008
2022-08-01,31.90627966,4.223306553942491,80.20759409811238,305.929811,2.3030831330000003,12.160257936829646,302.343438,2.4246930030000002,12.92675465230923,279.696367,2.19801093,11.7036805340201,22.647071,0.226682073,1.2230741182891278,271.85769799999997,1.926497032,10.139849869818555,33.831157999999995,0.293277819,1.5885554140010845,101.051214,0.427377638,2.160413280315781,13.195698,0.160655699,0.8980334976160966,57.924757,0.47088424100000004,2.4615334214217763,39.351341999999995,0.31388543900000004,1.6391994989435827,3.547563,0.035350169,0.19190450243974533,57.317639,0.49693939000000004,2.6353466809183974,9.000169,0.079565493,0.42427561419071125,30.941781,0.20196914700000002,1.1035381499572283,98.54700299999999,0.964730568,5.084874600792723,22.372560999999997,0.18421525300000002,1.0057861521771714,9.79201,0.039624198,0.21768789944461653,51.725204,0.230966881,1.2321714365392529,10.113961999999999,0.130321597,0.7108503694625422,8.179207,0.06604003600000001,0.352141317197119,3.534715,0.015051325,0.07972651951871863,0.084302,0.009922881000000001,0.050713829040011774,3.586373,26.233444,-0.12160987000000001,0.105072203,-0.121179194,0.10549224,84.0077716036979,18.346756899371886,79.481038735086,16.339794542335696,86.2036244939806,20.50106242848557,32.941548180252525,-12.555992817621641,86.05362424862552,19.340150878746385,51.71039298979381,0.027875267608701293,196.72842639181556,86.12998943218697,51.97397590248385,3.175782281974482,113.57217300839335,36.05778563188624,44.563282090418845,-8.721315400850571,38.48868548931108,-8.61770014032366,54.34933263834323,-0.40380518809091104,48.23076826917296,-3.8890771705459293,94.20656494425444,28.07648570905952,76.28660429119275,13.103814356982202,78.70091794417058,18.28390263184008,137.93968465703236,56.87098125476477,583.0804597252428,342.32021017359074,14.287336293092356,-23.882971447109814,79.22522907992351,15.598404592785187,83.21522570737372,17.918488808168775,27.66598739432822,-18.351030290041415,15.223372480129518,22.18418356743152,8.339265326207885,24.44251058674873,16.29306631602431,1.834945417138852,11.682656306319188,20.494940571245586,3.281466680588264,8.32967912845501,39.78774083178232,7.597467092620633,1.6341944300154354,9.525613375146115,9.348897890146631,0.0,11.766541512117938,9.842548440912054,18.1648,18.0933,55789.0,1.0133960272,1.689459153,83624.39,1.519020319472,0.020432130336000002,0.02197142,0.8493825966880001,16649.157440158382,0.302428615068989,1.821448934540989,3.5109080875409893,51.879710010201855,28.864214098802403,2.7028551802000003,1.664006303,0.025452850000000003,14.944565585756559,46.30261026625522,8.195420949893547,-39.960676190489764,-72.01217314821884,0.5121718230000001,0.317649243,161.23816891954627,114.33150939020942,9.808209999999999,-0.7554109999999999,1.4898959873106725,0.21714276200000002,0.9957218638033485,0.2770313615073241
2022-09-01,32.88767303,4.097279849415968,83.45249358214318,206.940229,2.39210215,12.121787859806398,285.56687999999997,2.56875258,13.033153651471038,252.45083599999998,2.3230625860000003,11.780438415386266,33.116043999999995,0.24568999400000002,1.2527152360847746,173.468233,2.0043458220000003,10.131868288640314,32.635483,0.30810563,1.5884196492691705,4.9468879999999995,0.427812583,2.146767765297337,16.036704,0.156768833,0.8139836115481945,54.573876999999996,0.504597724,2.528339422011686,37.776210999999996,0.333317884,1.6560971516402672,3.8024299999999998,0.036887226,0.19045630553033988,61.498511,0.527095662,2.6517374064908377,9.492555,0.08395384,0.42480317234932535,22.154419,0.211521705,1.0995883343142836,112.69936,1.017617336,5.097050358256453,19.643577999999998,0.19392255800000002,1.0115847759090177,2.106071,0.038190543,0.1997104915854737,24.856341999999998,0.25076094200000004,1.2959638764808734,18.74306,0.142115397,0.7354113875059495,11.908873999999999,0.072996831,0.36371269757272323,1.2709759999999999,0.014811596000000002,0.0735787559966464,0.23535799999999998,0.00994982,0.050111562284329704,-78.626651,-45.510607,-0.17665043,0.069039564,-0.17594363300000002,0.069735722,85.34400935665862,15.974252421337365,85.62048647710752,16.379088951990916,91.12586514405947,19.721857792117923,45.886921547416314,-7.8235167819655675,88.59803008097755,17.79448962302088,54.929354159145575,-1.4521002060124077,188.8169894358133,80.26788697493204,32.91833963621242,-14.40802368197065,123.658003155498,38.56963136048967,54.80023472271001,-5.505734950536856,41.11003611869941,-10.24509729132167,60.89467909102899,0.04137381298832121,53.5458601028006,-4.090024382973989,94.01325969779873,23.790868289152378,80.92300794680816,12.160842568004803,82.69196067810911,17.188992260503078,95.45961298318564,25.21231064658589,596.3014304114644,345.5016439519063,27.738495729646107,-18.171331385241007,98.74587812422683,22.76480665942131,62.532566107194974,0.1635336048280811,29.44340410828272,-17.894314860677994,15.371879773349809,21.344249994400418,7.821446343204939,25.175182768435455,16.629759213278113,1.8403623563918101,11.817119550939452,20.519518543899622,3.26827272714603,8.234413335362957,39.61523363219357,7.549289079448829,1.4867349739070628,9.761973338825806,9.564564369216129,-1.4210854715202004e-14,12.257864451496832,10.270882202919305,18.5038,17.9232,52333.0,0.9683593653999999,1.7382515120000002,81048.2,1.49969968316,0.017740333211999998,0.01995379,0.8477256916800001,16020.03825808753,0.29643158392,1.79613126708,3.5343827790800004,50.81880994077085,27.39825949616198,2.7066108774,1.7127986620000002,0.025452850000000003,14.069945224074157,45.46945974639594,8.649660535208534,-40.77504294780312,-74.80283304693464,0.5440096090000001,0.30127112300000003,180.5714412927654,122.69421474518441,54.183614999999996,-46.854769,1.3878491106320006,0.199982817,1.0485107287412394,0.13935556489076117
2022-10-01,34.05347034,3.9570122708380624,85.51478639256433,224.161801,2.502248227,12.1718273433613,307.41603,2.744746477,13.284853427521355,246.271684,2.452212334,11.895164763091607,61.144346,0.292534143,1.389688664429748,181.806347,2.090034714,10.14569510120704,36.101737,0.322159223,1.5694227050790004,4.170744,0.425786262,2.117779770114669,18.671982,0.16202961000000002,0.7894193249510404,51.943895999999995,0.5336464000000001,2.565811843573105,42.309146,0.35907789100000004,1.7020303326343107,3.873172,0.038326353,0.1879145527979225,63.0676,0.558627607,2.669798385685065,9.265115,0.088125716,0.42407667893859824,28.762919,0.22365395700000001,1.0913204446089344,102.85922599999999,1.076974994,5.184727402778633,25.559189,0.207124849,1.0220127539377326,3.9806779999999997,0.041147069,0.2079439443791585,12.776957,0.256558142,1.295285152763485,48.76757,0.182130371,0.8641338285463225,8.753736,0.077436922,0.36668554823392824,1.8819219999999999,0.016417607,0.07900012514857192,0.487701,0.010173651,0.050104372919893704,-83.254229,-22.109883,-0.24249825000000003,0.050035893000000005,-0.244359137,0.048164367,90.73794940907484,16.224609274413048,93.61414636587435,17.521968513390227,96.69887573032452,19.626259786273437,71.11872024453842,2.142579021087365,93.11709488648641,17.527604577848255,57.48932037636067,-3.6997501457880055,176.30444956664618,71.56212118487697,34.175790616166644,-17.442183994128857,130.17039055527033,38.988406707299085,70.64034663099336,0.9881859800239479,43.479488941294655,-12.053946049343311,66.85731258388863,0.07189006647110308,57.96602430719309,-4.757578280731267,90.99397732732804,16.71204620108815,89.65106862229806,14.490166339563082,86.63991623243021,15.13562960966912,113.26721803236173,33.43050824770335,527.8812010600735,300.5547871286874,62.23898699226875,-3.4262386200510475,103.20527603164629,21.37641694451864,83.29228193524128,10.207047829478388,28.666123857596837,-19.94499474089385,15.414060869038751,20.372210047416463,7.752484153236892,25.532896483747113,17.180474974637193,1.8337663361891892,11.914107135734398,20.35261222415625,3.210705132093699,8.148437710882979,39.2376856305188,7.546228795104852,1.4991209332008553,9.347243694449233,10.65796587959333,0.0,13.996616469596113,11.690852244132694,18.588,18.6837,52333.0,0.972765804,1.8004839000000001,83568.76999999999,1.5533762967599998,0.021543863760000004,0.01810381,0.88603159368,16020.03825808753,0.29778047114133105,1.8511567679013308,3.651640667901331,50.69383699697995,26.639143674535408,2.7732497040000004,1.7750310500000002,0.025452850000000003,12.280165109577847,46.260833937882246,9.943046944519477,-40.73623505574856,-75.57173944804485,0.575371588,0.275460205,208.87648290249402,125.7393876048706,53.776325,48.014787,1.4190861865231472,0.30502385400000004,0.9869894780468402,0.1270728544763069
2022-11-01,35.035492,3.846099834990187,84.38925996499486,347.734348,2.6822268900000004,12.319559429819073,239.42895299999998,2.8484186620000003,13.242961912471177,215.026318,2.5468014190000003,11.86806127966616,24.402635,0.30161724300000003,1.374900632805019,312.001112,2.253171896,10.28997004867107,40.033342,0.338051739,1.5521931454552826,123.04899999999999,0.501782385,2.2573491497720273,17.552524,0.165826999,0.7593794866739246,54.950989,0.559976198,2.57418321340517,46.197886,0.387277866,1.7520745186970508,4.473229,0.039903131,0.18457800132979882,62.945327999999996,0.590785071,2.693551180627469,9.404304999999999,0.09261474600000001,0.42538845206437437,27.599853,0.236085127,1.089899044069281,79.037255,1.111997237,5.176567133142178,24.275605,0.217533885,1.0170402892987211,5.244871,0.042900294000000005,0.20335420414104102,6.519101,0.254885059,1.2622609763230939,16.305944,0.18778334100000002,0.8512994090780349,4.956377,0.079062821,0.36212920169032276,1.046895,0.016778962,0.07816487867508291,1.3083989999999999,0.011251865000000002,0.05350418126046747,108.30539499999999,132.70803,-0.16619177200000002,0.13542547100000002,-0.174543637,0.126974059,95.79911265873446,14.9406219236776,95.48838883101196,15.777613238812194,98.92281457923649,18.08132495127417,70.61546462706106,-0.9097034879713806,99.06478846136547,16.475330210070215,58.71372383632041,-6.820021244987096,184.7398548800589,66.7621356121108,31.965523293593744,-22.31958297100467,130.5912344543709,35.66917607727087,86.84976365410675,7.425721486550252,44.04900299739205,-15.253855854382358,73.41401435391228,0.8073263243248308,63.641381001698626,-4.361093721919584,94.8533608437502,15.08238217723068,92.46132266361107,13.840124349276905,86.3191582214282,10.981113679666631,110.94342398462413,27.458064648656165,442.38880585179265,247.01636099251982,59.332355006976,-8.149589017031433,104.58175624350581,20.028066175301017,97.47633638726587,17.21235381890334,40.36409275767732,-15.313143759029234,15.003371007783953,22.27004454878928,7.359713623908968,24.852795252510994,17.188118966312548,1.7709758882950313,11.554980712399242,20.7408088874542,3.2514442920750675,8.288287468044961,39.039107973657835,7.6370053286780495,1.5061091465352856,8.948300416661152,10.588936486893443,1.4210854715202004e-14,13.38633965457556,11.245030915337665,18.614,19.3116,52333.0,0.9741264620000001,1.854143032,85336.79000000001,1.5884590090600006,0.021597451920000003,0.017133179999999998,0.9021126188000004,16020.03825808753,0.2981969921360413,1.8866560011960418,3.740799033196042,50.434572519233456,26.040598635627095,2.828269494,1.828690182,0.025452850000000003,11.489032499204985,44.005163462883345,9.40878592429104,-40.664230690517655,-74.98047404070383,0.614991567,0.28958008100000004,212.3735737887303,128.8308945883164,39.2814,25.90578,1.0702024745059355,0.371596211,0.6369986283581293,0.06160763514780632
2022-12-01,35.44985111,3.801144314594556,64.26959753021009,255.19891299999998,2.8023552090000003,12.446209726274967,373.81550899999996,2.941420394,12.910452433541769,355.569813,2.6305171940000003,11.5221430026295,18.245696,0.31090320000000005,1.3883094309122683,211.51376199999999,2.353285988,10.398370977479008,41.89902,0.356454447,1.5647434704689176,8.705962,0.50745193,2.271482002049303,15.010378,0.17513503100000002,0.7808299414899164,56.502896,0.578965289,2.5547180076381686,52.483982,0.41979108000000004,1.8268737473875178,4.837825,0.041943350000000004,0.1854986722495711,48.145361,0.615277684,2.7288679433651333,8.886702999999999,0.09684247800000001,0.4300768978355799,51.653560999999996,0.25707576800000004,1.0947785947874382,115.574652,1.1261521780000001,4.982605765599178,98.94935699999999,0.276403192,1.142896254243387,17.024127,0.048822370000000004,0.19874277941363563,15.336051999999999,0.20994352400000002,0.9441747673851476,12.782083,0.195527837,0.8684306309601801,2.952752,0.07956484100000001,0.3580503625239596,1.709183,0.017235951,0.07684287472514502,0.718335,0.01175109,0.05486652614969957,-118.616596,-100.37089999999999,-0.139065185,0.171838015,-0.13718855400000002,0.17361509900000002,99.11594227811406,15.966106488830167,83.87987235109506,7.434937071051673,85.40565991041136,8.545115259786007,71.91003463766312,-0.9711008510854935,102.03192996947999,17.319444102556236,62.29585944331297,-6.261677743414229,185.1330352243061,66.82154549918455,41.87433415535673,-17.450759098800837,121.07617713110947,29.374020110757115,104.38496768521257,16.358277569927203,48.74204564902562,-14.012180513932126,77.69329888894457,2.3543421519621965,68.80795990394091,-2.444068131934818,97.59294959409885,14.760266258539634,79.70597089794013,5.248669132268136,111.11355523403117,20.744756623607618,91.52038938025879,11.444677024919336,105.87202790241865,35.822584497156605,63.287582351825165,-6.773359626419728,97.53929820861677,15.481929062907728,87.91713175453127,10.399427513411696,48.91515550812677,-10.963482562113946,15.147094268085192,21.56354699716165,7.442148208634982,24.602419423405838,17.83850675781103,1.7823311834549538,11.623953161446352,20.91770646776851,3.2923712026183773,8.739851281523412,38.28599884250344,9.396929203449318,1.6598229243119882,7.137487875866003,10.569832201958958,0.0,13.211449929391245,11.094353742220408,18.6966,19.8816,60816.0,1.1370524256,1.905331206,87503.81999999999,1.636023921012,0.021740406480000002,0.01766477,0.9115796561039999,21123.808109067963,0.3949433906920001,2.030967311704,3.936298517704,51.595866080010644,28.886336249295198,3.0423836316,1.8864351320000001,0.018896074000000002,10.862598952499306,38.24876628756159,9.398812562134058,-33.40288513094152,-54.87078496807604,0.650457421,0.27686334300000004,234.93807954200713,137.69465827029202,39.32063,48.644729,1.2567996047290002,0.469365872,0.5985981494006106,0.18883558332838957
2023-01-01,37.80689159,3.5641650062456245,57.68248106647735,289.07788638,2.9154306843800004,12.487386232253538,321.32045636,3.11678263336,13.23539706658909,299.96117469999996,2.7987515467,11.850940979447406,21.35928166,0.3180310866600001,1.3844560871416853,252.82626599999998,2.458693852,10.470984681238008,49.57826211,0.37855975911000006,1.5870488452712848,9.1813389,0.5021362449,2.2227316089153732,40.96684921,0.19395960221000003,0.8024015365760887,52.43428464,0.59982463364,2.5641492724463064,44.78841593999999,0.44237708794,1.861728102444824,7.01831538,0.045654760380000006,0.19192808921234736,103.23960138999999,0.6708928603900001,2.8291786104287313,15.520136599999999,0.1047597896,0.44266486395243565,19.82622589,0.27113948689,1.1330568782582915,146.38100327,1.20839757527,5.143885616746383,9.88435649,0.28194093349000005,1.1536974780917946,0.00690746,0.04882817946,0.19876122791078502,5.102943559999999,0.21279272156,0.9496963039164193,13.523593,0.20075425900000002,0.8700003174174546,5.924784519999999,0.08122589452,0.3552048318861056,1.385375,0.018080614000000002,0.07874174387721733,0.44954345,0.01107109545,0.050120697545856324,-32.24256998000002,-10.883288319999993,-0.20135194898000003,0.11667913768000002,-0.203526376,0.114405164,95.16979720707181,13.80153193564395,90.99838011292607,11.346974876253713,91.86660085138021,11.927118215817178,83.68368659078497,6.616569671739914,99.4074323299369,15.961163549657641,65.05364476206421,-5.270063283183468,161.5375953130512,54.44833294478617,45.559263544562654,-17.04397816707749,115.47897107348102,26.561278758493057,109.17425756917743,19.32479179959532,58.56814240761643,-9.311451061566933,85.79278142748738,6.368883636593026,76.0945334371345,1.1155450140296397,104.62102440705392,18.236906537608142,87.10854577323704,9.009237028871508,112.38623269750785,21.457519801098513,91.53492887132492,11.451165463271629,109.58370992716952,38.590377437692716,85.34674205239645,6.972613294586916,88.70320524516879,10.484387515204908,92.66130280863574,12.647440832619417,28.255350134318835,-22.56154170545629,15.396783084728682,20.422886098305497,7.888725229138452,24.396068390217785,17.992361577678846,1.856870481978169,12.046305137952572,21.52517320936026,3.36115160803066,8.699338991044819,38.77067211348343,9.045896575278908,1.566621263137671,6.827319919021817,10.20382631935906,1.283382289329893e-09,12.934960828949926,10.908545634918191,18.7876,20.4525,60816.0,1.1425866816000003,1.9790467450000002,90432.3,1.69900587948,0.022240197252,0.01831265,0.9276997490800002,21123.808109067963,0.3968656572299253,2.095871536709925,4.074918281709925,51.43346177313896,28.039499263787587,3.1216334266000008,1.967268561,0.011778184,7.059868316090253,31.514193157646453,9.281582570201003,-30.695165479969223,-48.40089849627635,0.685001077,0.26585574500000003,257.6589334189487,146.80376998518017,62.647287999999996,48.423237,1.2968869881813516,0.564229034,0.5419103456537663,0.19074760852758532
2023-02-01,38.99593573,3.455488308653031,55.179828233363246,218.82834413999998,2.86370444252,11.792771582496659,389.38815502999995,3.30535275739,13.504092656563651,355.16486618,2.9967678198800005,12.235543564645413,34.22328884,0.30858493750000004,1.2685490918836844,179.61961576,2.4579846347600003,10.124695140383368,27.410327409999997,0.38923568752,1.5920313684115739,4.6427586199999995,0.42415973452,1.7957518425171464,21.05879279,0.206668171,0.8303942038551854,51.55367792,0.6156709405599999,2.550821595492147,42.70922339,0.46623140433,1.908205149628502,4.84135259,0.048004866970000004,0.19529871531125587,84.63386818999999,0.7137859495800001,2.8978066781954026,13.5479755,0.1114795531,0.4528653543352297,22.82746925,0.28310085614,1.1536705036939587,193.68329133,1.3279976636,5.415905471832197,17.93121599,0.29669358148,1.1986144017914553,12.28036522,0.06085870468,0.23985618910431789,10.26068066,0.20285151122,0.8768249654120643,12.36368214,0.18073007114,0.7390519656101658,9.857937029999999,0.08419188955,0.352312703144349,8.67485048,0.023614457480000003,0.09187481515274872,2.47049185,0.012868819300000002,0.055049922672184184,-170.55981088999997,-136.33652204,-0.44164831487000006,-0.13306337736,-0.45773899500000004,-0.149253604,74.10995558445931,3.1426999564254654,90.37347142500695,11.007181208211003,95.58682055332497,13.946184971382625,51.227550568555635,-11.107531770888457,86.93433982595084,10.272689178570783,66.65451518406049,-4.169308512754,78.49577853810878,13.951154498420614,53.34773564783046,-13.090563427443325,106.12752429245668,22.047288816696643,115.53640032375063,23.49762376157962,64.72200136842655,-5.775437698016139,90.2359002726469,9.152929983427892,80.82052768890311,3.9282499333044285,104.90162590504579,18.517866242246093,96.07289652903366,13.70488254487503,120.58599873575537,25.49380410773816,140.19755141682865,36.03705337667018,69.002758286091,12.490533956974526,34.57613069539003,-20.865806942608632,83.55987840014203,8.487827397937032,116.7977396331072,25.48103348528279,43.09599976070644,-16.27320490729781,15.835562273887252,17.256403010892512,8.408033479028614,25.047794516425633,18.96803575322281,1.953017374117444,12.531153592425738,21.59484938435514,3.3726975993941233,8.564921111885935,40.177184133551435,8.976154839045913,1.8412166309309677,6.137060886057356,9.335915412056274,2.7228566068515647e-09,12.554388385350121,10.775725766882974,18.8632,19.9061,60816.0,1.1471843712,2.021074854,90208.79,1.701626447528,0.022309695272,0.01889656,0.9334047074880002,21123.808109067963,0.39846261712297076,2.100089064650971,4.121163918650971,50.95863950343469,27.836416940569574,3.1682592252,2.020136435,0.000938419,6.840768773352951,27.187691322390783,8.815401700196308,-29.877869476336173,-46.364426533166935,0.706940632,0.250475453,282.2394863579706,163.94517055641356,56.637527999999996,-1.107502,1.2412869773459345,0.588094067,0.50945032233883,0.1437425880071045
2023-03-01,39.88873981,3.378146330063266,50.50851070940598,286.82143673,2.9945587602500003,11.968697500421197,334.04407482,3.4144578792100004,13.488863319757893,288.96906927,3.0877359681500005,12.205007932040742,45.07500554,0.32672191104000003,1.283855387648817,198.58973968,2.52916466944,10.147758725666955,40.18465999,0.40488121351,1.6030143128522438,1.44046269,0.41984900021,1.7713765632898437,8.28302032,0.20861442032,0.8261567944570029,64.06321819,0.6347070957500001,2.538301023963624,47.776942039999994,0.48923070837000004,1.9436232846167592,5.71173028,0.050608586250000004,0.19879141191874208,86.68308534,0.75941454292,2.981897458844659,13.76695431,0.11840174741000001,0.4645706583007207,28.140198859999998,0.297406137,1.1783899875128634,124.69425018999999,1.36691156479,5.40099948367475,21.6816031,0.30954573358,1.2269655891035625,8.58637289,0.06878987057000001,0.26553088018711524,5.41660455,0.16726637177000003,0.6866538740349384,23.18897668,0.19101717182,0.7517894530200687,12.982635859999998,0.08704095441,0.34464684143040664,2.32563211,0.025260342590000002,0.09627503662579381,5.51711008,0.01593568538,0.06122951280758633,-47.22263808999997,-2.147632539999962,-0.41989911896,-0.09317720789999998,-0.438754487,-0.112132122,79.76620361388103,7.622884201268243,84.56310324639738,8.799116719370904,89.05371164555358,11.456140916272917,50.7274717193192,-11.302268197141508,85.3046832934239,10.363160838554641,68.63222433363117,-2.1705944645407205,74.32081213803873,11.802135631197451,52.93642066039068,-12.959812235256052,96.82102212997404,18.335589573003254,119.14406035214115,27.457590390841503,70.56646990140638,-1.5555552525502003,95.26045282993891,12.970554877677621,85.37125417427518,7.374527415257592,107.02736405335118,20.811566046700225,90.67477462914269,12.036201018059511,125.49306505114033,29.10185896527102,172.56439665940584,53.070677058419946,6.260107432969675,-28.34600212938755,36.96819783967362,-19.691953797112273,71.74237239596803,3.5924338473532824,126.62456785138154,31.54928814813731,43.04631269665218,-19.140866271347022,16.008495548043836,16.600303067769868,8.2483526217449,25.095522779484934,19.343568818645725,2.0010000480200287,12.702757116290712,22.24114544050855,3.4676587498977876,8.710200785045577,40.033048089796935,9.065735895140675,2.014664494438451,4.898768053003491,9.568778488361184,3.8073437735874904e-09,12.918174723369901,10.910519285075699,19.146,20.8021,64324.0,1.231547304,2.233434728,90994.26,1.7421761019600002,0.025360983060000005,0.01931843,0.94965251322,21921.30394129322,0.41970528526000006,2.1618813872200002,4.39531611522,49.18602736521924,28.019538793476677,3.464982032,2.230425958,0.00300877,6.349951284257664,27.236721246610962,8.80042981831912,-27.711443488810183,-41.708080891086865,0.7615833860000001,0.250024562,304.60342772243314,172.67830402435814,71.724406,15.517356,1.3654969180739998,0.6505478610000001,0.47528571966028704,0.23966333741371265
2023-04-01,40.84028928,3.29943794168933,43.684169801707974,267.97288234,3.09841794159,12.074832083065434,400.44413676999994,3.6006210429800003,13.79424708663782,365.94736487,3.25853701602,12.487284744253236,34.4967719,0.34208402694,1.3069623423162495,232.70384117999998,2.62558725162,10.26947250220866,47.673245279999996,0.42855421379,1.646529585292551,9.69773821,0.42499848542,1.7818114272470966,28.79979114,0.22583376246000003,0.8662796726817923,57.10116966,0.64767486141,2.517476471327525,53.60763401,0.51282170938,1.9781963925667287,6.29265332,0.053795163570000006,0.20482843907265794,87.85978767,0.8022201615900001,3.058193922402153,13.368536679999998,0.12489945409000001,0.47610629060789694,31.022111059999997,0.31279248606000004,1.206619966129898,174.74300641999997,1.4466849182100001,5.527323905858701,32.24263472,0.3220985993,1.240003494968394,17.82056417,0.08560010074000002,0.3195389646199525,8.890724109999999,0.16424129588,0.6594981991521305,15.786347039999999,0.19827920386000003,0.7634637084571834,10.25530464,0.08963419405,0.34215949466099127,1.33174609,0.025966872680000003,0.09770504493836377,5.6645027599999995,0.020316157140000003,0.07383189247206749,-132.47125442999996,-97.97448253,-0.50220310139,-0.16011907442999998,-0.521718415,-0.17986960000000002,78.46690036264299,8.360306270029305,84.30743395835792,10.16244001981834,87.67346757273238,12.161469263542312,57.41386628196437,-5.8671244970341485,84.27405209089471,11.310626233878263,73.051216062206,1.650465072230789,75.20302131390278,12.544286343020028,63.24302418223351,-6.484989050813461,86.36494023928914,14.406591983444583,116.34655645474372,28.749067989483336,76.16553992453412,3.133074513561618,97.85446739424049,16.57689906684063,88.49359454766086,10.948515956013583,104.80608137553583,21.071254401310703,87.83587073671362,11.996686241139187,116.72516430173694,26.985208025383866,236.33414577317672,85.95855671426087,-1.9893516901580366,-34.09336222161864,46.18064654836014,-12.952460798591403,65.19133128326042,1.7956855605084865,124.42100643466678,31.094387713986936,83.06035457532464,3.8064245480101455,16.32222328645068,16.186797264412903,8.601266719308587,24.66780949710894,19.531695587857026,2.0488811993129588,12.641326445548899,22.28004980290996,3.468830865539486,8.687181525804839,40.17876085656248,8.945640084173366,2.3773704513250964,4.561471310628906,9.500695098334461,4.7214001597239985e-09,13.02885770522128,11.040603088053848,19.4103,21.4403,64324.0,1.2485481372,2.2929269960000003,91238.0,1.7709569513999999,0.025846367274000002,0.01915687,0.970297410537,21921.30394129322,0.42549908589168384,2.196456037291684,4.489383033291684,48.925565517656636,27.811129679539626,3.5414751332000005,2.289918226,0.00300877,6.260056708997275,28.9425007099251,9.057736514861906,-24.098989704037987,-34.626433286846066,0.772519743,0.23528890500000002,328.3281644750737,178.17725225022215,48.207451,6.786061999999999,1.4253552033128467,0.6825410000000001,0.48881843078620874,0.2539957725266379
2023-05-01,40.85788148,3.298017300920517,39.585300959801614,549.42389134,3.3300885909300004,12.424049479074636,430.51795086,3.85736244584,14.414114165514889,327.80350081999995,3.4304757728400004,12.850855628133075,102.71445003,0.42688667297000005,1.563258537280496,507.41399700999995,2.8432836606300005,10.609204001291289,48.236191229999996,0.45255765202000003,1.6940567520326728,255.73095594999998,0.52876644237,1.9256476791777422,29.585583899999996,0.23817712536000002,0.8844780590147244,68.15437227,0.67217728368,2.5412969503626655,62.44178615,0.54464620453,2.0431823339711386,6.42360216,0.05712852873000001,0.21178753770048409,87.34357904000001,0.84912646163,3.1600996275998643,13.144527859999998,0.13139313895000002,0.4888397000671165,33.815161950000004,0.32628118901000003,1.2245691382979431,150.64254788999997,1.5328979781,5.727541434687032,26.225787859999997,0.33780063716,1.2780500153712242,6.47628562,0.08988308636,0.3308009061823974,10.15561059,0.16309328147000002,0.6409548053804096,86.7341354,0.27501672226,1.0034944876355743,5.653179379999999,0.09124734343,0.3422053085592244,4.3200404599999995,0.029500071140000004,0.10833034869232626,5.12843112,0.022948495260000003,0.07925466465401099,118.90594048000001,221.62039052000003,-0.52727385491,-0.10038718190999991,-0.545681535,-0.11920126700000001,70.83381584762066,5.549494746828354,91.96289200043093,16.43313005961746,91.84488220240632,16.611349378930985,92.9165200612759,14.98845742823407,75.26655688147599,8.007773996055123,76.37029187115918,5.267763946865323,43.12784188952303,-7.522775274747751,63.754865426981496,-4.356524286443353,80.22042412714818,12.646273939161091,113.98674936803044,29.928406687458843,80.59168433062997,7.552723864761712,102.89085770888713,21.97508633310621,92.15769487116616,15.422966855620569,97.14105248915168,18.899149339420674,95.50980188071188,18.631453937488594,126.19181293380421,35.00722016636002,242.60314546762424,93.81606065043017,-7.398092586712657,-37.812644226356554,102.47006280048043,18.789402810538224,62.65629551222225,1.5054244603048827,152.25067893747828,48.683772817862845,80.77532934777028,5.070756005495269,15.916725379406028,18.597034467283457,8.376833048983439,23.640880190303008,19.155535273231234,2.0092447869707715,12.303746853822062,22.013136529229875,3.406294865853269,8.458660382352203,39.739537044364724,8.757295740365374,2.330169581469718,4.228103626764167,11.066802224675024,4.925638563690882e-09,15.013861574240984,12.819078571443725,20.3104,21.7607,64324.0,1.3064461696000003,2.3481150840000002,91009.18,1.8484328494720002,0.027552682432,0.01859389,1.031761617568,21921.30394129322,0.4452304515692419,2.293663301041242,4.641778385041242,49.41345990219788,28.14538009419406,3.6545612536000007,2.345106314,0.00300877,3.7051046612100893,25.747292036511798,10.759405595141251,-20.651096617230323,-28.82589536466036,0.765323131,0.20935677400000002,365.55928732451713,158.00268530571975,37.506704,0.092712,1.3484218930633638,0.6994935680000001,0.4178873881265163,0.2310409369368474
2023-06-01,42.459714,3.1735965060904556,38.21351875871413,268.22464779,3.4172938217200004,12.481273682785057,487.86195218,4.1331463280200005,15.03214475760917,450.48720813999995,3.6816532579800003,13.406280166673959,37.37474403,0.45149307000000005,1.6258645908021574,231.15822783000002,2.9218066134600003,10.673296824577635,46.04042984,0.47634093686000006,1.7425431072162354,10.07425721,0.53520504758,1.9416721030403086,-2.7573534900000003,0.22654416387,0.8367959025232903,65.48716087,0.68308522755,2.509723805221269,73.74399009,0.57948285262,2.1065551960136895,5.51851944,0.059731650170000004,0.21651316659335756,107.67507957,0.9142522212000002,3.315181125060381,16.52283409,0.14117719404,0.5117179367549548,28.48786921,0.33742348222000007,1.238894557024871,256.24796140999996,1.6823909215100001,6.072505327867035,25.688710609999998,0.34493931777,1.2782088901067756,8.9827213,0.09462563566,0.34070960559925456,6.882031919999999,0.16684448539,0.6490627236183906,13.4989568,0.28137613706000003,1.0150182753831498,4.68286846,0.09263350989000001,0.3426063896622152,3.2955913299999997,0.031189363470000002,0.11174345322718739,15.81780933,0.03805102859000001,0.12631656577540507,-219.63730439,-182.26256034999997,-0.7158525063,-0.26435943625999997,-0.731021561,-0.27993489600000004,67.35128630097726,5.12609783926492,96.05720268958741,21.01520567521835,95.46902225057646,20.995848723037525,100.9889010489164,21.175052352967327,71.70332764826655,7.6117807424412876,79.84206219911985,9.09080008157428,44.089914721032095,-6.8938911930115925,52.66024686219011,-8.773529226147858,68.19258738825556,7.82607230386263,110.56353426136498,31.625446115133226,82.94412508462807,11.133496054139535,110.54153714900887,29.13390123030073,99.52752960123507,22.15379156517232,93.82764649239748,19.433112523741425,100.85471418789412,24.448424011551452,113.85797308293189,30.92132137617225,219.11339532753001,86.35343451533586,-5.124607187395713,-36.228744072066135,105.10124595578607,22.175430450691568,60.48113809125566,1.217272166908212,144.5967903132989,47.811727674487315,217.07956523691956,87.06441606914011,16.30295908927106,18.31760682293106,7.753564620819536,23.37886513101876,19.83303241051183,2.04433961833175,12.369632307115992,22.120006131938137,3.4157318138705115,8.163840702481107,40.70484778398726,8.34568366069063,2.289433476344661,4.036742765648161,10.923713659474755,5.564771754507092e-09,15.452530907421776,13.212006153241852,25.8231,28.154,62426.0,1.6120328406,2.5756314820000004,90971.82,2.349174405042,0.037800886704,0.020274169999999998,1.3022679710850003,21099.41241148429,0.5448522366430001,2.894026641685,5.469658123685001,52.91055814170787,29.47227786723069,4.1876643226,2.5726227120000003,0.00300877,3.4461317853491082,22.507006077413987,10.311095418266571,-20.18791185626214,-27.90242334044756,0.8228362920000001,0.239497425,343.5679076716587,157.9723664118734,71.267313,-2.4237219999999997,2.181894233795001,0.725074568,0.9209504040509536,0.5358692617440471
2023-07-01,46.48864164,2.898557480846197,47.831733307401095,504.41349649,3.72472768721,13.099289887716997,455.83971145,4.32798724747,15.23504573293968,418.13233187,3.8554805338500002,13.571416589349328,37.707379579999994,0.47250671358,1.6636291434572998,450.31611102999995,3.20327495049,11.25505331123768,70.83017138,0.51445402724,1.8076561385528682,21.567549539999998,0.55425886912,1.993415591378845,108.37281302,0.31477678289,1.064620245551127,94.95316801999999,0.72964346657,2.5775793420700817,83.57831698,0.6267648756,2.19328257623334,7.45928241,0.06379967458000001,0.2236028263871705,139.82502172999997,0.9902344619300001,3.4469064523465947,17.368519829999997,0.14928833187,0.5223938212349188,27.286649569999998,0.35251821879000006,1.2657442812281527,178.73844622,1.73384800273,6.045189896554909,28.81071344,0.35326531221,1.2739416287954897,12.91447866,0.10521545232000001,0.36818181610302303,13.188502399999999,0.17111075379000001,0.6490586923859732,10.385147159999999,0.28219345722000005,1.0041221997422907,21.64349387,0.10775114976,0.3773780961855794,2.2910313199999996,0.03306795779,0.1166168516998564,3.2913987599999994,0.04117338235,0.1351325185169425,48.57378504000002,86.28116462,-0.60325956026,-0.13075284663999995,-0.628100262,-0.155999953,73.75287711764476,9.31112140346948,94.24981125128275,22.32721338837502,91.78057531241768,20.925344255026236,117.05292454195457,35.104174436215295,79.37877368932209,12.66729681600851,84.53223270603243,13.48359400357797,48.700442810893854,-4.477159530915786,98.55374397574698,14.896432401549141,67.78413879068188,8.135504198715093,113.99900043755142,36.00499022616375,87.46938424220698,15.324740585415576,111.85625374590575,32.33131010087362,98.54592361738996,23.946087903139613,97.17718877392083,22.66350732276554,91.2602928794626,21.491580828063505,108.76537972599291,31.68452646239288,245.73414018196488,103.52573565588182,-6.389972127245991,-37.63448595600406,120.33659719104773,37.92826823252526,75.35478615813722,9.418180365213846,158.42625796378323,56.45996228203592,296.53064047872545,147.92995234237796,16.06025193564183,17.30288150991272,9.826717586070751,22.77804677548481,19.566377700550643,1.9917014794574743,12.474023012881759,22.87979158230789,3.4493708815170168,8.145084507725171,40.061301098878026,8.16234642134187,2.4310481132195,3.9535872914141734,10.917470097819997,5.7763571703617345e-09,14.750738568592789,12.685671363372345,26.9394,29.57,62426.0,1.6817189844,2.64306844,91099.66,2.454170180604,0.039719720754,0.021984359999999998,1.348919873772,21099.41241148429,0.5684055107179399,3.02257569132194,5.66564413132194,53.34919774808898,29.6827500178274,4.3247874244,2.6400596700000003,0.00300877,14.14421629074102,51.89211437748975,10.340084658062509,-25.361028928327922,-37.491648649338586,0.9638495990000001,0.38588589500000003,249.7758045807816,144.27172397966913,33.602835999999996,0.325517,2.1919682434103684,0.7205324830000001,0.907039528471831,0.5643962319385375
2023-08-01,50.71296836,2.657111274643597,58.94353368806395,613.95592668,4.03275380289,13.438603726789996,562.68628596,4.588330095430001,15.453276784204423,475.5368950299999,4.05132106188,13.653727534777547,87.14939092,0.5370090335000001,1.7995492492672533,543.18290237,3.4746001548600005,11.55021232761552,68.16554056,0.5487884098,1.845900213608156,161.06412478,0.6142717799,1.994610638902341,51.172548719999995,0.35275363361000006,1.1448619238600422,96.79807065,0.76851678022,2.5901485810843177,104.09953218999999,0.69151306579,2.3036938363254804,7.78822824,0.06804033982000002,0.22931456938474826,129.27442838,1.06219125131,3.548333033072989,16.420825439999998,0.15670898831000002,0.5280153089262071,40.649891270000005,0.36222632906,1.243078939146753,186.92280030999999,1.8222238000400002,6.125670373105273,36.7619187,0.36765466991,1.2771359539510128,33.41624807,0.12883969039,0.415617845596837,32.090782829999995,0.15147633262000001,0.5158760801984931,58.11961081,0.3301991060300001,1.115838110902514,13.69659439,0.11326853715000001,0.37922817303431633,5.74408928,0.03527733207,0.116951351062485,8.391798869999999,0.04948087922,0.15707442871985047,51.269640719999906,138.41903164999997,-0.55557629254,-0.01856725898999995,-0.565412334,-0.028809705,75.10239839397059,10.512489098513589,89.23344480117676,19.544906667226456,84.31760309217388,16.661826979035155,136.89964821346945,47.13329489667526,80.35844837263161,13.909105912849217,87.12237143307453,16.199925878499812,43.73044475948926,-7.674579809526305,119.5711921865903,27.485436445207423,63.2071565164144,5.225001559729114,120.3074688628675,40.53773429104544,92.47528864713495,19.494105906529757,113.74664047259361,34.643880395896275,96.95596973175296,24.45101515753507,79.34735797047259,12.644854117180548,88.88421912634992,20.468464888992386,99.5788426433939,26.9788762935804,225.15406467028055,90.92372458790581,-34.416427167321885,-58.132767494804774,153.37251355966734,56.97229105278143,71.51495367143652,7.692041380658221,134.38024273610463,46.69065170344795,398.65436479586924,209.7270146884851,15.79428956832335,17.678919948265253,10.152351864619465,22.118135784489002,19.901946554131282,1.9582207099378177,12.396135570233824,23.149843825925856,3.4153817413024172,7.894513287541784,39.71431353326004,8.012820835976598,2.8079865160164688,3.301339037722486,11.703801215933956,6.320391321423813e-09,15.45527570269844,13.316186897280021,26.5763,28.7308,62426.0,1.6590521038000001,2.7589651440000003,90918.58,2.416279457654,0.03929890633600001,0.022380619999999997,1.3146317602160003,21099.41241148429,0.56074431407133,2.97702377172533,5.73598891572533,51.90079366373528,28.923558399000303,4.4180172478,2.7559563750000002,0.00300877,16.046305047941164,56.053451560473874,11.614902454527398,-29.77700956770081,-47.328631233536555,1.1068882180000001,0.40634099,272.40378038159525,150.28213996307886,132.39173399999999,-1.974781,2.225080828184341,0.8418966370000001,0.8434509442928922,0.5397332468914485
2023-09-01,53.12341372,2.536546327956877,61.52986461383583,441.2646387,4.26707821259,13.709999895426474,570.48243848,4.87324565391,15.730284495610166,499.7188865,4.29858911238,13.886925918028803,70.76355198,0.57465654148,1.8433585774217354,386.22389368999995,3.6873558155500006,11.819139231339404,64.29091851,0.5804438453100002,1.8752604000038138,14.82560081,0.6241504927100001,2.011947677676983,55.88895547999999,0.39260588509,1.2209199845059329,93.32072851999999,0.80726363174,2.6032564857973792,98.76952582999999,0.7525063806200001,2.3994476062660235,7.10405486,0.07134196468000001,0.23175471383567073,134.35517209999998,1.1350479124100001,3.6371545416158715,17.354422239999998,0.16457085555000003,0.5331419506119195,41.94188033,0.38201379039,1.258693607141203,211.95188027999998,1.92147632032,6.2015353199629875,37.12176572,0.38513285763,1.2908117961655234,33.28689006,0.16002050945,0.4914224220778949,23.70687575,0.15032686637,0.47416627962269364,27.18004255,0.33863608858,1.1079859859720338,18.3833865,0.11974304965000002,0.3770644950868696,2.09801454,0.03610437061,0.11706551778603083,21.58585089,0.07083137211,0.21086361193990577,-129.21779978000004,-58.45424780000001,-0.6061674413200001,-0.03151089978999996,-0.621104976,-0.046854839,78.3819396086409,13.102126963352445,89.7125356428839,20.69438384803133,85.03974616463475,17.88123182148538,133.89497151438735,47.1490506639763,83.96804458976241,16.65310774510196,88.3911843188325,18.058247445290565,45.89343967706534,-6.280143096972612,150.43618529073314,49.99318993459174,59.98162364680029,2.963093607348233,125.76237782068725,44.88567919397188,93.40561060351898,21.683928074910597,115.34002160124021,37.16118846130696,96.02540580633361,25.503288420243877,80.60264330320143,14.469530810922905,88.82110714355991,21.66910044193373,98.60137036249282,27.60292828701283,319.0055885039393,146.06740395888113,-40.051722101921285,-63.41207588977951,138.2824772885094,50.662065450145086,64.03869594010187,3.670973711737613,143.7574628014428,59.1023335476975,611.8859648717264,320.7883417074078,15.741465547268374,16.926776908208485,10.647355577520784,21.892751123601283,20.40775065554007,1.9347729985574702,12.449127189303539,23.291415886233967,3.3770276985310246,7.839001304674535,39.42908806122512,7.903005203954628,3.283653663582691,3.0847381200532493,11.792070055383522,6.361261739584734e-09,15.584515577710395,13.467213696352642,27.3752,28.8083,63492.0,1.7381061984,2.85975122,90605.07,2.480331912264,0.04374283208,0.027638029999999997,1.352599871936,21287.00897425407,0.5827361280719999,3.0630680403359998,5.922819260336,51.716385486364345,29.345926694737557,4.5978574184,2.85674245,0.00300877,15.062757006954786,51.62304224277574,12.152781321260345,-30.568392668822987,-49.37708329257548,1.179164345,0.441214117,267.25444621256304,151.2039538571407,91.586614,6.3204899999999995,2.388436481256,0.932474895,0.8611311688827978,0.5948304173732022
2023-10-01,54.9476619,2.4523336451555187,61.35701105169655,473.75012265,4.51666653424,13.984782263387464,569.2108571399999,5.135040481050001,15.909730428800076,502.40067474999995,4.554718103130001,14.144479920519112,66.81018239,0.5803223778700001,1.7652505081213408,409.42670118999996,3.91497616974,12.103780159897433,72.18402544,0.6165261337500001,1.9094246979255192,12.202441859999999,0.6321821905700001,2.0253684512167913,63.45655206,0.43739045515,1.3026513602333663,103.11363732,0.85843337306,2.6505828940044425,97.43411926,0.8076313538800001,2.4709707652227375,7.42821274,0.07489700542000001,0.2346449807302792,135.59940319999998,1.2075797156099999,3.720130253253934,16.55876872,0.17186450927000002,0.5370874025205986,48.37029387,0.40162116526,1.2634984827965425,202.74682256999998,2.02136391689,6.291722954948869,60.13806579,0.41971173442000004,1.3371523737512472,29.00679236,0.18504662381,0.5468051632281078,9.98052819,0.14753043756,0.4480832890664835,18.56768081,0.30843619939,0.9605462614259512,14.29933183,0.12528864548000002,0.37749258686914494,25.59504194,0.05981749055,0.1723863118378993,6.3317751,0.07667544621,0.22446139820969374,-95.46073449000001,-28.650552100000024,-0.6183739468100001,-0.03805156888999999,-0.6449565780000001,-0.06530514800000001,80.5043354813415,14.894681536991872,87.08614890591227,19.758418981431404,85.73914012170533,18.909491396089727,98.37765667920686,27.024890776215905,87.3163227153939,19.299663937835444,91.37311296221995,21.664143875719198,48.47406950156605,-4.363594373784863,169.94476821242733,65.01386766965153,60.86183155362799,3.3038685452977834,124.91815122084473,45.17783366400423,95.4190773643399,24.86791322788564,116.16900068635525,39.34124288937107,95.02197209949479,26.648653225838693,79.57257302628453,15.777037719595421,87.68902975011879,21.351084949557197,102.63707442461434,30.83519443366114,349.7200610084767,162.95796439788614,-42.49629483206968,-65.40659111929912,69.34913034905088,11.157118225751827,61.79445443350655,2.947222405482508,264.3496311612283,118.21017563415279,653.6669599733665,347.98764085633815,15.74788982153484,16.147791535905682,11.172237995488178,21.926911833974458,20.629278924413892,1.913089688741938,12.462800199941015,23.516459511202857,3.3468968726582964,7.821187909659429,39.36412817677878,8.173484434424134,3.603605940262464,2.873014109712205,11.301223038291164,7.01068358921475e-09,14.823139470311009,12.848466307412451,28.2043,29.8143,63492.0,1.7907474156,2.96676266,90573.9,2.55457344777,0.046055929642,0.02638904,1.413456802242,21287.00897425407,0.600385187212554,3.1549586349825542,6.121721294982555,51.53711648990621,29.252351247478725,4.7575100756,2.96375389,0.00300877,14.759138811181522,50.29781930274312,11.875593681557678,-30.665799426766593,-49.48141737013887,1.2034215700000002,0.45283901600000004,265.75041625830227,158.0796991247757,66.40865,3.991787,2.4700806270812237,0.9010842210000001,0.957675856852247,0.6113205492289766
2023-11-01,56.75054812,2.3744264058043782,61.98016605561012,746.8098870599999,4.915742073300001,14.420606360875293,671.18298582,5.566794513870001,16.582537376832537,576.5749042,4.91626668933,14.686501911797372,94.60808162000001,0.65052782449,1.8960354648755389,668.49316188,4.27146821962,12.49108055018501,77.11141502,0.65360420677,1.9385478478776415,266.30381583999997,0.77543700641,2.184428524918046,51.819811439999995,0.47165774259,1.358184929200245,101.03469179,0.9045170758500001,2.679135344367478,102.59783279999999,0.8640313006800001,2.5369000868798643,8.09190167,0.07851567809000001,0.23665412040992642,134.03947376,1.27867386137,3.796303103535598,16.60881514,0.17906901941,0.5403539158494406,49.84480565,0.42386611791000006,1.2756995154550366,237.29683163999997,2.17962349353,6.551181644595023,66.62401849999999,0.46206014792000005,1.4019798021536596,55.88146638,0.23568321919000002,0.6593192951082046,16.2794931,0.15729082966000002,0.46166463407584934,69.20514465999999,0.36133540005000003,1.0621544957964077,8.0743769,0.12840664538,0.37760187982907273,5.30847922,0.06407907477000001,0.18096444238577905,10.74858151,0.08611562872,0.24495088079397712,75.62690123999988,170.2349828599999,-0.6510524405700002,-0.0005246160300000906,-0.650322877,-0.0006580300000000001,83.27092654342898,17.054562243278838,95.43456122286844,25.21773819508166,93.03690710445609,23.74811324036652,115.67991870080184,37.903454230530144,89.57578102243468,21.39083487223765,93.3444296732341,24.890890901920248,54.53651415244478,-3.230365354041298,184.42759347650016,78.8545717963864,61.52777190897676,4.077104163206613,123.10371351819009,44.79407467020624,96.76570765837901,28.213610888049146,116.43638679048473,40.940448090956295,93.34828107178524,27.025995470057662,79.53952597361207,17.047493746947893,96.0097940000547,26.554557800517784,112.40835556262878,37.84899348681314,449.37436836679956,224.2221118039529,-38.28950575718132,-63.425579754461204,92.42143532316851,24.768616595978955,62.41090787792656,4.2726955093727925,281.90130456222505,131.51630943868676,665.345378032886,357.8163332721876,15.301628694504164,18.15387512069526,11.04205201442327,21.175788495752123,20.227969781239914,1.8381426257453217,12.260543267639946,22.96966159221627,3.2167348545709538,7.614186527882651,39.15401382428143,8.300291069999972,4.233733050551466,2.8255188738887442,11.685860199602683,7.005837687756866e-09,15.22960703539713,13.233563006150408,28.8596,31.7037,63492.0,1.8323537232000002,3.086466492,93240.69,2.6908890171240003,0.04816320924800001,0.03503837,1.4640059501760005,21287.00897425407,0.6143345641933827,3.305223581317383,6.391690073317383,51.71126170706087,28.66774987806912,4.9188202152,3.0822065390000004,0.004259953,14.253317467897025,50.93022757953546,12.840434717503403,-30.33688169034,-49.139731338106714,1.246128562,0.44721604600000003,278.64129052292543,154.1186486138497,87.61135999999999,74.21086,2.650891040121341,0.9977192610000001,1.0384615196010618,0.6147102595202791
2023-12-01,58.41175431,2.3068986985883253,64.77291859068686,549.9447079199999,5.21048786822,14.719225194630814,1392.4765065999998,6.585455511470001,18.37391292098027,1350.1441017799998,5.91084097811,16.44957540997396,42.33240482,0.6746145333100001,1.9243375108466905,440.91112809,4.500865585710001,12.704223523884137,82.30909518,0.6940142819500001,1.9691623707702826,19.58248344,0.7863135278500001,2.1965107125215333,48.81822453,0.5054655891200001,1.4137470148412794,101.49538496,0.94950956481,2.6984992539558954,116.64748433,0.92819480301,2.606494826887761,8.91448106,0.08259233415000002,0.23882965417207727,94.00134853,1.3245298489000001,3.83014722688575,15.55301474,0.18573533115000002,0.5424535047283312,80.64270559,0.4528552625,1.2653914283075358,309.59178087,2.3736406224000004,6.826062589616624,179.88577862999998,0.54299656955,1.440837284976417,639.39973298,0.8580588251700001,2.069638543440504,31.069740409999998,0.17302451807,0.47504483092502897,25.048728989999997,0.37360204604,1.0713528339806047,4.99376984,0.13044766322,0.37789816449681063,3.5108894900000003,0.06588078126000001,0.18256685753809584,8.68800727,0.09408530099,0.26226273845724174,-842.53179868,-800.19939386,-1.37496764325,-0.7003531098900001,-1.386310028,-0.712558472,85.9324560814446,18.26271225011842,123.88691956114863,42.31811794019129,124.70261709720644,42.764895438461025,116.98539394576835,38.61013027781524,91.25875939690506,22.175132541425846,94.69929125333654,25.84569981814142,54.95330323209138,-3.3005451709558598,188.6147826815984,81.05696768539407,64.0011211121156,5.628067203027709,121.10874843029058,42.67514822056662,96.91401414050142,28.750061267691642,115.27350712430521,40.35663529260276,91.79117984775233,26.129421844861177,76.15633944152992,15.584231764526212,110.77441120040174,36.997846322601106,96.45090406553625,26.068948045531148,1657.5116184855424,941.3654018257669,-17.58520826296125,-49.68676908824351,91.07358408511419,23.366541412301835,63.951390564583654,5.5432989462544935,282.22887301083654,137.5846273205018,700.6516926514902,378.00135503690495,15.419573607206956,17.470273503534568,11.230408451317128,21.096154655776445,20.62258437481375,1.835032230516417,12.325973176834722,20.11295720687876,2.820387000208286,6.876597400305176,36.04368169013958,8.245391204970613,13.029604765767596,2.627373577554965,10.24400714779733,6.377689487635507e-09,14.988550990099858,12.947243144440158,29.3973,32.6937,71428.0,2.0997903444,3.2092518610000003,92019.75,2.705132196675,0.051721315647000006,0.07631831,1.420192088217,25122.440698363454,0.7385319259420001,3.443664122617,6.652915983617,51.761725701889574,31.561954931804266,5.309042205400001,3.2080006780000003,0.001251184,13.51777884638737,50.294175621520175,12.741540616177756,-31.577627209335578,-52.0313779745091,1.3139337610000001,0.452871823,290.13369661552116,158.98067806139045,101.470052,-50.40616,2.7166174659130005,0.9608177940000001,1.162391660106704,0.5934080118062965
2024-01-01,62.32727511,2.1619748298346555,64.8569149400415,617.24910545,5.53865908729,15.023380937636627,767.96829569,7.032103350800001,18.889001920023883,646.87525771,6.25775506112,16.778992313087716,121.09303797,0.77434828962,2.1100096067549265,517.20125202,4.76524057173,12.921285082773398,102.83739098,0.74727341082,2.0147891147519728,10.10719769,0.78723938664,2.1856384127096145,108.39460881999999,0.5728933487300001,1.5020808204294698,91.15696713999999,0.98823224731,2.70869388003523,97.70715006999998,0.98111353714,2.6581019212554566,12.629267819999999,0.08820328659000001,0.2411193792379666,260.25002522,1.4815402727300002,4.02483825634224,30.55525281,0.20077044736000002,0.553196864460914,27.05621319,0.46008524980000004,1.253222339691897,284.65576235000003,2.51191538148,6.91975513355066,18.057209649999997,0.5511694227099999,1.44464704022585,0.27864302,0.85833056073,2.070216343309039,26.022151440000002,0.19394372595,0.5131163344910561,82.50083214,0.44257928518000006,1.2015172395783904,26.23186525,0.15075474395,0.41349388725119524,2.07953486,0.06657494112,0.18212505446765206,10.201294560000001,0.10383705210000001,0.282715433494414,-150.71919024,-29.62615225999999,-1.4934442635100003,-0.7190959738300002,-1.533378232,-0.7598929200000001,89.97738882850028,20.30845092973015,125.62058949934371,42.715793300274505,123.59094605944931,41.58362903154125,143.48194943843288,52.40711687079953,93.81187161035776,23.400859385515638,97.39906126759259,26.951928464909436,56.77804473102277,-1.6688112976383618,195.36735598670109,87.19814855277674,64.75352826258094,5.637137008448101,121.78217721643607,42.77605402017799,93.1962534812454,25.630062919656595,120.83112821751581,42.26172365032546,91.64838735033123,24.969680114560667,69.68581562104026,10.605421822982164,107.87160061279889,34.523892036455365,95.49109662345249,25.21887822926365,1657.8590277631456,941.5594455062765,-8.857913687938456,-45.97048210306457,120.45822957110963,38.10537944917358,85.59936439097034,16.409983798807026,268.2117273229769,131.29415923482875,837.9112714632047,464.06923155000504,15.681756242344457,16.5204542098112,12.022338434049168,20.738349563561,20.58896129946722,1.8509723751046254,12.597167875662336,21.06823803380896,2.8550554129321712,6.542640613318899,35.72068350210232,7.837902761302515,12.205886601941833,2.7579760460707132,11.011617022549974,5.972609073978674e-09,16.249930679551742,13.980789888241333,30.3053,32.8144,71428.0,2.1646469684,3.366450672,91841.95999999999,2.7832981503879997,0.053907673746,0.08667094,1.4586053019610001,25122.440698363454,0.761343102096114,3.5446412524841135,6.911091924484113,51.28916372717337,31.321345339529437,5.5310976404000005,3.365199488,0.001251184,12.919360806921363,52.53150083248702,14.096988353122294,-30.79029266402359,-50.759926586919214,1.374794486,0.433583938,317.0768945781382,156.91077297335505,142.795897,-0.9793339999999999,2.836173642774188,0.9915638330000001,1.284869786367812,0.5597400234063761
2024-02-01,65.15019471,2.0682977326438756,67.06919193088945,536.10666657,5.85593740972,15.376050355780954,689.9046731,7.33261986887,18.97040397390289,635.0745155399999,6.53766471048,16.865247450909695,54.830157559999996,0.7949551583400001,2.1051565228465057,406.29076097,4.99191171694,13.140941860218373,69.51244062999999,0.78937552404,2.063845472195937,13.107820929999999,0.7957044489500001,2.1967062908877275,64.51204414,0.6163466000800001,1.5627425227722616,100.13168610999999,1.0368102555,2.737652888061727,88.84994848999999,1.02725426224,2.694288846167053,9.4815498,0.09284348380000002,0.24400080991844453,200.12850633,1.5970349108700002,4.146312250175357,25.03287795,0.21225534981000002,0.5581574382202821,42.85946247,0.48011724302000003,1.2629884156314217,294.29532316,2.61252741331,6.859175134397931,32.73846104,0.56597666776,1.4503988177517546,1.81605659,0.8478662521000002,2.03153783059279,38.20382797,0.22188687326,0.5566775632002715,20.108349379999996,0.45032395242000006,1.200384733921583,13.813173769999999,0.15470998069,0.40799965708569935,17.98522298,0.07588531362,0.18934800596532744,1.58427259,0.10295083284,0.27745542519590327,-153.79800653000004,-98.96784896999996,-1.4766824591500005,-0.68172730076,-1.583154272,-0.789062091,104.48819098687774,30.385382674610195,121.84076578440735,40.47892336315053,118.15719813561626,37.838154568316895,157.6130788431629,65.94994520239909,103.08962254466714,29.79098805458744,102.80142580693857,29.63598036734094,87.5954703363011,22.3279430307338,198.2300550189705,88.19285051811276,68.40331209346044,7.32435748935758,120.33141755352594,41.194925854360555,93.40431431259107,24.937232449056346,123.7414328216623,43.084501853569336,90.39845775090394,23.25019630605498,69.5922963873238,9.47566151578254,96.7268079544534,26.648723284999964,90.761345404485,21.00628989473019,1293.1717024838922,746.9816176847688,9.383889686360503,-36.51212212705867,149.1693549277491,62.422236835611145,83.7587700156327,15.806115829588574,221.35107776357012,106.09348236567584,700.0021636794603,404.00692994269525,15.813090631416065,15.939874221929557,12.346905054198663,20.769803519994063,20.578373987545163,1.8598783204626121,12.692074264453879,21.779867761181414,2.8946727582471805,6.547690342687694,35.628840169408726,7.718614599984989,11.56293749386277,3.026024493673829,10.841352375498326,5.4550781669604476e-09,15.924864128552757,13.575199028263018,31.1201,33.6543,71428.0,2.2228465028000004,3.440802806,94808.54,2.9504512456540004,0.055353944272,0.08893705,1.5672188168340002,25122.440698363454,0.7818128667771406,3.732264112431141,7.173066918431141,52.03163660499411,30.988788032750858,5.6636493088,3.439551622,0.001251184,19.152017401683295,65.35547747683562,14.077189846871915,-31.718596032916967,-52.99200208401753,1.5146700210000001,0.574605561,263.60169894004906,147.78284761708406,55.491439,90.28880199999999,3.05190299978017,1.081814048,1.3645925217630355,0.6054964300171344
2024-03-01,67.21068098,2.0048896698442586,68.49537313071615,483.84237487999997,6.052958347870001,15.377176151137856,692.8072313499999,7.6913830254,19.230956269797346,618.25401588,6.86694965709,17.128598739830988,74.55321547,0.82443336827,2.102357529853449,420.46789447000003,5.21378987173,13.313068398054233,85.15551968,0.83434638373,2.0988232322625295,5.07576204,0.7993397483,2.2020165400184943,49.011277119999995,0.65707485688,1.6330234712801766,111.76840111,1.0845154384200002,2.745321275441585,96.59564312999998,1.07607296333,2.726554951816281,10.408160449999999,0.09753991397,0.24557296260303788,203.94123709,1.71429306262,4.262363783052476,25.92162491,0.22441002041000002,0.5636206500494436,48.818624989999996,0.50079566915,1.265802663063714,258.21658956,2.7460497526800003,6.955635483729849,44.7798909,0.58907495556,1.466933930491764,2.9595019700000003,0.8422393811800001,2.008465281453418,33.61654643,0.25008681514,0.6057769470916319,35.71584722,0.4628508229600001,1.193655310593232,26.14099092,0.16786833575000001,0.4165522160556931,3.4790652599999996,0.07703874677000001,0.18846682238834167,7.424915019999999,0.10485863778000001,0.2737039554496657,-208.96485647000003,-134.411641,-1.6384246775300002,-0.8139913092200001,-1.7346130260000001,-0.9116399270000001,102.13189429499359,28.478275523269847,125.25927387276914,42.56913880674207,122.39432800999155,40.34074238382732,152.3348879925797,63.7534530819388,106.14671455474749,31.192204682411173,106.07189365416008,30.929787428291444,90.38743641170667,24.311035025147643,214.9709669504596,97.66507789280996,70.86864881169876,8.15585895934019,119.95204816868879,40.28206872166069,92.73392362348393,23.53298376059536,125.73877187397913,42.94132651710751,89.53269298713637,21.320759281488442,68.38780604920736,7.417975074223593,100.89447067498315,28.78422789622914,90.30304464130423,19.557870531929545,1124.365410490116,656.3961223787176,49.5141028609638,-11.778412676543248,142.30848910073664,58.775213698211836,92.8613224520363,20.86349444749114,204.97902590006007,95.75876467425618,558.0114709819906,347.01311981654993,16.002685268425548,15.331261289108475,12.602634034846027,20.800904238592654,20.638978359381895,1.8708063878614856,12.752730421783909,22.288489039730873,2.917680990127641,6.511126379952394,35.70293851718805,7.658895072767026,10.950428270164043,3.251519451236715,10.718922273762647,5.070603492640657e-09,15.812554563048447,13.620337707430503,32.2596,34.8189,70517.0,2.2748502132,3.5724117260000003,94328.34,3.0429945170640003,0.060601916772000004,0.07811013,1.62913076874,24268.011223821744,0.782876334876,3.8258708519400004,7.398282577940001,51.712959212289064,30.74835530050024,5.847261939200001,3.571160726,0.0012510000000000002,21.680250766223217,68.53672769017703,13.981031400502907,-32.35361346564801,-54.51434173021324,1.554855973,0.6158572290000001,252.47019922534676,144.1405735476661,70.658689,-7.028721,3.002966462720001,1.058202254,1.4807295393005426,0.46403466941945815
2024-04-01,69.34781897,1.9431036476906807,69.8024675940787,595.81292672,6.38079839225,15.6507425270523,773.64251046,8.06458139909,19.412983275494778,659.6152800599999,7.1606175722800005,17.20287897627478,114.02723039,0.9039638267600001,2.2101042990876616,487.85587501,5.46894190556,13.493231045567352,110.47890138999999,0.8971520398400001,2.1562002742660042,19.757501899999998,0.80939951199,2.2084103286309955,72.21487292,0.7004899386600001,1.6783213306685032,111.47984294999999,1.1388941117100002,2.7735363992306707,97.57535286,1.1200406821800002,2.739278914266463,10.92422181,0.10217148246000002,0.24603763873232562,209.36862474,1.83580189969,4.379300804509585,25.97937719,0.23702086092,0.5699926154852072,45.44642435,0.51521998244,1.2517542457300335,310.12100948,2.88142775574,6.981679043048944,57.75362989,0.6145859507300001,1.472772647063203,3.80855614,0.8282273731500002,1.9570678552166794,7.13765823,0.24833374926000001,0.5903117643766882,84.77206953,0.53183654545,1.306290155734812,16.58976255,0.17420279366,0.4149511029481217,5.5052339,0.08121223458,0.19477004888277966,4.8276164800000005,0.10402175150000001,0.2643948393144574,-177.82958374,-63.80235333999991,-1.6837830068400006,-0.7798191800300001,-1.7485075350000001,-0.845868311,105.93730453857356,29.614576992767994,123.97751118000104,40.73246008692784,119.74946232238999,37.763167322597525,164.25198359774663,69.10237024663073,108.29404553916984,31.391666345718882,109.34388485084926,30.954238145857317,90.44762269920092,23.941865837228082,210.17945723862778,93.73897178873266,75.84349487188788,10.171293786436841,118.40742341702462,38.473557254455535,89.92689245577101,20.118885759340156,128.84015979496718,43.19892445112596,89.76933297819505,19.71961444941954,64.7162273396715,3.740554678943253,99.17452096654354,26.312102600839005,90.80677533700782,18.771652905763947,867.5542037802513,512.4661064556999,51.20055399553147,-10.490769324979254,168.22608478169826,71.10049125643168,94.34859152392856,21.27417459487768,212.75323594338968,99.34492533691414,412.014899191708,258.1038362445941,16.4044902164331,14.799928870466223,12.808509411077248,20.824761560406106,20.480025231961427,1.868212978384857,12.814071731271042,22.763759317962247,2.939034888366868,6.388676075588212,35.7294149956145,7.620804110171786,10.269936307462363,3.079313568439172,11.209060731434894,4.9599577778280945e-09,16.52904423506465,14.166939169523642,32.3389,34.6487,70517.0,2.2804422113000005,3.5629979950000004,94246.61,3.047831696129,0.06106845537100001,0.10648027,1.6420241403390003,24268.011223821744,0.7848007881660491,3.832632484295049,7.39563047929505,51.822931054018476,30.834993956017282,5.8434402063,3.5587117480000003,0.004286247,22.874342730933336,68.10972928201512,15.211826655521493,-32.14949800909777,-54.590640938557215,1.672876727,0.6848957600000001,244.25274979071267,137.48929978326646,97.189674,1.70679,2.9062474460033654,1.102105205,1.462991376935404,0.34115086406796147
2024-05-01,71.6834975,1.879791091387526,75.44594801149734,1007.13624184,6.8385107427500005,15.731938763098253,787.7276395099999,8.42179108774,19.47389102439227,677.0844944099999,7.50989856587,17.39455475997665,110.64314509,0.91189252182,2.079336264297465,898.4235553699999,5.859951463920001,13.508619500376374,113.33685899,0.9622527076,2.2101660989142,403.92998013,0.95759853617,2.124309189719667,61.61942808,0.7325237828400001,1.696579215069646,119.94759871,1.1906873381500003,2.7742385278392168,116.32713731999999,1.17392603335,2.752015539664133,12.58467842,0.10833255872,0.24850905405630805,204.03238546,1.95249070611,4.4747784302536,25.42980432,0.24930613738000001,0.5744444548069594,59.51867454999999,0.54092349504,1.2521139307757876,310.84886656,3.0416340744100006,7.069188243980374,61.23747959,0.6495976424600001,1.501393213562959,3.3730875,0.8251241750300001,1.9420496530291873,12.6441964,0.25082233507,0.5805868326999309,85.80692409,0.53090933414,1.1815385680889772,11.541674579999999,0.18009128886000003,0.4180027566028524,6.58766749,0.08347986161000003,0.19290591936574825,5.30495579,0.10419827616999999,0.25745339338836487,219.40860233000004,330.05174743000003,-1.5832803449900004,-0.6713878231199999,-1.606393304,-0.695967522,105.35521971925066,26.624888202473528,118.33030227228298,35.102933144394456,118.91711421861326,35.35717203060405,113.6146615858594,33.01294793596696,106.09802479649821,27.3292463669488,112.62544193098182,30.465882932331255,81.10047450778433,10.316607377874742,207.55421274515965,91.81699283299032,77.13888390147454,9.166247865811528,115.53919289000353,34.69260642613834,89.62952683763257,17.3388466358944,129.94109762660796,41.60244794725825,89.7406054625655,17.511825395541635,65.7844562480804,2.2493456364684805,98.42377756803178,23.424480199620824,92.30207732033281,17.475309690979678,817.9971543536126,487.075070452914,53.79072197780091,-9.418444510241253,93.04620089176971,17.742407421978857,97.3660624960071,22.149699653332533,182.981899310769,78.07190846733887,354.0527602767101,224.8432057750628,16.420830676237433,16.341407297756298,12.500509387324858,20.31906485029985,20.03303338906334,1.848693788455565,12.536460610862662,23.18379410945414,2.960250792054516,6.4229032684917575,36.116237540466315,7.7132956124457905,9.797490420193068,2.9782540608865724,10.82777419102078,4.987057877769985e-09,15.561434722361875,13.334665340502145,32.2489,34.8654,70517.0,2.2740956813,3.712684614,94204.08,3.0379779555120003,0.064130485029,0.32443103,1.6138968454780003,24268.011223821744,0.782616667155905,3.8205946226679055,7.533279236667905,50.716222014860804,30.18732758810983,5.9867802953,3.7028242340000004,0.00986038,21.512443390376713,70.88410269951272,14.97968305618561,-34.46432684290278,-60.46626495531173,1.8266024220000001,0.725044998,251.92952534512898,145.43541713715675,151.083161,1.711015,2.891500851626663,1.217299965,1.3482205825331288,0.3259803040935343
2024-06-01,72.85966164,1.8494458657494255,71.59715592997165,591.21797863,7.161504073590001,15.974127604358552,866.49826497,8.80042740053,19.528155671327173,767.2215109699999,7.826632868700001,17.3838247817626,99.276754,0.97379453179,2.1443308894781548,483.12577035,6.11191900644,13.66853151479184,106.21403903,1.02242631679,2.2604894670036546,13.868478279999998,0.96139275724,2.1179865620557363,80.74977894999999,0.8160309152800002,1.8546722873108241,96.38900609,1.2215891833699999,2.7446749517252487,111.67126103,1.21185330429,2.7245118224042986,10.21221548,0.11302625476000001,0.2498824397423601,207.69889371,2.05251452025,4.517189034229925,25.87272982,0.25865603311,0.5698578594694741,48.08893506,0.56052456089,1.2506428107199796,370.86076239,3.15624687539,6.941847512727661,72.9431741,0.6968521059500001,1.5547720630989799,16.00688773,0.8321483414600002,1.9431459924320869,25.750128129999997,0.26969043128000003,0.6063695082563624,87.14243793,0.60455281527,1.2998635475135953,4.21181819,0.17962023859,0.41093075135849894,4.91354221,0.08509781249,0.19153437256182806,2.91664969,0.09129711653000001,0.21264823467568172,-275.28028634000003,-176.00353234000002,-1.6389233269400003,-0.66512879511,-1.6194365800000001,-0.647110007,109.5665297514703,27.98475548525994,112.92319947321774,29.909310921464826,112.5847362658539,29.66926370057692,115.68316248796462,31.88865183540286,109.1828726201106,28.06288197023632,114.6417067426011,29.723589484959945,79.63073434883765,9.080547572339892,260.20831494395543,121.6397429430773,78.8340801559177,9.361633579566941,109.12668922141195,29.33493637194937,89.22339235283177,15.412121892649044,124.5019998481355,36.25768438663064,83.21375124987573,11.361712877061137,66.11901376933159,0.9482851973553919,87.60484469074325,14.316038239952956,102.0216513603271,21.636774327950526,779.4110979079685,470.3232196856907,61.64180113570852,-6.577671742419955,114.85575201463747,28.063068324845865,93.90417010355603,19.942524061984535,172.8424149208839,71.40545332209886,139.93337345417604,68.34548451370755,16.728400944330104,15.729801985710228,13.35146808097695,19.986998880103567,19.827705553903705,1.8492760561929344,12.52634849878251,23.322895887151898,2.9391303551282366,6.369287937722694,35.86469988037078,7.91838934899949,9.455771902736048,3.0645151537044453,11.065309529527553,4.6588581881223945e-09,15.932713289622018,13.597625886734225,32.8417,35.1212,80078.0,2.6298976526000004,3.891652644,94072.51999999999,3.089501480084,0.06628505994400001,0.34665896,1.60615289603,24355.928851003446,0.799890108546,3.8893915886299997,7.78104423263,49.985470745941015,33.79877525398789,6.521550296600001,3.8697020340000003,0.021950610000000002,22.08592401019398,74.22313783749036,14.698006273243475,-33.15856218499832,-56.89914965672817,1.9409256810000002,0.7422224660000001,261.50187712049126,144.11652099596898,168.413104,4.42575,2.3113861089449994,1.321295228,0.7865831518032439,0.2035077291417554
2024-07-01,75.2097909,1.7916550277232588,61.78100337370927,730.92950764,7.38802008474,15.821629617942166,827.70575864,9.17229344772,19.68984124957985,735.1672173999999,8.14366775423,17.489010224509173,92.53854123999999,1.02862569345,2.200831024984261,611.7406647999999,6.273343560210001,13.459292620171954,152.23578009,1.1038319255,2.3279381446781584,14.33145102,0.95415665872,2.081148796267601,78.65424791,0.78631235017,1.6814687381310998,119.73526487999999,1.24637128023,2.6839720255488593,134.78826277000002,1.2630632500800003,2.723749335155339,11.62746127,0.11719443362000001,0.2490936803551631,246.38625277999998,2.1590757513000005,4.553337340040132,29.18027785,0.27046779113,0.5717951979053162,58.854971209999995,0.59209288253,1.2769986935565312,276.83035692,3.2543387860900004,6.919748353123997,85.16014344999999,0.75320153596,1.6238401533027782,2.6386200699999995,0.82187248287,1.910440130615582,36.116595090000004,0.29261852397000004,0.632850355140928,53.59821981,0.6477658879200001,1.365791121522892,27.619733179999997,0.18559647790000003,0.39768087410628356,7.730853969999999,0.09053763514,0.1987447099743339,3.48995377,0.09149567154000002,0.20936071939597808,-96.776251,-4.237709759999991,-1.7842733629800003,-0.7556476694900001,-1.7612161320000002,-0.7340583980000001,98.35060990120279,20.7823458642431,111.92977065914005,29.24044728666919,111.22315837756047,28.86650490291722,117.69546630491283,32.290963622491354,95.84155769239781,19.584441299211242,114.56376411745862,28.782133671827957,72.15000280192538,4.401149728545617,149.79998300725376,57.94070657191435,70.81922025411936,4.127620117925557,101.5210646370178,24.185974241084885,83.69127176823916,11.400058925845125,118.03682201605969,32.0992432777019,81.1714202591016,9.456730662245283,67.96093108671863,0.8891537173257635,87.69458343326164,14.467013799971596,113.21129188938204,27.465820772190106,681.1328704555436,418.88497667712386,71.01118280919007,-2.497206714151312,129.54674226022087,36.01841706850264,72.24547330899871,5.3799566339218785,173.7926415503629,70.42537770257663,122.22044028889458,54.929932257370815,17.595591806915944,15.20969877645374,12.534182810540639,19.86773509640651,20.133812821782058,1.8681335159663552,12.790845171934762,23.539104626408264,2.9487476896765825,6.455232662417483,35.48009889390256,8.211703433313364,8.96038147443153,3.190243810207987,11.214487405063238,4.578993184622959e-09,16.396769658436604,13.922887074639018,33.0304,35.7612,80078.0,2.6450083712,4.017616551000001,95935.77,3.168796857408,0.06786756288,0.44247652,1.6662419795840004,24355.928851003446,0.8044860723201843,3.9732829297281844,7.990899480728185,49.72259930575565,33.10025833235696,6.662624922200001,3.9828042920000004,0.034812259000000005,18.070912907109758,66.14626706433121,15.064217164618016,-28.876558579116285,-46.716786209091254,1.9287655460000002,0.653713797,295.0473976304955,148.19789877231608,109.951369,58.895112,2.3252553494062447,1.4562133560000001,0.683404550058351,0.18563744334789356
2024-08-01,77.0707942,1.7483925188356242,51.97452780301026,690.72049069,7.46478464875,15.397930941555348,820.31448854,9.429921650300003,19.62895288992401,723.26837112,8.39139923032,17.490012788392583,97.04611742,1.03852241995,2.138940101471578,576.70886204,6.30686951988,13.024308666027938,136.0699538,1.1717363387400002,2.3847184075762358,20.43574129,0.81352827523,1.6889131915623559,87.84167548,0.8229814769300001,1.6990793102261579,109.53453312,1.2591077427000001,2.618278138922158,128.20274347,1.2871664613600002,2.671294012065317,12.39009013,0.12179629551,0.25006223218015255,229.72653758,2.2595278605,4.61149295855141,28.13715062,0.28218411631,0.5773580211350969,55.56846486999999,0.6070114561300001,1.2661428974118663,301.92351019999995,3.3693394959800003,6.950954479426613,75.92618351,0.7923658007700001,1.6589084158801015,14.67381748,0.8031300522800001,1.8473050338172892,17.312706829999996,0.27784044796999996,0.5778509813735624,67.04926544,0.65669554255,1.3285892824504628,16.06837114,0.18796825465000003,0.38938131861944464,9.0875339,0.09388107976000001,0.19937060187131161,3.37881179,0.08648268446,0.1929702652601493,-129.5939978499999,-32.54788042999995,-1.9651370015500003,-0.92661458157,-1.9996919030000002,-0.962637442,85.10390203836636,14.579842181516312,105.51968699227308,27.021298874215205,107.12748020089036,28.09698116388799,93.3901210527774,18.859770153138022,81.51353360928282,12.762504243216256,113.51331730329849,29.18999575360899,32.437839707114314,-15.326171503237052,133.30205517879313,48.40910286347055,63.836076856976455,1.086021012202476,86.13769211858815,15.956989159904133,79.00600707199696,9.047686263925737,112.72326030866147,29.96223622667358,80.06887757566685,9.34493969677417,67.57794987052233,1.8553896730761466,84.90261711574828,13.472551672789091,115.5190361009061,29.892859937739445,523.3560868152596,344.4720200030188,83.42168916051219,12.013524866518965,98.87865550136776,19.066490870783316,65.9492206569916,2.6773183816724444,166.12295843039928,70.47310703130869,74.78000759744785,22.852756386159268,18.5787312556023,12.899082067032822,13.048969450467702,19.964068365948325,20.408959743065857,1.9311687854978392,13.169020332385145,23.96125804956307,2.99243330723774,6.437078468310377,35.73030212687725,8.4026763970493,8.516826354060422,2.9463706939830274,11.013054598570928,4.347896265244344e-09,16.46652775479902,13.912289085578694,33.9626,37.8261,80078.0,2.7196570828000004,4.191467093,93867.51000000001,3.187984695126001,0.07225305411800001,0.46129793999999996,1.6794458152360001,24355.928851003446,0.8271906691950898,4.015175364321091,8.206642457321092,48.9259204991827,33.13970478114119,6.9111241758,4.156654835,0.034812259000000005,17.521827738184147,65.52811519370411,14.897079212144245,-24.397146763256206,-37.07744859086601,1.8881791440000002,0.6163145160000001,306.3661645120168,148.3239768074337,129.204613,-78.605808,2.4706535415957616,1.3763952080000001,0.8273984973489467,0.26685983624681475
2024-09-01,79.35840832,1.697992725063768,49.384993852763245,831.60349783,7.855123507880001,15.690699432056567,932.06795147,9.79150716329,19.764542356294832,783.39028774,8.67507063156,17.552643691298442,148.67766372,1.1164365316900002,2.2118986649195604,732.24389343,6.65288951962,13.28797867073587,140.78141272,1.2482268329500001,2.4606873289314803,171.45634141999997,0.97015901584,1.9424389886652056,90.77594693,0.8578684683800001,1.7114512829279331,110.47752179999999,1.27626453598,2.569155815971965,127.11753499,1.3155144705200004,2.636605183648247,13.134061339999999,0.12782630199,0.2543440085172766,245.20351426,2.37037620266,4.687048623492691,30.45783651,0.29528753058,0.5850549099435733,68.25579573,0.63332537153,1.2756532194661765,332.57779816,3.48996541386,6.978043397592231,84.26530531,0.83950934036,1.7078292127474175,6.92996423,0.7767731264500001,1.774638323913984,15.700073519999998,0.26983364574,0.5443760033624961,115.28413359,0.7447996335900001,1.4553974654776483,23.20517631,0.19279004446000003,0.3821532276556596,3.52545179,0.09530851701,0.2000350822858575,4.720935519999999,0.06961776909,0.14623286861775023,-100.46445363999999,48.21321009000003,-1.93638365541,-0.81994712368,-1.964200425,-0.8497366270000001,84.08670093516177,14.447115621721007,100.92373458403192,25.646439273304324,101.81204587746406,26.39689874423967,94.2789215997911,19.992859339027458,80.42439765546914,12.427634624201044,115.04695812277141,31.21843392664165,55.43671392898608,-3.454796055732079,118.5062682347068,40.17718643703769,58.09761344371498,-1.3099235519610786,74.81771642070734,9.883840629105634,79.17407035726728,9.74707021390866,108.83490262777356,28.865808968633623,79.42881173774146,9.737173987541258,65.78599711896125,1.3473979869885078,81.62937408871038,12.521223174036166,117.97915283731074,32.30660099486875,385.4209807979087,261.1227823936548,79.49795153439678,14.806983701091148,119.94101004212587,31.355223252289697,61.00311878101561,1.349565561089916,163.9805524918968,70.87446933047885,-1.7133693501169112,-30.650496179765106,18.76217588265762,14.582521068160073,12.894674800326458,19.18361235694919,19.773580586907748,1.9213651694204172,12.882070135578502,24.208491738094597,3.015751565674,6.468109157949074,35.642780581772584,8.573852077721611,7.933131370850164,2.7557927624426557,11.402090741205887,4.289432808946003e-09,16.78122759137249,14.212845037637257,34.09,38.018,86384.0,2.9448305600000007,4.374224882,93136.33,3.1750174897000005,0.07405882050000001,0.53569981,1.6998231929000005,27396.199859196247,0.9339364532000002,4.1089539429,8.483178824900001,48.43648858184286,34.71376262110935,7.319055442000001,4.339412623,0.034812259000000005,17.30982669065579,69.78443388527222,15.499606831604137,-22.683260310976884,-33.885387021159104,1.9113045030000002,0.578724027,330.2618197671617,144.41030107070236,152.302463,-16.723074,2.560359564564001,1.4140674930000001,0.7513329318963218,0.39495913966767904
2024-10-01,81.64382342,1.650461655951683,48.584708788127706,769.20719951,8.15058058474,15.798453055158651,955.47838532,10.17777469147,19.945627858203885,819.25971892,8.99192967573,17.672746365603395,136.2186664,1.1858450157000002,2.272881492523661,643.60452246,6.887067340890001,13.34617238209992,159.66074282,1.33570355033,2.54718194868738,13.16653689,0.9711231108699999,1.9342453942174918,105.37657655,0.8997884928700001,1.7297546443368645,119.02363879999999,1.2921745374600002,2.5127307258890084,138.9999093,1.35708026056,2.627078235281266,13.90329145,0.1343013807,0.2590744019213477,241.57528696,2.4763520864200004,4.753224392915327,29.032107059999998,0.30776086892000004,0.5923636637831827,63.100091299999995,0.6480551689599999,1.2611774015604162,350.19231526999994,3.6374109065600004,7.058819531717522,103.88923919999999,0.88326051377,1.7318158164216169,9.20537907,0.7569717131600001,1.7186971162550513,22.26530003,0.28211841758,0.5566484422435108,95.17792453,0.82140987731,1.5669508320446048,18.55808166,0.19704879429,0.3777158972935576,14.98570109,0.08469917616,0.1620008248238273,5.025133469999999,0.06831112746,0.13899903361473667,-186.27118581000005,-50.05251940999997,-2.0271941067300006,-0.84134909099,-2.0432000390000002,-0.859410329,80.45566399361081,12.968888307395577,98.20242370102746,25.367478396101273,97.42011409116076,24.944476325113207,104.34245876447062,28.756880797760754,75.91594539252029,10.264497584967835,116.64994834941172,33.40049238154024,53.6144366854747,-4.499085435272532,105.71745045543435,32.78722896562163,50.52706220564003,-5.2008246347342135,68.03214164981992,6.317657507552776,79.31475356975626,10.41122683086484,105.0673801827724,27.770375479669383,79.0717991906672,10.291855851239063,61.359814924212074,-0.1837027323522311,79.94834458885533,12.192154394930554,110.44456023860718,29.5152183414356,309.07080473796407,214.31618277131585,91.2272628251805,24.22878867078644,166.31435575153552,63.13121969976054,57.27585970386691,0.05915624099130934,41.59600374609831,-6.024542728101179,-10.908731756306533,-38.07441514514554,19.394373311839725,14.100676860007352,13.064900462461898,18.762333421485252,19.70476246838364,1.9500518007515886,13.022901675070528,24.330977659541162,3.0238522491359,6.3673562110107955,35.738764286151046,8.67832645686548,7.437497253642475,2.7719066901377136,11.6513191895853,3.930125558326836e-09,17.2184321279884,14.549209143704555,34.2095,37.0474,86384.0,2.9551534480000003,4.594447144,94483.51999999999,3.23223397744,0.075998798915,0.54286085,1.728815739235,27396.199859196247,0.9372102990831739,4.169444276523174,8.763891420523173,47.575261678382056,33.71964925397933,7.549600592000001,4.547008877000001,0.047438267000000006,19.624106888341053,73.34811124913226,15.93276727487011,-21.97530404007937,-32.6519415132576,2.056412943,0.5963732270000001,344.8197957082335,145.04425512961697,193.86789199999998,62.649383,2.642170125540618,1.60018433,0.6717471305721905,0.3702386649684275
2024-11-01,83.47592526,1.614237872539875,47.09272073194559,939.4598555499999,8.34323055323,15.541719617767251,956.10537096,10.46269707661,19.89533475348867,809.80778086,9.22516255239,17.61093407748847,146.29759009,1.23753452417,2.284400675907229,819.44592139,7.0380201004,13.08166520723846,168.02260428999998,1.4266147396,2.63531501996265,185.06386141,0.8898831564400002,1.600663675847022,104.41555525,0.9523842366800002,1.7752638594767545,116.32118098,1.30746102665,2.4606013415170067,140.54892577,1.39503135353,2.6103466308253727,14.977652699999998,0.14118713173,0.2640382711530162,243.7296143,2.58604222696,4.828395101062056,28.98378922,0.32013584300000003,0.5997139847942802,78.72545401999999,0.67693581733,1.2699061882448495,343.18824549,3.74330232041,7.04936313193826,88.27454184,0.9049110371100001,1.7161180962536513,10.022966199999999,0.7111132129800001,1.6021901385225366,16.88316976,0.28272209424000005,0.5452474359888726,110.24160785999999,0.86244634051,1.5805844876836908,13.463474039999998,0.20243789143,0.38027713326310614,7.45954333,0.08685024027,0.16143770894433368,13.66651146,0.07122905741,0.13553831823668422,-16.645515410000087,129.65207468999992,-2.1194665233800003,-0.8819319991599998,-2.1709339880000003,-0.935516098,69.72474203938619,7.7743836065982785,87.9483255676416,19.9776264715944,87.64569001945712,19.912380655750027,90.23544844376192,20.483014069422147,64.7681719384563,4.728050985506638,118.26890415073761,35.94273790290203,14.75892291494385,-26.723916228521382,101.92273987705605,30.708552370854434,44.54796504768495,-8.156885515691092,61.45611304036074,2.895129545122943,79.8203048926887,11.571381345761322,102.24408311508428,27.18676484407274,78.77790589058324,10.985405528435033,59.70510232519564,-0.4541294513324856,71.74077685993147,7.604452362487235,95.84269303109735,22.40676317999919,201.72415983792385,143.00671168126394,79.74480448169314,18.10465774150918,138.68304638589478,48.80928282458213,57.65374979691724,0.7084852001384201,35.53603977855935,-10.790370298170727,-17.286724292988474,-44.66714396071816,20.270114595423212,12.643941673162093,13.531990859558245,18.5771141315111,19.82136074676335,2.0060632069234323,13.149414786658582,24.71678390403996,3.0597831577833148,6.46999346701274,35.77760392947227,8.648927045140054,6.796652983194335,2.702191339095945,11.828064170342694,3.918671609426383e-09,17.58356052577437,14.832797874570309,34.5697,36.4509,86384.0,2.9862689648,4.7878688910000005,93795.59,3.242485407623,0.080407393715,0.62134731,1.711177333998,27396.199859196247,0.9470784102724564,4.189563817895457,8.977432708895456,46.6677273308231,33.26417542334792,7.7741378558,4.732351843,0.055517048000000006,19.75892100148144,73.5157783867276,16.10416601788408,-21.067361158227193,-30.98855471406151,2.176403433,0.595013081,365.7740480834908,149.32857826979077,208.961996,-11.690315,2.5857426355780735,1.635633791,0.6539646139128878,0.2961442306651856
2024-12-01,84.33417324,1.5978101737776638,44.378771424028464,877.57746334,8.67086330865,15.675255085973713,1706.78822526,10.777008795270001,19.410156103402667,1631.53500414,9.506553454750001,17.10317163467476,75.25322112,1.27045534047,2.306984468634933,707.7540822599999,7.30486305457,13.195384572822228,183.28206576,1.52758771018,2.7382862247522404,19.89736219,0.89019803519,1.5872810780226796,89.07153772,0.9926375498700002,1.8049645700041417,127.96822682999999,1.33393386852,2.4309307047893234,172.87562443,1.4512594936300003,2.6174751325433143,15.53984961,0.14781250028,0.2683031962029448,173.92250854,2.6659633869700006,4.889438666066796,27.57379769,0.33215662595000006,0.6078924498102183,148.57145422,0.7448645659600001,1.3212606167542955,429.88803011,3.86359856965,7.022045723650612,218.07481324,0.9431000717200001,1.6495819828770928,568.64387555,0.64035735555,1.0357446962434014,64.86052474,0.31651287857,0.5772074985776964,60.060218729999995,0.89745783025,1.6187644359014737,3.41734545,0.20086146704,0.3742172814454833,5.42307449,0.08876242527000001,0.16200348614224136,6.284601809999999,0.06882565195000001,0.12553756628235482,-829.2107619199999,-753.9575408000001,-2.1061454866200005,-0.8356901460999999,-2.25549486,-0.9871584440000001,66.41173586710852,6.495110161719886,63.648646270550316,5.639752331900749,60.83250234537243,3.9733318849342503,88.32315014568448,19.884607332727278,62.29907148888285,3.8661241123056467,120.10897324589268,39.058427349548495,13.211588464470282,-27.73624690404879,96.38083605219327,27.67238770840368,40.48661729773353,-9.915457592746302,56.35290015886514,0.4212671186715644,78.96636752213641,12.340821801647706,101.27620296243518,27.65667679156929,78.83330214742507,12.063512266301956,64.481817401868,4.415170452156847,62.77099966984452,2.8711007474807593,73.68435172649059,14.487735712925588,-25.37139217429163,-49.955285693432685,82.92949583130718,21.50590028602808,140.2175897489365,51.09536135606836,53.978585803600865,-0.9740409975869113,34.731895360647094,-11.26347447348902,-26.847604008499427,-52.13290038042444,20.911928105542305,12.186375412377958,13.588722231404402,18.260901793161977,19.867032178270293,2.023480785002902,13.161559494240166,24.737507759482245,3.0820855049852303,6.911607665077893,35.85037966514162,8.751037413404767,5.941883946787266,2.9369269765179795,11.788571064613025,3.9899816783872666e-09,17.39191181243555,14.652005172340814,35.2233,36.7429,86492.0,3.0465336636000004,4.959910326,93661.5,3.2990671129500004,0.082795184514,0.6075323,1.7466216516630002,25169.58667453078,0.886555902313,4.185623015263,9.145533341263,45.766855349793786,33.31171130123805,8.006443989600001,4.8935903430000005,0.066319984,19.461335316814143,74.5445480843059,16.083291649000493,-19.598088760519026,-28.29547977502797,2.209683087,0.586801462,376.5640050501442,148.87446543456196,142.961324,15.577480999999999,2.492617357646,1.743108705,0.6824704030086656,0.0670382496373344
2025-01-01,88.57829117,1.521253099604134,42.11802299020802,917.08317721,8.97069738041,15.735893682178377,1056.3421597699999,11.06538265935,19.3567917628025,893.32374224,9.753001939279999,17.0636151212955,163.01841753,1.31238072003,2.2931766414356543,792.66716128,7.58032896383,13.283055860047629,197.35733058,1.62210764978,2.8161848247620376,7.99380142,0.88808463892,1.5775901662045315,165.45785321,1.04970079426,1.8223214260950864,113.42335431,1.3562002556900001,2.406397265580164,135.05870184999998,1.4886110454100001,2.6116932022149197,19.664328010000002,0.15484756047,0.27091345699370895,359.15250008999993,2.76486586184,4.873146516069808,42.33378082,0.3439351539600001,0.6062331576061507,46.34056783,0.7641489206000001,1.3332614972956782,404.20161902999996,3.98314442633,7.021520096096912,28.250382449999996,0.9532932445200002,1.6535187319838098,0.66229679,0.64074100932,1.0361497980922976,12.382595199999999,0.30287332233,0.5397853234754141,112.93909393999999,0.92789609205,1.6122086600970873,34.89305521,0.209522657,0.37058581742823965,9.33671826,0.09601960867,0.17171109571031315,5.771026269999999,0.06439538366000001,0.11226181581304003,-139.25898255999994,23.759434970000026,-2.09468527894,-0.7823045588699999,-2.219567837,-0.9093060420000001,61.965147863961704,4.742692390610692,57.355233666910735,2.47651964227249,55.85464506075486,1.6963045390143927,69.48196794933601,8.680862593911499,59.07547268023858,2.799804933926753,117.07016819988611,39.7756620850475,12.809985627169329,-27.82016654581321,83.22795972182169,21.319798596060522,37.234972789202224,-11.160235443480005,51.726684941009296,-1.7459345207732846,75.55758572782676,12.35656704571133,86.62103978754796,21.07682857542972,71.30765931068154,9.587236760085439,66.08855009635218,6.386668595730494,58.570008197615465,1.4706439835253882,72.95829653118827,14.458319986957214,-25.350320886272847,-49.94968514082382,56.16556856708157,5.197454688479186,109.6564667893614,34.18106765266287,38.982463510064555,-10.376953842824088,44.22785368585844,-5.718026433967971,-37.984195084829445,-60.291585632427754,21.398908378778614,11.715647739795328,13.8476944637721,17.891047501515988,19.637815885207598,2.0427551523009693,13.4661308786294,24.98662673453729,3.1082084058736332,6.905761365191572,35.996445391468974,8.61509514733762,5.790500238856071,2.7371247037180306,11.860238009221197,3.7956056075927336e-09,17.31297845109499,14.629639863852129,35.721,37.1844,86492.0,3.0895807319999995,5.21610335,93641.67,3.34497409407,0.08503776981,0.66524199,1.7807168546999999,25169.58667453078,0.8990828056009139,4.244056899670914,9.460160249670913,44.862420801154514,32.65886253996042,8.305684081999999,5.113088663,0.10301468700000001,21.872544135836428,78.05692034811733,16.03274698928442,-18.354657243382057,-26.0852760009236,2.364812949,0.676077102,349.784505643559,147.43469266022427,208.650119,5.225428,2.5490683251868003,1.815167688,0.6334441048621268,0.10045653232467344
2025-02-01,90.59196963,1.4874386830350672,39.05095761148188,723.42482778,9.158015541620001,15.703115552364332,1033.51671761,11.408994703860001,19.467156237025904,893.82831546,10.011755739200002,17.079606753151484,139.68840213999997,1.39723896461,2.3875494837881948,584.9575894299999,7.75899579229,13.312814146792352,131.49368432999998,1.68408889348,2.868001194063711,10.90771833,0.88588453632,1.5667038520828034,93.90810347,1.0790968535900003,1.8285738572238406,109.81943884,1.36588800842,2.362644807712863,125.97687312,1.52573797004,2.6153079294540165,14.365664439999998,0.15973167511,0.27267083403597625,279.26832535,2.8440056808600005,4.874615690262076,33.369907739999995,0.35227218375,0.6040934045224021,60.11153259,0.7814009907199999,1.3340275871175309,405.30032238999996,4.09414942556,7.015689124246857,65.29687975,0.9858516632300001,1.6829309520661673,27.2120106,0.6661369633299999,1.072869849574448,23.269336989999996,0.28793883135000004,0.4953801446742511,111.52635921999999,1.01931410189,1.7365072275491151,14.25620671,0.20996568994,0.3632212947729308,10.13323275,0.08816761844,0.1495848621762324,3.68154118,0.06649265225,0.11446113517157175,-310.09188983,-170.40348768000007,-2.2509791622399997,-0.85374019758,-2.394376989,-0.9992569510000001,56.38854893529146,2.1271079959777284,55.59233818046256,2.6185644955499354,53.139632920467285,1.2710119010452159,75.76324273782558,13.414345103415348,55.43135039748259,1.3079145193868325,113.344452949451,38.96395019401089,11.333364729705874,-28.679411599915305,75.0795499561345,17.010565117278674,31.73943845311433,-13.698160273867732,48.52583494888805,-2.9314198002710956,72.04403429549029,11.749970882110784,78.08037015989217,17.565089075380612,65.96622137691031,8.229929972552119,62.75211983741427,5.6246890792417625,56.71220920789597,2.2818194138829906,74.18591955950492,16.032289289566435,-21.433721217219347,-47.18927536479144,29.768303604243606,-11.011296768209766,126.35129586429916,44.66255513563997,35.71567199708892,-10.97509802645813,16.185351597153996,-21.000033027216713,-35.4131963620548,-58.746117474273916,21.704985265663556,11.417515359401154,13.907687057418988,17.603927685812934,19.664116476981512,2.0586642831888504,13.643103871533015,24.927750031278293,3.0876706747073506,6.8489907393473395,35.88527764128796,8.64100377657689,5.838699908455791,2.523787930698064,12.246819293704052,3.9442511479137465e-09,18.0079871418208,15.25700582467931,36.3652,38.104,86492.0,3.1452988784,5.471708798000001,93364.83,3.3952307159160005,0.09018569600000001,0.68352642,1.7487799215760005,25169.58667453078,0.9152970533366467,4.310527769252647,9.782236567252648,44.064848970047585,32.15316719010161,8.6170076764,5.342431525,0.129277273,17.096858918394396,73.07289667351372,16.481438575130888,-16.23111370395003,-22.56951903635099,2.367508277,0.51996968,455.316601729547,153.80583521078032,214.294189,-10.847888,2.6091696488215064,1.8728337480000001,0.6290499868609862,0.10728591396052001
2025-03-01,92.82052423,1.451726340890975,38.10382944582984,766.26114395,9.44043431069,15.845466459807973,1027.72707303,11.743914545540001,19.57013263886332,866.4843867,10.25998611002,17.097973871517098,161.24268632,1.4839284354600002,2.472158767245483,645.10135419,7.983629252010001,13.406333037090345,172.58802083,1.7715213946300001,2.9478243482882105,4.84660709,0.8856553813700001,1.5635634563787215,92.362372,1.12244794847,1.8643965423596494,130.57673169,1.384696339,2.32812317581424,132.55823825,1.56170056516,2.6140826085603432,17.365764589999998,0.16668927925000002,0.2770139585527044,282.3000042,2.92236444797,4.875558362895849,35.76702421,0.36211758305,0.6040473376957076,80.63053392,0.81321289965,1.3532051001508465,373.7465582,4.2096793942,7.040571074611881,79.27603118,1.02034780351,1.7082393140493046,6.10708978,0.66928455114,1.0758021977467231,8.657145179999999,0.2629794301,0.4405504836956276,113.69118902,1.09728944369,1.82994938823555,25.96538677,0.20979008579,0.34850612804336134,12.41107417,0.09709962735,0.160627203467085,7.172052559999999,0.06623978979,0.10998685736810881,-261.4659290799999,-100.22324275,-2.30348023485,-0.81955179933,-2.449651906,-0.9677769850000001,55.96397279046255,3.0453595905218567,52.68924336178464,1.7636999653452445,49.411115886465716,-0.17879377513044803,79.99373782915795,17.589835798186627,53.12525913824244,0.7005495370980164,112.32445291010889,40.45129208477736,10.798366183287179,-28.994018529688724,70.82497324577889,14.168386134590726,27.678803818350882,-15.196694950037815,45.12961652035044,-4.125071573599315,70.89340400819712,12.803117906953808,70.47052873816524,14.386256336952918,61.36426634978531,7.172676807125078,62.38417177813569,6.904902291450865,53.299458252406914,1.2211046867063091,73.21187972420478,16.44964224644032,-20.535115538967762,-46.43660472098262,5.155255766995426,-27.27513223955872,137.07194397379925,53.30634999865143,24.972994372466097,-16.335548195291317,26.039988215140554,-14.771628538360071,-36.82943895478098,-59.8153935380976,22.189424617682395,11.093393160097243,14.05936965556619,17.344196421087332,19.561286175291993,2.0878885277398553,13.664441442534994,24.884074527601445,3.0834487227048313,6.924547147346492,35.84562351740472,8.688310865626136,5.698990302975041,2.2392825584708635,12.635722353953549,3.916923674296413e-09,18.587141118638474,15.718857698947753,37.9323,40.874,85086.0,3.2275076778,5.7506236,91753.81,3.480433047063,0.095238142902,0.6257720899999999,1.8059275951290001,24444.342575219533,0.927230135866,4.407663182928999,10.158286782929,43.38982819756651,31.772165393320318,8.9781312778,5.621346327,0.129277273,14.581059269213467,69.96973088102456,16.904537611629948,-15.350256339209722,-21.19929183419989,2.453612837,0.476498507,514.9256085706896,155.904919460354,200.234424,-114.131711,2.7600042049889995,1.895306492,0.6727615215873736,0.19193619140162588
2025-04-01,95.6019765,1.4094896876948981,37.85866364644805,957.4131789999999,9.80203456297,16.03720419122077,1132.12720843,12.102399243510002,19.66258668022082,871.46789975,10.471838729709999,17.044598032614754,260.65930868,1.63056051375,2.61798864752475,787.391716,8.283165093000001,13.568199010689472,235.198761,1.8962412542399998,3.0646626201925593,29.721663,0.8956195424700001,1.567064959867219,112.661491,1.1628945665500001,1.8828707691361102,142.168176,1.41538467205,2.311890864324504,141.810748,1.6059359603000003,2.6243643714036717,17.806991999999997,0.17357204944000001,0.2808858348983768,274.37405218,2.98736987541,4.855460821570345,33.41248363,0.36955068949000003,0.6006612662298462,65.81898711999999,0.83358546242,1.357669170822026,410.22492361,4.30978330833,7.016181609329498,76.94064179,1.0395348154100001,1.7044650663103,3.51766316,0.66899365816,1.0733598883674587,7.17914823,0.26302092010000006,0.43680020934956326,211.79140333,1.22430877749,1.963746269645585,19.38819099,0.21258851423000003,0.3435979551815982,11.918237529999999,0.10351263098,0.16672859628863793,14.70322057,0.07611539388,0.12133033594548767,-174.71402943000007,85.94527925,-2.30036468054,-0.6698041667400001,-2.458722764,-0.8305552700000001,53.61768168189376,2.469286447594876,50.06853604175443,1.2857550083047675,46.24211702421191,-0.9200840387141973,80.37895604675667,18.455434370471302,51.45827540385683,0.555596838658956,111.36230761713244,42.13255868524579,10.652345251360273,-29.041041895567908,66.0116016476347,12.187739899970861,24.27710860010166,-16.64465391671871,43.381931196844924,-4.195065433618462,69.88306840703149,14.163766302424952,62.72833555267907,10.872968958205242,55.914837223855976,5.380534749302357,61.792145264294994,8.461319420588186,49.57110410783747,0.4941872301463812,69.14392757843703,15.73171661689301,-19.225845480617963,-45.154692234796315,5.91428707687367,-26.005166132716028,130.2039579574364,50.33002132217261,22.035077488435295,-17.195555635248972,27.459404996463288,-14.397209814851042,-26.827425242882974,-54.11017239970266,22.892713509265793,10.812527969856317,14.039253757392181,17.08748595686115,19.387950647719876,2.0954797772494427,13.684588381655246,24.684112755675276,3.05353246124461,6.8877703143615605,35.61098276146486,8.589493657362675,5.527777134924322,2.173295681358776,13.473035229972272,3.6356340160637046e-09,19.68523499704197,16.63491903925651,38.3672,43.6858,85086.0,3.2645115792,6.096306,90751.7,3.48188862424,0.097154958528,0.40943225,1.8701592866400003,24444.342575219533,0.9378609804519629,4.419749604691963,10.516055604691964,42.02858724634355,31.043118274721447,9.3608175792,5.991644,0.104662,14.395801281678681,62.22895415722663,18.206666933580482,-14.255177145244225,-19.651996712867568,2.6148429020000004,0.46443407400000003,563.017024026536,154.8396133664098,270.484172,0.90237,3.120425125396914,2.06779657,0.714441691123564,0.3381868642733501
2025-05-01,97.06307144,1.3882725737078736,35.405044152595934,1324.97139322,10.119869714350001,15.983419902151264,1089.7426055199999,12.40441420952,19.69468305267457,978.5863564199999,10.77334059172,17.130365231528817,111.15624909,1.63107361775,2.5643178210693582,1196.40976654,8.581151304170001,13.54029328081596,213.52084738999997,1.9964252426400002,3.1480381386837144,470.87737083999997,0.96256693318,1.4614671211913484,103.41487393999999,1.2046900124100002,1.9106071503792907,137.89390034,1.43333097368,2.277848756759749,143.60404393,1.6332128669100001,2.6050552106444824,17.48322009,0.17847059111,0.28150074346752957,275.10627607,3.0584437660200003,4.85384505895098,34.11751004,0.3782383952100001,0.6002229500851172,85.03921738999999,0.85910600526,1.3638441098238614,456.68226939999994,4.45561671117,7.065850148708792,98.97874743999999,1.0772760832600001,1.7267608781689032,4.97685141,0.67059742207,1.0739284148504105,23.68548464,0.27406220834000006,0.44591367031978013,73.8940807,1.2123959341000001,1.9050323037570034,18.91985623,0.21996669588,0.3481679356290254,9.88030797,0.10680527146,0.16806171820245103,8.431414,0.07924185209000001,0.1230632281250176,235.22878770000003,346.3850368000001,-2.2845444951699996,-0.6534708773700001,-2.4550079250000003,-0.826329674,47.98353172258749,1.5985387614328772,47.28950267571577,1.1337848610005308,43.455207779786285,-1.5188059257240094,78.86687068061737,23.323863729936512,46.43724196359913,0.23447089052071046,107.47411016586055,42.434459574340046,0.5188392444574363,-31.202711532580153,64.45746071744021,12.615263313882984,20.37845098000295,-17.89282954937883,39.124001045393484,-5.340098080899147,64.74326206148339,13.275850063694715,56.64319202386476,8.471182084336126,51.716439548970094,4.487552288553398,58.82209094956601,8.923323692984365,46.48759851344959,-0.04722034774536921,65.83743733742615,15.01056902149729,-18.727696707514585,-44.70128952803504,9.265472017679045,-23.19604145238253,128.36214323937526,61.23318825200996,22.141774470279053,-16.70678479285187,27.94136142555108,-12.878921105677833,-23.950899186934205,-52.19980342640952,23.26523763390397,11.217223645878864,14.038792345085238,16.703247884505597,19.032561121680047,2.0797977425624974,13.663139626383796,24.6560918908427,3.0492241618287297,6.92580875444052,35.91960600405019,8.68461875800007,5.406119230969709,2.2093925896933193,13.149138606627647,3.5471146020427113e-09,19.007631492960407,16.117535737017775,39.0212,43.9996,85086.0,3.3201578232,6.250658174000001,92665.23999999999,3.6159088630879994,0.09977486712800002,0.46755943,1.9476304267319997,24444.342575219533,0.9538475804961565,4.569756443584156,10.820414617584156,42.232729568032326,30.684201488956276,9.5708159972,6.145996457000001,0.104661718,17.715844355600392,66.04180101745999,17.77379126733253,-13.02111970466454,-17.631252885263404,2.6295711830000004,0.492974077,533.4096265268731,154.1935864876544,137.27143999999998,80.785805,3.2871353809162507,2.1330596390000003,0.8023285433950883,0.3517471985211621
2025-06-01,98.39599463,1.3694663132041354,35.04865712412333,909.42668713,10.438078422850001,16.135423468170647,1239.60265024,12.777518594790001,19.789735490109003,963.92789045,10.970046971200002,17.03149735428052,275.67475979,1.8074716235400001,2.7582381357520824,764.92921551,8.862954749330001,13.694323114831757,204.30324758999998,2.0945144512,3.231387438567842,14.55535197,0.9632538068700001,1.4557511855719112,128.08504456999998,1.25202527803,1.9366729593038987,134.19423686,1.47113620445,2.283356994748809,163.85134982,1.6853929556999998,2.6229141625610404,16.357233309999998,0.18461560894,0.2850144837631668,277.59174323999997,3.1283366155500003,4.849869739849082,33.25737582,0.3856230412100001,0.5979175927349262,75.24701012,0.8862640803200001,1.3779544732175224,462.16069545,4.5469166442299995,7.012876748643698,83.61852870999999,1.0879514378700001,1.7063691846230555,7.84360157,0.6624341359099999,1.055066090638957,24.2089355,0.27252101571000004,0.43144352395301533,242.08540845,1.36733890462,2.075394893986578,5.118842679999999,0.22087372037000003,0.3473884885030933,6.912373219999999,0.10880410247000001,0.16844065014506562,21.54091643,0.09786611882999999,0.14716860182043826,-330.17596311,-54.50120332000005,-2.3394401719399998,-0.5319685483500001,-2.5795494050000003,-0.7744746610000001,45.75260050948322,1.009731910292766,45.192023219468695,1.3395008887905568,40.16304527418213,-2.0267543645038577,85.61119050623131,28.629315059828684,45.01099801864672,0.18869327705033356,104.85725150110743,42.950785028480624,0.19357849494756607,-31.26721332174335,53.42865749153629,4.421302488536738,20.428064072372877,-16.80774463608028,39.07565789800251,-3.7290225356262696,63.33869447590992,14.059428928671181,52.41483481290858,7.364772718126278,49.08720147501997,4.923988113733335,58.11333564273997,10.179698104549217,44.060867978464536,1.0232036325460436,56.12372102783914,9.750440281381923,-20.39470573867125,-45.70320013276966,1.0495679867341012,-28.848083869908482,126.17360635552264,59.66251980497754,22.967056554336818,-15.463009922071013,27.857696086824536,-12.057220909164856,7.195191425176528,-30.792464821120692,23.632236770229877,10.868314620954346,14.126499722055419,16.598710543582673,19.01615210014931,2.0830029506125607,13.675083292415806,24.483130995603254,3.017980669323673,6.936120450502588,35.58528684970173,8.514575265917511,5.184372309816912,2.132816428231376,14.145717027381135,3.5218192806496518e-09,20.393555813614377,17.316133777872977,39.7424,46.5526,82789.0,3.2902335536000007,6.568706618,92322.5,3.669117724000001,0.079128310672,0.46547076,1.9755096552640004,28462.164460727086,1.1311547248640004,4.800272448864002,11.368979066864002,42.22254628698248,28.94044869156024,9.8589401716,6.447440602,0.121266016,15.793907793732522,62.87220065200921,18.87696526810762,-11.974715040040929,-16.17169185601571,2.723367672,0.459041982,593.2720271323681,149.11279963294035,296.141688,-43.133325,3.5879348342340016,2.213229148,0.8172391969861195,0.5574664892478822
2025-07-01,100.4219248,1.3418384508001384,33.522409247916144,1096.91376441,10.80406267962,16.29773100719342,1120.77549678,13.07058833293,19.81067196246018,986.18766675,11.221067420550002,17.037635843958515,134.58783003,1.84952091233,2.7730361184252676,949.83629964,9.201050384170001,13.872821745902744,292.07199820999995,2.23435066932,3.350546875370428,11.96887698,0.9608912328300001,1.4461344686420192,125.46670695999998,1.29883773708,1.9641077322783567,165.53967083,1.5169406104,2.290960200883273,181.45277794999998,1.73205747088,2.624900408348896,18.15103095,0.19113917862000002,0.28853783556948726,322.08798427,3.20403834704,4.840620613128098,37.59250065,0.39403526401,0.5960796640485111,80.11515793000001,0.90752426704,1.380008267545018,389.01429251999997,4.6591005798300005,7.038886583455703,116.96332806999999,1.1197546224900001,1.710737476387106,14.957224179999999,0.6747527400200001,1.0704087722462516,25.45717909,0.26186159971,0.40089446652763894,71.97431463,1.3857149994400002,2.075943276827496,40.82525528,0.23407924246999998,0.3526843519852067,8.91616838,0.10998941688,0.16655368432721318,12.861969069999999,0.10723813413,0.1581744932530241,-23.861732369999885,110.72609766000008,-2.2665256533099996,-0.41700474093,-2.4870420970000002,-0.6399180640000001,46.23759215186565,3.009180474755535,42.5007650205415,0.613670325467508,37.78886564621369,-2.580902948516206,79.80504707467746,25.999501413112757,46.66900187851333,3.0724432360659026,102.41765233487988,43.92765903295284,0.7058142966831715,-30.51268264741266,65.18088985874282,16.809054354552046,21.708565855277918,-14.642918067866873,37.13149129865781,-3.629149185301428,63.095782552065536,15.835068620803149,48.39860737219699,6.3092903431889,45.68657597407131,4.247056679062244,53.273969982913584,8.06653714747334,43.16581296773294,1.721713337710029,48.66600358996966,5.351347108124194,-17.900555854632582,-43.97056703884541,-10.510928646182805,-36.65256513313252,113.92219400277183,51.9956634739847,26.122674912032885,-11.314731245800658,21.484746878932004,-16.197173575728343,17.205691072629257,-24.448820337754963,24.283647801386905,10.443277590166996,14.116189813660759,16.48660258409006,18.82456239844016,2.077362590567339,13.76835722168778,24.513344506212896,3.0146712142809116,6.94325491648747,35.6456837378305,8.56697949601009,5.162374660060482,2.003441566974202,14.150249898624093,3.5193465919292066e-09,20.10119318020493,17.118754001851563,40.4994,46.7684,82789.0,3.3529048266,6.885143581,96580.76,3.9114628315440005,0.081652460316,0.55747087,2.083455993528,28462.164460727086,1.1527005833607709,5.064163414904772,11.949306995904772,42.38039424914219,28.059408196216708,10.238048407600001,6.810379342,0.07476423900000001,20.73529444008388,66.37485799534832,18.5506696181644,-11.21290404665567,-14.971739629751745,3.073105462,0.636545169,482.77885241479225,151.96390207154388,282.185973,194.593928,3.958407515176587,2.5211625680000003,0.898458698718145,0.5387862484584417
2025-08-01,102.46576131,1.3150734282091285,32.95018219755157,1288.07199127,11.401414180200002,16.78398971800415,1191.36724581,13.441641090200001,19.9431756558078,1011.63563955,11.50943468898,17.103453983383435,179.73160625,1.9322064011600002,2.839721672334817,1150.40288095,9.774744403079998,14.377372546438375,245.92026008,2.3442009756,3.4360463855976855,292.90167560000003,1.2333571671399999,1.7955919821132131,144.10637240999998,1.3551024340100004,2.000036465219138,138.72717264,1.5461332499200002,2.2818872611315566,189.45856091,1.79331328832,2.6499036099712265,18.42012788,0.19716921637,0.2910989153976982,303.07821347000004,3.27739002293,4.837538558648706,36.652119389999996,0.40255023278,0.5950851087004895,83.30535427,0.93526115644,1.3924054371111547,449.36308314999997,4.80654015278,7.101951227230127,110.50010081999999,1.1543285398,1.723304451557293,8.38265132,0.6684615738599999,1.0557769815503342,20.35411709,0.26490300997,0.39739221796498886,143.9157965,1.4625815305,2.147974682615478,15.06931509,0.23308018642,0.3444077879503263,13.348152749999999,0.11425003572999999,0.16821890903898967,7.39187821,0.11125120055,0.16198786661536355,96.70474546000004,276.43635172,-2.04022691,-0.10802050878000004,-2.218248775,-0.28843925400000003,52.73600936510876,9.001591069019277,42.54244720869309,1.6008126752654395,37.157515368758084,-2.2101687956780247,86.05341242926916,32.76302923962693,54.98567668585572,10.388757784432068,100.06215546073985,44.086042808299176,51.60593733405348,6.316416443652284,64.65770761512056,17.712955079943903,22.79594489701966,-12.847790033838047,39.32256177846747,-0.8007505724745068,61.88441162712668,16.410588220288137,45.04755972359475,4.901787818587566,42.65517068925628,3.0703804080769004,54.07636000854992,9.972218772255715,42.655263992089296,2.172316740822189,45.68126724781083,3.8818318757535275,-16.767954086351367,-42.847718042067676,-4.6564271309398775,-31.229290807747656,122.7183581634622,61.673341113645954,23.999760945803917,-11.549997012843981,21.696550595787457,-15.625018202247054,28.63985576379273,-16.055529904059263,23.982222746012145,12.617794555849175,13.863302999339922,15.817633547868704,18.34639571501155,2.017129126239582,13.35552130967892,24.38236522562317,2.9947997426704864,6.957938767773511,35.75858126642245,8.587705415238286,4.973065188798712,1.970763898488071,14.374780491414315,3.5709888379642507e-09,19.767334279873,16.947076657521322,40.9735,47.7444,82789.0,3.3921550915000003,7.251363307,96513.54,3.9544975311900004,0.08259765918000002,0.61339951,2.14723183743,28462.164460727086,1.1661944955316015,5.120692026721602,12.372055333721601,41.389178180964876,27.417878436529886,10.6435183985,7.126336919000001,0.12502638800000002,22.105349225642794,69.89558398560432,18.7787042774012,-10.65923918712114,-14.17147792015037,3.409174826,0.7692436880000001,443.18528434906057,152.7527692464776,332.57545799999997,-2.728274,4.165412876400509,2.800410947,0.8288527074405001,0.5361492219600092
2025-09-01,105.78000589,1.2738702259113668,33.294011471927675,1021.3583070599999,11.59116898943,16.6730109659022,1331.00101357,13.840574152300002,20.056053616791324,1094.38004527,11.820424446510001,17.16736112941629,236.6209683,2.02014970574,2.8886924873024666,881.8096114699999,9.924310121120001,14.25733875139597,255.08358822,2.4585031511,3.521943959127019,16.2622049,1.0781630306199999,1.5251763003457832,139.09077777000002,1.4034172648500003,2.023083168221281,152.50446159,1.5881601897100002,2.2885681257702277,180.38582079,1.84658157412,2.663847086611132,18.351956629999997,0.20238711166,0.2921753859300107,365.85676016,3.39804326883,4.887238808991376,49.39796932,0.4214903655900001,0.606294526222559,84.29581390999999,0.9513011746200001,1.3838895200270902,457.00890333999996,4.9309712579600005,7.1194065803779525,102.84475377999999,1.17290798827,1.7112334458971632,9.902904640000001,0.67143451427,1.0566249680737776,25.07294009,0.27427587654,0.40267327920177304,200.46959341999997,1.54776699033,2.207595308722674,24.91993405,0.23479494416000002,0.3367503294100941,9.28376552,0.12000834946000001,0.17405903002727716,0.54550108,0.10707576611000001,0.15466665003092292,-309.64270651,-73.02173821000004,-2.24940516287,-0.2292554570800001,-2.447665165,-0.43009772,47.56189355650642,6.260470019830611,41.35284713052789,1.4749203661862165,36.257385657554984,-2.195011581492723,80.94622026404032,30.59786748447262,49.17292842233847,7.2950153268602325,96.95964597153308,43.128463243494444,11.132609501802747,-21.481379376870656,63.59352471599933,18.208633129200802,24.438166613358582,-10.921396376871172,40.36953720395626,1.0332188957161481,58.329786991595036,14.874098129252511,43.354597680181215,4.271135240528134,42.73896522555967,3.6303628801327648,50.20733692096178,8.484774616584856,41.28997492001525,2.025828369518301,39.71351262953564,0.19933100595399544,-13.561052589630307,-40.45970078323453,1.6462849871140106,-26.030303188504856,107.8098485185373,51.68332782537595,21.78789875673022,-11.880809832247696,25.915661291223802,-12.985748280623898,53.80522459944861,5.767363721229057,24.772534524773064,10.863858721278294,14.141207275086831,16.002726338934373,18.606649243963822,2.0393066035824337,13.573717292381176,24.55131724622363,3.045324283168972,6.873278262534467,35.62692706025191,8.474417140238998,4.851204197756653,1.981679903751835,14.595851902605467,3.4680596172620426e-09,20.355568105846512,17.428351770060267,41.4984,48.6479,90719.0,3.7646933496000003,7.593489643000001,98509.75,4.0879970093999995,0.08615482824,0.6287143299999999,2.1804022930560003,29600.762999440936,1.2283843032559996,5.316381312655999,12.909870955656,41.180747126886004,29.161355388689103,11.358182992600002,7.4232737150000005,0.17021592800000002,21.370761377496464,65.93220865362028,18.886037535200806,-10.809168227157183,-14.407973936726869,3.526360094,0.8154851460000001,432.42481010193654,149.2164141011311,223.24627199999998,67.333691,4.426692130755999,2.9554115220000003,0.8929531942088687,0.57832741454713
2025-10-01,108.47758107,1.2421921531698477,32.866855722764484,1147.07037853,11.969032168450001,16.8283458009725,1370.2694526999999,14.255365219680002,20.181211140602315,1212.8613719,12.21402609949,17.321811256130072,157.40808078999999,2.0413391201300004,2.859399884387256,976.0157020599999,10.25672130072,14.407493211948138,303.37001652,2.6022124248000003,3.635273879169997,8.10462437,1.0731011181,1.5135129368639682,160.43851555999998,1.4584792038600003,2.0484586342848994,158.44011100999998,1.6275766619199998,2.288937236422966,186.18937230999998,1.89377103713,2.6657160434178215,21.01806975,0.20950188996000002,0.2953370178184913,332.83483461,3.4893028164800004,4.901972880692497,41.469238579999995,0.43392749711000006,0.6098909094905492,100.32437139,0.9885254547100001,1.4043673857617456,520.30060796,5.10107955065,7.187740924313286,132.92172519,1.2019404742600002,1.7048825641483876,63.402420459999995,0.72563155566,1.1201898320776298,21.60817369,0.2736187502,0.39276675904604735,114.8119949,1.5674010607,2.1931263529474023,20.983272420000002,0.23722013492000002,0.3321861835701932,18.079426729999998,0.1231020751,0.17178382700849404,0.3634844,0.10241411704,0.14682437739212814,-223.19907417000007,-65.79099337000012,-2.2863330512299997,-0.24499393104000028,-2.4491104480000003,-0.41035363300000005,46.84882928289957,6.518946774206857,40.06367454397897,1.1811274334065702,35.83320310496554,-1.9857417868925586,72.14215121737514,25.805058195637077,48.92726893816819,7.95224877562406,94.81960829984284,42.71747964621591,10.501038034059462,-21.75176213997051,62.09133762179808,18.424809032394094,25.95641027869906,-8.906385676756667,39.5474602473795,1.4707520932439433,55.993846725955535,13.996989138337401,40.90495594769794,3.1294227976882194,40.995019487937576,2.958865774350028,52.537237886149036,11.353675067771185,40.23929882242068,1.82638742946295,36.07995099087877,-1.5552030428316765,-4.140201932932164,-34.82331345743669,-3.0128013097867945,-29.440787175646488,90.81838482792712,39.96140198513727,20.386494002535827,-12.053957498108447,45.34034530330666,6.038859490564663,49.92303720937592,5.6297828653118165,25.370801726057724,10.462418609586969,14.219740998106461,15.868391215872728,18.463707666474875,2.0425814821086483,13.57235830179259,24.477119756026333,3.0439591720242203,6.934409883412234,35.78357672385546,8.431495480737889,5.090234760581523,1.919408910143251,14.319795309851932,3.3671625487841084e-09,19.90245284315859,17.055172810972195,41.9,48.6582,90719.0,3.8011261000000003,7.738965,96402.36,4.0392588840000005,0.08865118200000001,0.63278998,2.1468416130000003,29600.762999440936,1.2402719696765752,5.279530853676576,13.018495853676576,40.5540771608079,29.197890007596524,11.540091100000001,7.5180750000000005,0.22089,19.415097167845875,55.90439958266131,18.743024760631947,-10.630063370809994,-14.123830962132537,3.507068845,0.9017146410000001,388.93333717091105,142.03744452256183,88.34714699999999,-66.252034,4.254604433153403,2.7209893590000003,0.9373159855771487,0.5962990885762545
2025-11-01,109.41593639,1.2315390650197404,31.074841098442963,1419.58877143,12.449161084330001,17.060113150692274,1250.1028525699999,14.54936270129,20.177380138892463,1132.1807234999999,12.53639904213,17.408913656440948,117.92212906999998,2.0129636591100004,2.768466482382669,1272.48057092,10.70975595025,14.651822103708671,280.15727347,2.7143470939800003,3.7090700545100215,328.4441523,1.21648140899,1.619267647172219,148.77352768,1.5028371762900004,2.063127501696785,154.13939302,1.6653948739600002,2.2909958646690463,206.54596854,1.9597680799,2.6932060734744403,22.890788039999997,0.21741502530000004,0.2993504232887489,326.74534588,3.57231854806,4.910934964394508,39.37913962,0.44432284751,0.6116011280308088,103.94318809999999,1.01374318879,1.40529587303761,451.57911917,5.20947042433,7.189890787237877,113.80025720999998,1.2274661896299999,1.7025359178925634,67.13879179,0.7827473812500001,1.1866944253100145,29.59488169,0.28633046213,0.4019605599368078,90.27595615,1.5474354089900002,2.126348541040835,17.54863985,0.24130530073000003,0.3320647693921049,10.073101710000001,0.12571563348,0.17214776791513794,0.013276679999999999,0.08876088226,0.12477972775796968,169.4859188600001,287.40804793000007,-2.1002016169599997,-0.08723795780000014,-2.2665304299000004,-0.25616870690000004,49.21271808209147,9.76979105445448,39.05938970378862,1.41764583958226,35.89353001570845,-1.147130641444838,62.659192111029924,21.190057050004917,52.17001084781388,12.002729557712556,90.26489903932018,40.74484554649522,36.701251190837716,1.1622661028621195,57.79735934404715,16.215259533581474,27.37625367136982,-6.892846638187866,40.48200959361845,3.1742697184575785,53.990680762447155,13.373876439021416,38.138446109575284,1.7094678791778506,38.791971353860546,1.9821354075320263,49.75469798428607,10.66139263246555,39.167771620418094,1.9934801579866601,35.64495727117429,-0.7914477675364129,10.073525138115347,-25.932984058663134,1.2762949778296617,-26.2792388545939,79.42396370711458,34.52925532357645,19.199671082051275,-12.678217976794325,44.74989716686479,6.6341742835914985,24.613304580299932,-7.937674466291755,25.34462135821721,11.358628661950073,14.03241290717665,15.550259797667232,18.2989051198151,2.0300651696449243,13.385106985528807,24.553092952609294,3.0538990375888058,6.967612325040998,35.80548874397165,8.436563269683065,5.379942732341114,1.9679931554982328,13.835407779967735,3.299106765553006e-09,18.795607187136802,16.169472348170967,42.3624,49.0878,90719.0,3.8430745656000003,7.94115,96133.28,4.072436460672,0.08966722120800001,0.7042700799999999,2.183491113936,29600.762999440936,1.2539593624875167,5.326395823159516,13.267545823159516,40.14605183320253,28.965979215927184,11.7842245656,7.67558,0.26557000000000003,19.924802727661785,56.35039348798744,18.098139822516114,-9.900222778970047,-12.97670127592685,3.4328507667,0.894577881,383.73973240458423,140.57461442865684,141.8806788,-5.3522264999999996,4.290113114264059,2.6602461303000005,0.9444112608357591,0.6854557231282998
2025-12-01,110.38696292,1.2207057467253308,30.892328316136354,1263.89368099,12.835477301980001,17.200753231123954,1792.03287021,14.634607346240001,19.63780137107415,1675.3612165499999,12.580225254540002,16.847153492835,116.67165365999999,2.05438209165,2.7906478781703026,1047.46552914,11.04946739713,14.799612621458856,282.16948761,2.81323451583,3.760666020243776,27.290115229999998,1.22387416203,1.6207886399237552,142.16615256999998,1.5559317911400001,2.0943511319657775,186.77035557,1.7241970027,2.314518576282017,237.42283153,2.0243152870000003,2.706807056814491,24.06788119,0.22594305688000002,0.3039004943630515,235.55338009999997,3.63394941962,4.920581175549009,37.65319486999999,0.45440224469,0.6135069049124175,204.57894224,1.06975067681,1.417637582403309,628.7861637699999,5.40836855799,7.270574202718294,334.21426581,1.3436056422000002,1.7620710375648814,146.0325097,0.3601360154,0.45637217949937736,88.54276004,0.31001269743000004,0.40641040964242797,101.61659356999999,1.58899178383,2.1544276722482807,4.65631096,0.24254426624,0.33228848561219426,10.36948009,0.13066203908000001,0.17614080825827877,0.01885684,0.08249513728999999,0.11476114570076325,-528.13918922,-411.46753555999993,-1.7991300442599998,0.2552520474400001,-1.9312886239000002,0.12049382210000004,48.0299809267597,9.731887211936119,35.79470541643326,1.172815233730029,32.33213608296941,-1.4969044765984152,61.70439260698366,20.96517840111678,51.26180072899977,12.157493703827038,84.16189768236018,37.336483901862394,37.483359168365446,2.1110036757205464,56.74722272432382,16.032811212519917,29.25655786916912,-4.788788437200453,39.486790328353294,3.4129044116027796,52.85788174342356,13.267563958940265,36.30905200653049,0.6369342496991726,36.803606849740135,0.9235934915710953,43.6168030669144,7.294319109106984,39.98267316057991,3.5392603359249764,42.46692185587146,6.819246079033459,-43.76015012887907,-55.93777297102092,-2.053686146790512,-29.59024083299878,77.05475736808303,33.0908700776158,20.7520137208294,-11.20439859734198,47.20422372704283,8.726554256755081,19.861032845617643,-8.584219768410694,25.460363062935613,11.076318143152223,14.081509408717196,15.604344903971072,18.320478392703325,2.044832106013424,13.41215398250715,24.831205468274167,3.104984192191172,7.30973268705324,36.95602095794901,9.18101600139758,2.4608519168266443,2.118353366751928,14.037835406481353,3.074916321565979e-09,18.5925892879109,16.005498224309047,42.8623,50.4532,94312.0,4.0424292376,8.152756542,95679.84999999999,4.101058434654999,0.090746347068,0.7199423899999999,2.199817108047,33158.40542836012,1.4212455209920003,5.522303955647,13.675060497647,40.382300002235425,29.56059491141236,12.195185779600001,7.836720526000001,0.31603601600000003,20.033293399647555,56.8389514770106,18.004633062152823,-9.84602796800791,-12.88769525398353,3.4142600997,0.886888556,384.9705892134659,137.9008526694158,132.059983,30.363757,4.529527156383999,2.6641310643000002,0.9077506711067403,0.9576454209772584
2026-01-01,115.73,1.164348051499179,30.652780124071576,1421.2447724899998,13.33963889726,17.46046118675056,1635.78823442,15.214053420890002,19.935464429693724,1179.3720430399999,12.866273555340001,16.86138152130867,456.41619138,2.3477798655,3.0740829083162087,1181.21809796,11.43801833381,14.969114236162538,338.28475917000003,2.9541619444200005,3.8543167695608123,13.7125664,1.2295929270100001,1.6245942447048534,298.78287217,1.6892568101,2.190535114948687,134.35539162,1.7451290400100001,2.2984093854115875,172.09086346,2.06134744861,2.70172224954713,29.53693878,0.23581566765000003,0.3083773515419501,502.29560566,3.7770925251899996,4.9590662312833445,60.73801732,0.47280648119,0.6198267017404959,67.90342523999999,1.09131353422,1.42620507082282,513.64182216,5.51780876112,7.2537390917043805,18.450624780000002,1.33380588453,1.7405780047093524,0.45168481,0.35992540341999996,0.45589057678314726,15.890863029999998,0.31352096526,0.4060758437189055,399.50753149999997,1.87556022139,2.4477845413868446,40.421534939999994,0.24807274596999998,0.3262720526653185,13.9039058,0.13522922662,0.17812628229158137,2.57505018,0.07929916120000001,0.10898020875922447,-214.54346193000006,241.87272945000004,-1.87441452363,0.47336534191999996,-2.0074962289,0.33768399210000005,48.702362052595745,10.959450663582814,37.492338848620555,2.9895071145169982,31.921162688601235,-1.1851744108693607,78.89472389127539,34.05347206012286,50.89079099848037,12.693301856737538,82.11873575842279,36.863061531712326,38.45447529700643,2.979486022875455,60.92745850410288,20.205748754357657,28.67782856464092,-4.4875333642195425,38.474550149683594,3.4471524930975272,52.28891364787545,13.828731493803637,36.61033532658866,1.7631260404382454,37.46965837780798,2.2422963778527816,42.81424795615945,6.971143599036189,38.528965323108146,3.3072467561056085,39.9155917864072,5.265091410309775,-43.82669468870451,-56.00147993827649,3.5155433460061225,-24.77086240426445,102.13041497419462,51.82802338001578,18.399007306403135,-11.957760572286901,40.83501119521902,3.7360349689288697,23.144170735421298,-2.923172968519161,25.82756783740851,10.750052073053665,14.768789145115047,15.257267378663993,18.021893202573366,2.0616828961791835,13.312747467006233,24.8263393107571,3.10769568181483,7.173062326188148,36.26784137318492,8.766933095545646,2.365742997364504,2.060732643606423,15.431652568514895,3.0235298709158087e-09,20.526106856815606,17.600025634743687,43.3443,51.8492,94312.0,4.0878876216,8.597115909000001,97542.70999999999,4.227920485053,0.09200261118,0.89191364,2.195752453677,33158.40542836012,1.4372278724084697,5.66514835746147,14.262264266461472,39.721240972819366,28.66226249371147,12.685003530600001,8.281079893000001,0.31603601600000003,20.63876736907578,59.709135761142186,19.79375981492446,-8.311358012309489,-10.859020309147116,3.5842399547,1.0081484790000002,355.5269912478834,124.2927191021499,257.370052,74.844042,4.802104016790558,2.7824696113000003,0.9057338530069505,1.1139005524836074
2026-02-01,119.16,1.1308324941255454,31.53483745488579,1353.59282069,13.96980689017,17.915097859093912,1329.22645058,15.509763153860002,19.901304146724208,1145.5307297999998,13.117975969680002,16.827270081178582,183.69572077,2.3917871841300005,3.074034065480343,1121.9783025699999,11.975039046950002,15.36779521195939,220.23854924999998,3.0429068093400002,3.907780884864537,376.29596893999997,1.59498117762,2.0338973916029697,31.926503609999997,1.62727521024,2.086956096902954,147.63403902000002,1.78294364019,2.3020090724945823,152.59945469,2.08797003018,2.6869037972499323,22.852323339999998,0.24430232655000003,0.31285145634552847,390.19477844,3.88801897828,4.984916655709402,50.257594579999996,0.48969416803,0.6270239311463606,83.61270368000001,1.11481470531,1.4313448141949656,547.9250438099999,5.66043348254,7.270491157820422,42.0976051,1.31060660988,1.6910582396596583,2.8219901899999997,0.33553538301,0.4186055777785025,28.62101398,0.31887264225,0.40382970437480625,143.80976802,1.90784363019,2.4445206791546252,20.20733439,0.25402387365,0.3279179296793931,19.317537129999998,0.144413531,0.18489861860811432,0.35384325,0.07597146327,0.1039042794398329,24.366370110000133,208.0620908900001,-1.5399562636899997,0.8518309204900002,-1.6633722099000001,0.7258153311000001,52.541856111535054,14.086263960507717,35.943293484154125,2.230155778338938,31.02572926662517,-1.477414999185167,71.17953655104377,28.7526849748446,54.33748602943464,15.43611322525804,80.6856408305229,36.254506900241125,80.04391229647332,29.820156432185385,50.799736356035986,14.130259965074199,30.53366229142256,-2.566434659172423,36.84984389064265,2.737569331304801,52.945448284919095,14.735944330683637,36.70925499362223,2.2627622864233476,39.010171855500616,3.795857801507929,42.66870896628701,7.2949935981242,38.256641225686636,3.6318888859106613,32.94156299194013,0.48292460148249283,-49.6296705511329,-60.98263196187854,10.743188320577302,-18.480845727001437,87.1693550253547,40.77227208577712,20.983515793742356,-9.719519643144203,63.79429722067018,23.60784100618234,14.255426275314488,-9.223091939385919,25.41041242045067,13.31921483818657,13.588892728115665,14.888833624672893,17.43601855487727,2.0400962835459224,13.316531550151012,25.06820342586835,3.1573284722154322,7.18782546355358,36.49593759999653,8.450203893370364,2.163381733695227,2.0559478509550315,15.421171557573032,2.7724524898076197e-09,19.973105513498762,17.121118444471886,43.8026,51.7119,94312.0,4.1311108112,8.663888438,98041.72,4.294482244472,0.09244144506600001,0.91357102,2.2145425030580004,33158.40542836012,1.452424369616287,5.746906614088287,14.410795052088288,39.87917802810952,28.666779287804495,12.7949992492,8.326920615,0.336967823,26.3402200726638,61.739769184071534,19.772529724781613,-8.942351667206383,-11.762307730104176,3.8973481177,1.511651134,257.8206062259336,113.9743847106955,23.899696,21.230506,4.62855848483564,2.6241535123000004,0.8815878705751549,1.122817101960485
2026-03-01,121.47,1.1093274059438545,30.865453527292573,1230.54462851,14.434090374730003,18.16777325306359,1460.4164406099999,15.94245252144,20.02940566521942,1224.4571543900001,13.475948737370002,16.927695751804283,235.95928621,2.46650378402,3.1017099133532806,1057.1708685499998,12.387108561310002,15.60403320078531,312.33715617999997,3.1826559446900005,4.003714476148426,22.313690629999996,1.6124482611600002,2.0516146329700797,209.86738125,1.7447802194900002,2.1856828461976754,179.84362830999999,1.8322105368100001,2.311952857261419,171.05754616999997,2.1264693381,2.684224335040193,27.750150729999998,0.25468671269000004,0.3184251211843756,406.43603236999996,4.0121550064500004,5.025964933049753,53.510666789999995,0.50743781061,0.6344608491458951,113.80684464,1.14799101603,1.4405403959663448,542.22294175,5.828909866090001,7.329416203878913,55.90048902,1.2872310677199998,1.6379830814699077,32.76112964,0.36218942287,0.4460825736380219,19.81905016,0.33003454723,0.41324771418234685,180.19564147,1.97434808264,2.47936814884138,30.15046573,0.25820895261,0.32367003169022196,21.95367373,0.15395613056000002,0.19123494724661233,2.15749337,0.07095690408000001,0.0958857883437095,-229.8718120999999,6.087474119999885,-1.5083621467099997,0.95814163736,-1.6419590849,0.8217630881000001,52.896465349961396,14.65596988984923,35.750753802057275,2.346805894631765,31.34470741835862,-0.9958964786843882,66.21446998927634,25.465643810945558,55.156360225411994,16.392999917387876,79.65664735055202,35.819302750293325,82.06271819471596,31.214030655442993,55.44419871480868,17.232723647480807,32.318580269605235,-0.6945645625973329,36.16370420421398,2.683225321577676,52.79129757830543,14.949124891766918,37.291398040275766,3.084909644370848,40.13067422355314,5.0349549699544305,41.16733963812991,6.45395851713555,38.464460598138174,4.102580972566283,26.156107093279424,-4.112786305851824,-45.88409036887544,-58.53488916714005,25.498236536789864,-6.197421299880812,79.92956133803666,35.488345458122424,23.07967349251543,-7.126444660407594,58.554810931516954,19.055143287605915,7.121270017544856,-12.820685454449555,25.693291771339876,13.017148055005626,14.085451910380936,14.791268904615412,17.166793425398986,2.056062651178263,13.189983282080917,25.166485526955817,3.182934431998959,7.200843248465938,36.562190530290536,8.074234914539554,2.2718551137782237,2.0701617068400067,15.471294524496493,2.6344650905230083e-09,19.91186055900001,17.088044483482992,44.3841,51.0236,89756.0,3.9837392796,8.671322345,97862.44,4.343536323204,0.093651782523,0.65674018,2.289743762448,28686.09567038646,1.2732065388439997,5.6167428620479996,14.288065207048,39.31073088382449,27.88158663802084,12.6550616246,8.34053093,0.330791416,29.952484276938208,64.12719026657695,20.178910825069245,-8.16605331214827,-10.686542702223328,4.0074236217,1.688188741,237.3800703898901,109.41660970707278,133.77232,3.5464569999999997,4.129778424118999,2.6753695763000005,0.7496872407848013,0.7047216070341976
2026-04-01,126.55,1.064796523113394,32.3717402432574,1186.16392478,14.66284112051,18.08133247334818,1524.89085,16.33521616301,20.057382514985953,1267.2586179999998,13.871739455620002,17.048743304281412,257.632232,2.4634767073400003,3.008639210642683,1012.1899002399999,12.611906745550002,15.571988983412966,321.31371017,3.26877089386,4.01433796937799,33.40768785,1.61613428601,2.045294645338374,144.75108691,1.7768698154000002,2.1810180904914964,189.82917077,1.87987153158,2.3136977202924207,125.15334483,2.1098119349299997,2.6176063945608883,26.8441455,0.26372386619,0.32190990238586004,397.653728,4.1354346822700006,5.06265784290846,50.75037,0.52477569698,0.6414051155518535,105.90514999999999,1.1880771789100002,1.460536647865984,521.513931,5.94019887348,7.306514624899189,125.92326899999999,1.3362136949299999,1.6636186993125484,29.892606999999998,0.38856436671000005,0.47295400768961277,35.619563,0.358474962,0.44105636562294726,191.986316,1.95454299531,2.3852767116674634,23.265179999999997,0.26208594162000004,0.3211152592003652,34.832648,0.17687054103000002,0.21152599683381174,4.130558,0.06038424151,0.07955995437130921,-338.72692522,-81.09469322000002,-1.6723750425,0.79110166489,-1.7890728229000001,0.6716087271000001,49.58977165723424,12.746163594066019,34.97502300438382,2.007852990991621,32.467084469741046,0.02432014916824432,51.081587378467816,14.921782166140574,52.259511961293235,14.768282593326077,72.38159366858099,30.987924834798307,80.44875188329586,30.517540607357873,52.797155177317734,15.834720377128209,32.81700506599745,0.07815489890976579,31.375844808648033,-0.2575090912078193,51.93913250483537,14.605246114431347,38.43062140748255,4.267298799274499,42.003712049413025,6.783165756257792,42.526139486750125,7.576770486853945,37.8305693930995,4.138048752666723,28.539580889648942,-2.3964332156230617,-41.918079196937775,-55.93705216533118,36.29142574047286,0.9743942842247666,59.6446118206454,21.465626620793323,23.28320867629219,-6.5433148370601995,70.8685590883819,26.868456606940573,-20.6675043878785,-34.42698913563168,25.918134028491423,12.814353282307916,14.08882773437056,14.905529905248436,16.72873085328218,2.0910705376334358,13.453353658666032,25.31606953346853,3.2125421037789472,7.273103502605134,36.36437261804458,8.179957226129435,2.3786913061479895,2.194491694647681,15.080772012790245,2.3874662247180822e-09,19.53294420139299,16.800814297129314,44.985,52.6433,89756.0,4.03767366,8.845850919,98494.51,4.430775532350001,0.0951576702,0.6744657099999999,2.25490866315,28686.09567038646,1.290444013732335,5.721219546082336,14.567070465082336,39.27501799209563,27.71781512060653,12.883524579,8.492441407000001,0.353409511,32.30892629136651,66.91842473096034,19.642501500708416,-9.616281178412155,-12.729238742548983,4.1083429707,1.9194836970000002,214.03375173860616,106.04839091209983,140.108565,42.622838,4.051014860390373,2.5867144373000004,0.762344370554288,0.7019560525360842
2026-05-01,128.72,1.0468458669981355,32.61480199456586,1086.16782268,14.42403754997,17.378961323232264,1384.3906353,16.62986419279,19.993766358216305,1255.4520105999998,14.148605109800002,17.00446345316992,128.9386247,2.48125908295,2.9893029049984134,931.52107311,12.34701805212,14.886205103016119,91.06413185999999,3.1463141783300004,3.8132429431010024,367.55753301,1.51281444818,1.7763645901370795,35.01796754,1.7084729090000002,2.0741084718770613,161.96112927000001,1.9039387605100002,2.291811739159442,129.91610587,2.0961239968700003,2.554246977385831,15.97655673,0.26221720283000005,0.3143634198164763,407.50946787,4.2678378740700005,5.107334947187892,52.07665824,0.54273484518,0.648556946525737,100.81294514,1.20385090666,1.4480146496335842,524.36299301,6.0078795970900005,7.2214423874317895,110.8306559,1.34806560339,1.6422318329272452,27.060404499999997,0.41064791980000004,0.49437285398381314,32.798885909999996,0.36758836327,0.44250983505928304,90.38041823,1.9710293328400001,2.377305953353936,25.37489278,0.26854097817000006,0.3214129433300239,8.61658064,0.1756068137,0.20682966808991357,4.55703955,0.05650986706,0.07262537157619717,-298.2228126199999,-169.28418791999982,-2.20582664282,0.27543244017000007,-2.3342227599000003,0.14423006110000003,42.531850281794426,8.731181622108108,34.06408325213051,1.5185992317917396,31.329785681092346,-0.7349626038747448,52.12428525285058,16.573026964022365,43.885332101299504,9.940049261023475,57.597395140597854,21.13077336145075,57.16459770565419,21.546668028291684,41.81846710774791,8.557558337689276,32.833155458975405,0.6129898817143209,28.343588232672758,-1.9503706889222427,46.92460040566739,11.674099309345998,39.542793674568784,5.222455293859274,43.49015119913213,8.052673832909196,40.12833099632056,6.171566031882736,34.83833970791424,2.202031396765891,25.13650162087975,-4.895237453566503,-38.763868412674164,-53.96593970812521,34.125885322346925,-0.7633395177268465,62.573073482233156,24.790847308234063,22.082562133178165,-7.684507836904631,64.41774015411505,23.0676862655669,-28.686842155306824,-40.98531894318713,25.482380968818415,12.252468100346285,13.837129757064323,15.420231447568764,16.976763037210375,2.123728998557486,13.907297690434362,25.66369649561151,3.2636156187932475,7.239090426137927,36.12705147462816,8.106293519669656,2.4693401884667194,2.210411095415744,14.920501178992,2.285020173076191e-09,20.096018913035966,17.202250578966087,45.6312,53.1224,89756.0,4.0956739872,8.991090477,98280.01,4.484634792312001,0.10290565699200001,0.64914874,2.2891845172080005,28686.09567038646,1.3089809687545386,5.7936157610665395,14.78470623806654,39.186546339010626,27.702099191222135,13.0867644642,8.608685492000001,0.382404986,33.07059998600962,68.2675134020545,19.380959745811317,-9.97915922635606,-13.233842248754542,4.2557822017,2.072671768,205.32832392494865,105.2447274309158,131.52260099999998,-0.36011,3.964291620482385,2.4998196833,0.7740943408222011,0.6903775963601836
2026-06-01,129.99,1.0366182014001075,32.10903603221191,1509.63037502,15.024241237860002,17.698442435011096,1395.46682655,16.7857283691,19.742738598805833,1193.85994901,14.378537168360001,16.921973631907086,201.60687753999997,2.4071912007,2.820764966850773,1315.6623450299999,12.89775118164,15.202499844144352,502.04962958,3.4440605603200005,4.053890311877104,19.18140381,1.51744050002,1.7763153182551865,242.82984327,1.8232177077000002,2.1504221534900134,205.38532343999998,1.97512984709,2.320943416931888,163.63413868,2.09590678573,2.4994841999604316,34.38245875,0.28024242827,0.32760422237034914,389.4720521,4.3797181829300005,5.130916224140611,49.46550174,0.5589429711,0.65428893011975,126.19043961,1.2547943361500002,1.4757777106473204,465.59063086,6.0113095325,7.071168606076853,110.87966762999999,1.37532674231,1.6426589563296596,23.44606223,0.42625038046,0.5079359207182808,28.815594819999998,0.37219502259,0.439227283488084,175.28722391,1.9042311482999998,2.2274840683413992,5.1568748,0.26857901029,0.3197485709971939,13.408632279999999,0.18210307276,0.2112630380981582,7.747254139999999,0.04271620477000001,0.051156756822163,114.16354847000002,315.77042601,-1.7614871312399996,0.6457040695000001,-1.8524463339000001,0.5519384671,43.936849573485006,9.686879119867653,31.369234523707412,-0.23748114939009524,31.070880608883545,-0.6430657275468987,33.18002724631586,2.2669119931387316,45.52428108261539,11.013152798177739,64.43240858743238,25.45355173113495,57.53277995866695,22.020530421710593,45.6214774328473,11.036927693922195,34.25880221800559,1.6461036215326352,24.357158290097413,-4.705833090629641,51.79779753134453,14.943008525339497,40.00149987567727,5.7949285108072734,44.94542892098985,9.427944263519073,41.5824429775983,7.09916324023252,32.20628401288823,0.831211776884988,26.41435035029003,-3.733671990066423,-35.6539228048007,-51.85743099651033,36.57479648691271,1.804120146190047,39.265484355483096,7.328204130958271,21.59844541038458,-7.956486302986199,67.3678368977037,25.42283464010189,-56.35240747188419,-65.23935391831756,26.7027988973972,11.765155635659049,14.135934877510723,15.313753686779174,16.25017226812013,2.172800702411799,13.659383932121912,26.091916219688166,3.329870225524023,7.475364241327102,35.81202674270553,8.193429037263403,2.5393618381473564,2.2173301891096666,14.340701504090086,2.144673771908856e-09,18.663650482935708,16.022048385605338,46.5551,53.095,93222.0,4.3399595322,9.013873942,95496.76000000001,4.445861211476001,0.10869358862300002,0.68623642,2.2600862310480005,31531.4139970057,1.4679481317720005,5.913809343248001,14.927683285248001,39.61639077037634,29.07322890812456,13.3538334742,8.825924357,0.187949585,34.94985858437995,62.40105419203231,18.30795991116848,-10.446731378524577,-13.80107612104343,4.3976939377,2.4116486580000003,182.35218148845294,101.89565361112638,99.07653499999999,-108.640025,3.5587042183839994,2.2372478303000003,0.8228696835715954,0.4985867045124037
2026-07-01,132.31,1.0184415388103696,31.754096790624352,1412.39748453,15.33972495798,17.665005636270465,1790.5023906099998,17.455455262930002,20.062360952448298,1463.73802294,14.85608752455,17.089400705455326,326.76436766,2.5993677383300002,2.9729602469348135,1234.8418673499998,13.182756749350002,15.185587226893082,432.00742635,3.5839959884600003,4.101951182346298,3.61564381,1.5090872668500002,1.7639373407561725,183.40480853,1.88115580927,2.168853177220326,192.62329709999997,2.0022134733600003,2.294991488588646,190.67352234999998,2.1051275301300003,2.4501937210151494,27.13059118,0.2892219885,0.33087939215017004,461.56762914999996,4.519197827809999,5.168805828802995,55.69784376,0.57704831421,0.6605708649932047,113.89986379999999,1.28857904202,1.4842764638036843,611.45036892,6.2337456089,7.171900725091758,150.89858664,1.4092620008799999,1.6393944541737338,34.99944724,0.44629260352,0.5235106331009372,35.22428339,0.38196212689000003,0.44094173511542084,256.25682078,2.0885136544500003,2.391888756386714,48.27165831,0.2760254133200001,0.31412953566892327,17.136220079999998,0.19032312446000002,0.21675121887973417,5.09021669,0.034944452390000005,0.03908216028967674,-378.1049060799999,-51.340538410000086,-2.1157303049499996,0.48363743343,-2.1625321879,0.43402915110000007,41.98108075507323,8.389355723649894,33.547586522580474,1.270471746062185,32.394601759035034,0.3038265518227057,40.5427600737617,7.20957535248683,43.274476270995656,9.462858422282071,60.404364349430885,22.426318297450965,57.050789443198745,21.97602498283464,44.83378143132386,10.424349009840995,31.990234794494654,0.17596498201142285,21.539127051047323,-6.6557453676362455,51.31486416764219,14.674524918755715,41.04693322366095,6.779816926466742,46.445855717968286,10.819225153006574,41.98838409278645,7.555621130020862,33.79718900868747,1.889704288582994,25.854537465201233,-4.170308022014046,-33.85834883652764,-51.092456762816816,45.86412338159012,9.989479010437009,50.71740258956694,15.219369579406461,17.919645675278527,-10.931819373120533,73.03767022207713,30.138951747175025,-67.41415479344465,-75.29174300741467,27.18699932498349,11.44743315486276,14.269821138607853,15.18812424008903,15.968795982174191,2.1939416314744684,13.74488452780821,25.88988805927841,3.3058336521045804,7.382099307123453,35.71230606708122,8.073476054633977,2.556751438433048,2.1882106260566556,14.891434793168957,2.119691089319531e-09,19.71793751301803,16.94533471395628,47.3274,54.2273,,,9.244118413,98258.36,4.650312707064001,0.11334391698599999,0.82143048,2.33636916114,,,,,,,,8.977064559,0.26705385400000003,34.59697828881595,66.49761121851834,,,,4.4372295707000005,2.536061815,174.96535551520063,95.9489060133712,197.308449,127.597095,,2.0853734733000002,0.853793088217844,
2026-08-01,134.75,1.0,31.507342820912854,1654.9100359,15.706563002610002,17.626006422830866,1642.0576870799998,17.906145704199997,20.137683231324875,1444.98124763,15.289433132630002,17.20400680448377,197.07643944999998,2.61671257153,2.933676426796093,1473.31101293,13.505664881330002,15.14603397935051,351.22531274,3.6893010411200007,4.129773295596811,403.2725011,1.61945809235,1.7820226311966822,182.39126351,1.9194407003700003,2.1617339795383264,183.62221858,2.0471085193,2.2961772886592025,165.53981318,2.0812087824,2.366581614995668,27.74376762,0.29854562824,0.3343993390509679,430.26088374,4.64638049808,5.200496607339504,54.20562889,0.59460182371,0.6665762655858672,110.45091891999999,1.3157246066700001,1.4851747248956595,624.7347149899999,6.4091172407400006,7.205689989813063,129.63651106999998,1.4283984111299999,1.6237152188409225,55.017038189999994,0.49292699039000004,0.567503869282063,40.675551799999994,0.40228356160000006,0.45485012837570454,118.29503609,2.06289289404,2.320923952600012,42.52397566,0.30348007389,0.3368362554727535,23.876322679999998,0.20085129439000002,0.22307374056253257,10.74446239,0.038297036570000005,0.040105760061147674,12.852348820000172,209.92878826999998,-2.19958270159,0.4171298699799999,-2.2437918149000002,0.37011435810000004,37.75977922007636,5.016785156412995,33.213984691608566,0.9753089421364658,32.84260735472313,0.587909443309087,35.42614132522572,3.3085902529322864,38.16898247563793,5.346327574314347,57.379895304229244,20.1896840772263,31.304875464851722,-0.7557034700367282,41.64543227112492,8.084728310264655,32.401817204689266,0.6262372278882822,16.053831528215824,-10.691784935476756,51.41594298359487,14.874814491875664,41.770752506475176,7.502948954109945,47.70872683483436,12.013602061307793,40.67991572302705,6.662519788559185,33.34159368320484,1.4607078993331246,23.742796082776007,-5.778969155820091,-26.25948750597341,-46.24775125815648,51.86069861779157,14.458740713382024,41.044642710261535,8.051736893562556,30.20414928926758,-2.1984208088421164,75.79976505623105,32.60919467194303,-65.57606894966672,-75.24150363904855,27.316693206419085,11.990954214988044,14.212115562140164,15.157406446015756,15.409895038022356,2.2105215171798345,13.70241401523478,25.948523902551308,3.320657798347595,7.347894004690183,35.792835301439005,7.977140556803134,2.7528369227688176,2.246622853658797,14.613488657786549,1.9546178009477444e-09,19.374925962714343,16.659994749297944,48.0732,55.9845,,,9.545365736,98388.16,4.729833693312001,0.11538385244400001,0.8391302399999999,2.3734320525720007,,,,,,,,9.184853578,0.360512157,33.86918746154119,60.882080074166055,,,,4.5354511027,2.817862678,160.95358862267452,92.92518413915012,148.996127,5.992382999999999,,1.9105147993,0.8872900089598239,
