tarih,f_ticari_tl,f_ticari_dar,f_ihtiyac,f_konut,f_tasit,f_tuketici,mev_tl,kat_ticari,kat_tuketici,politika,aofm,aofm_kaynak_gun,koridor_alt,koridor_ust,aofm_taban_mn_tl,aofm_gecerli,aofm_ham,makas_kredi_mevduat,spread_politika,spread_aofm,pka_12a,pka_yas_gun,reel_ticari,reel_ticari_yaklasik,reel_tuketici,reel_tuketici_yaklasik,reel_mevduat,reel_mevduat_yaklasik
2005-01-07,26.23,,29.98,22.83,24.65,26.13,19.28,,,,,yok,,,,False,,6.949999999999999,,,,,,,,,,
2005-01-14,24.31,,30.27,22.39,23.95,27.05,18.8,,,,,yok,,,,False,,5.509999999999998,,,,,,,,,,
2005-01-21,25.71,,29.35,22.05,23.01,26.37,18.77,,,,,yok,,,,False,,6.940000000000001,,,,,,,,,,
2005-01-28,22.2,,29.14,21.18,22.36,25.99,18.37,,,,,yok,,,,False,,3.8299999999999983,,,,,,,,,,
2005-02-04,23.52,,28.12,20.97,21.93,25.12,18.42,,,,,yok,,,,False,,5.099999999999998,,,,,,,,,,
2005-02-11,22.3,,25.84,20.6,21.7,24.68,18.26,,,,,yok,,,,False,,4.039999999999999,,,,,,,,,,
2005-02-18,22.64,,25.25,20.27,21.13,24.4,18.11,,,,,yok,,,,False,,4.530000000000001,,,,,,,,,,
2005-02-25,23.48,,25.66,19.79,20.44,24.17,17.86,,,,,yok,,,,False,,5.620000000000001,,,,,,,,,,
2005-03-04,22.54,,27.15,19.23,19.99,23.3,17.45,,,,,yok,,,,False,,5.09,,,,,,,,,,
2005-03-11,23.73,,27.56,18.99,20.04,23.15,17.27,,,,,yok,,,,False,,6.460000000000001,,,,,,,,,,
2005-03-18,23.94,,24.89,18.68,19.69,22.11,16.99,,,,,yok,,,,False,,6.950000000000003,,,,,,,,,,
2005-03-25,26.52,,25.25,18.54,19.48,22.18,16.69,,,,,yok,,,,False,,9.829999999999998,,,,,,,,,,
2005-04-01,21.03,,25.34,18.44,19.1,21.61,16.33,,,,,yok,,,,False,,4.700000000000003,,,,,,,,,,
2005-04-08,22.4,,25.18,18.26,19.27,21.55,16.61,,,,,yok,,,,False,,5.789999999999999,,,,,,,,,,
2005-04-15,21.37,,24.88,18.25,18.89,21.12,16.43,,,,,yok,,,,False,,4.940000000000001,,,,,,,,,,
2005-04-22,22.77,,25.23,18.29,18.58,21.37,16.53,,,,,yok,,,,False,,6.239999999999998,,,,,,,,,,
2005-04-29,20.17,,25.02,18.15,18.39,21.06,16.52,,,,,yok,,,,False,,3.650000000000002,,,,,,,,,,
2005-05-06,20.66,,25.03,18.15,18.39,21.1,16.66,,,,,yok,,,,False,,4.0,,,,,,,,,,
2005-05-13,20.32,,24.92,18.08,18.52,20.89,16.49,,,,,yok,,,,False,,3.830000000000002,,,,,,,,,,
2005-05-20,19.55,,24.76,18.02,18.15,20.96,16.33,,,,,yok,,,,False,,3.2200000000000024,,,,,,,,,,
2005-05-27,19.34,,25.2,17.92,18.14,21.13,16.4,,,,,yok,,,,False,,2.9400000000000013,,,,,,,,,,
2005-06-03,19.92,,24.99,17.92,18.3,20.93,16.36,,,,,yok,,,,False,,3.5600000000000023,,,,,,,,,,
2005-06-10,20.76,,25.38,17.91,18.38,21.36,16.29,,,,,yok,,,,False,,4.470000000000002,,,,,,,,,,
2005-06-17,20.7,,24.54,16.93,17.9,20.68,16.16,,,,,yok,,,,False,,4.539999999999999,,,,,,,,,,
2005-06-24,20.68,,24.67,16.61,17.48,20.54,16.4,,,,,yok,,,,False,,4.280000000000001,,,,,,,,,,
2005-07-01,18.9,,25.12,16.4,18.28,20.18,16.69,,,,,yok,,,,False,,2.2099999999999973,,,,,,,,,,
2005-07-08,18.6,,24.85,16.22,17.02,19.77,16.39,,,,,yok,,,,False,,2.210000000000001,,,,,,,,,,
2005-07-15,19.8,,25.68,15.99,17.0,20.22,16.0,,,,,yok,,,,False,,3.8000000000000007,,,,,,,,,,
2005-07-22,20.19,,25.56,15.96,16.76,20.37,16.22,,,,,yok,,,,False,,3.9700000000000024,,,,,,,,,,
2005-07-29,19.06,,24.15,16.0,18.0,19.66,16.25,,,,,yok,,,,False,,2.8099999999999987,,,,,,,,,,
2005-08-05,18.99,,24.33,15.96,16.29,19.29,16.27,,,,,yok,,,,False,,2.719999999999999,,,,,,,,,,
2005-08-12,18.99,,24.83,15.9,16.38,19.37,16.12,,,,,yok,,,,False,,2.8699999999999974,,,,,,,,,,
2005-08-19,17.53,,23.88,17.45,20.09,20.27,16.16,,,,,yok,,,,False,,1.370000000000001,,,,,,,,,,
2005-08-26,17.71,,23.97,17.27,19.88,20.01,16.22,,,,,yok,,,,False,,1.490000000000002,,,,,,,,,,
2005-09-02,18.91,,23.68,17.27,19.66,19.8,16.22,,,,,yok,,,,False,,2.6900000000000013,,,,,,,,,,
2005-09-09,20.55,,23.84,17.2,20.05,19.97,16.22,,,,,yok,,,,False,,4.330000000000002,,,,,,,,,,
2005-09-16,19.6,,23.68,17.21,19.92,19.99,16.3,,,,,yok,,,,False,,3.3000000000000007,,,,,,,,,,
2005-09-23,20.13,,23.74,17.06,19.67,19.74,16.42,,,,,yok,,,,False,,3.7099999999999973,,,,,,,,,,
2005-09-30,18.34,,23.55,16.68,19.46,19.36,16.4,,,,,yok,,,,False,,1.9400000000000013,,,,,,,,,,
2005-10-07,19.34,,22.8,16.34,19.46,18.91,16.35,,,,,yok,,,,False,,2.9899999999999984,,,,,,,,,,
2005-10-14,19.33,,22.54,16.32,19.47,18.8,16.15,,,,,yok,,,,False,,3.1799999999999997,,,,,,,,,,
2005-10-21,20.13,,22.87,16.54,19.39,19.23,15.84,,,,,yok,,,,False,,4.289999999999999,,,,,,,,,,
2005-10-28,19.69,,22.17,16.26,19.06,18.72,16.08,,,,,yok,,,,False,,3.610000000000003,,,,,,,,,,
2005-11-04,17.8,,21.26,15.8,18.71,18.13,16.14,,,,,yok,,,,False,,1.6600000000000001,,,,,,,,,,
2005-11-11,18.44,,21.7,16.13,19.55,18.65,15.78,,,,,yok,,,,False,,2.660000000000002,,,,,,,,,,
2005-11-18,15.88,,21.87,16.01,19.19,18.48,15.77,,,,,yok,,,,False,,0.11000000000000121,,,,,,,,,,
2005-11-25,17.43,,21.62,15.68,18.56,18.15,15.73,,,,,yok,,,,False,,1.6999999999999993,,,,,,,,,,
2005-12-02,19.0,,22.26,16.06,18.42,18.38,15.76,,,,,yok,,,,False,,3.24,,,,,,,,,,
2005-12-09,18.72,,21.17,15.72,18.44,18.18,15.5,,,,,yok,,,,False,,3.219999999999999,,,,,,,,,,
2005-12-16,19.39,,21.87,15.59,18.0,18.05,15.63,,,,,yok,,,,False,,3.76,,,,,,,,,,
2005-12-23,19.27,,21.66,15.35,17.58,17.65,15.68,,,,,yok,,,,False,,3.59,,,,,,,,,,
2005-12-30,16.57,,21.35,15.1,16.78,17.13,15.92,,,,,yok,,,,False,,0.6500000000000004,,,,,,,,,,
2006-01-06,19.5,,21.19,15.1,17.36,17.44,15.5,,,,,yok,,,,False,,4.0,,,,,,,,,,
2006-01-13,,,,,,,,,,,,yok,,,,False,,,,,,,,,,,,
2006-01-20,21.12,,21.39,15.35,18.18,17.85,15.17,,,,,yok,,,,False,,5.950000000000001,,,,,,,,,,
2006-01-27,17.32,,21.48,15.11,17.8,17.54,14.99,,,,,yok,,,,False,,2.33,,,,,,,,,,
2006-02-03,20.55,,21.38,15.01,17.51,17.36,14.94,,,,,yok,,,,False,,5.610000000000001,,,,,,,,,,
2006-02-10,18.75,,21.36,14.91,17.92,17.38,15.13,,,,,yok,,,,False,,3.619999999999999,,,,,,,,,,
2006-02-17,19.64,,21.05,15.0,17.77,17.43,15.0,,,,,yok,,,,False,,4.640000000000001,,,,,,,,,,
2006-02-24,17.4,,20.96,14.66,17.24,17.02,15.0,,,,,yok,,,,False,,2.3999999999999986,,,,,,,,,,
2006-03-03,16.64,,21.08,14.98,17.28,17.19,14.89,,,,,yok,,,,False,,1.75,,,,,,,,,,
2006-03-10,17.28,,20.87,14.86,17.27,17.18,14.85,,,,,yok,,,,False,,2.4300000000000015,,,,,,,,,,
2006-03-17,16.85,,21.13,14.73,17.22,17.18,14.73,,,,,yok,,,,False,,2.120000000000001,,,,,,,,,,
2006-03-24,17.53,,20.83,14.56,16.65,16.88,14.48,,,,,yok,,,,False,,3.0500000000000007,,,,,,,,,,
2006-03-31,16.01,,20.65,14.47,16.1,16.61,14.75,,,,,yok,,,,False,,1.2600000000000016,,,,,,,,,,
2006-04-07,17.15,,20.45,14.07,16.4,16.38,14.75,,,,,yok,,,,False,,2.3999999999999986,,,,,,,,,,
2006-04-14,17.06,,19.99,14.27,16.14,16.24,14.55,,,,,yok,,,,False,,2.509999999999998,,,,,,,,,,
2006-04-21,17.55,,19.71,14.15,16.19,16.37,14.52,,,,,yok,,,,False,,3.030000000000001,,,,,,,,,,
2006-04-28,16.28,,18.39,13.29,13.55,15.84,14.34,,,,,yok,,,,False,,1.9400000000000013,,,,,,,,,,
2006-05-05,16.6,,20.62,13.9,13.47,16.54,14.38,,,,,yok,,,,False,,2.2200000000000006,,,,,,,,,,
2006-05-12,16.23,,18.9,13.81,13.67,16.08,14.34,,,,,yok,,,,False,,1.8900000000000006,,,,,,,,,,
2006-05-19,15.83,,18.98,14.22,13.48,15.98,14.26,,,,,yok,,,,False,,1.5700000000000003,,,,,,,,,,
2006-05-26,15.4,,19.14,14.76,13.96,16.6,14.3,,,,,yok,,,,False,,1.0999999999999996,,,,,,,,,,
2006-06-02,15.97,,20.17,15.69,14.58,17.4,14.09,,,,,yok,,,,False,,1.8800000000000008,,,,,,,,,,
2006-06-09,16.65,,21.36,16.63,16.36,18.56,14.74,,,,,yok,,,,False,,1.9099999999999984,,,,,,,,,,
2006-06-16,17.25,,22.05,17.29,17.25,19.41,15.31,,,,,yok,,,,False,,1.9399999999999995,,,,,,,,,,
2006-06-23,17.76,,22.23,18.23,18.66,20.35,15.12,,,,,yok,,,,False,,2.6400000000000023,,,,,,,,,,
2006-06-30,19.22,,25.57,18.54,20.84,22.63,17.34,,,,,yok,,,,False,,1.879999999999999,,,,,,,,,,
2006-07-07,20.15,,27.45,20.68,22.43,24.89,17.35,,,,,yok,,,,False,,2.799999999999997,,,,,,,,,,
2006-07-14,19.5,,27.76,21.8,23.06,25.52,17.29,,,,,yok,,,,False,,2.210000000000001,,,,,,,,,,
2006-07-21,20.27,,27.82,21.29,23.35,25.43,17.92,,,,,yok,,,,False,,2.349999999999998,,,,,,,,,,
2006-07-28,19.38,,28.04,20.9,22.71,25.29,17.89,,,,,yok,,,,False,,1.4899999999999984,,,,,,,,,,
2006-08-04,20.18,,27.99,21.14,22.35,25.24,17.95,,,,,yok,,,,False,,2.2300000000000004,,,,,,,,,,
2006-08-11,20.02,,28.17,21.83,22.66,25.76,17.92,,,,,yok,,,,False,,2.099999999999998,,,,,,,,,,
2006-08-18,19.7,,27.94,22.02,22.51,25.62,17.96,,,,,yok,,,,False,,1.7399999999999984,,,,,,,,,,
2006-08-25,20.0,,27.73,21.83,22.22,25.41,17.84,,,,,yok,,,,False,,2.16,,,,,,,,,,
2006-09-01,18.92,,27.44,21.55,21.41,24.93,18.03,,,,,yok,,,,False,,0.8900000000000006,,,,,,,,,,
2006-09-08,19.85,,27.16,21.96,21.78,25.07,18.03,,,,,yok,,,,False,,1.8200000000000003,,,,,,,,,,
2006-09-15,19.81,,26.97,21.63,21.54,24.58,18.06,,,,,yok,,,,False,,1.75,,,,,,,,,,
2006-09-22,20.56,,26.8,21.96,21.45,24.7,17.82,,,,,yok,,,,False,,2.7399999999999984,,,,,,,,,,
2006-09-29,19.77,,26.93,21.66,21.3,24.54,18.27,,,,,yok,,,,False,,1.5,,,,,,,,,,
2006-10-06,20.43,,26.94,21.54,21.55,24.63,18.22,,,,,yok,,,,False,,2.210000000000001,,,,,,,,,,
2006-10-13,19.87,,26.4,21.65,21.66,24.33,18.16,,,,,yok,,,,False,,1.7100000000000009,,,,,,,,,,
2006-10-20,20.86,,26.17,21.83,21.77,24.29,18.18,,,,,yok,,,,False,,2.6799999999999997,,,,,,,,,,
2006-10-27,20.09,,26.86,21.57,22.04,24.8,17.88,,,,,yok,,,,False,,2.210000000000001,,,,,,,,,,
2006-11-03,20.71,,26.61,21.42,22.06,24.51,18.58,,,,,yok,,,,False,,2.1300000000000026,,,,,,,,,,
2006-11-10,21.11,,26.73,21.79,21.95,24.57,18.43,,,,,yok,,,,False,,2.6799999999999997,,,,,,,,,,
2006-11-17,19.73,,26.54,21.62,21.79,24.17,18.46,,,,,yok,,,,False,,1.2699999999999996,,,,,,,,,,
2006-11-24,20.8,,25.24,20.97,21.5,23.49,18.21,,,,,yok,,,,False,,2.59,,,,,,,,,,
2006-12-01,19.67,,24.09,19.47,21.45,22.26,18.23,,,,,yok,,,,False,,1.4400000000000013,,,,,,,,,,
2006-12-08,20.49,,25.76,19.67,20.88,22.86,18.57,,,,,yok,,,,False,,1.9199999999999982,,,,,,,,,,
2006-12-15,19.78,,25.15,19.85,21.04,22.62,18.33,,,,,yok,,,,False,,1.4500000000000028,,,,,,,,,,
2006-12-22,19.95,,25.26,21.09,20.81,23.38,18.31,,,,,yok,,,,False,,1.6400000000000006,,,,,,,,,,
2006-12-29,19.4,,25.25,21.53,20.46,23.12,19.12,,,,,yok,,,,False,,0.2799999999999976,,,,,,,,,,
2007-01-05,18.22,,25.16,21.45,20.52,23.26,18.28,,,,,yok,,,,False,,-0.060000000000002274,,,,,,,,,,
2007-01-12,19.83,,25.36,21.3,21.53,23.81,18.55,,,,,yok,,,,False,,1.2799999999999976,,,,,,,,,,
2007-01-19,20.35,,25.72,21.3,21.52,23.89,18.54,,,,,yok,,,,False,,1.8100000000000023,,,,,,,,,,
2007-01-26,18.66,,25.75,21.3,21.51,23.95,18.3,,,,,yok,,,,False,,0.35999999999999943,,,,,,,,,,
2007-02-02,19.97,,25.21,21.19,21.42,23.57,18.49,,,,,yok,,,,False,,1.4800000000000004,,,,,,,,,,
2007-02-09,20.12,,24.88,20.38,21.74,23.16,18.26,,,,,yok,,,,False,,1.8599999999999994,,,,,,,,,,
2007-02-16,19.43,,24.45,19.78,21.26,22.65,18.24,,,,,yok,,,,False,,1.1900000000000013,,,,,,,,,,
2007-02-23,19.49,,24.77,19.68,20.93,22.75,18.29,,,,,yok,,,,False,,1.1999999999999993,,,,,,,,,,
2007-03-02,19.11,,24.8,19.68,20.53,22.6,18.31,,,,,yok,,,,False,,0.8000000000000007,,,,,,,,,,
2007-03-09,19.94,,24.63,19.47,20.6,22.49,18.21,,,,,yok,,,,False,,1.7300000000000004,,,,,,,,,,
2007-03-16,19.37,,24.38,19.48,20.27,22.36,18.1,,,,,yok,,,,False,,1.2699999999999996,,,,,,,,,,
2007-03-23,18.93,,24.42,19.23,20.11,22.18,17.96,,,,,yok,,,,False,,0.9699999999999989,,,,,,,,,,
2007-03-30,19.14,,24.65,19.42,19.8,22.36,18.12,,,,,yok,,,,False,,1.0199999999999996,,,,,,,,,,
2007-04-06,19.4,,24.19,19.1,19.85,22.0,18.17,,,,,yok,,,,False,,1.2299999999999969,,,,,,,,,,
2007-04-13,19.12,,23.56,19.18,19.92,21.67,18.07,,,,,yok,,,,False,,1.0500000000000007,,,,,,,,,,
2007-04-20,21.21,,22.94,19.36,19.73,21.35,18.09,,,,,yok,,,,False,,3.120000000000001,,,,,,,,,,
2007-04-27,19.19,,23.1,19.54,19.7,21.62,18.09,,,,,yok,,,,False,,1.1000000000000014,,,,,,,,,,
2007-05-04,19.15,,23.1,19.08,19.64,21.35,18.13,,,,,yok,,,,False,,1.0199999999999996,,,,,,,,,,
2007-05-11,18.85,,23.23,19.14,19.89,21.56,18.2,,,,,yok,,,,False,,0.6500000000000021,,,,,,,,,,
2007-05-18,18.98,,22.75,18.67,19.69,21.09,18.1,,,,,yok,,,,False,,0.879999999999999,,,,,,,,,,
2007-05-25,19.64,,23.25,18.07,19.53,21.0,17.92,,,,,yok,,,,False,,1.7199999999999989,,,,,,,,,,
2007-06-01,18.12,,23.33,18.11,19.21,21.22,18.03,,,,,yok,,,,False,,0.08999999999999986,,,,,,,,,,
2007-06-08,18.98,,23.87,17.98,19.57,20.98,18.03,,,,,yok,,,,False,,0.9499999999999993,,,,,,,,,,
2007-06-15,18.67,,24.06,18.11,19.78,21.33,18.07,,,,,yok,,,,False,,0.6000000000000014,,,,,,,,,,
2007-06-22,19.18,,23.37,18.08,19.53,21.08,17.9,,,,,yok,,,,False,,1.2800000000000011,,,,,,,,,,
2007-06-29,18.99,,23.09,17.88,19.54,20.92,17.93,,,,,yok,,,,False,,1.0599999999999987,,,,,,,,,,
2007-07-06,19.12,,22.88,17.59,19.46,20.65,17.96,,,,,yok,,,,False,,1.1600000000000001,,,,,,,,,,
2007-07-13,18.56,,22.57,17.66,19.48,20.57,18.03,,,,,yok,,,,False,,0.5299999999999976,,,,,,,,,,
2007-07-20,18.88,,22.36,17.31,19.44,20.26,17.95,,,,,yok,,,,False,,0.9299999999999997,,,,,,,,,,
2007-07-27,18.93,,24.35,17.15,18.98,21.5,17.95,,,,,yok,,,,False,,0.9800000000000004,,,,,,,,,,
2007-08-03,18.1,,22.37,17.06,18.72,20.06,17.9,,,,,yok,,,,False,,0.20000000000000284,,,,,,,,,,
2007-08-10,18.78,,22.17,17.03,18.75,20.08,17.7,,,,,yok,,,,False,,1.0800000000000018,,,,,,,,,,
2007-08-17,17.82,,21.88,16.98,18.6,19.8,17.81,,,,,yok,,,,False,,0.010000000000001563,,,,,,,,,,
2007-08-24,18.87,,21.99,17.05,18.53,19.86,17.85,,,,,yok,,,,False,,1.0199999999999996,,,,,,,,,,
2007-08-31,17.41,,21.94,17.48,18.48,20.13,17.8,,,,,yok,,,,False,,-0.39000000000000057,,,,,,,,,,
2007-09-07,18.79,,21.99,17.46,18.32,20.13,17.83,,,,,yok,,,,False,,0.9600000000000009,,,,,,,,,,
2007-09-14,18.47,,21.89,17.59,18.59,20.09,17.82,,,,,yok,,,,False,,0.6499999999999986,,,,,,,,,,
2007-09-21,18.19,,24.59,17.49,18.56,21.74,17.72,,,,,yok,,,,False,,0.4700000000000024,,,,,,,,,,
2007-09-28,17.9,,21.55,17.79,18.41,20.06,17.64,,,,,yok,,,,False,,0.259999999999998,,,,,,,,,,
2007-10-05,18.44,,21.11,17.43,18.43,19.88,17.58,,,,,yok,,,,False,,0.860000000000003,,,,,,,,,,
2007-10-12,18.72,,20.74,17.66,18.41,19.82,17.44,,,,,yok,,,,False,,1.2799999999999976,,,,,,,,,,
2007-10-19,17.45,,21.24,16.81,18.39,19.73,17.3,,,,,yok,,,,False,,0.14999999999999858,,,,,,,,,,
2007-10-26,17.24,,22.16,17.17,18.15,20.08,17.07,,,,,yok,,,,False,,0.16999999999999815,,,,,,,,,,
2007-11-02,17.96,,22.38,17.85,17.86,20.37,17.02,,,,,yok,,,,False,,0.9400000000000013,,,,,,,,,,
2007-11-09,18.06,,21.99,17.03,18.0,19.78,16.94,,,,,yok,,,,False,,1.1199999999999974,,,,,,,,,,
2007-11-16,16.9,,20.82,16.68,17.9,19.17,16.76,,,,,yok,,,,False,,0.13999999999999702,,,,,,,,,,
2007-11-23,17.78,,20.38,16.57,17.43,18.91,16.71,,,,,yok,,,,False,,1.0700000000000003,,,,,,,,,,
2007-11-30,16.46,,20.15,16.58,17.04,18.71,16.91,,,,,yok,,,,False,,-0.4499999999999993,,,,,,,,,,
2007-12-07,17.92,,20.15,16.52,16.99,18.58,16.84,,,,,yok,,,,False,,1.0800000000000018,,,,,,,,,,
2007-12-14,17.1,,19.53,16.61,16.85,18.34,16.82,,,,,yok,,,,False,,0.28000000000000114,,,,,,,,,,
2007-12-21,18.05,,19.3,16.77,16.77,18.3,16.7,,,,,yok,,,,False,,1.3500000000000014,,,,,,,,,,
2007-12-28,17.26,,19.22,16.21,16.53,17.97,17.07,,,,,yok,,,,False,,0.19000000000000128,,,,,,,,,,
2008-01-04,17.24,,19.66,16.8,16.46,18.36,16.9,,,,,yok,,,,False,,0.33999999999999986,,,,,,,,,,
2008-01-11,16.69,,19.86,16.51,17.03,18.61,16.65,,,,,yok,,,,False,,0.0400000000000027,,,,,,,,,,
2008-01-18,17.13,,19.95,16.46,16.83,18.52,16.43,,,,,yok,,,,False,,0.6999999999999993,,,,,,,,,,
2008-01-25,18.0,,19.86,16.25,16.85,18.38,16.27,,,,,yok,,,,False,,1.7300000000000004,,,,,,,,,,
2008-02-01,16.85,,19.98,16.29,16.88,18.35,16.35,,,,,yok,,,,False,,0.5,,,,,,,,,,
2008-02-08,17.69,,19.49,16.13,16.85,18.11,16.38,,,,,yok,,,,False,,1.3100000000000023,,,,,,,,,,
2008-02-15,16.56,,20.04,16.38,16.98,18.32,16.21,,,,,yok,,,,False,,0.34999999999999787,,,,,,,,,,
2008-02-22,17.23,,19.85,16.51,17.03,18.42,16.16,,,,,yok,,,,False,,1.0700000000000003,,,,,,,,,,
2008-02-29,15.92,,20.32,16.62,16.96,18.69,16.07,,,,,yok,,,,False,,-0.15000000000000036,,,,,,,,,,
2008-03-07,17.23,,20.69,16.63,17.51,18.89,16.4,,,,,yok,,,,False,,0.8300000000000018,,,,,,,,,,
2008-03-14,16.48,,20.44,16.74,17.28,18.67,16.22,,,,,yok,,,,False,,0.26000000000000156,,,,,,,,,,
2008-03-21,17.49,,20.59,17.5,17.99,19.23,16.17,,,,,yok,,,,False,,1.3199999999999967,,,,,,,,,,
2008-03-28,16.95,,20.79,18.24,18.25,19.72,16.29,,,,,yok,,,,False,,0.6600000000000001,,,,,,,,,,
2008-04-04,17.54,,21.09,18.12,18.48,19.85,16.4,,,,,yok,,,,False,,1.1400000000000006,,,,,,,,,,
2008-04-11,17.02,,21.44,17.99,18.99,19.99,16.3,,,,,yok,,,,False,,0.7199999999999989,,,,,,,,,,
2008-04-18,17.68,,20.62,17.98,18.97,19.62,16.24,,,,,yok,,,,False,,1.4400000000000013,,,,,,,,,,
2008-04-25,17.33,,20.84,18.14,18.61,19.83,16.25,,,,,yok,,,,False,,1.0799999999999983,,,,,,,,,,
2008-05-02,16.51,,20.6,17.99,18.57,19.59,16.49,,,,,yok,,,,False,,0.020000000000003126,,,,,,,,,,
2008-05-09,17.42,,20.72,17.66,19.02,19.65,16.58,,,,,yok,,,,False,,0.8400000000000034,,,,,,,,,,
2008-05-16,17.96,,20.59,17.55,18.86,19.39,16.66,,,,,yok,,,,False,,1.3000000000000007,,,,,,,,,,
2008-05-23,17.89,,20.76,16.95,18.72,19.33,16.84,,,,,yok,,,,False,,1.0500000000000007,,,,,,,,,,
2008-05-30,17.75,,21.09,17.11,18.71,19.62,17.1,,,,,yok,,,,False,,0.6499999999999986,,,,,,,,,,
2008-06-06,17.74,,20.83,17.24,18.8,19.56,17.13,,,,,yok,,,,False,,0.6099999999999994,,,,,,,,,,
2008-06-13,17.89,,20.93,17.38,18.96,19.53,17.29,,,,,yok,,,,False,,0.6000000000000014,,,,,,,,,,
2008-06-20,18.76,,21.19,17.68,19.16,19.86,17.47,,,,,yok,,,,False,,1.2900000000000027,,,,,,,,,,
2008-06-27,18.0,,22.03,18.11,19.22,20.54,17.72,,,,,yok,,,,False,,0.28000000000000114,,,,,,,,,,
2008-07-04,18.8,,21.57,18.17,19.5,20.28,18.03,,,,,yok,,,,False,,0.7699999999999996,,,,,,,,,,
2008-07-11,17.99,,21.71,18.87,20.25,20.75,17.87,,,,,yok,,,,False,,0.11999999999999744,,,,,,,,,,
2008-07-18,18.86,,21.54,19.2,20.31,20.8,17.86,,,,,yok,,,,False,,1.0,,,,,,,,,,
2008-07-25,18.96,,22.02,19.46,20.13,21.27,17.83,,,,,yok,,,,False,,1.1300000000000026,,,,,,,,,,
2008-08-01,18.66,,22.64,19.42,19.83,21.57,17.87,,,,,yok,,,,False,,0.7899999999999991,,,,,,,,,,
2008-08-08,18.52,,22.51,19.1,20.03,21.53,17.59,,,,,yok,,,,False,,0.9299999999999997,,,,,,,,,,
2008-08-15,18.22,,22.27,18.89,20.0,21.34,17.77,,,,,yok,,,,False,,0.4499999999999993,,,,,,,,,,
2008-08-22,18.37,,21.92,19.2,19.88,21.09,17.91,,,,,yok,,,,False,,0.46000000000000085,,,,,,,,,,
2008-08-29,17.96,,21.47,18.82,19.7,20.69,17.93,,,,,yok,,,,False,,0.030000000000001137,,,,,,,,,,
2008-09-05,18.36,,22.03,19.03,19.78,21.12,17.9,,,,,yok,,,,False,,0.46000000000000085,,,,,,,,,,
2008-09-12,18.29,,21.87,18.6,19.56,20.91,17.75,,,,,yok,,,,False,,0.5399999999999991,,,,,,,,,,
2008-09-19,19.16,,20.66,18.26,19.52,20.03,17.92,,,,,yok,,,,False,,1.2399999999999984,,,,,,,,,,
2008-09-26,18.31,,20.37,18.16,19.35,19.77,18.14,,,,,yok,,,,False,,0.16999999999999815,,,,,,,,,,
2008-10-03,18.69,,21.19,18.61,19.46,20.25,17.56,,,,,yok,,,,False,,1.1300000000000026,,,,,,,,,,
2008-10-10,19.79,,21.44,18.32,19.73,20.46,18.33,,,,,yok,,,,False,,1.4600000000000009,,,,,,,,,,
2008-10-17,20.9,,22.41,18.85,20.82,21.21,18.16,,,,,yok,,,,False,,2.7399999999999984,,,,,,,,,,
2008-10-24,21.41,,22.95,19.76,21.14,21.87,18.38,,,,,yok,,,,False,,3.030000000000001,,,,,,,,,,
2008-10-31,21.44,,23.72,20.89,21.85,22.81,18.35,,,,,yok,,,,False,,3.09,,,,,,,,,,
2008-11-07,21.99,,24.93,22.29,23.58,24.33,19.13,,,,,yok,,,,False,,2.8599999999999994,,,,,,,,,,
2008-11-14,22.4,,26.3,22.57,24.3,25.42,19.25,,,,,yok,,,,False,,3.1499999999999986,,,,,,,,,,
2008-11-21,22.99,,25.02,22.74,24.36,24.55,19.23,,,,,yok,,,,False,,3.759999999999998,,,,,,,,,,
2008-11-28,22.37,,24.09,23.16,23.95,23.93,19.69,,,,,yok,,,,False,,2.6799999999999997,,,,,,,,,,
2008-12-05,23.1,,24.78,22.98,24.06,24.47,19.43,,,,,yok,,,,False,,3.6700000000000017,,,,,,,,,,
2008-12-12,20.84,,24.74,22.61,23.58,24.29,18.21,,,,,yok,,,,False,,2.629999999999999,,,,,,,,,,
2008-12-19,23.45,,24.81,22.15,21.44,24.27,19.21,,,,,yok,,,,False,,4.239999999999998,,,,,,,,,,
2008-12-26,22.3,,23.55,21.78,22.54,23.27,18.27,,,,,yok,,,,False,,4.030000000000001,,,,,,,,,,
2009-01-02,22.8,,26.26,20.67,21.59,25.11,18.05,,,,,yok,,,,False,,4.75,,,,,,,,,,
2009-01-09,22.74,,23.58,19.83,22.85,22.96,17.07,,,,,yok,,,,False,,5.669999999999998,,,,,,,,,,
2009-01-16,21.42,,22.58,18.92,22.17,21.79,15.47,,,,,yok,,,,False,,5.950000000000001,,,,,,,,,,
2009-01-23,20.69,,21.09,18.23,21.11,20.49,14.08,,,,,yok,,,,False,,6.610000000000001,,,,,,,,,,
2009-01-30,21.36,,20.78,17.6,20.53,19.98,13.7,,,,,yok,,,,False,,7.66,,,,,,,,,,
2009-02-06,20.49,,20.84,18.36,21.36,20.27,13.6,,,,,yok,,,,False,,6.889999999999999,,,,,,,,,,
2009-02-13,19.86,,22.02,18.21,21.29,20.87,13.44,,,,,yok,,,,False,,6.42,,,,,,,,,,
2009-02-20,18.54,,21.52,18.24,20.45,20.52,12.88,,,,,yok,,,,False,,5.659999999999998,,,,,,,,,,
2009-02-27,17.75,,21.51,18.03,20.41,20.49,12.2,,,,,yok,,,,False,,5.550000000000001,,,,,,,,,,
2009-03-06,19.02,,22.66,18.23,20.27,21.17,12.29,,,,,yok,,,,False,,6.73,,,,,,,,,,
2009-03-13,18.74,,22.37,18.44,20.74,21.02,12.1,,,,,yok,,,,False,,6.639999999999999,,,,,,,,,,
2009-03-20,18.12,,22.03,18.39,20.09,20.8,11.98,,,,,yok,,,,False,,6.140000000000001,,,,,,,,,,
2009-03-27,16.81,,20.14,18.03,19.18,19.54,11.63,,,,,yok,,,,False,,5.179999999999998,,,,,,,,,,
2009-04-03,16.77,,18.57,17.47,18.66,18.28,11.99,,,,,yok,,,,False,,4.779999999999999,,,,,,,,,,
2009-04-10,16.23,,18.85,17.4,18.72,18.45,11.89,,,,,yok,,,,False,,4.34,,,,,,,,,,
2009-04-17,14.98,,19.22,17.08,18.77,18.59,11.7,,,,,yok,,,,False,,3.280000000000001,,,,,,,,,,
2009-04-24,14.98,,19.41,17.09,18.36,18.73,11.36,,,,,yok,,,,False,,3.620000000000001,,,,,,,,,,
2009-05-01,13.84,,19.18,16.98,18.47,18.52,11.38,,,,,yok,,,,False,,2.459999999999999,,,,,,,,,,
2009-05-08,14.08,,20.3,16.79,18.48,19.08,11.53,,,,,yok,,,,False,,2.5500000000000007,,,,,,,,,,
2009-05-15,14.21,,20.48,16.79,18.3,19.15,11.34,,,,,yok,,,,False,,2.870000000000001,,,,,,,,,,
2009-05-22,14.38,,20.43,16.69,18.43,19.15,11.19,,,,,yok,,,,False,,3.1900000000000013,,,,,,,,,,
2009-05-29,13.87,,19.69,16.55,17.97,18.7,11.19,,,,,yok,,,,False,,2.6799999999999997,,,,,,,,,,
2009-06-05,13.65,,20.55,16.42,18.22,19.08,11.2,,,,,yok,,,,False,,2.450000000000001,,,,,,,,,,
2009-06-12,13.28,,20.52,16.35,17.88,18.94,11.46,,,,,yok,,,,False,,1.8199999999999985,,,,,,,,,,
2009-06-19,13.01,,20.28,16.29,18.23,18.9,11.29,,,,,yok,,,,False,,1.7200000000000006,,,,,,,,,,
2009-06-26,12.93,,20.13,16.26,18.64,18.76,11.42,,,,,yok,,,,False,,1.5099999999999998,,,,,,,,,,
2009-07-03,13.75,,19.92,16.19,18.16,18.63,11.64,,,,,yok,,,,False,,2.1099999999999994,,,,,,,,,,
2009-07-10,13.0,,19.95,16.08,18.54,18.73,11.23,,,,,yok,,,,False,,1.7699999999999996,,,,,,,,,,
2009-07-17,13.03,,19.68,15.99,18.46,18.61,11.04,,,,,yok,,,,False,,1.9900000000000002,,,,,,,,,,
2009-07-24,13.12,,19.66,15.69,18.25,18.5,10.65,,,,,yok,,,,False,,2.469999999999999,,,,,,,,,,
2009-07-31,12.88,,19.47,15.69,17.71,18.36,10.58,,,,,yok,,,,False,,2.3000000000000007,,,,,,,,,,
2009-08-07,12.93,,19.24,15.61,17.6,18.15,10.37,,,,,yok,,,,False,,2.5600000000000005,,,,,,,,,,
2009-08-14,12.28,,18.82,15.24,16.95,17.71,10.13,,,,,yok,,,,False,,2.1499999999999986,,,,,,,,,,
2009-08-21,11.91,,18.97,14.78,16.8,17.71,9.94,,,,,yok,,,,False,,1.9700000000000006,,,,,,,,,,
2009-08-28,11.28,,17.24,13.75,16.22,16.2,9.42,,,,,yok,,,,False,,1.8599999999999994,,,,,,,,,,
2009-09-04,11.4,,16.74,13.11,15.96,15.25,9.41,,,,,yok,,,,False,,1.9900000000000002,,,,,,,,,,
2009-09-11,10.89,,16.57,12.96,15.97,14.73,9.3,,,,,yok,,,,False,,1.5899999999999999,,,,,,,,,,
2009-09-18,10.84,,16.27,12.96,15.56,14.47,9.15,,,,,yok,,,,False,,1.6899999999999995,,,,,,,,,,
2009-09-25,11.13,,16.21,12.94,15.17,14.45,8.81,,,,,yok,,,,False,,2.3200000000000003,,,,,,,,,,
2009-10-02,11.22,,16.52,12.93,14.9,14.6,9.04,,,,,yok,,,,False,,2.1800000000000015,,,,,,,,,,
2009-10-09,10.37,,17.17,12.85,15.31,14.7,8.71,,,,,yok,,,,False,,1.6599999999999984,,,,,,,,,,
2009-10-16,10.37,,17.25,12.71,15.31,14.63,8.45,,,,,yok,,,,False,,1.92,,,,,,,,,,
2009-10-23,10.04,,17.48,12.42,15.06,14.75,8.08,,,,,yok,,,,False,,1.959999999999999,,,,,,,,,,
2009-10-30,10.7,,16.75,12.29,14.53,14.42,8.01,,,,,yok,,,,False,,2.6899999999999995,,,,,,,,,,
2009-11-06,9.92,,16.36,12.21,14.36,14.19,8.13,,,,,yok,,,,False,,1.7899999999999991,,,,,,,,,,
2009-11-13,9.61,,15.06,12.06,14.39,13.59,8.09,,,,,yok,,,,False,,1.5199999999999996,,,,,,,,,,
2009-11-20,9.76,,14.34,12.1,13.71,13.4,8.12,,,,,yok,,,,False,,1.6400000000000006,,,,,,,,,,
2009-11-27,9.81,,14.26,12.09,13.8,13.49,7.98,,,,,yok,,,,False,,1.83,,,,,,,,,,
2009-12-04,10.12,,14.83,12.24,13.7,13.76,8.15,,,,,yok,,,,False,,1.9699999999999989,,,,,,,,,,
2009-12-11,9.62,,14.94,12.3,13.19,13.77,8.26,,,,,yok,,,,False,,1.3599999999999994,,,,,,,,,,
2009-12-18,9.08,,15.31,12.23,12.96,13.86,8.45,,,,,yok,,,,False,,0.6300000000000008,,,,,,,,,,
2009-12-25,9.06,,15.19,12.21,12.68,13.92,8.68,,,,,yok,,,,False,,0.3800000000000008,,,,,,,,,,
2010-01-01,9.24,,14.89,12.06,12.36,13.68,8.75,,,,,yok,,,,False,,0.4900000000000002,,,,,,,,,,
2010-01-08,9.14,,15.13,12.24,12.88,13.86,8.39,,,,,yok,,,,False,,0.75,,,,,,,,,,
2010-01-15,9.23,,15.09,12.16,13.73,13.82,7.94,,,,,yok,,,,False,,1.29,,,,,,,,,,
2010-01-22,9.17,,14.78,12.23,13.63,13.84,7.82,,,,,yok,,,,False,,1.3499999999999996,,,,,,,,,,
2010-01-29,9.53,,14.89,11.96,13.31,13.76,7.98,,,,,yok,,,,False,,1.549999999999999,,,,,,,,,,
2010-02-05,8.75,,14.72,12.04,13.63,13.67,7.93,,,,,yok,,,,False,,0.8200000000000003,,,,,,,,,,
2010-02-12,9.05,,14.53,12.02,13.36,13.61,7.97,,,,,yok,,,,False,,1.080000000000001,,,,,,,,,,
2010-02-19,8.61,,14.27,11.97,13.22,13.44,7.93,,,,,yok,,,,False,,0.6799999999999997,,,,,,,,,,
2010-02-26,8.92,,14.23,11.87,12.88,13.36,7.95,,,,,yok,,,,False,,0.9699999999999998,,,,,,,,,,
2010-03-05,8.58,,14.87,11.75,12.99,13.65,8.05,,,,,yok,,,,False,,0.5299999999999994,,,,,,,,,,
2010-03-12,8.82,,14.78,11.85,12.92,13.72,8.18,,,,,yok,,,,False,,0.6400000000000006,,,,,,,,,,
2010-03-19,8.56,,14.52,11.78,12.74,13.58,8.27,,,,,yok,,,,False,,0.2900000000000009,,,,,,,,,,
2010-03-26,8.83,,14.04,11.63,12.26,13.1,8.18,,,,,yok,,,,False,,0.6500000000000004,,,,,,,,,,
2010-04-02,9.57,,13.99,11.49,11.98,12.96,8.4,,,,,yok,,,,False,,1.17,,,,,,,,,,
2010-04-09,9.06,,14.21,11.49,12.16,13.05,8.15,,,,,yok,,,,False,,0.9100000000000001,,,,,,,,,,
2010-04-16,9.54,,13.87,11.43,12.04,12.87,8.04,,,,,yok,,,,False,,1.5,,,,,,,,,,
2010-04-23,9.38,,14.13,11.57,12.05,13.18,8.02,,,,,yok,,,,False,,1.3600000000000012,,,,,,,,,,
2010-04-30,9.26,,13.86,11.52,11.83,12.96,8.15,,,,,yok,,,,False,,1.1099999999999994,,,,,,,,,,
2010-05-07,8.63,,14.15,11.32,11.31,13.0,8.31,,,,,yok,,,,False,,0.3200000000000003,,,,,,,,,,
2010-05-14,8.75,,14.22,11.44,12.02,13.11,8.41,,,,,yok,,,,False,,0.33999999999999986,,,,,,,,,,
2010-05-21,9.01,,14.22,11.65,11.89,13.25,8.45,,,,,yok,,,,False,,0.5600000000000005,,,,,,,,,,
2010-05-28,9.23,,14.19,11.61,11.74,13.25,8.49,,,,,yok,,,,False,,0.7400000000000002,,,,,,,,,,
2010-06-04,8.72,,14.2,11.5,11.7,13.13,8.64,,,,,yok,,,,False,,0.08000000000000007,,,,,,,,,,
2010-06-11,9.2,,14.07,11.32,11.88,13.03,8.57,,,,,yok,,,,False,,0.629999999999999,,,,,,,,,,
2010-06-18,9.08,,14.21,11.26,11.77,13.09,8.66,,,,,yok,,,,False,,0.41999999999999993,,,,,,,,,,
2010-06-25,9.5,,13.97,11.1,11.65,12.88,8.61,,,,,yok,,,,False,,0.8900000000000006,,,,,,,,,,
2010-07-02,9.42,,13.91,11.05,11.29,12.72,8.73,,,,,yok,,,,False,,0.6899999999999995,,,,,,,,,,
2010-07-09,9.07,,13.92,11.03,11.69,12.81,8.48,,,,,yok,,,,False,,0.5899999999999999,,,,,,,,,,
2010-07-16,8.97,,13.81,10.98,11.65,12.77,8.35,,,,,yok,,,,False,,0.620000000000001,,,,,,,,,,
2010-07-23,9.0,,13.79,10.93,11.36,12.72,8.25,,,,,yok,,,,False,,0.75,,,,,,,,,,
2010-07-30,8.85,,13.29,10.88,10.93,12.38,8.09,,,,,yok,,,,False,,0.7599999999999998,,,,,,,,,,
2010-08-06,8.84,,13.5,10.76,11.0,12.44,8.21,,,,,yok,,,,False,,0.629999999999999,,,,,,,,,,
2010-08-13,8.85,,13.4,10.81,10.95,12.33,8.18,,,,,yok,,,,False,,0.6699999999999999,,,,,,,,,,
2010-08-20,8.99,,12.64,10.74,10.81,11.87,8.22,,,,,yok,,,,False,,0.7699999999999996,,,,,,,,,,
2010-08-27,8.65,,12.51,10.7,10.72,11.79,8.13,,,,,yok,,,,False,,0.5199999999999996,,,,,,,,,,
2010-09-03,8.91,,12.43,10.64,10.63,11.78,8.15,,,,,yok,,,,False,,0.7599999999999998,,,,,,,,,,
2010-09-10,9.15,,12.37,10.65,10.86,11.76,7.95,,,,,yok,,,,False,,1.2000000000000002,,,,,,,,,,
2010-09-17,8.45,,12.46,10.62,10.92,11.79,8.28,,,,,yok,,,,False,,0.16999999999999993,,,,,,,,,,
2010-09-24,8.73,,12.53,10.66,10.74,11.8,8.14,,,,,yok,,,,False,,0.5899999999999999,,,,,,,,,,
2010-10-01,8.99,,12.39,10.47,10.63,11.54,8.31,,,,,yok,,,,False,,0.6799999999999997,,,,,,,,,,
2010-10-08,8.7,,12.33,10.44,10.8,11.52,7.97,,,,,yok,,,,False,,0.7299999999999995,,,,,,,,,,
2010-10-15,8.66,,12.45,10.33,10.7,11.49,7.93,,,,,yok,,,,False,,0.7300000000000004,,,,,,,,,,
2010-10-22,8.62,,12.32,10.11,10.46,11.32,7.83,,,,,yok,,,,False,,0.7899999999999991,,,,,,,,,,
2010-10-29,8.75,,12.5,10.24,10.42,11.52,7.87,,,,,yok,,,,False,,0.8799999999999999,,,,,,,,,,
2010-11-05,8.92,,12.34,10.06,10.43,11.37,7.98,,,,,yok,,,,False,,0.9399999999999995,,,,,,,,,,
2010-11-12,8.69,,12.27,9.93,10.38,11.18,8.03,,,,,yok,,,,False,,0.6600000000000001,,,,,,,,,,
2010-11-19,,,,,,,,,,,,yok,,,,False,,,,,,,,,,,,
2010-11-26,8.29,,12.24,9.83,9.96,11.19,8.21,,,,,yok,,,,False,,0.0799999999999983,,,,,,,,,,
2010-12-03,8.72,,12.12,9.79,9.39,11.0,8.03,,,,,yok,,,,False,,0.6900000000000013,,,,,,,,,,
2010-12-10,8.49,,12.05,9.75,10.1,10.99,8.04,,,,,yok,,,,False,,0.45000000000000107,,,,,,,,,,
2010-12-17,8.35,,11.98,9.61,9.86,10.86,7.98,,,,,yok,,,,False,,0.3699999999999992,,,,,,,,,,
2010-12-24,8.39,,11.91,9.55,9.64,10.83,7.69,,,,,yok,,,,False,,0.7000000000000002,,,,,,,,,,
2010-12-31,8.39,,11.79,9.53,9.36,10.58,7.92,,,,,yok,,,,False,,0.47000000000000064,,,,,,,,,,
2011-01-07,8.47,,11.91,9.53,10.01,10.88,7.45,,,,6.5,aynigun,1.5,9.0,8000.0,True,6.5,1.0200000000000005,,1.9700000000000006,,,,,,,,
2011-01-14,8.34,,12.01,9.51,10.42,10.92,7.34,,,,,aynigun,1.5,9.0,4000.0,False,6.5,1.0,,,,,,,,,,
2011-01-21,8.6,,11.89,9.41,10.43,10.88,7.18,,,,6.46,aynigun,1.5,9.0,12000.0,True,6.46,1.42,,2.1399999999999997,,,,,,,,
2011-01-28,8.25,,11.85,9.42,10.24,10.75,7.24,,,,6.25,aynigun,1.5,9.0,19000.0,True,6.25,1.0099999999999998,,2.0,,,,,,,,
2011-02-04,8.66,,11.85,9.54,10.44,10.83,7.39,,,,6.25,aynigun,1.5,9.0,16000.0,True,6.25,1.2700000000000005,,2.41,,,,,,,,
2011-02-11,8.38,,11.98,9.63,10.49,11.04,7.42,,,,6.25,aynigun,1.5,9.0,17000.0,True,6.25,0.9600000000000009,,2.130000000000001,,,,,,,,
2011-02-18,8.48,,11.96,9.69,10.48,11.08,7.43,,,,6.25,aynigun,1.5,9.0,24000.0,True,6.25,1.0500000000000007,,2.2300000000000004,,,,,,,,
2011-02-25,8.69,,11.96,9.68,10.36,11.11,7.4,,,,6.25,aynigun,1.5,9.0,29000.0,True,6.25,1.2899999999999991,,2.4399999999999995,,,,,,,,
2011-03-04,8.65,,11.95,9.66,10.41,11.07,7.51,,,,6.25,aynigun,1.5,9.0,29000.0,True,6.25,1.1400000000000006,,2.4000000000000004,,,,,,,,
2011-03-11,8.53,,12.04,9.74,10.59,11.14,7.58,,,,6.25,aynigun,1.5,9.0,32000.0,True,6.25,0.9499999999999993,,2.2799999999999994,,,,,,,,
2011-03-18,8.5,,11.97,9.76,10.54,11.19,7.7,,,,6.25,aynigun,1.5,9.0,32000.0,True,6.25,0.7999999999999998,,2.25,,,,,,,,
2011-03-25,8.92,,12.04,9.74,10.5,11.2,7.62,,,,6.25,aynigun,1.5,9.0,23000.0,True,6.25,1.2999999999999998,,2.67,,,,,,,,
2011-04-01,8.99,,12.05,9.86,10.49,11.25,7.79,,,,6.25,aynigun,1.5,9.0,23000.0,True,6.25,1.2000000000000002,,2.74,,,,,,,,
2011-04-08,9.16,,12.3,9.99,10.73,11.47,7.75,,,,6.62,aynigun,1.5,9.0,34189.0,True,6.62,1.4100000000000001,,2.54,,,,,,,,
2011-04-15,9.22,,12.32,10.24,10.82,11.6,7.84,,,,6.25,aynigun,1.5,9.0,42000.0,True,6.25,1.3800000000000008,,2.9700000000000006,,,,,,,,
2011-04-22,9.19,,12.33,10.32,10.75,11.67,7.93,,,,6.25,aynigun,1.5,9.0,45000.0,True,6.25,1.2599999999999998,,2.9399999999999995,,,,,,,,
2011-04-29,9.41,,12.28,10.33,10.67,11.65,7.91,,,,6.25,aynigun,1.5,9.0,46000.0,True,6.25,1.5,,3.16,,,,,,,,
2011-05-06,9.71,,12.49,10.35,10.85,11.75,8.06,,,,6.25,aynigun,1.5,9.0,48000.0,True,6.25,1.6500000000000004,,3.460000000000001,,,,,,,,
2011-05-13,9.61,,12.76,10.35,11.0,11.93,8.06,,,,6.25,aynigun,1.5,9.0,47000.0,True,6.25,1.549999999999999,,3.3599999999999994,,,,,,,,
2011-05-20,9.94,,12.79,10.29,10.97,11.96,8.15,,,,6.25,aynigun,1.5,9.0,48000.0,True,6.25,1.7899999999999991,,3.6899999999999995,,,,,,,,
2011-05-27,9.42,,12.85,10.4,10.98,12.09,8.1,,,,6.25,aynigun,1.5,9.0,51000.0,True,6.25,1.3200000000000003,,3.17,,,,,,,,
2011-06-03,9.89,,12.93,10.39,11.09,12.04,8.14,,,,6.25,aynigun,1.5,9.0,60000.0,True,6.25,1.75,,3.6400000000000006,,,,,,,,
2011-06-10,10.0,,13.1,10.67,11.4,12.27,8.27,,,,6.25,aynigun,1.5,9.0,58000.0,True,6.25,1.7300000000000004,,3.75,,,,,,,,
2011-06-17,10.15,,13.23,10.9,11.47,12.54,8.44,,,,6.25,aynigun,1.5,9.0,54000.0,True,6.25,1.7100000000000009,,3.9000000000000004,,,,,,,,
2011-06-24,10.62,,13.93,11.07,11.51,13.0,8.49,,,,6.25,aynigun,1.5,9.0,53000.0,True,6.25,2.129999999999999,,4.369999999999999,,,,,,,,
2011-07-01,10.98,,15.63,11.68,11.35,14.12,8.75,,,,6.25,aynigun,1.5,9.0,59000.0,True,6.25,2.2300000000000004,,4.73,,,,,,,,
2011-07-08,11.8,,16.46,11.88,12.6,14.79,8.63,,,,6.25,aynigun,1.5,9.0,60000.0,True,6.25,3.17,,5.550000000000001,,,,,,,,
2011-07-15,10.78,,16.63,12.22,12.8,15.17,8.7,,,,6.25,aynigun,1.5,9.0,59000.0,True,6.25,2.08,,4.529999999999999,,,,,,,,
2011-07-22,11.83,,16.73,12.28,12.9,15.27,8.73,,,,6.25,aynigun,1.5,9.0,58000.0,True,6.25,3.0999999999999996,,5.58,,,,,,,,
2011-07-29,11.79,,17.15,12.37,12.75,15.57,8.62,,,,6.25,aynigun,1.5,9.0,59000.0,True,6.25,3.17,,5.539999999999999,,,,,,,,
2011-08-05,11.89,,17.31,12.55,13.05,15.55,8.68,,,,6.12,aynigun,5.0,9.0,67000.0,True,6.12,3.210000000000001,,5.7700000000000005,,,,,,,,
2011-08-12,11.77,,17.31,12.67,12.82,15.74,8.46,,,,5.75,aynigun,5.0,9.0,59000.0,True,5.75,3.3099999999999987,,6.02,,,,,,,,
2011-08-19,11.84,,17.35,12.69,12.77,15.8,8.45,,,,5.75,aynigun,5.0,9.0,63000.0,True,5.75,3.3900000000000006,,6.09,,,,,,,,
2011-08-26,10.38,,17.41,12.72,12.63,15.88,8.37,,,,5.75,aynigun,5.0,9.0,73000.0,True,5.75,2.0100000000000016,,4.630000000000001,,,,,,,,
2011-09-02,11.27,,17.22,12.31,13.17,16.14,8.04,,,,5.75,aynigun,5.0,9.0,76000.0,True,5.75,3.2300000000000004,,5.52,,,,,,,,
2011-09-09,11.9,,17.36,12.58,13.05,16.09,8.23,,,,5.75,aynigun,5.0,9.0,68000.0,True,5.75,3.67,,6.15,,,,,,,,
2011-09-16,10.52,,17.19,12.63,13.02,15.83,8.19,,,,5.75,aynigun,5.0,9.0,66000.0,True,5.75,2.33,,4.77,,,,,,,,
2011-09-23,12.14,,17.34,12.54,12.93,15.84,8.12,,,,5.75,aynigun,5.0,9.0,69000.0,True,5.75,4.020000000000001,,6.390000000000001,,,,,,,,
2011-09-30,11.82,,17.18,12.48,12.75,15.57,8.25,,,,5.75,aynigun,5.0,9.0,69000.0,True,5.75,3.5700000000000003,,6.07,,,,,,,,
2011-10-07,12.12,,17.1,12.48,12.9,15.52,7.97,,,,5.75,aynigun,5.0,9.0,67000.0,True,5.75,4.1499999999999995,,6.369999999999999,,,,,,,,
2011-10-14,11.64,,17.12,12.42,12.89,15.42,8.14,,,,5.75,aynigun,5.0,9.0,62001.0,True,5.75,3.5,,5.890000000000001,,,,,,,,
2011-10-21,11.88,,17.07,12.39,12.87,15.48,8.21,,,,6.55,aynigun,5.0,12.5,67685.0,True,6.55,3.67,,5.330000000000001,,,,,,,,
2011-10-28,13.39,,17.72,12.49,13.21,15.44,8.34,,,,6.74,aynigun,5.0,12.5,70139.0,True,6.74,5.050000000000001,,6.65,,,,,,,,
2011-11-04,14.66,,19.04,13.4,13.85,16.91,8.57,,,,5.75,aynigun,5.0,12.5,64000.0,True,5.75,6.09,,8.91,,,,,,,,
2011-11-11,12.48,,19.06,14.1,14.56,17.69,8.36,,,,5.75,aynigun,5.0,12.5,47000.0,True,5.75,4.120000000000001,,6.73,,,,,,,,
2011-11-18,12.61,,19.01,14.42,13.23,17.66,8.9,,,,5.75,aynigun,5.0,12.5,41000.0,True,5.75,3.709999999999999,,6.859999999999999,,,,,,,,
2011-11-25,13.85,,19.23,14.63,12.05,17.6,8.95,,,,8.01,aynigun,5.0,12.5,40628.0,True,8.01,4.9,,5.84,,,,,,,,
2011-12-02,14.02,,19.55,14.48,11.39,17.65,9.15,,,,7.81,aynigun,5.0,12.5,43208.0,True,7.81,4.869999999999999,,6.21,,,,,,,,
2011-12-09,14.38,,19.76,14.52,11.96,17.84,9.27,,,,8.14,aynigun,5.0,12.5,46207.0,True,8.14,5.110000000000001,,6.24,,,,,,,,
2011-12-16,13.09,,19.5,14.48,12.47,17.67,9.5,,,,7.88,aynigun,5.0,12.5,42081.0,True,7.88,3.59,,5.21,,,,,,,,
2011-12-23,15.02,,19.9,14.43,12.42,17.88,10.02,,,,8.05,aynigun,5.0,12.5,41021.0,True,8.05,5.0,,6.969999999999999,,,,,,,,
2011-12-30,14.89,,19.78,14.35,11.85,17.1,10.6,,,,9.04,aynigun,5.0,12.5,39562.5,True,9.04,4.290000000000001,,5.850000000000001,,,,,,,,
2012-01-06,16.04,,20.12,14.4,13.9,18.06,9.96,,,,11.93,aynigun,5.0,12.5,42717.0,True,11.93,6.079999999999998,,4.109999999999999,,,,,,,,
2012-01-13,15.3,,20.14,14.5,15.48,18.34,10.07,,,,8.82,aynigun,5.0,12.5,44280.0,True,8.82,5.23,,6.48,,,,,,,,
2012-01-20,15.8,,19.79,14.52,15.51,18.22,10.05,,,,7.62,aynigun,5.0,12.5,46800.0,True,7.62,5.75,,8.18,,,,,,,,
2012-01-27,14.05,,19.84,14.58,15.27,18.28,10.05,,,,7.51,aynigun,5.0,12.5,44000.0,True,7.51,4.0,,6.540000000000001,,,,,,,,
2012-02-03,15.73,,19.64,14.49,15.11,18.05,10.16,,,,7.49,aynigun,5.0,12.5,48000.0,True,7.49,5.57,,8.24,,,,,,,,
2012-02-10,15.55,,19.49,14.07,15.25,17.84,9.97,,,,7.45,aynigun,5.0,12.5,53000.0,True,7.45,5.58,,8.100000000000001,,,,,,,,
2012-02-17,13.68,,19.26,13.77,14.68,17.56,10.01,,,,7.87,aynigun,5.0,12.5,45000.0,True,7.87,3.67,,5.81,,,,,,,,
2012-02-24,14.5,,19.3,13.38,14.24,17.33,9.85,,,,7.69,aynigun,5.0,11.5,48000.0,True,7.69,4.65,,6.81,,,,,,,,
2012-03-02,14.51,,19.2,13.45,13.95,17.25,9.75,,,,7.51,aynigun,5.0,11.5,51000.0,True,7.51,4.76,,7.0,,,,,,,,
2012-03-09,14.2,,19.09,13.38,13.88,17.15,9.65,,,,7.52,aynigun,5.0,11.5,47000.0,True,7.52,4.549999999999999,,6.68,,,,,,,,
2012-03-16,13.92,,18.57,13.29,13.24,16.65,9.66,,,,7.53,aynigun,5.0,11.5,45000.0,True,7.53,4.26,,6.39,,,,,,,,
2012-03-23,13.91,,18.65,13.21,13.15,16.66,9.71,,,,8.77,aynigun,5.0,11.5,41550.0,True,8.77,4.199999999999999,,5.140000000000001,,,,,,,,
2012-03-30,14.38,,18.73,13.21,12.75,16.51,9.81,,,,9.75,aynigun,5.0,11.5,46320.0,True,9.75,4.57,,4.630000000000001,,,,,,,,
2012-04-06,14.73,,18.9,13.17,13.21,16.73,9.62,,,,8.04,aynigun,5.0,11.5,45300.0,True,8.04,5.110000000000001,,6.690000000000001,,,,,,,,
2012-04-13,14.41,,18.49,13.07,13.49,16.51,9.66,,,,9.42,aynigun,5.0,11.5,36010.0,True,9.42,4.75,,4.99,,,,,,,,
2012-04-20,14.37,,18.29,13.01,13.19,16.28,9.8,,,,8.9,aynigun,5.0,11.5,41700.0,True,8.9,4.5699999999999985,,5.469999999999999,,,,,,,,
2012-04-27,13.22,,18.46,12.97,12.77,16.43,9.85,,,,8.58,aynigun,5.0,11.5,32000.0,True,8.58,3.370000000000001,,4.640000000000001,,,,,,,,
2012-05-04,15.04,,18.34,12.99,12.75,16.3,9.67,,,,9.32,aynigun,5.0,11.5,33400.0,True,9.32,5.369999999999999,,5.719999999999999,,,,,,,,
2012-05-11,13.41,,18.36,12.61,13.36,16.04,10.06,,,,10.69,aynigun,5.0,11.5,34155.0,True,10.69,3.3499999999999996,,2.7200000000000006,,,,,,,,
2012-05-18,13.44,,18.3,12.74,13.1,16.05,10.12,,,,8.86,aynigun,5.0,11.5,37150.0,True,8.86,3.3200000000000003,,4.58,,,,,,,,
2012-05-25,14.3,,18.39,12.67,12.74,16.13,10.08,,,,10.83,aynigun,5.0,11.5,37550.0,True,10.83,4.220000000000001,,3.4700000000000006,,,,,,,,
2012-06-01,14.16,,18.26,12.68,12.38,15.81,10.15,,,,9.86,aynigun,5.0,11.5,40450.0,True,9.86,4.01,,4.300000000000001,,,,,,,,
2012-06-08,14.38,,18.24,12.65,13.04,16.14,10.16,,,,9.2,aynigun,5.0,11.5,42204.0,True,9.2,4.220000000000001,,5.1800000000000015,,,,,,,,
2012-06-15,14.22,,17.94,12.6,13.53,15.91,10.31,,,,9.09,aynigun,5.0,11.5,31500.0,True,9.09,3.91,,5.130000000000001,,,,,,,,
2012-06-22,14.67,,17.96,12.52,13.32,15.84,10.39,,,,8.53,aynigun,5.0,11.5,33000.0,True,8.53,4.279999999999999,,6.140000000000001,,,,,,,,
2012-06-29,14.11,,18.09,12.56,12.66,15.81,10.35,,,,9.02,aynigun,5.0,11.5,29800.0,True,9.02,3.76,,5.09,,,,,,,,
2012-07-06,14.48,,17.94,12.51,13.08,15.79,10.09,,,,8.16,aynigun,5.0,11.5,28000.0,True,8.16,4.390000000000001,,6.32,,,,,,,,
2012-07-13,14.37,,17.86,12.64,13.24,15.74,9.78,,,,7.92,aynigun,5.0,11.5,25000.0,True,7.92,4.59,,6.449999999999999,,,,,,,,
2012-07-20,14.5,,17.73,12.32,13.54,15.61,9.79,,,,7.65,aynigun,5.0,11.5,21500.0,True,7.65,4.710000000000001,,6.85,,,,,,,,
2012-07-27,16.97,12.19,17.93,12.2,13.66,15.54,9.57,,,,7.57,aynigun,5.0,11.5,17500.0,True,7.57,7.399999999999999,,9.399999999999999,,,,,,,,
2012-08-03,15.37,11.74,17.75,12.18,13.66,15.4,9.52,,,,6.84,aynigun,5.0,11.5,26000.0,True,6.84,5.85,,8.53,,,,,,,,
2012-08-10,14.9,10.93,17.62,12.14,13.74,15.51,9.33,,,,6.9,aynigun,5.0,11.5,23500.0,True,6.9,5.57,,8.0,,,,,,,,
2012-08-17,13.4,10.58,17.32,12.06,13.35,15.24,9.23,,,,6.54,aynigun,5.0,11.5,29500.0,True,6.54,4.17,,6.86,,,,,,,,
2012-08-24,15.11,10.94,17.49,12.29,13.28,15.67,9.03,,,,6.43,aynigun,5.0,11.5,30000.0,True,6.43,6.08,,8.68,,,,,,,,
2012-08-31,15.61,10.29,17.21,12.05,12.86,15.23,8.92,,,,6.33,aynigun,5.0,11.5,30500.0,True,6.33,6.6899999999999995,,9.28,,,,,,,,
2012-09-07,15.13,11.12,16.79,12.0,13.3,14.85,8.59,,,,6.2,aynigun,5.0,11.5,28500.0,True,6.2,6.540000000000001,,8.93,,,,,,,,
2012-09-14,14.51,10.87,16.68,12.34,13.22,14.81,8.6,,,,6.17,aynigun,5.0,11.5,23500.0,True,6.17,5.91,,8.34,,,,,,,,
2012-09-21,14.61,11.24,16.52,12.13,12.89,14.76,8.42,,,,5.97,aynigun,5.0,10.0,23500.0,True,5.97,6.1899999999999995,,8.64,,,,,,,,
2012-09-28,13.35,11.01,16.59,11.7,12.57,14.45,8.46,,,,5.84,aynigun,5.0,10.0,27130.0,True,5.84,4.889999999999999,,7.51,,,,,,,,
2012-10-05,14.68,10.76,16.61,11.65,12.86,14.43,8.19,,,,5.8,aynigun,5.0,10.0,28285.0,True,5.8,6.49,,8.879999999999999,,,,,,,,
2012-10-12,13.65,10.29,16.43,11.27,12.86,14.12,8.08,,,,5.8,aynigun,5.0,10.0,26500.0,True,5.8,5.57,,7.8500000000000005,,,,,,,,
2012-10-19,13.66,10.46,16.13,11.24,12.74,13.97,7.99,,,,5.78,aynigun,5.0,9.5,29224.0,True,5.78,5.67,,7.88,,,,,,,,
2012-10-26,9.95,8.445,16.07,11.14,12.62,14.07,7.71,,,,5.78,geri_tasima,5.0,9.5,33000.0,True,5.78,2.2399999999999993,,4.169999999999999,,,,,,,,
2012-11-02,14.23,10.23,16.18,11.03,12.46,14.01,7.91,,,,5.74,aynigun,5.0,9.5,29000.0,True,5.74,6.32,,8.49,,,,,,,,
2012-11-09,12.95,9.76,16.01,10.95,12.47,13.73,7.79,,,,5.71,aynigun,5.0,9.5,24103.0,True,5.71,5.159999999999999,,7.239999999999999,,,,,,,,
2012-11-16,11.55,8.71,15.62,10.81,12.09,13.48,7.65,,,,5.66,aynigun,5.0,9.5,18716.0,True,5.66,3.9000000000000004,,5.890000000000001,,,,,,,,
2012-11-23,12.06,9.36,15.58,10.64,11.86,13.49,7.54,,,,5.65,aynigun,5.0,9.0,28520.0,True,5.65,4.5200000000000005,,6.41,,,,,,,,
2012-11-30,11.8,8.77,15.24,10.42,11.45,13.19,7.33,,,,5.61,aynigun,5.0,9.0,25360.0,True,5.61,4.470000000000001,,6.19,,,,,,,,
2012-12-07,12.23,8.81,14.72,10.28,11.35,12.7,7.44,,,,5.6,aynigun,5.0,9.0,23955.0,True,5.6,4.79,,6.630000000000001,,,,,,,,
2012-12-14,11.87,8.63,14.31,10.15,11.1,12.42,7.48,,,,5.59,aynigun,5.0,9.0,20160.0,True,5.59,4.389999999999999,,6.279999999999999,,,,,,,,
2012-12-21,11.72,8.92,14.14,10.02,10.94,12.21,7.53,,,,5.57,aynigun,5.0,9.0,19560.0,True,5.57,4.19,,6.15,,,,,,,,
2012-12-28,10.97,8.83,13.83,9.9,10.66,11.92,7.57,,,,5.55,aynigun,5.0,9.0,24000.0,True,5.55,3.4000000000000004,,5.420000000000001,,,,,,,,
2013-01-04,12.62,9.1,13.9,9.9,10.56,11.99,7.23,,,,5.58,aynigun,5.0,9.0,20000.0,True,5.58,5.389999999999999,,7.039999999999999,6.1,3.0,6.1451460885956655,6.52,5.551366635249755,5.890000000000001,1.0650329877474274,1.1300000000000008
2013-01-11,12.02,8.78,14.18,9.78,11.16,12.02,7.19,,,,5.64,aynigun,5.0,9.0,15700.0,True,5.64,4.829999999999999,,6.38,6.1,10.0,5.5796418473138765,5.92,5.5796418473138765,5.92,1.0273327049953096,1.0900000000000007
2013-01-18,11.94,8.63,14.17,9.76,11.34,12.09,7.2,,,,5.63,aynigun,5.0,9.0,18000.0,True,5.63,4.739999999999999,,6.31,6.1,17.0,5.504241281809619,5.84,5.6456173421300715,5.99,1.036757775683328,1.1000000000000005
2013-01-25,11.62,8.48,13.97,9.66,11.17,12.07,7.06,,,,5.63,aynigun,4.75,8.75,13300.0,True,5.63,4.56,,5.989999999999999,6.1,24.0,5.202639019792654,5.52,5.626767200754013,5.970000000000001,0.9048067860508935,0.96
2013-02-01,11.74,8.42,13.9,9.54,11.1,11.91,7.04,,,,5.57,aynigun,4.75,8.75,20000.0,True,5.57,4.7,,6.17,6.07,0.0,5.3455265390779605,5.67,5.505798057886313,5.84,0.9144904308475477,0.9699999999999998
2013-02-08,12.68,8.21,13.82,9.6,11.15,11.9,6.88,,,,5.55,aynigun,4.75,8.75,19783.0,True,5.55,5.8,,7.13,6.07,7.0,6.231733760724056,6.609999999999999,5.496370321485822,5.83,0.7636466484397086,0.8099999999999996
2013-02-15,10.78,7.55,13.66,9.61,10.68,11.86,6.85,,,,5.54,aynigun,4.75,8.75,17700.0,True,5.54,3.9299999999999997,,5.239999999999999,6.07,14.0,4.440463844630904,4.709999999999999,5.458659375883856,5.789999999999999,0.7353634392382347,0.7799999999999994
2013-02-22,11.85,8.49,13.64,9.56,10.72,11.87,6.7,,,,5.53,aynigun,4.5,8.5,21449.0,True,5.53,5.1499999999999995,,6.319999999999999,6.07,21.0,5.449231639483365,5.779999999999999,5.468087112284348,5.799999999999999,0.593947393230887,0.6299999999999999
2013-03-01,11.64,7.62,13.7,9.46,10.54,11.91,6.63,,,,5.53,aynigun,4.5,8.5,17128.0,True,5.53,5.010000000000001,,6.11,6.18,0.0,5.14221133923527,5.460000000000001,5.396496515351279,5.73,0.42380862686004495,0.4500000000000002
2013-03-08,11.41,7.84,13.61,9.41,10.53,11.84,6.47,,,,5.52,aynigun,4.5,8.5,22460.0,True,5.52,4.94,,5.890000000000001,6.18,7.0,4.92559804106234,5.23,5.330570728950845,5.66,0.2731211150875712,0.29000000000000004
2013-03-15,10.53,7.06,13.4,9.3,10.47,11.69,6.54,,,,5.53,aynigun,4.5,8.5,18250.0,True,5.53,3.9899999999999993,,4.999999999999999,6.18,14.0,4.09681672631379,4.35,5.189301186664141,5.51,0.3390469014880271,0.3600000000000003
2013-03-22,11.6,8.03,13.48,9.29,10.5,11.77,6.51,,,,5.53,aynigun,4.5,8.5,16750.0,True,5.53,5.09,,6.069999999999999,6.18,21.0,5.104539461292146,5.42,5.264644942550367,5.59,0.3107929930306952,0.33000000000000007
2013-03-29,10.11,7.88,13.43,9.07,10.36,11.43,6.59,,,,5.96,aynigun,4.5,7.5,24250.0,True,5.96,3.5199999999999996,,4.1499999999999995,6.18,28.0,3.701262007911077,3.9299999999999997,4.944433980033902,5.25,0.38613674891694316,0.41000000000000014
2013-04-05,12.11,8.66,13.5,9.09,10.52,11.53,6.53,,,,5.62,aynigun,4.5,7.5,18500.0,True,5.62,5.579999999999999,,6.489999999999999,6.13,4.0,5.634599076604174,5.9799999999999995,5.088099500612464,5.3999999999999995,0.37689625930463766,0.40000000000000036
2013-04-12,10.85,7.6,13.53,9.09,10.37,11.55,6.5,,,,5.65,aynigun,4.5,7.5,15500.0,True,5.65,4.35,,5.199999999999999,6.13,11.0,4.4473758597946,4.72,5.106944313577699,5.420000000000001,0.34862903985677374,0.3700000000000001
2013-04-19,10.92,7.58,13.33,9.06,10.23,11.58,6.34,,,,5.46,aynigun,4.0,7.0,12500.0,True,5.46,4.58,,5.46,6.13,18.0,4.513332705172912,4.79,5.135211533025541,5.45,0.19787053613493644,0.20999999999999996
2013-04-26,8.84,5.92,13.44,8.99,10.06,11.63,6.26,,,,5.24,aynigun,4.0,7.0,10500.0,True,5.24,2.58,,3.5999999999999996,6.13,25.0,2.5534721567888496,2.71,5.182323565438618,5.500000000000001,0.12249128427401779,0.1299999999999999
2013-05-03,9.94,7.05,13.37,9.03,10.08,11.49,6.19,,,,5.09,aynigun,4.0,7.0,16000.0,True,5.09,3.749999999999999,,4.85,6.15,2.0,3.570419218087584,3.789999999999999,5.030617051342423,5.34,0.037682524729154565,0.040000000000000036
2013-05-10,10.12,6.88,13.1,8.99,10.29,11.29,6.16,,,,5.04,aynigun,4.0,7.0,18000.0,True,5.04,3.959999999999999,,5.079999999999999,6.15,9.0,3.7399905793688015,3.969999999999999,4.84220442769665,5.139999999999999,0.009420631182277539,0.009999999999999787
2013-05-17,9.39,6.44,12.71,8.79,9.88,10.9,6.03,,,,4.78,aynigun,3.5,6.5,18500.0,True,4.78,3.3600000000000003,,4.61,6.15,16.0,3.0522845030616974,3.24,4.47479981158736,4.75,-0.1130475741874748,-0.1200000000000001
2013-05-24,9.87,7.07,12.31,8.54,9.68,10.67,5.76,,,,4.54,aynigun,3.5,6.5,20200.0,True,4.54,4.109999999999999,,5.329999999999999,6.15,23.0,3.5044747998115744,3.719999999999999,4.25812529439471,4.52,-0.3674046161092792,-0.39000000000000057
2013-05-31,8.09,6.5,11.87,8.48,9.48,10.35,5.59,,,,4.52,aynigun,3.5,6.5,27500.0,True,4.52,2.5,,3.5700000000000003,6.15,30.0,1.8276024493640852,1.9399999999999995,3.9566650965614514,4.199999999999999,-0.5275553462081972,-0.5600000000000005
2013-06-07,8.95,7.22,11.81,8.31,9.57,10.05,5.74,,,,4.76,aynigun,3.5,6.5,30400.0,True,4.76,3.209999999999999,,4.1899999999999995,6.2,6.0,2.5894538606402895,2.749999999999999,3.6252354048964097,3.8500000000000005,-0.4331450094162137,-0.45999999999999996
2013-06-14,9.0,7.29,11.81,8.29,9.71,9.97,5.92,,,,5.1,aynigun,3.5,6.5,27900.0,True,5.1,3.08,,3.9000000000000004,6.2,13.0,2.6365348399246757,2.8,3.549905838041423,3.7700000000000005,-0.26365348399247646,-0.28000000000000025
2013-06-21,9.81,8.28,11.88,8.29,9.67,10.03,6.17,,,,5.66,aynigun,3.5,6.5,30690.0,True,5.66,3.6400000000000006,,4.15,6.2,20.0,3.399246704331449,3.6100000000000003,3.6064030131826685,3.829999999999999,-0.028248587570622874,-0.03000000000000025
2013-06-28,9.27,8.15,11.78,8.3,9.48,9.93,6.72,,,,5.11,aynigun,3.5,6.5,37510.0,True,5.11,2.55,,4.159999999999999,6.2,27.0,2.8907721280602594,3.0699999999999994,3.5122410546139182,3.7299999999999995,0.48964218455742614,0.5199999999999996
2013-07-05,10.51,8.71,12.1,8.49,9.78,10.39,6.63,,,,5.26,aynigun,3.5,6.5,38500.0,True,5.26,3.88,,5.25,6.45,4.0,3.813997181775486,4.06,3.7012682010333586,3.9400000000000004,0.16909347111320194,0.17999999999999972
2013-07-12,10.57,8.93,12.35,8.78,10.21,10.7,6.95,,,,5.55,aynigun,3.5,6.5,39180.0,True,5.55,3.62,,5.0200000000000005,6.45,11.0,3.8703616721465384,4.12,3.9924847346171966,4.249999999999999,0.4697040864255708,0.5
2013-07-19,10.75,9.48,12.6,9.04,10.22,11.13,7.05,,,,5.09,aynigun,3.5,6.5,44219.0,True,5.09,3.7,,5.66,6.45,18.0,4.03945514325974,4.3,4.396430248943162,4.680000000000001,0.5636449037106583,0.5999999999999996
2013-07-26,10.63,9.13,12.81,9.31,10.18,11.46,7.15,,,,5.49,aynigun,3.5,7.25,33629.0,True,5.49,3.4800000000000004,,5.140000000000001,6.45,25.0,3.926726162517613,4.180000000000001,4.706434945984039,5.010000000000001,0.6575857209957681,0.7000000000000002
2013-08-02,11.14,9.76,12.84,9.51,10.26,11.49,7.43,,,,6.46,aynigun,3.5,7.25,42671.0,True,6.46,3.710000000000001,,4.680000000000001,6.45,1.0,4.4058243306716705,4.69,4.734617191169566,5.04,0.9206200093940797,0.9799999999999995
2013-08-09,10.41,8.98,12.93,9.66,10.58,11.73,7.26,,,,6.24,geri_tasima,3.5,7.25,43109.0,True,6.24,3.1500000000000004,,4.17,6.45,8.0,3.720056364490376,3.96,4.96007515265382,5.28,0.7609206200093865,0.8099999999999996
2013-08-16,10.46,9.24,13.03,9.77,10.68,11.86,7.75,,,,6.52,aynigun,3.5,7.25,40470.0,True,6.52,2.710000000000001,,3.9400000000000013,6.45,15.0,3.76702677313292,4.010000000000001,5.082198215124478,5.409999999999999,1.2212306247064264,1.2999999999999998
2013-08-23,11.17,9.93,13.32,9.92,10.78,12.04,7.6,,,,7.45,aynigun,3.5,7.75,41691.0,True,7.45,3.5700000000000003,,3.7199999999999998,6.45,22.0,4.434006575857197,4.72,5.25129168623768,5.589999999999999,1.080319398778773,1.1499999999999995
2013-08-30,11.61,10.7,13.47,10.03,10.69,12.01,7.77,,,,6.62,geri_tasima,3.5,7.75,48407.0,True,6.62,3.84,,4.989999999999999,6.45,29.0,4.847346171911715,5.159999999999999,5.223109441052154,5.56,1.2400187881634661,1.3199999999999994
2013-09-06,11.63,10.2,13.76,10.43,11.41,12.52,7.91,,,,6.32,aynigun,3.5,7.75,49506.0,True,6.32,3.7200000000000006,,5.3100000000000005,6.64,5.0,4.679294823705926,4.990000000000001,5.513878469617395,5.88,1.1909227306826642,1.2700000000000005
2013-09-13,12.04,10.97,13.95,10.7,11.56,12.69,7.82,,,,6.32,aynigun,3.5,7.75,49163.0,True,6.32,4.219999999999999,,5.719999999999999,6.64,12.0,5.063765941485365,5.3999999999999995,5.673293323330841,6.05,1.1065266316579114,1.1800000000000006
2013-09-20,11.29,9.94,14.05,10.91,11.66,12.92,8.08,,,,6.08,aynigun,3.5,7.75,48420.0,True,6.08,3.209999999999999,,5.209999999999999,6.64,19.0,4.3604651162790775,4.6499999999999995,5.888972243060753,6.28,1.3503375843960885,1.4400000000000004
2013-09-27,10.34,9.54,14.0,10.89,11.21,12.85,8.14,,,,6.37,aynigun,3.5,7.75,45700.0,True,6.37,2.1999999999999993,,3.9699999999999998,6.64,26.0,3.4696174043510775,3.7,5.8233308327081845,6.21,1.4066016504125978,1.5000000000000009
2013-10-04,11.55,10.31,13.99,11.0,11.54,12.89,7.88,,,,6.2,aynigun,3.5,7.75,48119.0,True,6.2,3.670000000000001,,5.3500000000000005,6.61,3.0,4.633711659319006,4.94,5.890629396867086,6.28,1.191257855735861,1.2699999999999996
2013-10-11,10.57,9.26,13.97,10.95,11.74,12.88,7.98,,,,6.22,aynigun,3.5,7.75,44510.0,True,6.22,2.59,,4.3500000000000005,6.61,10.0,3.71447331394803,3.96,5.881249413751055,6.2700000000000005,1.2850576868961738,1.37
2013-10-18,10.84,9.59,13.44,10.85,12.13,12.83,7.41,,,,6.07,geri_tasima,3.5,7.75,44623.0,True,6.07,3.4299999999999997,,4.77,6.61,17.0,3.9677328580808524,4.2299999999999995,5.834349498170899,6.22,0.7503986492824355,0.7999999999999998
2013-10-25,10.88,9.62,13.85,10.9,11.84,12.96,7.84,,,,6.22,aynigun,3.5,7.75,38510.0,True,6.22,3.040000000000001,,4.660000000000001,6.61,24.0,4.0052527905449775,4.2700000000000005,5.956289278679283,6.3500000000000005,1.153737923271736,1.2299999999999995
2013-11-01,10.8,9.48,13.9,10.83,11.67,12.84,7.46,,,,6.31,aynigun,3.5,7.75,41363.0,True,6.31,3.3400000000000007,,4.490000000000001,6.74,0.0,3.803635000936878,4.0600000000000005,5.714821060520903,6.1,0.6745362563237878,0.7199999999999998
2013-11-08,11.52,10.06,13.88,10.67,11.8,12.69,7.52,,,,6.34,aynigun,3.5,7.75,42994.0,True,6.34,4.0,,5.18,6.74,7.0,4.478171257260644,4.779999999999999,5.574292673786774,5.949999999999999,0.7307476110174349,0.7799999999999994
2013-11-15,9.79,8.64,13.75,10.58,11.35,12.53,7.67,,,,6.34,aynigun,3.5,7.75,40492.0,True,6.34,2.119999999999999,,3.4499999999999993,6.74,14.0,2.8574105302604735,3.049999999999999,5.424395727937048,5.789999999999999,0.8712759977515638,0.9299999999999997
2013-11-22,11.16,10.0,13.71,10.53,10.86,12.53,7.55,,,,6.6,aynigun,3.5,7.75,41402.0,True,6.6,3.6100000000000003,,4.5600000000000005,6.74,21.0,4.140903129098739,4.42,5.424395727937048,5.789999999999999,0.7588532883642474,0.8099999999999996
2013-11-29,10.89,9.87,13.63,10.51,10.74,12.37,7.69,,,,6.76,aynigun,3.5,7.75,43736.0,True,6.76,3.2,,4.130000000000001,6.74,28.0,3.8879520329773376,4.15,5.274498782087322,5.629999999999999,0.8900131159827573,0.9500000000000002
2013-12-06,11.44,10.11,13.53,10.56,11.04,12.42,7.57,,,,6.65,aynigun,3.5,7.75,42877.5,True,6.65,3.869999999999999,,4.789999999999999,6.74,5.0,4.403222784335781,4.699999999999999,5.321341577665373,5.68,0.7775904065954853,0.8300000000000001
2013-12-13,11.52,10.06,13.65,10.58,11.02,12.48,7.88,,,,6.66,aynigun,3.5,7.75,38725.5,True,6.66,3.6399999999999997,,4.859999999999999,6.74,12.0,4.478171257260644,4.779999999999999,5.37755293235902,5.74,1.0680157391793177,1.1399999999999997
2013-12-20,11.69,10.77,13.39,10.56,10.99,12.34,7.99,,,,7.01,aynigun,3.5,7.75,34748.0,True,7.01,3.6999999999999993,,4.68,6.74,19.0,4.637436762225988,4.949999999999999,5.246393104740488,5.6,1.1710698894510152,1.25
2013-12-27,10.6,9.83,13.72,10.73,10.9,12.58,8.04,,,,7.0,aynigun,3.5,7.75,34229.0,True,7.0,2.5600000000000005,,3.5999999999999996,6.74,26.0,3.616263818624721,3.8599999999999994,5.471238523515076,5.84,1.2179126850290434,1.299999999999999
2014-01-03,12.89,12.06,14.3,10.69,10.71,12.59,8.06,,,,7.17,aynigun,3.5,7.75,38942.0,True,7.17,4.83,,5.720000000000001,7.06,2.0,5.44554455445545,5.830000000000001,5.1653278535400915,5.53,0.9340556697179148,1.0000000000000009
2014-01-10,12.65,11.66,14.92,11.28,13.25,13.56,7.81,,,,7.13,aynigun,3.5,7.75,41469.0,True,7.13,4.840000000000001,,5.5200000000000005,7.06,9.0,5.2213711937231455,5.590000000000001,6.071361853166435,6.500000000000001,0.7005417522884416,0.75
2014-01-17,12.95,11.96,15.17,11.37,13.19,13.7,8.01,,,,7.06,aynigun,3.5,7.75,37164.5,True,7.06,4.9399999999999995,,5.89,7.06,16.0,5.501587894638527,5.89,6.202129646926968,6.64,0.887352886232029,0.9500000000000002
2014-01-24,12.94,12.02,15.2,11.47,13.28,13.8,7.9,,,,7.2,aynigun,3.5,7.75,47285.4,True,7.2,5.039999999999999,,5.739999999999999,7.06,23.0,5.492247337941336,5.88,6.29553521389874,6.740000000000001,0.7846067625630448,0.8400000000000007
2014-01-31,14.81,14.19,15.56,11.69,13.77,13.92,9.2,,,,9.96,aynigun,8.0,12.0,52225.0,True,9.96,5.610000000000001,,4.85,7.06,30.0,7.238931440313823,7.750000000000001,6.407621894264892,6.86,1.9988791331963407,2.1399999999999997
2014-02-07,15.58,14.52,16.62,12.53,15.04,14.96,9.75,,,,10.06,aynigun,8.0,12.0,51141.0,True,10.06,5.83,,5.52,7.21,6.0,7.807107545937875,8.370000000000001,7.228803283275798,7.750000000000001,2.369181979292967,2.54
2014-02-14,15.35,14.43,16.81,13.12,15.16,15.58,10.0,,,,10.02,aynigun,8.0,12.0,45650.0,True,10.02,5.35,,5.33,7.21,13.0,7.592575319466466,8.14,7.807107545937875,8.370000000000001,2.6023691819792916,2.79
2014-02-21,15.75,14.65,16.83,13.12,15.14,15.54,10.03,,,,10.14,aynigun,8.0,12.0,51815.0,True,10.14,5.720000000000001,,5.609999999999999,7.21,20.0,7.965674843764559,8.54,7.769797593508065,8.329999999999998,2.630351646301654,2.8199999999999994
2014-02-28,15.12,14.2,17.05,13.35,15.03,15.75,10.12,,,,10.23,aynigun,8.0,12.0,54493.0,True,10.23,5.0,,4.889999999999999,7.21,27.0,7.378043092995057,7.909999999999999,7.965674843764559,8.54,2.7142990392687194,2.9099999999999993
2014-03-07,15.72,15.02,17.01,13.4,15.34,15.77,10.42,,,,10.21,aynigun,8.0,12.0,56103.9,True,10.21,5.300000000000001,,5.51,7.31,6.0,7.837107445718017,8.41,7.883701425775791,8.46,2.8981455595937122,3.1100000000000003
2014-03-14,15.99,15.04,17.11,13.5,15.2,15.77,10.45,,,,10.19,aynigun,8.0,12.0,48908.3,True,10.19,5.540000000000001,,5.800000000000001,7.31,13.0,8.088714938030005,8.68,7.883701425775791,8.46,2.926101947628368,3.1399999999999997
2014-03-21,16.05,15.31,17.24,13.49,15.16,15.97,10.69,,,,10.22,aynigun,8.0,12.0,46313.3,True,10.22,5.360000000000001,,5.83,7.31,20.0,8.14462771409936,8.740000000000002,8.070077346006887,8.66,3.1497530519057015,3.38
2014-03-28,16.49,15.92,17.23,13.63,15.14,16.05,10.9,,,,10.28,aynigun,8.0,12.0,57260.3,True,10.28,5.589999999999998,,6.209999999999999,7.31,27.0,8.554654738607791,9.18,8.14462771409936,8.740000000000002,3.3454477681483574,3.5900000000000007
2014-04-04,15.95,15.05,17.08,13.65,15.18,16.0,10.73,,,,10.13,aynigun,8.0,12.0,54868.3,True,10.13,5.219999999999999,,5.8199999999999985,7.22,3.0,8.142137660884163,8.73,8.188770751725416,8.780000000000001,3.273642977056501,3.5100000000000007
2014-04-11,14.88,13.77,16.96,13.61,15.07,15.98,10.53,,,,10.01,aynigun,8.0,12.0,46262.3,True,10.01,4.350000000000001,,4.870000000000001,7.22,10.0,7.144189516881183,7.660000000000001,8.17011751538892,8.760000000000002,3.0871106136914683,3.3099999999999996
2014-04-18,14.86,14.0,16.73,13.48,14.75,15.82,10.27,,,,10.05,aynigun,8.0,12.0,47698.3,True,10.05,4.59,,4.809999999999999,7.22,17.0,7.1255362805446865,7.64,8.02089162469688,8.600000000000001,2.8446185413169234,3.05
2014-04-25,14.56,13.63,16.69,13.34,14.64,15.65,10.2,,,,10.05,aynigun,8.0,12.0,46449.3,True,10.05,4.360000000000001,,4.51,7.22,24.0,6.845737735497104,7.340000000000001,7.862339115836603,8.43,2.779332214139152,2.9799999999999995
2014-05-02,14.54,13.6,16.8,13.21,14.49,15.63,10.11,,,,10.0,aynigun,8.0,12.0,51027.2,True,10.0,4.43,,4.539999999999999,7.21,1.0,6.837048782762789,7.329999999999999,7.853744986475131,8.420000000000002,2.7049715511612726,2.8999999999999995
2014-05-09,14.89,14.0,16.81,13.0,14.65,15.5,10.14,,,,10.02,aynigun,8.0,12.0,51507.2,True,10.02,4.75,,4.870000000000001,7.21,8.0,7.163510866523648,7.680000000000001,7.732487641078256,8.29,2.732954015483613,2.9300000000000006
2014-05-16,13.29,12.3,16.73,12.98,14.34,15.45,9.99,,,,10.0,aynigun,8.0,12.0,44026.9,True,10.0,3.299999999999999,,3.289999999999999,7.21,15.0,5.67111276933121,6.079999999999999,7.685850200541,8.239999999999998,2.593041693871845,2.7800000000000002
2014-05-23,14.07,13.18,16.55,12.84,14.16,15.36,9.87,,,,9.76,aynigun,8.0,12.0,44027.0,True,9.76,4.200000000000001,,4.3100000000000005,7.21,22.0,6.3986568417125245,6.86,7.601902807573913,8.149999999999999,2.4811118365823948,2.6599999999999993
2014-05-30,13.97,13.14,16.53,12.69,13.8,15.2,9.67,,,,9.53,aynigun,8.0,12.0,52700.0,True,9.53,4.300000000000001,,4.440000000000001,7.21,29.0,6.30538196063799,6.760000000000001,7.452662997854653,7.989999999999999,2.2945620744333484,2.46
2014-06-06,14.26,13.23,16.43,12.54,13.95,15.02,9.64,,,,9.5,aynigun,8.0,12.0,51000.0,True,9.5,4.619999999999999,,4.76,7.19,5.0,6.595764530273351,7.069999999999999,7.304785894206534,7.829999999999999,2.285660975837289,2.45
2014-06-13,13.86,12.92,16.07,12.34,13.52,14.69,9.6,,,,9.5,aynigun,8.0,12.0,44000.0,True,9.5,4.26,,4.359999999999999,7.19,12.0,6.222595391361141,6.669999999999999,6.996921354603969,7.499999999999999,2.2483440619460726,2.4099999999999993
2014-06-20,13.94,13.09,15.67,12.25,13.22,14.47,9.57,,,,9.5,aynigun,8.0,12.0,42000.0,True,9.5,4.369999999999999,,4.4399999999999995,7.19,19.0,6.297229219143574,6.749999999999999,6.791678328202244,7.28,2.2203563765276435,2.38
2014-06-27,11.95,11.23,15.67,12.02,12.53,14.33,9.52,,,,8.87,aynigun,8.0,12.0,42863.9,True,8.87,2.4299999999999997,,3.08,7.19,26.0,4.440712753055309,4.759999999999999,6.661069129582975,7.14,2.173710234163617,2.329999999999999
2014-07-04,12.82,11.83,15.58,11.75,12.36,14.09,9.14,,,,8.76,aynigun,8.0,12.0,47150.0,True,8.76,3.6799999999999997,,4.0600000000000005,7.27,3.0,5.173860352381854,5.550000000000001,6.357788757341298,6.82,1.7432646592709933,1.870000000000001
2014-07-11,12.98,11.98,15.41,11.53,12.85,13.9,9.02,,,,8.75,aynigun,8.0,12.0,38000.0,True,8.75,3.960000000000001,,4.23,7.27,10.0,5.323016686864923,5.710000000000001,6.180665610142633,6.630000000000001,1.6313974084086968,1.75
2014-07-18,13.09,12.01,15.11,11.32,12.99,13.73,8.88,,,,8.45,aynigun,7.5,12.0,36726.6,True,8.45,4.209999999999999,,4.640000000000001,7.27,17.0,5.425561666822043,5.82,6.022187004754365,6.460000000000001,1.5008856157360029,1.6100000000000012
2014-07-25,12.56,11.63,15.17,11.24,12.94,13.74,8.62,,,,8.25,aynigun,7.5,12.0,38000.0,True,8.25,3.9400000000000013,,4.3100000000000005,7.27,24.0,4.931481308846841,5.290000000000001,6.031509275659541,6.470000000000001,1.2585065722009903,1.3499999999999996
2014-08-01,8.54,7.19,14.96,11.09,12.79,13.86,8.4,,,,8.25,aynigun,7.5,12.0,31000.0,True,8.25,0.1399999999999988,,0.28999999999999915,7.35,0.0,1.1085235211923727,1.1899999999999995,6.064275733581748,6.51,0.9781089892873851,1.0500000000000007
2014-08-08,12.65,11.44,15.03,11.1,12.98,13.65,8.56,,,,8.29,aynigun,7.5,12.0,38900.0,True,8.29,4.09,,4.360000000000001,7.35,7.0,4.937121564974389,5.300000000000001,5.868653935724288,6.300000000000001,1.1271541686073583,1.2100000000000009
2014-08-15,11.68,10.45,15.08,11.06,12.95,13.5,8.55,,,,8.3,aynigun,7.5,12.0,38980.0,True,8.3,3.129999999999999,,3.379999999999999,7.35,14.0,4.033535165347013,4.33,5.728924080111786,6.15,1.1178388448998655,1.200000000000001
2014-08-22,12.93,12.06,15.09,11.01,12.83,13.43,8.56,,,,8.3,aynigun,7.5,12.0,46560.0,True,8.3,4.369999999999999,,4.629999999999999,7.35,21.0,5.197950628784365,5.58,5.663716814159314,6.08,1.1271541686073583,1.2100000000000009
2014-08-29,12.34,11.36,15.22,11.03,12.65,13.47,8.56,,,,8.28,aynigun,7.5,11.25,48507.0,True,8.28,3.7799999999999994,,4.0600000000000005,7.35,28.0,4.648346530041914,4.99,5.7009781089893075,6.120000000000001,1.1271541686073583,1.2100000000000009
2014-09-05,12.94,11.41,15.01,11.02,12.92,13.38,8.46,,,,8.29,aynigun,7.5,11.25,45565.0,True,8.29,4.479999999999999,,4.65,7.44,4.0,5.119136262099766,5.499999999999999,5.528667163067746,5.94,0.9493670886076,1.0200000000000005
2014-09-12,12.74,11.5,14.9,10.94,12.81,13.29,8.59,,,,8.28,aynigun,7.5,11.25,41935.0,True,8.28,4.15,,4.460000000000001,7.44,11.0,4.932985852568872,5.3,5.444899478778842,5.849999999999999,1.0703648548026967,1.1499999999999995
2014-09-19,12.88,11.68,14.8,10.9,12.62,13.23,8.67,,,,8.29,aynigun,7.5,11.25,43595.0,True,8.29,4.210000000000001,,4.590000000000002,7.44,18.0,5.063291139240511,5.44,5.389054355919587,5.79,1.1448250186150366,1.2299999999999995
2014-09-26,10.32,9.39,14.72,10.77,12.51,13.14,8.66,,,,8.61,aynigun,7.5,11.25,36002.0,True,8.61,1.6600000000000001,,1.7100000000000009,7.44,25.0,2.6805658972449686,2.88,5.305286671630682,5.7,1.1355174981384941,1.2199999999999998
2014-10-03,12.68,11.7,14.74,10.72,12.39,12.96,8.7,,,,8.44,aynigun,7.5,11.25,48559.0,True,8.44,3.9800000000000004,,4.24,7.54,2.0,4.779616886739824,5.14,5.039985121815138,5.420000000000001,1.0786684024548965,1.1599999999999993
2014-10-10,12.69,11.62,14.96,10.77,12.66,13.28,8.61,,,,8.49,aynigun,7.5,11.25,41338.0,True,8.49,4.08,,4.199999999999999,7.54,9.0,4.788915752278222,5.1499999999999995,5.337548819044091,5.739999999999999,0.9949786126092652,1.0699999999999994
2014-10-17,13.16,12.0,14.88,10.81,12.63,13.3,8.85,,,,8.47,aynigun,7.5,11.25,38284.0,True,8.47,4.3100000000000005,,4.6899999999999995,7.54,16.0,5.22596243258322,5.62,5.356146550120888,5.760000000000001,1.2181513855309856,1.3099999999999996
2014-10-24,13.14,12.05,15.05,10.69,12.29,13.23,8.85,,,,8.44,aynigun,7.5,11.25,34522.0,True,8.44,4.290000000000001,,4.700000000000001,7.54,23.0,5.207364701506423,5.6000000000000005,5.291054491352076,5.69,1.2181513855309856,1.3099999999999996
2014-10-31,12.72,11.44,14.92,10.77,11.89,13.25,8.78,,,,8.26,aynigun,7.5,11.25,41145.0,True,8.26,3.9400000000000013,,4.460000000000001,7.54,30.0,4.81681234889344,5.180000000000001,5.309652222428873,5.71,1.1530593267621514,1.2399999999999993
2014-11-07,13.3,12.04,14.98,10.94,12.73,13.33,8.84,,,,8.28,aynigun,7.5,11.25,37379.0,True,8.28,4.460000000000001,,5.020000000000001,7.5,6.0,5.395348837209313,5.800000000000001,5.423255813953487,5.83,1.2465116279069877,1.3399999999999999
2014-11-14,13.24,11.86,14.81,10.9,12.45,13.22,8.89,,,,8.28,aynigun,7.5,11.25,34288.0,True,8.28,4.35,,4.960000000000001,7.5,13.0,5.339534883720942,5.74,5.320930232558152,5.720000000000001,1.293023255813952,1.3900000000000006
2014-11-21,12.75,11.61,14.66,10.73,12.23,13.13,8.96,,,,8.34,aynigun,7.5,11.25,41434.0,True,8.34,3.789999999999999,,4.41,7.5,20.0,4.883720930232549,5.25,5.237209302325585,5.630000000000001,1.3581395348837066,1.4600000000000009
2014-11-28,12.84,11.75,14.27,11.08,12.09,13.07,8.96,,,,8.31,aynigun,7.5,11.25,44054.0,True,8.31,3.879999999999999,,4.529999999999999,7.5,27.0,4.967441860465116,5.34,5.181395348837214,5.57,1.3581395348837066,1.4600000000000009
2014-12-05,13.1,11.82,14.63,11.07,12.69,13.21,8.84,,,,8.29,aynigun,7.5,11.25,42628.0,True,8.29,4.26,,4.8100000000000005,7.21,4.0,5.493890495289611,5.89,5.596492864471592,6.000000000000001,1.520380561514778,1.63
2014-12-12,12.61,11.28,14.39,10.99,12.7,13.09,9.04,,,,8.67,aynigun,7.5,11.25,39136.0,True,8.67,3.5700000000000003,,3.9399999999999995,7.21,11.0,5.0368435780244525,5.3999999999999995,5.484563007182164,5.88,1.7069303236638467,1.8299999999999992
2014-12-19,12.86,11.72,14.23,10.96,12.51,13.0,9.23,,,,8.79,aynigun,7.5,11.25,44606.0,True,8.79,3.629999999999999,,4.07,7.21,18.0,5.270030780710755,5.6499999999999995,5.400615614215076,5.79,1.8841525977054463,2.0200000000000005
2014-12-26,11.15,10.05,14.3,11.03,12.5,13.07,9.49,,,,8.48,aynigun,7.5,11.25,36173.0,True,8.48,1.6600000000000001,,2.67,7.21,25.0,3.675030314336336,3.9400000000000004,5.465908030967248,5.86,2.1266672884991955,2.2800000000000002
2015-01-02,13.05,11.8,14.79,10.97,12.33,13.69,9.43,,,,8.52,aynigun,7.5,11.25,42496.0,True,8.52,3.620000000000001,,4.530000000000001,6.81,1.0,5.842149611459613,6.240000000000001,6.441344443404162,6.88,2.452953843273109,2.62
2015-01-09,13.29,11.99,14.96,11.08,13.05,13.89,9.22,,,,8.41,aynigun,7.5,11.25,41694.0,True,8.41,4.0699999999999985,,4.879999999999999,6.81,8.0,6.066847673438813,6.4799999999999995,6.628592828386859,7.080000000000001,2.2563430390412975,2.410000000000001
2015-01-16,11.62,10.09,14.88,11.05,13.06,13.83,9.09,,,,8.42,aynigun,7.5,11.25,37526.0,True,8.42,2.5299999999999994,,3.1999999999999993,6.81,15.0,4.503323658833436,4.81,6.572418312892059,7.0200000000000005,2.134631588802538,2.2800000000000002
2015-01-23,13.15,11.98,14.88,11.02,13.03,13.84,9.04,,,,8.04,aynigun,7.5,11.25,40424.0,True,8.04,4.110000000000001,,5.110000000000001,6.81,22.0,5.935773803950939,6.340000000000001,6.581780732141196,7.03,2.087819492556875,2.2299999999999995
2015-01-30,12.72,11.52,14.81,10.91,13.06,13.77,8.98,,,,7.82,aynigun,7.5,11.25,49164.0,True,7.82,3.74,,4.9,6.81,29.0,5.533189776238179,5.910000000000001,6.5162437973972365,6.96,2.031644977062075,2.170000000000001
2015-02-06,12.99,11.51,14.91,10.85,13.09,13.74,8.88,,,,7.92,aynigun,7.5,11.25,52949.0,True,7.92,4.109999999999999,,5.07,6.69,5.0,5.904958290374007,6.3,6.607929515418509,7.05,2.052675977130014,2.1900000000000004
2015-02-13,12.95,11.5,15.03,10.8,13.1,13.75,9.03,,,,7.95,aynigun,7.5,11.25,47670.0,True,7.95,3.92,,4.999999999999999,6.69,12.0,5.867466491704931,6.259999999999999,6.6173024650857615,7.06,2.19327022213891,2.339999999999999
2015-02-20,13.0,11.5,14.79,10.79,13.1,13.61,9.1,,,,7.93,aynigun,7.5,11.25,56431.0,True,7.93,3.9000000000000004,,5.07,6.69,19.0,5.914331240041237,6.31,6.486081169744118,6.919999999999999,2.2588808698097207,2.4099999999999993
2015-02-27,11.89,10.9,14.83,10.75,12.94,13.54,9.09,,,,7.71,aynigun,7.25,10.75,51581.0,True,7.71,2.8000000000000007,,4.180000000000001,6.69,26.0,4.873933826975363,5.2,6.420470522073307,6.849999999999999,2.2495079201424684,2.3999999999999995
2015-03-06,13.05,11.65,14.73,10.76,12.81,13.44,9.07,,,,7.75,aynigun,7.25,10.75,58531.0,True,7.75,3.9800000000000004,,5.300000000000001,6.78,5.0,5.871886120996428,6.2700000000000005,6.237123056752192,6.659999999999999,2.1445963663607293,2.29
2015-03-13,13.28,11.98,14.71,10.75,12.6,13.22,9.24,,,,7.86,aynigun,7.25,10.75,53092.2,True,7.86,4.039999999999999,,5.419999999999999,6.78,12.0,6.087282262595983,6.499999999999999,6.031091964787416,6.44,2.3038022101517175,2.46
2015-03-20,13.21,11.7,14.61,10.81,12.54,13.23,9.34,,,,7.73,aynigun,7.25,10.75,55056.0,True,7.73,3.870000000000001,,5.48,6.78,19.0,6.0217269151526365,6.430000000000001,6.040457014422174,6.45,2.3974527064993367,2.5599999999999996
2015-03-27,11.78,10.77,14.65,10.95,12.36,13.48,9.4,,,,7.86,aynigun,7.25,10.75,58151.0,True,7.86,2.379999999999999,,3.919999999999999,6.78,26.0,4.682524817381517,4.999999999999999,6.274583255291244,6.7,2.453643004307926,2.62
2015-04-03,13.39,12.23,14.79,10.96,12.56,13.57,9.42,,,,7.93,aynigun,7.25,10.75,60553.0,True,7.93,3.9700000000000006,,5.460000000000001,6.91,2.0,6.061172949209626,6.48,6.229538864465445,6.66,2.3477691516228694,2.51
2015-04-10,13.15,11.29,14.78,10.96,12.91,13.57,9.5,,,,7.69,aynigun,7.25,10.75,54835.0,True,7.69,3.6500000000000004,,5.46,6.91,9.0,5.836685062201852,6.24,6.229538864465445,6.66,2.4225984472921125,2.59
2015-04-17,12.94,11.83,14.65,10.96,12.88,13.48,9.52,,,,8.22,aynigun,7.25,10.75,61246.0,True,8.22,3.42,,4.719999999999999,6.91,16.0,5.640258161070055,6.029999999999999,6.145355906837535,6.57,2.4413057712094233,2.6099999999999994
2015-04-24,13.28,12.18,15.13,10.98,12.82,13.75,9.5,,,,8.34,aynigun,7.25,10.75,60489.0,True,8.34,3.7799999999999994,,4.9399999999999995,6.91,23.0,5.958282667664405,6.369999999999999,6.397904779721264,6.84,2.4225984472921125,2.59
2015-05-01,13.1,12.01,15.24,11.18,12.89,13.8,9.63,,,,8.28,geri_tasima,7.25,10.75,66610.0,True,8.28,3.469999999999999,,4.82,6.85,0.0,5.849321478708469,6.25,6.504445484323806,6.950000000000001,2.6017781937295315,2.780000000000001
2015-05-08,13.99,12.72,15.4,11.46,13.28,14.12,9.71,,,,8.34,aynigun,7.25,10.75,64271.0,True,8.34,4.279999999999999,,5.65,6.85,7.0,6.682264857276543,7.140000000000001,6.803930744033693,7.27,2.676649508657003,2.860000000000001
2015-05-15,12.51,11.2,15.45,11.58,13.35,14.21,9.72,,,,8.15,aynigun,7.25,10.75,59557.0,True,8.15,2.789999999999999,,4.359999999999999,6.85,14.0,5.297145531118397,5.66,6.888160973327095,7.360000000000001,2.686008423022934,2.870000000000001
2015-05-22,13.49,12.4,15.56,11.63,13.14,14.47,9.48,,,,8.2,aynigun,7.25,10.75,66073.0,True,8.2,4.01,,5.290000000000001,6.85,21.0,6.2143191389798735,6.640000000000001,7.1314927468413725,7.620000000000001,2.4613944782405195,2.630000000000001
2015-05-29,13.39,12.39,15.5,11.6,13.03,14.25,9.58,,,,8.28,aynigun,7.25,10.75,73179.0,True,8.28,3.8100000000000005,,5.110000000000001,6.85,28.0,6.120729995320562,6.540000000000001,6.925596630790842,7.4,2.5549836218998756,2.7300000000000004
2015-06-05,13.78,12.8,15.44,11.63,13.23,14.16,9.66,,,,8.44,aynigun,7.25,10.75,72477.0,True,8.44,4.119999999999999,,5.34,7.0,4.0,6.336448598130828,6.779999999999999,6.69158878504672,7.16,2.4859813084112004,2.66
2015-06-12,14.17,13.03,15.53,11.71,13.47,14.26,9.71,,,,8.53,aynigun,7.25,10.75,66849.0,True,8.53,4.459999999999999,,5.640000000000001,7.0,11.0,6.700934579439233,7.17,6.785046728971955,7.26,2.532710280373829,2.710000000000001
2015-06-19,14.49,13.4,16.3,11.98,13.49,14.96,9.87,,,,8.67,aynigun,7.25,10.75,74408.0,True,8.67,4.620000000000001,,5.82,7.0,18.0,7.000000000000006,7.49,7.4392523364485985,7.960000000000001,2.6822429906542045,2.869999999999999
2015-06-26,11.85,10.75,15.43,12.14,13.58,14.48,9.88,,,,8.47,aynigun,7.25,10.75,68068.0,True,8.47,1.9699999999999989,,3.379999999999999,7.0,25.0,4.532710280373831,4.85,6.990654205607472,7.48,2.691588785046717,2.880000000000001
2015-07-03,14.32,13.09,15.59,12.18,13.46,14.55,9.99,,,,8.63,aynigun,7.25,10.75,77841.0,True,8.63,4.33,,5.6899999999999995,7.05,2.0,6.791219056515652,7.2700000000000005,7.006071929005131,7.500000000000001,2.7463801961700174,2.9400000000000004
2015-07-10,14.14,12.96,15.67,12.27,13.71,14.72,9.91,,,,8.61,aynigun,7.25,10.75,76971.1,True,8.61,4.23,,5.530000000000001,7.05,9.0,6.62307333021952,7.090000000000001,7.164876226062589,7.670000000000001,2.6716487622606255,2.8600000000000003
2015-07-17,14.76,13.0,15.82,12.29,13.71,14.95,8.56,,,,8.33,geri_tasima,7.25,10.75,70665.0,True,8.33,6.199999999999999,,6.43,7.05,16.0,7.202241943017285,7.71,7.379729098552068,7.8999999999999995,1.4105558150396824,1.5100000000000007
2015-07-24,14.01,13.06,15.64,12.33,13.61,14.85,9.93,,,,8.46,aynigun,7.25,10.75,63520.0,True,8.46,4.08,,5.549999999999999,7.05,23.0,6.501634750116758,6.96,7.28631480616535,7.8,2.6903316207379735,2.88
2015-07-31,11.21,10.09,15.79,12.33,13.52,14.8,10.0,,,,8.67,aynigun,7.25,10.75,63777.0,True,8.67,1.2100000000000009,,2.540000000000001,7.05,30.0,3.8860345632881987,4.160000000000001,7.2396076599719805,7.750000000000001,2.7557216254086914,2.95
2015-08-07,14.43,13.15,15.79,12.42,13.9,14.8,9.99,,,,8.44,aynigun,7.25,10.75,76862.0,True,8.44,4.4399999999999995,,5.99,7.04,6.0,6.903961136023895,7.39,7.2496263079222745,7.760000000000001,2.755979073243653,2.95
2015-08-14,14.61,13.15,15.85,12.42,14.09,14.77,10.1,,,,8.7,aynigun,7.25,10.75,77320.0,True,8.7,4.51,,5.91,7.04,13.0,7.072122571001493,7.569999999999999,7.22159940209266,7.7299999999999995,2.8587443946188396,3.0599999999999996
2015-08-21,14.64,13.67,16.04,12.57,14.02,14.92,10.06,,,,8.79,aynigun,7.25,10.75,85981.8,True,8.79,4.58,,5.850000000000001,7.04,20.0,7.100149476831108,7.6000000000000005,7.361733931240666,7.88,2.8213751868460424,3.0200000000000005
2015-08-28,14.96,14.0,16.5,12.93,14.55,15.36,10.28,,,,8.73,aynigun,7.25,10.75,96218.5,True,8.73,4.6800000000000015,,6.23,7.04,27.0,7.399103139013441,7.920000000000001,7.7727952167413905,8.32,3.0269058295964157,3.2399999999999993
2015-09-04,15.36,14.2,16.6,13.3,14.85,15.57,10.19,,,,8.83,aynigun,7.25,10.75,91208.2,True,8.83,5.17,,6.529999999999999,7.25,3.0,7.5617715617715575,8.11,7.757575757575741,8.32,2.7412587412587452,2.9399999999999995
2015-09-11,14.57,13.36,16.9,13.44,15.2,15.73,10.28,,,,8.86,aynigun,7.25,10.75,87658.0,True,8.86,4.290000000000001,,5.710000000000001,7.25,10.0,6.825174825174818,7.32,7.906759906759908,8.48,2.8251748251748143,3.0299999999999994
2015-09-18,15.71,14.59,17.08,13.81,15.16,16.12,10.58,,,,8.88,aynigun,7.25,10.75,87944.0,True,8.88,5.130000000000001,,6.83,7.25,17.0,7.888111888111893,8.46,8.270396270396274,8.870000000000001,3.104895104895089,3.33
2015-09-25,17.01,15.59,17.05,13.74,15.58,16.54,11.135,,,,8.96,geri_tasima,7.25,10.75,92461.0,True,8.96,5.875000000000002,,8.05,7.25,24.0,9.100233100233112,9.760000000000002,8.662004662004662,9.29,3.622377622377626,3.885
2015-10-02,16.34,15.22,17.39,14.08,15.68,16.41,10.8,,,,8.92,aynigun,7.25,10.75,92361.0,True,8.92,5.539999999999999,,7.42,7.34,1.0,8.384572386808276,9.0,8.449785727594561,9.07,3.223402273150744,3.460000000000001
2015-10-09,16.13,14.79,17.68,14.26,15.98,16.76,10.64,,,,8.83,aynigun,7.25,10.75,88059.0,True,8.83,5.489999999999998,,7.299999999999999,7.34,8.0,8.18893236444942,8.79,8.775852431525987,9.420000000000002,3.0743432084963773,3.3000000000000007
2015-10-16,14.81,13.48,17.81,14.35,15.75,16.81,10.52,,,,8.78,aynigun,7.25,10.75,80696.5,True,8.78,4.290000000000001,,6.030000000000001,7.34,15.0,6.959195081050873,7.470000000000001,8.822433389230477,9.469999999999999,2.9625489100056024,3.1799999999999997
2015-10-23,15.73,14.79,17.87,14.41,15.96,16.88,10.46,,,,8.76,aynigun,7.25,10.75,83193.9,True,8.76,5.27,,6.970000000000001,7.34,22.0,7.816284702813503,8.39,8.887646730016785,9.54,2.906651760760215,3.120000000000001
2015-10-30,16.23,15.05,17.74,14.41,15.72,16.84,10.4,,,,8.73,aynigun,7.25,10.75,96453.5,True,8.73,5.83,,7.5,7.34,29.0,8.28209427985842,8.89,8.850381963853193,9.5,2.8507546115148275,3.0600000000000005
2015-11-06,16.04,14.71,17.71,14.29,16.02,16.74,10.46,,,,8.75,aynigun,7.25,10.75,94206.5,True,8.75,5.579999999999998,,7.289999999999999,7.42,5.0,8.02457642897041,8.62,8.676224166821811,9.319999999999999,2.830013032954759,3.040000000000001
2015-11-13,15.88,14.58,17.73,14.24,15.9,16.8,10.46,,,,8.74,aynigun,7.25,10.75,87278.0,True,8.74,5.42,,7.140000000000001,7.42,12.0,7.87562837460436,8.46,8.732079687209083,9.38,2.830013032954759,3.040000000000001
2015-11-20,15.86,14.52,17.46,14.11,15.44,16.56,10.44,,,,8.7,aynigun,7.25,10.75,93720.0,True,8.7,5.42,,7.16,7.42,19.0,7.857009867808595,8.44,8.50865760566002,9.139999999999999,2.8113945261589945,3.0199999999999996
2015-11-27,13.98,12.88,17.14,13.86,15.12,16.2,10.45,,,,8.79,aynigun,7.25,10.75,94706.0,True,8.79,3.530000000000001,,5.190000000000001,7.42,26.0,6.1068702290076216,6.5600000000000005,8.173524483336415,8.78,2.820703779556877,3.0299999999999994
2015-12-04,15.85,14.56,17.36,13.98,15.2,16.36,10.37,,,,8.75,aynigun,7.25,10.75,99002.0,True,8.75,5.48,,7.1,7.56,3.0,7.707326143547788,8.29,8.181480104127914,8.8,2.6124953514317317,2.8099999999999996
2015-12-11,15.04,13.82,17.28,13.97,15.45,16.36,10.59,,,,8.77,aynigun,7.25,10.75,88685.0,True,8.77,4.449999999999999,,6.27,7.56,10.0,6.9542580885087135,7.4799999999999995,8.181480104127914,8.8,2.817032354034965,3.0300000000000002
2015-12-18,16.1,14.87,17.31,14.0,15.19,16.38,10.88,,,,8.85,aynigun,7.25,10.75,95630.3,True,8.85,5.220000000000001,,7.250000000000002,7.56,17.0,7.9397545555968785,8.540000000000003,8.200074377091848,8.82,3.08664931201188,3.320000000000001
2015-12-25,15.78,14.67,17.37,14.07,14.87,16.42,10.97,,,,8.74,aynigun,7.25,10.75,85627.0,True,8.74,4.809999999999999,,7.039999999999999,7.56,24.0,7.642246188174018,8.219999999999999,8.237262923019717,8.860000000000003,3.170323540349562,3.410000000000001
2016-01-01,16.02,14.85,17.29,14.08,14.74,16.31,11.15,,,,8.81,geri_tasima,7.25,10.75,95408.5,True,8.81,4.869999999999999,,7.209999999999999,7.92,0.0,7.505559673832485,8.1,7.774277242401784,8.389999999999999,2.992957746478875,3.2300000000000004
2016-01-08,16.28,14.86,17.66,14.24,16.12,16.74,10.85,,,,8.83,aynigun,7.25,10.75,88194.5,True,8.83,5.4300000000000015,,7.450000000000001,7.92,7.0,7.7464788732394485,8.360000000000001,8.172720533728683,8.819999999999999,2.714974054855457,2.9299999999999997
2016-01-15,14.31,12.96,17.67,14.29,16.12,16.75,10.73,,,,8.88,aynigun,7.25,10.75,85125.5,True,8.88,3.58,,5.43,7.92,14.0,5.92105263157896,6.390000000000001,8.181986656782803,8.83,2.603780578206072,2.8100000000000005
2016-01-22,15.87,14.8,17.62,14.34,16.16,16.73,10.78,,,,8.97,aynigun,7.25,10.75,89590.6,True,8.97,5.09,,6.899999999999999,7.92,21.0,7.366567828020765,7.949999999999999,8.163454410674586,8.81,2.6501111934766453,2.8599999999999994
2016-01-29,16.05,15.19,17.81,14.41,15.97,16.9,10.75,,,,8.98,aynigun,7.25,10.75,102604.0,True,8.98,5.300000000000001,,7.07,7.92,28.0,7.53335804299482,8.13,8.320978502594523,8.979999999999999,2.62231282431431,2.83
2016-02-05,16.33,15.06,17.9,14.47,16.36,17.0,10.87,,,,8.96,aynigun,7.25,10.75,100032.5,True,8.96,5.459999999999999,,7.369999999999997,7.96,4.0,7.752871433864383,8.369999999999997,8.37347165616893,9.04,2.695442756576494,2.9099999999999993
2016-02-12,16.49,15.23,17.99,14.5,16.44,17.08,10.99,,,,9.0,aynigun,7.25,10.75,92615.0,True,9.0,5.499999999999998,,7.489999999999998,7.96,11.0,7.901074472026659,8.529999999999998,8.447573175250088,9.119999999999997,2.8065950351982227,3.0300000000000002
2016-02-19,16.72,15.31,17.87,14.38,16.24,16.94,11.06,,,,9.09,aynigun,7.25,10.75,105462.5,True,9.09,5.659999999999998,,7.629999999999999,7.96,18.0,8.114116339384946,8.759999999999998,8.317895516858087,8.98,2.8714338643942128,3.1000000000000005
2016-02-26,14.4,13.41,18.01,14.43,16.22,17.01,11.15,,,,9.09,aynigun,7.25,10.75,105602.9,True,9.09,3.25,,5.3100000000000005,7.96,25.0,5.965172286031861,6.44,8.3827343460541,9.05,2.954798073360476,3.1900000000000004
2016-03-04,16.63,15.51,18.04,14.46,16.35,17.01,10.97,,,,9.03,aynigun,7.25,10.75,109711.0,True,9.03,5.659999999999998,,7.6,7.89,3.0,8.100843451663753,8.739999999999998,8.453054036518704,9.120000000000001,2.854759477245339,3.080000000000001
2016-03-11,15.94,14.52,18.1,14.45,16.4,17.06,10.98,,,,8.94,aynigun,7.25,10.75,98797.0,True,8.94,4.959999999999999,,7.0,7.89,10.0,7.461303179163958,8.05,8.499397534525887,9.169999999999998,2.864028176846789,3.0900000000000007
2016-03-18,16.86,15.26,17.96,14.46,16.32,16.96,11.07,,,,8.93,aynigun,7.25,10.75,99733.5,True,8.93,5.789999999999999,,7.93,7.89,17.0,8.314023542496995,8.969999999999999,8.406710538511453,9.07,2.947446473259796,3.1800000000000006
2016-03-25,16.1,14.95,18.01,14.44,16.26,16.98,11.03,,,,8.86,aynigun,7.25,10.5,100425.5,True,8.86,5.070000000000002,,7.240000000000002,7.89,24.0,7.609602372787094,8.21,8.425247937714332,9.09,2.9103716748540176,3.1399999999999997
2016-04-01,16.63,15.51,17.92,14.44,15.87,16.88,11.08,,,,8.83,aynigun,7.25,10.5,104445.5,True,8.83,5.549999999999999,,7.799999999999999,7.78,0.0,8.2111709036927,8.849999999999998,8.443124884023012,9.099999999999998,3.0617925403599866,3.3
2016-04-08,16.42,15.09,17.95,14.46,16.61,16.95,10.97,,,,8.75,aynigun,7.25,10.5,99601.8,True,8.75,5.450000000000001,,7.670000000000002,7.78,7.0,8.016329560215251,8.64,8.508071998515486,9.169999999999998,2.9597327890146463,3.1900000000000004
2016-04-15,15.17,13.37,17.88,14.33,16.19,16.85,10.84,,,,8.63,aynigun,7.25,10.5,93195.0,True,8.63,4.33,,6.539999999999999,7.78,14.0,6.856559658563732,7.39,8.41529040638338,9.07,2.8391167192429068,3.0599999999999996
2016-04-22,15.96,14.81,17.86,14.27,15.78,16.85,10.64,,,,8.45,aynigun,7.25,10.0,93813.5,True,8.45,5.32,,7.510000000000002,7.78,21.0,7.589534236407491,8.18,8.41529040638338,9.07,2.6535535349786477,2.8600000000000003
2016-04-29,15.68,14.59,17.66,14.13,15.13,16.62,10.54,,,,8.58,aynigun,7.25,10.0,102406.0,True,8.58,5.140000000000001,,7.1,7.78,28.0,7.329745778437546,7.8999999999999995,8.201892744479466,8.84,2.560771942846518,2.759999999999999
2016-05-06,15.96,14.79,17.53,14.04,16.04,16.52,10.47,,,,8.59,aynigun,7.25,10.0,103076.0,True,8.59,5.49,,7.370000000000001,7.81,5.0,7.559595584825152,8.150000000000002,8.07902791948798,8.71,2.467303589648462,2.660000000000001
2016-05-13,16.18,14.49,17.56,13.95,15.62,16.46,10.54,,,,8.45,aynigun,7.25,10.0,93412.0,True,8.45,5.640000000000001,,7.73,7.81,12.0,7.763658287728403,8.370000000000001,8.023374455059828,8.650000000000002,2.5322326314813015,2.7299999999999995
2016-05-20,15.9,14.51,17.51,13.91,15.39,16.52,10.54,,,,8.5,aynigun,7.25,10.0,103139.0,True,8.5,5.360000000000001,,7.4,7.81,19.0,7.503942120397,8.09,8.07902791948798,8.71,2.5322326314813015,2.7299999999999995
2016-05-27,13.95,12.69,17.46,13.93,15.12,16.43,10.43,,,,8.43,aynigun,7.25,9.5,104572.0,True,8.43,3.5199999999999996,,5.52,7.81,26.0,5.695204526481756,6.14,7.995547722845742,8.620000000000001,2.430201280029687,2.62
2016-06-03,15.82,14.5,17.42,13.93,14.96,16.34,10.3,,,,8.53,aynigun,7.25,9.5,102681.0,True,8.53,5.52,,7.290000000000001,7.6,2.0,7.639405204460958,8.22,8.122676579925647,8.74,2.5092936802973975,2.700000000000001
2016-06-10,14.96,13.59,17.38,13.77,15.6,16.23,10.3,,,,8.46,aynigun,7.25,9.5,103503.3,True,8.46,4.66,,6.5,7.6,9.0,6.84014869888474,7.360000000000001,8.020446096654288,8.63,2.5092936802973975,2.700000000000001
2016-06-17,15.43,14.06,17.25,13.85,15.43,16.32,10.28,,,,8.47,aynigun,7.25,9.5,99041.0,True,8.47,5.15,,6.959999999999999,7.6,16.0,7.276951672862464,7.83,8.104089219330856,8.72,2.490706319702607,2.6799999999999997
2016-06-24,15.06,14.01,17.27,13.79,15.21,16.37,10.12,,,,8.2,aynigun,7.25,9.0,100918.7,True,8.2,4.940000000000001,,6.860000000000001,7.6,23.0,6.933085501858738,7.460000000000001,8.150557620817821,8.770000000000001,2.3420074349442377,2.5199999999999996
2016-07-01,15.31,14.19,17.22,13.74,15.1,16.27,10.19,,,,8.23,aynigun,7.25,9.0,107226.0,True,8.23,5.120000000000001,,7.08,7.59,0.0,7.175388047216269,7.720000000000001,8.067664281067021,8.68,2.4165814666790686,2.5999999999999996
2016-07-08,16.56,14.2,17.47,13.61,15.4,17.1,9.67,,,,8.25,aynigun,7.25,9.0,109760.0,True,8.25,6.889999999999999,,8.309999999999999,7.59,7.0,8.337206060042735,8.969999999999999,8.83911144158378,9.510000000000002,1.933265173343246,2.08
2016-07-15,14.0,12.32,17.28,13.64,15.4,16.52,10.09,,,,8.2,aynigun,7.25,9.0,88438.0,True,8.2,3.91,,5.800000000000001,7.59,14.0,5.9578027697741565,6.41,8.30002788363231,8.93,2.323636025652931,2.5
2016-07-22,14.94,13.79,17.38,13.63,15.44,16.25,9.92,,,,8.03,aynigun,7.25,8.75,105438.0,True,8.03,5.02,,6.91,7.59,21.0,6.831489915419642,7.35,8.0490751928618,8.66,2.1656287759085346,2.33
2016-07-29,15.17,14.04,17.57,13.72,15.2,16.42,9.89,,,,8.06,aynigun,7.25,8.75,110918.5,True,8.06,5.279999999999999,,7.109999999999999,7.59,28.0,7.045264429779707,7.58,8.207082442606195,8.830000000000002,2.1377451436007,2.3000000000000007
2016-08-05,15.42,14.13,17.59,13.79,15.88,16.59,9.89,,,,8.01,aynigun,7.25,8.75,105824.0,True,8.01,5.529999999999999,,7.41,7.61,4.0,7.257689805780121,7.81,8.344949354149222,8.98,2.118762196821855,2.2800000000000002
2016-08-12,15.5,13.76,17.6,13.31,15.82,16.54,9.87,,,,8.0,aynigun,7.25,8.75,99914.0,True,8.0,5.630000000000001,,7.5,7.61,11.0,7.332032339001948,7.89,8.298485270885593,8.93,2.1001765635163983,2.259999999999999
2016-08-19,15.06,13.65,17.45,12.26,15.13,16.03,9.94,,,,8.04,aynigun,7.25,8.75,110975.0,True,8.04,5.120000000000001,,7.020000000000001,7.61,18.0,6.923148406281943,7.45,7.824551621596498,8.420000000000002,2.165226280085486,2.329999999999999
2016-08-26,12.71,11.47,17.44,12.07,14.96,15.64,10.01,,,,7.92,aynigun,7.25,8.5,113354.0,True,7.92,2.700000000000001,,4.790000000000001,7.61,25.0,4.739336492891,5.1000000000000005,7.462131772140146,8.030000000000001,2.230275996654596,2.3999999999999995
2016-09-02,15.5,14.04,17.46,12.03,14.83,15.56,9.78,,,,7.9,aynigun,7.25,8.5,115721.6,True,7.9,5.720000000000001,,7.6,7.62,1.0,7.322059096822153,7.88,7.377810815833485,7.94,2.00706188440809,2.1599999999999993
2016-09-09,15.01,13.72,17.45,12.02,15.41,15.43,10.05,,,,7.91,aynigun,7.25,8.5,110864.6,True,7.91,4.959999999999999,,7.1,7.62,8.0,6.8667533915629075,7.39,7.257015424642255,7.81,2.257944619959118,2.4300000000000006
2016-09-16,12.17,9.65,17.73,12.27,15.33,17.01,9.48,,,,7.84,aynigun,7.25,8.5,99169.1,True,7.84,2.6899999999999995,,4.33,7.62,15.0,4.227838691692987,4.55,8.725144025274112,9.39,1.7283032893514072,1.8600000000000003
2016-09-23,14.87,13.49,17.25,12.07,15.12,15.67,10.08,,,,7.77,aynigun,7.25,8.25,100641.6,True,7.77,4.789999999999999,,7.1,7.62,22.0,6.736666047203133,7.249999999999999,7.480022300687605,8.05,2.285820479464773,2.46
2016-09-30,14.71,13.51,16.79,12.05,14.35,15.28,10.02,,,,7.78,aynigun,7.25,8.25,110467.0,True,7.78,4.690000000000001,,6.930000000000001,7.62,29.0,6.587994796506225,7.090000000000001,7.117636127113913,7.659999999999999,2.230068760453441,2.3999999999999995
2016-10-07,15.04,13.48,16.73,12.15,15.25,15.58,9.89,,,,7.78,aynigun,7.25,8.25,106232.5,True,7.78,5.149999999999999,,7.259999999999999,7.61,6.0,6.904562772976464,7.429999999999999,7.406374872223753,7.97,2.118762196821855,2.2800000000000002
2016-10-14,15.02,13.4,16.8,12.12,14.86,15.55,9.83,,,,7.73,aynigun,7.25,8.25,90983.0,True,7.73,5.1899999999999995,,7.289999999999999,7.61,13.0,6.885977139671029,7.409999999999999,7.378496422265579,7.94,2.0630052969054846,2.2199999999999998
2016-10-21,14.48,13.33,16.62,12.1,14.56,15.42,9.7,,,,7.8,aynigun,7.25,8.25,97593.0,True,7.8,4.780000000000001,,6.680000000000001,7.61,20.0,6.3841650404237615,6.87,7.257689805780121,7.81,1.9421986804200264,2.089999999999999
2016-10-28,14.59,13.25,16.73,12.09,14.27,15.43,9.75,,,,7.8,aynigun,7.25,8.25,105356.0,True,7.8,4.84,,6.79,7.61,27.0,6.486386023603741,6.9799999999999995,7.26698262243286,7.819999999999999,1.9886627636836574,2.1399999999999997
2016-11-04,14.74,13.28,16.43,12.0,14.04,15.15,9.77,,,,7.81,aynigun,7.25,8.25,107019.0,True,7.81,4.970000000000001,,6.930000000000001,7.87,3.0,6.368777231853162,6.87,6.748864373783259,7.28,1.7613794382126624,1.8999999999999995
2016-11-11,13.55,12.1,16.08,11.71,13.9,14.85,9.68,,,,7.8,aynigun,7.25,8.25,93034.0,True,7.8,3.870000000000001,,5.750000000000001,7.87,10.0,5.265597478446282,5.680000000000001,6.470751830907573,6.9799999999999995,1.6779456753499566,1.8099999999999996
2016-11-18,13.77,12.43,15.87,11.58,13.47,14.7,9.64,,,,7.87,aynigun,7.25,8.25,103048.4,True,7.87,4.129999999999999,,5.8999999999999995,7.87,17.0,5.469546676555104,5.8999999999999995,6.33169555946973,6.829999999999999,1.6408640029665467,1.7700000000000005
2016-11-25,13.93,12.81,15.96,11.48,13.44,14.63,9.5,,,,8.05,aynigun,7.25,8.5,99386.5,True,8.05,4.43,,5.879999999999999,7.87,24.0,5.61787336608881,6.06,6.266802632798751,6.760000000000001,1.5110781496245451,1.63
2016-12-02,14.66,13.31,16.49,11.44,13.92,14.92,9.59,,,,8.31,aynigun,7.25,8.5,125645.7,True,8.31,5.07,,6.35,8.04,1.0,6.127360236949286,6.620000000000001,6.368011847463895,6.880000000000001,1.4346538319141233,1.5500000000000007
2016-12-09,14.48,13.32,16.37,11.42,14.27,14.84,9.57,,,,8.28,aynigun,7.25,8.5,105916.6,True,8.28,4.91,,6.200000000000001,8.04,8.0,5.960755275823759,6.440000000000001,6.293965198074791,6.800000000000001,1.4161421695668253,1.5300000000000011
2016-12-16,13.55,12.22,15.94,11.4,14.1,14.63,9.45,,,,8.29,aynigun,7.25,8.5,100679.5,True,8.29,4.100000000000001,,5.260000000000002,8.04,15.0,5.0999629766752985,5.510000000000002,6.0995927434283725,6.590000000000002,1.305072195483148,1.4100000000000001
2016-12-23,14.15,13.23,16.09,11.43,13.77,14.65,9.6,,,,8.28,aynigun,7.25,8.5,90093.5,True,8.28,4.550000000000001,,5.870000000000001,8.04,22.0,5.655312847093663,6.110000000000001,6.118104405775648,6.610000000000001,1.4439096630877613,1.5600000000000005
2016-12-30,14.53,13.57,16.11,11.43,13.26,14.51,9.64,,,,8.31,aynigun,7.25,8.5,95495.8,True,8.31,4.889999999999999,,6.219999999999999,8.04,29.0,6.007034431691971,6.49,5.988522769344695,6.470000000000001,1.480932987782313,1.6000000000000014
2017-01-06,14.01,12.92,16.22,11.43,15.03,14.8,9.5,,,,8.28,aynigun,7.25,8.5,83390.4,True,8.28,4.51,,5.73,8.19,5.0,5.379425085497713,5.82,6.109621961364264,6.610000000000001,1.2108327941584118,1.3100000000000005
2017-01-13,14.12,13.19,16.16,11.45,15.17,14.83,9.43,,,,8.39,aynigun,7.25,8.5,78295.0,True,8.39,4.6899999999999995,,5.729999999999999,8.19,12.0,5.48109806821333,5.93,6.1373509566503115,6.640000000000001,1.1461318051575908,1.2400000000000002
2017-01-20,14.45,13.53,16.42,11.47,15.27,15.07,9.49,,,,9.12,aynigun,7.25,8.5,83004.7,True,9.12,4.959999999999999,,5.33,8.19,19.0,5.786117016360115,6.26,6.35918291893891,6.880000000000001,1.2015897957297295,1.3000000000000007
2017-01-27,13.25,12.29,16.63,11.46,15.37,15.13,9.57,,,,10.27,aynigun,7.25,9.25,86310.2,True,10.27,3.6799999999999997,,2.9800000000000004,8.19,26.0,4.676957204917276,5.0600000000000005,6.414640909511027,6.940000000000001,1.2755337831592328,1.3800000000000008
2017-02-03,15.08,14.06,16.76,11.41,15.45,15.13,9.68,,,,10.37,aynigun,7.25,9.25,97333.9,True,10.37,5.4,,4.710000000000001,8.21,2.0,6.348766287773766,6.869999999999999,6.394972738194249,6.92,1.358469642362059,1.4699999999999989
2017-02-10,14.71,13.55,16.75,11.41,15.85,15.21,9.9,,,,10.39,aynigun,7.25,9.25,97235.9,True,10.39,4.8100000000000005,,4.32,8.21,9.0,6.006838554662219,6.5,6.468903058867004,7.0,1.5617780242121793,1.6899999999999995
2017-02-17,13.97,12.95,16.66,11.41,15.61,15.1,9.96,,,,10.38,aynigun,7.25,9.25,87809.4,True,10.38,4.01,,3.59,8.21,16.0,5.322983088439126,5.76,6.367248867941955,6.889999999999999,1.6172257647167454,1.75
2017-02-24,15.02,14.3,16.71,11.28,15.56,14.97,9.8,,,,10.41,aynigun,7.25,9.25,92225.7,True,10.41,5.219999999999999,,4.609999999999999,8.21,23.0,6.293318547269178,6.809999999999999,6.247112096848717,6.76,1.4693651233712357,1.5899999999999999
2017-03-03,15.5,14.33,16.52,11.0,15.36,14.68,9.73,,,,10.53,aynigun,7.25,9.25,101234.2,True,10.53,5.77,,4.970000000000001,8.15,2.0,6.796116504854388,7.35,6.037910309754979,6.529999999999999,1.4609338881183653,1.58
2017-03-10,15.0,13.83,16.74,11.09,15.57,14.85,9.87,,,,10.82,aynigun,7.25,9.25,97733.8,True,10.82,5.130000000000001,,4.18,8.15,9.0,6.333795654184016,6.85,6.195099398982906,6.699999999999999,1.590383726306066,1.7199999999999989
2017-03-17,15.21,14.1,16.51,11.13,15.39,14.71,10.01,,,,11.29,aynigun,7.25,9.25,82337.2,True,11.29,5.200000000000001,,3.9200000000000017,8.15,16.0,6.527970411465556,7.0600000000000005,6.0656495607952055,6.5600000000000005,1.7198335644937668,1.8599999999999994
2017-03-24,15.32,14.72,16.66,11.11,15.42,14.79,10.19,,,,11.33,aynigun,7.25,9.25,91383.4,True,11.33,5.130000000000001,,3.99,8.15,23.0,6.629680998613052,7.17,6.1396208969024535,6.639999999999999,1.8862690707351026,2.039999999999999
2017-03-31,15.13,14.41,16.67,10.95,15.17,14.69,10.42,,,,11.35,aynigun,7.25,9.25,94785.7,True,11.35,4.710000000000001,,3.780000000000001,8.15,30.0,6.453999075358308,6.98,6.047156726768388,6.539999999999999,2.0989366620434824,2.2699999999999996
2017-04-07,15.36,14.48,16.82,11.02,15.82,14.79,10.37,,,,11.5,aynigun,7.25,9.25,104006.9,True,11.5,4.99,,3.8599999999999994,8.27,6.0,6.548443705550944,7.09,6.021982081832444,6.52,1.9395954558049322,2.0999999999999996
2017-04-14,15.39,14.68,16.9,11.32,15.88,14.96,10.64,,,,11.48,aynigun,7.25,9.25,96567.9,True,11.48,4.75,,3.91,8.27,13.0,6.576152212062425,7.120000000000001,6.178996952064275,6.690000000000001,2.188972014408419,2.370000000000001
2017-04-21,15.5,14.82,16.84,11.31,15.63,15.09,10.78,,,,11.49,aynigun,7.25,9.25,100949.1,True,11.49,4.720000000000001,,4.01,8.27,20.0,6.677750069271271,7.23,6.299067146947457,6.82,2.3182783781287464,2.51
2017-04-28,15.69,14.88,16.97,11.45,15.39,15.33,10.93,,,,11.8,aynigun,7.25,9.25,102007.2,True,11.8,4.76,,3.889999999999999,8.27,27.0,6.8532372771774375,7.42,6.52073519903944,7.0600000000000005,2.4568209106862415,2.66
2017-05-05,16.26,15.2,17.06,11.4,15.89,15.45,10.96,,,,11.96,aynigun,7.25,9.25,106757.4,True,11.96,5.300000000000001,,4.300000000000001,8.41,4.0,7.241029425329759,7.850000000000001,6.493865879531402,7.039999999999999,2.3521815330688867,2.5500000000000007
2017-05-12,15.95,15.19,17.21,11.5,15.74,15.55,11.39,,,,11.92,aynigun,7.25,9.25,94771.4,True,11.92,4.559999999999999,,4.029999999999999,8.41,11.0,6.955077944839028,7.539999999999999,6.586108292592918,7.140000000000001,2.7488239092334776,2.9800000000000004
2017-05-19,15.28,14.22,17.19,11.57,15.47,15.6,11.38,,,,11.93,geri_tasima,7.25,9.25,97574.9,True,11.93,3.8999999999999986,,3.3499999999999996,8.41,18.0,6.3370537773268065,6.869999999999999,6.632229499123676,7.1899999999999995,2.739599667927295,2.9700000000000006
2017-05-26,13.89,12.75,17.48,11.71,15.35,15.85,11.62,,,,11.95,aynigun,7.25,9.25,103481.9,True,11.95,2.2700000000000014,,1.9400000000000013,8.41,25.0,5.054884235771606,5.48,6.862835531777511,7.4399999999999995,2.9609814592749695,3.209999999999999
2017-06-02,16.44,15.53,17.43,11.63,14.87,15.65,11.43,,,,11.98,aynigun,7.25,9.25,114731.9,True,11.98,5.010000000000002,,4.460000000000001,8.32,1.0,7.496307237813893,8.120000000000001,6.766986706056133,7.33,2.8711225997045897,3.1099999999999994
2017-06-09,16.48,15.67,17.53,11.7,15.91,15.91,11.66,,,,11.97,aynigun,7.25,9.25,112976.4,True,11.97,4.82,,4.51,8.32,8.0,7.533234859675053,8.16,7.00701624815363,7.59,3.083456425406217,3.34
2017-06-16,15.23,14.16,17.48,11.77,15.55,15.94,11.89,,,,11.95,aynigun,7.25,9.25,105703.4,True,11.95,3.34,,3.280000000000001,8.32,15.0,6.379246676514017,6.91,7.034711964549478,7.619999999999999,3.295790251107844,3.5700000000000003
2017-06-23,16.37,15.72,17.38,11.72,15.67,15.84,12.15,,,,11.95,aynigun,7.25,9.25,104543.4,True,11.95,4.220000000000001,,4.420000000000002,8.32,22.0,7.431683899556862,8.05,6.9423929098966,7.52,3.5358197932053193,3.83
2017-06-30,16.29,15.4,16.92,11.78,14.83,15.82,12.05,,,,11.98,aynigun,7.25,9.25,114536.9,True,11.98,4.239999999999998,,4.309999999999999,8.32,29.0,7.357828655834564,7.969999999999999,6.92392909896602,7.5,3.4435007385524408,3.7300000000000004
2017-07-07,16.93,15.95,17.53,11.75,15.85,16.06,11.94,,,,11.96,aynigun,7.25,9.25,106529.9,True,11.96,4.99,,4.969999999999999,8.41,6.0,7.85905359284198,8.52,7.056544599206727,7.649999999999999,3.2561571810718393,3.5299999999999994
2017-07-14,17.0,16.04,17.62,12.02,16.16,16.1,11.94,,,,11.95,aynigun,7.25,9.25,104212.2,True,11.95,5.0600000000000005,,5.050000000000001,8.41,13.0,7.923623281985037,8.59,7.093441564431324,7.690000000000001,3.2561571810718393,3.5299999999999994
2017-07-21,16.75,15.94,17.45,12.17,16.01,16.05,11.87,,,,11.95,aynigun,7.25,9.25,103079.2,True,11.95,4.880000000000001,,4.800000000000001,8.41,20.0,7.693017249331224,8.34,7.047320357900566,7.640000000000001,3.1915874919287823,3.459999999999999
2017-07-28,16.78,15.85,17.57,12.12,15.87,16.07,11.81,,,,11.99,aynigun,7.25,9.25,119496.7,True,11.99,4.970000000000001,,4.790000000000001,8.41,27.0,7.720689973249684,8.370000000000001,7.065768840512865,7.66,3.136242044091886,3.4000000000000004
2017-08-04,16.94,15.87,17.74,12.08,15.98,16.05,11.86,,,,11.98,aynigun,7.25,9.25,115387.7,True,11.98,5.080000000000002,,4.960000000000001,8.37,3.0,7.908092645566134,8.570000000000002,7.0868321491187825,7.6800000000000015,3.2204484635969477,3.49
2017-08-11,15.47,14.47,17.77,12.49,16.43,16.33,11.93,,,,11.96,aynigun,7.25,9.25,108350.8,True,11.96,3.540000000000001,,3.51,8.37,10.0,6.55162867952388,7.100000000000001,7.345206237888724,7.959999999999999,3.2850419857894275,3.5600000000000005
2017-08-18,15.57,14.54,18.0,12.7,16.3,16.68,11.98,,,,11.98,aynigun,7.25,9.25,115057.8,True,11.98,3.59,,3.59,8.37,17.0,6.643905139798845,7.200000000000001,7.6681738488511675,8.31,3.33118021592691,3.610000000000001
2017-08-25,15.94,15.13,18.11,12.69,16.15,16.62,11.89,,,,11.97,aynigun,7.25,9.25,113018.8,True,11.97,4.049999999999999,,3.969999999999999,8.37,24.0,6.985328042816286,7.57,7.612807972686175,8.250000000000002,3.2481314016794327,3.5200000000000014
2017-09-01,17.08,16.08,18.26,12.96,16.27,17.74,11.6,,,,12.01,geri_tasima,7.25,9.25,129414.8,True,12.01,5.479999999999999,,5.0699999999999985,8.35,0.0,8.057221965851413,8.729999999999999,8.666359021688974,9.389999999999999,2.9995385325334745,3.25
2017-09-08,16.95,15.88,18.05,12.67,16.5,16.68,11.74,,,,12.01,aynigun,7.25,9.25,128283.8,True,12.01,5.209999999999999,,4.9399999999999995,8.35,7.0,7.937240424550085,8.6,7.688047992616531,8.33,3.1287494231656776,3.3900000000000006
2017-09-15,14.82,13.72,18.03,12.89,16.44,16.62,11.93,,,,11.99,aynigun,7.25,9.25,122314.8,True,11.99,2.8900000000000006,,2.83,8.35,14.0,5.9713890170743245,6.470000000000001,7.632671896631282,8.270000000000001,3.3041070604522327,3.58
2017-09-22,16.63,15.83,18.22,12.94,16.41,16.74,11.97,,,,12.0,aynigun,7.25,9.25,125255.1,True,12.0,4.659999999999998,,4.629999999999999,8.35,21.0,7.641901245962179,8.28,7.743424088601758,8.389999999999999,3.341024457775732,3.620000000000001
2017-09-29,16.65,16.0,18.26,12.88,16.2,16.53,12.15,,,,11.99,aynigun,7.25,9.25,120164.7,True,11.99,4.499999999999998,,4.659999999999998,8.35,28.0,7.660359944623929,8.299999999999999,7.549607752653453,8.180000000000001,3.5071527457314344,3.8000000000000007
2017-10-06,16.92,15.85,18.43,13.04,16.57,17.02,11.74,,,,11.97,aynigun,7.25,9.25,113607.7,True,11.97,5.1800000000000015,,4.950000000000001,8.52,5.0,7.7405086619978025,8.400000000000002,7.832657574640622,8.5,2.967194987099142,3.2200000000000006
2017-10-13,16.73,15.89,18.53,13.04,16.13,16.98,11.94,,,,11.95,aynigun,7.25,9.25,103578.0,True,11.95,4.790000000000001,,4.780000000000001,8.52,12.0,7.565425727976427,8.21,7.795798009583499,8.46,3.151492812384804,3.42
2017-10-20,16.75,15.8,18.53,13.09,15.24,17.06,12.02,,,,11.97,aynigun,7.25,9.25,112538.5,True,11.97,4.73,,4.779999999999999,8.52,19.0,7.583855510504978,8.23,7.869517139697746,8.54,3.2252119424990955,3.5
2017-10-27,14.94,13.95,18.66,13.01,14.8,17.03,12.04,,,,11.95,aynigun,7.25,9.25,104508.9,True,11.95,2.9000000000000004,,2.99,8.52,26.0,5.9159601916697335,6.42,7.841872465904909,8.510000000000002,3.243641725027646,3.5199999999999996
2017-11-03,16.97,15.97,18.68,13.06,13.92,16.96,11.96,,,,11.97,aynigun,7.25,9.25,112696.9,True,11.97,5.009999999999998,,4.999999999999998,8.65,2.0,7.657616198803496,8.319999999999999,7.648412333179921,8.31,3.0464795213989815,3.3100000000000005
2017-11-10,16.06,15.22,18.88,13.11,15.39,17.2,12.01,,,,11.96,aynigun,7.25,9.25,106493.9,True,11.96,4.049999999999999,,4.099999999999998,8.65,9.0,6.82006442705938,7.409999999999998,7.869305108145408,8.549999999999999,3.0924988495168115,3.3599999999999994
2017-11-17,15.43,14.44,18.85,13.16,14.56,17.27,12.14,,,,11.99,aynigun,7.25,9.25,120038.5,True,11.99,3.289999999999999,,3.4399999999999995,8.65,16.0,6.240220892774984,6.779999999999999,7.933732167510366,8.62,3.2121491026230853,3.49
2017-11-24,16.67,15.99,18.76,13.14,14.07,17.19,12.17,,,,12.25,aynigun,7.25,9.25,112870.7,True,12.25,4.500000000000002,,4.420000000000002,8.65,23.0,7.381500230096649,8.020000000000001,7.860101242521855,8.540000000000001,3.2397606994937878,3.5199999999999996
2017-12-01,17.14,16.18,18.97,13.25,13.42,17.27,12.07,,,,12.25,aynigun,7.25,9.25,145014.4,True,12.25,5.07,,4.890000000000001,9.3,0.0,7.172918572735587,7.84,7.291857273559033,7.969999999999999,2.5343092406221457,2.7699999999999996
2017-12-08,17.11,16.32,19.27,13.14,15.63,17.44,12.15,,,,12.25,aynigun,7.25,9.25,128301.9,True,12.25,4.959999999999999,,4.859999999999999,9.3,7.0,7.145471180237872,7.809999999999999,7.447392497712713,8.14,2.6075022872827036,2.8499999999999996
2017-12-15,15.65,14.77,19.44,13.62,15.2,17.94,12.22,,,,12.75,aynigun,7.25,9.25,126203.2,True,12.75,3.4299999999999997,,2.9000000000000004,9.3,14.0,5.809698078682546,6.35,7.904849039341255,8.64,2.6715462031107196,2.92
2017-12-22,17.26,16.56,19.58,13.83,15.01,18.09,12.59,,,,12.75,aynigun,7.25,9.25,118140.0,True,12.75,4.670000000000002,,4.510000000000002,9.3,21.0,7.282708142726446,7.960000000000001,8.04208600182983,8.79,3.010064043915839,3.289999999999999
2017-12-29,17.57,17.06,19.52,13.78,13.95,17.85,12.75,,,,12.75,aynigun,7.25,9.25,137407.7,True,12.75,4.82,,4.82,9.3,28.0,7.566331198536136,8.27,7.822506861848133,8.55,3.1564501372369547,3.4499999999999993
2018-01-05,17.97,17.04,19.86,14.29,16.06,18.55,12.19,15.73,12.85,,12.75,aynigun,7.25,9.25,116824.3,True,12.75,5.779999999999999,,5.219999999999999,9.24,4.0,7.99157817649212,8.729999999999999,8.522519223727576,9.31,2.7004760161112973,2.9499999999999993
2018-01-12,17.6,16.96,20.15,13.89,17.75,18.59,12.32,15.12,13.88,,12.75,aynigun,7.25,9.25,120378.8,True,12.75,5.280000000000001,,4.850000000000001,9.24,11.0,7.652874404979859,8.360000000000001,8.559135847674826,9.35,2.819480043939948,3.08
2018-01-19,17.69,16.96,19.89,14.3,18.02,18.59,12.39,16.66,14.03,,12.75,aynigun,7.25,9.25,109374.0,True,12.75,5.300000000000001,,4.940000000000001,9.24,18.0,7.735261808861216,8.450000000000001,8.559135847674826,9.35,2.8835591358476576,3.1500000000000004
2018-01-26,14.91,13.96,20.16,14.08,18.07,18.69,12.32,17.31,13.98,,12.75,aynigun,7.25,9.25,103775.5,True,12.75,2.59,,2.16,9.24,25.0,5.190406444525819,5.67,8.650677407543018,9.450000000000001,2.819480043939948,3.08
2018-02-02,17.89,17.02,20.14,14.55,17.96,18.83,12.4,16.62,14.25,,12.75,aynigun,7.25,9.25,122339.0,True,12.75,5.49,,5.140000000000001,9.26,1.0,7.898590518030391,8.63,8.7589236683141,9.569999999999999,2.873878821160547,3.1400000000000006
2018-02-09,17.95,17.38,20.27,14.68,18.26,19.02,12.47,17.22,10.47,,12.75,aynigun,7.25,9.25,124286.3,True,12.75,5.479999999999999,,5.199999999999999,9.26,8.0,7.953505399963379,8.69,8.932820794435292,9.76,2.937946183415696,3.210000000000001
2018-02-16,16.46,15.53,20.14,14.8,18.05,18.93,12.37,15.98,9.26,,12.75,aynigun,7.25,9.25,119307.4,True,12.75,4.090000000000002,,3.710000000000001,9.26,15.0,6.58978583196046,7.200000000000001,8.850448471535778,9.67,2.8464213801940197,3.1099999999999994
2018-02-23,17.77,17.13,20.16,14.7,17.75,18.88,12.51,17.0,13.81,,12.75,aynigun,7.25,9.25,129494.5,True,12.75,5.26,,5.02,9.26,22.0,7.78876075416437,8.51,8.80468606992495,9.62,2.9745561047043623,3.25
2018-03-02,18.06,17.15,19.7,14.64,17.37,18.45,12.24,16.89,11.75,,12.75,aynigun,7.25,9.25,131637.0,True,12.75,5.8199999999999985,,5.309999999999999,9.24,1.0,8.0739655803735,8.819999999999999,8.430977663859384,9.209999999999999,2.746246796045404,3.0
2018-03-09,17.66,16.89,19.98,14.85,17.9,18.69,12.48,16.56,14.27,,12.75,aynigun,7.25,9.25,129672.5,True,12.75,5.18,,4.91,9.24,8.0,7.707799340900778,8.42,8.650677407543018,9.450000000000001,2.9659465397290363,3.24
2018-03-16,16.46,15.49,19.94,14.87,17.62,18.8,12.56,16.06,14.93,,12.75,aynigun,7.25,9.25,120331.0,True,12.75,3.9000000000000004,,3.710000000000001,9.24,15.0,6.609300622482617,7.220000000000001,8.751373123398022,9.56,3.0391797876235804,3.3200000000000003
2018-03-23,17.47,16.78,19.86,14.62,17.44,18.66,12.67,17.07,14.38,,12.75,aynigun,7.25,9.25,121354.0,True,12.75,4.799999999999999,,4.719999999999999,9.24,22.0,7.5338703771512305,8.229999999999999,8.623214939582557,9.42,3.139875503478584,3.4299999999999997
2018-03-30,17.79,17.21,19.74,14.96,16.63,18.56,12.81,16.93,14.56,,12.75,aynigun,7.25,9.25,132410.5,True,12.75,4.979999999999999,,5.039999999999999,9.24,29.0,7.826803368729385,8.549999999999999,8.531673379714388,9.319999999999999,3.268033687294025,3.5700000000000003
2018-04-06,17.7,16.78,19.96,14.97,18.01,18.76,12.52,16.22,15.14,,12.75,aynigun,7.25,9.25,136472.0,True,12.75,5.18,,4.949999999999999,9.62,5.0,7.370917715745295,8.08,8.33789454479108,9.140000000000002,2.6455026455026287,2.9000000000000004
2018-04-13,17.39,16.72,19.98,14.6,18.5,18.74,12.63,16.06,15.01,,12.75,aynigun,7.25,9.25,105923.0,True,12.75,4.76,,4.640000000000001,9.62,12.0,7.088122605363978,7.770000000000001,8.319649698960042,9.12,2.745849297573444,3.0100000000000016
2018-04-20,17.5,16.7,20.01,14.91,18.32,18.9,12.72,17.67,15.2,,12.75,aynigun,7.25,9.25,107196.0,True,12.75,4.779999999999999,,4.75,9.62,19.0,7.188469257434771,7.880000000000001,8.465608465608465,9.28,2.8279511038131755,3.1000000000000014
2018-04-27,16.13,15.27,19.96,14.84,17.91,18.81,12.63,17.77,15.32,,13.5,aynigun,7.25,9.25,91642.0,True,13.5,3.4999999999999982,,2.629999999999999,9.62,26.0,5.938697318007646,6.51,8.383506659368711,9.19,2.745849297573444,3.0100000000000016
2018-05-04,18.07,17.17,20.07,14.53,18.34,18.82,12.66,16.08,15.26,,13.5,aynigun,7.25,9.25,121607.0,True,13.5,5.41,,4.57,10.15,3.0,7.190195188379489,7.92,7.871084884248747,8.67,2.2787108488425023,2.51
2018-05-11,17.23,16.47,20.22,14.82,19.08,19.15,12.82,17.5,15.38,,13.5,aynigun,7.25,9.25,105303.0,True,13.5,4.41,,3.7300000000000004,10.15,10.0,6.42759872900589,7.08,8.170676350431227,8.999999999999998,2.4239673172946175,2.67
2018-05-18,16.92,16.04,20.21,13.15,18.77,18.3,12.94,18.02,14.87,,13.5,aynigun,7.25,9.25,119478.0,True,13.5,3.980000000000002,,3.4200000000000017,10.15,17.0,6.146164321379954,6.770000000000001,7.3990013617794,8.15,2.532909668633687,2.789999999999999
2018-05-25,19.45,19.02,20.25,13.01,19.25,18.02,13.27,18.65,14.33,,16.5,aynigun,7.25,9.25,117273.0,True,16.5,6.18,,2.9499999999999993,10.15,24.0,8.443032228778957,9.299999999999999,7.144802541988193,7.869999999999999,2.8325011348161677,3.119999999999999
2018-06-01,21.25,20.76,20.73,13.02,20.55,18.02,13.64,20.16,14.38,,16.5,aynigun,15.0,16.5,145676.8,True,16.5,7.609999999999999,,4.75,10.47,0.0,9.758305422286595,10.78,6.834434688150615,7.549999999999999,2.869557345885765,3.17
2018-06-08,21.24,20.97,22.79,13.06,21.91,18.91,14.51,21.68,14.32,,16.7,aynigun,16.25,19.25,125000.0,True,16.7,6.729999999999999,,4.539999999999999,10.47,7.0,9.749253190911556,10.769999999999998,7.640083280528653,8.44,3.6571014755137243,4.039999999999999
2018-06-15,22.73,22.6,24.26,13.16,22.37,19.74,15.21,23.55,15.21,,17.75,geri_tasima,16.25,19.25,125274.0,True,17.75,7.52,,4.98,10.47,14.0,11.098035665791617,12.26,8.391418484656477,9.269999999999998,4.290757671766077,4.74
2018-06-22,23.57,23.56,23.89,13.11,22.55,19.58,15.9,24.04,14.41,,17.75,aynigun,16.25,19.25,129018.7,True,17.75,7.67,,5.82,10.47,21.0,11.85842310129448,13.1,8.246582782655931,9.109999999999998,4.915361636643434,5.43
2018-06-29,23.54,23.47,23.87,13.14,21.3,19.61,16.21,22.5,15.15,,17.77,aynigun,16.25,19.25,141570.0,True,17.77,7.329999999999998,,5.77,10.47,28.0,11.83126640716936,13.069999999999999,8.273739476781028,9.139999999999999,5.195980809269485,5.74
2018-07-06,23.96,23.74,24.4,13.46,23.55,20.01,15.99,22.78,16.31,,17.75,aynigun,16.25,19.25,129000.0,True,17.75,7.970000000000001,,6.210000000000001,11.07,5.0,11.60529395876475,12.89,8.048978121905105,8.940000000000001,4.429638966417571,4.92
2018-07-13,24.02,23.77,24.88,15.79,24.06,22.43,16.33,24.12,19.99,,17.75,aynigun,16.25,19.25,130180.0,True,17.75,7.690000000000001,,6.27,11.07,12.0,11.659313946160065,12.95,10.227784280183672,11.36,4.735752228324475,5.259999999999998
2018-07-20,24.33,24.2,25.13,18.76,24.36,24.12,16.38,26.21,20.23,,17.75,aynigun,16.25,19.25,127000.0,True,17.75,7.949999999999999,,6.579999999999998,11.07,19.0,11.938417214369323,13.259999999999998,11.749347258485642,13.05,4.780768884487263,5.309999999999999
2018-07-27,21.54,20.96,25.43,19.43,24.37,24.49,16.76,23.56,20.28,,17.75,aynigun,16.25,19.25,130000.0,True,17.75,4.779999999999998,,3.789999999999999,11.07,26.0,9.426487800486182,10.469999999999999,12.082470514090193,13.419999999999998,5.122895471324385,5.690000000000001
2018-08-03,25.07,24.97,25.59,19.97,24.61,24.82,16.45,28.17,19.78,,17.75,aynigun,16.25,19.25,130010.0,True,17.75,8.620000000000001,,7.32,12.96,2.0,10.720609065155816,12.11,10.499291784702546,11.86,3.0895892351274767,3.4899999999999984
2018-08-10,26.06,26.02,26.73,19.99,25.35,25.86,16.83,26.1,20.63,,17.86,aynigun,16.25,19.25,144905.8,True,17.86,9.23,,8.2,12.96,9.0,11.597025495750701,13.099999999999998,11.419971671388108,12.899999999999999,3.4259915014164255,3.8699999999999974
2018-08-17,28.99,29.54,29.9,20.21,26.69,28.17,17.69,30.96,21.85,,19.25,aynigun,16.25,19.25,129954.0,True,19.25,11.299999999999997,,9.739999999999998,12.96,16.0,14.190864022662897,16.029999999999998,13.464943342776214,15.21,4.187322946175653,4.73
2018-08-24,30.52,32.52,31.6,11.64,28.15,31.11,16.64,31.02,23.17,,19.25,geri_tasima,16.25,19.25,136036.0,True,19.25,13.879999999999999,,11.27,12.96,23.0,15.545325779036823,17.56,16.06763456090652,18.15,3.25779036827194,3.6799999999999997
2018-08-31,32.46,34.0,30.29,23.15,26.97,29.82,18.48,32.69,24.23,,19.25,aynigun,16.25,19.25,159417.2,True,19.25,13.98,,13.21,12.96,30.0,17.262747875354112,19.5,14.92563739376771,16.86,4.886685552407943,5.52
2018-09-07,32.81,34.6,33.82,22.77,31.46,32.04,19.41,33.14,26.01,,19.25,aynigun,16.25,19.25,178851.6,True,19.25,13.400000000000002,,13.560000000000002,14.46,6.0,16.031801502708376,18.35,15.359077406954391,17.58,4.3246549012755375,4.949999999999999
2018-09-14,34.54,36.83,35.42,24.25,31.93,33.7,22.16,35.95,25.63,24.0,24.0,aynigun,22.5,24.0,143109.0,True,24.0,12.379999999999999,10.54,10.54,14.46,13.0,17.543246549012736,20.08,16.809365717281132,19.240000000000002,6.727240957539737,7.699999999999999
2018-09-21,35.99,38.33,37.86,25.7,33.85,35.5,24.99,39.21,26.07,24.0,24.06,aynigun,22.5,25.5,166469.9,True,24.06,11.000000000000004,11.990000000000002,11.930000000000003,14.46,20.0,18.8100646514066,21.53,18.381967499563157,21.04,9.199720426349822,10.529999999999998
2018-09-28,36.17,38.19,38.53,28.0,32.52,37.03,23.95,38.64,29.05,24.0,24.01,aynigun,22.5,25.5,162005.0,True,24.01,12.220000000000002,12.170000000000002,12.16,14.46,27.0,18.96732482963479,21.71,19.718679014502882,22.57,8.29110606325354,9.489999999999998
2018-10-05,35.4,37.44,39.03,29.06,33.73,37.79,23.94,36.94,29.52,24.0,24.0,aynigun,22.5,25.5,170300.0,True,24.0,11.459999999999997,11.399999999999999,11.399999999999999,17.03,4.0,15.696829872682216,18.369999999999997,17.739041271468835,20.759999999999998,5.904468939588137,6.91
2018-10-12,36.05,37.6,39.36,28.59,32.74,38.27,24.11,37.86,31.35,24.0,24.0,aynigun,22.5,25.5,148000.0,True,24.0,11.939999999999998,12.049999999999997,12.049999999999997,17.03,11.0,16.252243014611633,19.019999999999996,18.14919251473981,21.240000000000002,6.049730838246581,7.079999999999998
2018-10-19,34.53,36.07,38.72,28.86,31.06,37.71,24.09,38.08,32.09,24.0,24.0,aynigun,22.5,25.5,157000.0,True,24.0,10.440000000000001,10.530000000000001,10.530000000000001,17.03,18.0,14.953430744253593,17.5,17.670682730923694,20.68,6.032641203110289,7.059999999999999
2018-10-26,28.51,28.33,37.77,29.28,33.6,36.96,24.3,36.11,31.48,24.0,24.02,aynigun,22.5,25.5,141570.0,True,24.02,4.210000000000001,4.510000000000002,4.490000000000002,17.03,25.0,9.80945056823035,11.48,17.029821413312817,19.93,6.212082372041339,7.27
2018-11-02,32.36,33.15,37.29,29.05,32.3,36.47,23.28,31.7,30.8,24.0,24.0,aynigun,22.5,25.5,158000.0,True,24.0,9.079999999999998,8.36,8.36,17.38,1.0,12.761969671153505,14.98,16.263417958766404,19.09,5.026409950587851,5.900000000000002
2018-11-09,32.14,32.65,37.13,28.4,32.29,36.2,23.49,33.34,30.58,24.0,24.0,aynigun,22.5,25.5,138000.0,True,24.0,8.650000000000002,8.14,8.14,17.38,8.0,12.574544215368899,14.760000000000002,16.033395808485285,18.820000000000004,5.205316067473187,6.109999999999999
2018-11-16,26.36,25.74,36.24,28.77,31.11,35.35,22.98,31.7,29.68,24.0,24.0,aynigun,22.5,25.5,115000.0,True,24.0,3.379999999999999,2.3599999999999994,2.3599999999999994,17.38,15.0,7.650366331572678,8.98,15.309252002044648,17.970000000000002,4.770829783608788,5.600000000000001
2018-11-23,30.04,30.17,35.13,28.55,30.4,34.4,23.06,30.14,28.07,24.0,24.0,aynigun,22.5,25.5,123000.0,True,24.0,6.98,6.039999999999999,6.039999999999999,17.38,22.0,10.785483046515587,12.66,14.499914806610992,17.02,4.8389844948032,5.68
2018-11-30,28.63,28.43,34.7,28.38,28.04,33.78,23.02,26.57,26.35,24.0,24.0,aynigun,22.5,25.5,133000.0,True,24.0,5.609999999999999,4.629999999999999,4.629999999999999,17.38,29.0,9.584256261714085,11.25,13.971715794854322,16.400000000000002,4.804907139206005,5.640000000000001
2018-12-07,29.29,29.22,34.61,28.02,31.45,34.13,22.0,28.21,25.93,24.0,24.02,aynigun,22.5,25.5,123000.0,True,24.02,7.289999999999999,5.289999999999999,5.27,16.46,6.0,11.016658080027476,12.829999999999998,15.172591447707351,17.67,4.75699811093937,5.539999999999999
2018-12-14,28.87,28.87,34.17,27.84,29.9,33.62,22.23,28.14,25.8,24.0,24.0,aynigun,22.5,25.5,112000.0,True,24.0,6.640000000000001,4.870000000000001,4.870000000000001,16.46,13.0,10.656019234071778,12.41,14.73467284904688,17.159999999999997,4.954490812296064,5.77
2018-12-21,27.81,27.59,33.21,28.04,28.82,32.77,22.24,27.16,24.59,24.0,24.0,aynigun,22.5,25.5,104000.0,True,24.0,5.57,3.8099999999999987,3.8099999999999987,16.46,20.0,9.745835479993126,11.349999999999998,14.004808517946078,16.310000000000002,4.963077451485476,5.779999999999998
2018-12-28,27.23,27.04,32.35,27.39,27.8,31.74,22.51,27.26,25.12,24.0,24.0,aynigun,22.5,25.5,107000.0,True,24.0,4.719999999999999,3.2300000000000004,3.2300000000000004,16.46,27.0,9.247810407006686,10.77,13.12038468143566,15.279999999999998,5.194916709599862,6.050000000000001
2019-01-04,27.62,27.29,32.35,27.7,28.48,31.94,21.71,27.25,24.66,24.0,24.0,aynigun,22.5,25.5,96000.0,True,24.0,5.91,3.620000000000001,3.620000000000001,15.91,3.0,10.102665861444216,11.71,13.829695453368984,16.03,5.003882322491582,5.800000000000001
2019-01-11,25.98,25.32,32.75,26.46,30.67,32.28,21.41,27.59,24.78,24.0,24.0,aynigun,22.5,25.5,97000.0,True,24.0,4.57,1.9800000000000004,1.9800000000000004,15.91,10.0,8.687774997843146,10.07,14.123026486066781,16.37,4.745060823052372,5.5
2019-01-18,26.81,26.49,30.03,25.79,29.76,29.78,20.87,27.86,24.37,24.0,24.0,aynigun,22.5,25.5,89000.0,True,24.0,5.939999999999998,2.8099999999999987,2.8099999999999987,15.91,17.0,9.403847812958332,10.899999999999999,11.966180657406621,13.870000000000001,4.279182124061753,4.960000000000001
2019-01-25,24.7,24.09,28.12,24.93,29.16,27.97,20.6,26.65,24.58,24.0,24.0,aynigun,22.5,25.5,74000.0,True,24.0,4.099999999999998,0.6999999999999993,0.6999999999999993,15.91,24.0,7.583469933569131,8.79,10.404624277456653,12.059999999999999,4.046242774566466,4.690000000000001
2019-02-01,24.45,23.75,26.61,24.65,28.35,26.52,20.28,25.55,24.25,24.0,24.0,aynigun,22.5,25.5,84000.0,True,24.0,4.169999999999998,0.4499999999999993,0.4499999999999993,15.47,0.0,7.776911751970195,8.979999999999999,9.569585173638174,11.049999999999999,4.165584134407219,4.8100000000000005
2019-02-08,24.08,23.33,26.9,23.55,27.27,26.69,20.17,25.21,24.33,24.0,24.0,aynigun,22.5,25.5,82000.0,True,24.0,3.9099999999999966,0.0799999999999983,0.0799999999999983,15.47,7.0,7.456482203169634,8.609999999999998,9.716809560924933,11.22,4.070321295574608,4.700000000000001
2019-02-15,21.28,20.31,26.65,22.26,26.11,26.31,19.83,23.09,22.62,24.0,24.0,aynigun,22.5,25.5,62000.0,True,24.0,1.4500000000000028,-2.719999999999999,-2.719999999999999,15.47,14.0,5.031609941976267,5.8100000000000005,9.387719754048685,10.839999999999998,3.7758725210011113,4.359999999999998
2019-02-22,23.11,22.44,25.51,21.47,25.4,25.18,19.88,22.26,21.92,24.0,24.0,aynigun,22.5,25.5,71000.0,True,24.0,3.2300000000000004,-0.8900000000000006,-0.8900000000000006,15.47,21.0,6.616437169827671,7.639999999999999,8.409110591495628,9.709999999999999,3.8191738113795726,4.409999999999998
2019-03-01,23.09,22.3,24.76,20.71,23.79,24.44,19.63,22.95,20.83,24.0,24.0,aynigun,22.5,25.5,78000.0,True,24.0,3.460000000000001,-0.9100000000000001,-0.9100000000000001,15.24,0.0,6.811870878167303,7.85,7.983339118361665,9.200000000000001,3.8094411662616956,4.389999999999999
2019-03-08,23.01,22.03,23.06,18.55,24.19,22.76,19.43,22.69,20.52,24.0,24.0,aynigun,22.5,25.5,80000.0,True,24.0,3.580000000000002,-0.9899999999999984,-0.9899999999999984,15.24,7.0,6.742450538007616,7.770000000000001,6.52551197500868,7.520000000000001,3.6358903158625333,4.1899999999999995
2019-03-15,21.07,20.12,23.08,17.28,23.85,22.33,19.69,21.76,20.41,24.0,24.0,aynigun,22.5,25.5,85000.0,True,24.0,1.379999999999999,-2.9299999999999997,-2.9299999999999997,15.24,14.0,5.0590072891357085,5.83,6.152377646650464,7.089999999999998,3.8615064213814554,4.450000000000001
2019-03-22,23.11,22.49,23.21,17.15,23.26,22.25,19.62,21.29,19.76,24.0,24.0,aynigun,22.5,25.5,93000.0,True,24.0,3.4899999999999984,-0.8900000000000006,-0.8900000000000006,15.24,21.0,6.829225963207208,7.869999999999999,6.082957306490777,7.01,3.800763623741732,4.380000000000001
2019-03-29,24.33,23.97,23.45,17.1,22.83,22.07,19.9,22.67,19.92,24.0,25.5,aynigun,22.5,25.5,82169.3,True,25.5,4.43,0.3299999999999983,-1.1700000000000017,15.24,28.0,7.887886150642132,9.089999999999998,5.926761541131542,6.83,4.043734814300581,4.659999999999998
2019-04-05,25.35,24.69,24.83,17.12,24.12,22.92,19.81,21.76,20.6,24.0,25.5,aynigun,22.5,25.5,81919.3,True,25.5,5.540000000000003,1.3500000000000014,-0.14999999999999858,15.38,4.0,8.641012307158968,9.97,6.534928063789236,7.540000000000001,3.839486912809842,4.429999999999998
2019-04-12,24.77,24.33,25.41,17.13,24.72,23.88,19.87,23.41,20.28,24.0,24.1,aynigun,22.5,25.5,71700.0,True,24.1,4.899999999999999,0.7699999999999996,0.6699999999999982,15.38,11.0,8.13832553302134,9.389999999999999,7.366961345120471,8.499999999999998,3.8914889928930663,4.49
2019-04-19,26.51,26.26,26.29,17.2,25.64,24.37,21.13,23.8,20.49,24.0,24.0,aynigun,22.5,25.5,67000.0,True,24.0,5.380000000000003,2.5100000000000016,2.5100000000000016,15.38,18.0,9.646385855434204,11.13,7.791644999133296,8.99,4.983532674640334,5.749999999999998
2019-04-26,21.93,20.89,27.21,19.35,25.8,26.12,21.35,24.7,21.02,24.0,24.0,aynigun,22.5,25.5,61000.0,True,24.0,0.5799999999999983,-2.0700000000000003,-2.0700000000000003,15.38,25.0,5.676893742416378,6.549999999999999,9.308372334893411,10.74,5.1742069682787495,5.970000000000001
2019-05-03,26.78,26.42,27.82,19.87,25.8,26.68,21.55,24.48,21.35,24.0,24.0,aynigun,22.5,25.5,79000.0,True,24.0,5.23,2.780000000000001,2.780000000000001,15.48,2.0,9.78524419812954,11.3,9.698649116730152,11.2,5.256321440942147,6.07
2019-05-10,26.79,26.47,28.36,19.85,26.75,26.98,22.17,21.88,21.86,24.0,24.18,aynigun,22.5,25.5,64850.0,True,24.18,4.619999999999997,2.789999999999999,2.6099999999999994,15.48,9.0,9.793903706269491,11.309999999999999,9.958434360928292,11.5,5.793210945618288,6.690000000000001
2019-05-17,25.34,24.86,29.25,19.83,27.85,27.82,22.34,26.25,21.72,24.0,25.5,aynigun,22.5,25.5,79064.0,True,25.5,3.0,1.3399999999999999,-0.16000000000000014,15.48,16.0,8.538275025978525,9.86,10.685833044683068,12.34,5.940422583997229,6.859999999999999
2019-05-24,27.99,28.01,29.99,20.85,29.13,28.89,22.7,27.72,23.13,24.0,24.35,aynigun,22.5,25.5,72746.0,True,24.35,5.289999999999999,3.9899999999999984,3.639999999999997,15.48,23.0,10.83304468306201,12.509999999999998,11.612400415656388,13.41,6.252164877034971,7.219999999999999
2019-05-31,26.87,26.61,29.74,21.86,28.38,28.86,22.72,26.39,22.59,24.0,24.13,aynigun,22.5,25.5,91184.5,True,24.13,4.150000000000002,2.870000000000001,2.740000000000002,15.48,30.0,9.863179771388975,11.39,11.586421891236576,13.379999999999999,6.269483893314853,7.239999999999998
2019-06-07,27.89,27.81,29.22,21.19,30.81,28.95,21.93,26.42,22.16,24.0,24.0,aynigun,22.5,25.5,86000.0,True,24.0,5.960000000000001,3.8900000000000006,3.8900000000000006,14.88,6.0,11.324860724233975,13.01,12.24756267409468,14.069999999999999,6.136838440111414,7.049999999999999
2019-06-14,27.64,27.58,29.66,21.89,29.16,29.08,22.93,26.28,22.77,24.0,24.0,aynigun,22.5,25.5,77000.0,True,24.0,4.710000000000001,3.6400000000000006,3.6400000000000006,14.88,13.0,11.107242339832869,12.76,12.360724233983289,14.199999999999998,7.007311977715869,8.049999999999999
2019-06-21,27.22,27.09,29.1,21.92,27.92,28.42,22.73,27.32,22.86,24.0,23.8,aynigun,22.5,25.5,81094.0,True,23.8,4.489999999999998,3.219999999999999,3.419999999999998,14.88,20.0,10.741643454038986,12.339999999999998,11.78621169916434,13.540000000000001,6.833217270194991,7.85
2019-06-28,27.31,27.27,28.53,22.23,26.83,27.86,22.89,25.81,22.46,24.0,23.86,aynigun,22.5,25.5,91681.0,True,23.86,4.419999999999998,3.3099999999999987,3.4499999999999993,14.88,27.0,10.819986072423383,12.429999999999998,11.298746518105851,12.979999999999999,6.97249303621168,8.01
2019-07-05,26.26,26.22,28.32,21.65,28.14,27.76,22.26,26.9,22.75,24.0,23.87,aynigun,22.5,25.5,81440.0,True,23.87,4.0,2.2600000000000016,2.3900000000000006,13.9,4.0,10.851624231782253,12.360000000000001,12.168568920105361,13.860000000000001,7.339771729587352,8.360000000000001
2019-07-12,25.47,25.31,27.62,21.36,27.67,27.12,21.85,25.98,21.94,24.0,23.89,aynigun,22.5,25.5,83151.0,True,23.89,3.6199999999999974,1.4699999999999989,1.5799999999999983,13.9,11.0,10.158033362598772,11.569999999999999,11.606672519754158,13.22,6.979806848112391,7.950000000000001
2019-07-19,24.04,23.74,26.9,20.74,27.28,26.46,21.69,25.97,22.03,24.0,23.89,aynigun,22.5,25.5,77191.0,True,23.89,2.349999999999998,0.03999999999999915,0.14999999999999858,13.9,18.0,8.902546093064089,10.139999999999999,11.027216856892007,12.56,6.839332748024596,7.790000000000001
2019-07-26,19.79,19.01,26.78,20.49,26.5,26.34,20.09,25.54,21.57,19.75,21.4,aynigun,18.25,21.25,71851.0,True,21.4,-0.3000000000000007,0.03999999999999915,-1.6099999999999994,13.9,25.0,5.171202809482001,5.889999999999999,10.921861281826173,12.44,5.434591747146622,6.1899999999999995
2019-08-02,21.96,21.39,24.84,18.45,24.6,24.41,18.75,22.1,20.79,19.75,19.63,aynigun,18.25,21.25,76113.0,True,19.63,3.210000000000001,2.210000000000001,2.330000000000002,12.77,1.0,8.149330495699214,9.190000000000001,10.321894120776797,11.64,5.302828766515932,5.98
2019-08-09,20.86,20.29,22.65,13.64,23.27,21.35,18.31,22.17,18.86,19.75,19.64,aynigun,18.25,21.25,66091.0,True,19.64,2.5500000000000007,1.1099999999999994,1.2199999999999989,12.77,8.0,7.173893766072559,8.09,7.608406491088071,8.580000000000002,4.912654074665257,5.539999999999999
2019-08-16,15.48,12.91,22.88,12.95,23.63,20.96,17.82,20.85,17.3,19.75,19.59,aynigun,18.25,21.25,40966.0,True,19.59,-2.34,-4.27,-4.109999999999999,12.77,15.0,2.4031213975348242,2.710000000000001,7.2625698324022325,8.190000000000001,4.478141349649722,5.050000000000001
2019-08-23,20.33,19.7,22.69,12.84,21.98,19.83,17.51,20.26,15.43,19.75,19.65,aynigun,18.25,21.25,53382.0,True,19.65,2.8199999999999967,0.5799999999999983,0.6799999999999997,12.77,22.0,6.703910614525155,7.559999999999999,6.260530282876653,7.059999999999999,4.203245544027667,4.740000000000002
2019-08-30,20.07,19.31,22.38,12.88,20.95,19.28,17.01,19.65,15.11,19.75,19.61,geri_tasima,18.25,21.25,62657.0,True,19.61,3.0599999999999987,0.3200000000000003,0.46000000000000085,12.77,29.0,6.473352842067914,7.300000000000001,5.772811918063336,6.510000000000002,3.7598652123791876,4.240000000000002
2019-09-06,20.3,19.45,21.96,12.9,21.38,19.1,16.62,19.25,14.96,19.75,19.59,aynigun,18.25,21.25,58057.0,True,19.59,3.6799999999999997,0.5500000000000007,0.7100000000000009,12.21,5.0,7.20969610551645,8.09,6.140272702967642,6.890000000000001,3.930131004366788,4.41
2019-09-13,18.9,17.99,21.55,12.95,20.8,18.93,15.66,18.19,14.75,16.5,17.47,aynigun,15.0,18.0,52290.0,True,17.47,3.2399999999999984,2.3999999999999986,1.4299999999999997,12.21,12.0,5.9620354692095034,6.689999999999998,5.988771054273223,6.719999999999999,3.0745922823277816,3.4499999999999993
2019-09-20,17.65,16.76,18.54,13.02,19.7,17.57,14.71,16.85,14.02,16.5,16.34,aynigun,15.0,18.0,46495.0,True,16.34,2.9399999999999977,1.1499999999999986,1.3099999999999987,12.21,19.0,4.848052758221177,5.439999999999998,4.776757864717918,5.359999999999999,2.227965421976652,2.5
2019-09-27,15.49,14.71,18.64,13.06,18.86,17.41,14.56,16.62,14.26,16.5,16.29,aynigun,15.0,18.0,39065.0,True,16.29,0.9299999999999997,-1.0099999999999998,-0.7999999999999989,12.21,26.0,2.923090633633363,3.2799999999999994,4.63416807771142,5.199999999999999,2.0942874966580316,2.3499999999999996
2019-10-04,16.89,16.34,18.42,13.11,17.07,17.26,13.83,16.52,14.37,16.5,16.17,aynigun,15.0,18.0,34109.0,True,16.17,3.0600000000000005,0.39000000000000057,0.7199999999999989,11.18,3.0,5.13581579420761,5.710000000000001,5.4686094621335,6.080000000000002,2.383522216225953,2.6500000000000004
2019-10-11,15.48,14.86,18.33,13.12,15.83,17.22,13.68,15.63,14.25,16.5,16.14,aynigun,15.0,18.0,23272.0,True,16.14,1.8000000000000007,-1.0199999999999996,-0.6600000000000001,11.18,10.0,3.8676020867062455,4.300000000000001,5.432631768303664,6.039999999999999,2.248605864364106,2.5
2019-10-18,16.25,15.69,18.26,13.14,15.48,17.11,13.63,15.66,14.19,16.5,16.15,aynigun,15.0,18.0,27522.0,True,16.15,2.619999999999999,-0.25,0.10000000000000142,11.18,17.0,4.560172692930409,5.07,5.333693110271653,5.93,2.2036337470768386,2.450000000000001
2019-10-25,14.81,14.18,18.36,13.1,15.74,17.12,12.9,15.61,13.8,14.0,14.01,aynigun,12.5,15.5,32084.0,True,14.01,1.9100000000000001,0.8100000000000005,0.8000000000000007,11.18,24.0,3.2649757150566616,3.630000000000001,5.342687533729107,5.940000000000001,1.5470408346825115,1.7200000000000006
2019-11-01,15.21,14.36,17.78,13.04,15.27,16.86,12.25,14.55,13.85,14.0,13.84,aynigun,12.5,15.5,43858.0,True,13.84,2.960000000000001,1.2100000000000009,1.370000000000001,10.46,0.0,4.300199167119301,4.75,5.793952562013405,6.399999999999999,1.6204961071881296,1.7899999999999991
2019-11-08,14.5,13.84,17.15,13.01,15.53,16.37,11.93,14.0,13.58,14.0,13.71,aynigun,12.5,15.5,38663.5,True,13.71,2.5700000000000003,0.5,0.7899999999999991,10.46,7.0,3.6574325547709563,4.039999999999999,5.350353068984237,5.91,1.330798479087436,1.4699999999999989
2019-11-15,12.72,11.94,17.03,12.97,15.07,16.25,11.73,13.65,12.81,14.0,13.61,aynigun,12.5,15.5,24526.0,True,13.61,0.9900000000000002,-1.2799999999999994,-0.8899999999999988,10.46,14.0,2.045989498460976,2.26,5.24171645844651,5.789999999999999,1.149737461524536,1.2699999999999996
2019-11-22,13.96,13.11,16.58,12.92,14.64,15.91,11.62,13.61,12.59,14.0,13.61,aynigun,12.5,15.5,28041.0,True,13.61,2.3400000000000016,-0.03999999999999915,0.3500000000000014,10.46,21.0,3.1685678073510637,3.5,4.93391272858954,5.449999999999999,1.0501539018649364,1.1599999999999984
2019-11-29,13.54,12.89,16.39,12.88,14.24,15.74,11.35,13.55,12.53,14.0,13.71,aynigun,12.5,15.5,36540.0,True,13.71,2.1899999999999995,-0.46000000000000085,-0.1700000000000017,10.46,28.0,2.7883396704689423,3.0799999999999983,4.780010863661044,5.279999999999999,0.8057215281549901,0.8899999999999988
2019-12-06,14.06,13.12,16.48,12.78,14.07,15.78,11.17,13.58,12.52,14.0,13.67,aynigun,12.5,15.5,31290.0,True,13.67,2.8900000000000006,0.0600000000000005,0.39000000000000057,10.07,5.0,3.624965930771329,3.99,5.187607885890788,5.709999999999999,0.9993640410647764,1.0999999999999996
2019-12-13,13.86,13.0,16.38,12.68,14.2,15.67,10.77,12.71,12.5,12.0,13.04,aynigun,10.5,13.5,18135.0,True,13.04,3.09,1.8599999999999994,0.8200000000000003,10.07,12.0,3.4432633778504584,3.789999999999999,5.087671481784328,5.6,0.6359589352230355,0.6999999999999993
2019-12-20,13.65,12.66,15.84,12.64,13.54,15.24,10.24,12.03,12.44,12.0,11.47,aynigun,10.5,13.5,10752.0,True,11.47,3.41,1.6500000000000004,2.1799999999999997,10.07,19.0,3.2524756972835522,3.58,4.697010993004458,5.17,0.154447169982741,0.16999999999999993
2019-12-27,12.62,12.03,15.23,12.64,13.17,14.69,10.1,12.57,12.18,12.0,11.34,aynigun,10.5,13.5,15247.0,True,11.34,2.5199999999999996,0.6199999999999992,1.2799999999999994,10.07,26.0,2.3167075497410705,2.549999999999999,4.19732897247207,4.619999999999999,0.027255382938129458,0.02999999999999936
2020-01-03,13.0,12.24,15.18,12.57,13.21,14.77,9.88,11.23,12.11,12.0,11.29,aynigun,10.5,13.5,15492.0,True,11.29,3.119999999999999,1.0,1.7100000000000009,9.54,2.0,3.158663501917114,3.460000000000001,4.774511593938291,5.23,0.31038889903232114,0.34000000000000163
2020-01-10,11.71,11.07,15.46,12.0,14.73,14.9,9.81,11.83,12.23,12.0,11.74,aynigun,10.5,13.5,35304.0,True,11.74,1.9000000000000004,-0.28999999999999915,-0.02999999999999936,9.54,9.0,1.981011502647445,2.1700000000000017,4.893189702391831,5.360000000000001,0.24648530217272757,0.27000000000000135
2020-01-17,11.92,11.26,15.39,11.73,14.68,14.71,9.6,10.94,11.63,11.25,10.46,aynigun,9.75,12.75,16120.0,True,10.46,2.3200000000000003,0.6699999999999999,1.459999999999999,9.54,16.0,2.172722293226226,2.380000000000001,4.719737082344366,5.170000000000002,0.05477451159394686,0.0600000000000005
2020-01-24,11.52,10.97,15.13,11.61,14.08,14.47,9.44,11.41,11.42,11.25,11.12,aynigun,9.75,12.75,9750.0,True,11.12,2.08,0.2699999999999996,0.40000000000000036,9.54,23.0,1.8075588825999578,1.9800000000000004,4.500639035968601,4.9300000000000015,-0.0912908526565559,-0.09999999999999964
2020-01-31,11.14,10.56,14.79,11.5,13.58,14.18,9.45,10.83,11.19,11.25,10.97,aynigun,9.75,12.75,43854.0,True,10.97,1.6900000000000013,-0.10999999999999943,0.16999999999999993,9.54,30.0,1.4606536425050276,1.6000000000000014,4.235895563264558,4.640000000000001,-0.08216176739089809,-0.08999999999999986
2020-02-07,11.25,10.63,14.56,11.54,13.52,14.01,9.22,11.36,11.29,11.25,10.98,aynigun,9.75,12.75,54867.0,True,10.98,2.0299999999999994,0.0,0.2699999999999996,9.61,6.0,1.4962138491013466,1.6400000000000006,4.014232278076801,4.4,-0.3558069519204454,-0.3899999999999988
2020-02-14,11.26,10.62,14.63,11.46,13.14,14.04,9.35,10.99,11.34,11.25,10.86,aynigun,9.75,12.75,34251.0,True,10.86,1.9100000000000001,0.009999999999999787,0.40000000000000036,9.61,13.0,1.5053371042788033,1.6500000000000004,4.041602043609149,4.43,-0.23720463461364139,-0.2599999999999998
2020-02-21,10.97,10.4,14.14,11.38,12.96,13.68,9.24,11.01,11.26,10.75,10.75,aynigun,9.25,12.25,70211.0,True,10.75,1.7300000000000004,0.22000000000000064,0.22000000000000064,9.61,20.0,1.240762704132825,1.3600000000000012,3.713164857221063,4.07,-0.3375604415655542,-0.3699999999999992
2020-02-28,11.46,10.95,14.1,11.32,12.86,13.61,9.34,10.3,11.19,10.75,10.54,aynigun,9.25,12.25,70743.5,True,10.54,2.120000000000001,0.7100000000000009,0.9200000000000017,9.61,27.0,1.68780220782776,1.8500000000000014,3.6493020709789104,4.0,-0.246327889791087,-0.2699999999999996
2020-03-06,11.78,10.99,14.5,11.45,13.42,13.89,9.28,11.14,11.27,10.75,10.55,aynigun,9.25,12.25,87070.0,True,10.55,2.5,1.0299999999999994,1.2299999999999986,9.51,5.0,2.072870057528986,2.2699999999999996,3.9996347365537366,4.380000000000001,-0.21002648159985648,-0.23000000000000043
2020-03-13,11.82,11.25,14.46,11.39,13.27,13.87,9.36,11.35,11.28,10.75,10.56,aynigun,9.25,12.25,87826.0,True,10.56,2.460000000000001,1.0700000000000003,1.2599999999999998,9.51,12.0,2.1093964021550615,2.3100000000000005,3.981371564240721,4.359999999999999,-0.13697379234773877,-0.15000000000000036
2020-03-20,11.85,11.34,14.6,11.36,13.45,13.97,9.36,11.31,11.34,9.75,9.99,aynigun,8.25,11.25,98667.0,True,9.99,2.49,2.0999999999999996,1.8599999999999994,9.51,19.0,2.136791160624618,2.34,4.072687425805865,4.460000000000001,-0.13697379234773877,-0.15000000000000036
2020-03-27,12.11,11.49,15.35,11.41,13.26,14.43,9.43,11.53,11.37,9.75,9.24,aynigun,8.25,11.25,100162.23,True,9.24,2.6799999999999997,2.3599999999999994,2.869999999999999,9.51,26.0,2.374212400693998,2.5999999999999996,4.492740389005556,4.92,-0.07305268925211772,-0.08000000000000007
2020-04-03,12.31,11.68,16.1,11.68,13.47,15.17,9.27,12.1,11.42,9.75,9.19,aynigun,8.25,11.25,98814.23,True,9.19,3.040000000000001,2.5600000000000005,3.120000000000001,9.7,2.0,2.3792160437557053,2.610000000000001,4.98632634457612,5.470000000000001,-0.3919781221513152,-0.4299999999999997
2020-04-10,11.1,10.64,15.75,11.79,14.34,14.95,9.38,11.35,11.46,9.75,9.2,aynigun,8.25,11.25,118458.23,True,9.2,1.7199999999999989,1.3499999999999996,1.9000000000000004,9.7,9.0,1.2762078395624377,1.4000000000000004,4.785779398359158,5.25,-0.29170464904283433,-0.3199999999999985
2020-04-17,10.64,10.17,9.45,11.93,13.73,9.69,9.35,11.09,11.5,9.75,9.05,aynigun,8.25,11.25,116511.23,True,9.05,1.290000000000001,0.8900000000000006,1.5899999999999999,9.7,16.0,0.856882406563364,0.9400000000000013,-0.009115770282586144,-0.009999999999999787,-0.31905195989061497,-0.34999999999999964
2020-04-24,9.41,9.1,8.27,11.49,14.1,8.45,8.76,9.55,11.36,8.75,8.99,aynigun,7.25,10.25,126281.23,True,8.99,0.6500000000000004,0.6600000000000001,0.41999999999999993,9.7,23.0,-0.2643573381950648,-0.28999999999999915,-1.139471285323601,-1.25,-0.856882406563364,-0.9399999999999995
2020-05-01,9.68,9.24,8.99,11.38,13.47,9.21,8.2,9.19,10.93,8.75,8.35,geri_tasima,7.25,10.25,141353.23,True,8.35,1.4800000000000004,0.9299999999999997,1.33,9.2,0.0,0.439560439560438,0.4800000000000004,0.009157509157509125,0.010000000000001563,-0.9157509157509125,-1.0
2020-05-08,9.72,9.19,10.08,11.29,13.29,10.23,7.69,9.2,10.95,8.75,8.37,aynigun,7.25,10.25,175695.23,True,8.37,2.0300000000000002,0.9700000000000006,1.3500000000000014,9.2,7.0,0.4761904761904745,0.5200000000000014,0.9432234432234399,1.0300000000000011,-1.382783882783889,-1.509999999999999
2020-05-15,9.69,9.16,10.79,11.24,13.28,10.88,7.58,9.03,10.48,8.75,8.23,aynigun,7.25,10.25,155265.23,True,8.23,2.1099999999999994,0.9399999999999995,1.459999999999999,9.2,14.0,0.4487179487179471,0.4900000000000002,1.538461538461533,1.6800000000000015,-1.4835164835164782,-1.6199999999999992
2020-05-22,10.1,9.43,11.24,11.13,12.95,11.25,7.45,9.1,10.18,8.25,8.22,aynigun,6.75,9.75,180235.23,True,8.22,2.6499999999999995,1.8499999999999996,1.879999999999999,9.2,21.0,0.8241758241758212,0.9000000000000004,1.8772893772893706,2.0500000000000007,-1.602564102564108,-1.7499999999999991
2020-05-29,9.52,8.84,11.94,11.13,12.61,11.84,7.35,9.0,10.01,8.25,7.9,aynigun,6.75,9.75,203539.23,True,7.9,2.17,1.2699999999999996,1.6199999999999992,9.2,28.0,0.293040293040292,0.3200000000000003,2.417582417582409,2.6400000000000006,-1.6941391941392103,-1.8499999999999996
2020-06-05,9.9,9.19,12.21,9.98,12.84,11.88,7.35,8.93,9.87,8.25,7.74,aynigun,6.75,9.75,190678.23,True,7.74,2.5500000000000007,1.6500000000000004,2.16,9.03,4.0,0.7979455195817664,0.870000000000001,2.613959460698889,2.8500000000000014,-1.540860313675152,-1.6799999999999997
2020-06-12,10.06,9.39,12.65,9.16,11.2,11.46,7.4,8.92,9.76,8.25,7.69,aynigun,6.75,9.75,163720.23,True,7.69,2.66,1.8100000000000005,2.37,9.03,11.0,0.9446941208841597,1.0300000000000011,2.2287443822801123,2.4300000000000015,-1.4950013757681346,-1.629999999999999
2020-06-19,9.9,9.19,12.93,9.06,11.22,11.25,7.41,8.86,9.62,8.25,7.63,aynigun,6.75,9.75,156381.23,True,7.63,2.49,1.6500000000000004,2.2700000000000005,9.03,18.0,0.7979455195817664,0.870000000000001,2.0361368430707127,2.2200000000000006,-1.4858295881867378,-1.6199999999999992
2020-06-26,9.71,9.05,12.87,9.01,11.28,11.0,7.37,9.29,9.58,8.25,7.62,aynigun,6.75,9.75,175168.0,True,7.62,2.3400000000000007,1.4600000000000009,2.0900000000000007,9.03,25.0,0.6236815555351605,0.6800000000000015,1.806842153535726,1.9700000000000006,-1.5225167385123362,-1.6599999999999993
2020-07-03,10.34,9.63,11.98,9.05,11.28,10.68,7.37,9.03,9.65,8.25,7.58,aynigun,6.75,9.75,171348.0,True,7.58,2.9699999999999998,2.09,2.76,9.33,2.0,0.9238086527028289,1.0099999999999998,1.2347937437117151,1.3499999999999996,-1.7927375834629,-1.96
2020-07-10,10.31,9.64,12.77,9.09,11.66,11.1,7.37,9.03,9.72,8.25,7.57,aynigun,6.75,9.75,169646.0,True,7.57,2.9400000000000004,2.0600000000000005,2.74,9.33,9.0,0.89636879173145,0.9800000000000004,1.618951797310908,1.7699999999999996,-1.7927375834629,-1.96
2020-07-17,9.17,8.16,12.65,9.14,11.75,11.2,7.35,9.34,9.64,8.25,7.4,aynigun,6.75,9.75,154459.0,True,7.4,1.8200000000000003,0.9199999999999999,1.7699999999999996,9.33,16.0,-0.14634592518064649,-0.16000000000000014,1.7104180005488079,1.8699999999999992,-1.8110308241104933,-1.9800000000000004
2020-07-24,10.46,9.9,12.96,9.07,11.8,11.28,7.39,9.25,9.65,8.25,7.54,aynigun,6.75,9.75,186454.0,True,7.54,3.070000000000001,2.210000000000001,2.920000000000001,9.33,23.0,1.033568096588322,1.1300000000000008,1.7835909631391367,1.9499999999999993,-1.7744443428153178,-1.9400000000000004
2020-07-31,10.67,9.97,11.48,9.22,11.58,10.77,7.24,9.38,9.75,8.25,7.76,geri_tasima,6.75,9.75,242043.0,True,7.76,3.4299999999999997,2.42,2.91,9.33,30.0,1.2256471233879074,1.3399999999999999,1.3171133266258073,1.4399999999999995,-1.9116436476721788,-2.09
2020-08-07,11.83,11.05,13.41,9.38,12.42,12.0,7.79,10.1,9.96,8.25,8.06,aynigun,6.75,9.75,229992.0,True,8.06,4.04,3.58,3.7699999999999996,9.7,6.0,1.9416590701914371,2.130000000000001,2.096627164995457,2.3000000000000007,-1.7411121239744642,-1.9099999999999993
2020-08-14,13.52,13.03,16.93,9.99,14.14,13.74,8.79,12.45,10.22,8.25,9.06,aynigun,6.75,9.75,182339.0,True,9.06,4.73,5.27,4.459999999999999,9.7,13.0,3.4822242479489507,3.8200000000000003,3.6827711941659125,4.040000000000001,-0.8295350957155723,-0.9100000000000001
2020-08-21,13.65,13.3,17.74,11.66,15.38,15.26,9.57,13.62,10.95,8.25,9.52,aynigun,6.75,9.75,222624.0,True,9.52,4.08,5.4,4.130000000000001,9.7,20.0,3.600729261622626,3.950000000000001,5.068368277119428,5.5600000000000005,-0.11850501367366428,-0.129999999999999
2020-08-28,12.18,11.81,18.06,13.31,15.6,16.57,9.75,13.44,12.07,8.25,10.02,aynigun,6.75,9.75,287601.0,True,10.02,2.4299999999999997,3.9299999999999997,2.16,9.7,27.0,2.26071103008203,2.4800000000000004,6.262534184138557,6.870000000000001,0.04557885141294182,0.05000000000000071
2020-09-04,14.32,14.0,18.12,13.8,16.57,16.94,9.93,14.25,12.71,8.25,10.14,aynigun,6.75,9.75,333317.0,True,10.14,4.390000000000001,6.07,4.18,10.15,3.0,3.785746709033133,4.17,6.164321379936455,6.790000000000001,-0.19972764412165,-0.22000000000000064
2020-09-11,13.52,13.06,18.25,13.88,16.77,16.99,10.19,15.35,13.49,8.25,10.29,aynigun,6.75,9.75,303292.0,True,10.29,3.33,5.27,3.2300000000000004,10.15,10.0,3.0594643667725796,3.369999999999999,6.209714026327728,6.839999999999998,0.03631411711304544,0.03999999999999915
2020-09-18,14.3,14.04,18.64,14.14,17.01,17.31,10.35,15.93,13.81,8.25,10.39,aynigun,6.75,9.75,254294.0,True,10.39,3.950000000000001,6.050000000000001,3.91,10.15,17.0,3.7675896504766326,4.15,6.500226963231959,7.159999999999998,0.1815705855651384,0.1999999999999993
2020-09-25,14.91,14.79,18.95,14.8,16.92,17.85,10.68,16.25,14.16,10.25,10.88,aynigun,8.75,11.75,236304.5,True,10.88,4.23,4.66,4.029999999999999,10.15,24.0,4.321379936450298,4.76,6.99046754425785,7.700000000000001,0.48116205174761895,0.5299999999999994
2020-10-02,15.37,15.33,19.3,14.97,16.75,18.22,10.87,16.42,14.5,10.25,11.32,aynigun,8.75,11.75,262252.5,True,11.32,4.5,5.119999999999999,4.049999999999999,10.53,1.0,4.3789016556591065,4.84,6.9573871347145655,7.6899999999999995,0.30760879399258645,0.33999999999999986
2020-10-09,15.26,15.14,19.34,15.04,17.95,18.34,10.84,16.88,14.62,10.25,11.64,aynigun,8.75,11.75,241277.5,True,11.64,4.42,5.01,3.619999999999999,10.53,8.0,4.27938116348503,4.73,7.065954944358999,7.8100000000000005,0.2804668415814726,0.3100000000000005
2020-10-16,13.84,13.46,19.42,15.1,17.7,18.4,10.96,16.49,15.11,10.25,12.26,aynigun,8.75,11.75,235300.0,True,12.26,2.879999999999999,3.59,1.58,10.53,15.0,2.994662082692501,3.3100000000000005,7.120238849181226,7.869999999999999,0.38903465122590575,0.4300000000000015
2020-10-23,15.75,15.75,19.76,15.04,17.49,18.61,11.19,16.46,15.1,10.25,12.88,aynigun,8.75,11.75,182998.0,True,12.88,4.5600000000000005,5.5,2.869999999999999,10.53,22.0,4.722699719533163,5.220000000000001,7.310232516058979,8.08,0.5971229530444155,0.6600000000000001
2020-10-30,15.94,15.95,19.69,15.18,17.37,18.7,11.34,16.74,15.55,10.25,13.4,aynigun,8.75,11.75,230913.0,True,13.4,4.6,5.6899999999999995,2.539999999999999,10.53,29.0,4.894598751470203,5.41,7.39165837329232,8.17,0.7328327150999625,0.8100000000000005
2020-11-06,16.87,16.7,20.32,15.57,18.59,19.15,11.87,17.96,15.81,10.25,14.12,aynigun,8.75,11.75,201160.0,True,14.12,5.000000000000002,6.620000000000001,2.7500000000000018,10.77,5.0,5.506906202040285,6.100000000000001,7.565225241491391,8.379999999999999,0.9930486593843213,1.0999999999999996
2020-11-13,16.95,16.78,20.92,15.5,19.34,19.8,12.28,18.34,16.44,10.25,14.56,aynigun,8.75,11.75,215200.0,True,14.56,4.67,6.699999999999999,2.389999999999999,10.77,12.0,5.579127922722771,6.18,8.152026722036654,9.030000000000001,1.3631849778821037,1.5099999999999998
2020-11-20,17.25,17.09,21.23,15.53,19.32,19.97,13.58,18.39,17.35,15.0,14.96,aynigun,13.5,15.0,210458.5,True,14.96,3.67,2.25,2.289999999999999,10.77,19.0,5.849959375282121,6.48,8.305497878486957,9.2,2.536787938972651,2.8100000000000005
2020-11-27,17.63,17.49,21.86,16.1,18.0,20.54,14.59,19.05,17.39,15.0,14.99,aynigun,13.5,16.5,234000.0,True,14.99,3.039999999999999,2.629999999999999,2.639999999999999,10.77,26.0,6.1930125485239795,6.859999999999999,8.820077638349755,9.77,3.448587162589156,3.8200000000000003
2020-12-04,18.77,18.59,22.32,17.49,17.83,21.39,14.51,20.24,17.9,15.0,14.99,aynigun,13.5,16.5,251000.0,True,14.99,4.26,3.7699999999999996,3.7799999999999994,10.84,3.0,7.154456874774451,7.93,9.518224467701186,10.55,3.3110790328401363,3.67
2020-12-11,18.26,17.89,22.85,17.88,17.08,21.87,14.95,20.32,18.8,15.0,15.0,aynigun,13.5,16.5,230000.0,True,15.0,3.3100000000000023,3.2600000000000016,3.2600000000000016,10.84,10.0,6.694334175387939,7.420000000000002,9.95128112594732,11.030000000000001,3.7080476362324033,4.109999999999999
2020-12-18,19.09,18.96,22.92,18.71,17.08,22.26,15.04,20.43,19.2,15.0,15.0,aynigun,13.5,16.5,210000.0,True,15.0,4.050000000000001,4.09,4.09,10.84,17.0,7.443161313605207,8.25,10.303139660772276,11.420000000000002,3.7892457596535367,4.199999999999999
2020-12-25,19.7,19.62,22.95,18.69,16.6,22.14,15.88,20.19,19.43,17.0,15.48,aynigun,15.5,18.5,248000.0,True,15.48,3.8199999999999985,2.6999999999999993,4.219999999999999,10.84,24.0,7.993504150126318,8.86,10.194875496210742,11.3,4.547094911584271,5.040000000000001
2021-01-01,19.62,19.41,22.88,18.61,15.44,21.95,16.96,20.41,18.89,17.0,17.03,geri_tasima,15.5,18.5,289587.0,True,17.03,2.66,2.620000000000001,2.59,10.53,0.0,8.224011580566359,9.090000000000002,10.332036551162593,11.42,5.81742513344794,6.4300000000000015
2021-01-08,20.87,20.47,23.09,18.61,20.37,22.53,16.22,21.24,19.98,17.0,17.0,aynigun,15.5,18.5,269000.0,True,17.0,4.650000000000002,3.870000000000001,3.870000000000001,10.53,7.0,9.354926264362607,10.340000000000002,10.856780964444045,12.000000000000002,5.147923640640539,5.6899999999999995
2021-01-15,19.84,19.27,22.94,18.4,20.35,22.33,16.12,21.57,19.94,17.0,17.0,aynigun,15.5,18.5,248000.0,True,17.0,3.719999999999999,2.84,2.84,10.53,14.0,8.42305256491449,9.31,10.67583461503665,11.799999999999999,5.0574504659368635,5.590000000000002
2021-01-22,20.42,19.99,22.72,18.19,20.06,22.04,16.08,21.07,20.07,17.0,17.0,aynigun,15.5,18.5,258000.0,True,17.0,4.340000000000003,3.4200000000000017,3.4200000000000017,10.53,21.0,8.947796978195965,9.890000000000002,10.413462408395912,11.51,5.021261196055371,5.549999999999999
2021-01-29,19.99,19.65,22.46,18.13,18.98,21.73,16.42,21.36,19.36,17.0,17.0,aynigun,15.5,18.5,282000.0,True,17.0,3.5699999999999967,2.9899999999999984,2.9899999999999984,10.53,28.0,8.55876232697006,9.459999999999999,10.13299556681444,11.200000000000001,5.3288699900479575,5.890000000000002
2021-02-05,20.26,19.53,22.38,18.12,19.7,21.73,16.27,21.31,19.57,17.0,17.0,aynigun,15.5,18.5,293000.0,True,17.0,3.990000000000002,3.2600000000000016,3.2600000000000016,10.36,4.0,8.970641536788682,9.900000000000002,10.302645886190653,11.370000000000001,5.355201159840539,5.91
2021-02-12,19.9,19.33,22.27,18.04,19.25,21.6,16.22,20.25,19.24,17.0,17.0,aynigun,15.5,18.5,284000.0,True,17.0,3.6799999999999997,2.8999999999999986,2.8999999999999986,10.36,11.0,8.64443638999639,9.54,10.18484958318231,11.240000000000002,5.309894889452704,5.859999999999999
2021-02-19,19.73,19.11,22.48,17.93,19.21,21.76,16.14,20.4,19.18,17.0,17.0,aynigun,15.5,18.5,284000.0,True,17.0,3.59,2.7300000000000004,2.7300000000000004,10.36,18.0,8.490395070677792,9.370000000000001,10.329829648423349,11.400000000000002,5.237404856832195,5.780000000000001
2021-02-26,19.32,18.64,22.55,17.85,18.75,21.81,16.24,20.15,18.96,17.0,17.0,aynigun,15.5,18.5,308000.0,True,17.0,3.080000000000002,2.3200000000000003,2.3200000000000003,10.36,25.0,8.118883653497665,8.96,10.375135918811162,11.45,5.3280173976078204,5.879999999999999
2021-03-05,20.11,19.36,22.42,17.76,19.56,21.62,16.22,20.35,19.04,17.0,17.0,aynigun,15.5,18.5,370000.0,True,17.0,3.8900000000000006,3.1099999999999994,3.1099999999999994,10.47,4.0,8.72635104553272,9.639999999999999,10.09323798316284,11.15,5.205033040644502,5.749999999999998
2021-03-12,19.89,19.28,22.28,17.66,18.86,21.4,16.46,20.22,18.82,17.0,17.0,aynigun,15.5,18.5,344000.0,True,17.0,3.4299999999999997,2.8900000000000006,2.8900000000000006,10.47,11.0,8.527201955281981,9.42,9.894088892912102,10.929999999999998,5.422286593645342,5.99
2021-03-19,20.45,19.92,22.32,17.64,18.9,21.43,16.8,20.01,18.47,19.0,17.64,aynigun,17.5,20.5,327000.0,True,17.64,3.6499999999999986,1.4499999999999993,2.8099999999999987,10.47,18.0,9.034126912283869,9.979999999999999,9.921245587037198,10.959999999999999,5.73006246039649,6.33
2021-03-26,21.06,20.57,23.55,17.88,20.11,22.45,17.77,21.54,19.16,19.0,19.0,aynigun,17.5,20.5,340000.0,True,19.0,3.289999999999999,2.0599999999999987,2.0599999999999987,10.47,25.0,9.58631302616093,10.589999999999998,10.844573187290663,11.979999999999999,6.608128903774779,7.299999999999999
2021-04-02,21.78,21.43,23.74,18.18,20.36,22.72,17.87,21.62,19.34,19.0,19.0,aynigun,17.5,20.5,352000.0,True,19.0,3.91,2.780000000000001,2.780000000000001,11.26,1.0,9.455329857990291,10.520000000000001,10.300197735035056,11.459999999999999,5.941039007729643,6.610000000000001
2021-04-09,21.63,21.12,24.21,18.22,21.9,23.23,17.7,22.09,19.99,19.0,19.0,aynigun,17.5,20.5,355000.0,True,19.0,3.9299999999999997,2.629999999999999,2.629999999999999,11.26,8.0,9.320510515908676,10.37,10.758583498112518,11.97,5.788243753370481,6.4399999999999995
2021-04-16,19.68,18.85,24.18,18.1,22.2,23.15,17.74,22.01,20.02,19.0,19.0,aynigun,17.5,20.5,333000.0,True,19.0,1.9400000000000013,0.6799999999999997,0.6799999999999997,11.26,15.0,7.567859068847738,8.42,10.686679849002335,11.889999999999999,5.824195577925573,6.479999999999999
2021-04-23,21.49,21.07,24.05,18.11,22.09,23.18,17.68,21.54,19.96,19.0,19.0,geri_tasima,17.5,20.5,322000.0,True,19.0,3.8099999999999987,2.4899999999999984,2.4899999999999984,11.26,22.0,9.194679129965856,10.229999999999999,10.713643717418652,11.92,5.770267841092935,6.42
2021-04-30,21.14,20.66,23.72,18.06,22.07,22.79,17.93,21.64,19.66,19.0,19.0,aynigun,17.5,20.5,346000.0,True,19.0,3.210000000000001,2.1400000000000006,2.1400000000000006,11.26,29.0,8.88010066510876,9.88,10.363113428006464,11.53,5.99496674456228,6.67
2021-05-07,21.78,21.11,24.03,18.03,22.94,23.44,17.88,21.09,19.87,19.0,19.0,aynigun,17.5,20.5,322000.0,True,19.0,3.900000000000002,2.780000000000001,2.780000000000001,11.81,6.0,8.916912619622575,9.97,10.401574098917798,11.63,5.428852517663896,6.0699999999999985
2021-05-14,21.23,20.61,23.7,17.67,23.21,23.42,17.9,21.38,20.34,19.0,19.0,geri_tasima,17.5,20.5,319000.0,True,19.0,3.330000000000002,2.2300000000000004,2.2300000000000004,11.81,13.0,8.425006707807881,9.42,10.383686611215449,11.610000000000001,5.446740005366246,6.089999999999998
2021-05-21,21.77,21.11,23.42,17.85,22.02,22.84,17.87,21.67,19.58,19.0,19.0,aynigun,17.5,20.5,300000.0,True,19.0,3.8999999999999986,2.7699999999999996,2.7699999999999996,11.81,20.0,8.907968875771388,9.959999999999999,9.864949467847218,11.03,5.419908773812709,6.0600000000000005
2021-05-28,21.35,20.75,23.5,17.79,21.37,22.41,17.92,21.53,19.56,19.0,19.0,aynigun,17.5,20.5,320000.0,True,19.0,3.4299999999999997,2.3500000000000014,2.3500000000000014,11.81,27.0,8.532331634022006,9.540000000000001,9.480368482246648,10.6,5.464627493068597,6.110000000000001
2021-06-04,21.52,20.85,23.52,17.88,22.03,22.38,17.88,22.06,19.42,19.0,19.0,aynigun,17.5,20.5,326000.0,True,19.0,3.6400000000000006,2.5199999999999996,2.5199999999999996,12.12,3.0,8.383874420264004,9.4,9.15090973956476,10.26,5.137352836246878,5.76
2021-06-11,21.02,20.35,23.31,17.91,22.19,22.3,17.87,21.78,19.37,19.0,19.0,aynigun,17.5,20.5,295000.0,True,19.0,3.1499999999999986,2.0199999999999996,2.0199999999999996,12.12,10.0,7.937923653228673,8.9,9.079557616839118,10.180000000000001,5.128433820906175,5.750000000000002
2021-06-18,21.63,20.98,23.29,17.81,21.94,22.3,17.85,21.82,19.42,19.0,19.0,aynigun,17.5,20.5,279000.0,True,19.0,3.7799999999999976,2.629999999999999,2.629999999999999,12.12,17.0,8.481983589011776,9.51,9.079557616839118,10.180000000000001,5.11059579022477,5.730000000000002
2021-06-25,21.6,20.89,23.36,18.0,21.97,22.39,18.08,21.54,19.56,19.0,19.0,aynigun,17.5,20.5,282000.0,True,19.0,3.520000000000003,2.6000000000000014,2.6000000000000014,12.12,24.0,8.455226542989646,9.480000000000002,9.159828754905464,10.270000000000001,5.315733143061019,5.959999999999999
2021-07-02,21.62,20.97,23.3,17.96,21.6,22.31,17.89,21.69,19.39,19.0,19.0,aynigun,17.5,20.5,292000.0,True,19.0,3.7300000000000004,2.620000000000001,2.620000000000001,12.62,1.0,7.991475759190214,9.000000000000002,8.6041555673948,9.69,4.679453027881397,5.270000000000001
2021-07-09,21.46,20.67,23.32,17.97,22.83,22.37,17.81,21.97,19.11,19.0,19.0,aynigun,17.5,20.5,299000.0,True,19.0,3.650000000000002,2.460000000000001,2.460000000000001,12.62,8.0,7.849405079026828,8.840000000000002,8.65743207245606,9.750000000000002,4.608417687799693,5.1899999999999995
2021-07-16,20.58,19.65,22.96,17.96,22.65,22.24,17.98,21.7,19.44,19.0,19.0,aynigun,17.5,20.5,271000.0,True,19.0,2.599999999999998,1.5799999999999983,1.5799999999999983,12.62,15.0,7.068016338128236,7.959999999999999,8.541999644823317,9.62,4.7593677854732785,5.360000000000001
2021-07-23,20.4,19.04,22.14,17.84,22.69,21.6,17.5,21.81,18.61,19.0,19.0,geri_tasima,17.5,20.5,278000.0,True,19.0,2.8999999999999986,1.3999999999999986,1.3999999999999986,12.62,22.0,6.908186822944429,7.779999999999999,7.973716924169794,8.980000000000002,4.3331557449831415,4.880000000000001
2021-07-30,21.25,20.47,22.98,17.94,21.5,22.24,18.25,21.51,19.44,19.0,19.0,aynigun,17.5,20.5,257000.0,True,19.0,3.0,2.25,2.25,12.62,29.0,7.662937311312379,8.63,8.541999644823317,9.62,4.999112058249011,5.630000000000001
2021-08-06,21.58,20.79,23.14,17.88,22.52,22.25,17.79,21.59,19.13,19.0,19.0,aynigun,17.5,20.5,296000.0,True,19.0,3.789999999999999,2.5799999999999983,2.5799999999999983,12.48,5.0,8.090327169274536,9.099999999999998,8.685988620199137,9.77,4.720839260312948,5.309999999999999
2021-08-13,21.56,20.83,23.03,17.89,22.48,22.09,18.03,21.78,19.09,19.0,19.0,aynigun,17.5,20.5,265000.0,True,19.0,3.5299999999999976,2.5599999999999987,2.5599999999999987,12.48,12.0,8.072546230440958,9.079999999999998,8.543741109530579,9.61,4.934210526315774,5.550000000000001
2021-08-20,21.5,20.72,22.99,17.88,21.48,22.06,17.98,21.56,18.95,19.0,19.0,aynigun,17.5,20.5,328000.0,True,19.0,3.5199999999999996,2.5,2.5,12.48,19.0,8.019203413940268,9.02,8.51706970128021,9.579999999999998,4.889758179231851,5.5
2021-08-27,20.72,19.88,23.03,17.8,20.7,22.03,18.04,21.69,19.15,19.0,19.0,aynigun,17.5,20.5,321000.0,True,19.0,2.6799999999999997,1.7199999999999989,1.7199999999999989,12.48,26.0,7.32574679943101,8.239999999999998,8.490398293029866,9.55,4.9431009957325855,5.559999999999999
2021-09-03,21.62,20.65,23.24,17.88,21.37,22.41,18.03,21.7,18.8,19.0,19.0,aynigun,17.5,20.5,331000.0,True,19.0,3.59,2.620000000000001,2.620000000000001,12.94,2.0,7.685496723924201,8.680000000000001,8.3849831769081,9.47,4.506817779351868,5.090000000000002
2021-09-10,21.21,20.44,23.3,17.9,21.88,22.3,18.13,21.64,18.64,19.0,19.0,aynigun,17.5,20.5,328000.0,True,19.0,3.080000000000002,2.210000000000001,2.210000000000001,12.94,9.0,7.322472109084477,8.270000000000001,8.287586329024265,9.360000000000001,4.595360368337165,5.1899999999999995
2021-09-17,21.26,20.47,23.1,17.89,21.28,22.16,18.14,21.57,18.98,19.0,19.0,aynigun,17.5,20.5,303000.0,True,19.0,3.120000000000001,2.2600000000000016,2.2600000000000016,12.94,16.0,7.366743403577125,8.320000000000002,8.163626704444837,9.22,4.604214627235703,5.200000000000001
2021-09-24,21.2,20.45,23.49,17.91,20.77,22.38,17.86,21.39,18.83,18.0,18.73,aynigun,16.5,19.5,305000.0,True,18.73,3.34,3.1999999999999993,2.469999999999999,12.94,23.0,7.313617850185938,8.26,8.358420400212507,9.44,4.3562953780768465,4.92
2021-10-01,20.95,20.24,23.34,17.83,20.37,22.15,17.47,21.06,18.83,18.0,18.0,aynigun,16.5,19.5,336000.0,True,18.0,3.4800000000000004,2.9499999999999993,2.9499999999999993,13.91,0.0,6.180317794750234,7.039999999999999,7.233781055219035,8.239999999999998,3.12527433939076,3.5599999999999987
2021-10-08,21.01,20.13,23.37,17.89,21.31,22.23,17.32,20.82,18.94,18.0,18.0,aynigun,16.5,19.5,341000.0,True,18.0,3.6900000000000013,3.0100000000000016,3.0100000000000016,13.91,7.0,6.232990957773676,7.100000000000001,7.304011939250277,8.32,2.9935914318321544,3.41
2021-10-15,20.17,19.24,23.35,17.9,20.98,22.2,17.38,20.82,18.87,18.0,18.0,aynigun,16.5,19.5,305000.0,True,18.0,2.7900000000000027,2.1700000000000017,2.1700000000000017,13.91,14.0,5.495566675445529,6.260000000000002,7.277675357738556,8.29,3.0462645948555744,3.469999999999999
2021-10-22,20.25,19.46,23.35,17.95,20.66,22.24,16.68,20.51,18.85,16.0,17.41,aynigun,14.5,17.5,303600.0,True,17.41,3.5700000000000003,4.25,2.84,13.91,21.0,5.565797559476793,6.34,7.312790799754176,8.329999999999998,2.431744359582133,2.7699999999999996
2021-10-29,19.38,18.67,23.28,17.53,20.33,22.25,15.73,19.69,18.4,16.0,16.0,geri_tasima,14.5,17.5,317427.0,True,16.0,3.6499999999999986,3.379999999999999,3.379999999999999,13.91,28.0,4.802036695636902,5.469999999999999,7.321569660258098,8.34,1.5977526117110008,1.8200000000000003
2021-11-05,19.5,18.53,23.5,17.23,21.76,22.12,15.52,19.42,18.4,16.0,16.0,aynigun,14.5,17.5,340000.0,True,16.0,3.9800000000000004,3.5,3.5,15.61,4.0,3.364760833837921,3.8900000000000006,5.631000778479378,6.510000000000002,-0.07784793702966253,-0.08999999999999986
2021-11-12,19.33,18.54,23.42,17.14,21.32,21.92,15.64,19.3,17.98,16.0,16.0,aynigun,14.5,17.5,329000.0,True,16.0,3.6899999999999977,3.3299999999999983,3.3299999999999983,15.61,11.0,3.217714730559651,3.719999999999999,5.458005362857898,6.310000000000002,0.025949312343231945,0.030000000000001137
2021-11-19,19.25,18.36,23.27,17.08,21.27,21.93,15.29,19.06,18.1,15.0,15.56,aynigun,13.5,16.5,379600.0,True,15.56,3.960000000000001,4.25,3.6899999999999995,15.61,18.0,3.1485165643110546,3.6400000000000006,5.466655133638976,6.32,-0.27679266499436306,-0.3200000000000003
2021-11-26,18.88,18.11,23.57,16.94,21.48,21.99,15.03,19.06,18.35,15.0,15.0,aynigun,13.5,16.5,341000.0,True,15.0,3.8499999999999996,3.879999999999999,3.879999999999999,15.61,25.0,2.828475045411305,3.2699999999999996,5.518553758325417,6.379999999999999,-0.5016867053022955,-0.5800000000000001
2021-12-03,19.47,18.97,24.52,17.03,23.64,22.45,14.99,19.53,17.99,15.0,15.03,aynigun,13.5,16.5,361400.3,True,15.03,4.479999999999999,4.469999999999999,4.4399999999999995,21.39,2.0,-1.5816788862344389,-1.9200000000000017,0.8732185517752677,1.0599999999999987,-5.2722629541148365,-6.4
2021-12-10,19.63,19.14,25.26,17.17,24.24,23.17,15.2,20.57,18.1,15.0,15.0,aynigun,13.5,16.5,354000.0,True,15.0,4.43,4.629999999999999,4.629999999999999,21.39,9.0,-1.4498723123815838,-1.7600000000000016,1.4663481341131934,1.7800000000000011,-5.099266825932947,-6.190000000000001
2021-12-17,20.91,20.64,25.18,17.27,23.64,23.5,15.32,22.34,18.42,14.0,14.79,aynigun,12.5,15.5,376325.0,True,14.79,5.59,6.91,6.120000000000001,21.39,16.0,-0.3954197215586097,-0.4800000000000004,1.7381991926847196,2.1099999999999994,-5.000411895543289,-6.07
2021-12-24,23.56,23.62,28.21,17.59,26.36,25.51,17.09,25.53,19.61,14.0,14.0,aynigun,12.5,15.5,459000.0,True,14.0,6.469999999999999,9.559999999999999,9.559999999999999,21.39,23.0,1.7876266578795708,2.169999999999998,3.394019276711435,4.120000000000001,-3.5423016722959,-4.300000000000001
2021-12-31,24.36,24.51,29.55,17.48,26.24,26.14,19.53,27.0,20.16,14.0,14.0,aynigun,12.5,15.5,496000.0,True,14.0,4.829999999999998,10.36,10.36,21.39,30.0,2.446659527143913,2.969999999999999,3.9130076612571063,4.75,-1.532251421039621,-1.8599999999999994
2022-01-07,25.77,26.26,31.69,18.58,29.57,28.1,17.88,28.54,20.72,14.0,14.0,aynigun,12.5,15.5,433000.0,True,14.0,7.890000000000001,11.77,11.77,25.37,6.0,0.3190555954375007,0.3999999999999986,2.1775544388609847,2.7300000000000004,-5.974316024567283,-7.490000000000002
2022-01-14,24.53,24.77,32.2,18.28,28.27,29.07,17.72,28.81,21.21,14.0,14.0,aynigun,12.5,15.5,373000.0,True,14.0,6.810000000000002,10.530000000000001,10.530000000000001,25.37,13.0,-0.670016750418756,-0.8399999999999999,2.951264257796904,3.6999999999999993,-6.101938262742279,-7.650000000000002
2022-01-21,23.84,23.9,31.42,18.18,28.16,28.71,17.52,27.45,21.07,14.0,14.0,aynigun,12.5,15.5,369000.0,True,14.0,6.32,9.84,9.84,25.37,20.0,-1.2203876525484603,-1.5300000000000011,2.66411422190318,3.34,-6.261466060461041,-7.850000000000001
2022-01-28,22.66,22.58,31.5,17.94,27.0,28.94,17.55,26.45,21.16,14.0,14.0,aynigun,12.5,15.5,377000.0,True,14.0,5.109999999999999,8.66,8.66,25.37,27.0,-2.1616016590891074,-2.710000000000001,2.8475711892797406,3.5700000000000003,-6.237536890803231,-7.82
2022-02-04,22.74,22.64,30.74,17.52,27.47,28.05,17.33,24.76,22.05,14.0,14.0,aynigun,12.5,15.5,379000.0,True,14.0,5.41,8.739999999999998,8.739999999999998,24.83,3.0,-1.6742770167427645,-2.09,2.57950813105825,3.2200000000000024,-6.00817111271329,-7.5
2022-02-11,21.49,21.18,30.56,18.02,27.62,27.87,16.91,23.63,22.5,14.0,14.0,aynigun,12.5,15.5,321000.0,True,14.0,4.579999999999998,7.489999999999998,7.489999999999998,24.83,10.0,-2.6756388688616406,-3.34,2.43531202435312,3.0400000000000027,-6.344628695025234,-7.919999999999998
2022-02-18,20.75,20.42,29.24,17.87,26.56,26.81,16.74,21.85,22.72,14.0,14.0,aynigun,12.5,15.5,269647.0,True,14.0,4.010000000000002,6.75,6.75,24.83,17.0,-3.2684450853160296,-4.079999999999998,1.5861571737563196,1.9800000000000004,-6.480813906913396,-8.09
2022-02-25,20.7,20.4,28.92,17.78,25.76,26.67,16.19,20.98,22.44,14.0,14.0,aynigun,12.5,15.5,347000.0,True,14.0,4.509999999999998,6.699999999999999,6.699999999999999,24.83,24.0,-3.3084995594007793,-4.129999999999999,1.4740046463189937,1.8400000000000034,-6.92141312184571,-8.639999999999997
2022-03-04,21.0,20.62,28.9,17.77,25.08,26.4,15.84,21.56,22.36,14.0,14.0,aynigun,12.5,15.5,342000.0,True,14.0,5.16,7.0,7.0,26.43,3.0,-4.294866724669777,-5.43,-0.023728545440160342,-0.030000000000001137,-8.376176540378088,-10.59
2022-03-11,20.34,19.98,28.99,17.7,25.17,26.58,15.65,21.84,22.68,14.0,14.0,aynigun,12.5,15.5,318000.0,True,14.0,4.6899999999999995,6.34,6.34,26.43,10.0,-4.816894724353393,-6.09,0.11864272720083502,0.14999999999999858,-8.52645732816577,-10.78
2022-03-18,20.69,20.39,29.2,18.27,26.27,26.66,15.41,22.47,22.38,14.0,14.0,aynigun,12.5,15.5,272000.0,True,14.0,5.280000000000001,6.690000000000001,6.690000000000001,26.43,17.0,-4.540061694218133,-5.739999999999998,0.18191884837459593,0.23000000000000043,-8.716285691687087,-11.02
2022-03-25,20.9,20.58,28.54,18.13,25.06,25.93,15.6,23.95,22.37,14.0,14.0,aynigun,12.5,15.5,305000.0,True,14.0,5.299999999999999,6.899999999999999,6.899999999999999,26.43,24.0,-4.373961876136989,-5.530000000000001,-0.3954757573360723,-0.5,-8.566004903899394,-10.83
2022-04-01,20.95,20.66,28.04,17.96,24.95,25.64,15.95,22.5,22.55,14.0,14.0,aynigun,12.5,15.5,346000.0,True,14.0,5.0,6.949999999999999,6.949999999999999,28.41,0.0,-5.809516392804303,-7.460000000000001,-2.157152869714196,-2.7699999999999996,-9.703294135970719,-12.46
2022-04-08,20.66,20.32,27.91,18.09,25.17,25.42,15.51,22.9,22.45,14.0,14.0,aynigun,12.5,15.5,303000.0,True,14.0,5.15,6.66,6.66,28.41,7.0,-6.035355501907958,-7.75,-2.3284790904135266,-2.9899999999999984,-10.045946577369369,-12.9
2022-04-15,20.35,19.98,27.21,18.25,24.88,25.14,15.67,23.55,23.1,14.0,14.0,aynigun,12.5,15.5,283000.0,True,14.0,4.6800000000000015,6.350000000000001,6.350000000000001,28.41,14.0,-6.276769721984266,-8.059999999999999,-2.546530644030831,-3.2699999999999996,-9.921345689588035,-12.74
2022-04-22,20.65,20.34,27.3,18.42,24.76,25.2,15.68,23.0,22.86,14.0,14.0,aynigun,12.5,15.5,315000.0,True,14.0,4.969999999999999,6.649999999999999,6.649999999999999,28.41,21.0,-6.043143057394296,-7.760000000000002,-2.499805311112846,-3.210000000000001,-9.913558134101708,-12.73
2022-04-29,21.92,21.81,28.2,18.47,24.35,25.68,15.65,23.71,23.02,14.0,14.0,aynigun,12.5,15.5,358000.0,True,14.0,6.270000000000001,7.920000000000002,7.920000000000002,28.41,28.0,-5.054123510630015,-6.489999999999998,-2.1260026477688765,-2.7300000000000004,-9.9369208005607,-12.76
2022-05-06,21.77,21.28,28.38,18.33,25.01,27.08,15.37,23.95,22.72,14.0,14.0,aynigun,12.5,15.5,337000.0,True,14.0,6.4,7.77,7.77,33.28,5.0,-8.635954381752697,-11.510000000000002,-4.65186074429772,-6.200000000000003,-13.43787515006003,-17.910000000000004
2022-05-13,22.98,22.96,28.09,18.55,23.61,26.13,15.46,24.92,23.03,14.0,14.0,aynigun,12.5,15.5,413000.4,True,14.0,7.52,8.98,8.98,33.28,12.0,-7.728091236494594,-10.3,-5.3646458583433425,-7.150000000000002,-13.370348139255695,-17.82
2022-05-20,23.23,23.27,28.47,18.4,23.95,26.31,15.47,26.13,23.15,14.0,14.0,aynigun,12.5,15.5,409000.8,True,14.0,7.76,9.23,9.23,33.28,19.0,-7.540516206482595,-10.05,-5.229591836734682,-6.970000000000002,-13.362845138055214,-17.810000000000002
2022-05-27,23.62,23.68,29.51,18.4,24.24,26.43,15.79,26.76,23.08,14.0,14.0,aynigun,12.5,15.5,537001.5,True,14.0,7.830000000000002,9.620000000000001,9.620000000000001,33.28,26.0,-7.247899159663862,-9.66,-5.1395558223289335,-6.850000000000001,-13.122749099639863,-17.490000000000002
2022-06-03,23.91,24.04,30.32,18.25,24.71,26.63,15.79,28.88,23.14,14.0,14.0,aynigun,12.5,15.5,570003.4,True,14.0,8.120000000000001,9.91,9.91,37.91,2.0,-10.151548111086939,-13.999999999999996,-8.17924733521862,-11.279999999999998,-16.039446015517367,-22.119999999999997
2022-06-10,24.71,24.91,30.65,17.92,25.03,27.36,16.08,30.44,23.5,14.0,14.0,aynigun,12.5,15.5,626604.0,True,14.0,8.630000000000003,10.71,10.71,37.91,9.0,-9.571459647596248,-13.199999999999996,-7.64991661228337,-10.549999999999997,-15.82916394750199,-21.83
2022-06-17,27.09,27.86,31.82,18.3,25.69,27.98,16.34,34.95,24.75,14.0,14.03,aynigun,12.5,15.5,587082.9,True,14.03,10.75,13.09,13.06,37.91,16.0,-7.845696468711482,-10.819999999999997,-7.200348053078088,-9.929999999999996,-15.640635196867525,-21.569999999999997
2022-06-24,27.35,28.01,30.66,18.24,24.72,27.11,16.83,35.66,24.99,14.0,14.0,aynigun,12.5,15.5,595000.0,True,14.0,10.520000000000003,13.350000000000001,13.350000000000001,37.91,23.0,-7.657167718076996,-10.559999999999995,-7.831194257124208,-10.799999999999997,-15.285331012979487,-21.08
2022-07-01,29.62,31.26,32.91,18.67,26.26,29.64,17.15,35.61,24.59,14.0,14.0,aynigun,12.5,15.5,522000.0,True,14.0,12.470000000000002,15.620000000000001,15.620000000000001,40.23,0.0,-7.566141339228405,-10.609999999999996,-7.55187905583683,-10.589999999999996,-16.458675033872915,-23.08
2022-07-08,27.63,28.51,34.15,18.35,28.73,31.13,17.28,36.27,25.29,14.0,14.0,aynigun,12.5,15.5,566000.0,True,14.0,10.349999999999998,13.629999999999999,13.629999999999999,40.23,7.0,-8.985238536689721,-12.599999999999998,-6.489338943164801,-9.099999999999998,-16.365970191827696,-22.949999999999996
2022-07-15,27.38,30.66,35.41,17.53,27.96,33.72,17.1,34.81,27.46,14.0,14.0,geri_tasima,12.5,15.5,516000.0,True,14.0,10.279999999999998,13.379999999999999,13.379999999999999,40.23,14.0,-9.163517079084349,-12.849999999999998,-4.642373243956355,-6.509999999999998,-16.49433074235184,-23.129999999999995
2022-07-22,29.74,31.33,34.11,18.52,27.76,31.7,17.72,34.69,25.44,14.0,14.0,aynigun,12.5,15.5,473500.0,True,14.0,12.02,15.739999999999998,15.739999999999998,40.23,21.0,-7.4805676388789655,-10.489999999999998,-6.082863866505028,-8.529999999999998,-16.05219995721314,-22.509999999999998
2022-07-29,27.8,28.51,34.32,18.45,26.93,30.96,17.64,34.38,27.38,14.0,14.0,aynigun,12.5,15.5,423000.0,True,14.0,10.16,13.8,13.8,40.23,28.0,-8.864009127861362,-12.429999999999996,-6.61056835199314,-9.269999999999996,-16.10924909077942,-22.589999999999996
2022-08-05,26.53,27.2,34.45,18.66,27.93,31.45,17.35,35.95,27.01,14.0,14.0,aynigun,12.5,15.5,356000.0,True,14.0,9.18,12.530000000000001,12.530000000000001,41.99,4.0,-10.888090710613419,-15.46,-7.423057961828294,-10.540000000000003,-17.35333474188323,-24.64
2022-08-12,27.1,27.64,34.38,18.58,28.06,31.35,17.32,33.21,28.05,14.0,14.0,aynigun,12.5,15.5,214000.0,True,14.0,9.780000000000001,13.100000000000001,13.100000000000001,41.99,11.0,-10.486653989717587,-14.89,-7.493485456722304,-10.64,-17.374462990351425,-24.67
2022-08-19,25.45,25.87,34.25,18.41,27.77,31.61,16.79,28.91,28.33,13.0,13.7,aynigun,11.5,14.5,231185.0,True,13.7,8.66,12.45,11.75,41.99,18.0,-11.648707655468693,-16.540000000000003,-7.310373969997885,-10.380000000000003,-17.747728713289668,-25.200000000000003
2022-08-26,22.15,21.98,33.92,18.79,27.26,31.24,16.31,24.02,27.97,13.0,13.0,aynigun,11.5,14.5,322000.0,True,13.0,5.84,9.149999999999999,9.149999999999999,41.99,25.0,-13.972814986970905,-19.840000000000003,-7.570955701105708,-10.750000000000004,-18.085780688780893,-25.680000000000003
2022-09-02,21.96,21.9,33.47,18.96,27.0,31.39,15.92,22.35,28.32,13.0,13.0,aynigun,11.5,14.5,335000.0,True,13.0,6.040000000000001,8.96,8.96,36.74,1.0,-10.808834284042701,-14.780000000000001,-3.91253473745794,-5.350000000000001,-15.225976305397104,-20.82
2022-09-09,21.25,21.02,32.41,19.72,27.32,30.8,16.16,22.89,27.45,13.0,13.0,aynigun,11.5,14.5,292000.0,True,13.0,5.09,8.25,8.25,36.74,8.0,-11.328067866023117,-15.490000000000002,-4.344010530934616,-5.940000000000001,-15.050460728389648,-20.580000000000002
2022-09-16,20.53,20.25,32.38,20.74,27.23,31.04,15.91,23.55,27.73,13.0,13.0,aynigun,11.5,14.5,302000.0,True,13.0,4.620000000000001,7.530000000000001,7.530000000000001,36.74,15.0,-11.854614597045476,-16.21,-4.16849495392716,-5.700000000000003,-15.233289454439081,-20.830000000000002
2022-09-23,20.5,20.24,32.08,21.45,26.52,30.87,15.79,23.33,27.0,12.0,12.7,aynigun,10.5,13.5,300425.0,True,12.7,4.710000000000001,8.5,7.800000000000001,36.74,22.0,-11.876554044171417,-16.240000000000002,-4.2928184876407816,-5.870000000000001,-15.321047242942809,-20.950000000000003
2022-09-30,19.72,19.39,31.65,20.42,25.87,30.29,15.77,22.86,27.5,12.0,12.04,aynigun,10.5,13.5,287830.0,True,12.04,3.9499999999999993,7.719999999999999,7.68,36.74,29.0,-12.446979669445657,-17.020000000000003,-4.716981132075471,-6.450000000000003,-15.335673541026761,-20.970000000000002
2022-10-07,19.38,18.98,31.77,20.82,26.88,30.61,15.75,20.88,26.71,12.0,12.0,aynigun,10.5,13.5,223000.0,True,12.0,3.629999999999999,7.379999999999999,7.379999999999999,37.34,6.0,-13.077035095383716,-17.960000000000004,-4.90024756079801,-6.730000000000004,-15.720110674239118,-21.590000000000003
2022-10-14,18.75,18.3,31.73,20.97,26.54,30.4,15.84,21.02,26.84,12.0,12.0,aynigun,10.5,13.5,235000.0,True,12.0,2.91,6.75,6.75,37.34,13.0,-13.535750691713988,-18.590000000000003,-5.053152759574775,-6.940000000000005,-15.654579874763364,-21.500000000000004
2022-10-21,18.46,18.0,31.35,20.74,26.15,30.15,15.4,20.72,27.07,10.5,11.55,aynigun,9.0,12.0,267135.0,True,11.55,3.0600000000000005,7.960000000000001,6.91,37.34,20.0,-13.74690549002474,-18.880000000000003,-5.2351827581185395,-7.190000000000005,-15.974952672200383,-21.940000000000005
2022-10-28,18.28,17.96,30.88,21.4,25.76,29.84,15.66,20.07,27.15,10.5,10.5,aynigun,9.0,12.0,221000.0,True,10.5,2.620000000000001,7.780000000000001,7.780000000000001,37.34,27.0,-13.87796708897625,-19.060000000000002,-5.460899956312792,-7.5000000000000036,-15.785641473714861,-21.680000000000003
2022-11-04,16.78,16.17,30.38,21.56,25.6,29.41,15.89,18.43,26.86,10.5,10.5,aynigun,9.0,12.0,201000.0,True,10.5,0.8900000000000006,6.280000000000001,6.280000000000001,37.47,3.0,-15.050556485051292,-20.689999999999998,-5.863097403069761,-8.059999999999999,-15.69797046628355,-21.58
2022-11-11,16.31,15.73,30.86,21.73,25.31,29.91,16.28,18.15,26.81,10.5,10.5,aynigun,9.0,12.0,133000.0,True,10.5,0.029999999999997584,5.809999999999999,5.809999999999999,37.47,10.0,-15.392449261657093,-21.16,-5.499381683276361,-7.559999999999999,-15.414272204844693,-21.189999999999998
2022-11-18,16.42,15.91,30.72,21.56,25.11,29.69,15.91,18.2,27.03,10.5,10.53,aynigun,9.0,12.0,159689.0,True,10.53,0.5100000000000016,5.920000000000002,5.890000000000002,37.47,17.0,-15.312431803302529,-21.049999999999997,-5.659416599985456,-7.779999999999998,-15.683421837491817,-21.56
2022-11-25,16.87,16.51,30.75,21.45,25.44,29.65,16.18,17.56,26.85,9.0,10.23,aynigun,7.5,10.5,280981.0,True,10.23,0.6900000000000013,7.870000000000001,6.640000000000001,37.47,24.0,-14.98508765548847,-20.599999999999998,-5.688513857568922,-7.82,-15.487015348803379,-21.29
2022-12-02,15.88,15.49,30.75,20.65,24.87,29.33,16.28,16.68,27.11,9.0,9.0,aynigun,7.5,10.5,280000.0,True,9.0,-0.40000000000000036,6.880000000000001,6.880000000000001,34.92,1.0,-14.112066409724278,-19.04,-4.143195967981028,-5.590000000000003,-13.815594426326705,-18.64
2022-12-09,14.59,14.05,30.95,20.58,24.87,29.59,16.86,14.9,26.6,9.0,9.0,aynigun,7.5,10.5,260000.0,True,9.0,-2.2699999999999996,5.59,5.59,34.92,8.0,-15.06818855618144,-20.330000000000002,-3.950489178772598,-5.330000000000002,-13.385710050400224,-18.060000000000002
2022-12-16,14.23,13.54,30.56,20.7,24.98,29.3,16.86,15.05,26.75,9.0,9.0,aynigun,7.5,10.5,187000.0,True,9.0,-2.629999999999999,5.23,5.23,34.92,15.0,-15.335013341239245,-20.69,-4.1654313667358505,-5.620000000000001,-13.385710050400224,-18.060000000000002
2022-12-23,14.21,13.66,30.16,20.92,25.0,28.87,17.37,15.14,26.5,9.0,9.0,aynigun,7.5,10.5,179000.0,True,9.0,-3.16,5.210000000000001,5.210000000000001,34.92,22.0,-15.349836940409123,-20.71,-4.484138748888233,-6.050000000000001,-13.00770827156834,-17.55
2022-12-30,14.02,13.47,29.38,19.97,24.88,27.94,18.56,15.1,26.42,9.0,9.04,aynigun,7.5,10.5,183643.0,True,9.04,-4.539999999999999,5.02,4.98,34.92,29.0,-15.490661132522964,-20.900000000000002,-5.173436110287566,-6.98,-12.125704120960567,-16.360000000000003
2023-01-06,14.47,13.77,30.04,21.32,25.04,29.01,17.67,15.51,25.92,9.0,9.0,aynigun,7.5,10.5,240000.0,True,9.0,-3.200000000000001,5.470000000000001,5.470000000000001,30.44,5.0,-12.243176939589084,-15.97,-1.0962894817540647,-1.4299999999999997,-9.789941735663898,-12.77
2023-01-13,14.11,13.46,30.14,21.64,25.45,29.26,17.81,15.35,25.37,9.0,9.04,aynigun,7.5,10.5,130660.0,True,9.04,-3.6999999999999993,5.109999999999999,5.07,30.44,12.0,-12.519165900030671,-16.330000000000002,-0.9046304814474104,-1.1799999999999997,-9.682612695492187,-12.630000000000003
2023-01-20,13.79,12.98,29.79,22.53,25.59,29.04,17.97,15.52,25.14,9.0,9.0,aynigun,7.5,10.5,153000.0,True,9.0,-4.18,4.789999999999999,4.789999999999999,30.44,19.0,-12.764489420423185,-16.650000000000002,-1.073290401717264,-1.4000000000000021,-9.559950935295925,-12.470000000000002
2023-01-27,15.15,14.51,29.94,21.11,25.46,28.9,18.33,15.24,25.19,9.0,9.0,aynigun,7.5,10.5,189000.0,True,9.0,-3.179999999999998,6.15,6.15,30.44,26.0,-11.721864458754983,-15.290000000000001,-1.180619441888997,-1.5400000000000027,-9.283961974854337,-12.110000000000003
2023-02-03,13.71,12.81,30.05,21.07,25.44,28.8,18.96,14.94,24.89,9.0,9.0,aynigun,7.5,10.5,225000.0,True,9.0,-5.25,4.710000000000001,4.710000000000001,30.75,2.0,-13.032504780114728,-17.04,-1.4913957934990507,-1.9499999999999993,-9.01720841300192,-11.79
2023-02-10,14.66,14.22,30.62,21.27,25.29,28.99,19.03,15.27,23.95,9.0,9.0,aynigun,7.5,10.5,184000.0,True,9.0,-4.370000000000001,5.66,5.66,30.75,9.0,-12.305927342256219,-16.09,-1.346080305927344,-1.7600000000000016,-8.963671128107077,-11.719999999999999
2023-02-17,14.9,14.51,30.6,20.92,25.44,28.92,18.95,15.02,24.57,9.0,9.0,aynigun,7.5,10.5,116000.0,True,9.0,-4.049999999999999,5.9,5.9,30.75,16.0,-12.122370936902493,-15.85,-1.3996175908221775,-1.8299999999999983,-9.024856596558328,-11.8
2023-02-24,13.55,12.9,29.19,20.79,25.19,28.05,19.41,14.71,24.51,8.5,8.83,aynigun,7.0,10.0,205000.0,True,8.83,-5.859999999999999,5.050000000000001,4.720000000000001,30.75,23.0,-13.154875717017223,-17.2,-2.0650095602294583,-2.6999999999999993,-8.673040152963685,-11.34
2023-03-03,14.96,14.43,25.48,19.34,25.16,24.84,19.32,14.78,24.17,8.5,8.5,aynigun,7.0,10.0,167000.0,True,8.5,-4.359999999999999,6.460000000000001,6.460000000000001,31.63,2.0,-12.66428625693231,-16.669999999999998,-5.15839854136596,-6.789999999999999,-9.351971435083184,-12.309999999999999
2023-03-10,16.79,16.85,27.09,17.17,25.22,25.52,19.49,14.12,21.38,8.5,8.5,aynigun,7.0,10.0,208000.0,True,8.5,-2.6999999999999993,8.29,8.29,31.63,9.0,-11.274025678036924,-14.84,-4.641798981994993,-6.109999999999999,-9.222821545240445,-12.14
2023-03-17,14.68,14.28,30.35,16.5,25.17,27.07,19.51,15.04,20.07,8.5,8.5,aynigun,7.0,10.0,166000.0,True,8.5,-4.830000000000002,6.18,6.18,31.63,16.0,-12.877003722555646,-16.95,-3.464255868722943,-4.559999999999999,-9.207627440553068,-12.119999999999997
2023-03-24,14.87,14.57,31.49,17.23,24.64,27.56,19.97,15.12,19.23,8.5,8.5,aynigun,7.0,10.0,184000.0,True,8.5,-5.1,6.369999999999999,6.369999999999999,31.63,23.0,-12.732659728025519,-16.759999999999998,-3.092000303882092,-4.07,-8.858163032743294,-11.66
2023-03-31,14.8,14.51,32.26,17.79,24.56,28.37,20.44,15.15,19.18,8.5,8.56,aynigun,7.0,10.0,245188.0,True,8.56,-5.640000000000001,6.300000000000001,6.24,31.63,30.0,-12.785839094431351,-16.83,-2.4766390640431513,-3.259999999999998,-8.501101572589832,-11.189999999999998
2023-04-07,15.91,15.8,32.59,18.36,24.76,28.82,20.51,14.67,20.23,8.5,8.5,aynigun,7.0,10.0,258000.0,True,8.5,-4.600000000000001,7.41,7.41,31.02,6.0,-11.532590444206992,-15.11,-1.6791329568004887,-2.1999999999999993,-8.021676079987783,-10.509999999999998
2023-04-14,14.13,13.66,32.33,18.2,24.8,28.49,20.76,14.38,20.38,8.5,8.54,aynigun,7.0,10.0,295754.0,True,8.54,-6.630000000000001,5.630000000000001,5.590000000000002,31.02,13.0,-12.891161654709204,-16.89,-1.9310029003205664,-2.530000000000001,-7.8308655167150025,-10.259999999999998
2023-04-21,14.29,13.74,33.9,19.05,25.68,30.3,20.74,14.27,20.25,8.5,8.71,geri_tasima,7.0,10.0,392886.0,True,8.71,-6.449999999999999,5.789999999999999,5.579999999999998,31.02,20.0,-12.769042894214621,-16.73,-0.5495344222256171,-0.7199999999999989,-7.846130361776826,-10.280000000000001
2023-04-28,14.59,14.2,33.34,18.74,25.12,29.3,21.92,14.6,21.15,8.5,8.7,aynigun,7.0,10.0,410255.0,True,8.7,-7.330000000000002,6.09,5.890000000000001,31.02,27.0,-12.54007021828729,-16.43,-1.3127766753167514,-1.7199999999999989,-6.945504503129296,-9.099999999999998
2023-05-05,16.09,15.99,34.3,18.7,25.57,30.39,21.12,14.49,21.83,8.5,8.5,aynigun,7.0,10.0,347482.0,True,8.5,-5.030000000000001,7.59,7.59,29.84,4.0,-10.589956869993832,-13.75,0.42359827479976353,0.5500000000000007,-6.715958102279728,-8.719999999999999
2023-05-12,15.87,15.76,34.19,18.22,25.56,29.25,22.5,14.41,22.04,8.5,9.05,aynigun,7.0,10.0,538180.0,True,9.05,-6.630000000000001,7.369999999999999,6.8199999999999985,29.84,11.0,-10.759396179913738,-13.97,-0.4544054220579241,-0.5899999999999999,-5.6531115218730665,-7.34
2023-05-19,14.5,13.52,39.28,17.99,31.45,34.03,23.57,16.04,24.31,8.5,8.99,geri_tasima,7.0,10.0,493235.0,True,8.99,-9.07,6.0,5.51,29.84,18.0,-11.81454097350585,-15.34,3.2270486752926653,4.190000000000001,-4.829020332717193,-6.27
2023-05-26,15.0,14.52,39.96,19.34,28.63,34.42,25.92,13.93,27.13,8.5,9.09,aynigun,7.0,10.0,622056.0,True,9.09,-10.920000000000002,6.5,5.91,29.84,25.0,-11.42945163277881,-14.84,3.5274183610597643,4.580000000000002,-3.019100431300059,-3.919999999999998
2023-06-02,14.95,14.23,40.14,18.05,30.88,35.67,26.93,14.24,30.65,8.5,9.09,aynigun,7.0,10.0,694546.0,True,9.09,-11.98,6.449999999999999,5.859999999999999,30.65,1.0,-12.016838882510527,-15.7,3.8423268274014655,5.020000000000003,-2.8473019517795684,-3.719999999999999
2023-06-09,14.91,14.53,40.02,18.14,32.57,36.68,29.37,15.1,30.91,8.5,9.0,aynigun,7.0,10.0,599541.0,True,9.0,-14.46,6.41,5.91,30.65,8.0,-12.047455032529664,-15.739999999999998,4.615384615384621,6.030000000000001,-0.979716800612318,-1.2799999999999976
2023-06-16,15.0,14.39,41.68,21.85,34.03,38.64,30.32,14.96,30.98,8.5,8.7,aynigun,7.0,10.0,390997.0,True,8.7,-15.32,6.5,6.300000000000001,30.65,15.0,-11.978568694986613,-15.649999999999999,6.11557596632224,7.990000000000002,-0.2525832376578663,-0.3299999999999983
2023-06-23,15.35,15.1,41.52,23.98,34.02,38.78,32.9,14.78,32.21,15.0,10.73,aynigun,13.5,16.5,289412.0,True,10.73,-17.549999999999997,0.34999999999999964,4.619999999999999,30.65,22.0,-11.71067738231918,-15.299999999999999,6.222732491389205,8.130000000000003,1.7221584385763489,2.25
2023-06-30,17.64,18.39,43.96,24.45,36.22,43.03,30.11,15.66,32.87,15.0,12.84,geri_tasima,13.5,16.5,269619.0,True,12.84,-12.469999999999999,2.6400000000000006,4.800000000000001,30.65,29.0,-9.957902793723683,-13.009999999999998,9.475698430922307,12.380000000000003,-0.4133180252583246,-0.5399999999999991
2023-07-07,24.45,25.23,47.95,28.3,41.22,46.11,30.84,25.84,33.01,15.0,15.0,aynigun,13.5,16.5,184000.0,True,15.0,-6.390000000000001,9.45,9.45,33.21,6.0,-6.576082876660916,-8.760000000000002,9.683957660836274,12.899999999999999,-1.7791457097815488,-2.370000000000001
2023-07-14,24.53,24.96,48.13,32.58,41.34,46.51,27.83,25.18,33.55,15.0,15.0,aynigun,13.5,16.5,19000.0,True,15.0,-3.299999999999997,9.530000000000001,9.530000000000001,33.21,13.0,-6.516027325275875,-8.68,9.984235417761433,13.299999999999997,-4.038735830643347,-5.380000000000003
2023-07-21,24.58,24.88,47.89,34.09,40.28,46.1,26.04,24.19,36.08,17.5,15.5,aynigun,16.0,19.0,5000.0,True,15.5,-1.4600000000000009,7.079999999999998,9.079999999999998,33.21,20.0,-6.478492605660236,-8.630000000000003,9.676450716913143,12.89,-5.382478792883427,-7.170000000000002
2023-07-28,24.1,24.28,46.45,33.99,39.13,44.58,25.22,26.67,36.54,17.5,17.5,aynigun,16.0,19.0,5000.0,True,17.5,-1.1199999999999974,6.600000000000001,6.600000000000001,33.21,27.0,-6.838825913970414,-9.11,8.535395240597543,11.369999999999997,-5.998048194579997,-7.990000000000002
2023-08-04,30.72,30.8,47.72,35.1,36.64,45.54,24.24,34.56,35.58,17.5,17.5,aynigun,16.0,19.0,204000.0,True,17.5,6.48,13.219999999999999,13.219999999999999,42.01,3.0,-7.950144356031263,-11.29,2.4857404408140438,3.530000000000001,-12.513203295542564,-17.77
2023-08-11,31.74,31.69,48.01,36.45,39.23,46.45,24.81,33.76,35.7,17.5,17.5,aynigun,16.0,19.0,37000.0,True,17.5,6.93,14.239999999999998,14.239999999999998,42.01,10.0,-7.231885078515599,-10.27,3.126540384479992,4.440000000000005,-12.111823111048514,-17.2
2023-08-18,31.15,31.28,47.12,36.4,38.13,45.78,24.85,33.51,36.84,17.5,17.5,aynigun,16.0,19.0,53000.0,True,17.5,6.299999999999997,13.649999999999999,13.649999999999999,42.01,17.0,-7.6473487782550364,-10.86,2.654742623758888,3.770000000000003,-12.083656080557702,-17.159999999999997
2023-08-25,32.32,32.54,46.6,36.93,37.7,45.29,26.01,33.81,36.25,25.0,17.58,aynigun,23.5,26.5,89000.0,True,17.58,6.309999999999999,7.32,14.740000000000002,42.01,24.0,-6.8234631363988445,-9.689999999999998,2.309696500246483,3.280000000000001,-11.266812196324194,-15.999999999999996
2023-09-01,37.94,37.37,52.97,35.69,36.66,50.86,30.27,42.49,37.27,25.0,24.92,aynigun,23.5,26.5,89000.0,True,24.92,7.669999999999998,12.939999999999998,13.019999999999996,44.94,0.0,-4.82958465571961,-7.0,4.084448737408586,5.920000000000002,-10.121429557058093,-14.669999999999998
2023-09-08,40.87,40.59,59.71,38.85,46.46,58.25,31.59,49.49,39.91,25.0,25.11,aynigun,23.5,26.5,82200.0,True,25.11,9.279999999999998,15.869999999999997,15.759999999999998,44.94,7.0,-2.8080585069684028,-4.07,9.18311025251828,13.310000000000002,-9.210707879122392,-13.349999999999998
2023-09-15,42.92,43.2,58.8,41.69,47.58,57.62,33.51,50.12,41.23,25.0,25.87,aynigun,23.5,26.5,295161.0,True,25.87,9.410000000000004,17.92,17.05,44.94,14.0,-1.3936801435076585,-2.019999999999996,8.748447633503531,12.68,-7.88602180212502,-11.43
2023-09-22,42.19,42.17,58.93,42.79,43.08,57.56,34.57,49.29,38.25,30.0,25.21,aynigun,28.5,31.5,24000.0,True,25.21,7.619999999999997,12.189999999999998,16.979999999999997,44.94,21.0,-1.8973368290327142,-2.75,8.707051193597358,12.620000000000005,-7.154684697116053,-10.369999999999997
2023-09-29,45.27,46.04,59.37,42.21,40.87,57.46,37.15,50.37,40.68,30.0,31.0,aynigun,28.5,31.5,193396.0,True,31.0,8.120000000000005,15.270000000000003,14.270000000000003,44.94,28.0,0.22768041948393325,0.3300000000000054,8.638057127087073,12.520000000000003,-5.374637781150826,-7.789999999999999
2023-10-06,49.37,49.37,61.21,41.66,47.01,60.01,37.15,57.68,44.75,30.0,30.0,aynigun,28.5,31.5,38000.0,True,30.0,12.219999999999999,19.369999999999997,19.369999999999997,45.28,5.0,2.8152533039647487,4.089999999999996,10.139041850220254,14.729999999999997,-5.59609030837005,-8.130000000000003
2023-10-13,49.7,49.28,60.45,41.52,46.71,59.22,37.9,55.45,48.31,30.0,30.0,aynigun,28.5,31.5,5000.0,True,30.0,11.800000000000004,19.700000000000003,19.700000000000003,45.28,12.0,3.0424008810572722,4.420000000000002,9.595264317180607,13.939999999999998,-5.079845814977979,-7.380000000000003
2023-10-20,48.02,48.15,61.33,41.46,47.2,59.91,37.45,52.46,47.48,30.0,30.0,aynigun,28.5,31.5,5000.0,True,30.0,10.57,18.020000000000003,18.020000000000003,45.28,19.0,1.886013215859017,2.740000000000002,10.070209251101314,14.629999999999995,-5.38959251101322,-7.829999999999998
2023-10-27,48.72,48.93,59.9,41.47,45.16,58.43,37.53,54.65,48.13,35.0,31.0,aynigun,33.5,36.5,5000.0,True,31.0,11.189999999999998,13.719999999999999,17.72,45.28,26.0,2.367841409691618,3.4399999999999977,9.05148678414096,13.149999999999999,-5.334526431718068,-7.75
2023-11-03,51.19,50.8,60.21,41.67,45.33,58.7,40.09,52.51,46.68,35.0,35.0,aynigun,33.5,36.5,5000.0,True,35.0,11.099999999999994,16.189999999999998,16.189999999999998,43.94,2.0,5.036820897596228,7.25,10.254272613588999,14.760000000000005,-2.6747255801028214,-3.8499999999999943
2023-11-10,52.03,50.89,60.19,41.71,46.26,59.05,40.58,52.96,49.47,35.0,35.48,aynigun,33.5,36.5,79700.0,True,35.48,11.450000000000003,17.03,16.550000000000004,43.94,9.0,5.620397387800469,8.090000000000003,10.497429484507425,15.11,-2.334305960817007,-3.3599999999999994
2023-11-17,50.87,50.33,59.53,42.37,43.83,58.26,40.78,51.7,50.45,35.0,35.58,aynigun,33.5,36.5,55263.0,True,35.58,10.089999999999996,15.869999999999997,15.29,43.94,16.0,4.814506044185074,6.93,9.948589690148669,14.32,-2.1953591774350523,-3.1599999999999966
2023-11-24,52.21,51.59,60.15,42.85,40.26,58.61,41.76,53.32,49.97,40.0,36.0,aynigun,38.5,41.5,5000.0,True,36.0,10.450000000000003,12.21,16.21,43.94,23.0,5.745449492844235,8.270000000000003,10.191746561067117,14.670000000000002,-1.5145199388634234,-2.1799999999999997
2023-12-01,52.84,52.06,61.3,42.56,38.13,58.98,44.02,53.0,50.52,40.0,40.79,aynigun,38.5,41.5,10600.0,True,40.79,8.82,12.840000000000003,12.050000000000004,41.23,0.0,8.220633009983725,11.610000000000007,12.568151242653824,17.75,1.9755009558875658,2.7900000000000063
2023-12-08,53.11,52.23,61.5,42.58,36.76,59.92,44.94,55.83,50.39,40.0,40.0,aynigun,38.5,41.5,19000.0,True,40.0,8.170000000000002,13.11,13.11,41.23,7.0,8.41181052184381,11.880000000000003,13.233732209870453,18.690000000000005,2.626920625929352,3.710000000000001
2023-12-15,52.45,51.8,61.67,41.96,32.76,59.53,45.8,55.97,50.34,40.0,40.0,aynigun,38.5,41.5,5000.0,True,40.0,6.650000000000006,12.450000000000003,12.450000000000003,41.23,14.0,7.944487715074722,11.220000000000006,12.957586914961405,18.300000000000004,3.2358564044466576,4.57
2023-12-22,52.45,51.63,62.25,41.84,35.94,59.69,46.37,55.28,50.98,42.5,40.5,aynigun,41.0,44.0,5000.0,True,40.5,6.080000000000005,9.950000000000003,11.950000000000003,41.23,21.0,7.944487715074722,11.220000000000006,13.070877292359985,18.46,3.639453373929058,5.140000000000001
2023-12-29,54.23,53.71,61.75,41.5,33.31,58.16,47.06,56.49,49.69,42.5,42.5,aynigun,41.0,44.0,5000.0,True,42.5,7.169999999999995,11.729999999999997,11.729999999999997,41.23,28.0,9.204843163633791,13.0,11.987538058486159,16.93,4.128018126460398,5.830000000000005
2024-01-05,53.57,52.38,63.42,42.1,36.11,62.08,46.48,57.38,51.68,42.5,,aynigun,41.0,44.0,4000.0,False,42.5,7.090000000000003,11.07,,39.09,4.0,10.410525558990557,14.479999999999997,16.528866201739877,22.989999999999995,5.313106621611885,7.3899999999999935
2024-01-12,53.88,53.01,63.17,41.62,50.27,62.09,46.18,57.09,50.98,42.5,42.5,aynigun,41.0,44.0,5000.0,True,42.5,7.700000000000003,11.380000000000003,11.380000000000003,39.09,11.0,10.63340283269827,14.79,16.53605579121431,23.0,5.097418937378673,7.089999999999996
2024-01-19,53.32,53.02,61.9,41.38,47.1,60.75,45.9,56.47,50.21,42.5,43.03,aynigun,41.0,44.0,7700.0,True,43.03,7.420000000000002,10.82,10.29,39.09,18.0,10.230785822129551,14.229999999999997,15.57265080163921,21.659999999999997,4.896110432094325,6.809999999999995
2024-01-26,54.21,53.55,60.73,41.21,44.08,59.41,46.36,56.0,49.09,45.0,43.0,aynigun,43.5,46.5,5000.0,True,43.0,7.850000000000001,9.21,11.21,39.09,25.0,10.870659285354801,15.119999999999997,14.609245812064131,20.319999999999993,5.226831547918609,7.269999999999996
2024-02-02,53.93,53.15,61.18,41.03,40.04,59.63,46.63,56.47,48.84,45.0,,aynigun,43.5,46.5,2500.0,False,45.0,7.299999999999997,8.93,,37.78,1.0,11.72158513572359,16.15,15.858615183626057,21.85,6.423283495427468,8.850000000000001
2024-02-09,54.39,53.37,61.36,40.89,47.93,60.01,46.48,57.99,49.9,45.0,45.0,aynigun,43.5,46.5,5000.0,True,45.0,7.910000000000004,9.39,9.39,37.78,8.0,12.055450718536797,16.61,16.13441718681954,22.229999999999997,6.314414283640568,8.699999999999996
2024-02-16,53.46,52.95,60.56,40.95,44.46,59.31,47.01,57.95,49.84,45.0,45.0,aynigun,43.5,46.5,5000.0,True,45.0,6.450000000000003,8.46,8.46,37.78,15.0,11.38046160545796,15.68,15.626360865147348,21.53,6.699085498620971,9.229999999999997
2024-02-23,54.14,53.6,60.71,40.99,40.48,59.02,46.82,56.7,48.54,45.0,46.36,aynigun,43.5,46.5,53757.0,True,46.36,7.32,9.14,7.780000000000001,37.78,22.0,11.874002032225262,16.36,15.415880389025972,21.240000000000002,6.561184497024231,9.04
2024-03-01,54.35,53.78,60.44,40.88,42.24,58.53,47.82,57.72,49.19,45.0,46.16,aynigun,43.5,46.5,61415.0,True,46.16,6.530000000000001,9.350000000000001,8.190000000000005,36.7,0.0,12.911485003657642,17.65,15.969275786393577,21.83,8.134601316752011,11.119999999999997
2024-03-08,56.27,55.99,63.36,41.32,47.76,61.66,48.2,58.91,49.56,45.0,46.28,aynigun,43.5,46.5,267529.0,True,46.28,8.07,11.270000000000003,9.990000000000002,36.7,7.0,14.316020482809066,19.57,18.258961228968552,24.959999999999994,8.412582297000725,11.5
2024-03-15,58.49,59.63,76.0,42.65,43.67,71.97,49.63,62.75,48.81,45.0,46.06,aynigun,43.5,46.5,85100.0,True,46.06,8.86,13.490000000000002,12.43,36.7,14.0,15.940014630577902,21.79,25.801024140453556,35.269999999999996,9.458668617410382,12.93
2024-03-22,62.77,63.38,82.09,43.13,46.62,76.92,52.01,65.75,52.34,50.0,48.57,aynigun,47.0,53.0,56000.0,True,48.57,10.760000000000005,12.770000000000003,14.200000000000003,36.7,21.0,19.070958302852947,26.07,29.422092172640824,40.22,11.199707388441848,15.309999999999995
2024-03-29,66.35,67.68,86.15,43.53,41.67,78.76,57.3,72.22,53.25,50.0,51.22,aynigun,47.0,53.0,306200.0,True,51.22,9.049999999999997,16.349999999999994,15.129999999999995,36.7,28.0,21.68983174835406,29.64999999999999,30.768105340160943,42.06,15.069495245062182,20.599999999999994
2024-04-05,67.55,69.2,83.08,45.14,46.05,79.11,59.54,75.85,58.0,50.0,51.95,aynigun,47.0,53.0,154768.0,True,51.95,8.009999999999998,17.549999999999997,15.599999999999994,35.17,4.0,23.955019604941906,32.379999999999995,32.507213139010126,43.94,18.029148479692235,24.369999999999997
2024-04-12,66.1,66.53,83.06,44.1,59.66,82.1,57.98,68.11,71.62,50.0,50.0,geri_tasima,47.0,53.0,5000.0,True,50.0,8.119999999999997,16.099999999999994,16.099999999999994,35.17,11.0,22.88229636753716,30.929999999999993,34.71924243545163,46.92999999999999,16.875046238070567,22.809999999999995
2024-04-19,66.24,68.29,81.54,44.94,37.16,78.38,60.34,77.45,67.93,50.0,52.27,aynigun,47.0,53.0,173237.0,True,52.27,5.8999999999999915,16.239999999999995,13.969999999999992,35.17,18.0,22.985869645631407,31.069999999999993,31.96715247466151,43.209999999999994,18.620995783087956,25.17
2024-04-26,67.2,67.24,81.31,44.7,36.33,77.0,60.31,75.01,65.62,50.0,52.46,aynigun,47.0,53.0,122030.0,True,52.46,6.890000000000001,17.200000000000003,14.740000000000002,35.17,25.0,23.696086409706286,32.03,30.946215876303906,41.83,18.598801509210606,25.14
2024-05-03,65.92,66.34,79.9,44.02,41.09,75.95,61.05,75.33,64.41,50.0,52.45,aynigun,47.0,53.0,98780.0,True,52.45,4.8700000000000045,15.920000000000002,13.469999999999999,33.21,2.0,24.555213572554614,32.71,32.0846783274529,42.74,20.899331881990847,27.839999999999996
2024-05-10,65.6,65.4,79.21,44.66,46.38,75.93,60.53,72.78,63.51,50.0,52.74,aynigun,47.0,53.0,57674.0,True,52.74,5.069999999999993,15.599999999999994,12.859999999999992,33.21,9.0,24.31499136701447,32.38999999999999,32.06966443960664,42.720000000000006,20.508970797988148,27.32
2024-05-17,64.37,63.76,78.04,44.88,47.19,74.34,58.68,68.69,60.14,50.0,50.0,aynigun,47.0,53.0,5000.0,True,50.0,5.690000000000005,14.370000000000005,14.370000000000005,33.21,16.0,23.391637264469622,31.160000000000004,30.87606035582915,41.13,19.120186172209298,25.47
2024-05-24,63.82,62.69,76.94,44.93,37.69,73.18,58.06,65.77,58.57,50.0,51.51,aynigun,47.0,53.0,149319.0,True,51.51,5.759999999999998,13.82,12.310000000000002,33.21,23.0,22.978755348697533,30.61,30.005254860746213,39.970000000000006,18.654755648975296,24.85
2024-05-31,64.25,62.57,75.93,44.98,42.54,71.39,57.54,68.43,55.79,50.0,50.0,aynigun,47.0,53.0,201000.0,True,50.0,6.710000000000001,14.25,14.25,33.21,30.0,23.301553937392082,31.04,28.66151189850612,38.18,18.264394564972598,24.33
2024-06-07,63.97,62.71,75.02,44.84,29.5,72.46,57.57,64.1,56.62,50.0,50.0,aynigun,47.0,53.0,260000.0,True,50.0,6.399999999999999,13.969999999999999,13.969999999999999,31.79,6.0,24.417634114879718,32.18,30.859701039532574,40.669999999999995,19.56142347674328,25.78
2024-06-14,61.64,60.47,73.56,44.35,32.69,70.83,57.1,63.86,55.01,50.0,50.0,aynigun,47.0,53.0,87000.0,True,50.0,4.539999999999999,11.64,11.64,31.79,13.0,22.64966992943318,29.85,29.622884892632207,39.04,19.204795508005155,25.310000000000002
2024-06-21,65.94,63.24,76.5,44.58,58.46,75.8,56.15,62.72,59.01,50.0,50.0,aynigun,47.0,53.0,82000.0,True,50.0,9.79,15.939999999999998,15.939999999999998,31.79,20.0,25.912436451931086,34.15,33.39403596631003,44.01,18.483951741406777,24.36
2024-06-28,62.38,61.14,74.56,44.16,40.32,71.35,56.36,63.14,56.24,50.0,51.37,aynigun,47.0,53.0,298858.0,True,51.37,6.020000000000003,12.380000000000003,11.010000000000005,31.79,27.0,23.211169284467715,30.590000000000003,30.017452006980783,39.559999999999995,18.643296152970645,24.57
2024-07-05,63.14,60.57,76.92,44.26,55.5,74.82,56.55,63.15,55.3,50.0,50.0,aynigun,47.0,53.0,260000.0,True,50.0,6.590000000000003,13.14,13.14,30.02,4.0,25.473004153207192,33.120000000000005,34.45623750192277,44.8,20.40455314566991,26.529999999999998
2024-07-12,62.65,60.79,77.9,44.24,55.22,75.26,56.16,61.77,54.37,50.0,50.0,aynigun,47.0,53.0,18000.0,True,50.0,6.490000000000002,12.649999999999999,12.649999999999999,30.02,11.0,25.09613905552992,32.629999999999995,34.7946469773881,45.24000000000001,20.104599292416548,26.139999999999997
2024-07-19,61.88,60.56,75.74,44.17,55.18,73.69,55.77,59.72,53.6,50.0,50.0,aynigun,47.0,53.0,9000.0,True,50.0,6.109999999999999,11.880000000000003,11.880000000000003,30.02,18.0,24.50392247346562,31.860000000000003,33.58714043993232,43.67,19.804645439163203,25.750000000000004
2024-07-26,61.84,59.29,74.33,43.72,51.67,71.63,55.75,60.46,53.13,50.0,50.0,aynigun,47.0,53.0,5000.0,True,50.0,6.090000000000003,11.840000000000003,11.840000000000003,30.02,25.0,24.473157975696047,31.820000000000004,32.00276880479927,41.61,19.789263190278426,25.73
2024-08-02,62.32,60.35,73.93,43.64,55.28,71.47,55.79,61.37,52.41,50.0,50.0,aynigun,47.0,53.0,5000.0,True,50.0,6.530000000000001,12.32,12.32,28.71,1.0,26.112967135420707,33.61,33.221971874757195,42.76,21.039546266801334,27.08
2024-08-09,61.05,58.7,74.59,43.48,55.95,72.32,55.2,60.38,53.56,50.0,50.0,aynigun,47.0,53.0,72000.0,True,50.0,5.849999999999994,11.049999999999997,11.049999999999997,28.71,8.0,25.126252816408968,32.339999999999996,33.882371222127226,43.60999999999999,20.58115142568564,26.490000000000002
2024-08-16,60.5,57.93,73.68,43.56,52.32,71.2,55.33,60.62,53.18,50.0,50.0,aynigun,47.0,53.0,5000.0,True,50.0,5.170000000000002,10.5,10.5,28.71,15.0,24.698935591640115,31.79,33.012197964416124,42.49,20.68215367881283,26.619999999999997
2024-08-23,59.31,56.99,73.22,43.49,50.95,70.36,55.47,59.91,50.53,50.0,50.0,aynigun,47.0,53.0,5000.0,True,50.0,3.8400000000000034,9.310000000000002,9.310000000000002,28.71,22.0,23.77437650532204,30.6,32.35956802113276,41.65,20.79092533602671,26.759999999999998
2024-08-30,59.73,56.45,72.24,43.48,49.82,69.5,55.29,60.6,52.04,50.0,52.79,geri_tasima,47.0,53.0,72481.0,True,52.79,4.439999999999998,9.729999999999997,6.939999999999998,28.71,29.0,24.100691476963696,31.019999999999996,31.69139926967599,40.79,20.65107606246599,26.58
2024-09-06,60.93,57.77,71.65,43.25,49.3,68.82,55.95,60.36,52.53,50.0,52.51,aynigun,47.0,53.0,304696.0,True,52.51,4.979999999999997,10.93,8.420000000000002,27.49,5.0,26.22950819672132,33.44,32.41822888069652,41.33,22.32331947603734,28.460000000000004
2024-09-13,59.47,55.94,73.65,43.22,48.65,69.81,56.15,60.16,52.0,50.0,50.0,aynigun,47.0,53.0,18000.0,True,50.0,3.3200000000000003,9.469999999999999,9.469999999999999,27.49,12.0,25.08432033885011,31.98,33.19476037336264,42.32000000000001,22.480194525060803,28.66
2024-09-20,57.81,55.07,71.47,43.2,46.7,68.32,56.26,58.76,51.23,50.0,50.0,aynigun,47.0,53.0,5000.0,True,50.0,1.5500000000000043,7.810000000000002,7.810000000000002,27.49,19.0,23.782257431955458,30.320000000000004,32.02604125813788,40.83,22.56647580202369,28.77
2024-09-27,59.57,57.0,70.84,42.93,46.44,67.52,56.11,59.67,50.89,50.0,50.0,aynigun,47.0,53.0,5000.0,True,50.0,3.460000000000001,9.57,9.57,27.49,26.0,25.16275786336184,32.08,31.39854106204407,40.03,22.448819515256126,28.62
2024-10-04,60.73,57.08,71.09,41.76,46.26,67.76,56.26,60.2,51.07,50.0,50.0,aynigun,47.0,53.0,5000.0,True,50.0,4.469999999999999,10.729999999999997,10.729999999999997,27.44,3.0,26.12209667294414,33.28999999999999,31.63841807909604,40.32000000000001,22.61456371625863,28.819999999999997
2024-10-11,60.03,55.82,71.71,41.61,47.14,67.48,55.94,59.83,52.39,50.0,50.0,aynigun,47.0,53.0,5000.0,True,50.0,4.090000000000003,10.030000000000001,10.030000000000001,27.44,10.0,25.572818581293166,32.59,31.41870684243566,40.040000000000006,22.363465160075346,28.499999999999996
2024-10-18,59.02,56.5,71.08,41.41,47.75,67.09,56.06,57.89,49.92,50.0,50.0,aynigun,47.0,53.0,5000.0,True,50.0,2.960000000000001,9.020000000000003,9.020000000000003,27.44,17.0,24.78028876333962,31.580000000000002,31.112680477087263,39.650000000000006,22.457627118644076,28.62
2024-10-25,59.47,56.69,70.35,41.29,45.24,65.78,55.82,60.31,49.46,50.0,50.0,aynigun,47.0,53.0,5000.0,True,50.0,3.6499999999999986,9.469999999999999,9.469999999999999,27.44,24.0,25.133396107972384,32.03,30.084745762711872,38.34,22.269303201506595,28.38
2024-11-01,60.34,56.22,69.66,41.36,45.81,66.04,56.02,59.13,50.33,50.0,50.0,aynigun,47.0,53.0,5000.0,True,50.0,4.32,10.340000000000003,10.340000000000003,27.2,0.0,26.053459119496857,33.14,30.534591194968552,38.84,22.657232704402517,28.820000000000004
2024-11-08,60.73,55.78,70.46,41.33,44.58,66.56,55.48,58.81,49.8,50.0,50.0,aynigun,47.0,53.0,5000.0,True,50.0,5.25,10.729999999999997,10.729999999999997,27.2,7.0,26.360062893081746,33.53,30.94339622641509,39.36,22.232704402515722,28.279999999999998
2024-11-15,57.85,52.72,70.38,40.88,43.79,66.36,55.99,57.81,48.29,50.0,50.0,aynigun,47.0,53.0,5000.0,True,50.0,1.8599999999999994,7.850000000000001,7.850000000000001,27.2,14.0,24.095911949685544,30.650000000000002,30.78616352201258,39.16,22.633647798742153,28.790000000000003
2024-11-22,59.9,55.59,70.69,41.28,37.66,66.09,56.06,50.83,48.35,50.0,50.0,aynigun,47.0,53.0,5000.0,True,50.0,3.8399999999999963,9.899999999999999,9.899999999999999,27.2,21.0,25.707547169811317,32.7,30.57389937106918,38.89,22.688679245283016,28.860000000000003
2024-11-29,59.78,54.85,70.31,41.33,42.06,65.14,55.93,57.71,48.71,50.0,50.0,aynigun,47.0,53.0,5000.0,True,50.0,3.8500000000000014,9.780000000000001,9.780000000000001,27.2,28.0,25.613207547169804,32.58,29.827044025157235,37.94,22.58647798742137,28.73
2024-12-06,61.25,56.06,69.77,41.11,41.71,65.84,55.94,58.61,48.82,50.0,50.0,aynigun,47.0,53.0,5000.0,True,50.0,5.310000000000002,11.25,11.25,27.07,5.0,26.89855984890219,34.18,30.510742110647683,38.77,22.71976076178486,28.869999999999997
2024-12-13,59.69,55.45,68.85,41.23,39.99,64.81,56.21,57.14,49.72,50.0,50.0,aynigun,47.0,53.0,5000.0,True,50.0,3.479999999999997,9.689999999999998,9.689999999999998,27.07,12.0,25.67089006059653,32.62,29.70016526324073,37.74,22.932242071299292,29.14
2024-12-20,60.27,55.27,69.23,41.01,39.03,64.95,56.54,56.03,49.7,50.0,50.0,aynigun,47.0,53.0,5000.0,True,50.0,3.730000000000004,10.270000000000003,10.270000000000003,27.07,19.0,26.12733139214607,33.2,29.81034075706306,37.88,23.19194144959471,29.47
2024-12-27,59.63,55.58,70.08,40.87,38.9,65.1,55.68,54.38,48.81,47.5,,aynigun,46.0,49.0,4000.0,False,49.38,3.950000000000003,12.130000000000003,,27.07,26.0,25.623671991815545,32.56,29.928385929015498,38.029999999999994,22.51514913040058,28.61
2025-01-03,62.19,56.45,72.5,40.71,49.61,69.09,54.58,57.47,48.61,47.5,48.0,aynigun,46.0,49.0,5000.0,True,48.0,7.609999999999999,14.689999999999998,14.189999999999998,25.38,2.0,29.358749401818486,36.81,34.86201946083904,43.71000000000001,23.28920082947836,29.2
2025-01-10,60.01,54.76,69.98,40.87,47.57,67.07,53.55,56.06,51.84,47.5,47.5,aynigun,46.0,49.0,5000.0,True,47.5,6.460000000000001,12.509999999999998,12.509999999999998,25.38,9.0,27.620035093316297,34.629999999999995,33.2509172116765,41.69,22.467698197479645,28.169999999999998
2025-01-17,59.09,53.46,68.3,40.41,48.66,65.47,52.87,56.59,50.41,47.5,,aynigun,46.0,49.0,3000.0,False,47.5,6.220000000000006,11.590000000000003,,25.38,16.0,26.88626575211357,33.71000000000001,31.974796618280422,40.09,21.925346945286318,27.49
2025-01-24,60.04,54.37,67.09,40.46,43.78,63.76,51.83,52.32,50.68,45.0,,aynigun,43.5,46.5,1000.0,False,45.0,8.21,15.04,,25.38,23.0,27.643962354442486,34.66,30.610942734088354,38.379999999999995,21.09586855957888,26.45
2025-01-31,57.95,51.63,63.84,40.23,41.22,61.05,50.61,53.21,49.83,45.0,45.0,aynigun,43.5,46.5,5000.0,True,45.0,7.340000000000003,12.950000000000003,12.950000000000003,25.38,30.0,25.977029829318866,32.57000000000001,28.449513479023757,35.67,20.122826607114376,25.23
2025-02-07,57.08,50.83,64.62,40.05,44.86,62.28,50.64,51.76,47.7,45.0,45.0,aynigun,43.5,46.5,5000.0,True,45.0,6.439999999999998,12.079999999999998,12.079999999999998,25.26,6.0,25.403161424237595,31.819999999999997,29.554526584703833,37.019999999999996,20.261855340890953,25.38
2025-02-14,56.07,50.56,64.13,40.03,43.53,61.47,50.13,50.07,46.07,45.0,45.0,aynigun,43.5,46.5,5000.0,True,45.0,5.939999999999998,11.07,11.07,25.26,13.0,24.596838575762426,30.81,28.907871627015822,36.209999999999994,19.854702219383704,24.87
2025-02-21,56.57,49.98,63.11,39.96,40.47,60.88,50.17,52.8,45.07,45.0,45.0,aynigun,43.5,46.5,5000.0,True,45.0,6.399999999999999,11.57,11.57,25.26,20.0,24.996008302730345,31.31,28.43685134919369,35.620000000000005,19.886635797541132,24.91
2025-02-28,55.25,48.49,64.76,39.86,36.77,61.49,50.05,51.98,45.4,45.0,45.0,aynigun,43.5,46.5,5000.0,True,45.0,5.200000000000003,10.25,10.25,25.26,27.0,23.94220022353506,29.99,28.92383841609454,36.230000000000004,19.790835063068823,24.789999999999996
2025-03-07,57.02,50.36,64.12,39.85,42.78,61.85,49.18,51.94,44.69,42.5,,aynigun,41.0,44.0,1000.0,False,42.5,7.840000000000003,14.520000000000003,,24.55,6.0,26.069851465274986,32.47,29.94781212364512,37.3,19.77519068647129,24.63
2025-03-14,55.2,50.32,62.73,39.63,41.46,60.62,48.35,49.93,43.7,42.5,42.5,aynigun,41.0,44.0,5000.0,True,42.5,6.850000000000001,12.700000000000003,12.700000000000003,24.55,13.0,24.608590927338426,30.650000000000002,28.960256924929737,36.06999999999999,19.10879164993977,23.8
2025-03-21,57.98,51.27,63.74,39.25,40.54,61.03,48.77,50.43,42.48,42.5,,aynigun,41.0,46.0,4000.0,False,42.5,9.209999999999994,15.479999999999997,,24.55,20.0,26.840626254516266,33.42999999999999,29.289441991168207,36.480000000000004,19.446005620232842,24.220000000000002
2025-03-28,60.4,54.74,72.45,38.79,39.12,66.5,51.41,56.39,42.67,42.5,46.0,aynigun,41.0,46.0,400978.0,True,46.0,8.990000000000002,17.9,14.399999999999999,24.55,27.0,28.783621035728622,35.849999999999994,33.68125250903251,41.95,21.565636290646317,26.859999999999996
2025-04-04,63.58,58.24,67.85,39.42,45.69,65.92,51.57,57.39,53.4,42.5,46.0,aynigun,41.0,46.0,546176.0,True,46.0,12.009999999999998,21.08,17.58,25.56,3.0,30.28034405861739,38.019999999999996,32.14399490283528,40.36,20.715195922268247,26.01
2025-04-11,60.51,54.87,69.67,39.59,43.04,66.82,51.93,59.04,45.3,42.5,46.0,aynigun,41.0,46.0,905789.0,True,46.0,8.579999999999998,18.009999999999998,14.509999999999998,25.56,10.0,27.835297865562268,34.95,32.860783689072946,41.25999999999999,21.001911436763287,26.37
2025-04-18,60.99,55.72,70.58,39.59,43.47,66.6,53.35,63.03,44.33,46.0,47.97,aynigun,44.5,49.0,291417.0,True,47.97,7.640000000000001,14.990000000000002,13.020000000000003,25.56,17.0,28.217585218222375,35.43000000000001,32.685568652437084,41.03999999999999,22.132844855049385,27.790000000000003
2025-04-25,62.63,57.63,73.09,39.65,43.74,67.56,54.27,64.14,43.21,46.0,48.55,aynigun,44.5,49.0,538456.0,True,48.55,8.36,16.630000000000003,14.080000000000005,25.56,24.0,29.523733673144314,37.07000000000001,33.45014335775724,42.0,22.8655622809812,28.710000000000004
2025-05-02,63.33,59.19,74.03,40.0,43.09,69.42,55.86,62.71,44.79,46.0,48.82,aynigun,44.5,49.0,675670.0,True,48.82,7.469999999999999,17.33,14.509999999999998,25.06,1.0,30.60131137054214,38.269999999999996,35.47097393251239,44.36,24.62817847433232,30.8
2025-05-09,64.13,59.27,74.59,41.65,47.96,70.58,56.48,63.14,47.83,46.0,48.81,aynigun,44.5,49.0,799476.0,True,48.81,7.649999999999999,18.129999999999995,15.319999999999993,25.06,8.0,31.241004317927402,39.06999999999999,36.39852870622102,45.519999999999996,25.123940508555886,31.419999999999998
2025-05-16,58.86,53.68,73.52,42.73,47.01,69.99,56.95,63.02,48.63,46.0,47.79,aynigun,44.5,49.0,124359.0,True,47.79,1.9099999999999966,12.86,11.07,25.06,15.0,27.02702702702704,33.8,35.92675515752439,44.92999999999999,25.499760115144742,31.890000000000004
2025-05-23,62.83,59.18,71.23,42.76,46.5,68.55,56.94,64.36,48.47,46.0,48.69,aynigun,44.5,49.0,136382.0,True,48.69,5.890000000000001,16.83,14.14,25.06,22.0,30.201503278426344,37.769999999999996,34.77530785223093,43.489999999999995,25.491763953302417,31.88
2025-05-30,61.51,58.05,73.39,43.56,44.9,69.67,57.24,65.59,48.61,46.0,48.98,aynigun,44.5,49.0,630216.0,True,48.98,4.269999999999996,15.509999999999998,12.530000000000001,25.06,29.0,29.1460099152407,36.45,35.67087797857029,44.61,25.731648808571883,32.18000000000001
2025-06-06,64.88,58.88,72.05,43.61,45.4,69.61,57.36,66.24,50.52,46.0,48.98,geri_tasima,44.5,49.0,759902.0,True,48.98,7.519999999999996,18.879999999999995,15.899999999999999,24.56,5.0,32.369942196531795,40.31999999999999,36.16730892742452,45.05,26.332691072575454,32.8
2025-06-13,63.95,60.27,70.89,43.49,46.49,68.57,56.69,64.67,52.45,46.0,46.0,aynigun,44.5,49.0,451000.0,True,46.0,7.260000000000005,17.950000000000003,17.950000000000003,24.56,12.0,31.6233140655106,39.39,35.33236994219653,44.00999999999999,25.79479768786126,32.129999999999995
2025-06-20,62.92,58.82,70.95,43.55,44.8,68.37,56.4,63.01,50.41,46.0,46.0,aynigun,44.5,49.0,440000.0,True,46.0,6.520000000000003,16.92,16.92,24.56,19.0,30.79640333975593,38.36,35.17180475272961,43.81,25.561978163134235,31.84
2025-06-27,61.02,57.86,69.12,43.23,42.81,66.13,56.19,62.94,49.83,46.0,46.0,aynigun,44.5,49.0,500000.0,True,46.0,4.830000000000005,15.020000000000003,15.020000000000003,24.56,26.0,29.271034039820165,36.46000000000001,33.37347463070006,41.56999999999999,25.393384714193967,31.63
2025-07-04,62.71,57.98,69.43,43.08,44.48,66.79,56.06,62.51,48.61,46.0,46.0,aynigun,44.5,49.0,262000.0,True,46.0,6.649999999999999,16.71,16.71,23.39,3.0,31.86643974390144,39.32,35.173028608477175,43.400000000000006,26.477024070021884,32.67
2025-07-11,61.3,55.16,70.57,42.7,45.65,67.61,54.72,62.04,47.67,46.0,46.0,aynigun,44.5,49.0,421000.0,True,46.0,6.579999999999998,15.299999999999997,15.299999999999997,23.39,10.0,30.723721533349547,37.91,35.83758813518112,44.22,25.391036550773972,31.33
2025-07-18,60.63,55.01,67.57,42.57,44.63,65.56,54.65,57.49,47.4,46.0,46.0,aynigun,44.5,49.0,291000.0,True,46.0,5.980000000000004,14.630000000000003,14.630000000000003,23.39,17.0,30.1807277737256,37.24,34.17618931842128,42.17,25.334305859469964,31.259999999999998
2025-07-25,58.71,52.86,65.17,41.9,45.03,63.01,52.52,59.71,47.49,43.0,43.0,aynigun,41.5,46.0,400345.0,True,43.0,6.189999999999998,15.71,15.71,23.39,24.0,28.624685955101704,35.32,32.109571278061445,39.62,23.60807196693411,29.130000000000003
2025-08-01,57.6,52.48,63.74,41.37,41.91,61.47,51.4,56.91,46.19,43.0,43.0,aynigun,41.5,46.0,602000.0,True,43.0,6.200000000000003,14.600000000000001,14.600000000000001,22.84,0.0,28.296971670465652,34.760000000000005,31.447411266688373,38.629999999999995,23.249755779876267,28.56
2025-08-08,58.04,51.89,65.96,40.7,43.2,63.43,51.0,57.4,47.49,43.0,43.0,aynigun,41.5,46.0,550000.0,True,43.0,7.039999999999999,15.04,15.04,22.84,7.0,28.655161185281685,35.2,33.04298274177793,40.59,22.92412894822533,28.16
2025-08-15,56.55,51.75,64.73,40.14,42.46,62.15,50.5,57.9,46.42,43.0,43.0,aynigun,41.5,46.0,350000.0,True,43.0,6.049999999999997,13.549999999999997,13.549999999999997,22.84,14.0,27.44220123738197,33.709999999999994,32.000976880494946,39.31,22.517095408661667,27.66
2025-08-22,56.26,50.72,66.23,40.03,42.18,63.34,50.41,55.36,47.88,43.0,43.0,aynigun,41.5,46.0,501000.0,True,43.0,5.850000000000001,13.259999999999998,13.259999999999998,22.84,21.0,27.206121784435044,33.42,32.96971670465647,40.5,22.443829371540215,27.569999999999997
2025-08-29,53.85,49.05,65.83,39.56,39.62,62.58,50.49,54.25,46.58,43.0,43.0,aynigun,41.5,46.0,502000.0,True,43.0,3.3599999999999994,10.850000000000001,10.850000000000001,22.84,28.0,25.24422012373819,31.01,32.35102572451971,39.739999999999995,22.508954737870425,27.650000000000002
2025-09-05,57.26,50.21,65.66,39.28,42.03,62.82,50.1,55.18,44.82,43.0,43.0,aynigun,41.5,46.0,900000.0,True,43.0,7.159999999999997,14.259999999999998,14.259999999999998,22.25,4.0,28.638036809815958,35.01,33.18609406952966,40.57,22.78118609406954,27.85
2025-09-12,55.46,50.26,64.85,39.15,42.0,62.02,49.27,54.82,46.03,40.5,41.15,aynigun,39.0,43.5,810000.0,True,41.15,6.189999999999998,14.96,14.310000000000002,22.25,11.0,27.165644171779157,33.21,32.53169734151331,39.77,22.10224948875257,27.020000000000003
2025-09-19,53.57,48.46,59.99,38.65,40.8,57.84,48.61,53.12,45.72,40.5,40.5,aynigun,39.0,43.5,602000.0,True,40.5,4.960000000000001,13.07,13.07,22.25,18.0,25.61963190184049,31.32,29.11247443762783,35.59,21.562372188139058,26.36
2025-09-26,52.85,47.55,58.15,38.12,39.82,55.97,49.05,52.01,44.35,40.5,40.5,aynigun,39.0,43.5,500000.0,True,40.5,3.8000000000000043,12.350000000000001,12.350000000000001,22.25,25.0,25.03067484662578,30.6,27.582822085889557,33.72,21.92229038854805,26.799999999999997
2025-10-03,54.74,49.07,60.46,38.0,39.31,57.81,48.64,52.31,43.74,40.5,40.5,aynigun,39.0,43.5,452000.0,True,40.5,6.100000000000001,14.240000000000002,14.240000000000002,23.26,2.0,25.539509978906374,31.48,28.030180107090686,34.55,20.590621450592227,25.38
2025-10-10,54.84,48.08,62.62,38.04,36.67,59.51,48.24,51.78,43.12,40.5,40.5,aynigun,39.0,43.5,550000.0,True,40.5,6.600000000000001,14.340000000000003,14.340000000000003,23.26,9.0,25.620639299042658,31.580000000000002,29.409378549407727,36.25,20.26610417004704,24.98
2025-10-17,52.55,47.9,62.74,37.91,36.3,59.68,48.45,52.22,44.29,40.5,40.5,aynigun,39.0,43.5,601000.0,True,40.5,4.099999999999994,12.049999999999997,12.049999999999997,23.26,16.0,23.76277786792147,29.289999999999996,29.547298393639455,36.42,20.436475742333272,25.19
2025-10-24,52.87,47.11,61.95,38.0,35.37,58.49,48.07,51.56,41.86,39.5,39.5,aynigun,38.0,42.5,600000.0,True,39.5,4.799999999999997,13.369999999999997,13.369999999999997,23.26,23.0,24.0223916923576,29.609999999999996,28.581859484017503,35.230000000000004,20.128184325815358,24.81
2025-10-31,53.62,47.64,61.52,37.75,35.16,58.47,47.25,51.56,41.96,39.5,39.5,aynigun,38.0,42.5,502000.0,True,39.5,6.369999999999997,14.119999999999997,14.119999999999997,23.26,30.0,24.630861593379837,30.359999999999996,28.56563361999025,35.209999999999994,19.46292390069768,23.99
2025-11-07,53.44,45.71,62.66,37.78,36.62,59.31,47.01,50.49,42.58,39.5,39.5,aynigun,38.0,42.5,551000.0,True,39.5,6.43,13.939999999999998,13.939999999999998,23.49,6.0,24.25297594946958,29.95,29.006397279131924,35.82000000000001,19.046076605393125,23.52
2025-11-14,52.82,47.67,61.03,37.87,35.37,58.36,46.69,49.13,41.17,39.5,39.5,aynigun,38.0,42.5,253000.0,True,39.5,6.130000000000003,13.32,13.32,23.49,13.0,23.750911004939667,29.330000000000002,28.237104218965104,34.870000000000005,18.7869463114422,23.2
2025-11-21,53.18,47.65,62.92,37.7,35.11,59.89,46.96,51.01,41.86,39.5,39.5,aynigun,38.0,42.5,301000.0,True,39.5,6.219999999999999,13.68,13.68,23.49,20.0,24.042432585634455,29.69,29.476070936917953,36.400000000000006,19.005587496963305,23.470000000000002
2025-11-28,51.99,47.44,62.63,37.7,32.69,58.81,46.92,49.21,39.78,39.5,39.5,aynigun,38.0,42.5,252000.0,True,39.5,5.07,12.490000000000002,12.490000000000002,23.49,27.0,23.07879180500445,28.500000000000004,28.601506194833593,35.32000000000001,18.973196210219445,23.430000000000003
2025-12-05,54.57,47.87,64.57,37.75,34.12,60.91,46.88,49.7,36.84,39.5,39.5,aynigun,38.0,42.5,271000.0,True,39.5,7.689999999999998,15.07,15.07,23.35,4.0,25.310093230644505,31.22,30.44993919740575,37.559999999999995,19.075800567490873,23.53
2025-12-12,50.6,45.67,57.89,37.63,33.62,55.69,45.96,47.95,37.9,38.0,38.0,aynigun,36.5,41.0,300047.0,True,38.0,4.640000000000001,12.600000000000001,12.600000000000001,23.35,11.0,22.091609241994313,27.25,26.21807863802188,32.339999999999996,18.329955411430877,22.61
2025-12-19,51.11,46.92,56.83,37.21,33.24,54.59,45.46,49.11,37.77,38.0,38.0,aynigun,36.5,41.0,103000.0,True,38.0,5.649999999999999,13.11,13.11,23.35,18.0,22.505066882853654,27.759999999999998,25.32630725577625,31.240000000000002,17.924604783137422,22.11
2025-12-26,50.3,45.34,46.37,36.57,31.54,45.1,45.34,47.58,34.98,38.0,38.0,aynigun,36.5,41.0,5000.0,True,38.0,4.959999999999994,12.299999999999997,12.299999999999997,23.35,25.0,21.848398865018236,26.949999999999996,17.63275233076611,21.75,17.827320632346975,21.990000000000002
2026-01-02,53.44,49.56,54.48,36.38,31.68,52.54,45.41,48.46,38.23,38.0,38.0,aynigun,36.5,41.0,302000.0,True,38.0,8.030000000000001,15.439999999999998,15.439999999999998,22.2,1.0,25.564648117839607,31.24,24.828150572831408,30.34,18.993453355155477,23.209999999999997
2026-01-09,52.31,46.72,63.53,36.37,43.05,60.39,44.98,48.62,44.54,38.0,38.0,aynigun,36.5,41.0,203000.0,True,38.0,7.330000000000005,14.310000000000002,14.310000000000002,22.2,8.0,24.639934533551553,30.110000000000003,31.252045826513907,38.19,18.641571194762683,22.779999999999998
2026-01-16,45.95,40.1,64.04,36.26,37.97,60.34,45.01,49.73,43.64,38.0,38.0,aynigun,36.5,41.0,5000.0,True,38.0,0.9400000000000048,7.950000000000003,7.950000000000003,22.2,15.0,19.43535188216039,23.750000000000004,31.211129296235683,38.14,18.666121112929623,22.81
2026-01-23,50.71,45.95,56.37,36.25,37.94,54.07,44.0,49.6,43.85,37.0,,aynigun,35.5,40.0,1437.0,False,37.3,6.710000000000001,13.71,,22.2,22.0,23.33060556464812,28.51,26.080196399345333,31.87,17.839607201309327,21.8
2026-01-30,50.37,46.06,60.34,35.93,36.17,57.24,43.7,48.52,43.86,37.0,37.0,aynigun,35.5,40.0,5000.0,True,37.0,6.669999999999995,13.369999999999997,13.369999999999997,22.2,29.0,23.052373158756122,28.169999999999998,28.674304418985265,35.040000000000006,17.594108019639943,21.500000000000004
2026-02-06,51.34,47.12,60.38,35.9,37.24,57.93,43.97,47.27,43.81,37.0,37.0,aynigun,35.5,40.0,5000.0,True,37.0,7.3700000000000045,14.340000000000003,14.340000000000003,22.1,5.0,23.94758394758394,29.240000000000002,29.34479934479932,35.83,17.9115479115479,21.869999999999997
2026-02-13,50.12,46.11,59.67,35.28,35.67,56.4,43.77,48.68,42.85,37.0,37.0,aynigun,35.5,40.0,5000.0,True,37.0,6.349999999999994,13.119999999999997,13.119999999999997,22.1,12.0,22.948402948402922,28.019999999999996,28.091728091728086,34.3,17.747747747747745,21.67
2026-02-20,50.34,45.95,59.51,34.81,35.48,55.52,43.74,47.98,41.19,37.0,37.0,aynigun,35.5,40.0,5000.0,True,37.0,6.600000000000001,13.340000000000003,13.340000000000003,22.1,19.0,23.128583128583124,28.240000000000002,27.371007371007373,33.42,17.723177723177706,21.64
2026-02-27,49.0,45.13,56.79,34.63,39.12,52.91,43.38,46.56,40.42,37.0,37.0,aynigun,35.5,40.0,5000.0,True,37.0,5.619999999999997,12.0,12.0,22.1,26.0,22.03112203112203,26.9,25.233415233415222,30.809999999999995,17.428337428337425,21.28
2026-03-06,53.13,48.35,58.96,34.17,36.53,54.92,44.39,49.12,39.19,37.0,40.0,aynigun,35.5,40.0,433776.0,True,40.0,8.740000000000002,16.130000000000003,13.130000000000003,22.17,5.0,25.3417369239584,30.96,26.806908406319053,32.75,18.18777113857739,22.22
2026-03-13,51.49,48.09,58.66,34.17,35.65,54.06,44.56,51.55,41.53,37.0,40.0,aynigun,35.5,40.0,301697.0,True,40.0,6.93,14.490000000000002,11.490000000000002,22.17,12.0,23.99934517475648,29.32,26.10297126954244,31.89,18.326921502823936,22.39
2026-03-20,51.08,47.01,57.91,34.76,35.46,54.62,44.9,53.45,41.9,37.0,40.0,geri_tasima,35.5,40.0,530281.0,True,40.0,6.18,14.079999999999998,11.079999999999998,22.17,19.0,23.66374723745601,28.909999999999997,26.56134894000164,32.449999999999996,18.605222231317022,22.729999999999997
2026-03-27,52.93,47.89,58.99,35.52,35.01,55.82,45.65,50.02,44.17,37.0,40.0,aynigun,35.5,40.0,1343383.0,True,40.0,7.280000000000001,15.93,12.93,22.17,26.0,25.17803061308015,30.759999999999998,27.543586805271335,33.65,19.219120897110574,23.479999999999997
2026-04-03,54.52,51.59,60.66,35.82,37.58,57.53,47.11,54.58,45.05,37.0,40.0,aynigun,35.5,40.0,691817.0,True,40.0,7.410000000000004,17.520000000000003,14.520000000000003,23.39,2.0,25.228948861333976,31.130000000000003,27.66836858740578,34.14,19.223599967582473,23.72
2026-04-10,53.94,49.52,63.29,36.53,43.15,59.65,47.0,56.53,46.33,37.0,40.0,aynigun,35.5,40.0,588467.0,True,40.0,6.939999999999998,16.939999999999998,13.939999999999998,23.39,9.0,24.758894561958034,30.549999999999997,29.386498095469648,36.26,19.134451738390457,23.61
2026-04-17,52.82,49.3,63.07,36.84,39.62,58.96,47.16,54.27,45.73,37.0,,aynigun,35.5,40.0,0.0,False,40.0,5.660000000000004,15.82,,23.39,16.0,23.851203501094087,29.43,28.82729556690169,35.57,19.264121889942466,23.769999999999996
2026-04-24,53.65,49.75,62.24,37.27,39.44,59.19,46.96,55.71,44.78,37.0,40.0,aynigun,35.5,40.0,48060.0,True,40.0,6.689999999999998,16.65,13.649999999999999,23.39,23.0,24.52386741227004,30.259999999999998,29.01369640975766,35.8,19.102034200502473,23.57
2026-05-01,53.33,48.96,61.69,37.95,39.67,58.73,47.44,53.22,43.81,37.0,40.0,geri_tasima,35.5,40.0,307523.0,True,40.0,5.890000000000001,16.33,13.329999999999998,23.82,0.0,23.832983362946216,29.509999999999998,28.194152802455186,34.91,19.076078178000323,23.619999999999997
2026-05-08,55.39,51.07,61.55,38.06,39.68,58.69,47.24,54.47,45.06,37.0,40.0,aynigun,35.5,40.0,614771.0,True,40.0,8.149999999999999,18.39,15.39,23.82,7.0,25.49668874172186,31.57,28.161847843643994,34.87,18.914553383944433,23.42
2026-05-15,50.81,45.84,61.65,38.42,33.07,58.5,47.25,54.49,42.48,37.0,40.0,aynigun,35.5,40.0,327149.8,True,40.0,3.5600000000000023,13.810000000000002,10.810000000000002,23.82,14.0,21.797770957842033,26.990000000000002,28.008399289290907,34.68,18.922629623647236,23.43
2026-05-22,54.09,49.29,61.83,38.8,33.74,59.64,47.3,52.98,40.74,37.0,40.0,aynigun,35.5,40.0,844005.0,True,40.0,6.790000000000006,17.090000000000003,14.090000000000003,23.82,21.0,24.446777580358603,30.270000000000003,28.92909061540947,35.82,18.963010822161188,23.479999999999997
2026-05-29,53.08,50.64,63.61,38.9,35.23,62.77,46.93,53.81,46.86,37.0,40.0,geri_tasima,35.5,40.0,825873.0,True,40.0,6.149999999999999,16.08,13.079999999999998,23.82,28.0,23.631077370376353,29.259999999999998,31.4569536423841,38.95,18.664189953157816,23.11
2026-06-05,54.58,50.51,64.13,39.33,45.87,62.49,47.66,54.62,41.68,37.0,40.0,aynigun,35.5,40.0,677991.0,True,40.0,6.920000000000002,17.58,14.579999999999998,23.81,4.0,24.85259672078184,30.77,31.2414183022373,38.68000000000001,19.263387448509818,23.849999999999998
2026-06-12,55.32,52.33,63.94,39.72,49.16,61.46,47.53,52.26,38.85,37.0,40.0,aynigun,35.5,40.0,784569.0,True,40.0,7.789999999999999,18.32,15.32,23.81,11.0,25.450286729666427,31.51,30.409498425006063,37.650000000000006,19.15838785235442,23.720000000000002
2026-06-19,53.09,49.48,63.8,40.73,49.38,62.1,47.6,55.19,43.29,37.0,40.0,aynigun,35.5,40.0,316344.0,True,40.0,5.490000000000002,16.090000000000003,13.090000000000003,23.81,18.0,23.64913981100072,29.280000000000005,30.92641951377111,38.290000000000006,19.21492609643809,23.790000000000003
2026-06-26,52.86,49.91,62.85,41.56,51.85,61.1,47.43,52.49,41.52,37.0,40.0,aynigun,35.5,40.0,452914.0,True,40.0,5.43,15.86,12.86,23.81,25.0,23.4633712947258,29.05,30.118730312575725,37.290000000000006,19.077618932234873,23.62
2026-07-03,56.51,53.29,63.35,41.45,49.7,61.65,47.23,47.15,43.82,37.0,40.0,aynigun,35.5,40.0,664733.0,True,40.0,9.280000000000001,19.509999999999998,16.509999999999998,23.95,2.0,26.268656716417894,32.56,30.415490116982635,37.7,18.78176684146833,23.279999999999998
2026-07-10,53.46,48.21,64.29,41.4,46.17,62.8,47.05,53.69,44.26,37.0,40.0,aynigun,35.5,40.0,567579.0,True,40.0,6.410000000000004,16.46,13.46,23.95,9.0,23.80798709156917,29.51,31.343283582089555,38.849999999999994,18.636546994755943,23.099999999999998
2026-07-17,53.75,48.94,64.98,41.23,47.26,63.25,46.72,52.71,44.58,37.0,,aynigun,35.5,40.0,893.0,False,40.0,7.030000000000001,16.75,,23.95,16.0,24.04195240016136,29.8,31.706333198870485,39.3,18.37031060911658,22.77
2026-07-24,54.39,51.72,65.16,41.39,43.7,62.77,46.92,52.54,42.75,37.0,,aynigun,35.5,40.0,0.0,False,40.0,7.469999999999999,17.39,,23.95,23.0,24.55828963291651,30.44,31.319080274304145,38.82000000000001,18.531665994352565,22.970000000000002
2026-07-31,52.51,48.48,64.93,41.84,45.94,62.81,46.65,52.48,43.46,37.0,40.0,aynigun,35.5,40.0,9665.0,True,40.0,5.859999999999999,15.509999999999998,12.509999999999998,23.95,30.0,23.04154901169828,28.56,31.35135135135134,38.86,18.313836224283975,22.7
2026-08-07,55.52,51.32,65.45,42.0,48.68,63.62,46.64,53.37,45.14,37.0,40.0,aynigun,35.5,40.0,5000.0,True,40.0,8.880000000000003,18.520000000000003,15.520000000000003,23.69,6.0,25.73368906136311,31.830000000000002,32.282318699975775,39.92999999999999,18.554450642735887,22.95
2026-08-14,53.15,49.08,65.46,42.03,47.3,63.29,46.46,53.82,45.44,37.0,,aynigun,35.5,40.0,0.0,False,40.0,6.689999999999998,16.15,,23.69,13.0,23.817608537472722,29.459999999999997,32.0155226776619,39.599999999999994,18.408925539655584,22.77
2026-08-21,53.94,49.77,64.2,42.04,48.18,62.06,46.42,53.36,44.2,37.0,,aynigun,35.5,40.0,0.0,False,40.0,7.519999999999996,16.939999999999998,,23.69,20.0,24.456302045436185,30.249999999999996,31.02110113994665,38.370000000000005,18.37658662785997,22.73
