o,h,l,c,v,ts
15493.669921875,15550.2900390625,15493.669921875,15550.2900390625,0,2026-06-01 06:55:00
15550.2900390625,15646.650390625,15550.2900390625,15604.240234375,0,2026-06-01 07:00:00
15605.2197265625,15745.26953125,15594.6796875,15744.2197265625,0,2026-06-01 07:05:00
15752.2802734375,15803.759765625,15726.3203125,15803.759765625,0,2026-06-01 07:10:00
15801.3798828125,15813.650390625,15758.7197265625,15758.7197265625,0,2026-06-01 07:15:00
15760.2900390625,15762.490234375,15726.6396484375,15738.9697265625,0,2026-06-01 07:20:00
15740.509765625,15755.3701171875,15676.7802734375,15679.8603515625,0,2026-06-01 07:25:00
15680.25,15687.66015625,15611.1796875,15611.1796875,0,2026-06-01 07:30:00
15613.9404296875,15636.9599609375,15588.6103515625,15589.3798828125,0,2026-06-01 07:35:00
15592.7197265625,15606.76953125,15574.5703125,15578.58984375,0,2026-06-01 07:40:00
15577.740234375,15627.7900390625,15573.9599609375,15627.3798828125,0,2026-06-01 07:45:00
15626.83984375,15638.5400390625,15622.2802734375,15633.150390625,0,2026-06-01 07:50:00
15631.419921875,15663.740234375,15625.01953125,15660.3701171875,0,2026-06-01 07:55:00
15659.0,15673.740234375,15653.2802734375,15660.7001953125,0,2026-06-01 08:00:00
15661.98046875,15689.650390625,15642.08984375,15670.6201171875,0,2026-06-01 08:05:00
15670.6201171875,15677.33984375,15661.169921875,15666.6298828125,0,2026-06-01 08:10:00
15667.9296875,15667.9296875,15630.2001953125,15653.8603515625,0,2026-06-01 08:15:00
15654.41015625,15656.150390625,15629.6904296875,15648.5,0,2026-06-01 08:20:00
15649.33984375,15659.0498046875,15635.849609375,15635.849609375,0,2026-06-01 08:25:00
15640.509765625,15661.7900390625,15640.509765625,15650.4697265625,0,2026-06-01 08:30:00
15645.0302734375,15662.740234375,15641.7802734375,15662.419921875,0,2026-06-01 08:35:00
15664.4296875,15672.4404296875,15650.169921875,15653.169921875,0,2026-06-01 08:40:00
15653.1904296875,15661.51953125,15640.650390625,15651.259765625,0,2026-06-01 08:45:00
15651.76953125,15654.3203125,15640.169921875,15641.4296875,0,2026-06-01 08:50:00
15643.0400390625,15658.150390625,15640.099609375,15644.7197265625,0,2026-06-01 08:55:00
15645.73046875,15675.91015625,15643.01953125,15671.650390625,0,2026-06-01 09:00:00
15672.650390625,15672.650390625,15638.6201171875,15644.5400390625,0,2026-06-01 09:05:00
15645.1298828125,15657.740234375,15644.080078125,15653.650390625,0,2026-06-01 09:10:00
15654.08984375,15657.2900390625,15636.3203125,15640.76953125,0,2026-06-01 09:15:00
15639.9296875,15643.509765625,15626.0498046875,15630.5400390625,0,2026-06-01 09:20:00
15629.4501953125,15634.3701171875,15625.240234375,15629.6298828125,0,2026-06-01 09:25:00
15630.5302734375,15642.759765625,15625.16015625,15639.759765625,0,2026-06-01 09:30:00
15639.759765625,15651.0595703125,15635.6298828125,15648.2197265625,0,2026-06-01 09:35:00
15649.7197265625,15658.6904296875,15645.740234375,15656.98046875,0,2026-06-01 09:40:00
15659.3203125,15670.8701171875,15647.6796875,15655.1103515625,0,2026-06-01 09:45:00
15654.919921875,15667.919921875,15651.1396484375,15655.400390625,0,2026-06-01 09:50:00
15657.580078125,15665.9599609375,15652.3095703125,15655.400390625,0,2026-06-01 09:55:00
15654.91015625,15675.150390625,15653.8095703125,15673.0400390625,0,2026-06-01 10:00:00
15673.4296875,15674.1396484375,15659.91015625,15670.26953125,0,2026-06-01 10:05:00
15669.4404296875,15683.650390625,15665.8798828125,15680.8603515625,0,2026-06-01 10:10:00
15678.1103515625,15684.7099609375,15666.01953125,15678.2900390625,0,2026-06-01 10:15:00
15679.599609375,15683.169921875,15668.330078125,15677.1298828125,0,2026-06-01 10:20:00
15678.0400390625,15683.33984375,15667.830078125,15668.0703125,0,2026-06-01 10:25:00
15673.4697265625,15685.599609375,15670.8095703125,15676.080078125,0,2026-06-01 10:30:00
15677.080078125,15678.599609375,15655.8203125,15659.509765625,0,2026-06-01 10:35:00
15660.6904296875,15667.73046875,15651.349609375,15662.7802734375,0,2026-06-01 10:40:00
15662.7802734375,15662.7802734375,15639.740234375,15649.4296875,0,2026-06-01 10:45:00
15647.66015625,15664.6904296875,15645.0595703125,15658.33984375,0,2026-06-01 10:50:00
15657.580078125,15660.2900390625,15647.0400390625,15651.5400390625,0,2026-06-01 10:55:00
15651.9599609375,15669.490234375,15648.509765625,15666.3896484375,0,2026-06-01 11:00:00
15665.919921875,15667.5703125,15641.5400390625,15642.830078125,0,2026-06-01 11:05:00
15644.5703125,15648.5703125,15638.1103515625,15641.23046875,0,2026-06-01 11:10:00
15642.83984375,15646.509765625,15635.990234375,15643.01953125,0,2026-06-01 11:15:00
15642.9697265625,15648.26953125,15637.5400390625,15645.8798828125,0,2026-06-01 11:20:00
15643.0,15659.6201171875,15642.91015625,15654.6796875,0,2026-06-01 11:25:00
15654.41015625,15662.5595703125,15648.26953125,15659.7802734375,0,2026-06-01 11:30:00
15661.3798828125,15685.080078125,15657.26953125,15676.25,0,2026-06-01 11:35:00
15675.7099609375,15683.919921875,15670.0498046875,15671.73046875,0,2026-06-01 11:40:00
15672.2802734375,15673.0703125,15655.4697265625,15673.0703125,0,2026-06-01 11:45:00
15673.0703125,15673.0703125,15648.8896484375,15651.9404296875,0,2026-06-01 11:50:00
15653.08984375,15661.5,15649.5595703125,15651.0595703125,0,2026-06-01 11:55:00
15651.3203125,15652.6396484375,15639.5703125,15646.58984375,0,2026-06-01 12:00:00
15645.7001953125,15657.1201171875,15638.9599609375,15642.240234375,0,2026-06-01 12:05:00
15641.33984375,15648.2900390625,15636.16015625,15639.509765625,0,2026-06-01 12:10:00
15639.41015625,15649.740234375,15635.919921875,15640.6396484375,0,2026-06-01 12:15:00
15639.8095703125,15642.0498046875,15627.8798828125,15636.8701171875,0,2026-06-01 12:20:00
15635.8603515625,15656.4296875,15633.0498046875,15653.150390625,0,2026-06-01 12:25:00
15652.41015625,15660.849609375,15646.9599609375,15656.400390625,0,2026-06-01 12:30:00
15654.7998046875,15666.4697265625,15648.6796875,15664.51953125,0,2026-06-01 12:35:00
15663.6904296875,15713.9501953125,15658.26953125,15713.9501953125,0,2026-06-01 12:40:00
15714.3095703125,15721.2001953125,15685.1103515625,15707.98046875,0,2026-06-01 12:45:00
15704.849609375,15707.990234375,15679.2998046875,15691.509765625,0,2026-06-01 12:50:00
15690.419921875,15692.169921875,15678.73046875,15687.919921875,0,2026-06-01 12:55:00
15687.8603515625,15710.01953125,15682.7900390625,15692.1103515625,0,2026-06-01 13:00:00
15691.9501953125,15694.7197265625,15681.240234375,15690.5400390625,0,2026-06-01 13:05:00
15689.509765625,15701.01953125,15591.6796875,15632.33984375,0,2026-06-01 13:10:00
15630.5703125,15649.8798828125,15618.419921875,15618.419921875,0,2026-06-01 13:15:00
15619.7197265625,15641.6796875,15578.48046875,15578.48046875,0,2026-06-01 13:20:00
15579.08984375,15580.7998046875,15519.2197265625,15519.2197265625,0,2026-06-01 13:25:00
15519.48046875,15550.23046875,15480.830078125,15545.3095703125,0,2026-06-01 13:30:00
15542.98046875,15560.98046875,15524.7998046875,15552.8203125,0,2026-06-01 13:35:00
15551.349609375,15553.509765625,15525.009765625,15540.2900390625,0,2026-06-01 13:40:00
15541.490234375,15568.759765625,15538.509765625,15551.6103515625,0,2026-06-01 13:45:00
15550.7099609375,15559.3896484375,15535.1298828125,15537.0400390625,0,2026-06-01 13:50:00
15536.1904296875,15537.7001953125,15486.5302734375,15487.4296875,0,2026-06-01 13:55:00
15489.08984375,15517.259765625,15486.73046875,15510.419921875,0,2026-06-01 14:00:00
15508.01953125,15557.33984375,15506.7802734375,15543.7802734375,0,2026-06-01 14:05:00
15544.169921875,15550.7998046875,15532.4296875,15540.0,0,2026-06-01 14:10:00
15540.4599609375,15572.2197265625,15522.2802734375,15522.2900390625,0,2026-06-01 14:15:00
15524.83984375,15531.8203125,15518.9501953125,15527.7900390625,0,2026-06-01 14:20:00
15525.5,15537.08984375,15516.16015625,15532.9501953125,0,2026-06-01 14:25:00
15532.16015625,15561.150390625,15522.1904296875,15552.7197265625,0,2026-06-01 14:30:00
15553.4404296875,15554.83984375,15521.6796875,15547.0498046875,0,2026-06-01 14:35:00
15546.3798828125,15558.509765625,15539.0498046875,15545.169921875,0,2026-06-01 14:40:00
15546.8701171875,15565.490234375,15542.5,15549.5302734375,0,2026-06-01 14:45:00
15549.1396484375,15553.2099609375,15540.0498046875,15543.91015625,0,2026-06-01 14:50:00
15543.4697265625,15547.009765625,15500.5400390625,15539.3203125,0,2026-06-01 14:55:00
15512.1201171875,15623.08984375,15512.1201171875,15623.08984375,0,2026-06-02 06:55:00
15623.08984375,15680.4296875,15623.08984375,15659.8701171875,0,2026-06-02 07:00:00
15657.5595703125,15690.3896484375,15657.5595703125,15681.1103515625,0,2026-06-02 07:05:00
15681.3798828125,15736.4296875,15678.3095703125,15735.25,0,2026-06-02 07:10:00
15737.5703125,15772.75,15717.7998046875,15772.75,0,2026-06-02 07:15:00
15771.650390625,15776.759765625,15746.169921875,15767.4697265625,0,2026-06-02 07:20:00
15768.48046875,15790.3203125,15763.990234375,15764.490234375,0,2026-06-02 07:25:00
15764.7197265625,15789.419921875,15752.759765625,15758.8798828125,0,2026-06-02 07:30:00
15758.8203125,15774.9296875,15750.400390625,15773.0703125,0,2026-06-02 07:35:00
15772.2802734375,15788.650390625,15762.5703125,15775.58984375,0,2026-06-02 07:40:00
15771.419921875,15795.1396484375,15756.2099609375,15795.1396484375,0,2026-06-02 07:45:00
15793.240234375,15834.990234375,15790.9501953125,15830.7001953125,0,2026-06-02 07:50:00
15831.8896484375,15879.66015625,15830.2001953125,15879.349609375,0,2026-06-02 07:55:00
15879.8095703125,15897.08984375,15852.759765625,15872.990234375,0,2026-06-02 08:00:00
15873.0703125,15889.650390625,15866.080078125,15866.740234375,0,2026-06-02 08:05:00
15867.990234375,15877.150390625,15856.4501953125,15861.7197265625,0,2026-06-02 08:10:00
15860.4404296875,15870.7802734375,15851.26953125,15851.26953125,0,2026-06-02 08:15:00
15852.240234375,15854.1796875,15815.2998046875,15822.9599609375,0,2026-06-02 08:20:00
15824.3603515625,15825.8896484375,15792.509765625,15799.0703125,0,2026-06-02 08:25:00
15798.33984375,15815.5703125,15795.9404296875,15815.08984375,0,2026-06-02 08:30:00
15815.1796875,15825.349609375,15811.91015625,15820.2099609375,0,2026-06-02 08:35:00
15819.16015625,15827.169921875,15808.5703125,15810.3603515625,0,2026-06-02 08:40:00
15810.3603515625,15810.3603515625,15797.01953125,15802.5,0,2026-06-02 08:45:00
15804.509765625,15808.3203125,15794.6396484375,15796.580078125,0,2026-06-02 08:50:00
15796.4697265625,15814.1298828125,15796.4697265625,15799.259765625,0,2026-06-02 08:55:00
15797.6904296875,15807.919921875,15788.48046875,15804.2900390625,0,2026-06-02 09:00:00
15806.7099609375,15820.1904296875,15800.5,15806.1796875,0,2026-06-02 09:05:00
15806.990234375,15819.7900390625,15795.58984375,15817.5,0,2026-06-02 09:10:00
15819.4697265625,15824.4296875,15814.5703125,15823.1201171875,0,2026-06-02 09:15:00
15823.599609375,15826.41015625,15803.0,15808.2900390625,0,2026-06-02 09:20:00
15807.490234375,15810.0302734375,15794.4296875,15802.26953125,0,2026-06-02 09:25:00
15801.580078125,15804.580078125,15782.080078125,15790.3896484375,0,2026-06-02 09:30:00
15791.150390625,15798.1904296875,15769.76953125,15780.01953125,0,2026-06-02 09:35:00
15779.2802734375,15791.419921875,15772.5595703125,15780.0703125,0,2026-06-02 09:40:00
15779.8798828125,15782.58984375,15765.3603515625,15775.2099609375,0,2026-06-02 09:45:00
15774.5703125,15794.5703125,15773.1103515625,15790.8603515625,0,2026-06-02 09:50:00
15790.8603515625,15800.25,15782.900390625,15789.6298828125,0,2026-06-02 09:55:00
15788.26953125,15798.0595703125,15784.3896484375,15793.8203125,0,2026-06-02 10:00:00
15793.4296875,15802.8203125,15791.2998046875,15795.080078125,0,2026-06-02 10:05:00
15795.080078125,15807.4404296875,15791.7802734375,15795.009765625,0,2026-06-02 10:10:00
15793.9599609375,15798.2802734375,15781.6201171875,15789.849609375,0,2026-06-02 10:15:00
15790.9599609375,15797.6298828125,15785.6201171875,15792.990234375,0,2026-06-02 10:20:00
15793.4697265625,15805.58984375,15789.4296875,15797.259765625,0,2026-06-02 10:25:00
15797.0302734375,15816.650390625,15792.9404296875,15809.8095703125,0,2026-06-02 10:30:00
15810.490234375,15820.7099609375,15785.419921875,15791.26953125,0,2026-06-02 10:35:00
15791.6904296875,15808.7001953125,15786.490234375,15806.08984375,0,2026-06-02 10:40:00
15805.2001953125,15814.4599609375,15804.0400390625,15813.099609375,0,2026-06-02 10:45:00
15811.41015625,15813.7802734375,15798.4296875,15800.150390625,0,2026-06-02 10:50:00
15801.169921875,15821.419921875,15798.7802734375,15810.8896484375,0,2026-06-02 10:55:00
15810.8798828125,15844.7998046875,15808.75,15842.0400390625,0,2026-06-02 11:00:00
15844.1396484375,15847.4501953125,15833.919921875,15843.2900390625,0,2026-06-02 11:05:00
15843.8203125,15874.599609375,15839.51953125,15874.599609375,0,2026-06-02 11:10:00
15874.2900390625,15876.490234375,15850.4501953125,15856.509765625,0,2026-06-02 11:15:00
15857.73046875,15860.740234375,15844.169921875,15846.98046875,0,2026-06-02 11:20:00
15849.25,15854.2802734375,15839.4501953125,15847.7802734375,0,2026-06-02 11:25:00
15848.2998046875,15856.259765625,15844.4296875,15851.5595703125,0,2026-06-02 11:30:00
15852.5400390625,15859.5703125,15850.5498046875,15857.51953125,0,2026-06-02 11:35:00
15857.73046875,15859.400390625,15847.6396484375,15851.900390625,0,2026-06-02 11:40:00
15851.419921875,15855.5703125,15840.0400390625,15847.5400390625,0,2026-06-02 11:45:00
15847.599609375,15861.349609375,15840.4296875,15855.849609375,0,2026-06-02 11:50:00
15856.41015625,15864.9404296875,15848.0,15850.1396484375,0,2026-06-02 11:55:00
15852.1103515625,15880.1796875,15847.669921875,15879.6904296875,0,2026-06-02 12:00:00
15880.1298828125,15917.3095703125,15867.16015625,15913.1201171875,0,2026-06-02 12:05:00
15913.83984375,15947.1103515625,15906.4404296875,15936.740234375,0,2026-06-02 12:10:00
15935.900390625,15975.5400390625,15934.5,15975.1201171875,0,2026-06-02 12:15:00
15969.1904296875,15990.9599609375,15967.759765625,15970.9404296875,0,2026-06-02 12:20:00
15975.1396484375,16008.4501953125,15972.5703125,16005.919921875,0,2026-06-02 12:25:00
16004.3896484375,16007.3896484375,15981.73046875,16007.0,0,2026-06-02 12:30:00
16007.1201171875,16018.2001953125,15992.9404296875,16004.48046875,0,2026-06-02 12:35:00
16004.48046875,16017.98046875,15998.740234375,16007.8095703125,0,2026-06-02 12:40:00
16007.1396484375,16010.7998046875,15995.48046875,15997.33984375,0,2026-06-02 12:45:00
15996.1904296875,16003.259765625,15987.5400390625,15987.5400390625,0,2026-06-02 12:50:00
15988.7197265625,16035.0595703125,15984.509765625,16032.7900390625,0,2026-06-02 12:55:00
16033.73046875,16046.830078125,16024.33984375,16043.419921875,0,2026-06-02 13:00:00
16045.490234375,16061.2998046875,16012.2900390625,16020.900390625,0,2026-06-02 13:05:00
16020.8203125,16041.6298828125,16017.990234375,16036.23046875,0,2026-06-02 13:10:00
16037.83984375,16069.599609375,16035.099609375,16069.08984375,0,2026-06-02 13:15:00
16068.919921875,16072.2197265625,16043.919921875,16066.490234375,0,2026-06-02 13:20:00
16068.8203125,16082.7197265625,16039.240234375,16042.7998046875,0,2026-06-02 13:25:00
16042.1904296875,16057.2900390625,16041.900390625,16052.98046875,0,2026-06-02 13:30:00
16051.740234375,16070.919921875,16047.0703125,16059.009765625,0,2026-06-02 13:35:00
16059.2998046875,16074.2998046875,16050.1396484375,16063.4599609375,0,2026-06-02 13:40:00
16061.7802734375,16064.48046875,16044.6103515625,16046.8896484375,0,2026-06-02 13:45:00
16048.51953125,16049.3701171875,16030.8798828125,16034.4697265625,0,2026-06-02 13:50:00
16034.009765625,16038.16015625,16025.1298828125,16031.01953125,0,2026-06-02 13:55:00
16030.8603515625,16045.6796875,16030.8603515625,16045.26953125,0,2026-06-02 14:00:00
16043.9501953125,16073.08984375,16037.4501953125,16038.8798828125,0,2026-06-02 14:05:00
16039.6103515625,16042.400390625,16015.919921875,16024.5302734375,0,2026-06-02 14:10:00
16026.900390625,16033.75,16015.1201171875,16026.3798828125,0,2026-06-02 14:15:00
16024.6298828125,16038.3095703125,16015.0302734375,16016.669921875,0,2026-06-02 14:20:00
16015.9599609375,16021.400390625,16002.41015625,16019.75,0,2026-06-02 14:25:00
16020.6201171875,16067.759765625,16019.0,16066.1396484375,0,2026-06-02 14:30:00
16066.5595703125,16066.5595703125,16043.8603515625,16044.1298828125,0,2026-06-02 14:35:00
16045.080078125,16063.2998046875,16038.01953125,16057.900390625,0,2026-06-02 14:40:00
16057.5595703125,16145.509765625,16051.8896484375,16140.76953125,0,2026-06-02 14:45:00
16143.3701171875,16144.8896484375,16112.490234375,16128.3203125,0,2026-06-02 14:50:00
16126.7197265625,16130.4501953125,16114.4296875,16124.4501953125,0,2026-06-02 14:55:00
16135.91015625,16135.91015625,16111.48046875,16111.48046875,0,2026-06-03 06:55:00
16111.48046875,16111.48046875,16032.5595703125,16069.0498046875,0,2026-06-03 07:00:00
16069.6796875,16120.8603515625,16054.8798828125,16077.849609375,0,2026-06-03 07:05:00
16082.2802734375,16109.0400390625,16045.2197265625,16100.009765625,0,2026-06-03 07:10:00
16095.400390625,16112.3095703125,16075.580078125,16091.509765625,0,2026-06-03 07:15:00
16092.349609375,16111.51953125,16083.6396484375,16102.4697265625,0,2026-06-03 07:20:00
16102.740234375,16170.349609375,16099.900390625,16167.599609375,0,2026-06-03 07:25:00
16164.2998046875,16167.0400390625,16081.5498046875,16091.25,0,2026-06-03 07:30:00
16093.419921875,16100.5,16063.41015625,16063.41015625,0,2026-06-03 07:35:00
16064.66015625,16068.1904296875,16038.330078125,16041.099609375,0,2026-06-03 07:40:00
16039.7998046875,16053.349609375,16019.8603515625,16033.66015625,0,2026-06-03 07:45:00
16032.830078125,16067.16015625,16028.73046875,16053.3203125,0,2026-06-03 07:50:00
16053.48046875,16054.330078125,16019.5302734375,16022.669921875,0,2026-06-03 07:55:00
16024.6396484375,16032.7998046875,16009.4697265625,16021.08984375,0,2026-06-03 08:00:00
16020.5,16045.25,16015.3798828125,16034.7197265625,0,2026-06-03 08:05:00
16035.66015625,16055.900390625,16029.3701171875,16045.080078125,0,2026-06-03 08:10:00
16044.1298828125,16056.650390625,16034.76953125,16053.990234375,0,2026-06-03 08:15:00
16052.009765625,16057.3798828125,16025.490234375,16032.25,0,2026-06-03 08:20:00
16030.919921875,16064.41015625,16027.66015625,16058.4296875,0,2026-06-03 08:25:00
16058.51953125,16061.169921875,16047.1796875,16059.7802734375,0,2026-06-03 08:30:00
16058.830078125,16070.5595703125,16051.7001953125,16069.8095703125,0,2026-06-03 08:35:00
16070.48046875,16072.58984375,16053.4404296875,16055.599609375,0,2026-06-03 08:40:00
16054.73046875,16064.900390625,16048.830078125,16059.009765625,0,2026-06-03 08:45:00
16057.2900390625,16066.2900390625,16047.349609375,16062.6396484375,0,2026-06-03 08:50:00
16064.8095703125,16070.23046875,16050.5,16066.3798828125,0,2026-06-03 08:55:00
16066.2900390625,16067.740234375,16039.08984375,16050.3095703125,0,2026-06-03 09:00:00
16052.7099609375,16081.25,16052.7099609375,16062.01953125,0,2026-06-03 09:05:00
16062.7197265625,16062.7197265625,16040.6201171875,16055.0498046875,0,2026-06-03 09:10:00
16053.41015625,16059.3896484375,16045.7802734375,16052.23046875,0,2026-06-03 09:15:00
16052.51953125,16055.0302734375,16032.23046875,16038.8203125,0,2026-06-03 09:20:00
16040.900390625,16054.6796875,16036.580078125,16050.8095703125,0,2026-06-03 09:25:00
16051.2197265625,16056.2197265625,16039.48046875,16049.2900390625,0,2026-06-03 09:30:00
16050.4599609375,16056.2197265625,16045.5498046875,16048.259765625,0,2026-06-03 09:35:00
16047.0400390625,16052.0302734375,16031.5,16048.0302734375,0,2026-06-03 09:40:00
16048.8798828125,16048.8798828125,16036.2998046875,16040.0,0,2026-06-03 09:45:00
16040.48046875,16040.9296875,16025.0302734375,16030.1904296875,0,2026-06-03 09:50:00
16028.419921875,16030.5595703125,15993.58984375,15996.58984375,0,2026-06-03 09:55:00
15996.419921875,16005.099609375,15991.8798828125,15993.5,0,2026-06-03 10:00:00
15993.0302734375,16039.5,15993.0302734375,16027.150390625,0,2026-06-03 10:05:00
16026.490234375,16063.0,16024.900390625,16044.6298828125,0,2026-06-03 10:10:00
16044.3603515625,16044.3603515625,16011.0,16028.01953125,0,2026-06-03 10:15:00
16022.7099609375,16024.58984375,16002.580078125,16009.01953125,0,2026-06-03 10:20:00
16010.509765625,16015.4697265625,16004.5703125,16010.75,0,2026-06-03 10:25:00
16009.5302734375,16032.419921875,16008.8603515625,16023.599609375,0,2026-06-03 10:30:00
16023.4296875,16029.9296875,16018.240234375,16023.099609375,0,2026-06-03 10:35:00
16023.099609375,16026.1201171875,16015.990234375,16022.169921875,0,2026-06-03 10:40:00
16023.0,16025.330078125,16012.990234375,16021.6796875,0,2026-06-03 10:45:00
16021.1796875,16030.33984375,16015.7001953125,16028.1103515625,0,2026-06-03 10:50:00
16027.5595703125,16038.0,16017.83984375,16017.83984375,0,2026-06-03 10:55:00
16017.0302734375,16030.150390625,16012.5498046875,16015.349609375,0,2026-06-03 11:00:00
16014.6796875,16038.349609375,16009.3896484375,16035.58984375,0,2026-06-03 11:05:00
16035.98046875,16041.0595703125,16025.1103515625,16031.0703125,0,2026-06-03 11:10:00
16031.400390625,16043.25,16001.33984375,16002.1904296875,0,2026-06-03 11:15:00
16002.759765625,16008.740234375,15995.58984375,16008.740234375,0,2026-06-03 11:20:00
16008.4404296875,16018.6904296875,16002.1201171875,16008.0498046875,0,2026-06-03 11:25:00
16007.8701171875,16026.330078125,16006.330078125,16021.8701171875,0,2026-06-03 11:30:00
16021.6298828125,16023.6201171875,16009.7802734375,16013.5302734375,0,2026-06-03 11:35:00
16016.509765625,16035.259765625,16013.1298828125,16033.2802734375,0,2026-06-03 11:40:00
16033.2001953125,16062.08984375,16031.7001953125,16057.1298828125,0,2026-06-03 11:45:00
16056.419921875,16084.3203125,16055.650390625,16083.83984375,0,2026-06-03 11:50:00
16084.419921875,16096.3798828125,16081.6103515625,16085.580078125,0,2026-06-03 11:55:00
16085.7001953125,16090.41015625,16066.7998046875,16074.669921875,0,2026-06-03 12:00:00
16072.830078125,16078.76953125,16060.7197265625,16064.8798828125,0,2026-06-03 12:05:00
16062.8896484375,16063.509765625,16033.400390625,16053.0,0,2026-06-03 12:10:00
16052.4501953125,16065.3603515625,16043.990234375,16054.3798828125,0,2026-06-03 12:15:00
16054.7998046875,16065.2001953125,16036.7900390625,16040.0302734375,0,2026-06-03 12:20:00
16040.25,16049.9501953125,16039.23046875,16046.1796875,0,2026-06-03 12:25:00
16046.669921875,16049.8701171875,16028.669921875,16037.919921875,0,2026-06-03 12:30:00
16037.919921875,16045.2197265625,16024.2998046875,16026.3798828125,0,2026-06-03 12:35:00
16026.150390625,16037.0302734375,16023.5302734375,16029.6904296875,0,2026-06-03 12:40:00
16029.599609375,16039.98046875,16023.9501953125,16035.6103515625,0,2026-06-03 12:45:00
16037.48046875,16052.9404296875,16029.5595703125,16030.5703125,0,2026-06-03 12:50:00
16030.5703125,16034.23046875,16010.650390625,16013.259765625,0,2026-06-03 12:55:00
16014.1904296875,16023.3798828125,15998.08984375,16014.1396484375,0,2026-06-03 13:00:00
16012.73046875,16025.8203125,16004.5595703125,16023.150390625,0,2026-06-03 13:05:00
16023.4501953125,16038.76953125,16016.2900390625,16028.4697265625,0,2026-06-03 13:10:00
16029.16015625,16032.8896484375,15899.2001953125,15911.6103515625,0,2026-06-03 13:15:00
15910.7099609375,15990.490234375,15904.740234375,15988.580078125,0,2026-06-03 13:20:00
15987.7900390625,16010.66015625,15980.7900390625,16002.7197265625,0,2026-06-03 13:25:00
16002.83984375,16002.83984375,15950.5400390625,15969.4501953125,0,2026-06-03 13:30:00
15965.41015625,15965.7001953125,15937.2998046875,15952.3701171875,0,2026-06-03 13:35:00
15950.73046875,15952.9599609375,15896.3701171875,15898.2900390625,0,2026-06-03 13:40:00
15897.33984375,15907.6103515625,15866.9404296875,15873.7998046875,0,2026-06-03 13:45:00
15869.400390625,15895.330078125,15858.2802734375,15894.759765625,0,2026-06-03 13:50:00
15896.2001953125,15913.419921875,15896.2001953125,15898.4404296875,0,2026-06-03 13:55:00
15898.0400390625,15922.490234375,15890.2197265625,15908.16015625,0,2026-06-03 14:00:00
15908.6396484375,15914.98046875,15882.7802734375,15886.0302734375,0,2026-06-03 14:05:00
15885.740234375,15903.599609375,15880.4697265625,15888.349609375,0,2026-06-03 14:10:00
15886.16015625,15893.1103515625,15828.7802734375,15831.2001953125,0,2026-06-03 14:15:00
15831.7802734375,15877.9296875,15828.2099609375,15874.2802734375,0,2026-06-03 14:20:00
15865.33984375,15872.1201171875,15811.5,15824.5703125,0,2026-06-03 14:25:00
15829.26953125,15841.3896484375,15813.669921875,15829.26953125,0,2026-06-03 14:30:00
15829.1796875,15835.0595703125,15819.080078125,15831.7099609375,0,2026-06-03 14:35:00
15831.23046875,15834.3798828125,15809.66015625,15818.240234375,0,2026-06-03 14:40:00
15818.9404296875,15822.0703125,15801.080078125,15810.73046875,0,2026-06-03 14:45:00
15810.0400390625,15831.0498046875,15807.2099609375,15818.4404296875,0,2026-06-03 14:50:00
15817.83984375,15819.759765625,15793.9599609375,15800.8603515625,0,2026-06-03 14:55:00
15836.4501953125,15954.849609375,15836.4501953125,15954.849609375,0,2026-06-04 06:55:00
15954.849609375,16023.990234375,15953.0,16023.990234375,0,2026-06-04 07:00:00
16023.23046875,16035.7998046875,16005.58984375,16028.6396484375,0,2026-06-04 07:05:00
16032.990234375,16070.16015625,16032.3798828125,16070.16015625,0,2026-06-04 07:10:00
16072.6796875,16097.7099609375,16060.0498046875,16095.9296875,0,2026-06-04 07:15:00
16096.0400390625,16104.01953125,16056.6201171875,16059.6796875,0,2026-06-04 07:20:00
16060.4296875,16060.9599609375,16013.1904296875,16017.8701171875,0,2026-06-04 07:25:00
16020.25,16038.8701171875,16019.150390625,16024.0302734375,0,2026-06-04 07:30:00
16022.759765625,16036.26953125,15996.73046875,16009.169921875,0,2026-06-04 07:35:00
16006.9501953125,16010.1396484375,15946.6201171875,15946.6201171875,0,2026-06-04 07:40:00
15942.259765625,15966.2197265625,15929.099609375,15942.830078125,0,2026-06-04 07:45:00
15941.6396484375,15943.2802734375,15888.6103515625,15888.6103515625,0,2026-06-04 07:50:00
15887.75,15910.4296875,15878.1796875,15878.4697265625,0,2026-06-04 07:55:00
15878.66015625,15886.23046875,15846.5703125,15874.9599609375,0,2026-06-04 08:00:00
15876.26953125,15876.26953125,15812.580078125,15826.8203125,0,2026-06-04 08:05:00
15823.1796875,15832.0302734375,15799.1396484375,15801.150390625,0,2026-06-04 08:10:00
15798.8798828125,15803.4501953125,15778.08984375,15784.0,0,2026-06-04 08:15:00
15782.6103515625,15786.4697265625,15699.2197265625,15726.91015625,0,2026-06-04 08:20:00
15727.080078125,15768.849609375,15726.0703125,15763.48046875,0,2026-06-04 08:25:00
15764.6103515625,15786.990234375,15750.2802734375,15765.1396484375,0,2026-06-04 08:30:00
15762.98046875,15767.51953125,15723.1201171875,15727.580078125,0,2026-06-04 08:35:00
15728.0703125,15737.900390625,15708.1298828125,15728.2998046875,0,2026-06-04 08:40:00
15727.1396484375,15734.8896484375,15701.9599609375,15706.0,0,2026-06-04 08:45:00
15705.330078125,15714.98046875,15693.76953125,15709.9697265625,0,2026-06-04 08:50:00
15707.2099609375,15716.5,15665.2900390625,15666.3603515625,0,2026-06-04 08:55:00
15667.8203125,15687.830078125,15654.6103515625,15686.9404296875,0,2026-06-04 09:00:00
15685.26953125,15691.419921875,15669.8095703125,15684.919921875,0,2026-06-04 09:05:00
15685.23046875,15685.23046875,15653.91015625,15667.4501953125,0,2026-06-04 09:10:00
15666.08984375,15666.2998046875,15652.580078125,15663.2900390625,0,2026-06-04 09:15:00
15662.7802734375,15666.830078125,15637.080078125,15639.7900390625,0,2026-06-04 09:20:00
15640.150390625,15668.9697265625,15640.150390625,15659.23046875,0,2026-06-04 09:25:00
15660.4404296875,15683.23046875,15627.8203125,15666.8798828125,0,2026-06-04 09:30:00
15665.3701171875,15686.1201171875,15658.0,15684.5595703125,0,2026-06-04 09:35:00
15685.6298828125,15689.2099609375,15668.3798828125,15676.66015625,0,2026-06-04 09:40:00
15677.1396484375,15701.2998046875,15677.1396484375,15686.5703125,0,2026-06-04 09:45:00
15686.66015625,15695.419921875,15681.990234375,15688.2802734375,0,2026-06-04 09:50:00
15688.4697265625,15709.6796875,15679.2998046875,15681.7802734375,0,2026-06-04 09:55:00
15681.7197265625,15683.3798828125,15642.41015625,15646.4296875,0,2026-06-04 10:00:00
15647.7802734375,15659.1796875,15638.4599609375,15658.3896484375,0,2026-06-04 10:05:00
15658.23046875,15665.669921875,15648.7998046875,15650.0595703125,0,2026-06-04 10:10:00
15651.669921875,15652.5498046875,15630.009765625,15636.0400390625,0,2026-06-04 10:15:00
15636.1298828125,15641.6796875,15618.2001953125,15621.3798828125,0,2026-06-04 10:20:00
15621.599609375,15638.419921875,15604.76953125,15611.66015625,0,2026-06-04 10:25:00
15610.9501953125,15614.91015625,15600.2197265625,15603.150390625,0,2026-06-04 10:30:00
15604.08984375,15613.3203125,15584.4404296875,15598.48046875,0,2026-06-04 10:35:00
15598.5400390625,15600.7998046875,15557.9697265625,15561.4697265625,0,2026-06-04 10:40:00
15561.3701171875,15581.259765625,15560.6103515625,15575.5,0,2026-06-04 10:45:00
15575.6201171875,15583.23046875,15568.849609375,15582.4501953125,0,2026-06-04 10:50:00
15583.3203125,15586.580078125,15546.6904296875,15557.4501953125,0,2026-06-04 10:55:00
15560.240234375,15560.240234375,15527.48046875,15532.33984375,0,2026-06-04 11:00:00
15533.0703125,15538.7001953125,15519.4296875,15535.599609375,0,2026-06-04 11:05:00
15535.2998046875,15559.330078125,15516.9296875,15523.2197265625,0,2026-06-04 11:10:00
15522.0400390625,15553.2900390625,15510.669921875,15545.0595703125,0,2026-06-04 11:15:00
15545.2197265625,15554.419921875,15520.1298828125,15529.98046875,0,2026-06-04 11:20:00
15530.7099609375,15582.6103515625,15529.6796875,15576.58984375,0,2026-06-04 11:25:00
15576.0400390625,15596.73046875,15551.66015625,15554.98046875,0,2026-06-04 11:30:00
15551.7900390625,15559.6904296875,15461.5400390625,15509.919921875,0,2026-06-04 11:35:00
15508.1103515625,15553.6904296875,15508.1103515625,15544.9697265625,0,2026-06-04 11:40:00
15544.8798828125,15606.66015625,15543.0595703125,15595.3701171875,0,2026-06-04 11:45:00
15597.8701171875,15615.7001953125,15593.8203125,15604.1298828125,0,2026-06-04 11:50:00
15605.33984375,15674.080078125,15604.240234375,15674.080078125,0,2026-06-04 11:55:00
15673.5498046875,15704.9599609375,15653.490234375,15702.7802734375,0,2026-06-04 12:00:00
15702.509765625,15736.240234375,15677.6396484375,15722.490234375,0,2026-06-04 12:05:00
15722.5,15749.8896484375,15718.0,15732.490234375,0,2026-06-04 12:10:00
15731.9501953125,15764.2099609375,15707.2197265625,15712.6904296875,0,2026-06-04 12:15:00
15709.4697265625,15724.91015625,15675.7001953125,15689.3798828125,0,2026-06-04 12:20:00
15693.7802734375,15740.48046875,15691.08984375,15728.58984375,0,2026-06-04 12:25:00
15730.66015625,15745.8798828125,15706.16015625,15706.7802734375,0,2026-06-04 12:30:00
15708.1201171875,15723.23046875,15695.900390625,15719.7998046875,0,2026-06-04 12:35:00
15720.599609375,15728.9501953125,15710.2001953125,15715.7197265625,0,2026-06-04 12:40:00
15716.2099609375,15717.330078125,15689.48046875,15698.2998046875,0,2026-06-04 12:45:00
15699.6396484375,15724.3203125,15697.1796875,15713.9697265625,0,2026-06-04 12:50:00
15712.3896484375,15717.98046875,15702.349609375,15707.2197265625,0,2026-06-04 12:55:00
15705.2802734375,15716.6904296875,15690.4296875,15714.0498046875,0,2026-06-04 13:00:00
15713.240234375,15715.5400390625,15694.7998046875,15703.669921875,0,2026-06-04 13:05:00
15702.58984375,15712.4501953125,15686.9697265625,15688.919921875,0,2026-06-04 13:10:00
15689.5595703125,15697.0498046875,15682.8603515625,15689.3603515625,0,2026-06-04 13:15:00
15689.6298828125,15705.490234375,15685.58984375,15692.25,0,2026-06-04 13:20:00
15692.3798828125,15701.48046875,15690.1201171875,15692.849609375,0,2026-06-04 13:25:00
15692.1201171875,15697.509765625,15638.01953125,15639.7998046875,0,2026-06-04 13:30:00
15638.4296875,15645.009765625,15606.0595703125,15606.0595703125,0,2026-06-04 13:35:00
15608.080078125,15611.330078125,15584.240234375,15588.099609375,0,2026-06-04 13:40:00
15592.1796875,15644.6904296875,15587.330078125,15643.7900390625,0,2026-06-04 13:45:00
15642.9501953125,15674.990234375,15640.3896484375,15646.099609375,0,2026-06-04 13:50:00
15645.0302734375,15671.3603515625,15643.16015625,15657.5703125,0,2026-06-04 13:55:00
15661.0498046875,15673.599609375,15649.8095703125,15652.0703125,0,2026-06-04 14:00:00
15652.0498046875,15654.259765625,15635.400390625,15638.8095703125,0,2026-06-04 14:05:00
15641.41015625,15661.83984375,15632.3798828125,15632.3798828125,0,2026-06-04 14:10:00
15633.759765625,15638.7197265625,15619.4697265625,15622.080078125,0,2026-06-04 14:15:00
15623.0400390625,15649.259765625,15617.8701171875,15649.259765625,0,2026-06-04 14:20:00
15649.259765625,15649.259765625,15618.73046875,15624.2197265625,0,2026-06-04 14:25:00
15625.8203125,15653.5595703125,15606.5595703125,15653.3095703125,0,2026-06-04 14:30:00
15653.0703125,15695.330078125,15637.7802734375,15689.1396484375,0,2026-06-04 14:35:00
15688.8095703125,15697.400390625,15651.75,15659.5595703125,0,2026-06-04 14:40:00
15657.9501953125,15660.2802734375,15644.490234375,15644.849609375,0,2026-06-04 14:45:00
15646.48046875,15672.7099609375,15645.7998046875,15663.900390625,0,2026-06-04 14:50:00
15663.51953125,15679.759765625,15659.150390625,15661.8095703125,0,2026-06-04 14:55:00
15678.4404296875,15709.490234375,15678.4404296875,15709.490234375,0,2026-06-05 06:55:00
15709.490234375,15724.2998046875,15539.4296875,15593.41015625,0,2026-06-05 07:00:00
15591.3603515625,15631.4599609375,15573.9599609375,15630.599609375,0,2026-06-05 07:05:00
15625.8203125,15632.650390625,15593.9697265625,15604.4599609375,0,2026-06-05 07:10:00
15607.3603515625,15613.9697265625,15568.0,15598.669921875,0,2026-06-05 07:15:00
15597.240234375,15624.9296875,15584.259765625,15612.5400390625,0,2026-06-05 07:20:00
15613.3603515625,15633.66015625,15599.400390625,15605.580078125,0,2026-06-05 07:25:00
15605.8701171875,15634.4697265625,15599.5302734375,15629.1796875,0,2026-06-05 07:30:00
15628.76953125,15648.58984375,15628.1796875,15628.98046875,0,2026-06-05 07:35:00
15629.2099609375,15637.830078125,15602.830078125,15607.849609375,0,2026-06-05 07:40:00
15609.3701171875,15633.48046875,15602.8603515625,15632.7900390625,0,2026-06-05 07:45:00
15632.58984375,15651.4296875,15611.8095703125,15612.9501953125,0,2026-06-05 07:50:00
15613.3603515625,15617.2802734375,15595.900390625,15599.740234375,0,2026-06-05 07:55:00
15599.599609375,15599.6796875,15551.3701171875,15557.6103515625,0,2026-06-05 08:00:00
15556.4599609375,15559.9599609375,15492.0,15494.41015625,0,2026-06-05 08:05:00
15493.2099609375,15561.8798828125,15490.5703125,15535.4296875,0,2026-06-05 08:10:00
15535.4697265625,15549.66015625,15527.8798828125,15535.91015625,0,2026-06-05 08:15:00
15536.01953125,15540.7998046875,15522.5703125,15525.490234375,0,2026-06-05 08:20:00
15522.6103515625,15528.240234375,15507.58984375,15517.0302734375,0,2026-06-05 08:25:00
15524.9404296875,15538.3603515625,15520.6298828125,15537.7001953125,0,2026-06-05 08:30:00
15536.009765625,15563.6298828125,15535.0703125,15559.400390625,0,2026-06-05 08:35:00
15558.330078125,15569.0302734375,15544.5,15552.2900390625,0,2026-06-05 08:40:00
15551.23046875,15568.650390625,15548.6796875,15557.83984375,0,2026-06-05 08:45:00
15560.5498046875,15565.259765625,15540.3798828125,15549.0595703125,0,2026-06-05 08:50:00
15549.75,15554.7001953125,15529.3798828125,15533.01953125,0,2026-06-05 08:55:00
15531.51953125,15536.01953125,15521.3603515625,15526.1201171875,0,2026-06-05 09:00:00
15528.1396484375,15533.7099609375,15506.900390625,15515.3701171875,0,2026-06-05 09:05:00
15516.2001953125,15566.91015625,15513.3701171875,15551.0400390625,0,2026-06-05 09:10:00
15550.8896484375,15558.9599609375,15541.9501953125,15553.9404296875,0,2026-06-05 09:15:00
15553.98046875,15558.599609375,15536.9599609375,15550.23046875,0,2026-06-05 09:20:00
15551.7197265625,15556.150390625,15536.1103515625,15541.75,0,2026-06-05 09:25:00
15542.490234375,15555.8798828125,15535.7802734375,15553.5,0,2026-06-05 09:30:00
15554.1298828125,15566.4501953125,15547.7900390625,15562.330078125,0,2026-06-05 09:35:00
15562.330078125,15577.7001953125,15556.1201171875,15574.509765625,0,2026-06-05 09:40:00
15575.51953125,15600.3701171875,15575.080078125,15597.330078125,0,2026-06-05 09:45:00
15598.91015625,15598.91015625,15579.669921875,15590.7001953125,0,2026-06-05 09:50:00
15591.3896484375,15596.1298828125,15579.259765625,15589.509765625,0,2026-06-05 09:55:00
15591.2900390625,15595.41015625,15572.330078125,15576.169921875,0,2026-06-05 10:00:00
15575.400390625,15578.240234375,15558.099609375,15560.6103515625,0,2026-06-05 10:05:00
15561.080078125,15561.080078125,15520.16015625,15535.1201171875,0,2026-06-05 10:10:00
15534.580078125,15552.3603515625,15530.6904296875,15552.3603515625,0,2026-06-05 10:15:00
15552.5703125,15563.8203125,15542.8701171875,15559.73046875,0,2026-06-05 10:20:00
15560.01953125,15564.3095703125,15543.25,15554.4599609375,0,2026-06-05 10:25:00
15555.830078125,15573.23046875,15552.3798828125,15569.5302734375,0,2026-06-05 10:30:00
15568.08984375,15587.4404296875,15566.0703125,15579.7001953125,0,2026-06-05 10:35:00
15578.7998046875,15597.099609375,15575.08984375,15592.5302734375,0,2026-06-05 10:40:00
15591.3095703125,15596.919921875,15574.9697265625,15577.599609375,0,2026-06-05 10:45:00
15578.3203125,15585.91015625,15568.3798828125,15584.1796875,0,2026-06-05 10:50:00
15583.7099609375,15610.509765625,15581.919921875,15603.6796875,0,2026-06-05 10:55:00
15606.099609375,15609.740234375,15588.9599609375,15595.9599609375,0,2026-06-05 11:00:00
15600.080078125,15602.3896484375,15587.16015625,15597.3095703125,0,2026-06-05 11:05:00
15596.3798828125,15600.7998046875,15582.7197265625,15592.4296875,0,2026-06-05 11:10:00
15592.8095703125,15596.0,15567.4404296875,15569.8095703125,0,2026-06-05 11:15:00
15570.240234375,15579.01953125,15559.7900390625,15575.9404296875,0,2026-06-05 11:20:00
15576.6201171875,15607.8896484375,15574.8603515625,15603.16015625,0,2026-06-05 11:25:00
15606.7900390625,15611.2998046875,15588.6298828125,15592.6904296875,0,2026-06-05 11:30:00
15592.6904296875,15592.6904296875,15563.9404296875,15584.6396484375,0,2026-06-05 11:35:00
15583.6796875,15587.3203125,15577.75,15581.419921875,0,2026-06-05 11:40:00
15583.349609375,15587.8095703125,15569.009765625,15576.2802734375,0,2026-06-05 11:45:00
15575.740234375,15601.3203125,15571.080078125,15599.490234375,0,2026-06-05 11:50:00
15599.490234375,15600.51953125,15583.7900390625,15588.1904296875,0,2026-06-05 11:55:00
15588.58984375,15594.5302734375,15571.25,15576.0595703125,0,2026-06-05 12:00:00
15577.2998046875,15583.83984375,15552.3701171875,15576.990234375,0,2026-06-05 12:05:00
15576.330078125,15589.9404296875,15564.3896484375,15566.6103515625,0,2026-06-05 12:10:00
15567.4296875,15586.349609375,15567.4296875,15584.8203125,0,2026-06-05 12:15:00
15584.8896484375,15585.3095703125,15559.9599609375,15567.1103515625,0,2026-06-05 12:20:00
15567.75,15574.1904296875,15562.759765625,15570.419921875,0,2026-06-05 12:25:00
15570.169921875,15581.509765625,15547.2802734375,15550.1298828125,0,2026-06-05 12:30:00
15550.009765625,15564.099609375,15544.7099609375,15552.9404296875,0,2026-06-05 12:35:00
15554.5498046875,15568.9296875,15553.0302734375,15568.3896484375,0,2026-06-05 12:40:00
15566.6103515625,15567.76953125,15546.0400390625,15546.0400390625,0,2026-06-05 12:45:00
15548.1298828125,15551.4697265625,15504.900390625,15507.8203125,0,2026-06-05 12:50:00
15506.8203125,15522.4296875,15494.7802734375,15505.6904296875,0,2026-06-05 12:55:00
15504.9296875,15541.01953125,15501.8203125,15521.8203125,0,2026-06-05 13:00:00
15523.3603515625,15560.01953125,15513.8203125,15551.7099609375,0,2026-06-05 13:05:00
15548.9501953125,15555.48046875,15530.6396484375,15545.759765625,0,2026-06-05 13:10:00
15547.76953125,15575.509765625,15546.9599609375,15548.419921875,0,2026-06-05 13:15:00
15547.5302734375,15561.2001953125,15519.1298828125,15521.4296875,0,2026-06-05 13:20:00
15520.83984375,15551.9599609375,15519.759765625,15534.9404296875,0,2026-06-05 13:25:00
15535.0302734375,15540.8603515625,15516.1103515625,15536.2900390625,0,2026-06-05 13:30:00
15535.0498046875,15537.8701171875,15502.919921875,15511.490234375,0,2026-06-05 13:35:00
15513.1201171875,15528.91015625,15505.8603515625,15511.7802734375,0,2026-06-05 13:40:00
15512.330078125,15516.16015625,15494.669921875,15501.58984375,0,2026-06-05 13:45:00
15500.900390625,15516.7197265625,15492.6796875,15501.2802734375,0,2026-06-05 13:50:00
15500.8701171875,15505.669921875,15470.33984375,15477.080078125,0,2026-06-05 13:55:00
15477.509765625,15513.23046875,15463.580078125,15480.759765625,0,2026-06-05 14:00:00
15480.26953125,15493.240234375,15472.099609375,15491.2099609375,0,2026-06-05 14:05:00
15492.009765625,15494.419921875,15465.1796875,15482.66015625,0,2026-06-05 14:10:00
15481.1396484375,15507.4296875,15481.1396484375,15507.349609375,0,2026-06-05 14:15:00
15506.919921875,15508.48046875,15489.8798828125,15496.8095703125,0,2026-06-05 14:20:00
15494.1904296875,15501.6201171875,15478.5498046875,15495.8798828125,0,2026-06-05 14:25:00
15496.169921875,15525.73046875,15492.7197265625,15525.73046875,0,2026-06-05 14:30:00
15524.0595703125,15532.830078125,15513.58984375,15523.73046875,0,2026-06-05 14:35:00
15522.8203125,15525.8603515625,15491.41015625,15498.73046875,0,2026-06-05 14:40:00
15498.240234375,15502.849609375,15488.759765625,15497.669921875,0,2026-06-05 14:45:00
15496.7802734375,15500.330078125,15466.41015625,15476.240234375,0,2026-06-05 14:50:00
15477.1103515625,15506.9404296875,15472.7802734375,15499.76953125,0,2026-06-05 14:55:00
15514.5498046875,15514.5498046875,15419.2001953125,15419.2001953125,0,2026-06-08 06:55:00
15419.2001953125,15458.849609375,15415.0400390625,15454.7099609375,0,2026-06-08 07:00:00
15455.6103515625,15470.0498046875,15426.8603515625,15457.6904296875,0,2026-06-08 07:05:00
15454.0498046875,15483.580078125,15435.5498046875,15469.099609375,0,2026-06-08 07:10:00
15466.419921875,15478.759765625,15440.41015625,15478.7001953125,0,2026-06-08 07:15:00
15481.5,15494.0,15452.509765625,15485.6904296875,0,2026-06-08 07:20:00
15487.1201171875,15510.3798828125,15480.76953125,15506.5302734375,0,2026-06-08 07:25:00
15508.0703125,15561.91015625,15503.1904296875,15560.509765625,0,2026-06-08 07:30:00
15559.849609375,15607.76953125,15532.259765625,15594.240234375,0,2026-06-08 07:35:00
15594.4501953125,15595.919921875,15562.3798828125,15579.5,0,2026-06-08 07:40:00
15577.669921875,15605.3095703125,15555.8203125,15559.4501953125,0,2026-06-08 07:45:00
15557.1396484375,15567.25,15539.2998046875,15545.25,0,2026-06-08 07:50:00
15542.6103515625,15554.5498046875,15523.2197265625,15534.83984375,0,2026-06-08 07:55:00
15535.759765625,15549.5498046875,15527.58984375,15549.1796875,0,2026-06-08 08:00:00
15553.150390625,15585.3095703125,15544.599609375,15573.759765625,0,2026-06-08 08:05:00
15573.740234375,15573.740234375,15522.5703125,15522.6796875,0,2026-06-08 08:10:00
15523.66015625,15562.0302734375,15518.7900390625,15557.849609375,0,2026-06-08 08:15:00
15559.400390625,15573.1396484375,15546.330078125,15569.8603515625,0,2026-06-08 08:20:00
15570.7197265625,15572.3203125,15548.330078125,15551.76953125,0,2026-06-08 08:25:00
15550.33984375,15568.83984375,15548.6796875,15555.9599609375,0,2026-06-08 08:30:00
15555.9404296875,15558.83984375,15525.580078125,15526.9599609375,0,2026-06-08 08:35:00
15528.5595703125,15535.0703125,15503.0,15523.7802734375,0,2026-06-08 08:40:00
15523.7802734375,15550.580078125,15521.2001953125,15550.23046875,0,2026-06-08 08:45:00
15548.16015625,15553.91015625,15530.9404296875,15544.0703125,0,2026-06-08 08:50:00
15545.5302734375,15551.25,15525.900390625,15528.5302734375,0,2026-06-08 08:55:00
15528.51953125,15532.8896484375,15508.8798828125,15517.4501953125,0,2026-06-08 09:00:00
15516.759765625,15519.66015625,15480.7001953125,15487.259765625,0,2026-06-08 09:05:00
15487.5498046875,15496.990234375,15476.08984375,15494.26953125,0,2026-06-08 09:10:00
15494.3701171875,15506.1396484375,15487.8603515625,15498.580078125,0,2026-06-08 09:15:00
15497.33984375,15511.080078125,15482.2998046875,15482.2998046875,0,2026-06-08 09:20:00
15481.7099609375,15488.580078125,15473.259765625,15480.2197265625,0,2026-06-08 09:25:00
15480.66015625,15499.080078125,15477.990234375,15490.849609375,0,2026-06-08 09:30:00
15491.4501953125,15533.3798828125,15484.0302734375,15492.58984375,0,2026-06-08 09:35:00
15491.4296875,15512.8095703125,15490.08984375,15510.4296875,0,2026-06-08 09:40:00
15510.919921875,15521.080078125,15505.8896484375,15515.23046875,0,2026-06-08 09:45:00
15514.9599609375,15515.0498046875,15488.4599609375,15491.900390625,0,2026-06-08 09:50:00
15493.26953125,15496.900390625,15476.9599609375,15486.0,0,2026-06-08 09:55:00
15485.8798828125,15487.0400390625,15463.2900390625,15479.25,0,2026-06-08 10:00:00
15477.66015625,15523.849609375,15476.419921875,15519.3798828125,0,2026-06-08 10:05:00
15519.25,15519.7998046875,15506.4404296875,15511.5400390625,0,2026-06-08 10:10:00
15512.1103515625,15514.2802734375,15497.26953125,15503.8095703125,0,2026-06-08 10:15:00
15501.5302734375,15501.849609375,15485.8798828125,15493.73046875,0,2026-06-08 10:20:00
15493.099609375,15503.4404296875,15490.7197265625,15503.4404296875,0,2026-06-08 10:25:00
15503.1103515625,15548.51953125,15499.599609375,15542.150390625,0,2026-06-08 10:30:00
15541.419921875,15547.8095703125,15525.5703125,15531.3603515625,0,2026-06-08 10:35:00
15531.5498046875,15540.1796875,15525.66015625,15535.4404296875,0,2026-06-08 10:40:00
15535.7001953125,15541.6103515625,15528.1904296875,15537.099609375,0,2026-06-08 10:45:00
15537.1201171875,15558.2998046875,15533.2802734375,15556.8203125,0,2026-06-08 10:50:00
15555.6103515625,15586.349609375,15554.830078125,15570.0302734375,0,2026-06-08 10:55:00
15575.490234375,15584.0703125,15560.3203125,15578.7099609375,0,2026-06-08 11:00:00
15579.25,15592.98046875,15575.5498046875,15588.4501953125,0,2026-06-08 11:05:00
15590.98046875,15649.3798828125,15586.6298828125,15648.9296875,0,2026-06-08 11:10:00
15654.1298828125,15682.2998046875,15650.9404296875,15678.1201171875,0,2026-06-08 11:15:00
15679.0,15703.16015625,15670.8701171875,15672.830078125,0,2026-06-08 11:20:00
15678.009765625,15755.7802734375,15672.169921875,15752.3701171875,0,2026-06-08 11:25:00
15758.759765625,15783.48046875,15750.8603515625,15775.6396484375,0,2026-06-08 11:30:00
15774.150390625,15778.1103515625,15747.5302734375,15774.76953125,0,2026-06-08 11:35:00
15772.259765625,15780.3095703125,15719.9404296875,15726.669921875,0,2026-06-08 11:40:00
15726.3896484375,15728.6201171875,15703.9599609375,15710.7900390625,0,2026-06-08 11:45:00
15709.7802734375,15729.5302734375,15707.5400390625,15718.0595703125,0,2026-06-08 11:50:00
15719.25,15725.740234375,15703.3798828125,15724.7197265625,0,2026-06-08 11:55:00
15718.990234375,15750.7998046875,15718.990234375,15727.2197265625,0,2026-06-08 12:00:00
15726.9697265625,15743.099609375,15715.009765625,15722.8701171875,0,2026-06-08 12:05:00
15723.2001953125,15731.990234375,15715.41015625,15727.75,0,2026-06-08 12:10:00
15727.7900390625,15735.3603515625,15719.650390625,15723.3896484375,0,2026-06-08 12:15:00
15724.9296875,15732.41015625,15713.8896484375,15718.3701171875,0,2026-06-08 12:20:00
15718.91015625,15740.41015625,15717.7802734375,15736.3798828125,0,2026-06-08 12:25:00
15735.66015625,15757.849609375,15728.48046875,15742.9697265625,0,2026-06-08 12:30:00
15741.4697265625,15748.7001953125,15727.169921875,15737.009765625,0,2026-06-08 12:35:00
15727.5595703125,15748.4697265625,15727.5595703125,15743.48046875,0,2026-06-08 12:40:00
15741.7900390625,15754.240234375,15735.9404296875,15740.0302734375,0,2026-06-08 12:45:00
15742.25,15760.23046875,15736.990234375,15759.16015625,0,2026-06-08 12:50:00
15757.8701171875,15787.849609375,15752.7001953125,15783.2099609375,0,2026-06-08 12:55:00
15783.0498046875,15792.0595703125,15763.0703125,15785.169921875,0,2026-06-08 13:00:00
15785.91015625,15796.490234375,15781.2802734375,15781.2802734375,0,2026-06-08 13:05:00
15782.9501953125,15789.240234375,15771.6298828125,15783.990234375,0,2026-06-08 13:10:00
15785.1796875,15790.169921875,15771.7001953125,15778.1796875,0,2026-06-08 13:15:00
15778.1396484375,15807.330078125,15776.830078125,15802.6201171875,0,2026-06-08 13:20:00
15802.099609375,15805.9501953125,15779.169921875,15787.419921875,0,2026-06-08 13:25:00
15787.51953125,15808.7900390625,15781.400390625,15782.2099609375,0,2026-06-08 13:30:00
15783.080078125,15792.4296875,15774.6201171875,15775.400390625,0,2026-06-08 13:35:00
15775.8701171875,15781.3701171875,15758.91015625,15762.169921875,0,2026-06-08 13:40:00
15759.4697265625,15769.8896484375,15751.7900390625,15759.900390625,0,2026-06-08 13:45:00
15759.48046875,15762.759765625,15734.1201171875,15743.9599609375,0,2026-06-08 13:50:00
15745.1796875,15756.009765625,15736.91015625,15739.1201171875,0,2026-06-08 13:55:00
15741.0302734375,15775.900390625,15740.509765625,15757.5,0,2026-06-08 14:00:00
15757.509765625,15783.2802734375,15747.4697265625,15778.349609375,0,2026-06-08 14:05:00
15779.740234375,15796.5595703125,15776.919921875,15791.3798828125,0,2026-06-08 14:10:00
15790.9296875,15791.2998046875,15770.3603515625,15773.6396484375,0,2026-06-08 14:15:00
15774.669921875,15780.1904296875,15753.5703125,15771.349609375,0,2026-06-08 14:20:00
15771.8896484375,15771.8896484375,15733.6904296875,15736.33984375,0,2026-06-08 14:25:00
15738.6201171875,15769.599609375,15733.419921875,15769.599609375,0,2026-06-08 14:30:00
15767.900390625,15774.7900390625,15757.349609375,15760.3203125,0,2026-06-08 14:35:00
15759.990234375,15771.1298828125,15738.7099609375,15746.7197265625,0,2026-06-08 14:40:00
15746.7900390625,15763.849609375,15729.8095703125,15730.990234375,0,2026-06-08 14:45:00
15732.26953125,15737.08984375,15717.8701171875,15729.41015625,0,2026-06-08 14:50:00
15728.4501953125,15742.0703125,15720.4599609375,15740.2197265625,0,2026-06-08 14:55:00
15728.509765625,15773.25,15728.509765625,15773.25,0,2026-06-09 06:55:00
15773.25,15782.1396484375,15717.1396484375,15748.3095703125,0,2026-06-09 07:00:00
15747.4501953125,15769.759765625,15726.080078125,15744.73046875,0,2026-06-09 07:05:00
15744.7099609375,15792.759765625,15742.0400390625,15746.1103515625,0,2026-06-09 07:10:00
15745.3701171875,15773.2001953125,15736.75,15739.6201171875,0,2026-06-09 07:15:00
15738.2802734375,15742.1904296875,15711.169921875,15712.5400390625,0,2026-06-09 07:20:00
15708.8896484375,15716.23046875,15693.849609375,15701.240234375,0,2026-06-09 07:25:00
15701.0703125,15705.9697265625,15675.650390625,15679.419921875,0,2026-06-09 07:30:00
15678.9296875,15682.099609375,15656.23046875,15656.23046875,0,2026-06-09 07:35:00
15655.349609375,15680.6298828125,15646.080078125,15667.0302734375,0,2026-06-09 07:40:00
15668.150390625,15695.080078125,15665.759765625,15686.66015625,0,2026-06-09 07:45:00
15686.7197265625,15706.1298828125,15677.66015625,15700.740234375,0,2026-06-09 07:50:00
15700.580078125,15701.669921875,15669.41015625,15671.099609375,0,2026-06-09 07:55:00
15672.849609375,15690.2001953125,15664.1904296875,15673.48046875,0,2026-06-09 08:00:00
15672.150390625,15683.349609375,15664.5498046875,15675.1904296875,0,2026-06-09 08:05:00
15675.2998046875,15701.0703125,15666.6103515625,15689.7802734375,0,2026-06-09 08:10:00
15688.990234375,15711.1904296875,15678.2099609375,15710.8798828125,0,2026-06-09 08:15:00
15709.509765625,15760.73046875,15706.669921875,15743.98046875,0,2026-06-09 08:20:00
15744.9296875,15780.2197265625,15733.349609375,15776.7197265625,0,2026-06-09 08:25:00
15775.0400390625,15794.009765625,15768.5595703125,15775.0703125,0,2026-06-09 08:30:00
15773.6103515625,15775.6298828125,15733.3203125,15751.51953125,0,2026-06-09 08:35:00
15754.4697265625,15778.08984375,15751.330078125,15764.26953125,0,2026-06-09 08:40:00
15762.6298828125,15791.1103515625,15750.509765625,15789.41015625,0,2026-06-09 08:45:00
15789.7099609375,15801.2998046875,15781.4501953125,15782.9296875,0,2026-06-09 08:50:00
15781.990234375,15789.7998046875,15766.150390625,15783.8203125,0,2026-06-09 08:55:00
15782.0498046875,15809.0595703125,15778.150390625,15803.66015625,0,2026-06-09 09:00:00
15802.7001953125,15806.6298828125,15789.5595703125,15804.330078125,0,2026-06-09 09:05:00
15803.330078125,15807.16015625,15779.16015625,15784.509765625,0,2026-06-09 09:10:00
15785.51953125,15805.490234375,15782.759765625,15801.849609375,0,2026-06-09 09:15:00
15801.259765625,15817.330078125,15790.58984375,15798.7001953125,0,2026-06-09 09:20:00
15799.509765625,15813.849609375,15790.3896484375,15807.0498046875,0,2026-06-09 09:25:00
15806.66015625,15823.2001953125,15806.66015625,15814.759765625,0,2026-06-09 09:30:00
15812.6796875,15844.5703125,15807.33984375,15828.1796875,0,2026-06-09 09:35:00
15828.0703125,15836.7802734375,15818.169921875,15830.8095703125,0,2026-06-09 09:40:00
15831.0400390625,15839.849609375,15823.4404296875,15824.73046875,0,2026-06-09 09:45:00
15820.91015625,15831.33984375,15812.1298828125,15827.7099609375,0,2026-06-09 09:50:00
15827.41015625,15836.8896484375,15814.3701171875,15833.8603515625,0,2026-06-09 09:55:00
15832.830078125,15838.2099609375,15819.580078125,15837.0498046875,0,2026-06-09 10:00:00
15838.5400390625,15845.400390625,15805.419921875,15829.3603515625,0,2026-06-09 10:05:00
15827.7900390625,15839.5400390625,15816.7802734375,15834.7900390625,0,2026-06-09 10:10:00
15836.2900390625,15839.5,15826.400390625,15830.26953125,0,2026-06-09 10:15:00
15830.26953125,15832.7001953125,15807.7900390625,15810.9404296875,0,2026-06-09 10:20:00
15808.83984375,15818.240234375,15804.259765625,15810.23046875,0,2026-06-09 10:25:00
15809.58984375,15812.419921875,15795.490234375,15796.4501953125,0,2026-06-09 10:30:00
15798.900390625,15800.580078125,15790.1103515625,15792.7001953125,0,2026-06-09 10:35:00
15792.76953125,15797.26953125,15777.8603515625,15795.150390625,0,2026-06-09 10:40:00
15794.7099609375,15807.099609375,15791.4296875,15800.25,0,2026-06-09 10:45:00
15800.9697265625,15811.2099609375,15794.6201171875,15804.650390625,0,2026-06-09 10:50:00
15805.1796875,15806.4697265625,15767.419921875,15771.4296875,0,2026-06-09 10:55:00
15769.8203125,15780.0703125,15768.990234375,15772.5703125,0,2026-06-09 11:00:00
15772.5703125,15777.400390625,15763.9599609375,15768.6103515625,0,2026-06-09 11:05:00
15767.4599609375,15780.75,15746.5595703125,15756.919921875,0,2026-06-09 11:10:00
15756.23046875,15767.9501953125,15749.75,15764.599609375,0,2026-06-09 11:15:00
15767.8203125,15779.400390625,15763.2802734375,15767.0595703125,0,2026-06-09 11:20:00
15767.0595703125,15768.6904296875,15744.26953125,15749.1396484375,0,2026-06-09 11:25:00
15749.009765625,15752.349609375,15731.6103515625,15737.9501953125,0,2026-06-09 11:30:00
15740.58984375,15752.66015625,15730.9599609375,15743.5498046875,0,2026-06-09 11:35:00
15743.91015625,15751.1298828125,15739.91015625,15749.1201171875,0,2026-06-09 11:40:00
15749.1201171875,15753.5703125,15741.650390625,15747.3798828125,0,2026-06-09 11:45:00
15748.48046875,15761.4697265625,15735.8896484375,15755.599609375,0,2026-06-09 11:50:00
15755.3896484375,15766.8203125,15739.9599609375,15739.9599609375,0,2026-06-09 11:55:00
15741.2001953125,15749.900390625,15731.1796875,15733.419921875,0,2026-06-09 12:00:00
15735.740234375,15743.9697265625,15729.6298828125,15732.580078125,0,2026-06-09 12:05:00
15735.4501953125,15737.9697265625,15705.2998046875,15720.6298828125,0,2026-06-09 12:10:00
15719.8701171875,15739.5400390625,15717.8095703125,15729.419921875,0,2026-06-09 12:15:00
15730.759765625,15736.1396484375,15709.1103515625,15711.5302734375,0,2026-06-09 12:20:00
15711.5302734375,15711.6396484375,15675.0,15675.0,0,2026-06-09 12:25:00
15675.900390625,15680.5703125,15645.080078125,15658.7197265625,0,2026-06-09 12:30:00
15658.7802734375,15675.349609375,15652.08984375,15652.08984375,0,2026-06-09 12:35:00
15655.3701171875,15660.33984375,15642.58984375,15651.240234375,0,2026-06-09 12:40:00
15649.3203125,15668.8896484375,15625.759765625,15629.830078125,0,2026-06-09 12:45:00
15625.5400390625,15635.5595703125,15621.3798828125,15621.3798828125,0,2026-06-09 12:50:00
15622.98046875,15636.7802734375,15614.009765625,15617.58984375,0,2026-06-09 12:55:00
15617.6796875,15620.7900390625,15596.8798828125,15609.76953125,0,2026-06-09 13:00:00
15610.0703125,15642.830078125,15607.7099609375,15628.5,0,2026-06-09 13:05:00
15627.0,15630.509765625,15608.6298828125,15620.9697265625,0,2026-06-09 13:10:00
15620.419921875,15645.7998046875,15618.599609375,15644.509765625,0,2026-06-09 13:15:00
15642.48046875,15665.6103515625,15636.4697265625,15665.3603515625,0,2026-06-09 13:20:00
15665.240234375,15682.1298828125,15657.6796875,15666.669921875,0,2026-06-09 13:25:00
15667.73046875,15678.4599609375,15651.6298828125,15652.849609375,0,2026-06-09 13:30:00
15655.2099609375,15658.8896484375,15641.3203125,15651.5703125,0,2026-06-09 13:35:00
15651.5703125,15653.6796875,15628.1298828125,15630.2900390625,0,2026-06-09 13:40:00
15632.7099609375,15754.7900390625,15627.76953125,15754.7900390625,0,2026-06-09 13:45:00
15751.849609375,15758.5400390625,15665.5498046875,15667.4599609375,0,2026-06-09 13:50:00
15666.6201171875,15666.6201171875,15610.48046875,15619.75,0,2026-06-09 13:55:00
15622.08984375,15654.4404296875,15621.7802734375,15642.6298828125,0,2026-06-09 14:00:00
15648.0498046875,15663.2998046875,15641.169921875,15646.1396484375,0,2026-06-09 14:05:00
15647.419921875,15651.9404296875,15609.91015625,15612.990234375,0,2026-06-09 14:10:00
15612.830078125,15626.7099609375,15579.830078125,15596.2802734375,0,2026-06-09 14:15:00
15597.6298828125,15635.7998046875,15587.1298828125,15633.669921875,0,2026-06-09 14:20:00
15634.740234375,15637.2197265625,15612.9501953125,15623.0,0,2026-06-09 14:25:00
15621.099609375,15626.5498046875,15602.259765625,15621.9296875,0,2026-06-09 14:30:00
15623.7197265625,15634.66015625,15613.75,15631.9501953125,0,2026-06-09 14:35:00
15630.6904296875,15642.259765625,15618.6396484375,15619.740234375,0,2026-06-09 14:40:00
15620.7900390625,15622.1796875,15593.830078125,15593.830078125,0,2026-06-09 14:45:00
15595.9501953125,15608.4501953125,15583.3701171875,15595.4404296875,0,2026-06-09 14:50:00
15594.7001953125,15616.3896484375,15592.0,15616.3896484375,0,2026-06-09 14:55:00
15612.9599609375,15612.9599609375,15586.98046875,15586.98046875,0,2026-06-10 06:55:00
15586.98046875,15653.4501953125,15585.099609375,15650.2197265625,0,2026-06-10 07:00:00
15651.4697265625,15689.8603515625,15628.5498046875,15688.66015625,0,2026-06-10 07:05:00
15693.9404296875,15718.990234375,15679.3896484375,15718.990234375,0,2026-06-10 07:10:00
15718.08984375,15737.849609375,15704.0595703125,15712.4296875,0,2026-06-10 07:15:00
15712.3701171875,15723.58984375,15688.6103515625,15718.91015625,0,2026-06-10 07:20:00
15710.849609375,15722.3203125,15699.3095703125,15713.7900390625,0,2026-06-10 07:25:00
15714.669921875,15726.259765625,15691.400390625,15698.6298828125,0,2026-06-10 07:30:00
15698.73046875,15711.8798828125,15697.0703125,15708.849609375,0,2026-06-10 07:35:00
15709.25,15737.2998046875,15700.0595703125,15734.3603515625,0,2026-06-10 07:40:00
15733.1103515625,15741.26953125,15720.7900390625,15732.080078125,0,2026-06-10 07:45:00
15732.0703125,15741.580078125,15715.1904296875,15730.740234375,0,2026-06-10 07:50:00
15728.669921875,15746.1904296875,15726.3701171875,15742.33984375,0,2026-06-10 07:55:00
15744.26953125,15748.0498046875,15662.3798828125,15662.3798828125,0,2026-06-10 08:00:00
15663.7900390625,15683.2197265625,15660.23046875,15665.3203125,0,2026-06-10 08:05:00
15666.490234375,15676.8798828125,15646.150390625,15646.150390625,0,2026-06-10 08:10:00
15647.6103515625,15656.759765625,15633.1103515625,15633.1103515625,0,2026-06-10 08:15:00
15629.1103515625,15642.41015625,15624.5703125,15639.4404296875,0,2026-06-10 08:20:00
15638.7998046875,15642.01953125,15623.5,15623.5302734375,0,2026-06-10 08:25:00
15619.76953125,15641.4599609375,15618.8603515625,15623.16015625,0,2026-06-10 08:30:00
15623.23046875,15641.2900390625,15616.6796875,15620.48046875,0,2026-06-10 08:35:00
15620.73046875,15622.0595703125,15567.4697265625,15569.0703125,0,2026-06-10 08:40:00
15570.6396484375,15571.8603515625,15543.169921875,15556.5,0,2026-06-10 08:45:00
15557.33984375,15578.3701171875,15553.6298828125,15575.2001953125,0,2026-06-10 08:50:00
15576.759765625,15577.7900390625,15537.0,15537.2802734375,0,2026-06-10 08:55:00
15538.2998046875,15542.5595703125,15518.4404296875,15542.5595703125,0,2026-06-10 09:00:00
15543.1298828125,15555.2001953125,15536.919921875,15551.1201171875,0,2026-06-10 09:05:00
15550.75,15568.330078125,15544.8203125,15545.23046875,0,2026-06-10 09:10:00
15545.0302734375,15557.33984375,15535.509765625,15548.1796875,0,2026-06-10 09:15:00
15548.3203125,15563.1904296875,15541.16015625,15555.419921875,0,2026-06-10 09:20:00
15557.4501953125,15583.0595703125,15554.150390625,15581.6396484375,0,2026-06-10 09:25:00
15581.5703125,15594.83984375,15574.8203125,15585.51953125,0,2026-06-10 09:30:00
15585.400390625,15592.8896484375,15568.6904296875,15587.4599609375,0,2026-06-10 09:35:00
15588.509765625,15590.2001953125,15559.9404296875,15567.0400390625,0,2026-06-10 09:40:00
15568.3203125,15574.849609375,15562.25,15571.7099609375,0,2026-06-10 09:45:00
15569.75,15594.669921875,15566.080078125,15592.08984375,0,2026-06-10 09:50:00
15591.3701171875,15598.73046875,15583.25,15584.5302734375,0,2026-06-10 09:55:00
15586.2900390625,15587.240234375,15567.740234375,15579.7998046875,0,2026-06-10 10:00:00
15580.51953125,15583.740234375,15568.599609375,15578.6298828125,0,2026-06-10 10:05:00
15579.849609375,15579.849609375,15559.990234375,15562.4296875,0,2026-06-10 10:10:00
15563.3701171875,15570.5498046875,15551.16015625,15556.1298828125,0,2026-06-10 10:15:00
15556.3603515625,15580.7900390625,15551.3798828125,15575.3203125,0,2026-06-10 10:20:00
15575.5703125,15579.16015625,15565.2900390625,15571.419921875,0,2026-06-10 10:25:00
15569.9697265625,15589.5,15559.66015625,15584.0,0,2026-06-10 10:30:00
15584.0,15600.75,15574.900390625,15585.66015625,0,2026-06-10 10:35:00
15585.66015625,15600.009765625,15573.1201171875,15600.009765625,0,2026-06-10 10:40:00
15600.3095703125,15604.0302734375,15576.259765625,15582.4697265625,0,2026-06-10 10:45:00
15581.919921875,15586.6201171875,15570.9501953125,15582.0595703125,0,2026-06-10 10:50:00
15583.599609375,15610.599609375,15577.8798828125,15595.330078125,0,2026-06-10 10:55:00
15593.349609375,15614.0703125,15551.1904296875,15554.0302734375,0,2026-06-10 11:00:00
15553.2001953125,15570.8896484375,15531.0302734375,15569.26953125,0,2026-06-10 11:05:00
15568.1396484375,15572.5595703125,15551.1796875,15552.7900390625,0,2026-06-10 11:10:00
15553.330078125,15560.259765625,15541.8896484375,15542.8203125,0,2026-06-10 11:15:00
15542.6904296875,15579.7802734375,15540.2900390625,15563.849609375,0,2026-06-10 11:20:00
15562.400390625,15564.419921875,15538.0302734375,15548.400390625,0,2026-06-10 11:25:00
15547.4404296875,15549.080078125,15521.900390625,15524.8701171875,0,2026-06-10 11:30:00
15522.2099609375,15527.6796875,15478.1103515625,15485.150390625,0,2026-06-10 11:35:00
15484.33984375,15535.5,15476.5400390625,15533.8203125,0,2026-06-10 11:40:00
15535.0400390625,15546.1796875,15526.669921875,15532.6396484375,0,2026-06-10 11:45:00
15533.7099609375,15556.740234375,15533.7099609375,15551.900390625,0,2026-06-10 11:50:00
15549.2197265625,15593.259765625,15547.7197265625,15585.51953125,0,2026-06-10 11:55:00
15585.4501953125,15597.1103515625,15571.6103515625,15590.3798828125,0,2026-06-10 12:00:00
15591.599609375,15613.580078125,15589.2001953125,15603.41015625,0,2026-06-10 12:05:00
15605.4501953125,15613.9404296875,15594.66015625,15599.419921875,0,2026-06-10 12:10:00
15599.9296875,15603.9501953125,15584.3095703125,15592.41015625,0,2026-06-10 12:15:00
15597.1201171875,15614.599609375,15586.990234375,15592.1396484375,0,2026-06-10 12:20:00
15590.150390625,15610.16015625,15586.830078125,15604.9599609375,0,2026-06-10 12:25:00
15606.5703125,15673.900390625,15603.6904296875,15673.4404296875,0,2026-06-10 12:30:00
15672.0400390625,15692.48046875,15648.740234375,15677.91015625,0,2026-06-10 12:35:00
15676.650390625,15677.41015625,15629.490234375,15636.76953125,0,2026-06-10 12:40:00
15635.1298828125,15651.5400390625,15632.76953125,15641.2099609375,0,2026-06-10 12:45:00
15642.3203125,15657.509765625,15623.16015625,15656.66015625,0,2026-06-10 12:50:00
15652.3203125,15653.669921875,15612.2998046875,15616.1904296875,0,2026-06-10 12:55:00
15614.16015625,15629.6796875,15608.8896484375,15622.1796875,0,2026-06-10 13:00:00
15622.6904296875,15637.740234375,15615.4501953125,15637.740234375,0,2026-06-10 13:05:00
15636.8701171875,15638.3095703125,15614.080078125,15621.73046875,0,2026-06-10 13:10:00
15618.83984375,15624.4296875,15602.1103515625,15611.3603515625,0,2026-06-10 13:15:00
15612.0703125,15612.0703125,15592.9404296875,15601.2900390625,0,2026-06-10 13:20:00
15600.8095703125,15628.5703125,15599.8203125,15615.2900390625,0,2026-06-10 13:25:00
15613.7001953125,15630.419921875,15611.4296875,15626.419921875,0,2026-06-10 13:30:00
15627.919921875,15678.8603515625,15621.4296875,15669.6904296875,0,2026-06-10 13:35:00
15671.3095703125,15731.76953125,15668.7998046875,15728.580078125,0,2026-06-10 13:40:00
15727.9404296875,15749.83984375,15724.419921875,15735.91015625,0,2026-06-10 13:45:00
15736.98046875,15744.3603515625,15696.080078125,15699.900390625,0,2026-06-10 13:50:00
15700.349609375,15719.48046875,15684.6796875,15704.66015625,0,2026-06-10 13:55:00
15706.3095703125,15714.2900390625,15691.76953125,15692.83984375,0,2026-06-10 14:00:00
15694.7001953125,15701.759765625,15677.5400390625,15697.669921875,0,2026-06-10 14:05:00
15697.33984375,15698.4404296875,15655.66015625,15656.16015625,0,2026-06-10 14:10:00
15655.9697265625,15668.3095703125,15648.8798828125,15656.26953125,0,2026-06-10 14:15:00
15655.91015625,15671.400390625,15644.240234375,15665.9296875,0,2026-06-10 14:20:00
15665.900390625,15665.900390625,15623.099609375,15625.73046875,0,2026-06-10 14:25:00
15625.5400390625,15656.9296875,15620.25,15654.900390625,0,2026-06-10 14:30:00
15655.3896484375,15663.9404296875,15645.1396484375,15645.990234375,0,2026-06-10 14:35:00
15646.7802734375,15676.150390625,15646.7802734375,15673.759765625,0,2026-06-10 14:40:00
15673.58984375,15705.4697265625,15673.58984375,15705.4697265625,0,2026-06-10 14:45:00
15702.7197265625,15708.3701171875,15679.830078125,15690.9697265625,0,2026-06-10 14:50:00
15688.98046875,15697.0595703125,15664.75,15667.66015625,0,2026-06-10 14:55:00
15646.9404296875,15703.900390625,15646.9404296875,15703.900390625,0,2026-06-11 06:55:00
15703.900390625,15754.33984375,15689.23046875,15700.7099609375,0,2026-06-11 07:00:00
15707.009765625,15710.2001953125,15668.3798828125,15693.7900390625,0,2026-06-11 07:05:00
15696.580078125,15735.8095703125,15692.8095703125,15725.66015625,0,2026-06-11 07:10:00
15727.4296875,15753.669921875,15704.9697265625,15745.650390625,0,2026-06-11 07:15:00
15752.259765625,15799.169921875,15748.150390625,15787.669921875,0,2026-06-11 07:20:00
15786.349609375,15827.7998046875,15782.2197265625,15821.0,0,2026-06-11 07:25:00
15824.08984375,15843.740234375,15812.1396484375,15836.2900390625,0,2026-06-11 07:30:00
15837.3203125,15846.0,15818.330078125,15833.8203125,0,2026-06-11 07:35:00
15833.7900390625,15833.7900390625,15805.6201171875,15805.6201171875,0,2026-06-11 07:40:00
15806.5703125,15816.740234375,15785.900390625,15793.3203125,0,2026-06-11 07:45:00
15793.3203125,15801.900390625,15784.1298828125,15799.0498046875,0,2026-06-11 07:50:00
15801.1103515625,15802.5302734375,15782.0498046875,15790.73046875,0,2026-06-11 07:55:00
15789.3798828125,15804.51953125,15783.73046875,15784.8896484375,0,2026-06-11 08:00:00
15787.33984375,15791.8203125,15763.3798828125,15767.490234375,0,2026-06-11 08:05:00
15765.990234375,15787.009765625,15765.1103515625,15782.41015625,0,2026-06-11 08:10:00
15783.8095703125,15794.66015625,15775.9501953125,15780.650390625,0,2026-06-11 08:15:00
15783.01953125,15787.5703125,15766.349609375,15783.5498046875,0,2026-06-11 08:20:00
15784.5,15788.0302734375,15762.1298828125,15762.2900390625,0,2026-06-11 08:25:00
15762.150390625,15774.25,15759.0498046875,15765.4599609375,0,2026-06-11 08:30:00
15764.349609375,15787.0302734375,15763.419921875,15777.6396484375,0,2026-06-11 08:35:00
15778.3203125,15778.4697265625,15755.6396484375,15755.6396484375,0,2026-06-11 08:40:00
15755.080078125,15765.5703125,15747.33984375,15753.2197265625,0,2026-06-11 08:45:00
15752.6796875,15765.2900390625,15741.3095703125,15746.5595703125,0,2026-06-11 08:50:00
15746.5,15748.1396484375,15728.8203125,15732.650390625,0,2026-06-11 08:55:00
15733.3798828125,15733.3798828125,15703.73046875,15706.4404296875,0,2026-06-11 09:00:00
15705.4697265625,15709.1103515625,15679.5595703125,15679.5595703125,0,2026-06-11 09:05:00
15682.9599609375,15684.5498046875,15660.0302734375,15663.51953125,0,2026-06-11 09:10:00
15662.9404296875,15679.9599609375,15658.7197265625,15660.2998046875,0,2026-06-11 09:15:00
15664.2900390625,15664.2900390625,15643.009765625,15645.0703125,0,2026-06-11 09:20:00
15643.919921875,15655.6396484375,15634.0302734375,15637.2197265625,0,2026-06-11 09:25:00
15635.01953125,15647.2001953125,15624.5400390625,15634.490234375,0,2026-06-11 09:30:00
15637.3896484375,15648.16015625,15633.4599609375,15645.8095703125,0,2026-06-11 09:35:00
15645.8095703125,15648.8896484375,15635.509765625,15640.330078125,0,2026-06-11 09:40:00
15641.1103515625,15647.900390625,15634.01953125,15647.3095703125,0,2026-06-11 09:45:00
15647.8603515625,15654.2998046875,15637.8603515625,15645.0703125,0,2026-06-11 09:50:00
15644.419921875,15648.3798828125,15638.01953125,15639.740234375,0,2026-06-11 09:55:00
15638.4501953125,15667.509765625,15636.759765625,15645.33984375,0,2026-06-11 10:00:00
15645.33984375,15646.580078125,15633.66015625,15639.1396484375,0,2026-06-11 10:05:00
15636.7802734375,15639.150390625,15623.08984375,15624.599609375,0,2026-06-11 10:10:00
15623.73046875,15639.240234375,15619.990234375,15629.51953125,0,2026-06-11 10:15:00
15631.01953125,15643.3203125,15620.8896484375,15641.509765625,0,2026-06-11 10:20:00
15641.48046875,15649.3701171875,15633.83984375,15637.1201171875,0,2026-06-11 10:25:00
15638.1396484375,15647.259765625,15626.400390625,15641.169921875,0,2026-06-11 10:30:00
15642.8701171875,15660.23046875,15642.2998046875,15659.5703125,0,2026-06-11 10:35:00
15659.9599609375,15672.48046875,15656.0,15669.8203125,0,2026-06-11 10:40:00
15669.8095703125,15681.6201171875,15665.75,15670.7900390625,0,2026-06-11 10:45:00
15672.33984375,15676.7802734375,15663.2998046875,15676.1904296875,0,2026-06-11 10:50:00
15674.9697265625,15678.26953125,15662.6201171875,15668.41015625,0,2026-06-11 10:55:00
15670.33984375,15713.900390625,15649.48046875,15678.3095703125,0,2026-06-11 11:00:00
15677.580078125,15682.91015625,15647.1103515625,15660.580078125,0,2026-06-11 11:05:00
15661.25,15667.5,15654.8896484375,15658.669921875,0,2026-06-11 11:10:00
15657.990234375,15681.26953125,15655.2197265625,15677.7802734375,0,2026-06-11 11:15:00
15678.0703125,15681.5595703125,15663.0302734375,15679.0703125,0,2026-06-11 11:20:00
15677.8603515625,15750.4501953125,15676.0595703125,15750.4501953125,0,2026-06-11 11:25:00
15755.4404296875,15785.099609375,15723.650390625,15729.0302734375,0,2026-06-11 11:30:00
15731.1796875,15732.2197265625,15708.76953125,15709.6103515625,0,2026-06-11 11:35:00
15711.2001953125,15715.3798828125,15681.1796875,15681.1796875,0,2026-06-11 11:40:00
15682.26953125,15687.650390625,15655.4501953125,15663.3203125,0,2026-06-11 11:45:00
15661.6103515625,15676.76953125,15654.900390625,15671.509765625,0,2026-06-11 11:50:00
15672.1796875,15681.26953125,15661.4404296875,15678.73046875,0,2026-06-11 11:55:00
15676.580078125,15690.009765625,15673.23046875,15685.0703125,0,2026-06-11 12:00:00
15684.58984375,15698.98046875,15678.6298828125,15679.9501953125,0,2026-06-11 12:05:00
15680.490234375,15684.1201171875,15652.7001953125,15655.0498046875,0,2026-06-11 12:10:00
15654.3798828125,15656.2998046875,15591.3896484375,15593.9296875,0,2026-06-11 12:15:00
15596.5595703125,15610.7900390625,15552.419921875,15561.009765625,0,2026-06-11 12:20:00
15559.41015625,15596.5498046875,15550.8896484375,15568.51953125,0,2026-06-11 12:25:00
15568.66015625,15573.900390625,15531.080078125,15549.759765625,0,2026-06-11 12:30:00
15548.8798828125,15556.0703125,15519.8203125,15519.8203125,0,2026-06-11 12:35:00
15523.3798828125,15530.0595703125,15473.5498046875,15492.900390625,0,2026-06-11 12:40:00
15495.919921875,15530.16015625,15489.740234375,15521.9501953125,0,2026-06-11 12:45:00
15522.5400390625,15523.0,15502.75,15518.5302734375,0,2026-06-11 12:50:00
15511.5400390625,15515.240234375,15488.41015625,15503.5400390625,0,2026-06-11 12:55:00
15504.1103515625,15530.7900390625,15484.48046875,15530.2802734375,0,2026-06-11 13:00:00
15529.6396484375,15530.669921875,15497.7998046875,15500.240234375,0,2026-06-11 13:05:00
15500.1904296875,15505.400390625,15491.509765625,15496.509765625,0,2026-06-11 13:10:00
15500.599609375,15519.2802734375,15474.509765625,15481.009765625,0,2026-06-11 13:15:00
15480.400390625,15484.490234375,15463.7900390625,15477.1796875,0,2026-06-11 13:20:00
15478.1396484375,15493.2998046875,15468.1796875,15484.5302734375,0,2026-06-11 13:25:00
15485.51953125,15536.75,15481.099609375,15518.2099609375,0,2026-06-11 13:30:00
15517.650390625,15556.08984375,15507.26953125,15534.1103515625,0,2026-06-11 13:35:00
15535.419921875,15559.7197265625,15515.2802734375,15555.8203125,0,2026-06-11 13:40:00
15554.240234375,15605.669921875,15553.669921875,15578.0400390625,0,2026-06-11 13:45:00
15576.8798828125,15598.66015625,15572.2998046875,15576.16015625,0,2026-06-11 13:50:00
15577.4599609375,15577.4599609375,15548.2998046875,15551.2998046875,0,2026-06-11 13:55:00
15550.75,15571.3095703125,15550.75,15568.0302734375,0,2026-06-11 14:00:00
15564.0302734375,15567.8203125,15538.1201171875,15539.4404296875,0,2026-06-11 14:05:00
15540.2197265625,15543.23046875,15519.4296875,15528.1904296875,0,2026-06-11 14:10:00
15529.6103515625,15545.8203125,15524.7998046875,15527.5,0,2026-06-11 14:15:00
15528.0595703125,15567.3095703125,15527.400390625,15566.33984375,0,2026-06-11 14:20:00
15566.2802734375,15586.41015625,15551.259765625,15561.8896484375,0,2026-06-11 14:25:00
15561.7001953125,15593.080078125,15548.3701171875,15590.9697265625,0,2026-06-11 14:30:00
15592.259765625,15637.5498046875,15587.2802734375,15637.5498046875,0,2026-06-11 14:35:00
15643.08984375,15673.0400390625,15634.1396484375,15649.830078125,0,2026-06-11 14:40:00
15652.01953125,15675.7197265625,15646.7197265625,15675.7197265625,0,2026-06-11 14:45:00
15671.8095703125,15708.0498046875,15663.6396484375,15707.0400390625,0,2026-06-11 14:50:00
15702.509765625,15716.349609375,15679.8896484375,15685.7197265625,0,2026-06-11 14:55:00
15698.849609375,15899.169921875,15698.849609375,15899.169921875,0,2026-06-12 06:55:00
15899.169921875,15916.900390625,15873.8203125,15880.740234375,0,2026-06-12 07:00:00
15881.2001953125,15887.509765625,15828.66015625,15839.7802734375,0,2026-06-12 07:05:00
15838.41015625,15870.599609375,15821.66015625,15836.2802734375,0,2026-06-12 07:10:00
15839.0302734375,15843.0,15806.0302734375,15806.0302734375,0,2026-06-12 07:15:00
15807.2099609375,15810.080078125,15795.4296875,15796.7900390625,0,2026-06-12 07:20:00
15796.259765625,15800.830078125,15763.1298828125,15772.75,0,2026-06-12 07:25:00
15770.8896484375,15801.099609375,15770.8896484375,15796.2802734375,0,2026-06-12 07:30:00
15794.009765625,15814.33984375,15794.009765625,15814.33984375,0,2026-06-12 07:35:00
15814.51953125,15826.48046875,15810.98046875,15822.2900390625,0,2026-06-12 07:40:00
15821.5498046875,15835.41015625,15812.3896484375,15812.8095703125,0,2026-06-12 07:45:00
15813.240234375,15836.73046875,15811.3896484375,15820.1796875,0,2026-06-12 07:50:00
15820.2197265625,15847.8203125,15814.33984375,15836.8203125,0,2026-06-12 07:55:00
15836.58984375,15881.740234375,15830.400390625,15881.740234375,0,2026-06-12 08:00:00
15879.5595703125,16012.3896484375,15869.25,16004.740234375,0,2026-06-12 08:05:00
16002.6904296875,16115.0400390625,16000.830078125,16105.6201171875,0,2026-06-12 08:10:00
16103.2099609375,16106.7001953125,16029.7001953125,16041.330078125,0,2026-06-12 08:15:00
16043.169921875,16106.259765625,16035.849609375,16106.259765625,0,2026-06-12 08:20:00
16111.0,16129.41015625,16090.2998046875,16111.150390625,0,2026-06-12 08:25:00
16112.099609375,16113.51953125,16085.849609375,16098.76953125,0,2026-06-12 08:30:00
16098.419921875,16141.759765625,16092.400390625,16134.740234375,0,2026-06-12 08:35:00
16138.7998046875,16141.2099609375,16100.349609375,16134.2802734375,0,2026-06-12 08:40:00
16133.2197265625,16147.26953125,16112.9697265625,16136.400390625,0,2026-06-12 08:45:00
16137.58984375,16144.2802734375,16117.259765625,16130.1201171875,0,2026-06-12 08:50:00
16131.16015625,16148.1796875,16126.759765625,16133.849609375,0,2026-06-12 08:55:00
16134.26953125,16159.76953125,16127.830078125,16147.599609375,0,2026-06-12 09:00:00
16148.9697265625,16168.76953125,16147.23046875,16161.099609375,0,2026-06-12 09:05:00
16159.7998046875,16163.76953125,16135.650390625,16137.080078125,0,2026-06-12 09:10:00
16137.080078125,16152.9404296875,16133.150390625,16136.41015625,0,2026-06-12 09:15:00
16134.669921875,16149.419921875,16126.900390625,16144.169921875,0,2026-06-12 09:20:00
16144.2802734375,16162.759765625,16138.759765625,16154.08984375,0,2026-06-12 09:25:00
16152.7001953125,16164.7998046875,16134.3603515625,16163.8701171875,0,2026-06-12 09:30:00
16163.58984375,16177.7998046875,16159.5498046875,16176.740234375,0,2026-06-12 09:35:00
16175.9501953125,16186.8798828125,16163.669921875,16184.490234375,0,2026-06-12 09:40:00
16184.41015625,16185.5,16149.7001953125,16151.01953125,0,2026-06-12 09:45:00
16151.3095703125,16170.830078125,16140.759765625,16140.759765625,0,2026-06-12 09:50:00
16147.01953125,16147.01953125,16109.4599609375,16112.3896484375,0,2026-06-12 09:55:00
16112.1396484375,16130.9599609375,16109.0595703125,16129.5498046875,0,2026-06-12 10:00:00
16128.4501953125,16150.8798828125,16120.7802734375,16146.76953125,0,2026-06-12 10:05:00
16137.75,16144.0302734375,16125.1201171875,16135.830078125,0,2026-06-12 10:10:00
16135.91015625,16139.0703125,16117.009765625,16121.1298828125,0,2026-06-12 10:15:00
16121.2802734375,16123.5498046875,16107.7998046875,16116.2802734375,0,2026-06-12 10:20:00
16116.2802734375,16116.919921875,16049.2900390625,16049.2900390625,0,2026-06-12 10:25:00
16049.580078125,16100.400390625,16049.580078125,16093.51953125,0,2026-06-12 10:30:00
16093.0703125,16101.849609375,16087.599609375,16088.6796875,0,2026-06-12 10:35:00
16086.919921875,16103.5498046875,16083.9501953125,16097.1103515625,0,2026-06-12 10:40:00
16098.76953125,16122.58984375,16093.0498046875,16114.5703125,0,2026-06-12 10:45:00
16115.259765625,16155.2197265625,16111.8603515625,16149.5,0,2026-06-12 10:50:00
16150.2099609375,16161.01953125,16134.7900390625,16145.8798828125,0,2026-06-12 10:55:00
16146.1103515625,16151.2099609375,16123.2802734375,16133.3095703125,0,2026-06-12 11:00:00
16133.8896484375,16140.4697265625,16126.0,16134.8603515625,0,2026-06-12 11:05:00
16137.900390625,16152.599609375,16131.2099609375,16149.419921875,0,2026-06-12 11:10:00
16147.7900390625,16150.7197265625,16130.900390625,16136.4296875,0,2026-06-12 11:15:00
16136.419921875,16145.2197265625,16129.6103515625,16140.099609375,0,2026-06-12 11:20:00
16139.080078125,16139.080078125,16115.509765625,16117.1904296875,0,2026-06-12 11:25:00
16115.490234375,16119.849609375,16096.98046875,16098.51953125,0,2026-06-12 11:30:00
16096.259765625,16099.490234375,16073.7900390625,16089.7802734375,0,2026-06-12 11:35:00
16094.349609375,16109.5595703125,16083.51953125,16096.1396484375,0,2026-06-12 11:40:00
16096.9501953125,16102.01953125,16080.099609375,16090.1796875,0,2026-06-12 11:45:00
16089.830078125,16101.759765625,16077.4599609375,16098.41015625,0,2026-06-12 11:50:00
16097.8603515625,16108.6796875,16085.8603515625,16087.8798828125,0,2026-06-12 11:55:00
16090.080078125,16096.26953125,16074.6201171875,16075.490234375,0,2026-06-12 12:00:00
16076.9404296875,16089.51953125,16067.48046875,16087.400390625,0,2026-06-12 12:05:00
16086.919921875,16094.0400390625,16051.4296875,16052.1298828125,0,2026-06-12 12:10:00
16055.9501953125,16084.25,16050.669921875,16082.6103515625,0,2026-06-12 12:15:00
16079.1904296875,16086.9697265625,16071.0595703125,16076.4697265625,0,2026-06-12 12:20:00
16077.009765625,16080.6904296875,16065.3603515625,16074.1904296875,0,2026-06-12 12:25:00
16072.98046875,16094.26953125,16063.9697265625,16092.01953125,0,2026-06-12 12:30:00
16089.2001953125,16089.91015625,16072.0703125,16076.58984375,0,2026-06-12 12:35:00
16077.2001953125,16087.4404296875,16062.900390625,16068.16015625,0,2026-06-12 12:40:00
16067.6201171875,16070.3798828125,16014.7802734375,16019.4697265625,0,2026-06-12 12:45:00
16018.5498046875,16047.3095703125,16002.6103515625,16008.240234375,0,2026-06-12 12:50:00
16009.66015625,16010.01953125,15985.330078125,15985.330078125,0,2026-06-12 12:55:00
15984.2197265625,15985.0595703125,15954.5595703125,15958.5302734375,0,2026-06-12 13:00:00
15957.51953125,15977.9296875,15951.3603515625,15976.580078125,0,2026-06-12 13:05:00
15980.3203125,15997.1298828125,15970.7099609375,15977.66015625,0,2026-06-12 13:10:00
15977.16015625,15997.9599609375,15973.3896484375,15987.51953125,0,2026-06-12 13:15:00
15997.009765625,16005.51953125,15974.9697265625,15988.9296875,0,2026-06-12 13:20:00
15990.4599609375,15994.8896484375,15977.3603515625,15978.8095703125,0,2026-06-12 13:25:00
15981.3203125,16005.91015625,15913.9501953125,15930.6796875,0,2026-06-12 13:30:00
15928.4599609375,15978.4296875,15927.0595703125,15959.259765625,0,2026-06-12 13:35:00
15961.4404296875,15961.4404296875,15848.330078125,15848.330078125,0,2026-06-12 13:40:00
15853.759765625,15854.1904296875,15808.0,15821.3798828125,0,2026-06-12 13:45:00
15820.7197265625,15850.759765625,15811.8701171875,15839.8095703125,0,2026-06-12 13:50:00
15841.8095703125,15841.8095703125,15787.48046875,15787.48046875,0,2026-06-12 13:55:00
15785.3896484375,15829.5400390625,15773.330078125,15818.849609375,0,2026-06-12 14:00:00
15819.25,15847.990234375,15796.400390625,15844.1103515625,0,2026-06-12 14:05:00
15843.099609375,15851.7001953125,15778.650390625,15781.0703125,0,2026-06-12 14:10:00
15779.9404296875,15817.8603515625,15772.4501953125,15810.0400390625,0,2026-06-12 14:15:00
15813.259765625,15840.830078125,15800.1201171875,15805.8095703125,0,2026-06-12 14:20:00
15805.330078125,15841.91015625,15805.330078125,15819.2802734375,0,2026-06-12 14:25:00
15819.41015625,15848.8896484375,15817.6201171875,15844.490234375,0,2026-06-12 14:30:00
15842.6396484375,15882.6796875,15834.3798828125,15872.3798828125,0,2026-06-12 14:35:00
15870.900390625,15876.2001953125,15835.080078125,15841.73046875,0,2026-06-12 14:40:00
15841.7900390625,15875.330078125,15841.7900390625,15862.98046875,0,2026-06-12 14:45:00
15865.41015625,15899.0595703125,15852.7900390625,15891.7900390625,0,2026-06-12 14:50:00
15892.740234375,15937.9697265625,15884.41015625,15936.3701171875,0,2026-06-12 14:55:00
15939.4599609375,16458.330078125,15939.4599609375,16458.330078125,0,2026-06-15 06:55:00
16458.330078125,16458.330078125,16340.9296875,16358.900390625,0,2026-06-15 07:00:00
16360.6298828125,16407.890625,16360.6298828125,16387.099609375,0,2026-06-15 07:05:00
16390.140625,16421.900390625,16378.349609375,16419.580078125,0,2026-06-15 07:10:00
16422.0390625,16449.76953125,16395.560546875,16440.83984375,0,2026-06-15 07:15:00
16442.240234375,16450.939453125,16387.4609375,16387.58984375,0,2026-06-15 07:20:00
16389.4296875,16393.5703125,16369.650390625,16393.5703125,0,2026-06-15 07:25:00
16392.080078125,16409.740234375,16373.9599609375,16406.26953125,0,2026-06-15 07:30:00
16402.349609375,16425.970703125,16400.19921875,16416.6796875,0,2026-06-15 07:35:00
16415.380859375,16425.76953125,16386.140625,16397.390625,0,2026-06-15 07:40:00
16398.529296875,16423.259765625,16395.94921875,16415.109375,0,2026-06-15 07:45:00
16419.220703125,16419.220703125,16392.640625,16406.2890625,0,2026-06-15 07:50:00
16404.0390625,16408.1796875,16364.990234375,16368.3095703125,0,2026-06-15 07:55:00
16372.0703125,16385.380859375,16361.08984375,16371.7900390625,0,2026-06-15 08:00:00
16371.3896484375,16375.5400390625,16339.23046875,16342.509765625,0,2026-06-15 08:05:00
16342.1298828125,16349.41015625,16315.349609375,16321.2197265625,0,2026-06-15 08:10:00
16318.3798828125,16334.7099609375,16304.5302734375,16324.5400390625,0,2026-06-15 08:15:00
16322.099609375,16335.509765625,16317.26953125,16328.1396484375,0,2026-06-15 08:20:00
16328.2197265625,16363.0,16328.2197265625,16356.4501953125,0,2026-06-15 08:25:00
16359.3896484375,16360.1796875,16336.8603515625,16354.419921875,0,2026-06-15 08:30:00
16350.9296875,16382.6201171875,16345.51953125,16379.3603515625,0,2026-06-15 08:35:00
16384.01953125,16389.51953125,16367.4599609375,16389.51953125,0,2026-06-15 08:40:00
16390.01953125,16402.8203125,16376.9501953125,16383.669921875,0,2026-06-15 08:45:00
16387.16015625,16397.830078125,16370.7998046875,16376.8701171875,0,2026-06-15 08:50:00
16374.6103515625,16393.390625,16374.6103515625,16381.5703125,0,2026-06-15 08:55:00
16380.1796875,16392.05078125,16378.759765625,16388.419921875,0,2026-06-15 09:00:00
16388.849609375,16405.560546875,16381.5703125,16405.560546875,0,2026-06-15 09:05:00
16404.08984375,16410.9609375,16396.689453125,16401.720703125,0,2026-06-15 09:10:00
16401.150390625,16401.220703125,16379.3896484375,16379.3896484375,0,2026-06-15 09:15:00
16380.3095703125,16392.5390625,16372.1103515625,16389.580078125,0,2026-06-15 09:20:00
16391.4296875,16407.41015625,16388.01953125,16405.16015625,0,2026-06-15 09:25:00
16404.76953125,16425.990234375,16400.98046875,16425.490234375,0,2026-06-15 09:30:00
16431.009765625,16448.640625,16424.939453125,16445.060546875,0,2026-06-15 09:35:00
16443.669921875,16450.2890625,16436.58984375,16440.98046875,0,2026-06-15 09:40:00
16441.0703125,16462.890625,16441.0703125,16454.810546875,0,2026-06-15 09:45:00
16454.369140625,16503.25,16453.91015625,16493.650390625,0,2026-06-15 09:50:00
16493.689453125,16493.689453125,16461.869140625,16470.740234375,0,2026-06-15 09:55:00
16471.109375,16482.80078125,16463.630859375,16477.2890625,0,2026-06-15 10:00:00
16480.619140625,16497.5390625,16478.130859375,16492.150390625,0,2026-06-15 10:05:00
16490.970703125,16513.470703125,16489.6796875,16506.30078125,0,2026-06-15 10:10:00
16506.689453125,16525.779296875,16504.869140625,16522.849609375,0,2026-06-15 10:15:00
16522.109375,16551.640625,16517.30078125,16551.640625,0,2026-06-15 10:20:00
16551.83984375,16552.359375,16533.330078125,16542.0,0,2026-06-15 10:25:00
16541.599609375,16552.150390625,16532.75,16546.849609375,0,2026-06-15 10:30:00
16546.990234375,16575.8203125,16544.3203125,16566.169921875,0,2026-06-15 10:35:00
16567.75,16579.060546875,16553.330078125,16557.359375,0,2026-06-15 10:40:00
16557.169921875,16582.380859375,16552.009765625,16578.880859375,0,2026-06-15 10:45:00
16577.990234375,16592.4609375,16573.919921875,16588.529296875,0,2026-06-15 10:50:00
16589.51953125,16599.94921875,16577.1796875,16595.0390625,0,2026-06-15 10:55:00
16591.16015625,16605.419921875,16586.490234375,16598.349609375,0,2026-06-15 11:00:00
16600.48046875,16603.5,16581.58984375,16596.130859375,0,2026-06-15 11:05:00
16593.4609375,16596.830078125,16572.580078125,16574.44921875,0,2026-06-15 11:10:00
16573.73046875,16582.98046875,16568.900390625,16577.080078125,0,2026-06-15 11:15:00
16575.1796875,16590.650390625,16569.80078125,16587.58984375,0,2026-06-15 11:20:00
16586.380859375,16594.19921875,16579.2109375,16594.19921875,0,2026-06-15 11:25:00
16593.080078125,16614.25,16591.5,16606.939453125,0,2026-06-15 11:30:00
16606.599609375,16617.83984375,16599.0,16610.490234375,0,2026-06-15 11:35:00
16610.669921875,16626.48046875,16607.26953125,16614.759765625,0,2026-06-15 11:40:00
16618.0703125,16642.279296875,16613.75,16635.359375,0,2026-06-15 11:45:00
16635.33984375,16655.509765625,16623.73046875,16649.630859375,0,2026-06-15 11:50:00
16650.599609375,16651.439453125,16630.310546875,16634.490234375,0,2026-06-15 11:55:00
16633.470703125,16633.970703125,16601.509765625,16602.51953125,0,2026-06-15 12:00:00
16603.720703125,16609.740234375,16571.7109375,16574.900390625,0,2026-06-15 12:05:00
16572.580078125,16588.830078125,16568.259765625,16574.30078125,0,2026-06-15 12:10:00
16577.880859375,16582.5390625,16565.9609375,16580.5703125,0,2026-06-15 12:15:00
16577.439453125,16602.05078125,16569.05078125,16599.8203125,0,2026-06-15 12:20:00
16599.140625,16604.689453125,16590.390625,16596.830078125,0,2026-06-15 12:25:00
16598.220703125,16612.2890625,16595.880859375,16599.330078125,0,2026-06-15 12:30:00
16600.990234375,16603.16015625,16581.240234375,16600.509765625,0,2026-06-15 12:35:00
16602.55078125,16621.73046875,16599.169921875,16612.669921875,0,2026-06-15 12:40:00
16613.23046875,16617.859375,16604.1796875,16610.939453125,0,2026-06-15 12:45:00
16610.91015625,16614.75,16601.01953125,16606.609375,0,2026-06-15 12:50:00
16605.099609375,16616.6796875,16601.390625,16606.279296875,0,2026-06-15 12:55:00
16606.390625,16611.060546875,16585.419921875,16585.419921875,0,2026-06-15 13:00:00
16587.2109375,16609.490234375,16582.44921875,16607.2109375,0,2026-06-15 13:05:00
16609.240234375,16629.599609375,16604.419921875,16628.029296875,0,2026-06-15 13:10:00
16627.5703125,16631.51953125,16613.240234375,16621.060546875,0,2026-06-15 13:15:00
16621.8203125,16622.359375,16605.830078125,16608.369140625,0,2026-06-15 13:20:00
16609.5,16620.51953125,16594.48046875,16618.98046875,0,2026-06-15 13:25:00
16620.080078125,16621.5390625,16593.94921875,16611.9609375,0,2026-06-15 13:30:00
16613.720703125,16643.23046875,16613.220703125,16621.30078125,0,2026-06-15 13:35:00
16621.140625,16626.810546875,16612.3203125,16618.48046875,0,2026-06-15 13:40:00
16618.310546875,16628.359375,16602.44921875,16628.25,0,2026-06-15 13:45:00
16628.529296875,16643.91015625,16623.080078125,16638.740234375,0,2026-06-15 13:50:00
16638.359375,16644.609375,16617.400390625,16619.400390625,0,2026-06-15 13:55:00
16620.419921875,16620.419921875,16599.01953125,16610.369140625,0,2026-06-15 14:00:00
16607.41015625,16641.609375,16606.66015625,16634.91015625,0,2026-06-15 14:05:00
16633.919921875,16645.990234375,16608.830078125,16612.7109375,0,2026-06-15 14:10:00
16611.990234375,16612.259765625,16598.16015625,16605.630859375,0,2026-06-15 14:15:00
16605.630859375,16622.7109375,16596.619140625,16614.8203125,0,2026-06-15 14:20:00
16614.19921875,16635.83984375,16609.560546875,16617.390625,0,2026-06-15 14:25:00
16619.359375,16619.359375,16592.029296875,16593.6796875,0,2026-06-15 14:30:00
16593.4296875,16616.939453125,16589.240234375,16608.6796875,0,2026-06-15 14:35:00
16607.369140625,16621.3203125,16591.470703125,16614.220703125,0,2026-06-15 14:40:00
16615.55078125,16662.869140625,16614.55078125,16649.26953125,0,2026-06-15 14:45:00
16653.7109375,16672.310546875,16651.23046875,16659.80078125,0,2026-06-15 14:50:00
16659.66015625,16660.689453125,16623.58984375,16631.05078125,0,2026-06-15 14:55:00
16587.1796875,16625.0,16587.1796875,16625.0,0,2026-06-16 06:55:00
16625.0,16688.5,16625.0,16661.859375,0,2026-06-16 07:00:00
16662.189453125,16678.73046875,16628.2890625,16666.279296875,0,2026-06-16 07:05:00
16666.2109375,16693.060546875,16649.369140625,16688.240234375,0,2026-06-16 07:10:00
16683.9296875,16699.970703125,16677.779296875,16688.279296875,0,2026-06-16 07:15:00
16688.169921875,16699.970703125,16666.720703125,16690.009765625,0,2026-06-16 07:20:00
16682.94921875,16716.890625,16681.76953125,16704.900390625,0,2026-06-16 07:25:00
16705.30078125,16707.140625,16664.419921875,16669.330078125,0,2026-06-16 07:30:00
16671.2109375,16679.91015625,16651.619140625,16677.2109375,0,2026-06-16 07:35:00
16675.7890625,16680.26953125,16648.349609375,16651.69921875,0,2026-06-16 07:40:00
16652.5,16665.880859375,16639.66015625,16644.98046875,0,2026-06-16 07:45:00
16645.4296875,16658.8203125,16637.109375,16640.51953125,0,2026-06-16 07:50:00
16642.279296875,16660.630859375,16639.630859375,16646.55078125,0,2026-06-16 07:55:00
16646.470703125,16663.919921875,16641.80078125,16660.529296875,0,2026-06-16 08:00:00
16658.98046875,16686.23046875,16658.98046875,16684.380859375,0,2026-06-16 08:05:00
16683.580078125,16692.599609375,16668.310546875,16672.580078125,0,2026-06-16 08:10:00
16676.099609375,16681.689453125,16657.640625,16659.640625,0,2026-06-16 08:15:00
16659.330078125,16659.330078125,16622.19921875,16632.7890625,0,2026-06-16 08:20:00
16633.939453125,16642.0703125,16624.599609375,16639.51953125,0,2026-06-16 08:25:00
16636.1796875,16643.779296875,16623.6796875,16625.75,0,2026-06-16 08:30:00
16628.220703125,16644.55078125,16616.150390625,16623.55078125,0,2026-06-16 08:35:00
16624.509765625,16649.33984375,16621.7890625,16641.390625,0,2026-06-16 08:40:00
16643.16015625,16658.220703125,16632.310546875,16654.390625,0,2026-06-16 08:45:00
16654.5,16658.369140625,16640.5390625,16658.369140625,0,2026-06-16 08:50:00
16658.01953125,16661.619140625,16650.060546875,16661.330078125,0,2026-06-16 08:55:00
16659.830078125,16666.650390625,16656.619140625,16661.2890625,0,2026-06-16 09:00:00
16661.44921875,16676.0,16659.1796875,16667.560546875,0,2026-06-16 09:05:00
16666.990234375,16684.029296875,16657.029296875,16682.76953125,0,2026-06-16 09:10:00
16682.259765625,16695.140625,16676.310546875,16676.310546875,0,2026-06-16 09:15:00
16676.310546875,16695.599609375,16668.509765625,16692.220703125,0,2026-06-16 09:20:00
16693.7890625,16711.94921875,16682.33984375,16697.0390625,0,2026-06-16 09:25:00
16697.599609375,16711.109375,16689.0703125,16691.66015625,0,2026-06-16 09:30:00
16689.970703125,16701.259765625,16684.630859375,16697.240234375,0,2026-06-16 09:35:00
16696.560546875,16702.380859375,16688.609375,16689.66015625,0,2026-06-16 09:40:00
16692.119140625,16699.529296875,16682.4296875,16697.130859375,0,2026-06-16 09:45:00
16697.240234375,16715.25,16696.990234375,16708.369140625,0,2026-06-16 09:50:00
16709.099609375,16725.310546875,16702.060546875,16712.8203125,0,2026-06-16 09:55:00
16714.91015625,16717.189453125,16689.390625,16700.69921875,0,2026-06-16 10:00:00
16701.380859375,16733.919921875,16698.609375,16733.26953125,0,2026-06-16 10:05:00
16731.779296875,16743.150390625,16723.279296875,16729.58984375,0,2026-06-16 10:10:00
16728.1796875,16759.880859375,16722.970703125,16758.400390625,0,2026-06-16 10:15:00
16759.400390625,16777.5,16750.349609375,16762.76953125,0,2026-06-16 10:20:00
16761.810546875,16768.919921875,16747.439453125,16765.080078125,0,2026-06-16 10:25:00
16765.66015625,16768.470703125,16736.779296875,16739.5,0,2026-06-16 10:30:00
16740.5390625,16742.5703125,16720.720703125,16724.2890625,0,2026-06-16 10:35:00
16723.16015625,16737.689453125,16719.189453125,16731.849609375,0,2026-06-16 10:40:00
16732.240234375,16738.810546875,16722.83984375,16728.05078125,0,2026-06-16 10:45:00
16727.6796875,16733.6796875,16720.650390625,16727.880859375,0,2026-06-16 10:50:00
16729.0,16741.369140625,16716.310546875,16724.240234375,0,2026-06-16 10:55:00
16723.01953125,16729.5390625,16713.1796875,16719.41015625,0,2026-06-16 11:00:00
16722.130859375,16722.130859375,16685.69921875,16691.640625,0,2026-06-16 11:05:00
16692.4609375,16702.390625,16684.91015625,16684.91015625,0,2026-06-16 11:10:00
16684.4609375,16690.8203125,16653.970703125,16659.490234375,0,2026-06-16 11:15:00
16659.310546875,16673.0703125,16652.4609375,16668.2109375,0,2026-06-16 11:20:00
16666.94921875,16670.919921875,16653.25,16662.66015625,0,2026-06-16 11:25:00
16662.33984375,16673.419921875,16650.109375,16656.9296875,0,2026-06-16 11:30:00
16656.150390625,16697.9609375,16652.55078125,16695.560546875,0,2026-06-16 11:35:00
16694.2109375,16698.669921875,16669.859375,16678.259765625,0,2026-06-16 11:40:00
16674.859375,16683.5703125,16620.830078125,16623.630859375,0,2026-06-16 11:45:00
16623.41015625,16623.41015625,16598.66015625,16611.140625,0,2026-06-16 11:50:00
16610.05078125,16619.369140625,16602.029296875,16613.5390625,0,2026-06-16 11:55:00
16612.400390625,16620.009765625,16596.33984375,16612.689453125,0,2026-06-16 12:00:00
16614.41015625,16647.119140625,16604.44921875,16646.01953125,0,2026-06-16 12:05:00
16647.330078125,16658.400390625,16639.669921875,16647.099609375,0,2026-06-16 12:10:00
16646.3203125,16648.01953125,16616.029296875,16619.0703125,0,2026-06-16 12:15:00
16620.130859375,16620.919921875,16597.119140625,16603.9296875,0,2026-06-16 12:20:00
16603.5,16610.23046875,16592.849609375,16607.830078125,0,2026-06-16 12:25:00
16605.01953125,16636.919921875,16605.01953125,16633.509765625,0,2026-06-16 12:30:00
16633.91015625,16664.05078125,16632.08984375,16660.759765625,0,2026-06-16 12:35:00
16661.349609375,16708.029296875,16647.740234375,16688.939453125,0,2026-06-16 12:40:00
16688.849609375,16717.8203125,16681.400390625,16686.73046875,0,2026-06-16 12:45:00
16687.69921875,16693.830078125,16671.8203125,16677.330078125,0,2026-06-16 12:50:00
16676.369140625,16684.33984375,16664.169921875,16668.619140625,0,2026-06-16 12:55:00
16669.080078125,16698.41015625,16664.5703125,16685.939453125,0,2026-06-16 13:00:00
16685.44921875,16708.94921875,16680.869140625,16699.189453125,0,2026-06-16 13:05:00
16704.30078125,16726.470703125,16696.369140625,16709.130859375,0,2026-06-16 13:10:00
16709.0703125,16712.4609375,16681.650390625,16688.5,0,2026-06-16 13:15:00
16691.880859375,16712.169921875,16686.580078125,16709.41015625,0,2026-06-16 13:20:00
16709.41015625,16728.5703125,16708.150390625,16726.01953125,0,2026-06-16 13:25:00
16726.380859375,16755.369140625,16724.640625,16751.169921875,0,2026-06-16 13:30:00
16744.98046875,16744.98046875,16712.51953125,16721.380859375,0,2026-06-16 13:35:00
16719.1796875,16732.98046875,16718.419921875,16721.4296875,0,2026-06-16 13:40:00
16722.650390625,16737.720703125,16718.060546875,16731.560546875,0,2026-06-16 13:45:00
16730.9296875,16736.650390625,16709.310546875,16712.109375,0,2026-06-16 13:50:00
16708.2109375,16726.689453125,16708.2109375,16719.060546875,0,2026-06-16 13:55:00
16720.51953125,16734.369140625,16703.5,16713.060546875,0,2026-06-16 14:00:00
16716.1796875,16716.1796875,16676.380859375,16685.349609375,0,2026-06-16 14:05:00
16686.619140625,16704.94921875,16667.859375,16670.669921875,0,2026-06-16 14:10:00
16670.58984375,16677.0,16637.619140625,16644.779296875,0,2026-06-16 14:15:00
16645.390625,16677.73046875,16645.25,16666.9609375,0,2026-06-16 14:20:00
16665.1796875,16676.140625,16660.94921875,16665.630859375,0,2026-06-16 14:25:00
16665.5,16685.400390625,16664.7890625,16680.490234375,0,2026-06-16 14:30:00
16681.08984375,16717.7890625,16671.91015625,16707.869140625,0,2026-06-16 14:35:00
16707.990234375,16709.939453125,16681.73046875,16687.970703125,0,2026-06-16 14:40:00
16686.560546875,16690.029296875,16663.83984375,16673.140625,0,2026-06-16 14:45:00
16672.83984375,16690.69921875,16670.4609375,16676.099609375,0,2026-06-16 14:50:00
16670.099609375,16697.2890625,16661.439453125,16683.1796875,0,2026-06-16 14:55:00
16698.509765625,16805.919921875,16698.509765625,16805.919921875,0,2026-06-17 06:55:00
16805.919921875,16835.30078125,16753.310546875,16757.83984375,0,2026-06-17 07:00:00
16757.51953125,16759.1796875,16715.029296875,16728.189453125,0,2026-06-17 07:05:00
16729.69921875,16753.380859375,16696.439453125,16698.48046875,0,2026-06-17 07:10:00
16694.7109375,16736.80078125,16694.7109375,16722.23046875,0,2026-06-17 07:15:00
16722.98046875,16723.720703125,16686.4609375,16689.359375,0,2026-06-17 07:20:00
16687.9296875,16697.900390625,16643.390625,16668.0,0,2026-06-17 07:25:00
16667.650390625,16681.369140625,16651.80078125,16653.470703125,0,2026-06-17 07:30:00
16652.05078125,16665.9296875,16644.0390625,16646.830078125,0,2026-06-17 07:35:00
16649.390625,16677.25,16643.640625,16666.740234375,0,2026-06-17 07:40:00
16665.609375,16676.939453125,16661.9296875,16669.990234375,0,2026-06-17 07:45:00
16669.029296875,16677.55078125,16639.869140625,16641.400390625,0,2026-06-17 07:50:00
16641.91015625,16648.01953125,16628.359375,16631.369140625,0,2026-06-17 07:55:00
16632.55078125,16664.130859375,16631.970703125,16634.669921875,0,2026-06-17 08:00:00
16633.51953125,16652.33984375,16630.30078125,16648.55078125,0,2026-06-17 08:05:00
16646.48046875,16671.30078125,16646.48046875,16658.580078125,0,2026-06-17 08:10:00
16654.01953125,16667.80078125,16650.869140625,16657.599609375,0,2026-06-17 08:15:00
16656.51953125,16659.869140625,16630.0390625,16648.330078125,0,2026-06-17 08:20:00
16647.44921875,16647.44921875,16632.1796875,16637.48046875,0,2026-06-17 08:25:00
16635.609375,16642.990234375,16617.119140625,16626.669921875,0,2026-06-17 08:30:00
16628.01953125,16643.609375,16592.75,16595.66015625,0,2026-06-17 08:35:00
16596.76953125,16602.08984375,16578.490234375,16599.640625,0,2026-06-17 08:40:00
16598.150390625,16619.009765625,16593.2109375,16608.720703125,0,2026-06-17 08:45:00
16608.69921875,16632.01953125,16601.060546875,16626.169921875,0,2026-06-17 08:50:00
16624.109375,16632.859375,16618.830078125,16622.990234375,0,2026-06-17 08:55:00
16623.470703125,16626.169921875,16613.369140625,16614.759765625,0,2026-06-17 09:00:00
16615.7890625,16618.119140625,16601.669921875,16603.94921875,0,2026-06-17 09:05:00
16603.439453125,16621.140625,16598.98046875,16615.5703125,0,2026-06-17 09:10:00
16615.630859375,16619.76953125,16607.3203125,16616.0703125,0,2026-06-17 09:15:00
16615.5,16620.58984375,16607.310546875,16617.5,0,2026-06-17 09:20:00
16618.8203125,16631.810546875,16612.05078125,16626.75,0,2026-06-17 09:25:00
16627.130859375,16632.080078125,16619.75,16622.0390625,0,2026-06-17 09:30:00
16620.7109375,16648.9609375,16620.529296875,16645.560546875,0,2026-06-17 09:35:00
16639.5703125,16655.130859375,16636.30078125,16653.240234375,0,2026-06-17 09:40:00
16654.91015625,16659.009765625,16645.19921875,16655.26953125,0,2026-06-17 09:45:00
16655.44921875,16659.029296875,16638.869140625,16641.109375,0,2026-06-17 09:50:00
16640.98046875,16657.330078125,16637.330078125,16654.619140625,0,2026-06-17 09:55:00
16655.630859375,16656.69921875,16641.419921875,16643.470703125,0,2026-06-17 10:00:00
16643.470703125,16680.55078125,16638.650390625,16676.7890625,0,2026-06-17 10:05:00
16677.23046875,16688.359375,16666.009765625,16686.80078125,0,2026-06-17 10:10:00
16686.060546875,16689.08984375,16677.91015625,16682.1796875,0,2026-06-17 10:15:00
16682.51953125,16698.26953125,16682.51953125,16688.990234375,0,2026-06-17 10:20:00
16688.359375,16695.08984375,16675.30078125,16684.75,0,2026-06-17 10:25:00
16682.720703125,16700.369140625,16681.169921875,16690.869140625,0,2026-06-17 10:30:00
16691.740234375,16696.9609375,16685.869140625,16694.91015625,0,2026-06-17 10:35:00
16694.939453125,16714.580078125,16687.529296875,16714.580078125,0,2026-06-17 10:40:00
16708.169921875,16718.310546875,16698.599609375,16705.439453125,0,2026-06-17 10:45:00
16704.740234375,16718.859375,16690.220703125,16692.310546875,0,2026-06-17 10:50:00
16691.8203125,16696.029296875,16671.630859375,16676.029296875,0,2026-06-17 10:55:00
16675.689453125,16681.439453125,16657.75,16658.130859375,0,2026-06-17 11:00:00
16659.30078125,16665.720703125,16649.140625,16656.94921875,0,2026-06-17 11:05:00
16658.919921875,16658.919921875,16640.4296875,16647.91015625,0,2026-06-17 11:10:00
16646.41015625,16654.939453125,16637.529296875,16637.939453125,0,2026-06-17 11:15:00
16639.310546875,16643.390625,16627.189453125,16629.4609375,0,2026-06-17 11:20:00
16629.73046875,16633.66015625,16600.599609375,16600.599609375,0,2026-06-17 11:25:00
16601.9609375,16616.650390625,16586.359375,16598.1796875,0,2026-06-17 11:30:00
16595.689453125,16603.48046875,16586.689453125,16602.73046875,0,2026-06-17 11:35:00
16601.380859375,16618.0390625,16601.380859375,16614.98046875,0,2026-06-17 11:40:00
16615.609375,16622.689453125,16612.48046875,16621.5703125,0,2026-06-17 11:45:00
16620.69921875,16627.599609375,16583.349609375,16592.140625,0,2026-06-17 11:50:00
16594.44921875,16611.6796875,16591.890625,16610.130859375,0,2026-06-17 11:55:00
16610.25,16630.470703125,16608.939453125,16628.66015625,0,2026-06-17 12:00:00
16628.66015625,16644.279296875,16627.76953125,16644.279296875,0,2026-06-17 12:05:00
16645.66015625,16646.609375,16622.349609375,16627.119140625,0,2026-06-17 12:10:00
16628.33984375,16633.580078125,16614.380859375,16629.869140625,0,2026-06-17 12:15:00
16629.1796875,16631.08984375,16616.369140625,16628.41015625,0,2026-06-17 12:20:00
16626.75,16637.099609375,16623.220703125,16633.83984375,0,2026-06-17 12:25:00
16632.98046875,16644.9296875,16631.94921875,16634.66015625,0,2026-06-17 12:30:00
16634.119140625,16638.419921875,16622.380859375,16622.98046875,0,2026-06-17 12:35:00
16626.419921875,16626.419921875,16594.44921875,16605.029296875,0,2026-06-17 12:40:00
16603.359375,16627.5,16600.0,16616.48046875,0,2026-06-17 12:45:00
16616.0390625,16621.400390625,16608.0703125,16613.0703125,0,2026-06-17 12:50:00
16615.630859375,16618.029296875,16593.900390625,16605.029296875,0,2026-06-17 12:55:00
16605.2890625,16625.83984375,16598.69921875,16623.94921875,0,2026-06-17 13:00:00
16617.009765625,16618.859375,16597.8203125,16608.630859375,0,2026-06-17 13:05:00
16606.76953125,16625.94921875,16595.849609375,16599.310546875,0,2026-06-17 13:10:00
16600.33984375,16620.23046875,16600.33984375,16614.630859375,0,2026-06-17 13:15:00
16615.009765625,16636.1796875,16604.099609375,16632.69921875,0,2026-06-17 13:20:00
16631.08984375,16671.869140625,16629.259765625,16651.119140625,0,2026-06-17 13:25:00
16649.880859375,16659.69921875,16596.98046875,16599.25,0,2026-06-17 13:30:00
16598.009765625,16657.51953125,16598.009765625,16638.08984375,0,2026-06-17 13:35:00
16642.41015625,16663.3203125,16632.80078125,16649.33984375,0,2026-06-17 13:40:00
16649.0,16656.7109375,16623.8203125,16643.2890625,0,2026-06-17 13:45:00
16643.259765625,16653.7890625,16629.26953125,16637.119140625,0,2026-06-17 13:50:00
16638.869140625,16641.470703125,16588.130859375,16588.130859375,0,2026-06-17 13:55:00
16584.01953125,16586.150390625,16563.439453125,16579.9609375,0,2026-06-17 14:00:00
16581.580078125,16591.66015625,16567.6796875,16576.419921875,0,2026-06-17 14:05:00
16575.259765625,16586.44921875,16544.970703125,16585.509765625,0,2026-06-17 14:10:00
16583.140625,16586.599609375,16549.560546875,16553.619140625,0,2026-06-17 14:15:00
16552.48046875,16577.98046875,16542.470703125,16574.73046875,0,2026-06-17 14:20:00
16573.259765625,16596.109375,16566.349609375,16585.099609375,0,2026-06-17 14:25:00
16585.9296875,16611.119140625,16585.76953125,16609.890625,0,2026-06-17 14:30:00
16609.849609375,16618.150390625,16588.6796875,16597.76953125,0,2026-06-17 14:35:00
16598.490234375,16606.439453125,16582.2890625,16595.91015625,0,2026-06-17 14:40:00
16595.91015625,16603.439453125,16551.44921875,16582.5390625,0,2026-06-17 14:45:00
16581.810546875,16591.30078125,16574.310546875,16583.130859375,0,2026-06-17 14:50:00
16580.23046875,16585.16015625,16562.080078125,16564.849609375,0,2026-06-17 14:55:00
16606.669921875,16638.720703125,16606.669921875,16638.720703125,0,2026-06-18 06:55:00
16638.720703125,16686.439453125,16638.720703125,16669.990234375,0,2026-06-18 07:00:00
16671.69921875,16727.130859375,16670.369140625,16724.5703125,0,2026-06-18 07:05:00
16722.83984375,16727.529296875,16683.119140625,16683.91015625,0,2026-06-18 07:10:00
16684.58984375,16690.939453125,16628.08984375,16629.669921875,0,2026-06-18 07:15:00
16637.16015625,16675.23046875,16628.140625,16665.05078125,0,2026-06-18 07:20:00
16664.439453125,16677.16015625,16651.75,16673.2890625,0,2026-06-18 07:25:00
16673.970703125,16687.23046875,16656.560546875,16684.48046875,0,2026-06-18 07:30:00
16683.130859375,16726.529296875,16681.0,16720.6796875,0,2026-06-18 07:35:00
16725.58984375,16771.0390625,16720.669921875,16768.349609375,0,2026-06-18 07:40:00
16768.0703125,16790.869140625,16761.939453125,16767.470703125,0,2026-06-18 07:45:00
16767.4296875,16776.23046875,16748.220703125,16772.0703125,0,2026-06-18 07:50:00
16773.19921875,16797.91015625,16773.140625,16779.810546875,0,2026-06-18 07:55:00
16778.75,16812.759765625,16768.5703125,16811.30078125,0,2026-06-18 08:00:00
16811.91015625,16828.5390625,16804.48046875,16808.330078125,0,2026-06-18 08:05:00
16808.779296875,16839.580078125,16801.990234375,16827.359375,0,2026-06-18 08:10:00
16827.529296875,16872.970703125,16826.009765625,16865.80078125,0,2026-06-18 08:15:00
16868.4296875,16870.9609375,16840.009765625,16850.2109375,0,2026-06-18 08:20:00
16851.470703125,16884.30078125,16840.189453125,16881.0,0,2026-06-18 08:25:00
16887.470703125,16887.9609375,16867.310546875,16882.4609375,0,2026-06-18 08:30:00
16883.330078125,16886.2890625,16870.44921875,16870.44921875,0,2026-06-18 08:35:00
16870.099609375,16888.689453125,16863.48046875,16886.279296875,0,2026-06-18 08:40:00
16883.849609375,16890.890625,16873.130859375,16877.810546875,0,2026-06-18 08:45:00
16879.099609375,16887.140625,16863.83984375,16864.33984375,0,2026-06-18 08:50:00
16863.939453125,16870.0703125,16856.44921875,16858.880859375,0,2026-06-18 08:55:00
16859.849609375,16868.640625,16851.330078125,16858.669921875,0,2026-06-18 09:00:00
16858.4296875,16897.91015625,16853.890625,16885.349609375,0,2026-06-18 09:05:00
16884.080078125,16885.169921875,16855.01953125,16857.9296875,0,2026-06-18 09:10:00
16859.119140625,16878.69921875,16856.509765625,16869.91015625,0,2026-06-18 09:15:00
16868.0703125,16870.630859375,16856.650390625,16858.529296875,0,2026-06-18 09:20:00
16858.580078125,16862.720703125,16851.009765625,16853.349609375,0,2026-06-18 09:25:00
16854.859375,16859.150390625,16842.2890625,16843.58984375,0,2026-06-18 09:30:00
16841.41015625,16852.7109375,16834.25,16847.509765625,0,2026-06-18 09:35:00
16847.509765625,16854.76953125,16837.3203125,16852.94921875,0,2026-06-18 09:40:00
16853.439453125,16858.109375,16842.5,16854.44921875,0,2026-06-18 09:45:00
16856.0,16869.890625,16840.380859375,16869.890625,0,2026-06-18 09:50:00
16868.51953125,16875.109375,16856.439453125,16857.130859375,0,2026-06-18 09:55:00
16859.0,16865.169921875,16854.83984375,16861.140625,0,2026-06-18 10:00:00
16861.1796875,16862.140625,16842.1796875,16847.58984375,0,2026-06-18 10:05:00
16846.51953125,16862.94921875,16846.51953125,16854.48046875,0,2026-06-18 10:10:00
16854.9609375,16864.44921875,16852.2890625,16863.490234375,0,2026-06-18 10:15:00
16863.240234375,16868.30078125,16854.9296875,16860.94921875,0,2026-06-18 10:20:00
16860.369140625,16862.380859375,16842.58984375,16847.349609375,0,2026-06-18 10:25:00
16848.0703125,16851.23046875,16821.5703125,16829.220703125,0,2026-06-18 10:30:00
16829.3203125,16836.73046875,16798.0,16798.0,0,2026-06-18 10:35:00
16797.05078125,16818.30078125,16795.689453125,16804.400390625,0,2026-06-18 10:40:00
16793.939453125,16808.490234375,16793.7109375,16802.8203125,0,2026-06-18 10:45:00
16802.98046875,16816.919921875,16796.099609375,16812.869140625,0,2026-06-18 10:50:00
16813.029296875,16826.759765625,16809.900390625,16813.4296875,0,2026-06-18 10:55:00
16812.060546875,16820.80078125,16798.900390625,16817.109375,0,2026-06-18 11:00:00
16818.1796875,16822.390625,16791.390625,16794.3203125,0,2026-06-18 11:05:00
16793.2890625,16796.640625,16765.41015625,16794.19921875,0,2026-06-18 11:10:00
16794.439453125,16798.359375,16776.05078125,16780.33984375,0,2026-06-18 11:15:00
16780.5703125,16788.720703125,16764.130859375,16786.849609375,0,2026-06-18 11:20:00
16783.55078125,16809.279296875,16783.55078125,16809.279296875,0,2026-06-18 11:25:00
16807.740234375,16826.0390625,16802.76953125,16819.0390625,0,2026-06-18 11:30:00
16818.619140625,16824.380859375,16799.08984375,16802.720703125,0,2026-06-18 11:35:00
16803.060546875,16811.58984375,16796.919921875,16811.140625,0,2026-06-18 11:40:00
16811.140625,16812.099609375,16778.140625,16787.369140625,0,2026-06-18 11:45:00
16786.689453125,16796.6796875,16779.16015625,16791.880859375,0,2026-06-18 11:50:00
16791.439453125,16812.23046875,16775.80078125,16811.30078125,0,2026-06-18 11:55:00
16810.529296875,16812.25,16788.609375,16795.0703125,0,2026-06-18 12:00:00
16795.55078125,16800.779296875,16770.720703125,16780.119140625,0,2026-06-18 12:05:00
16780.58984375,16811.3203125,16774.220703125,16808.990234375,0,2026-06-18 12:10:00
16806.23046875,16808.369140625,16788.279296875,16795.580078125,0,2026-06-18 12:15:00
16795.30078125,16802.099609375,16784.349609375,16798.66015625,0,2026-06-18 12:20:00
16795.8203125,16804.80078125,16786.150390625,16791.2109375,0,2026-06-18 12:25:00
16792.51953125,16815.44921875,16786.0,16806.890625,0,2026-06-18 12:30:00
16807.48046875,16814.689453125,16794.359375,16801.640625,0,2026-06-18 12:35:00
16802.2109375,16821.55078125,16794.0703125,16813.609375,0,2026-06-18 12:40:00
16813.890625,16844.119140625,16811.689453125,16841.5390625,0,2026-06-18 12:45:00
16841.98046875,16859.189453125,16825.189453125,16841.25,0,2026-06-18 12:50:00
16842.5,16880.6796875,16835.76953125,16876.099609375,0,2026-06-18 12:55:00
16875.470703125,16932.439453125,16872.76953125,16925.1796875,0,2026-06-18 13:00:00
16927.759765625,16971.4296875,16920.509765625,16961.23046875,0,2026-06-18 13:05:00
16961.5703125,16966.8203125,16932.029296875,16952.169921875,0,2026-06-18 13:10:00
16952.66015625,16989.029296875,16950.689453125,16974.390625,0,2026-06-18 13:15:00
16971.830078125,16980.259765625,16953.490234375,16957.69921875,0,2026-06-18 13:20:00
16954.98046875,16967.349609375,16954.98046875,16963.830078125,0,2026-06-18 13:25:00
16962.849609375,16978.470703125,16960.189453125,16971.5390625,0,2026-06-18 13:30:00
16971.51953125,16980.48046875,16964.30078125,16970.01953125,0,2026-06-18 13:35:00
16970.740234375,16988.1796875,16966.419921875,16974.0703125,0,2026-06-18 13:40:00
16976.9609375,16989.400390625,16957.580078125,16989.400390625,0,2026-06-18 13:45:00
16988.05078125,16998.029296875,16981.73046875,16983.720703125,0,2026-06-18 13:50:00
16984.109375,16993.439453125,16975.439453125,16985.890625,0,2026-06-18 13:55:00
16984.5,17034.3203125,16984.5,17024.5,0,2026-06-18 14:00:00
17024.099609375,17037.529296875,17019.349609375,17030.150390625,0,2026-06-18 14:05:00
17029.400390625,17031.419921875,17007.400390625,17021.23046875,0,2026-06-18 14:10:00
17019.05078125,17053.5,17014.44921875,17052.390625,0,2026-06-18 14:15:00
17058.900390625,17090.060546875,17050.7109375,17079.099609375,0,2026-06-18 14:20:00
17078.310546875,17096.470703125,17077.419921875,17092.23046875,0,2026-06-18 14:25:00
17091.3203125,17098.580078125,17073.560546875,17096.5,0,2026-06-18 14:30:00
17098.140625,17101.439453125,17077.849609375,17088.150390625,0,2026-06-18 14:35:00
17086.48046875,17086.48046875,17056.58984375,17078.919921875,0,2026-06-18 14:40:00
17081.48046875,17111.009765625,17076.5,17095.58984375,0,2026-06-18 14:45:00
17095.5390625,17117.8203125,17087.69921875,17116.939453125,0,2026-06-18 14:50:00
17115.009765625,17129.91015625,17098.58984375,17114.490234375,0,2026-06-18 14:55:00
17127.83984375,17127.83984375,16976.7890625,16976.7890625,0,2026-06-19 06:55:00
16976.7890625,16991.83984375,16929.140625,16991.83984375,0,2026-06-19 07:00:00
16992.23046875,17062.0390625,16979.779296875,17055.0,0,2026-06-19 07:05:00
17054.669921875,17078.240234375,17026.109375,17074.140625,0,2026-06-19 07:10:00
17077.94921875,17104.73046875,17048.2890625,17053.439453125,0,2026-06-19 07:15:00
17051.880859375,17064.609375,17014.44921875,17062.890625,0,2026-06-19 07:20:00
17062.509765625,17064.26953125,17033.919921875,17036.220703125,0,2026-06-19 07:25:00
17037.810546875,17050.5,17031.2109375,17044.900390625,0,2026-06-19 07:30:00
17046.73046875,17050.48046875,17033.599609375,17038.470703125,0,2026-06-19 07:35:00
17040.44921875,17069.01953125,17037.1796875,17065.7890625,0,2026-06-19 07:40:00
17065.41015625,17071.009765625,17030.109375,17038.44921875,0,2026-06-19 07:45:00
17036.869140625,17052.970703125,17030.5,17041.630859375,0,2026-06-19 07:50:00
17043.23046875,17048.26953125,17002.19921875,17002.859375,0,2026-06-19 07:55:00
17003.890625,17069.44921875,16998.009765625,17054.779296875,0,2026-06-19 08:00:00
17053.98046875,17059.529296875,17038.16015625,17050.060546875,0,2026-06-19 08:05:00
17051.66015625,17053.279296875,17020.9609375,17029.310546875,0,2026-06-19 08:10:00
17028.830078125,17034.490234375,17021.75,17029.55078125,0,2026-06-19 08:15:00
17029.220703125,17038.509765625,17022.310546875,17028.130859375,0,2026-06-19 08:20:00
17028.130859375,17043.259765625,17024.619140625,17035.509765625,0,2026-06-19 08:25:00
17035.400390625,17038.1796875,17016.23046875,17030.669921875,0,2026-06-19 08:30:00
17038.150390625,17063.529296875,17037.849609375,17045.189453125,0,2026-06-19 08:35:00
17046.1796875,17046.30078125,17026.310546875,17037.599609375,0,2026-06-19 08:40:00
17037.099609375,17040.669921875,17021.279296875,17031.830078125,0,2026-06-19 08:45:00
17031.830078125,17054.6796875,17027.25,17043.779296875,0,2026-06-19 08:50:00
17042.919921875,17069.66015625,17040.169921875,17048.7109375,0,2026-06-19 08:55:00
17048.16015625,17054.400390625,17031.349609375,17049.05078125,0,2026-06-19 09:00:00
17047.689453125,17069.75,17040.94921875,17061.359375,0,2026-06-19 09:05:00
17063.0,17066.599609375,17034.240234375,17035.080078125,0,2026-06-19 09:10:00
17033.119140625,17051.189453125,17032.580078125,17040.509765625,0,2026-06-19 09:15:00
17043.650390625,17064.19921875,17035.6796875,17058.91015625,0,2026-06-19 09:20:00
17058.369140625,17062.150390625,17047.169921875,17050.400390625,0,2026-06-19 09:25:00
17050.189453125,17054.759765625,17039.830078125,17043.810546875,0,2026-06-19 09:30:00
17044.490234375,17048.470703125,17037.759765625,17041.310546875,0,2026-06-19 09:35:00
17041.630859375,17046.439453125,17035.859375,17040.66015625,0,2026-06-19 09:40:00
17040.330078125,17056.2109375,17040.140625,17050.970703125,0,2026-06-19 09:45:00
17051.150390625,17056.359375,17042.650390625,17044.279296875,0,2026-06-19 09:50:00
17045.44921875,17054.029296875,17041.560546875,17047.330078125,0,2026-06-19 09:55:00
17047.44921875,17051.609375,17022.279296875,17022.279296875,0,2026-06-19 10:00:00
17022.2890625,17032.609375,17010.98046875,17023.919921875,0,2026-06-19 10:05:00
17023.240234375,17034.140625,17013.900390625,17015.119140625,0,2026-06-19 10:10:00
17015.119140625,17045.69921875,17006.810546875,17036.009765625,0,2026-06-19 10:15:00
17036.810546875,17039.640625,17018.890625,17024.25,0,2026-06-19 10:20:00
17024.310546875,17024.94921875,17009.060546875,17009.060546875,0,2026-06-19 10:25:00
17008.900390625,17013.7890625,16997.490234375,17002.2109375,0,2026-06-19 10:30:00
17003.880859375,17011.30078125,16987.80078125,16988.0390625,0,2026-06-19 10:35:00
16987.7890625,17002.150390625,16972.380859375,16989.91015625,0,2026-06-19 10:40:00
16988.94921875,17000.5703125,16973.1796875,16973.1796875,0,2026-06-19 10:45:00
16974.5390625,16996.509765625,16972.7109375,16991.3203125,0,2026-06-19 10:50:00
16992.810546875,16993.73046875,16976.55078125,16976.98046875,0,2026-06-19 10:55:00
16975.369140625,16990.400390625,16967.7109375,16982.16015625,0,2026-06-19 11:00:00
16982.2890625,16987.0703125,16970.830078125,16977.66015625,0,2026-06-19 11:05:00
16979.16015625,16985.529296875,16976.5390625,16977.310546875,0,2026-06-19 11:10:00
16976.029296875,16982.169921875,16953.55078125,16957.0703125,0,2026-06-19 11:15:00
16957.0703125,16976.689453125,16951.689453125,16956.919921875,0,2026-06-19 11:20:00
16959.2109375,16979.26953125,16951.580078125,16966.150390625,0,2026-06-19 11:25:00
16963.759765625,16972.740234375,16958.470703125,16963.80078125,0,2026-06-19 11:30:00
16964.849609375,16983.5390625,16957.33984375,16981.23046875,0,2026-06-19 11:35:00
16980.76953125,16989.560546875,16975.859375,16979.23046875,0,2026-06-19 11:40:00
16979.5,16997.98046875,16976.359375,16986.80078125,0,2026-06-19 11:45:00
16987.560546875,16993.869140625,16977.080078125,16982.369140625,0,2026-06-19 11:50:00
16981.869140625,17004.630859375,16974.470703125,16996.9609375,0,2026-06-19 11:55:00
16996.869140625,17005.349609375,16990.4296875,17001.8203125,0,2026-06-19 12:00:00
16994.01953125,17020.330078125,16986.66015625,17019.689453125,0,2026-06-19 12:05:00
17021.349609375,17021.349609375,16974.7109375,16982.060546875,0,2026-06-19 12:10:00
16979.900390625,16986.9609375,16973.490234375,16985.109375,0,2026-06-19 12:15:00
16985.109375,17012.759765625,16981.51953125,17008.810546875,0,2026-06-19 12:20:00
17009.41015625,17015.509765625,16990.150390625,16992.140625,0,2026-06-19 12:25:00
16992.859375,17007.75,16984.169921875,16994.369140625,0,2026-06-19 12:30:00
16994.16015625,17001.16015625,16980.740234375,16982.580078125,0,2026-06-19 12:35:00
16981.990234375,16994.939453125,16975.619140625,16991.619140625,0,2026-06-19 12:40:00
16991.7109375,17010.5,16986.51953125,16987.23046875,0,2026-06-19 12:45:00
16987.740234375,17213.16015625,16985.91015625,17193.26953125,0,2026-06-19 12:50:00
17192.849609375,17209.189453125,17092.869140625,17101.810546875,0,2026-06-19 12:55:00
17097.75,17165.390625,17078.369140625,17088.259765625,0,2026-06-19 13:00:00
17088.73046875,17092.740234375,17060.98046875,17090.9609375,0,2026-06-19 13:05:00
17090.5703125,17090.5703125,17056.369140625,17056.369140625,0,2026-06-19 13:10:00
17059.16015625,17059.16015625,17039.640625,17046.0703125,0,2026-06-19 13:15:00
17046.849609375,17063.6796875,17035.1796875,17060.880859375,0,2026-06-19 13:20:00
17059.05078125,17075.30078125,17049.689453125,17054.029296875,0,2026-06-19 13:25:00
17053.75,17054.830078125,17028.44921875,17032.0703125,0,2026-06-19 13:30:00
17033.189453125,17059.8203125,17031.9609375,17043.3203125,0,2026-06-19 13:35:00
17041.890625,17050.900390625,17036.7109375,17036.970703125,0,2026-06-19 13:40:00
17037.220703125,17060.4609375,17029.560546875,17034.359375,0,2026-06-19 13:45:00
17031.830078125,17064.970703125,17028.80078125,17053.580078125,0,2026-06-19 13:50:00
17051.509765625,17055.400390625,17018.73046875,17018.73046875,0,2026-06-19 13:55:00
17017.66015625,17053.4296875,17013.029296875,17048.7890625,0,2026-06-19 14:00:00
17049.30078125,17054.41015625,17022.2890625,17025.130859375,0,2026-06-19 14:05:00
17024.609375,17052.580078125,17024.609375,17051.400390625,0,2026-06-19 14:10:00
17050.890625,17057.73046875,17035.830078125,17041.720703125,0,2026-06-19 14:15:00
17043.0390625,17047.16015625,17032.25,17042.939453125,0,2026-06-19 14:20:00
17041.669921875,17051.259765625,17037.23046875,17038.369140625,0,2026-06-19 14:25:00
17037.919921875,17052.560546875,17037.19921875,17047.16015625,0,2026-06-19 14:30:00
17046.25,17048.76953125,17035.80078125,17046.16015625,0,2026-06-19 14:35:00
17048.349609375,17048.349609375,16938.099609375,16974.5703125,0,2026-06-19 14:40:00
16972.83984375,17001.009765625,16964.109375,16991.880859375,0,2026-06-19 14:45:00
16989.330078125,17014.08984375,16986.669921875,17004.30078125,0,2026-06-19 14:50:00
17005.9296875,17028.33984375,16997.029296875,17002.58984375,0,2026-06-19 14:55:00
17019.859375,17082.4296875,17019.859375,17082.4296875,0,2026-06-22 06:55:00
17082.4296875,17128.810546875,17082.4296875,17105.509765625,0,2026-06-22 07:00:00
17108.19921875,17138.279296875,17102.2890625,17106.55078125,0,2026-06-22 07:05:00
17105.640625,17129.310546875,17086.970703125,17088.509765625,0,2026-06-22 07:10:00
17087.0390625,17125.19921875,17072.380859375,17123.529296875,0,2026-06-22 07:15:00
17125.830078125,17148.859375,17121.859375,17132.48046875,0,2026-06-22 07:20:00
17132.810546875,17137.939453125,17104.80078125,17108.630859375,0,2026-06-22 07:25:00
17109.6796875,17118.859375,17092.869140625,17115.4609375,0,2026-06-22 07:30:00
17114.619140625,17117.990234375,17098.5703125,17103.0,0,2026-06-22 07:35:00
17103.4609375,17106.7890625,17082.3203125,17089.470703125,0,2026-06-22 07:40:00
17089.859375,17094.0390625,17067.419921875,17093.869140625,0,2026-06-22 07:45:00
17091.509765625,17097.310546875,17081.099609375,17084.0703125,0,2026-06-22 07:50:00
17083.349609375,17089.16015625,17073.01953125,17077.5390625,0,2026-06-22 07:55:00
17075.33984375,17078.189453125,17065.69921875,17073.349609375,0,2026-06-22 08:00:00
17074.2109375,17081.080078125,17061.349609375,17068.01953125,0,2026-06-22 08:05:00
17069.080078125,17073.060546875,17026.5390625,17069.490234375,0,2026-06-22 08:10:00
17069.51953125,17077.390625,17056.0390625,17058.400390625,0,2026-06-22 08:15:00
17058.08984375,17075.44921875,17056.509765625,17066.970703125,0,2026-06-22 08:20:00
17068.759765625,17070.640625,17053.900390625,17066.2890625,0,2026-06-22 08:25:00
17064.76953125,17070.08984375,17057.55078125,17066.880859375,0,2026-06-22 08:30:00
17066.759765625,17098.439453125,17066.759765625,17098.439453125,0,2026-06-22 08:35:00
17097.9609375,17109.66015625,17083.880859375,17105.150390625,0,2026-06-22 08:40:00
17104.48046875,17114.099609375,17081.130859375,17086.7890625,0,2026-06-22 08:45:00
17087.66015625,17111.490234375,17081.6796875,17107.109375,0,2026-06-22 08:50:00
17107.119140625,17158.439453125,17105.58984375,17154.5,0,2026-06-22 08:55:00
17155.41015625,17159.0703125,17129.080078125,17138.0390625,0,2026-06-22 09:00:00
17137.19921875,17180.5,17131.5703125,17175.900390625,0,2026-06-22 09:05:00
17176.259765625,17176.4296875,17144.419921875,17147.669921875,0,2026-06-22 09:10:00
17148.619140625,17152.169921875,17125.939453125,17129.33984375,0,2026-06-22 09:15:00
17127.83984375,17131.470703125,17113.759765625,17115.48046875,0,2026-06-22 09:20:00
17117.19921875,17131.9609375,17113.419921875,17129.30078125,0,2026-06-22 09:25:00
17127.140625,17143.890625,17120.099609375,17141.08984375,0,2026-06-22 09:30:00
17140.4609375,17145.140625,17122.26953125,17123.98046875,0,2026-06-22 09:35:00
17122.94921875,17127.19921875,17107.6796875,17108.0,0,2026-06-22 09:40:00
17108.16015625,17114.810546875,17102.01953125,17104.05078125,0,2026-06-22 09:45:00
17103.509765625,17106.080078125,17096.140625,17101.259765625,0,2026-06-22 09:50:00
17101.91015625,17106.439453125,17082.259765625,17084.83984375,0,2026-06-22 09:55:00
17086.869140625,17101.7109375,17082.109375,17094.890625,0,2026-06-22 10:00:00
17095.5703125,17105.169921875,17091.9609375,17095.669921875,0,2026-06-22 10:05:00
17094.1796875,17106.16015625,17091.720703125,17095.779296875,0,2026-06-22 10:10:00
17092.94921875,17099.310546875,17082.01953125,17082.349609375,0,2026-06-22 10:15:00
17084.51953125,17093.130859375,17082.0390625,17086.130859375,0,2026-06-22 10:20:00
17085.23046875,17098.25,17082.490234375,17088.029296875,0,2026-06-22 10:25:00
17088.029296875,17102.2890625,17087.44921875,17097.0390625,0,2026-06-22 10:30:00
17097.349609375,17098.720703125,17088.380859375,17089.4296875,0,2026-06-22 10:35:00
17089.189453125,17120.19921875,17088.5703125,17111.51953125,0,2026-06-22 10:40:00
17108.869140625,17118.939453125,17104.849609375,17109.810546875,0,2026-06-22 10:45:00
17112.560546875,17117.26953125,17104.400390625,17114.44921875,0,2026-06-22 10:50:00
17115.51953125,17122.240234375,17106.83984375,17108.9609375,0,2026-06-22 10:55:00
17109.05078125,17136.75,17106.16015625,17133.939453125,0,2026-06-22 11:00:00
17132.33984375,17156.5,17130.58984375,17138.330078125,0,2026-06-22 11:05:00
17138.869140625,17139.150390625,17110.919921875,17114.529296875,0,2026-06-22 11:10:00
17115.48046875,17117.310546875,17099.380859375,17100.029296875,0,2026-06-22 11:15:00
17098.91015625,17104.76953125,17087.189453125,17088.169921875,0,2026-06-22 11:20:00
17089.66015625,17092.9296875,17075.94921875,17085.0,0,2026-06-22 11:25:00
17085.390625,17088.169921875,17065.630859375,17072.890625,0,2026-06-22 11:30:00
17072.740234375,17087.169921875,17069.669921875,17087.029296875,0,2026-06-22 11:35:00
17087.029296875,17097.5390625,17080.279296875,17086.4609375,0,2026-06-22 11:40:00
17088.490234375,17090.9296875,17072.009765625,17081.73046875,0,2026-06-22 11:45:00
17081.55078125,17089.0703125,17072.51953125,17073.669921875,0,2026-06-22 11:50:00
17074.220703125,17082.05078125,17064.94921875,17067.08984375,0,2026-06-22 11:55:00
17067.76953125,17075.23046875,17062.939453125,17074.650390625,0,2026-06-22 12:00:00
17074.150390625,17080.16015625,17069.41015625,17077.7109375,0,2026-06-22 12:05:00
17076.5,17097.4609375,17069.98046875,17094.7109375,0,2026-06-22 12:10:00
17096.01953125,17101.830078125,17087.76953125,17091.08984375,0,2026-06-22 12:15:00
17091.720703125,17101.009765625,17089.5390625,17094.470703125,0,2026-06-22 12:20:00
17093.990234375,17094.6796875,17082.69921875,17088.869140625,0,2026-06-22 12:25:00
17089.669921875,17093.650390625,17064.359375,17072.640625,0,2026-06-22 12:30:00
17071.7109375,17092.279296875,17068.23046875,17089.400390625,0,2026-06-22 12:35:00
17088.859375,17093.08984375,17082.140625,17089.119140625,0,2026-06-22 12:40:00
17086.880859375,17088.009765625,17067.529296875,17072.830078125,0,2026-06-22 12:45:00
17074.640625,17074.9296875,17056.169921875,17062.58984375,0,2026-06-22 12:50:00
17063.75,17065.7109375,17040.919921875,17044.33984375,0,2026-06-22 12:55:00
17044.33984375,17065.490234375,17039.970703125,17050.91015625,0,2026-06-22 13:00:00
17052.029296875,17053.51953125,17010.48046875,17010.48046875,0,2026-06-22 13:05:00
17008.55078125,17037.080078125,16995.76953125,17037.080078125,0,2026-06-22 13:10:00
17034.80078125,17047.060546875,17032.650390625,17047.0,0,2026-06-22 13:15:00
17046.529296875,17057.6796875,17039.060546875,17046.0390625,0,2026-06-22 13:20:00
17045.9609375,17058.779296875,17042.5390625,17056.720703125,0,2026-06-22 13:25:00
17053.130859375,17073.470703125,17053.130859375,17054.05078125,0,2026-06-22 13:30:00
17054.189453125,17066.7109375,17039.0,17047.6796875,0,2026-06-22 13:35:00
17047.23046875,17056.890625,16992.2109375,16992.279296875,0,2026-06-22 13:40:00
16993.490234375,17031.48046875,16989.150390625,17026.359375,0,2026-06-22 13:45:00
17025.310546875,17026.259765625,16999.25,17008.890625,0,2026-06-22 13:50:00
17007.48046875,17011.439453125,16992.1796875,16995.109375,0,2026-06-22 13:55:00
16993.58984375,17012.240234375,16986.900390625,16989.98046875,0,2026-06-22 14:00:00
16988.48046875,17012.560546875,16977.580078125,17010.25,0,2026-06-22 14:05:00
17011.75,17012.580078125,16987.859375,16989.869140625,0,2026-06-22 14:10:00
16992.310546875,16997.349609375,16971.859375,16974.119140625,0,2026-06-22 14:15:00
16972.619140625,16986.55078125,16964.150390625,16982.509765625,0,2026-06-22 14:20:00
16983.890625,16993.349609375,16976.01953125,16988.83984375,0,2026-06-22 14:25:00
16990.05078125,17007.720703125,16978.0390625,17005.400390625,0,2026-06-22 14:30:00
17007.48046875,17008.490234375,16993.470703125,17003.099609375,0,2026-06-22 14:35:00
17003.099609375,17004.080078125,16979.150390625,16984.73046875,0,2026-06-22 14:40:00
16984.880859375,16994.9296875,16977.349609375,16982.029296875,0,2026-06-22 14:45:00
16981.630859375,16995.490234375,16980.80078125,16989.189453125,0,2026-06-22 14:50:00
16989.30078125,17002.970703125,16986.140625,17002.970703125,0,2026-06-22 14:55:00
17019.44921875,17019.44921875,16916.80078125,16916.80078125,0,2026-06-23 06:55:00
16916.80078125,16920.630859375,16847.5703125,16898.890625,0,2026-06-23 07:00:00
16901.330078125,16915.390625,16876.8203125,16887.080078125,0,2026-06-23 07:05:00
16888.8203125,16906.3203125,16841.94921875,16847.669921875,0,2026-06-23 07:10:00
16846.51953125,16855.349609375,16815.669921875,16819.5703125,0,2026-06-23 07:15:00
16819.0390625,16826.33984375,16792.220703125,16820.94921875,0,2026-06-23 07:20:00
16822.810546875,16839.0703125,16800.669921875,16827.1796875,0,2026-06-23 07:25:00
16827.9609375,16833.630859375,16798.220703125,16811.5703125,0,2026-06-23 07:30:00
16811.51953125,16816.619140625,16778.669921875,16782.490234375,0,2026-06-23 07:35:00
16784.099609375,16793.220703125,16760.130859375,16769.69921875,0,2026-06-23 07:40:00
16770.0703125,16780.890625,16754.16015625,16758.380859375,0,2026-06-23 07:45:00
16757.2109375,16785.310546875,16755.23046875,16783.939453125,0,2026-06-23 07:50:00
16784.529296875,16793.580078125,16748.4609375,16753.2109375,0,2026-06-23 07:55:00
16751.669921875,16774.2109375,16739.26953125,16754.990234375,0,2026-06-23 08:00:00
16753.98046875,16762.58984375,16741.7109375,16757.0703125,0,2026-06-23 08:05:00
16760.439453125,16776.83984375,16757.8203125,16760.48046875,0,2026-06-23 08:10:00
16760.359375,16773.189453125,16749.599609375,16751.44921875,0,2026-06-23 08:15:00
16751.7109375,16755.30078125,16735.330078125,16748.05078125,0,2026-06-23 08:20:00
16747.419921875,16755.4609375,16735.7890625,16754.41015625,0,2026-06-23 08:25:00
16750.58984375,16780.44921875,16750.58984375,16771.099609375,0,2026-06-23 08:30:00
16772.7890625,16799.0703125,16771.740234375,16785.279296875,0,2026-06-23 08:35:00
16787.240234375,16799.98046875,16783.900390625,16796.08984375,0,2026-06-23 08:40:00
16796.859375,16816.08984375,16795.140625,16802.220703125,0,2026-06-23 08:45:00
16802.080078125,16820.4609375,16797.720703125,16815.16015625,0,2026-06-23 08:50:00
16815.0390625,16820.380859375,16806.69921875,16812.4609375,0,2026-06-23 08:55:00
16810.970703125,16841.83984375,16809.58984375,16835.83984375,0,2026-06-23 09:00:00
16837.720703125,16844.8203125,16796.349609375,16796.349609375,0,2026-06-23 09:05:00
16797.859375,16799.810546875,16785.359375,16790.529296875,0,2026-06-23 09:10:00
16790.869140625,16808.640625,16783.630859375,16806.69921875,0,2026-06-23 09:15:00
16807.2890625,16808.419921875,16792.419921875,16795.939453125,0,2026-06-23 09:20:00
16796.529296875,16823.580078125,16795.689453125,16821.4609375,0,2026-06-23 09:25:00
16820.58984375,16833.130859375,16811.009765625,16819.150390625,0,2026-06-23 09:30:00
16818.609375,16825.189453125,16809.109375,16809.109375,0,2026-06-23 09:35:00
16811.01953125,16834.30078125,16807.640625,16830.509765625,0,2026-06-23 09:40:00
16828.8203125,16843.400390625,16825.640625,16838.810546875,0,2026-06-23 09:45:00
16836.099609375,16842.1796875,16816.439453125,16820.75,0,2026-06-23 09:50:00
16820.75,16829.76953125,16817.75,16818.609375,0,2026-06-23 09:55:00
16820.650390625,16837.099609375,16818.580078125,16830.970703125,0,2026-06-23 10:00:00
16830.970703125,16849.169921875,16829.73046875,16849.169921875,0,2026-06-23 10:05:00
16848.880859375,16862.33984375,16842.259765625,16849.630859375,0,2026-06-23 10:10:00
16849.630859375,16862.609375,16842.529296875,16842.73046875,0,2026-06-23 10:15:00
16843.080078125,16853.140625,16841.3203125,16849.009765625,0,2026-06-23 10:20:00
16848.130859375,16850.55078125,16835.0,16836.390625,0,2026-06-23 10:25:00
16838.51953125,16842.619140625,16828.05078125,16831.380859375,0,2026-06-23 10:30:00
16831.3203125,16836.369140625,16817.75,16817.75,0,2026-06-23 10:35:00
16817.7109375,16822.390625,16809.8203125,16815.23046875,0,2026-06-23 10:40:00
16816.240234375,16820.939453125,16811.509765625,16815.19921875,0,2026-06-23 10:45:00
16815.30078125,16822.759765625,16805.08984375,16816.640625,0,2026-06-23 10:50:00
16817.669921875,16827.689453125,16811.080078125,16827.689453125,0,2026-06-23 10:55:00
16827.0,16841.380859375,16820.310546875,16834.509765625,0,2026-06-23 11:00:00
16834.509765625,16838.720703125,16815.6796875,16829.69921875,0,2026-06-23 11:05:00
16830.470703125,16843.099609375,16825.4609375,16842.26953125,0,2026-06-23 11:10:00
16844.810546875,16845.349609375,16830.400390625,16831.939453125,0,2026-06-23 11:15:00
16832.3203125,16879.029296875,16829.380859375,16865.75,0,2026-06-23 11:20:00
16866.8203125,16874.19921875,16858.740234375,16859.48046875,0,2026-06-23 11:25:00
16858.529296875,16862.689453125,16847.970703125,16851.76953125,0,2026-06-23 11:30:00
16851.880859375,16852.859375,16827.83984375,16845.130859375,0,2026-06-23 11:35:00
16847.529296875,16848.140625,16830.400390625,16830.400390625,0,2026-06-23 11:40:00
16830.7890625,16832.6796875,16821.080078125,16832.51953125,0,2026-06-23 11:45:00
16833.0,16833.8203125,16820.30078125,16823.2109375,0,2026-06-23 11:50:00
16823.869140625,16832.529296875,16795.619140625,16802.76953125,0,2026-06-23 11:55:00
16804.189453125,16811.009765625,16792.76953125,16796.640625,0,2026-06-23 12:00:00
16796.720703125,16798.5703125,16789.099609375,16790.640625,0,2026-06-23 12:05:00
16790.7890625,16801.650390625,16783.169921875,16797.7109375,0,2026-06-23 12:10:00
16796.140625,16798.23046875,16774.98046875,16781.859375,0,2026-06-23 12:15:00
16781.220703125,16781.220703125,16756.630859375,16757.76953125,0,2026-06-23 12:20:00
16755.9609375,16758.41015625,16740.5390625,16741.41015625,0,2026-06-23 12:25:00
16740.9609375,16756.30078125,16715.560546875,16717.099609375,0,2026-06-23 12:30:00
16717.91015625,16729.890625,16704.8203125,16726.740234375,0,2026-06-23 12:35:00
16727.029296875,16744.51953125,16724.51953125,16729.359375,0,2026-06-23 12:40:00
16729.439453125,16738.970703125,16719.6796875,16734.849609375,0,2026-06-23 12:45:00
16736.619140625,16746.630859375,16716.400390625,16732.240234375,0,2026-06-23 12:50:00
16732.439453125,16761.0703125,16731.759765625,16739.0,0,2026-06-23 12:55:00
16740.419921875,16758.8203125,16731.2109375,16748.8203125,0,2026-06-23 13:00:00
16749.490234375,16779.98046875,16740.2109375,16773.2890625,0,2026-06-23 13:05:00
16775.69921875,16778.0390625,16748.189453125,16750.640625,0,2026-06-23 13:10:00
16749.0390625,16753.369140625,16734.44921875,16748.609375,0,2026-06-23 13:15:00
16748.640625,16752.939453125,16741.720703125,16746.44921875,0,2026-06-23 13:20:00
16745.650390625,16750.08984375,16726.810546875,16744.55078125,0,2026-06-23 13:25:00
16746.009765625,16762.109375,16733.830078125,16755.970703125,0,2026-06-23 13:30:00
16755.41015625,16764.599609375,16747.380859375,16760.5390625,0,2026-06-23 13:35:00
16761.75,16765.48046875,16750.48046875,16750.48046875,0,2026-06-23 13:40:00
16751.609375,16784.69921875,16748.08984375,16782.94921875,0,2026-06-23 13:45:00
16785.640625,16799.189453125,16773.609375,16793.6796875,0,2026-06-23 13:50:00
16793.009765625,16800.609375,16776.640625,16797.890625,0,2026-06-23 13:55:00
16798.73046875,16808.55078125,16776.470703125,16795.990234375,0,2026-06-23 14:00:00
16795.9296875,16807.1796875,16784.220703125,16804.869140625,0,2026-06-23 14:05:00
16805.4609375,16816.759765625,16798.55078125,16812.029296875,0,2026-06-23 14:10:00
16812.109375,16819.380859375,16791.080078125,16799.73046875,0,2026-06-23 14:15:00
16800.390625,16809.75,16770.69921875,16789.869140625,0,2026-06-23 14:20:00
16789.009765625,16803.310546875,16779.689453125,16784.08984375,0,2026-06-23 14:25:00
16790.220703125,16790.220703125,16773.3203125,16782.169921875,0,2026-06-23 14:30:00
16783.6796875,16800.560546875,16774.919921875,16792.599609375,0,2026-06-23 14:35:00
16791.51953125,16797.080078125,16776.189453125,16791.76953125,0,2026-06-23 14:40:00
16790.7890625,16815.3203125,16788.48046875,16806.220703125,0,2026-06-23 14:45:00
16805.0390625,16821.060546875,16801.400390625,16817.939453125,0,2026-06-23 14:50:00
16818.109375,16826.609375,16807.9609375,16813.310546875,0,2026-06-23 14:55:00
16819.060546875,16830.9296875,16819.060546875,16830.9296875,0,2026-06-24 06:55:00
16830.9296875,16837.2890625,16772.3203125,16773.869140625,0,2026-06-24 07:00:00
16776.5,16789.55078125,16755.560546875,16760.8203125,0,2026-06-24 07:05:00
16761.400390625,16822.109375,16761.400390625,16817.140625,0,2026-06-24 07:10:00
16815.4296875,16830.580078125,16790.900390625,16814.2109375,0,2026-06-24 07:15:00
16813.330078125,16815.5,16770.5,16773.58984375,0,2026-06-24 07:20:00
16772.099609375,16777.66015625,16731.419921875,16734.189453125,0,2026-06-24 07:25:00
16733.3203125,16762.640625,16730.69921875,16755.5390625,0,2026-06-24 07:30:00
16754.650390625,16757.779296875,16722.130859375,16741.23046875,0,2026-06-24 07:35:00
16741.51953125,16753.7109375,16718.73046875,16745.4296875,0,2026-06-24 07:40:00
16747.80078125,16757.099609375,16738.509765625,16748.7109375,0,2026-06-24 07:45:00
16747.419921875,16763.08984375,16738.400390625,16748.369140625,0,2026-06-24 07:50:00
16746.0703125,16746.2890625,16713.240234375,16714.650390625,0,2026-06-24 07:55:00
16716.4296875,16725.470703125,16699.890625,16715.19921875,0,2026-06-24 08:00:00
16712.419921875,16724.470703125,16710.98046875,16718.0,0,2026-06-24 08:05:00
16717.880859375,16733.150390625,16699.509765625,16719.5390625,0,2026-06-24 08:10:00
16718.630859375,16720.83984375,16706.51953125,16706.5703125,0,2026-06-24 08:15:00
16705.330078125,16710.689453125,16679.939453125,16688.919921875,0,2026-06-24 08:20:00
16683.189453125,16696.509765625,16665.6796875,16693.48046875,0,2026-06-24 08:25:00
16693.919921875,16714.01953125,16686.1796875,16702.23046875,0,2026-06-24 08:30:00
16702.080078125,16704.55078125,16676.5703125,16683.369140625,0,2026-06-24 08:35:00
16686.080078125,16703.0703125,16679.76953125,16696.990234375,0,2026-06-24 08:40:00
16695.16015625,16698.189453125,16666.640625,16670.810546875,0,2026-06-24 08:45:00
16669.26953125,16689.439453125,16669.189453125,16685.560546875,0,2026-06-24 08:50:00
16684.880859375,16687.849609375,16674.720703125,16683.4296875,0,2026-06-24 08:55:00
16682.759765625,16690.80078125,16655.099609375,16662.630859375,0,2026-06-24 09:00:00
16661.580078125,16666.619140625,16650.650390625,16653.44921875,0,2026-06-24 09:05:00
16653.080078125,16666.849609375,16649.2890625,16665.400390625,0,2026-06-24 09:10:00
16664.0390625,16671.830078125,16660.0390625,16668.0390625,0,2026-06-24 09:15:00
16668.3203125,16675.310546875,16656.890625,16663.740234375,0,2026-06-24 09:20:00
16662.740234375,16673.349609375,16657.509765625,16662.26953125,0,2026-06-24 09:25:00
16663.76953125,16664.240234375,16647.5390625,16652.169921875,0,2026-06-24 09:30:00
16652.359375,16655.0703125,16646.51953125,16654.25,0,2026-06-24 09:35:00
16654.099609375,16655.060546875,16635.83984375,16638.5703125,0,2026-06-24 09:40:00
16636.330078125,16651.150390625,16632.310546875,16640.869140625,0,2026-06-24 09:45:00
16639.029296875,16648.380859375,16637.869140625,16637.869140625,0,2026-06-24 09:50:00
16636.9609375,16645.849609375,16634.4296875,16643.369140625,0,2026-06-24 09:55:00
16645.919921875,16651.330078125,16632.380859375,16645.94921875,0,2026-06-24 10:00:00
16645.490234375,16656.900390625,16641.880859375,16651.76953125,0,2026-06-24 10:05:00
16651.76953125,16654.66015625,16639.080078125,16641.400390625,0,2026-06-24 10:10:00
16641.25,16645.470703125,16633.349609375,16636.109375,0,2026-06-24 10:15:00
16637.2109375,16640.1796875,16628.9609375,16633.849609375,0,2026-06-24 10:20:00
16635.33984375,16661.44921875,16634.380859375,16659.880859375,0,2026-06-24 10:25:00
16659.490234375,16668.240234375,16656.80078125,16667.080078125,0,2026-06-24 10:30:00
16666.240234375,16667.400390625,16648.05078125,16658.94921875,0,2026-06-24 10:35:00
16659.2890625,16668.2109375,16657.419921875,16662.390625,0,2026-06-24 10:40:00
16662.30078125,16664.33984375,16642.359375,16643.310546875,0,2026-06-24 10:45:00
16641.919921875,16645.529296875,16626.689453125,16627.529296875,0,2026-06-24 10:50:00
16627.869140625,16634.16015625,16615.41015625,16617.939453125,0,2026-06-24 10:55:00
16619.26953125,16624.130859375,16604.58984375,16607.419921875,0,2026-06-24 11:00:00
16607.240234375,16623.55078125,16605.580078125,16614.419921875,0,2026-06-24 11:05:00
16615.849609375,16615.849609375,16592.91015625,16594.830078125,0,2026-06-24 11:10:00
16594.44921875,16601.140625,16588.05078125,16591.0390625,0,2026-06-24 11:15:00
16590.390625,16598.4296875,16581.080078125,16586.599609375,0,2026-06-24 11:20:00
16587.779296875,16589.310546875,16576.44921875,16576.5390625,0,2026-06-24 11:25:00
16577.41015625,16590.7890625,16574.4609375,16579.810546875,0,2026-06-24 11:30:00
16577.390625,16581.0,16569.26953125,16578.830078125,0,2026-06-24 11:35:00
16576.75,16579.810546875,16566.55078125,16568.73046875,0,2026-06-24 11:40:00
16569.599609375,16579.66015625,16558.740234375,16579.0390625,0,2026-06-24 11:45:00
16578.140625,16612.720703125,16571.619140625,16612.720703125,0,2026-06-24 11:50:00
16612.669921875,16614.900390625,16577.400390625,16582.01953125,0,2026-06-24 11:55:00
16582.41015625,16591.7109375,16575.5,16582.240234375,0,2026-06-24 12:00:00
16584.3203125,16584.3203125,16567.119140625,16570.470703125,0,2026-06-24 12:05:00
16569.0,16596.630859375,16563.55078125,16579.7109375,0,2026-06-24 12:10:00
16580.25,16595.94921875,16573.5703125,16591.23046875,0,2026-06-24 12:15:00
16591.23046875,16591.890625,16554.740234375,16570.060546875,0,2026-06-24 12:20:00
16568.69921875,16577.98046875,16553.859375,16572.2890625,0,2026-06-24 12:25:00
16571.529296875,16577.369140625,16559.990234375,16569.369140625,0,2026-06-24 12:30:00
16567.48046875,16575.3203125,16556.859375,16558.44921875,0,2026-06-24 12:35:00
16560.119140625,16562.5703125,16554.400390625,16559.669921875,0,2026-06-24 12:40:00
16559.669921875,16571.439453125,16557.830078125,16559.880859375,0,2026-06-24 12:45:00
16559.41015625,16576.560546875,16552.220703125,16566.869140625,0,2026-06-24 12:50:00
16565.98046875,16581.7109375,16554.51953125,16580.359375,0,2026-06-24 12:55:00
16578.859375,16608.359375,16573.0,16598.150390625,0,2026-06-24 13:00:00
16595.439453125,16599.640625,16575.01953125,16583.849609375,0,2026-06-24 13:05:00
16582.58984375,16588.3203125,16562.740234375,16562.740234375,0,2026-06-24 13:10:00
16564.7109375,16580.939453125,16555.759765625,16580.0390625,0,2026-06-24 13:15:00
16580.390625,16583.80078125,16556.359375,16582.509765625,0,2026-06-24 13:20:00
16582.8203125,16589.900390625,16574.08984375,16581.970703125,0,2026-06-24 13:25:00
16582.4609375,16637.0390625,16576.25,16634.19921875,0,2026-06-24 13:30:00
16635.140625,16652.720703125,16610.98046875,16610.98046875,0,2026-06-24 13:35:00
16611.5703125,16615.859375,16566.58984375,16586.369140625,0,2026-06-24 13:40:00
16588.669921875,16608.83984375,16588.029296875,16603.650390625,0,2026-06-24 13:45:00
16603.630859375,16667.16015625,16598.869140625,16652.880859375,0,2026-06-24 13:50:00
16653.73046875,16667.01953125,16637.01953125,16665.380859375,0,2026-06-24 13:55:00
16666.009765625,16676.4296875,16623.580078125,16626.279296875,0,2026-06-24 14:00:00
16626.25,16635.33984375,16612.69921875,16619.41015625,0,2026-06-24 14:05:00
16620.7109375,16629.279296875,16605.240234375,16614.30078125,0,2026-06-24 14:10:00
16613.099609375,16630.400390625,16610.2890625,16627.419921875,0,2026-06-24 14:15:00
16628.779296875,16643.720703125,16601.779296875,16631.970703125,0,2026-06-24 14:20:00
16630.1796875,16670.75,16628.970703125,16670.4609375,0,2026-06-24 14:25:00
16670.349609375,16680.359375,16655.80078125,16676.330078125,0,2026-06-24 14:30:00
16675.580078125,16678.83984375,16642.119140625,16642.119140625,0,2026-06-24 14:35:00
16644.33984375,16648.189453125,16629.94921875,16646.880859375,0,2026-06-24 14:40:00
16650.869140625,16651.630859375,16625.240234375,16626.25,0,2026-06-24 14:45:00
16632.279296875,16638.98046875,16622.099609375,16624.810546875,0,2026-06-24 14:50:00
16626.5390625,16631.619140625,16617.169921875,16621.009765625,0,2026-06-24 14:55:00
16588.4609375,16746.0703125,16588.4609375,16746.0703125,0,2026-06-25 06:55:00
16746.0703125,16813.439453125,16746.0703125,16813.439453125,0,2026-06-25 07:00:00
16814.2109375,16842.080078125,16813.509765625,16842.080078125,0,2026-06-25 07:05:00
16843.26953125,16862.630859375,16818.05078125,16840.609375,0,2026-06-25 07:10:00
16837.330078125,16864.609375,16829.529296875,16863.529296875,0,2026-06-25 07:15:00
16862.859375,16887.609375,16855.130859375,16883.6796875,0,2026-06-25 07:20:00
16884.2890625,16891.5,16843.1796875,16877.650390625,0,2026-06-25 07:25:00
16878.080078125,16900.2109375,16875.2109375,16896.7890625,0,2026-06-25 07:30:00
16900.259765625,16921.390625,16897.009765625,16909.5390625,0,2026-06-25 07:35:00
16909.94921875,16919.900390625,16892.650390625,16892.650390625,0,2026-06-25 07:40:00
16893.5390625,16897.400390625,16866.650390625,16876.390625,0,2026-06-25 07:45:00
16877.599609375,16886.150390625,16867.05078125,16878.439453125,0,2026-06-25 07:50:00
16879.890625,16898.990234375,16861.529296875,16898.509765625,0,2026-06-25 07:55:00
16898.740234375,16934.310546875,16894.48046875,16924.6796875,0,2026-06-25 08:00:00
16926.2890625,16928.330078125,16900.400390625,16911.400390625,0,2026-06-25 08:05:00
16910.529296875,16935.23046875,16907.890625,16927.029296875,0,2026-06-25 08:10:00
16927.3203125,16933.900390625,16909.26953125,16927.01953125,0,2026-06-25 08:15:00
16926.83984375,16931.189453125,16906.609375,16912.140625,0,2026-06-25 08:20:00
16911.099609375,16914.099609375,16889.619140625,16891.640625,0,2026-06-25 08:25:00
16892.4296875,16893.73046875,16864.23046875,16876.80078125,0,2026-06-25 08:30:00
16876.630859375,16899.330078125,16870.189453125,16895.7109375,0,2026-06-25 08:35:00
16894.73046875,16930.240234375,16894.439453125,16911.66015625,0,2026-06-25 08:40:00
16914.009765625,16932.1796875,16904.009765625,16928.8203125,0,2026-06-25 08:45:00
16931.08984375,16953.400390625,16926.19921875,16952.0,0,2026-06-25 08:50:00
16950.259765625,16957.779296875,16935.390625,16943.529296875,0,2026-06-25 08:55:00
16940.810546875,16961.169921875,16929.330078125,16955.44921875,0,2026-06-25 09:00:00
16956.94921875,16961.990234375,16941.009765625,16948.41015625,0,2026-06-25 09:05:00
16949.150390625,16950.41015625,16924.029296875,16927.609375,0,2026-06-25 09:10:00
16926.1796875,16929.5703125,16884.830078125,16886.109375,0,2026-06-25 09:15:00
16887.2890625,16888.1796875,16861.140625,16865.3203125,0,2026-06-25 09:20:00
16864.9609375,16864.9609375,16792.400390625,16810.369140625,0,2026-06-25 09:25:00
16812.419921875,16830.26953125,16797.26953125,16805.7890625,0,2026-06-25 09:30:00
16807.900390625,16812.939453125,16792.400390625,16793.8203125,0,2026-06-25 09:35:00
16793.30078125,16795.279296875,16761.509765625,16765.44921875,0,2026-06-25 09:40:00
16766.51953125,16766.970703125,16750.240234375,16754.130859375,0,2026-06-25 09:45:00
16753.7109375,16759.509765625,16736.970703125,16745.91015625,0,2026-06-25 09:50:00
16745.83984375,16765.109375,16743.119140625,16751.33984375,0,2026-06-25 09:55:00
16751.259765625,16757.099609375,16744.279296875,16747.9296875,0,2026-06-25 10:00:00
16747.51953125,16762.900390625,16745.650390625,16758.19921875,0,2026-06-25 10:05:00
16757.509765625,16758.650390625,16731.94921875,16738.419921875,0,2026-06-25 10:10:00
16737.490234375,16737.810546875,16727.279296875,16733.619140625,0,2026-06-25 10:15:00
16733.279296875,16750.419921875,16728.080078125,16747.44921875,0,2026-06-25 10:20:00
16745.609375,16755.2109375,16740.779296875,16750.7890625,0,2026-06-25 10:25:00
16749.51953125,16753.5390625,16731.650390625,16747.4609375,0,2026-06-25 10:30:00
16745.939453125,16751.9609375,16736.380859375,16741.140625,0,2026-06-25 10:35:00
16741.080078125,16743.55078125,16732.490234375,16735.0390625,0,2026-06-25 10:40:00
16733.9296875,16754.2890625,16722.919921875,16732.390625,0,2026-06-25 10:45:00
16731.4296875,16742.3203125,16725.2890625,16732.880859375,0,2026-06-25 10:50:00
16732.880859375,16737.19921875,16723.150390625,16728.91015625,0,2026-06-25 10:55:00
16729.009765625,16729.41015625,16704.419921875,16710.740234375,0,2026-06-25 11:00:00
16709.529296875,16723.23046875,16702.990234375,16706.7890625,0,2026-06-25 11:05:00
16708.390625,16708.390625,16663.099609375,16663.099609375,0,2026-06-25 11:10:00
16663.509765625,16668.919921875,16645.119140625,16650.650390625,0,2026-06-25 11:15:00
16651.939453125,16657.0390625,16640.490234375,16642.73046875,0,2026-06-25 11:20:00
16641.6796875,16668.69921875,16640.349609375,16668.2109375,0,2026-06-25 11:25:00
16667.33984375,16672.330078125,16655.3203125,16660.400390625,0,2026-06-25 11:30:00
16658.009765625,16659.490234375,16644.060546875,16647.19921875,0,2026-06-25 11:35:00
16648.609375,16651.419921875,16627.6796875,16629.490234375,0,2026-06-25 11:40:00
16628.279296875,16637.859375,16623.80078125,16628.359375,0,2026-06-25 11:45:00
16626.029296875,16628.119140625,16594.5703125,16598.060546875,0,2026-06-25 11:50:00
16598.44921875,16599.91015625,16579.009765625,16579.869140625,0,2026-06-25 11:55:00
16580.05078125,16584.080078125,16564.490234375,16570.0703125,0,2026-06-25 12:00:00
16570.44921875,16604.44921875,16569.609375,16600.75,0,2026-06-25 12:05:00
16602.359375,16603.810546875,16583.619140625,16584.990234375,0,2026-06-25 12:10:00
16585.51953125,16586.94921875,16576.919921875,16581.720703125,0,2026-06-25 12:15:00
16581.8203125,16611.490234375,16581.359375,16596.849609375,0,2026-06-25 12:20:00
16596.5703125,16618.599609375,16595.869140625,16612.5390625,0,2026-06-25 12:25:00
16611.26953125,16663.76953125,16605.470703125,16605.470703125,0,2026-06-25 12:30:00
16609.810546875,16609.810546875,16578.2109375,16605.029296875,0,2026-06-25 12:35:00
16603.900390625,16636.2890625,16603.900390625,16633.259765625,0,2026-06-25 12:40:00
16633.4609375,16660.169921875,16628.689453125,16644.099609375,0,2026-06-25 12:45:00
16643.439453125,16646.9296875,16624.23046875,16635.75,0,2026-06-25 12:50:00
16635.9609375,16642.01953125,16617.580078125,16618.33984375,0,2026-06-25 12:55:00
16618.08984375,16633.66015625,16613.5703125,16624.880859375,0,2026-06-25 13:00:00
16624.880859375,16624.880859375,16610.75,16613.310546875,0,2026-06-25 13:05:00
16613.810546875,16617.759765625,16581.869140625,16601.890625,0,2026-06-25 13:10:00
16604.400390625,16640.30078125,16601.4296875,16602.0,0,2026-06-25 13:15:00
16601.029296875,16607.509765625,16595.349609375,16603.2890625,0,2026-06-25 13:20:00
16604.119140625,16614.41015625,16600.720703125,16610.83984375,0,2026-06-25 13:25:00
16610.08984375,16623.91015625,16591.4609375,16594.439453125,0,2026-06-25 13:30:00
16593.91015625,16613.849609375,16582.259765625,16611.55078125,0,2026-06-25 13:35:00
16612.419921875,16614.609375,16532.650390625,16542.599609375,0,2026-06-25 13:40:00
16542.0390625,16561.1796875,16520.099609375,16531.30078125,0,2026-06-25 13:45:00
16532.26953125,16566.640625,16523.8203125,16525.640625,0,2026-06-25 13:50:00
16525.560546875,16544.9296875,16519.2890625,16530.16015625,0,2026-06-25 13:55:00
16531.1796875,16581.76953125,16531.1796875,16565.900390625,0,2026-06-25 14:00:00
16565.740234375,16584.08984375,16551.75,16560.369140625,0,2026-06-25 14:05:00
16561.08984375,16569.400390625,16507.30078125,16507.30078125,0,2026-06-25 14:10:00
16507.970703125,16541.029296875,16506.119140625,16538.66015625,0,2026-06-25 14:15:00
16538.01953125,16565.5703125,16531.880859375,16552.279296875,0,2026-06-25 14:20:00
16553.5390625,16559.599609375,16534.75,16546.259765625,0,2026-06-25 14:25:00
16547.80078125,16562.609375,16544.01953125,16552.3203125,0,2026-06-25 14:30:00
16551.619140625,16557.33984375,16542.880859375,16551.4609375,0,2026-06-25 14:35:00
16551.109375,16555.140625,16535.41015625,16536.4296875,0,2026-06-25 14:40:00
16534.310546875,16551.4296875,16531.2109375,16540.4296875,0,2026-06-25 14:45:00
16538.119140625,16542.859375,16516.990234375,16525.400390625,0,2026-06-25 14:50:00
16526.259765625,16548.0390625,16525.349609375,16540.580078125,0,2026-06-25 14:55:00
16552.58984375,16555.830078125,16552.58984375,16555.830078125,0,2026-06-26 06:55:00
16555.830078125,16614.8203125,16554.830078125,16603.990234375,0,2026-06-26 07:00:00
16606.970703125,16661.08984375,16603.66015625,16605.7109375,0,2026-06-26 07:05:00
16608.169921875,16658.470703125,16608.169921875,16648.69921875,0,2026-06-26 07:10:00
16650.01953125,16661.259765625,16605.44921875,16615.080078125,0,2026-06-26 07:15:00
16611.330078125,16620.4296875,16601.259765625,16604.619140625,0,2026-06-26 07:20:00
16604.58984375,16611.859375,16563.580078125,16568.369140625,0,2026-06-26 07:25:00
16567.7890625,16639.580078125,16565.73046875,16632.5390625,0,2026-06-26 07:30:00
16630.5703125,16639.94921875,16609.580078125,16615.01953125,0,2026-06-26 07:35:00
16614.810546875,16656.51953125,16611.259765625,16630.109375,0,2026-06-26 07:40:00
16631.880859375,16649.900390625,16618.30078125,16640.8203125,0,2026-06-26 07:45:00
16642.390625,16653.48046875,16635.009765625,16638.5390625,0,2026-06-26 07:50:00
16637.509765625,16658.5,16636.380859375,16643.859375,0,2026-06-26 07:55:00
16645.109375,16649.4296875,16625.8203125,16633.900390625,0,2026-06-26 08:00:00
16632.83984375,16650.66015625,16624.939453125,16647.439453125,0,2026-06-26 08:05:00
16650.009765625,16650.009765625,16623.23046875,16624.099609375,0,2026-06-26 08:10:00
16624.369140625,16658.4296875,16624.369140625,16648.0390625,0,2026-06-26 08:15:00
16646.619140625,16646.69921875,16618.869140625,16635.060546875,0,2026-06-26 08:20:00
16636.7890625,16683.2890625,16636.279296875,16683.2890625,0,2026-06-26 08:25:00
16683.169921875,16684.060546875,16619.509765625,16621.5390625,0,2026-06-26 08:30:00
16623.419921875,16635.490234375,16616.58984375,16635.490234375,0,2026-06-26 08:35:00
16635.0,16646.5390625,16623.41015625,16625.48046875,0,2026-06-26 08:40:00
16627.51953125,16629.75,16597.9609375,16602.490234375,0,2026-06-26 08:45:00
16603.48046875,16609.75,16591.23046875,16598.619140625,0,2026-06-26 08:50:00
16597.55078125,16597.94921875,16580.220703125,16587.869140625,0,2026-06-26 08:55:00
16587.529296875,16602.810546875,16574.330078125,16602.439453125,0,2026-06-26 09:00:00
16603.9296875,16618.859375,16598.029296875,16603.5390625,0,2026-06-26 09:05:00
16603.009765625,16621.240234375,16595.91015625,16617.740234375,0,2026-06-26 09:10:00
16622.150390625,16631.7109375,16606.8203125,16630.41015625,0,2026-06-26 09:15:00
16627.58984375,16632.439453125,16616.939453125,16619.5,0,2026-06-26 09:20:00
16619.5,16627.470703125,16603.359375,16604.5703125,0,2026-06-26 09:25:00
16606.0703125,16608.009765625,16596.55078125,16605.0,0,2026-06-26 09:30:00
16605.939453125,16616.140625,16598.779296875,16609.060546875,0,2026-06-26 09:35:00
16609.060546875,16618.810546875,16598.2109375,16605.66015625,0,2026-06-26 09:40:00
16602.9609375,16612.689453125,16594.669921875,16603.5,0,2026-06-26 09:45:00
16603.58984375,16605.439453125,16577.919921875,16580.94921875,0,2026-06-26 09:50:00
16589.029296875,16590.419921875,16579.44921875,16583.919921875,0,2026-06-26 09:55:00
16582.470703125,16584.939453125,16555.0,16558.669921875,0,2026-06-26 10:00:00
16558.48046875,16573.380859375,16552.310546875,16568.419921875,0,2026-06-26 10:05:00
16567.55078125,16584.119140625,16563.9609375,16570.080078125,0,2026-06-26 10:10:00
16568.75,16590.890625,16565.380859375,16581.9296875,0,2026-06-26 10:15:00
16581.9296875,16587.58984375,16568.41015625,16571.369140625,0,2026-06-26 10:20:00
16572.240234375,16596.599609375,16570.58984375,16591.439453125,0,2026-06-26 10:25:00
16590.970703125,16602.509765625,16585.689453125,16594.140625,0,2026-06-26 10:30:00
16593.7890625,16595.19921875,16557.33984375,16586.119140625,0,2026-06-26 10:35:00
16585.0703125,16598.30078125,16582.3203125,16592.23046875,0,2026-06-26 10:40:00
16593.1796875,16608.939453125,16592.310546875,16602.080078125,0,2026-06-26 10:45:00
16600.970703125,16606.8203125,16592.4609375,16601.060546875,0,2026-06-26 10:50:00
16600.970703125,16603.4296875,16588.580078125,16599.509765625,0,2026-06-26 10:55:00
16601.6796875,16627.30078125,16597.060546875,16624.2109375,0,2026-06-26 11:00:00
16623.91015625,16626.01953125,16603.400390625,16616.130859375,0,2026-06-26 11:05:00
16615.05078125,16619.66015625,16603.689453125,16618.01953125,0,2026-06-26 11:10:00
16617.66015625,16617.66015625,16590.9609375,16596.470703125,0,2026-06-26 11:15:00
16596.0,16603.4609375,16586.580078125,16589.880859375,0,2026-06-26 11:20:00
16589.26953125,16608.509765625,16589.080078125,16596.640625,0,2026-06-26 11:25:00
16596.640625,16598.509765625,16582.919921875,16587.0703125,0,2026-06-26 11:30:00
16586.73046875,16589.23046875,16569.859375,16574.5,0,2026-06-26 11:35:00
16573.630859375,16590.259765625,16562.650390625,16571.109375,0,2026-06-26 11:40:00
16570.0,16585.599609375,16561.099609375,16577.869140625,0,2026-06-26 11:45:00
16578.240234375,16579.2890625,16540.05078125,16541.439453125,0,2026-06-26 11:50:00
16542.310546875,16543.2109375,16507.919921875,16509.83984375,0,2026-06-26 11:55:00
16511.330078125,16544.0,16507.619140625,16530.01953125,0,2026-06-26 12:00:00
16530.140625,16534.189453125,16487.330078125,16501.490234375,0,2026-06-26 12:05:00
16500.509765625,16517.23046875,16497.119140625,16514.94921875,0,2026-06-26 12:10:00
16514.30078125,16518.650390625,16490.51953125,16500.990234375,0,2026-06-26 12:15:00
16499.83984375,16514.01953125,16497.740234375,16502.0,0,2026-06-26 12:20:00
16501.859375,16514.490234375,16500.08984375,16503.759765625,0,2026-06-26 12:25:00
16504.970703125,16507.689453125,16479.029296875,16484.33984375,0,2026-06-26 12:30:00
16484.240234375,16503.880859375,16480.48046875,16498.439453125,0,2026-06-26 12:35:00
16498.76953125,16508.5390625,16479.4609375,16483.640625,0,2026-06-26 12:40:00
16481.849609375,16495.220703125,16476.390625,16482.94921875,0,2026-06-26 12:45:00
16481.740234375,16505.349609375,16480.890625,16496.830078125,0,2026-06-26 12:50:00
16496.830078125,16512.16015625,16490.310546875,16505.890625,0,2026-06-26 12:55:00
16507.5703125,16509.060546875,16488.8203125,16494.33984375,0,2026-06-26 13:00:00
16492.779296875,16493.98046875,16475.310546875,16475.310546875,0,2026-06-26 13:05:00
16476.859375,16481.779296875,16459.9296875,16475.2109375,0,2026-06-26 13:10:00
16475.380859375,16482.58984375,16434.349609375,16440.48046875,0,2026-06-26 13:15:00
16440.779296875,16467.900390625,16440.779296875,16460.779296875,0,2026-06-26 13:20:00
16459.19921875,16466.650390625,16438.109375,16443.380859375,0,2026-06-26 13:25:00
16445.0,16460.33984375,16422.810546875,16426.640625,0,2026-06-26 13:30:00
16428.16015625,16438.69921875,16409.439453125,16412.099609375,0,2026-06-26 13:35:00
16412.91015625,16434.259765625,16410.359375,16416.0703125,0,2026-06-26 13:40:00
16418.169921875,16418.470703125,16394.80078125,16399.259765625,0,2026-06-26 13:45:00
16401.01953125,16409.2890625,16387.94921875,16405.669921875,0,2026-06-26 13:50:00
16408.779296875,16443.94921875,16406.330078125,16439.51953125,0,2026-06-26 13:55:00
16438.01953125,16440.19921875,16412.439453125,16419.41015625,0,2026-06-26 14:00:00
16419.259765625,16445.009765625,16419.259765625,16443.259765625,0,2026-06-26 14:05:00
16443.109375,16465.5,16429.220703125,16462.69921875,0,2026-06-26 14:10:00
16461.83984375,16486.6796875,16460.560546875,16472.55078125,0,2026-06-26 14:15:00
16473.029296875,16476.060546875,16454.349609375,16457.5703125,0,2026-06-26 14:20:00
16457.380859375,16464.16015625,16447.1796875,16453.759765625,0,2026-06-26 14:25:00
16455.220703125,16534.419921875,16454.240234375,16516.5390625,0,2026-06-26 14:30:00
16515.150390625,16515.580078125,16485.55078125,16501.830078125,0,2026-06-26 14:35:00
16499.94921875,16504.94921875,16495.400390625,16504.400390625,0,2026-06-26 14:40:00
16505.240234375,16525.4296875,16496.98046875,16521.5390625,0,2026-06-26 14:45:00
16521.2890625,16534.560546875,16515.509765625,16534.490234375,0,2026-06-26 14:50:00
16533.220703125,16549.25,16529.130859375,16541.279296875,0,2026-06-26 14:55:00
16561.830078125,16601.94921875,16561.830078125,16601.94921875,0,2026-06-29 06:55:00
16601.94921875,16608.80078125,16540.099609375,16571.7890625,0,2026-06-29 07:00:00
16573.05078125,16591.7890625,16550.91015625,16582.439453125,0,2026-06-29 07:05:00
16582.01953125,16605.099609375,16561.419921875,16575.869140625,0,2026-06-29 07:10:00
16575.1796875,16605.259765625,16569.310546875,16572.83984375,0,2026-06-29 07:15:00
16570.529296875,16590.83984375,16560.9609375,16590.83984375,0,2026-06-29 07:20:00
16588.5703125,16629.109375,16583.529296875,16629.109375,0,2026-06-29 07:25:00
16628.4609375,16631.4609375,16574.7890625,16600.8203125,0,2026-06-29 07:30:00
16599.0390625,16608.05078125,16585.130859375,16604.330078125,0,2026-06-29 07:35:00
16602.830078125,16604.73046875,16581.259765625,16587.41015625,0,2026-06-29 07:40:00
16586.400390625,16588.01953125,16563.439453125,16567.16015625,0,2026-06-29 07:45:00
16569.390625,16603.66015625,16560.26953125,16603.5390625,0,2026-06-29 07:50:00
16602.150390625,16604.619140625,16570.4609375,16577.779296875,0,2026-06-29 07:55:00
16579.16015625,16584.119140625,16563.1796875,16568.98046875,0,2026-06-29 08:00:00
16569.259765625,16573.73046875,16556.720703125,16560.1796875,0,2026-06-29 08:05:00
16560.19921875,16564.390625,16528.44921875,16531.9296875,0,2026-06-29 08:10:00
16532.98046875,16538.23046875,16507.91015625,16519.109375,0,2026-06-29 08:15:00
16521.6796875,16522.9609375,16455.5,16457.419921875,0,2026-06-29 08:20:00
16457.890625,16467.630859375,16445.41015625,16451.3203125,0,2026-06-29 08:25:00
16451.91015625,16464.30078125,16445.26953125,16463.44921875,0,2026-06-29 08:30:00
16462.19921875,16469.6796875,16453.880859375,16455.6796875,0,2026-06-29 08:35:00
16455.08984375,16458.599609375,16419.609375,16430.33984375,0,2026-06-29 08:40:00
16430.0390625,16454.330078125,16428.140625,16450.919921875,0,2026-06-29 08:45:00
16448.509765625,16460.990234375,16447.119140625,16448.919921875,0,2026-06-29 08:50:00
16447.859375,16449.05078125,16428.390625,16434.919921875,0,2026-06-29 08:55:00
16435.0390625,16466.640625,16431.150390625,16463.779296875,0,2026-06-29 09:00:00
16463.48046875,16472.740234375,16453.759765625,16458.560546875,0,2026-06-29 09:05:00
16459.01953125,16473.7890625,16441.259765625,16470.669921875,0,2026-06-29 09:10:00
16470.099609375,16483.7109375,16464.720703125,16472.029296875,0,2026-06-29 09:15:00
16472.83984375,16477.26953125,16452.529296875,16454.08984375,0,2026-06-29 09:20:00
16454.359375,16480.650390625,16450.560546875,16466.2109375,0,2026-06-29 09:25:00
16463.390625,16479.080078125,16443.75,16444.359375,0,2026-06-29 09:30:00
16447.130859375,16451.380859375,16433.439453125,16449.759765625,0,2026-06-29 09:35:00
16448.400390625,16461.390625,16440.849609375,16444.140625,0,2026-06-29 09:40:00
16442.099609375,16450.119140625,16437.05078125,16442.5390625,0,2026-06-29 09:45:00
16442.23046875,16459.419921875,16438.41015625,16447.109375,0,2026-06-29 09:50:00
16446.98046875,16453.560546875,16440.6796875,16451.400390625,0,2026-06-29 09:55:00
16451.060546875,16452.44921875,16439.44921875,16445.650390625,0,2026-06-29 10:00:00
16445.919921875,16456.16015625,16438.0390625,16447.98046875,0,2026-06-29 10:05:00
16448.19921875,16459.5703125,16442.150390625,16444.849609375,0,2026-06-29 10:10:00
16442.439453125,16465.619140625,16438.630859375,16457.0390625,0,2026-06-29 10:15:00
16457.259765625,16467.490234375,16452.330078125,16462.51953125,0,2026-06-29 10:20:00
16460.609375,16467.369140625,16453.689453125,16460.25,0,2026-06-29 10:25:00
16462.01953125,16464.619140625,16455.0703125,16455.689453125,0,2026-06-29 10:30:00
16455.3203125,16464.609375,16449.439453125,16461.91015625,0,2026-06-29 10:35:00
16461.91015625,16461.91015625,16448.25,16452.8203125,0,2026-06-29 10:40:00
16455.400390625,16457.619140625,16447.390625,16457.439453125,0,2026-06-29 10:45:00
16457.740234375,16463.990234375,16450.55078125,16456.9296875,0,2026-06-29 10:50:00
16459.7890625,16460.509765625,16446.849609375,16454.369140625,0,2026-06-29 10:55:00
16452.91015625,16482.359375,16452.279296875,16479.55078125,0,2026-06-29 11:00:00
16479.69921875,16481.189453125,16440.119140625,16450.6796875,0,2026-06-29 11:05:00
16450.779296875,16458.150390625,16446.130859375,16456.650390625,0,2026-06-29 11:10:00
16456.2109375,16458.19921875,16449.3203125,16455.509765625,0,2026-06-29 11:15:00
16455.94921875,16460.25,16444.01953125,16446.4296875,0,2026-06-29 11:20:00
16446.490234375,16458.779296875,16441.3203125,16448.5,0,2026-06-29 11:25:00
16448.029296875,16470.69921875,16444.310546875,16459.7109375,0,2026-06-29 11:30:00
16459.4296875,16460.30078125,16397.689453125,16418.259765625,0,2026-06-29 11:35:00
16421.220703125,16441.859375,16415.400390625,16437.099609375,0,2026-06-29 11:40:00
16435.060546875,16436.7109375,16400.509765625,16402.33984375,0,2026-06-29 11:45:00
16403.220703125,16418.439453125,16396.3203125,16414.66015625,0,2026-06-29 11:50:00
16415.439453125,16424.2890625,16400.740234375,16402.630859375,0,2026-06-29 11:55:00
16401.140625,16410.380859375,16384.240234375,16385.73046875,0,2026-06-29 12:00:00
16385.5703125,16401.060546875,16382.0400390625,16394.490234375,0,2026-06-29 12:05:00
16394.01953125,16402.470703125,16377.3603515625,16381.650390625,0,2026-06-29 12:10:00
16382.26953125,16383.580078125,16363.2900390625,16363.2900390625,0,2026-06-29 12:15:00
16362.1298828125,16380.0,16359.01953125,16372.76953125,0,2026-06-29 12:20:00
16376.330078125,16380.3203125,16367.8701171875,16375.509765625,0,2026-06-29 12:25:00
16376.23046875,16376.6103515625,16360.6201171875,16371.08984375,0,2026-06-29 12:30:00
16373.150390625,16374.009765625,16360.5302734375,16364.6796875,0,2026-06-29 12:35:00
16363.3603515625,16372.3095703125,16356.9697265625,16369.2001953125,0,2026-06-29 12:40:00
16369.2001953125,16375.490234375,16357.75,16359.4296875,0,2026-06-29 12:45:00
16360.01953125,16368.4697265625,16353.580078125,16363.419921875,0,2026-06-29 12:50:00
16363.830078125,16373.330078125,16357.2197265625,16364.9296875,0,2026-06-29 12:55:00
16367.009765625,16384.310546875,16366.6796875,16384.310546875,0,2026-06-29 13:00:00
16383.98046875,16385.669921875,16356.01953125,16363.0,0,2026-06-29 13:05:00
16361.7900390625,16364.4599609375,16330.9404296875,16336.1796875,0,2026-06-29 13:10:00
16337.01953125,16354.4296875,16336.25,16348.3095703125,0,2026-06-29 13:15:00
16348.51953125,16354.16015625,16339.9404296875,16344.2099609375,0,2026-06-29 13:20:00
16342.3798828125,16362.3203125,16340.5400390625,16357.169921875,0,2026-06-29 13:25:00
16357.9599609375,16401.109375,16347.5302734375,16383.73046875,0,2026-06-29 13:30:00
16383.1396484375,16388.419921875,16366.0400390625,16387.19921875,0,2026-06-29 13:35:00
16386.189453125,16395.05078125,16372.419921875,16394.369140625,0,2026-06-29 13:40:00
16394.439453125,16397.470703125,16363.2998046875,16369.5400390625,0,2026-06-29 13:45:00
16368.0302734375,16403.599609375,16365.41015625,16387.630859375,0,2026-06-29 13:50:00
16386.5390625,16390.650390625,16349.8798828125,16362.0302734375,0,2026-06-29 13:55:00
16364.0498046875,16365.580078125,16345.509765625,16363.33984375,0,2026-06-29 14:00:00
16362.3203125,16363.6796875,16316.5703125,16328.080078125,0,2026-06-29 14:05:00
16328.7197265625,16334.419921875,16320.009765625,16324.91015625,0,2026-06-29 14:10:00
16325.25,16360.1103515625,16321.6396484375,16355.009765625,0,2026-06-29 14:15:00
16357.6904296875,16361.3798828125,16339.1796875,16357.0,0,2026-06-29 14:20:00
16356.5595703125,16366.6201171875,16348.509765625,16364.48046875,0,2026-06-29 14:25:00
16361.8701171875,16389.0,16361.8701171875,16385.41015625,0,2026-06-29 14:30:00
16387.060546875,16397.33984375,16373.98046875,16392.859375,0,2026-06-29 14:35:00
16392.859375,16396.23046875,16368.0302734375,16370.509765625,0,2026-06-29 14:40:00
16371.0400390625,16385.80078125,16367.2802734375,16384.05078125,0,2026-06-29 14:45:00
16379.16015625,16385.4609375,16368.580078125,16375.9501953125,0,2026-06-29 14:50:00
16375.240234375,16398.16015625,16373.0498046875,16375.48046875,0,2026-06-29 14:55:00
16427.669921875,16470.7109375,16427.669921875,16470.7109375,0,2026-06-30 06:55:00
16470.7109375,16496.759765625,16470.7109375,16486.740234375,0,2026-06-30 07:00:00
16483.890625,16497.859375,16465.470703125,16474.369140625,0,2026-06-30 07:05:00
16474.5703125,16510.4609375,16472.73046875,16508.390625,0,2026-06-30 07:10:00
16509.259765625,16553.640625,16505.23046875,16552.140625,0,2026-06-30 07:15:00
16550.44921875,16581.880859375,16549.919921875,16572.810546875,0,2026-06-30 07:20:00
16570.94921875,16573.810546875,16543.560546875,16556.51953125,0,2026-06-30 07:25:00
16557.98046875,16572.55078125,16554.109375,16563.939453125,0,2026-06-30 07:30:00
16562.05078125,16582.380859375,16548.5,16549.6796875,0,2026-06-30 07:35:00
16547.970703125,16552.58984375,16512.2890625,16514.58984375,0,2026-06-30 07:40:00
16516.259765625,16519.5,16478.029296875,16484.150390625,0,2026-06-30 07:45:00
16484.619140625,16536.509765625,16479.580078125,16519.490234375,0,2026-06-30 07:50:00
16518.94921875,16522.94921875,16491.4609375,16500.580078125,0,2026-06-30 07:55:00
16501.759765625,16510.990234375,16491.80078125,16504.419921875,0,2026-06-30 08:00:00
16504.94921875,16515.189453125,16492.01953125,16494.94921875,0,2026-06-30 08:05:00
16495.490234375,16513.30078125,16485.55078125,16488.8203125,0,2026-06-30 08:10:00
16488.48046875,16499.55078125,16479.419921875,16498.900390625,0,2026-06-30 08:15:00
16499.26953125,16504.880859375,16491.91015625,16493.029296875,0,2026-06-30 08:20:00
16492.9296875,16502.970703125,16487.390625,16489.490234375,0,2026-06-30 08:25:00
16489.509765625,16491.4609375,16426.91015625,16438.970703125,0,2026-06-30 08:30:00
16437.939453125,16457.580078125,16431.7890625,16453.779296875,0,2026-06-30 08:35:00
16451.0,16455.19921875,16442.55078125,16445.5703125,0,2026-06-30 08:40:00
16446.0390625,16450.91015625,16435.140625,16435.140625,0,2026-06-30 08:45:00
16432.220703125,16443.119140625,16415.099609375,16419.890625,0,2026-06-30 08:50:00
16417.26953125,16422.4609375,16404.890625,16420.76953125,0,2026-06-30 08:55:00
16416.4609375,16432.060546875,16415.150390625,16422.810546875,0,2026-06-30 09:00:00
16422.119140625,16427.0,16413.01953125,16418.2890625,0,2026-06-30 09:05:00
16414.94921875,16424.580078125,16408.349609375,16424.580078125,0,2026-06-30 09:10:00
16424.580078125,16440.529296875,16423.08984375,16434.19921875,0,2026-06-30 09:15:00
16434.380859375,16441.060546875,16429.779296875,16433.48046875,0,2026-06-30 09:20:00
16433.6796875,16439.9296875,16430.5703125,16436.220703125,0,2026-06-30 09:25:00
16437.08984375,16439.009765625,16421.259765625,16423.830078125,0,2026-06-30 09:30:00
16425.26953125,16427.33984375,16413.470703125,16427.33984375,0,2026-06-30 09:35:00
16427.33984375,16433.7109375,16419.75,16432.310546875,0,2026-06-30 09:40:00
16431.849609375,16442.9609375,16429.560546875,16442.8203125,0,2026-06-30 09:45:00
16442.8203125,16445.169921875,16421.619140625,16426.689453125,0,2026-06-30 09:50:00
16427.33984375,16431.939453125,16421.4296875,16426.5703125,0,2026-06-30 09:55:00
16425.2109375,16427.390625,16409.94921875,16414.400390625,0,2026-06-30 10:00:00
16416.4296875,16423.33984375,16408.259765625,16415.060546875,0,2026-06-30 10:05:00
16416.55078125,16422.400390625,16406.470703125,16412.76953125,0,2026-06-30 10:10:00
16411.279296875,16422.669921875,16410.5703125,16416.439453125,0,2026-06-30 10:15:00
16415.9609375,16418.859375,16404.189453125,16412.919921875,0,2026-06-30 10:20:00
16411.890625,16418.419921875,16406.75,16411.4609375,0,2026-06-30 10:25:00
16411.4609375,16420.279296875,16408.19921875,16416.400390625,0,2026-06-30 10:30:00
16417.109375,16420.359375,16410.509765625,16414.73046875,0,2026-06-30 10:35:00
16415.939453125,16425.099609375,16412.73046875,16424.94921875,0,2026-06-30 10:40:00
16423.990234375,16459.98046875,16419.55078125,16444.44921875,0,2026-06-30 10:45:00
16443.580078125,16457.4296875,16442.419921875,16452.369140625,0,2026-06-30 10:50:00
16451.560546875,16454.05078125,16441.609375,16448.060546875,0,2026-06-30 10:55:00
16448.490234375,16456.349609375,16443.099609375,16446.669921875,0,2026-06-30 11:00:00
16447.16015625,16456.689453125,16441.509765625,16454.51953125,0,2026-06-30 11:05:00
16455.119140625,16455.119140625,16436.990234375,16441.91015625,0,2026-06-30 11:10:00
16442.2890625,16451.830078125,16435.30078125,16448.869140625,0,2026-06-30 11:15:00
16446.73046875,16455.73046875,16439.990234375,16453.0703125,0,2026-06-30 11:20:00
16454.349609375,16455.91015625,16443.220703125,16445.0703125,0,2026-06-30 11:25:00
16445.16015625,16448.83984375,16438.640625,16445.080078125,0,2026-06-30 11:30:00
16444.55078125,16446.08984375,16433.640625,16442.880859375,0,2026-06-30 11:35:00
16442.669921875,16443.849609375,16420.26953125,16421.9296875,0,2026-06-30 11:40:00
16420.669921875,16425.23046875,16407.080078125,16416.109375,0,2026-06-30 11:45:00
16415.560546875,16418.900390625,16405.23046875,16415.759765625,0,2026-06-30 11:50:00
16415.970703125,16416.859375,16405.25,16413.490234375,0,2026-06-30 11:55:00
16412.94921875,16419.359375,16356.7900390625,16363.8798828125,0,2026-06-30 12:00:00
16365.6103515625,16372.58984375,16358.3095703125,16368.2802734375,0,2026-06-30 12:05:00
16368.900390625,16376.9501953125,16363.0595703125,16369.1298828125,0,2026-06-30 12:10:00
16369.3896484375,16372.8603515625,16348.6796875,16372.580078125,0,2026-06-30 12:15:00
16372.3095703125,16373.01953125,16354.0595703125,16354.7099609375,0,2026-06-30 12:20:00
16355.41015625,16371.5595703125,16352.48046875,16370.26953125,0,2026-06-30 12:25:00
16368.08984375,16371.76953125,16357.25,16362.0302734375,0,2026-06-30 12:30:00
16363.26953125,16374.51953125,16358.2197265625,16369.7802734375,0,2026-06-30 12:35:00
16368.509765625,16378.73046875,16368.3603515625,16378.73046875,0,2026-06-30 12:40:00
16378.83984375,16403.689453125,16372.3603515625,16384.119140625,0,2026-06-30 12:45:00
16385.259765625,16393.30078125,16373.0,16386.609375,0,2026-06-30 12:50:00
16387.8203125,16390.779296875,16368.75,16388.7890625,0,2026-06-30 12:55:00
16388.9296875,16393.169921875,16349.0703125,16353.73046875,0,2026-06-30 13:00:00
16352.849609375,16366.1201171875,16348.5302734375,16356.6103515625,0,2026-06-30 13:05:00
16356.240234375,16369.599609375,16351.8603515625,16355.9599609375,0,2026-06-30 13:10:00
16356.240234375,16367.5,16349.5595703125,16364.650390625,0,2026-06-30 13:15:00
16362.9296875,16369.330078125,16356.76953125,16362.669921875,0,2026-06-30 13:20:00
16359.9404296875,16363.41015625,16352.240234375,16361.9296875,0,2026-06-30 13:25:00
16361.8203125,16368.009765625,16349.5595703125,16351.7998046875,0,2026-06-30 13:30:00
16352.8701171875,16360.51953125,16344.6298828125,16348.990234375,0,2026-06-30 13:35:00
16351.5703125,16356.6298828125,16337.490234375,16339.9697265625,0,2026-06-30 13:40:00
16337.9697265625,16344.91015625,16331.1103515625,16339.1298828125,0,2026-06-30 13:45:00
16338.240234375,16341.83984375,16327.2197265625,16330.08984375,0,2026-06-30 13:50:00
16330.3203125,16352.8603515625,16329.7900390625,16345.4599609375,0,2026-06-30 13:55:00
16344.73046875,16347.8203125,16312.8798828125,16314.0595703125,0,2026-06-30 14:00:00
16314.740234375,16318.16015625,16298.099609375,16310.66015625,0,2026-06-30 14:05:00
16307.9697265625,16313.990234375,16299.6396484375,16305.6796875,0,2026-06-30 14:10:00
16304.650390625,16322.66015625,16304.2802734375,16317.5703125,0,2026-06-30 14:15:00
16315.080078125,16315.080078125,16252.83984375,16262.5400390625,0,2026-06-30 14:20:00
16264.240234375,16276.8203125,16253.7900390625,16257.0400390625,0,2026-06-30 14:25:00
16267.580078125,16344.91015625,16266.98046875,16300.98046875,0,2026-06-30 14:30:00
16306.5703125,16344.5,16306.009765625,16340.740234375,0,2026-06-30 14:35:00
16341.3203125,16345.2900390625,16326.4501953125,16327.58984375,0,2026-06-30 14:40:00
16332.83984375,16341.919921875,16322.1796875,16337.5400390625,0,2026-06-30 14:45:00
16337.48046875,16342.509765625,16327.0,16336.0595703125,0,2026-06-30 14:50:00
16336.1201171875,16336.259765625,16317.349609375,16334.3603515625,0,2026-06-30 14:55:00
16339.51953125,16339.51953125,16320.6396484375,16320.6396484375,0,2026-07-01 06:55:00
16320.6396484375,16320.6396484375,16260.240234375,16271.6103515625,0,2026-07-01 07:00:00
16268.4697265625,16275.8701171875,16203.0302734375,16237.169921875,0,2026-07-01 07:05:00
16236.8603515625,16268.08984375,16223.5400390625,16249.0400390625,0,2026-07-01 07:10:00
16248.3798828125,16287.099609375,16248.3798828125,16277.26953125,0,2026-07-01 07:15:00
16277.26953125,16349.3095703125,16264.740234375,16342.259765625,0,2026-07-01 07:20:00
16343.3095703125,16378.740234375,16328.6396484375,16355.8798828125,0,2026-07-01 07:25:00
16355.8896484375,16359.5,16319.1298828125,16322.5703125,0,2026-07-01 07:30:00
16322.7099609375,16361.4296875,16316.099609375,16359.8095703125,0,2026-07-01 07:35:00
16362.650390625,16387.619140625,16354.4404296875,16381.2001953125,0,2026-07-01 07:40:00
16380.099609375,16431.08984375,16380.099609375,16410.470703125,0,2026-07-01 07:45:00
16408.75,16421.779296875,16397.0390625,16412.16015625,0,2026-07-01 07:50:00
16411.2890625,16445.080078125,16411.009765625,16438.990234375,0,2026-07-01 07:55:00
16438.689453125,16446.41015625,16416.08984375,16422.470703125,0,2026-07-01 08:00:00
16422.419921875,16441.349609375,16406.470703125,16429.140625,0,2026-07-01 08:05:00
16429.830078125,16461.080078125,16427.48046875,16453.419921875,0,2026-07-01 08:10:00
16455.4609375,16460.2109375,16441.560546875,16459.740234375,0,2026-07-01 08:15:00
16460.8203125,16465.259765625,16443.66015625,16449.5390625,0,2026-07-01 08:20:00
16448.990234375,16457.810546875,16442.9609375,16445.55078125,0,2026-07-01 08:25:00
16446.51953125,16449.41015625,16428.08984375,16436.48046875,0,2026-07-01 08:30:00
16437.259765625,16463.029296875,16428.19921875,16460.099609375,0,2026-07-01 08:35:00
16460.33984375,16468.669921875,16448.279296875,16462.349609375,0,2026-07-01 08:40:00
16461.44921875,16462.4296875,16435.029296875,16435.560546875,0,2026-07-01 08:45:00
16437.05078125,16442.560546875,16427.990234375,16437.5390625,0,2026-07-01 08:50:00
16438.7109375,16447.76953125,16425.9296875,16446.98046875,0,2026-07-01 08:55:00
16446.009765625,16448.919921875,16423.609375,16424.259765625,0,2026-07-01 09:00:00
16427.529296875,16435.9296875,16411.66015625,16418.349609375,0,2026-07-01 09:05:00
16418.869140625,16440.599609375,16416.919921875,16436.75,0,2026-07-01 09:10:00
16435.630859375,16441.740234375,16426.23046875,16429.869140625,0,2026-07-01 09:15:00
16430.029296875,16440.259765625,16424.869140625,16429.279296875,0,2026-07-01 09:20:00
16435.060546875,16450.509765625,16428.8203125,16448.25,0,2026-07-01 09:25:00
16447.619140625,16458.0703125,16444.69921875,16452.30078125,0,2026-07-01 09:30:00
16452.30078125,16456.23046875,16444.970703125,16449.8203125,0,2026-07-01 09:35:00
16447.419921875,16455.990234375,16442.119140625,16455.130859375,0,2026-07-01 09:40:00
16454.599609375,16463.599609375,16452.05078125,16461.619140625,0,2026-07-01 09:45:00
16462.6796875,16489.609375,16456.6796875,16487.830078125,0,2026-07-01 09:50:00
16487.669921875,16498.810546875,16481.44921875,16496.80078125,0,2026-07-01 09:55:00
16498.150390625,16556.9609375,16495.470703125,16545.220703125,0,2026-07-01 10:00:00
16546.2890625,16571.9609375,16524.650390625,16571.9609375,0,2026-07-01 10:05:00
16571.529296875,16582.599609375,16554.220703125,16579.279296875,0,2026-07-01 10:10:00
16578.029296875,16614.94921875,16574.080078125,16611.609375,0,2026-07-01 10:15:00
16608.5,16619.859375,16561.2890625,16582.8203125,0,2026-07-01 10:20:00
16582.58984375,16582.859375,16557.810546875,16564.33984375,0,2026-07-01 10:25:00
16567.5703125,16587.609375,16559.640625,16585.6796875,0,2026-07-01 10:30:00
16587.490234375,16593.830078125,16581.240234375,16589.5703125,0,2026-07-01 10:35:00
16590.390625,16593.609375,16564.060546875,16582.259765625,0,2026-07-01 10:40:00
16582.990234375,16583.33984375,16566.169921875,16572.23046875,0,2026-07-01 10:45:00
16570.740234375,16582.939453125,16564.390625,16571.689453125,0,2026-07-01 10:50:00
16572.740234375,16581.619140625,16563.4296875,16566.609375,0,2026-07-01 10:55:00
16568.029296875,16582.98046875,16559.390625,16574.009765625,0,2026-07-01 11:00:00
16571.529296875,16579.640625,16562.310546875,16564.990234375,0,2026-07-01 11:05:00
16564.810546875,16569.48046875,16544.0,16551.26953125,0,2026-07-01 11:10:00
16552.140625,16583.5,16548.580078125,16583.5,0,2026-07-01 11:15:00
16583.580078125,16617.0,16578.419921875,16616.75,0,2026-07-01 11:20:00
16615.380859375,16683.6796875,16614.76953125,16678.490234375,0,2026-07-01 11:25:00
16678.80078125,16714.939453125,16677.169921875,16705.75,0,2026-07-01 11:30:00
16705.01953125,16712.630859375,16690.0703125,16691.759765625,0,2026-07-01 11:35:00
16691.80078125,16691.80078125,16653.099609375,16671.5,0,2026-07-01 11:40:00
16671.2890625,16678.9296875,16664.140625,16668.55078125,0,2026-07-01 11:45:00
16669.5703125,16674.5390625,16654.060546875,16670.619140625,0,2026-07-01 11:50:00
16673.150390625,16682.890625,16658.669921875,16666.6796875,0,2026-07-01 11:55:00
16666.23046875,16673.76953125,16645.16015625,16658.849609375,0,2026-07-01 12:00:00
16660.58984375,16660.58984375,16639.509765625,16649.05078125,0,2026-07-01 12:05:00
16649.580078125,16691.400390625,16647.689453125,16684.9296875,0,2026-07-01 12:10:00
16683.5390625,16687.650390625,16658.2109375,16665.349609375,0,2026-07-01 12:15:00
16665.23046875,16665.869140625,16645.9296875,16651.029296875,0,2026-07-01 12:20:00
16653.2890625,16665.580078125,16649.029296875,16655.279296875,0,2026-07-01 12:25:00
16654.189453125,16668.759765625,16644.400390625,16645.3203125,0,2026-07-01 12:30:00
16645.5,16664.33984375,16638.19921875,16664.150390625,0,2026-07-01 12:35:00
16665.060546875,16665.75,16646.4296875,16651.779296875,0,2026-07-01 12:40:00
16651.30078125,16660.390625,16647.849609375,16653.529296875,0,2026-07-01 12:45:00
16655.080078125,16661.33984375,16640.5,16641.7109375,0,2026-07-01 12:50:00
16641.169921875,16641.689453125,16620.560546875,16628.19921875,0,2026-07-01 12:55:00
16629.30078125,16630.08984375,16602.619140625,16607.5,0,2026-07-01 13:00:00
16606.900390625,16610.880859375,16578.0703125,16601.990234375,0,2026-07-01 13:05:00
16601.099609375,16641.419921875,16600.30078125,16624.369140625,0,2026-07-01 13:10:00
16624.310546875,16641.880859375,16604.630859375,16638.419921875,0,2026-07-01 13:15:00
16639.919921875,16664.009765625,16637.630859375,16658.9296875,0,2026-07-01 13:20:00
16659.0,16666.76953125,16651.4609375,16664.869140625,0,2026-07-01 13:25:00
16662.359375,16672.939453125,16654.810546875,16657.529296875,0,2026-07-01 13:30:00
16657.529296875,16668.419921875,16649.83984375,16655.91015625,0,2026-07-01 13:35:00
16654.939453125,16677.849609375,16651.91015625,16674.400390625,0,2026-07-01 13:40:00
16672.5,16690.80078125,16671.029296875,16687.990234375,0,2026-07-01 13:45:00
16690.009765625,16691.9609375,16662.2109375,16662.2109375,0,2026-07-01 13:50:00
16663.080078125,16683.01953125,16652.5,16669.560546875,0,2026-07-01 13:55:00
16670.119140625,16680.509765625,16667.900390625,16677.900390625,0,2026-07-01 14:00:00
16678.69921875,16695.76953125,16678.25,16690.30078125,0,2026-07-01 14:05:00
16689.330078125,16696.26953125,16681.3203125,16696.26953125,0,2026-07-01 14:10:00
16697.009765625,16708.7109375,16691.419921875,16704.33984375,0,2026-07-01 14:15:00
16703.0,16719.109375,16699.900390625,16707.419921875,0,2026-07-01 14:20:00
16709.759765625,16710.91015625,16698.369140625,16702.4609375,0,2026-07-01 14:25:00
16702.439453125,16706.41015625,16681.169921875,16683.23046875,0,2026-07-01 14:30:00
16681.6796875,16692.0,16645.33984375,16645.33984375,0,2026-07-01 14:35:00
16646.630859375,16650.099609375,16615.869140625,16620.4609375,0,2026-07-01 14:40:00
16621.849609375,16651.16015625,16604.5390625,16648.619140625,0,2026-07-01 14:45:00
16649.0390625,16659.5390625,16644.91015625,16648.830078125,0,2026-07-01 14:50:00
16651.01953125,16655.259765625,16636.380859375,16654.5703125,0,2026-07-01 14:55:00
16660.76953125,16698.3203125,16660.76953125,16698.3203125,0,2026-07-02 06:55:00
16698.3203125,16757.859375,16698.3203125,16721.9296875,0,2026-07-02 07:00:00
16722.279296875,16761.4296875,16721.509765625,16744.9296875,0,2026-07-02 07:05:00
16745.05078125,16767.6796875,16731.009765625,16754.630859375,0,2026-07-02 07:10:00
16755.01953125,16794.80078125,16748.720703125,16769.23046875,0,2026-07-02 07:15:00
16770.470703125,16803.880859375,16766.0390625,16801.26953125,0,2026-07-02 07:20:00
16802.380859375,16804.0703125,16766.759765625,16782.419921875,0,2026-07-02 07:25:00
16785.7890625,16806.48046875,16772.9609375,16786.1796875,0,2026-07-02 07:30:00
16784.83984375,16801.25,16780.169921875,16796.150390625,0,2026-07-02 07:35:00
16797.1796875,16807.150390625,16774.0,16803.51953125,0,2026-07-02 07:40:00
16804.060546875,16806.94921875,16784.099609375,16784.099609375,0,2026-07-02 07:45:00
16787.880859375,16789.98046875,16748.30078125,16750.01953125,0,2026-07-02 07:50:00
16750.689453125,16752.94921875,16730.900390625,16737.279296875,0,2026-07-02 07:55:00
16737.76953125,16744.33984375,16712.4296875,16743.060546875,0,2026-07-02 08:00:00
16741.810546875,16760.009765625,16741.810546875,16753.669921875,0,2026-07-02 08:05:00
16753.529296875,16756.640625,16735.69921875,16739.91015625,0,2026-07-02 08:10:00
16740.5390625,16766.0703125,16730.080078125,16763.529296875,0,2026-07-02 08:15:00
16764.25,16772.900390625,16749.150390625,16751.80078125,0,2026-07-02 08:20:00
16750.4296875,16761.109375,16738.76953125,16744.26953125,0,2026-07-02 08:25:00
16743.25,16760.7109375,16736.4296875,16750.990234375,0,2026-07-02 08:30:00
16751.560546875,16752.939453125,16731.259765625,16733.349609375,0,2026-07-02 08:35:00
16733.7890625,16754.66015625,16731.9609375,16754.23046875,0,2026-07-02 08:40:00
16755.240234375,16775.16015625,16744.259765625,16775.16015625,0,2026-07-02 08:45:00
16775.279296875,16776.970703125,16752.970703125,16768.05078125,0,2026-07-02 08:50:00
16767.400390625,16770.220703125,16750.599609375,16753.7109375,0,2026-07-02 08:55:00
16752.330078125,16765.16015625,16746.650390625,16759.75,0,2026-07-02 09:00:00
16759.5390625,16762.720703125,16746.4609375,16758.599609375,0,2026-07-02 09:05:00
16758.890625,16764.859375,16744.970703125,16752.080078125,0,2026-07-02 09:10:00
16751.0,16763.919921875,16744.169921875,16758.9296875,0,2026-07-02 09:15:00
16759.9296875,16763.650390625,16742.990234375,16745.880859375,0,2026-07-02 09:20:00
16745.560546875,16759.66015625,16734.5390625,16755.48046875,0,2026-07-02 09:25:00
16754.990234375,16780.599609375,16749.2109375,16780.599609375,0,2026-07-02 09:30:00
16779.83984375,16831.9296875,16777.400390625,16831.9296875,0,2026-07-02 09:35:00
16833.2890625,16838.6796875,16808.4609375,16816.599609375,0,2026-07-02 09:40:00
16815.73046875,16818.259765625,16794.3203125,16801.939453125,0,2026-07-02 09:45:00
16801.400390625,16829.44921875,16801.400390625,16818.060546875,0,2026-07-02 09:50:00
16817.669921875,16835.2890625,16813.58984375,16834.7109375,0,2026-07-02 09:55:00
16833.080078125,16835.75,16819.560546875,16828.349609375,0,2026-07-02 10:00:00
16827.9609375,16834.33984375,16818.55078125,16831.01953125,0,2026-07-02 10:05:00
16829.8203125,16847.91015625,16825.359375,16829.740234375,0,2026-07-02 10:10:00
16829.240234375,16831.2109375,16808.849609375,16822.380859375,0,2026-07-02 10:15:00
16819.859375,16823.30078125,16807.109375,16817.69921875,0,2026-07-02 10:20:00
16817.869140625,16825.33984375,16807.580078125,16822.310546875,0,2026-07-02 10:25:00
16824.169921875,16838.0390625,16822.029296875,16837.19921875,0,2026-07-02 10:30:00
16836.7890625,16841.30078125,16826.83984375,16833.669921875,0,2026-07-02 10:35:00
16833.900390625,16850.279296875,16833.05078125,16839.7890625,0,2026-07-02 10:40:00
16840.2109375,16848.5,16816.810546875,16818.580078125,0,2026-07-02 10:45:00
16818.2890625,16818.83984375,16799.3203125,16808.05078125,0,2026-07-02 10:50:00
16810.359375,16810.73046875,16785.48046875,16798.640625,0,2026-07-02 10:55:00
16798.669921875,16800.08984375,16778.80078125,16786.7109375,0,2026-07-02 11:00:00
16779.48046875,16784.19921875,16754.119140625,16760.140625,0,2026-07-02 11:05:00
16755.8203125,16774.400390625,16755.8203125,16769.0703125,0,2026-07-02 11:10:00
16765.919921875,16769.5,16746.740234375,16758.330078125,0,2026-07-02 11:15:00
16758.400390625,16763.240234375,16746.580078125,16750.310546875,0,2026-07-02 11:20:00
16750.75,16759.509765625,16745.419921875,16759.099609375,0,2026-07-02 11:25:00
16754.189453125,16755.369140625,16732.310546875,16741.470703125,0,2026-07-02 11:30:00
16739.349609375,16765.359375,16735.400390625,16761.91015625,0,2026-07-02 11:35:00
16763.419921875,16764.240234375,16730.890625,16756.73046875,0,2026-07-02 11:40:00
16757.2109375,16757.44921875,16741.490234375,16754.330078125,0,2026-07-02 11:45:00
16754.330078125,16764.919921875,16748.2109375,16748.2109375,0,2026-07-02 11:50:00
16747.470703125,16755.099609375,16727.91015625,16735.4296875,0,2026-07-02 11:55:00
16734.689453125,16752.669921875,16729.810546875,16744.25,0,2026-07-02 12:00:00
16743.390625,16750.5703125,16738.2890625,16741.810546875,0,2026-07-02 12:05:00
16741.880859375,16765.099609375,16738.150390625,16756.509765625,0,2026-07-02 12:10:00
16755.900390625,16762.83984375,16750.98046875,16759.240234375,0,2026-07-02 12:15:00
16759.189453125,16768.609375,16749.810546875,16761.48046875,0,2026-07-02 12:20:00
16760.119140625,16767.5703125,16756.099609375,16764.41015625,0,2026-07-02 12:25:00
16765.560546875,16808.189453125,16762.0,16804.55078125,0,2026-07-02 12:30:00
16801.169921875,16817.630859375,16798.349609375,16815.849609375,0,2026-07-02 12:35:00
16814.44921875,16820.76953125,16794.580078125,16797.869140625,0,2026-07-02 12:40:00
16806.55078125,16812.9296875,16796.5703125,16806.330078125,0,2026-07-02 12:45:00
16806.5703125,16826.439453125,16803.08984375,16818.810546875,0,2026-07-02 12:50:00
16818.810546875,16825.849609375,16793.560546875,16807.7109375,0,2026-07-02 12:55:00
16808.720703125,16822.650390625,16801.98046875,16807.310546875,0,2026-07-02 13:00:00
16807.310546875,16810.349609375,16744.75,16750.880859375,0,2026-07-02 13:05:00
16750.9296875,16768.6796875,16730.490234375,16733.80078125,0,2026-07-02 13:10:00
16736.08984375,16743.83984375,16711.0703125,16726.220703125,0,2026-07-02 13:15:00
16723.880859375,16728.55078125,16709.30078125,16719.970703125,0,2026-07-02 13:20:00
16719.099609375,16725.220703125,16696.58984375,16710.44921875,0,2026-07-02 13:25:00
16709.859375,16735.830078125,16703.689453125,16727.810546875,0,2026-07-02 13:30:00
16731.140625,16739.80078125,16726.4296875,16732.310546875,0,2026-07-02 13:35:00
16732.720703125,16749.7109375,16724.6796875,16738.2890625,0,2026-07-02 13:40:00
16740.6796875,16774.7890625,16736.51953125,16766.509765625,0,2026-07-02 13:45:00
16765.30078125,16770.41015625,16746.23046875,16749.2890625,0,2026-07-02 13:50:00
16747.599609375,16761.26953125,16744.650390625,16759.810546875,0,2026-07-02 13:55:00
16763.7109375,16763.7109375,16748.529296875,16750.25,0,2026-07-02 14:00:00
16750.25,16755.2890625,16741.75,16752.3203125,0,2026-07-02 14:05:00
16752.740234375,16769.650390625,16745.560546875,16753.859375,0,2026-07-02 14:10:00
16752.240234375,16756.109375,16731.490234375,16745.859375,0,2026-07-02 14:15:00
16747.5703125,16771.4609375,16737.650390625,16766.580078125,0,2026-07-02 14:20:00
16766.58984375,16770.33984375,16756.919921875,16760.619140625,0,2026-07-02 14:25:00
16762.94921875,16770.529296875,16755.080078125,16762.0,0,2026-07-02 14:30:00
16760.669921875,16788.720703125,16751.080078125,16782.279296875,0,2026-07-02 14:35:00
16778.529296875,16787.73046875,16743.140625,16763.73046875,0,2026-07-02 14:40:00
16764.099609375,16776.240234375,16754.009765625,16771.16015625,0,2026-07-02 14:45:00
16771.3203125,16786.55078125,16765.580078125,16775.880859375,0,2026-07-02 14:50:00
16773.6796875,16789.76953125,16761.359375,16786.380859375,0,2026-07-02 14:55:00
16792.349609375,16870.150390625,16792.349609375,16870.150390625,0,2026-07-03 06:55:00
16870.150390625,16870.150390625,16749.919921875,16776.669921875,0,2026-07-03 07:00:00
16779.75,16828.060546875,16735.779296875,16824.330078125,0,2026-07-03 07:05:00
16824.7109375,16831.9296875,16802.970703125,16807.990234375,0,2026-07-03 07:10:00
16810.240234375,16810.240234375,16703.150390625,16711.150390625,0,2026-07-03 07:15:00
16709.890625,16767.130859375,16703.83984375,16760.8203125,0,2026-07-03 07:20:00
16761.640625,16784.640625,16748.220703125,16769.720703125,0,2026-07-03 07:25:00
16770.2890625,16775.55078125,16747.369140625,16770.3203125,0,2026-07-03 07:30:00
16769.5703125,16801.240234375,16762.349609375,16797.599609375,0,2026-07-03 07:35:00
16798.560546875,16804.630859375,16785.2109375,16786.4609375,0,2026-07-03 07:40:00
16787.26953125,16811.720703125,16785.759765625,16799.66015625,0,2026-07-03 07:45:00
16799.08984375,16812.66015625,16787.439453125,16809.740234375,0,2026-07-03 07:50:00
16806.630859375,16850.390625,16802.5,16823.109375,0,2026-07-03 07:55:00
16823.05078125,16823.05078125,16790.509765625,16794.890625,0,2026-07-03 08:00:00
16795.0390625,16795.849609375,16749.509765625,16764.109375,0,2026-07-03 08:05:00
16764.400390625,16764.400390625,16749.740234375,16752.73046875,0,2026-07-03 08:10:00
16753.060546875,16759.890625,16731.439453125,16731.5,0,2026-07-03 08:15:00
16733.48046875,16753.3203125,16728.650390625,16749.80078125,0,2026-07-03 08:20:00
16749.1796875,16755.66015625,16741.380859375,16745.75,0,2026-07-03 08:25:00
16745.75,16755.419921875,16741.41015625,16748.58984375,0,2026-07-03 08:30:00
16746.640625,16761.380859375,16735.9296875,16761.380859375,0,2026-07-03 08:35:00
16759.51953125,16782.76953125,16754.099609375,16779.7890625,0,2026-07-03 08:40:00
16782.08984375,16793.6796875,16774.939453125,16790.939453125,0,2026-07-03 08:45:00
16794.51953125,16803.9609375,16789.240234375,16803.91015625,0,2026-07-03 08:50:00
16802.939453125,16808.9609375,16787.310546875,16787.310546875,0,2026-07-03 08:55:00
16788.6796875,16790.83984375,16776.369140625,16780.6796875,0,2026-07-03 09:00:00
16779.33984375,16781.5703125,16770.140625,16774.470703125,0,2026-07-03 09:05:00
16773.919921875,16788.439453125,16764.720703125,16786.0,0,2026-07-03 09:10:00
16787.8203125,16799.55078125,16775.759765625,16797.5703125,0,2026-07-03 09:15:00
16797.259765625,16801.7109375,16768.470703125,16774.75,0,2026-07-03 09:20:00
16777.119140625,16779.91015625,16752.609375,16757.51953125,0,2026-07-03 09:25:00
16757.51953125,16770.169921875,16755.4609375,16768.380859375,0,2026-07-03 09:30:00
16767.509765625,16772.0703125,16759.9296875,16767.359375,0,2026-07-03 09:35:00
16767.359375,16778.69921875,16764.08984375,16778.69921875,0,2026-07-03 09:40:00
16777.830078125,16778.5390625,16761.48046875,16768.859375,0,2026-07-03 09:45:00
16772.5390625,16780.48046875,16762.900390625,16777.359375,0,2026-07-03 09:50:00
16778.51953125,16793.009765625,16774.919921875,16791.80078125,0,2026-07-03 09:55:00
16791.390625,16794.7109375,16757.359375,16766.630859375,0,2026-07-03 10:00:00
16766.4296875,16779.640625,16763.669921875,16773.1796875,0,2026-07-03 10:05:00
16773.1796875,16797.4296875,16773.029296875,16790.7109375,0,2026-07-03 10:10:00
16788.189453125,16795.7109375,16779.9609375,16784.3203125,0,2026-07-03 10:15:00
16784.5703125,16797.05078125,16781.080078125,16796.23046875,0,2026-07-03 10:20:00
16796.130859375,16799.240234375,16779.349609375,16781.98046875,0,2026-07-03 10:25:00
16780.599609375,16798.009765625,16775.30078125,16795.330078125,0,2026-07-03 10:30:00
16795.330078125,16818.919921875,16792.41015625,16812.05078125,0,2026-07-03 10:35:00
16810.2109375,16812.919921875,16795.05078125,16809.779296875,0,2026-07-03 10:40:00
16808.849609375,16819.4609375,16808.240234375,16809.650390625,0,2026-07-03 10:45:00
16811.609375,16816.41015625,16802.75,16804.23046875,0,2026-07-03 10:50:00
16806.91015625,16806.91015625,16791.099609375,16794.73046875,0,2026-07-03 10:55:00
16792.48046875,16795.599609375,16782.05078125,16787.26953125,0,2026-07-03 11:00:00
16787.66015625,16789.490234375,16761.359375,16761.359375,0,2026-07-03 11:05:00
16763.189453125,16766.25,16723.1796875,16723.1796875,0,2026-07-03 11:10:00
16724.220703125,16763.720703125,16720.310546875,16761.26953125,0,2026-07-03 11:15:00
16763.19921875,16767.810546875,16759.130859375,16763.44921875,0,2026-07-03 11:20:00
16767.330078125,16775.1796875,16758.369140625,16766.380859375,0,2026-07-03 11:25:00
16770.310546875,16777.98046875,16763.509765625,16767.919921875,0,2026-07-03 11:30:00
16767.919921875,16774.240234375,16759.689453125,16765.44921875,0,2026-07-03 11:35:00
16766.240234375,16768.2109375,16748.369140625,16753.55078125,0,2026-07-03 11:40:00
16753.98046875,16778.140625,16751.05078125,16770.55078125,0,2026-07-03 11:45:00
16769.6796875,16777.150390625,16766.080078125,16773.76953125,0,2026-07-03 11:50:00
16771.58984375,16778.220703125,16759.830078125,16778.220703125,0,2026-07-03 11:55:00
16778.830078125,16779.439453125,16757.400390625,16759.9609375,0,2026-07-03 12:00:00
16760.080078125,16762.0390625,16740.599609375,16750.810546875,0,2026-07-03 12:05:00
16751.970703125,16764.16015625,16744.169921875,16758.169921875,0,2026-07-03 12:10:00
16758.51953125,16758.51953125,16736.640625,16746.720703125,0,2026-07-03 12:15:00
16745.220703125,16751.05078125,16737.66015625,16751.05078125,0,2026-07-03 12:20:00
16751.2109375,16773.669921875,16746.51953125,16770.369140625,0,2026-07-03 12:25:00
16770.939453125,16773.779296875,16719.640625,16723.66015625,0,2026-07-03 12:30:00
16721.5390625,16721.7890625,16694.560546875,16699.359375,0,2026-07-03 12:35:00
16697.44921875,16701.75,16681.19921875,16693.19921875,0,2026-07-03 12:40:00
16696.580078125,16706.58984375,16681.240234375,16705.75,0,2026-07-03 12:45:00
16705.83984375,16725.380859375,16698.5,16723.099609375,0,2026-07-03 12:50:00
16723.400390625,16751.76953125,16718.720703125,16738.060546875,0,2026-07-03 12:55:00
16735.919921875,16749.44921875,16731.240234375,16749.349609375,0,2026-07-03 13:00:00
16749.98046875,16766.08984375,16739.0703125,16748.490234375,0,2026-07-03 13:05:00
16748.2109375,16762.669921875,16746.08984375,16761.08984375,0,2026-07-03 13:10:00
16763.9296875,16777.890625,16757.6796875,16776.98046875,0,2026-07-03 13:15:00
16779.369140625,16788.650390625,16775.609375,16779.25,0,2026-07-03 13:20:00
16780.0703125,16782.05078125,16762.330078125,16782.05078125,0,2026-07-03 13:25:00
16781.51953125,16786.4296875,16773.33984375,16774.55078125,0,2026-07-03 13:30:00
16775.76953125,16781.400390625,16762.4296875,16766.779296875,0,2026-07-03 13:35:00
16767.310546875,16769.140625,16743.359375,16754.189453125,0,2026-07-03 13:40:00
16751.779296875,16753.25,16731.33984375,16736.1796875,0,2026-07-03 13:45:00
16737.76953125,16760.2109375,16733.259765625,16748.109375,0,2026-07-03 13:50:00
16748.6796875,16761.189453125,16734.640625,16747.619140625,0,2026-07-03 13:55:00
16743.509765625,16752.7109375,16732.529296875,16752.560546875,0,2026-07-03 14:00:00
16753.169921875,16760.2109375,16733.330078125,16737.16015625,0,2026-07-03 14:05:00
16738.66015625,16757.919921875,16729.939453125,16751.4296875,0,2026-07-03 14:10:00
16752.640625,16755.859375,16703.919921875,16705.740234375,0,2026-07-03 14:15:00
16705.1796875,16724.94921875,16701.4296875,16723.529296875,0,2026-07-03 14:20:00
16724.30078125,16741.900390625,16721.1796875,16732.9609375,0,2026-07-03 14:25:00
16732.880859375,16758.7890625,16731.580078125,16753.890625,0,2026-07-03 14:30:00
16753.80078125,16771.349609375,16747.6796875,16753.419921875,0,2026-07-03 14:35:00
16752.080078125,16768.419921875,16742.41015625,16767.66015625,0,2026-07-03 14:40:00
16768.669921875,16769.5,16743.4296875,16744.8203125,0,2026-07-03 14:45:00
16745.259765625,16756.4609375,16740.490234375,16746.73046875,0,2026-07-03 14:50:00
16747.640625,16760.6796875,16742.880859375,16749.380859375,0,2026-07-03 14:55:00
16740.6796875,16844.94921875,16740.6796875,16844.94921875,0,2026-07-06 06:55:00
16844.94921875,16845.0390625,16783.140625,16824.30078125,0,2026-07-06 07:00:00
16826.060546875,16885.19921875,16802.849609375,16858.439453125,0,2026-07-06 07:05:00
16860.849609375,16889.0703125,16848.080078125,16885.51953125,0,2026-07-06 07:10:00
16884.740234375,16897.759765625,16858.0703125,16895.349609375,0,2026-07-06 07:15:00
16893.83984375,16913.599609375,16883.169921875,16897.01953125,0,2026-07-06 07:20:00
16894.740234375,16932.380859375,16885.2890625,16929.44921875,0,2026-07-06 07:25:00
16929.490234375,16976.619140625,16925.2890625,16950.75,0,2026-07-06 07:30:00
16950.55078125,16979.720703125,16940.380859375,16979.720703125,0,2026-07-06 07:35:00
16976.3203125,16986.880859375,16964.8203125,16984.919921875,0,2026-07-06 07:40:00
16984.25,17008.5390625,16983.939453125,17006.630859375,0,2026-07-06 07:45:00
17008.009765625,17010.669921875,16982.5390625,16992.619140625,0,2026-07-06 07:50:00
16992.669921875,17022.3203125,16990.98046875,17016.80078125,0,2026-07-06 07:55:00
17015.109375,17018.7109375,16990.529296875,16992.919921875,0,2026-07-06 08:00:00
16987.7890625,17022.0703125,16985.599609375,17014.009765625,0,2026-07-06 08:05:00
17019.0,17025.650390625,17005.130859375,17010.240234375,0,2026-07-06 08:10:00
17009.9609375,17015.380859375,16991.869140625,17009.01953125,0,2026-07-06 08:15:00
17009.650390625,17031.830078125,17008.44921875,17023.470703125,0,2026-07-06 08:20:00
17024.150390625,17029.759765625,17016.509765625,17021.33984375,0,2026-07-06 08:25:00
17019.83984375,17035.94921875,17015.44921875,17026.859375,0,2026-07-06 08:30:00
17022.66015625,17024.55078125,16968.6796875,16976.779296875,0,2026-07-06 08:35:00
16976.80078125,16998.240234375,16974.220703125,16998.240234375,0,2026-07-06 08:40:00
16998.16015625,16999.73046875,16976.279296875,16989.099609375,0,2026-07-06 08:45:00
16988.689453125,17004.720703125,16982.390625,16991.169921875,0,2026-07-06 08:50:00
16995.0390625,16998.9609375,16987.890625,16992.390625,0,2026-07-06 08:55:00
16992.80078125,16992.890625,16961.8203125,16963.599609375,0,2026-07-06 09:00:00
16961.48046875,16975.650390625,16950.529296875,16972.419921875,0,2026-07-06 09:05:00
16972.240234375,16984.599609375,16969.689453125,16982.419921875,0,2026-07-06 09:10:00
16981.580078125,16987.630859375,16961.3203125,16962.880859375,0,2026-07-06 09:15:00
16961.099609375,16962.5390625,16947.140625,16956.630859375,0,2026-07-06 09:20:00
16956.470703125,16956.599609375,16938.259765625,16938.279296875,0,2026-07-06 09:25:00
16938.359375,16941.490234375,16920.76953125,16921.919921875,0,2026-07-06 09:30:00
16924.150390625,16924.330078125,16868.859375,16884.099609375,0,2026-07-06 09:35:00
16884.26953125,16906.2109375,16877.900390625,16905.609375,0,2026-07-06 09:40:00
16905.609375,16925.23046875,16902.400390625,16917.810546875,0,2026-07-06 09:45:00
16917.83984375,16921.650390625,16903.080078125,16910.580078125,0,2026-07-06 09:50:00
16908.83984375,16916.400390625,16902.01953125,16906.740234375,0,2026-07-06 09:55:00
16906.650390625,16913.900390625,16899.9296875,16901.4609375,0,2026-07-06 10:00:00
16900.130859375,16909.16015625,16896.810546875,16900.009765625,0,2026-07-06 10:05:00
16900.26953125,16906.94921875,16894.529296875,16906.689453125,0,2026-07-06 10:10:00
16906.330078125,16911.029296875,16900.150390625,16903.669921875,0,2026-07-06 10:15:00
16902.98046875,16912.060546875,16902.919921875,16906.619140625,0,2026-07-06 10:20:00
16908.33984375,16912.25,16901.44921875,16909.740234375,0,2026-07-06 10:25:00
16909.349609375,16919.5703125,16906.83984375,16914.7890625,0,2026-07-06 10:30:00
16918.33984375,16921.140625,16895.4609375,16907.060546875,0,2026-07-06 10:35:00
16904.4609375,16910.859375,16885.369140625,16889.859375,0,2026-07-06 10:40:00
16889.560546875,16894.369140625,16882.560546875,16891.619140625,0,2026-07-06 10:45:00
16893.109375,16893.169921875,16877.400390625,16881.98046875,0,2026-07-06 10:50:00
16881.330078125,16884.830078125,16866.630859375,16875.490234375,0,2026-07-06 10:55:00
16875.490234375,16885.25,16871.609375,16876.33984375,0,2026-07-06 11:00:00
16874.689453125,16877.26953125,16855.58984375,16862.5,0,2026-07-06 11:05:00
16862.869140625,16872.0,16848.810546875,16859.5703125,0,2026-07-06 11:10:00
16859.009765625,16866.099609375,16847.630859375,16863.349609375,0,2026-07-06 11:15:00
16863.349609375,16866.560546875,16845.640625,16851.08984375,0,2026-07-06 11:20:00
16851.08984375,16860.4609375,16850.5703125,16852.830078125,0,2026-07-06 11:25:00
16851.859375,16855.990234375,16840.91015625,16854.05078125,0,2026-07-06 11:30:00
16854.69921875,16855.400390625,16843.380859375,16844.23046875,0,2026-07-06 11:35:00
16845.05078125,16849.509765625,16833.66015625,16837.640625,0,2026-07-06 11:40:00
16837.640625,16845.48046875,16833.0703125,16836.26953125,0,2026-07-06 11:45:00
16836.69921875,16839.55078125,16821.2890625,16821.2890625,0,2026-07-06 11:50:00
16823.23046875,16833.849609375,16818.529296875,16832.759765625,0,2026-07-06 11:55:00
16833.2890625,16842.220703125,16820.3203125,16837.55078125,0,2026-07-06 12:00:00
16839.779296875,16844.73046875,16832.119140625,16840.830078125,0,2026-07-06 12:05:00
16840.30078125,16844.349609375,16817.599609375,16822.69921875,0,2026-07-06 12:10:00
16823.25,16825.44921875,16800.33984375,16808.16015625,0,2026-07-06 12:15:00
16810.080078125,16826.560546875,16802.69921875,16822.4609375,0,2026-07-06 12:20:00
16825.83984375,16840.740234375,16805.279296875,16838.099609375,0,2026-07-06 12:25:00
16838.05078125,16840.5,16821.33984375,16828.30078125,0,2026-07-06 12:30:00
16829.01953125,16835.470703125,16822.109375,16833.640625,0,2026-07-06 12:35:00
16832.75,16837.4609375,16782.58984375,16787.869140625,0,2026-07-06 12:40:00
16788.630859375,16806.779296875,16779.4296875,16800.58984375,0,2026-07-06 12:45:00
16801.529296875,16819.7109375,16794.98046875,16805.48046875,0,2026-07-06 12:50:00
16805.66015625,16812.630859375,16800.900390625,16808.3203125,0,2026-07-06 12:55:00
16808.150390625,16813.19921875,16788.25,16789.94921875,0,2026-07-06 13:00:00
16788.44921875,16825.26953125,16784.619140625,16801.529296875,0,2026-07-06 13:05:00
16802.560546875,16811.94921875,16786.830078125,16806.16015625,0,2026-07-06 13:10:00
16807.900390625,16808.759765625,16790.23046875,16798.109375,0,2026-07-06 13:15:00
16801.150390625,16809.009765625,16791.740234375,16791.740234375,0,2026-07-06 13:20:00
16792.009765625,16796.759765625,16772.109375,16783.419921875,0,2026-07-06 13:25:00
16783.369140625,16805.55078125,16776.400390625,16804.73046875,0,2026-07-06 13:30:00
16803.66015625,16806.359375,16789.619140625,16797.58984375,0,2026-07-06 13:35:00
16797.75,16814.4609375,16790.009765625,16811.16015625,0,2026-07-06 13:40:00
16809.759765625,16828.560546875,16806.759765625,16823.240234375,0,2026-07-06 13:45:00
16825.849609375,16840.5,16815.390625,16837.359375,0,2026-07-06 13:50:00
16836.73046875,16845.880859375,16830.119140625,16833.099609375,0,2026-07-06 13:55:00
16832.830078125,16841.109375,16832.830078125,16835.849609375,0,2026-07-06 14:00:00
16836.51953125,16843.51953125,16828.990234375,16835.830078125,0,2026-07-06 14:05:00
16835.830078125,16844.2109375,16829.109375,16834.779296875,0,2026-07-06 14:10:00
16836.08984375,16838.98046875,16815.189453125,16817.98046875,0,2026-07-06 14:15:00
16819.0,16840.890625,16816.5,16836.48046875,0,2026-07-06 14:20:00
16837.3203125,16855.509765625,16826.939453125,16833.330078125,0,2026-07-06 14:25:00
16834.5390625,16837.359375,16809.19921875,16811.2109375,0,2026-07-06 14:30:00
16811.390625,16837.419921875,16809.73046875,16836.560546875,0,2026-07-06 14:35:00
16833.779296875,16844.1796875,16821.759765625,16832.880859375,0,2026-07-06 14:40:00
16833.830078125,16833.890625,16799.6796875,16813.98046875,0,2026-07-06 14:45:00
16814.279296875,16818.470703125,16799.69921875,16801.720703125,0,2026-07-06 14:50:00
16801.55078125,16817.55078125,16796.869140625,16812.7109375,0,2026-07-06 14:55:00
16764.1796875,16764.1796875,16740.279296875,16740.279296875,0,2026-07-07 06:55:00
16740.279296875,16795.8203125,16731.5,16791.6796875,0,2026-07-07 07:00:00
16790.859375,16847.169921875,16785.69921875,16830.669921875,0,2026-07-07 07:05:00
16831.94921875,16857.630859375,16814.0390625,16857.630859375,0,2026-07-07 07:10:00
16857.51953125,16881.099609375,16844.83984375,16881.099609375,0,2026-07-07 07:15:00
16880.76953125,16904.240234375,16864.240234375,16894.779296875,0,2026-07-07 07:20:00
16897.80078125,16921.689453125,16892.779296875,16908.4296875,0,2026-07-07 07:25:00
16907.419921875,16920.259765625,16886.30078125,16917.3203125,0,2026-07-07 07:30:00
16920.990234375,16936.3203125,16914.98046875,16930.5703125,0,2026-07-07 07:35:00
16929.75,16934.830078125,16918.560546875,16921.73046875,0,2026-07-07 07:40:00
16920.5,16930.109375,16904.4296875,16921.390625,0,2026-07-07 07:45:00
16922.310546875,16922.310546875,16893.83984375,16901.80078125,0,2026-07-07 07:50:00
16900.73046875,16929.9609375,16896.3203125,16926.08984375,0,2026-07-07 07:55:00
16923.390625,16927.9296875,16897.919921875,16906.419921875,0,2026-07-07 08:00:00
16905.349609375,16914.01953125,16880.130859375,16890.189453125,0,2026-07-07 08:05:00
16888.880859375,16927.9296875,16888.029296875,16915.330078125,0,2026-07-07 08:10:00
16913.19921875,16924.44921875,16907.150390625,16911.83984375,0,2026-07-07 08:15:00
16910.009765625,16931.1796875,16904.330078125,16926.400390625,0,2026-07-07 08:20:00
16928.169921875,16935.380859375,16893.7890625,16898.9609375,0,2026-07-07 08:25:00
16896.73046875,16914.509765625,16887.759765625,16888.279296875,0,2026-07-07 08:30:00
16886.380859375,16906.1796875,16879.9296875,16894.8203125,0,2026-07-07 08:35:00
16895.419921875,16902.140625,16875.869140625,16885.830078125,0,2026-07-07 08:40:00
16887.94921875,16889.740234375,16870.30078125,16874.369140625,0,2026-07-07 08:45:00
16874.33984375,16874.33984375,16851.109375,16854.169921875,0,2026-07-07 08:50:00
16851.83984375,16867.349609375,16850.0390625,16857.55078125,0,2026-07-07 08:55:00
16855.1796875,16863.2890625,16836.2109375,16849.0,0,2026-07-07 09:00:00
16850.740234375,16857.33984375,16838.369140625,16840.609375,0,2026-07-07 09:05:00
16839.73046875,16845.880859375,16822.91015625,16826.650390625,0,2026-07-07 09:10:00
16827.19921875,16850.400390625,16824.869140625,16850.109375,0,2026-07-07 09:15:00
16849.5703125,16856.98046875,16842.439453125,16849.990234375,0,2026-07-07 09:20:00
16851.01953125,16852.060546875,16840.30078125,16846.33984375,0,2026-07-07 09:25:00
16845.609375,16848.83984375,16827.060546875,16832.359375,0,2026-07-07 09:30:00
16829.859375,16832.310546875,16808.900390625,16811.990234375,0,2026-07-07 09:35:00
16813.69921875,16847.009765625,16813.609375,16847.009765625,0,2026-07-07 09:40:00
16847.009765625,16859.779296875,16837.58984375,16841.240234375,0,2026-07-07 09:45:00
16840.75,16845.48046875,16819.0390625,16820.8203125,0,2026-07-07 09:50:00
16819.400390625,16843.5390625,16818.509765625,16837.220703125,0,2026-07-07 09:55:00
16835.83984375,16860.5390625,16826.33984375,16850.48046875,0,2026-07-07 10:00:00
16849.30078125,16859.5,16846.970703125,16849.55078125,0,2026-07-07 10:05:00
16850.619140625,16859.859375,16842.66015625,16859.859375,0,2026-07-07 10:10:00
16859.5390625,16867.400390625,16844.76953125,16867.400390625,0,2026-07-07 10:15:00
16865.759765625,16872.3203125,16853.3203125,16854.720703125,0,2026-07-07 10:20:00
16853.330078125,16858.94921875,16847.060546875,16852.599609375,0,2026-07-07 10:25:00
16852.419921875,16873.599609375,16851.6796875,16868.919921875,0,2026-07-07 10:30:00
16871.9609375,16872.9296875,16860.3203125,16870.439453125,0,2026-07-07 10:35:00
16870.439453125,16886.919921875,16870.439453125,16886.390625,0,2026-07-07 10:40:00
16886.369140625,16902.560546875,16884.419921875,16892.970703125,0,2026-07-07 10:45:00
16895.76953125,16973.740234375,16894.529296875,16972.330078125,0,2026-07-07 10:50:00
16976.869140625,16985.759765625,16958.109375,16977.7890625,0,2026-07-07 10:55:00
16976.5703125,16986.69921875,16958.2890625,16979.55078125,0,2026-07-07 11:00:00
16980.720703125,16989.890625,16969.08984375,16984.7109375,0,2026-07-07 11:05:00
16985.44921875,16990.330078125,16974.939453125,16985.849609375,0,2026-07-07 11:10:00
16987.509765625,17006.849609375,16976.619140625,17005.779296875,0,2026-07-07 11:15:00
17005.509765625,17030.619140625,17000.94921875,17022.16015625,0,2026-07-07 11:20:00
17020.51953125,17025.48046875,16946.529296875,16949.009765625,0,2026-07-07 11:25:00
16951.689453125,16986.830078125,16948.099609375,16967.990234375,0,2026-07-07 11:30:00
16966.369140625,16988.140625,16962.990234375,16968.01953125,0,2026-07-07 11:35:00
16966.4296875,16971.08984375,16955.669921875,16962.560546875,0,2026-07-07 11:40:00
16963.2890625,16976.58984375,16955.25,16975.099609375,0,2026-07-07 11:45:00
16973.939453125,16977.0703125,16940.900390625,16949.5,0,2026-07-07 11:50:00
16951.0703125,16969.80078125,16947.75,16962.669921875,0,2026-07-07 11:55:00
16964.94921875,16990.939453125,16962.490234375,16977.630859375,0,2026-07-07 12:00:00
16977.939453125,16979.58984375,16964.4296875,16975.560546875,0,2026-07-07 12:05:00
16974.94921875,16981.369140625,16972.48046875,16979.76953125,0,2026-07-07 12:10:00
16979.4609375,16995.4296875,16967.369140625,16977.400390625,0,2026-07-07 12:15:00
16977.73046875,16977.7890625,16963.41015625,16967.4296875,0,2026-07-07 12:20:00
16969.48046875,16992.9296875,16964.0703125,16987.48046875,0,2026-07-07 12:25:00
16987.419921875,16995.630859375,16981.080078125,16995.630859375,0,2026-07-07 12:30:00
16996.8203125,16999.849609375,16978.689453125,16985.419921875,0,2026-07-07 12:35:00
16980.94921875,16998.779296875,16978.189453125,16994.73046875,0,2026-07-07 12:40:00
16993.439453125,16993.650390625,16968.349609375,16969.779296875,0,2026-07-07 12:45:00
16969.669921875,16975.83984375,16955.849609375,16975.5,0,2026-07-07 12:50:00
16975.650390625,16993.23046875,16970.69921875,16988.5703125,0,2026-07-07 12:55:00
16987.330078125,17016.900390625,16976.640625,17016.900390625,0,2026-07-07 13:00:00
17017.1796875,17076.5,17016.740234375,17027.890625,0,2026-07-07 13:05:00
17028.8203125,17070.349609375,17007.05078125,17047.51953125,0,2026-07-07 13:10:00
17051.609375,17058.099609375,17036.900390625,17038.69921875,0,2026-07-07 13:15:00
17038.689453125,17055.150390625,17027.400390625,17035.130859375,0,2026-07-07 13:20:00
17034.080078125,17047.630859375,17023.720703125,17042.7109375,0,2026-07-07 13:25:00
17043.619140625,17066.990234375,17043.619140625,17060.650390625,0,2026-07-07 13:30:00
17060.83984375,17063.529296875,17026.5390625,17044.2890625,0,2026-07-07 13:35:00
17047.640625,17048.169921875,17016.5390625,17021.419921875,0,2026-07-07 13:40:00
17020.23046875,17024.4296875,16994.830078125,17009.98046875,0,2026-07-07 13:45:00
17008.630859375,17022.80078125,16997.970703125,17002.9609375,0,2026-07-07 13:50:00
17001.2890625,17017.640625,16978.05078125,17002.150390625,0,2026-07-07 13:55:00
17000.080078125,17028.919921875,16995.349609375,17010.279296875,0,2026-07-07 14:00:00
17010.279296875,17015.369140625,16975.970703125,16994.630859375,0,2026-07-07 14:05:00
16992.130859375,16994.3203125,16953.470703125,16957.689453125,0,2026-07-07 14:10:00
16959.619140625,16964.650390625,16931.939453125,16948.560546875,0,2026-07-07 14:15:00
16949.3203125,16959.150390625,16916.26953125,16919.0,0,2026-07-07 14:20:00
16916.55078125,16933.279296875,16908.16015625,16926.73046875,0,2026-07-07 14:25:00
16924.0390625,16938.3203125,16894.119140625,16894.119140625,0,2026-07-07 14:30:00
16899.369140625,16902.30078125,16872.560546875,16888.609375,0,2026-07-07 14:35:00
16888.0703125,16894.060546875,16852.439453125,16852.94921875,0,2026-07-07 14:40:00
16853.80078125,16875.599609375,16852.609375,16866.41015625,0,2026-07-07 14:45:00
16867.83984375,16886.640625,16849.859375,16865.25,0,2026-07-07 14:50:00
16864.580078125,16871.6796875,16851.330078125,16869.5703125,0,2026-07-07 14:55:00
16885.7890625,16885.7890625,16837.9296875,16837.9296875,0,2026-07-08 06:55:00
16837.9296875,16837.9296875,16725.83984375,16728.109375,0,2026-07-08 07:00:00
16735.6796875,16753.4609375,16706.75,16730.58984375,0,2026-07-08 07:05:00
16732.279296875,16732.890625,16687.869140625,16687.869140625,0,2026-07-08 07:10:00
16690.990234375,16703.66015625,16675.5390625,16688.51953125,0,2026-07-08 07:15:00
16686.4609375,16692.3203125,16669.25,16690.51953125,0,2026-07-08 07:20:00
16691.990234375,16740.19921875,16682.0703125,16739.490234375,0,2026-07-08 07:25:00
16738.83984375,16764.349609375,16727.470703125,16757.029296875,0,2026-07-08 07:30:00
16756.220703125,16764.810546875,16733.109375,16743.30078125,0,2026-07-08 07:35:00
16743.4609375,16764.390625,16736.48046875,16757.830078125,0,2026-07-08 07:40:00
16755.48046875,16817.69921875,16752.400390625,16813.55078125,0,2026-07-08 07:45:00
16813.0390625,16826.94921875,16792.94921875,16807.759765625,0,2026-07-08 07:50:00
16806.880859375,16819.099609375,16796.119140625,16811.970703125,0,2026-07-08 07:55:00
16815.640625,16816.919921875,16765.41015625,16770.169921875,0,2026-07-08 08:00:00
16768.58984375,16770.33984375,16731.1796875,16761.720703125,0,2026-07-08 08:05:00
16761.25,16793.0703125,16754.439453125,16792.0390625,0,2026-07-08 08:10:00
16792.869140625,16806.619140625,16674.4296875,16697.349609375,0,2026-07-08 08:15:00
16697.810546875,16697.810546875,16636.51953125,16636.51953125,0,2026-07-08 08:20:00
16639.26953125,16639.26953125,16578.400390625,16589.490234375,0,2026-07-08 08:25:00
16591.609375,16619.630859375,16564.990234375,16598.619140625,0,2026-07-08 08:30:00
16600.490234375,16614.150390625,16582.970703125,16590.880859375,0,2026-07-08 08:35:00
16593.009765625,16614.609375,16576.759765625,16577.169921875,0,2026-07-08 08:40:00
16576.490234375,16618.5390625,16565.4296875,16606.41015625,0,2026-07-08 08:45:00
16605.970703125,16626.849609375,16594.0390625,16616.0390625,0,2026-07-08 08:50:00
16616.029296875,16636.740234375,16604.560546875,16619.23046875,0,2026-07-08 08:55:00
16618.23046875,16618.48046875,16589.4609375,16602.779296875,0,2026-07-08 09:00:00
16601.689453125,16607.970703125,16583.029296875,16592.26953125,0,2026-07-08 09:05:00
16592.359375,16599.919921875,16568.599609375,16570.009765625,0,2026-07-08 09:10:00
16569.619140625,16606.23046875,16569.619140625,16597.869140625,0,2026-07-08 09:15:00
16600.169921875,16607.490234375,16583.25,16594.76953125,0,2026-07-08 09:20:00
16596.1796875,16625.740234375,16590.009765625,16621.7109375,0,2026-07-08 09:25:00
16622.099609375,16659.41015625,16611.560546875,16656.990234375,0,2026-07-08 09:30:00
16655.58984375,16656.970703125,16629.240234375,16638.890625,0,2026-07-08 09:35:00
16638.94921875,16651.2890625,16615.7890625,16623.970703125,0,2026-07-08 09:40:00
16624.01953125,16637.609375,16615.859375,16631.380859375,0,2026-07-08 09:45:00
16632.44921875,16638.19921875,16607.470703125,16626.330078125,0,2026-07-08 09:50:00
16626.330078125,16630.26953125,16612.759765625,16615.3203125,0,2026-07-08 09:55:00
16612.279296875,16624.91015625,16597.689453125,16597.689453125,0,2026-07-08 10:00:00
16601.26953125,16611.400390625,16584.009765625,16594.150390625,0,2026-07-08 10:05:00
16593.310546875,16593.310546875,16558.529296875,16573.130859375,0,2026-07-08 10:10:00
16574.330078125,16578.490234375,16542.599609375,16542.599609375,0,2026-07-08 10:15:00
16540.580078125,16543.939453125,16511.359375,16542.470703125,0,2026-07-08 10:20:00
16543.7890625,16548.109375,16528.30078125,16544.869140625,0,2026-07-08 10:25:00
16542.5390625,16555.26953125,16530.4609375,16532.640625,0,2026-07-08 10:30:00
16532.689453125,16533.7890625,16515.130859375,16520.830078125,0,2026-07-08 10:35:00
16519.48046875,16521.150390625,16500.150390625,16508.69921875,0,2026-07-08 10:40:00
16505.0703125,16513.73046875,16497.970703125,16506.099609375,0,2026-07-08 10:45:00
16506.099609375,16534.98046875,16505.0703125,16532.970703125,0,2026-07-08 10:50:00
16532.0703125,16537.01953125,16516.4296875,16526.189453125,0,2026-07-08 10:55:00
16529.490234375,16556.490234375,16523.349609375,16555.509765625,0,2026-07-08 11:00:00
16555.26953125,16573.849609375,16552.740234375,16557.029296875,0,2026-07-08 11:05:00
16557.140625,16560.609375,16547.759765625,16555.720703125,0,2026-07-08 11:10:00
16553.41015625,16563.26953125,16549.16015625,16562.4609375,0,2026-07-08 11:15:00
16561.509765625,16566.439453125,16556.970703125,16559.490234375,0,2026-07-08 11:20:00
16562.509765625,16564.630859375,16554.5,16557.01953125,0,2026-07-08 11:25:00
16558.2109375,16559.560546875,16539.349609375,16553.94921875,0,2026-07-08 11:30:00
16554.2890625,16564.94921875,16546.330078125,16564.94921875,0,2026-07-08 11:35:00
16563.19921875,16605.66015625,16550.08984375,16605.66015625,0,2026-07-08 11:40:00
16602.369140625,16616.44921875,16591.2890625,16611.33984375,0,2026-07-08 11:45:00
16611.0703125,16613.330078125,16583.580078125,16592.9609375,0,2026-07-08 11:50:00
16592.76953125,16597.1796875,16577.720703125,16581.400390625,0,2026-07-08 11:55:00
16581.759765625,16590.849609375,16564.80078125,16580.7890625,0,2026-07-08 12:00:00
16582.33984375,16598.5,16579.7890625,16586.390625,0,2026-07-08 12:05:00
16585.80078125,16594.060546875,16575.970703125,16579.029296875,0,2026-07-08 12:10:00
16577.83984375,16614.939453125,16575.869140625,16611.859375,0,2026-07-08 12:15:00
16611.029296875,16614.029296875,16593.7890625,16602.8203125,0,2026-07-08 12:20:00
16603.060546875,16616.279296875,16597.080078125,16616.279296875,0,2026-07-08 12:25:00
16615.220703125,16630.830078125,16600.58984375,16619.640625,0,2026-07-08 12:30:00
16621.19921875,16626.76953125,16601.7890625,16609.48046875,0,2026-07-08 12:35:00
16609.640625,16618.16015625,16594.58984375,16614.51953125,0,2026-07-08 12:40:00
16614.6796875,16621.060546875,16605.98046875,16614.779296875,0,2026-07-08 12:45:00
16615.380859375,16636.419921875,16606.109375,16635.83984375,0,2026-07-08 12:50:00
16636.58984375,16638.189453125,16590.359375,16593.720703125,0,2026-07-08 12:55:00
16594.16015625,16600.080078125,16574.939453125,16588.890625,0,2026-07-08 13:00:00
16588.01953125,16596.650390625,16568.0,16569.44921875,0,2026-07-08 13:05:00
16572.740234375,16591.5390625,16568.69921875,16577.599609375,0,2026-07-08 13:10:00
16578.849609375,16605.990234375,16576.41015625,16592.80078125,0,2026-07-08 13:15:00
16593.009765625,16594.439453125,16560.2890625,16563.080078125,0,2026-07-08 13:20:00
16562.58984375,16563.51953125,16541.439453125,16546.73046875,0,2026-07-08 13:25:00
16546.69921875,16560.5,16542.240234375,16553.310546875,0,2026-07-08 13:30:00
16551.8203125,16551.8203125,16530.41015625,16534.849609375,0,2026-07-08 13:35:00
16533.640625,16556.470703125,16533.470703125,16545.560546875,0,2026-07-08 13:40:00
16545.609375,16564.509765625,16544.349609375,16554.119140625,0,2026-07-08 13:45:00
16554.119140625,16565.470703125,16549.939453125,16553.369140625,0,2026-07-08 13:50:00
16555.060546875,16573.130859375,16552.189453125,16564.900390625,0,2026-07-08 13:55:00
16564.94921875,16575.44921875,16553.419921875,16565.380859375,0,2026-07-08 14:00:00
16566.560546875,16567.7109375,16551.740234375,16555.529296875,0,2026-07-08 14:05:00
16556.55078125,16557.630859375,16527.810546875,16532.060546875,0,2026-07-08 14:10:00
16532.9296875,16542.51953125,16517.80078125,16522.279296875,0,2026-07-08 14:15:00
16521.2890625,16540.779296875,16518.369140625,16529.51953125,0,2026-07-08 14:20:00
16528.310546875,16541.359375,16508.8203125,16508.8203125,0,2026-07-08 14:25:00
16509.669921875,16517.9296875,16501.0703125,16513.880859375,0,2026-07-08 14:30:00
16513.0703125,16516.08984375,16495.169921875,16499.330078125,0,2026-07-08 14:35:00
16499.51953125,16522.349609375,16498.689453125,16507.380859375,0,2026-07-08 14:40:00
16507.4296875,16511.05078125,16483.259765625,16486.169921875,0,2026-07-08 14:45:00
16485.689453125,16501.779296875,16481.779296875,16487.08984375,0,2026-07-08 14:50:00
16489.279296875,16492.869140625,16471.189453125,16484.2890625,0,2026-07-08 14:55:00
16488.029296875,16580.9609375,16488.029296875,16580.9609375,0,2026-07-09 06:55:00
16580.9609375,16597.740234375,16565.9296875,16574.55078125,0,2026-07-09 07:00:00
16572.369140625,16576.580078125,16503.44921875,16521.8203125,0,2026-07-09 07:05:00
16520.720703125,16521.4296875,16477.48046875,16499.19921875,0,2026-07-09 07:10:00
16496.16015625,16497.310546875,16445.859375,16468.130859375,0,2026-07-09 07:15:00
16466.5703125,16493.119140625,16462.150390625,16483.69921875,0,2026-07-09 07:20:00
16487.55078125,16529.7890625,16483.220703125,16517.779296875,0,2026-07-09 07:25:00
16517.919921875,16523.169921875,16464.330078125,16473.140625,0,2026-07-09 07:30:00
16471.58984375,16488.630859375,16461.4296875,16478.849609375,0,2026-07-09 07:35:00
16480.23046875,16532.119140625,16470.0703125,16530.240234375,0,2026-07-09 07:40:00
16531.48046875,16534.970703125,16503.349609375,16509.330078125,0,2026-07-09 07:45:00
16509.919921875,16520.08984375,16479.66015625,16493.490234375,0,2026-07-09 07:50:00
16495.640625,16497.560546875,16460.16015625,16465.650390625,0,2026-07-09 07:55:00
16463.259765625,16480.259765625,16452.509765625,16471.529296875,0,2026-07-09 08:00:00
16472.609375,16488.099609375,16458.220703125,16483.890625,0,2026-07-09 08:05:00
16484.5703125,16491.330078125,16469.609375,16474.16015625,0,2026-07-09 08:10:00
16473.689453125,16484.19921875,16463.259765625,16467.849609375,0,2026-07-09 08:15:00
16467.470703125,16492.529296875,16459.970703125,16478.869140625,0,2026-07-09 08:20:00
16481.169921875,16497.76953125,16477.94921875,16481.91015625,0,2026-07-09 08:25:00
16482.779296875,16506.30078125,16477.25,16506.30078125,0,2026-07-09 08:30:00
16504.58984375,16517.5703125,16492.369140625,16493.380859375,0,2026-07-09 08:35:00
16493.66015625,16493.66015625,16463.58984375,16470.169921875,0,2026-07-09 08:40:00
16470.109375,16472.189453125,16424.609375,16431.23046875,0,2026-07-09 08:45:00
16428.30078125,16448.419921875,16427.169921875,16443.9296875,0,2026-07-09 08:50:00
16444.740234375,16452.23046875,16416.55078125,16442.5703125,0,2026-07-09 08:55:00
16442.73046875,16445.169921875,16428.470703125,16436.109375,0,2026-07-09 09:00:00
16435.16015625,16454.490234375,16431.7890625,16437.41015625,0,2026-07-09 09:05:00
16435.140625,16440.23046875,16422.109375,16428.029296875,0,2026-07-09 09:10:00
16427.109375,16431.990234375,16417.98046875,16424.26953125,0,2026-07-09 09:15:00
16424.26953125,16434.0703125,16405.470703125,16411.689453125,0,2026-07-09 09:20:00
16412.080078125,16425.94921875,16410.330078125,16413.810546875,0,2026-07-09 09:25:00
16413.8203125,16435.41015625,16408.240234375,16427.48046875,0,2026-07-09 09:30:00
16427.69921875,16446.310546875,16419.1796875,16429.009765625,0,2026-07-09 09:35:00
16425.83984375,16433.3203125,16416.849609375,16425.30078125,0,2026-07-09 09:40:00
16425.83984375,16433.4296875,16413.240234375,16427.0703125,0,2026-07-09 09:45:00
16426.369140625,16451.73046875,16422.939453125,16450.41015625,0,2026-07-09 09:50:00
16450.509765625,16461.2109375,16439.529296875,16459.01953125,0,2026-07-09 09:55:00
16460.69921875,16464.3203125,16444.349609375,16457.330078125,0,2026-07-09 10:00:00
16454.810546875,16460.859375,16442.029296875,16446.75,0,2026-07-09 10:05:00
16447.919921875,16457.3203125,16438.0,16445.0703125,0,2026-07-09 10:10:00
16445.23046875,16453.76953125,16437.109375,16437.109375,0,2026-07-09 10:15:00
16438.509765625,16443.630859375,16424.119140625,16426.75,0,2026-07-09 10:20:00
16425.189453125,16429.0390625,16418.4296875,16425.470703125,0,2026-07-09 10:25:00
16426.48046875,16429.650390625,16418.859375,16421.650390625,0,2026-07-09 10:30:00
16420.779296875,16422.23046875,16360.9404296875,16363.3095703125,0,2026-07-09 10:35:00
16361.4296875,16378.080078125,16357.830078125,16372.8798828125,0,2026-07-09 10:40:00
16373.740234375,16373.740234375,16347.7197265625,16352.9599609375,0,2026-07-09 10:45:00
16349.6103515625,16362.8203125,16345.26953125,16355.7802734375,0,2026-07-09 10:50:00
16355.83984375,16386.5703125,16345.76953125,16385.919921875,0,2026-07-09 10:55:00
16385.419921875,16403.060546875,16381.490234375,16393.609375,0,2026-07-09 11:00:00
16394.58984375,16395.150390625,16371.7802734375,16385.509765625,0,2026-07-09 11:05:00
16387.859375,16388.3203125,16346.669921875,16357.3896484375,0,2026-07-09 11:10:00
16357.4599609375,16362.490234375,16352.599609375,16358.9599609375,0,2026-07-09 11:15:00
16358.0,16377.58984375,16347.25,16352.4501953125,0,2026-07-09 11:20:00
16352.330078125,16355.6396484375,16335.419921875,16344.6796875,0,2026-07-09 11:25:00
16346.419921875,16346.9296875,16324.4404296875,16343.3603515625,0,2026-07-09 11:30:00
16341.5498046875,16342.759765625,16322.150390625,16337.2998046875,0,2026-07-09 11:35:00
16337.0703125,16345.3701171875,16318.0498046875,16338.7099609375,0,2026-07-09 11:40:00
16337.8603515625,16352.01953125,16329.1103515625,16342.66015625,0,2026-07-09 11:45:00
16343.91015625,16344.5595703125,16327.5302734375,16332.580078125,0,2026-07-09 11:50:00
16332.91015625,16349.51953125,16332.1298828125,16346.5703125,0,2026-07-09 11:55:00
16346.419921875,16356.8896484375,16341.2998046875,16351.2998046875,0,2026-07-09 12:00:00
16352.7001953125,16362.1103515625,16347.8203125,16357.990234375,0,2026-07-09 12:05:00
16356.9599609375,16357.849609375,16332.5400390625,16336.9296875,0,2026-07-09 12:10:00
16334.9296875,16338.330078125,16325.3701171875,16336.580078125,0,2026-07-09 12:15:00
16337.490234375,16340.1904296875,16322.48046875,16331.6904296875,0,2026-07-09 12:20:00
16332.1796875,16370.3203125,16325.7001953125,16368.9501953125,0,2026-07-09 12:25:00
16372.1298828125,16381.26953125,16358.8095703125,16372.1201171875,0,2026-07-09 12:30:00
16372.4599609375,16379.2802734375,16355.1796875,16373.3896484375,0,2026-07-09 12:35:00
16374.41015625,16376.259765625,16351.4697265625,16357.0302734375,0,2026-07-09 12:40:00
16357.8896484375,16365.1904296875,16343.330078125,16348.16015625,0,2026-07-09 12:45:00
16348.6201171875,16356.900390625,16344.83984375,16354.0,0,2026-07-09 12:50:00
16353.3701171875,16361.990234375,16340.0400390625,16344.98046875,0,2026-07-09 12:55:00
16345.1298828125,16359.2802734375,16341.7001953125,16347.759765625,0,2026-07-09 13:00:00
16347.76953125,16373.7099609375,16346.8798828125,16372.3798828125,0,2026-07-09 13:05:00
16372.919921875,16377.3603515625,16352.7998046875,16361.6201171875,0,2026-07-09 13:10:00
16360.2099609375,16368.5,16351.2001953125,16367.3701171875,0,2026-07-09 13:15:00
16367.3701171875,16371.5595703125,16352.3701171875,16355.169921875,0,2026-07-09 13:20:00
16354.080078125,16367.5595703125,16352.0,16366.0302734375,0,2026-07-09 13:25:00
16366.8798828125,16366.8798828125,16340.080078125,16357.8798828125,0,2026-07-09 13:30:00
16356.6298828125,16359.169921875,16338.099609375,16343.2197265625,0,2026-07-09 13:35:00
16342.76953125,16357.6904296875,16337.9501953125,16354.7802734375,0,2026-07-09 13:40:00
16356.2900390625,16356.2900390625,16331.1904296875,16343.83984375,0,2026-07-09 13:45:00
16341.75,16362.7900390625,16332.7001953125,16349.2998046875,0,2026-07-09 13:50:00
16347.8095703125,16354.599609375,16333.75,16349.8701171875,0,2026-07-09 13:55:00
16349.8701171875,16358.6103515625,16346.1103515625,16353.8896484375,0,2026-07-09 14:00:00
16353.7998046875,16355.900390625,16341.7900390625,16341.7900390625,0,2026-07-09 14:05:00
16339.9599609375,16345.740234375,16319.150390625,16332.01953125,0,2026-07-09 14:10:00
16330.9599609375,16333.9296875,16299.259765625,16307.830078125,0,2026-07-09 14:15:00
16309.4501953125,16314.8798828125,16286.150390625,16299.740234375,0,2026-07-09 14:20:00
16298.740234375,16311.2802734375,16283.98046875,16309.5,0,2026-07-09 14:25:00
16309.1298828125,16329.25,16308.4404296875,16315.3203125,0,2026-07-09 14:30:00
16312.4296875,16318.4697265625,16304.400390625,16306.919921875,0,2026-07-09 14:35:00
16307.330078125,16348.6103515625,16305.150390625,16339.3896484375,0,2026-07-09 14:40:00
16339.9296875,16385.349609375,16337.75,16353.8798828125,0,2026-07-09 14:45:00
16352.8701171875,16362.2998046875,16341.9404296875,16360.23046875,0,2026-07-09 14:50:00
16359.33984375,16367.919921875,16345.8798828125,16350.150390625,0,2026-07-09 14:55:00
16356.509765625,16362.4501953125,16356.509765625,16362.4501953125,0,2026-07-10 06:55:00
16362.4501953125,16408.76953125,16343.1298828125,16408.76953125,0,2026-07-10 07:00:00
16405.400390625,16486.080078125,16405.26953125,16486.080078125,0,2026-07-10 07:05:00
16489.76953125,16546.880859375,16482.759765625,16544.060546875,0,2026-07-10 07:10:00
16542.4296875,16560.91015625,16525.689453125,16560.91015625,0,2026-07-10 07:15:00
16557.2109375,16576.19921875,16541.16015625,16567.51953125,0,2026-07-10 07:20:00
16564.330078125,16569.130859375,16543.41015625,16557.73046875,0,2026-07-10 07:25:00
16561.16015625,16590.01953125,16559.640625,16580.919921875,0,2026-07-10 07:30:00
16580.41015625,16580.41015625,16553.30078125,16564.55078125,0,2026-07-10 07:35:00
16564.5703125,16566.0390625,16546.01953125,16552.140625,0,2026-07-10 07:40:00
16553.880859375,16576.9609375,16546.619140625,16566.220703125,0,2026-07-10 07:45:00
16568.849609375,16598.439453125,16561.619140625,16585.4296875,0,2026-07-10 07:50:00
16585.4296875,16626.330078125,16580.140625,16599.6796875,0,2026-07-10 07:55:00
16599.33984375,16616.119140625,16585.83984375,16598.6796875,0,2026-07-10 08:00:00
16595.7109375,16610.900390625,16579.900390625,16602.9296875,0,2026-07-10 08:05:00
16605.609375,16666.119140625,16600.640625,16663.5390625,0,2026-07-10 08:10:00
16662.9296875,16665.669921875,16637.349609375,16649.98046875,0,2026-07-10 08:15:00
16646.759765625,16658.7109375,16619.609375,16624.73046875,0,2026-07-10 08:20:00
16624.609375,16646.080078125,16620.150390625,16631.48046875,0,2026-07-10 08:25:00
16632.109375,16637.0703125,16606.330078125,16608.76953125,0,2026-07-10 08:30:00
16609.44921875,16621.5390625,16607.9296875,16618.130859375,0,2026-07-10 08:35:00
16619.94921875,16622.439453125,16596.859375,16604.6796875,0,2026-07-10 08:40:00
16606.23046875,16606.23046875,16577.6796875,16580.94921875,0,2026-07-10 08:45:00
16580.970703125,16585.919921875,16567.76953125,16584.599609375,0,2026-07-10 08:50:00
16583.19921875,16592.16015625,16579.1796875,16587.169921875,0,2026-07-10 08:55:00
16587.169921875,16605.890625,16578.05078125,16602.390625,0,2026-07-10 09:00:00
16600.900390625,16610.150390625,16589.5,16604.609375,0,2026-07-10 09:05:00
16602.919921875,16610.0703125,16591.349609375,16600.91015625,0,2026-07-10 09:10:00
16599.5703125,16602.51953125,16581.359375,16588.16015625,0,2026-07-10 09:15:00
16588.529296875,16589.419921875,16575.23046875,16582.849609375,0,2026-07-10 09:20:00
16583.390625,16593.380859375,16581.029296875,16590.060546875,0,2026-07-10 09:25:00
16589.939453125,16591.26953125,16575.5390625,16580.41015625,0,2026-07-10 09:30:00
16584.029296875,16595.560546875,16577.5703125,16594.380859375,0,2026-07-10 09:35:00
16595.970703125,16596.48046875,16580.349609375,16585.5390625,0,2026-07-10 09:40:00
16584.890625,16599.779296875,16579.189453125,16599.44921875,0,2026-07-10 09:45:00
16597.0703125,16603.51953125,16572.76953125,16575.369140625,0,2026-07-10 09:50:00
16576.419921875,16578.689453125,16546.259765625,16557.25,0,2026-07-10 09:55:00
16557.189453125,16560.9296875,16533.51953125,16541.1796875,0,2026-07-10 10:00:00
16541.240234375,16547.439453125,16515.359375,16517.1796875,0,2026-07-10 10:05:00
16514.689453125,16514.880859375,16416.560546875,16416.560546875,0,2026-07-10 10:10:00
16415.0703125,16467.400390625,16407.1796875,16465.970703125,0,2026-07-10 10:15:00
16463.490234375,16491.73046875,16460.169921875,16490.0,0,2026-07-10 10:20:00
16491.240234375,16504.33984375,16484.669921875,16486.51953125,0,2026-07-10 10:25:00
16487.490234375,16490.759765625,16465.75,16467.41015625,0,2026-07-10 10:30:00
16465.6796875,16485.23046875,16462.359375,16471.23046875,0,2026-07-10 10:35:00
16471.23046875,16474.94921875,16455.48046875,16458.0,0,2026-07-10 10:40:00
16460.880859375,16468.990234375,16456.5703125,16461.41015625,0,2026-07-10 10:45:00
16461.029296875,16483.44921875,16458.890625,16482.009765625,0,2026-07-10 10:50:00
16480.25,16489.55078125,16462.55078125,16475.83984375,0,2026-07-10 10:55:00
16477.970703125,16502.689453125,16470.900390625,16486.2109375,0,2026-07-10 11:00:00
16485.849609375,16494.91015625,16477.759765625,16486.0703125,0,2026-07-10 11:05:00
16487.609375,16487.609375,16474.419921875,16485.390625,0,2026-07-10 11:10:00
16483.900390625,16488.119140625,16475.310546875,16480.119140625,0,2026-07-10 11:15:00
16480.189453125,16493.029296875,16477.880859375,16488.080078125,0,2026-07-10 11:20:00
16488.41015625,16490.169921875,16473.48046875,16484.9609375,0,2026-07-10 11:25:00
16484.720703125,16497.150390625,16480.890625,16487.55078125,0,2026-07-10 11:30:00
16490.51953125,16490.7109375,16471.359375,16488.6796875,0,2026-07-10 11:35:00
16487.529296875,16531.619140625,16477.380859375,16525.41015625,0,2026-07-10 11:40:00
16524.279296875,16539.859375,16520.23046875,16535.640625,0,2026-07-10 11:45:00
16536.119140625,16593.109375,16533.970703125,16563.859375,0,2026-07-10 11:50:00
16563.060546875,16563.060546875,16531.48046875,16544.890625,0,2026-07-10 11:55:00
16545.509765625,16548.140625,16522.240234375,16539.7109375,0,2026-07-10 12:00:00
16538.470703125,16554.759765625,16534.259765625,16551.76953125,0,2026-07-10 12:05:00
16550.759765625,16616.060546875,16549.91015625,16594.330078125,0,2026-07-10 12:10:00
16595.51953125,16608.669921875,16577.7109375,16587.169921875,0,2026-07-10 12:15:00
16585.08984375,16599.279296875,16570.240234375,16595.30078125,0,2026-07-10 12:20:00
16595.30078125,16600.41015625,16569.970703125,16583.76953125,0,2026-07-10 12:25:00
16584.9609375,16590.279296875,16576.76953125,16583.33984375,0,2026-07-10 12:30:00
16583.33984375,16585.529296875,16566.25,16580.810546875,0,2026-07-10 12:35:00
16578.630859375,16583.25,16572.41015625,16577.609375,0,2026-07-10 12:40:00
16580.7109375,16588.150390625,16571.849609375,16575.560546875,0,2026-07-10 12:45:00
16574.830078125,16578.849609375,16558.83984375,16560.7109375,0,2026-07-10 12:50:00
16563.369140625,16601.919921875,16554.509765625,16593.51953125,0,2026-07-10 12:55:00
16593.5390625,16593.5390625,16572.2109375,16579.080078125,0,2026-07-10 13:00:00
16578.779296875,16606.48046875,16574.560546875,16605.3203125,0,2026-07-10 13:05:00
16605.880859375,16626.44921875,16594.0,16623.75,0,2026-07-10 13:10:00
16622.6796875,16637.23046875,16610.8203125,16626.630859375,0,2026-07-10 13:15:00
16628.029296875,16654.05078125,16625.4296875,16639.76953125,0,2026-07-10 13:20:00
16638.279296875,16660.01953125,16631.01953125,16632.470703125,0,2026-07-10 13:25:00
16633.109375,16648.669921875,16621.810546875,16644.05078125,0,2026-07-10 13:30:00
16646.380859375,16663.9296875,16636.51953125,16663.9296875,0,2026-07-10 13:35:00
16663.849609375,16693.98046875,16661.189453125,16687.359375,0,2026-07-10 13:40:00
16686.310546875,16689.4296875,16655.19921875,16666.259765625,0,2026-07-10 13:45:00
16663.55078125,16663.55078125,16636.390625,16647.30078125,0,2026-07-10 13:50:00
16647.2109375,16647.779296875,16629.669921875,16633.08984375,0,2026-07-10 13:55:00
16634.2109375,16649.140625,16627.650390625,16642.5,0,2026-07-10 14:00:00
16641.80078125,16649.01953125,16630.380859375,16633.359375,0,2026-07-10 14:05:00
16630.470703125,16635.390625,16620.3203125,16633.0703125,0,2026-07-10 14:10:00
16631.669921875,16642.970703125,16623.55078125,16631.69921875,0,2026-07-10 14:15:00
16633.76953125,16653.119140625,16627.9296875,16641.58984375,0,2026-07-10 14:20:00
16643.439453125,16648.689453125,16631.140625,16641.9609375,0,2026-07-10 14:25:00
16641.390625,16641.890625,16528.640625,16559.91015625,0,2026-07-10 14:30:00
16559.939453125,16611.849609375,16555.94921875,16610.25,0,2026-07-10 14:35:00
16609.75,16638.080078125,16606.75,16622.73046875,0,2026-07-10 14:40:00
16621.41015625,16635.939453125,16603.810546875,16619.25,0,2026-07-10 14:45:00
16620.94921875,16630.259765625,16602.83984375,16612.220703125,0,2026-07-10 14:50:00
16608.619140625,16614.080078125,16595.470703125,16598.919921875,0,2026-07-10 14:55:00
16615.220703125,16615.220703125,16544.439453125,16544.439453125,0,2026-07-13 06:55:00
16544.439453125,16544.439453125,16465.44921875,16469.869140625,0,2026-07-13 07:00:00
16473.08984375,16479.650390625,16405.51953125,16406.439453125,0,2026-07-13 07:05:00
16407.25,16426.4609375,16377.2998046875,16411.390625,0,2026-07-13 07:10:00
16411.470703125,16429.859375,16397.419921875,16402.7109375,0,2026-07-13 07:15:00
16402.919921875,16407.490234375,16333.919921875,16347.259765625,0,2026-07-13 07:20:00
16346.8701171875,16356.01953125,16326.26953125,16334.01953125,0,2026-07-13 07:25:00
16331.76953125,16337.419921875,16311.6103515625,16335.2099609375,0,2026-07-13 07:30:00
16333.8095703125,16357.9501953125,16330.26953125,16347.009765625,0,2026-07-13 07:35:00
16344.740234375,16362.9404296875,16338.6298828125,16349.0498046875,0,2026-07-13 07:40:00
16345.7197265625,16353.8896484375,16337.3095703125,16340.2900390625,0,2026-07-13 07:45:00
16340.240234375,16348.1298828125,16331.4599609375,16337.8896484375,0,2026-07-13 07:50:00
16335.8095703125,16337.8095703125,16315.4697265625,16324.8603515625,0,2026-07-13 07:55:00
16324.76953125,16337.650390625,16318.7900390625,16324.3095703125,0,2026-07-13 08:00:00
16326.1904296875,16346.2900390625,16322.990234375,16328.6796875,0,2026-07-13 08:05:00
16329.259765625,16359.849609375,16327.3798828125,16355.58984375,0,2026-07-13 08:10:00
16353.83984375,16360.5,16333.3203125,16336.1201171875,0,2026-07-13 08:15:00
16336.3798828125,16339.01953125,16309.5498046875,16317.6201171875,0,2026-07-13 08:20:00
16318.4501953125,16320.8203125,16301.23046875,16309.8798828125,0,2026-07-13 08:25:00
16307.7099609375,16319.8896484375,16303.4404296875,16313.009765625,0,2026-07-13 08:30:00
16314.3701171875,16326.0498046875,16298.8798828125,16298.8798828125,0,2026-07-13 08:35:00
16299.66015625,16309.330078125,16295.01953125,16302.2998046875,0,2026-07-13 08:40:00
16302.080078125,16307.0703125,16273.91015625,16284.5400390625,0,2026-07-13 08:45:00
16285.16015625,16288.7900390625,16270.400390625,16276.83984375,0,2026-07-13 08:50:00
16275.9599609375,16283.400390625,16248.26953125,16248.7900390625,0,2026-07-13 08:55:00
16249.2900390625,16269.6396484375,16243.099609375,16244.490234375,0,2026-07-13 09:00:00
16245.919921875,16253.400390625,16232.2998046875,16244.23046875,0,2026-07-13 09:05:00
16245.3798828125,16256.6103515625,16242.16015625,16250.4599609375,0,2026-07-13 09:10:00
16252.7099609375,16256.6103515625,16240.5703125,16243.240234375,0,2026-07-13 09:15:00
16240.080078125,16259.1396484375,16227.8701171875,16259.1396484375,0,2026-07-13 09:20:00
16249.4599609375,16271.400390625,16249.4599609375,16256.25,0,2026-07-13 09:25:00
16253.919921875,16264.1298828125,16252.009765625,16259.330078125,0,2026-07-13 09:30:00
16258.169921875,16264.2001953125,16248.51953125,16253.1904296875,0,2026-07-13 09:35:00
16253.5703125,16257.2998046875,16240.9404296875,16245.080078125,0,2026-07-13 09:40:00
16246.150390625,16252.01953125,16235.7197265625,16238.8896484375,0,2026-07-13 09:45:00
16238.8896484375,16251.7998046875,16233.6904296875,16249.3896484375,0,2026-07-13 09:50:00
16249.400390625,16263.3095703125,16245.9599609375,16261.6904296875,0,2026-07-13 09:55:00
16261.240234375,16267.990234375,16246.740234375,16267.7802734375,0,2026-07-13 10:00:00
16264.900390625,16270.080078125,16242.6298828125,16245.1298828125,0,2026-07-13 10:05:00
16244.5595703125,16256.2802734375,16240.650390625,16252.23046875,0,2026-07-13 10:10:00
16250.41015625,16261.7998046875,16247.01953125,16250.98046875,0,2026-07-13 10:15:00
16252.330078125,16257.41015625,16241.23046875,16246.8798828125,0,2026-07-13 10:20:00
16247.26953125,16252.6298828125,16234.8603515625,16242.6796875,0,2026-07-13 10:25:00
16244.169921875,16252.6396484375,16234.8798828125,16248.0595703125,0,2026-07-13 10:30:00
16251.759765625,16265.2900390625,16246.669921875,16264.2998046875,0,2026-07-13 10:35:00
16264.7099609375,16265.740234375,16241.91015625,16254.3203125,0,2026-07-13 10:40:00
16253.009765625,16259.08984375,16244.5595703125,16258.3203125,0,2026-07-13 10:45:00
16256.3896484375,16265.7001953125,16246.83984375,16265.7001953125,0,2026-07-13 10:50:00
16262.08984375,16266.66015625,16247.240234375,16259.4599609375,0,2026-07-13 10:55:00
16260.240234375,16295.1298828125,16257.16015625,16284.5400390625,0,2026-07-13 11:00:00
16283.76953125,16295.0302734375,16280.33984375,16289.490234375,0,2026-07-13 11:05:00
16289.150390625,16293.080078125,16278.2001953125,16283.3203125,0,2026-07-13 11:10:00
16284.23046875,16286.7900390625,16265.1103515625,16269.6396484375,0,2026-07-13 11:15:00
16269.330078125,16280.150390625,16262.830078125,16268.0,0,2026-07-13 11:20:00
16268.490234375,16276.16015625,16261.73046875,16273.8896484375,0,2026-07-13 11:25:00
16271.1796875,16282.8203125,16269.8798828125,16281.0595703125,0,2026-07-13 11:30:00
16281.5400390625,16282.669921875,16260.919921875,16270.9404296875,0,2026-07-13 11:35:00
16270.6103515625,16272.5302734375,16255.58984375,16261.9296875,0,2026-07-13 11:40:00
16261.9296875,16267.83984375,16250.26953125,16267.73046875,0,2026-07-13 11:45:00
16265.1396484375,16271.259765625,16252.759765625,16253.740234375,0,2026-07-13 11:50:00
16254.349609375,16256.7099609375,16239.5,16244.76953125,0,2026-07-13 11:55:00
16245.9404296875,16249.2001953125,16230.6103515625,16231.0498046875,0,2026-07-13 12:00:00
16231.73046875,16249.5400390625,16229.2197265625,16242.5302734375,0,2026-07-13 12:05:00
16242.599609375,16256.8701171875,16238.01953125,16240.509765625,0,2026-07-13 12:10:00
16242.51953125,16251.01953125,16232.009765625,16243.7197265625,0,2026-07-13 12:15:00
16244.0595703125,16244.0595703125,16222.75,16230.33984375,0,2026-07-13 12:20:00
16232.33984375,16235.9697265625,16220.5595703125,16222.7099609375,0,2026-07-13 12:25:00
16223.7998046875,16230.169921875,16215.240234375,16222.0,0,2026-07-13 12:30:00
16222.9599609375,16231.75,16217.98046875,16222.6396484375,0,2026-07-13 12:35:00
16221.990234375,16234.9697265625,16220.150390625,16231.0400390625,0,2026-07-13 12:40:00
16231.330078125,16259.6103515625,16229.990234375,16254.259765625,0,2026-07-13 12:45:00
16251.16015625,16261.1904296875,16244.2802734375,16257.080078125,0,2026-07-13 12:50:00
16257.4697265625,16262.2900390625,16248.6298828125,16257.490234375,0,2026-07-13 12:55:00
16259.2998046875,16263.3203125,16249.3701171875,16249.4599609375,0,2026-07-13 13:00:00
16251.259765625,16267.2802734375,16245.7001953125,16262.6796875,0,2026-07-13 13:05:00
16262.4404296875,16264.2001953125,16253.9404296875,16263.48046875,0,2026-07-13 13:10:00
16263.7001953125,16264.669921875,16238.2001953125,16246.3203125,0,2026-07-13 13:15:00
16252.8603515625,16256.349609375,16244.5,16247.509765625,0,2026-07-13 13:20:00
16247.16015625,16255.990234375,16244.3701171875,16252.98046875,0,2026-07-13 13:25:00
16252.650390625,16278.5400390625,16249.1103515625,16261.009765625,0,2026-07-13 13:30:00
16262.5,16263.1904296875,16233.6298828125,16239.83984375,0,2026-07-13 13:35:00
16238.0498046875,16239.26953125,16223.08984375,16223.08984375,0,2026-07-13 13:40:00
16228.0498046875,16248.6103515625,16224.51953125,16246.759765625,0,2026-07-13 13:45:00
16248.4697265625,16263.6904296875,16242.6396484375,16260.8203125,0,2026-07-13 13:50:00
16260.9296875,16293.5595703125,16251.080078125,16290.9404296875,0,2026-07-13 13:55:00
16291.150390625,16306.419921875,16279.9599609375,16293.16015625,0,2026-07-13 14:00:00
16293.8095703125,16296.2900390625,16268.5595703125,16273.830078125,0,2026-07-13 14:05:00
16275.6796875,16284.4501953125,16272.759765625,16280.900390625,0,2026-07-13 14:10:00
16279.8896484375,16285.7802734375,16244.169921875,16258.900390625,0,2026-07-13 14:15:00
16260.150390625,16266.669921875,16244.1201171875,16254.0498046875,0,2026-07-13 14:20:00
16255.7900390625,16273.3896484375,16252.009765625,16266.01953125,0,2026-07-13 14:25:00
16266.650390625,16269.599609375,16256.3701171875,16264.6796875,0,2026-07-13 14:30:00
16264.5703125,16271.1298828125,16256.1201171875,16261.3095703125,0,2026-07-13 14:35:00
16261.919921875,16265.9404296875,16244.66015625,16251.1103515625,0,2026-07-13 14:40:00
16251.349609375,16262.1796875,16240.0,16262.1796875,0,2026-07-13 14:45:00
16259.7001953125,16264.01953125,16248.0498046875,16248.7900390625,0,2026-07-13 14:50:00
16249.8603515625,16266.1103515625,16248.1904296875,16255.349609375,0,2026-07-13 14:55:00
16254.830078125,16254.830078125,16092.98046875,16092.98046875,0,2026-07-14 06:55:00
16092.98046875,16096.6904296875,16039.41015625,16046.740234375,0,2026-07-14 07:00:00
16045.7099609375,16077.5595703125,16030.3896484375,16074.4697265625,0,2026-07-14 07:05:00
16074.01953125,16111.6103515625,16064.2998046875,16100.23046875,0,2026-07-14 07:10:00
16098.759765625,16117.849609375,16091.3701171875,16097.48046875,0,2026-07-14 07:15:00
16091.4501953125,16095.2802734375,16062.4599609375,16087.240234375,0,2026-07-14 07:20:00
16086.830078125,16113.3203125,16084.5,16112.1396484375,0,2026-07-14 07:25:00
16112.76953125,16133.3203125,16106.6796875,16117.650390625,0,2026-07-14 07:30:00
16117.91015625,16134.9501953125,16107.8095703125,16130.8203125,0,2026-07-14 07:35:00
16132.900390625,16134.73046875,16114.58984375,16131.6298828125,0,2026-07-14 07:40:00
16129.6298828125,16139.33984375,16106.3798828125,16119.919921875,0,2026-07-14 07:45:00
16119.3896484375,16123.240234375,16104.6201171875,16111.76953125,0,2026-07-14 07:50:00
16109.6298828125,16113.1298828125,16092.3603515625,16103.5400390625,0,2026-07-14 07:55:00
16107.01953125,16116.3798828125,16085.9599609375,16105.240234375,0,2026-07-14 08:00:00
16103.6904296875,16119.1103515625,16099.6796875,16111.91015625,0,2026-07-14 08:05:00
16111.740234375,16126.9501953125,16104.73046875,16126.75,0,2026-07-14 08:10:00
16125.1298828125,16162.400390625,16116.009765625,16149.41015625,0,2026-07-14 08:15:00
16148.5498046875,16161.080078125,16143.2197265625,16153.580078125,0,2026-07-14 08:20:00
16153.9501953125,16186.1396484375,16152.3203125,16182.1796875,0,2026-07-14 08:25:00
16186.2099609375,16213.5400390625,16178.16015625,16209.33984375,0,2026-07-14 08:30:00
16209.6201171875,16209.759765625,16166.0498046875,16168.0595703125,0,2026-07-14 08:35:00
16168.5302734375,16185.76953125,16165.51953125,16177.1396484375,0,2026-07-14 08:40:00
16178.2998046875,16186.76953125,16173.4599609375,16183.240234375,0,2026-07-14 08:45:00
16181.509765625,16183.240234375,16163.6103515625,16172.16015625,0,2026-07-14 08:50:00
16171.5,16177.3603515625,16163.4599609375,16168.4296875,0,2026-07-14 08:55:00
16168.669921875,16193.66015625,16162.91015625,16190.330078125,0,2026-07-14 09:00:00
16190.330078125,16198.599609375,16183.8701171875,16196.9501953125,0,2026-07-14 09:05:00
16196.8798828125,16204.6396484375,16190.01953125,16204.150390625,0,2026-07-14 09:10:00
16206.1796875,16206.1796875,16179.8603515625,16180.4697265625,0,2026-07-14 09:15:00
16179.66015625,16186.2001953125,16167.73046875,16174.669921875,0,2026-07-14 09:20:00
16173.509765625,16177.8603515625,16161.58984375,16163.16015625,0,2026-07-14 09:25:00
16164.7197265625,16167.650390625,16143.83984375,16156.009765625,0,2026-07-14 09:30:00
16153.98046875,16170.400390625,16153.490234375,16169.5498046875,0,2026-07-14 09:35:00
16167.9697265625,16170.7998046875,16140.2802734375,16150.8203125,0,2026-07-14 09:40:00
16151.8896484375,16161.509765625,16147.599609375,16152.1298828125,0,2026-07-14 09:45:00
16156.9296875,16158.830078125,16139.7197265625,16154.3798828125,0,2026-07-14 09:50:00
16153.6298828125,16155.7998046875,16142.7099609375,16149.150390625,0,2026-07-14 09:55:00
16149.48046875,16155.1396484375,16129.099609375,16153.5595703125,0,2026-07-14 10:00:00
16151.2001953125,16153.8095703125,16136.2099609375,16141.490234375,0,2026-07-14 10:05:00
16142.849609375,16161.009765625,16139.6298828125,16144.8896484375,0,2026-07-14 10:10:00
16144.150390625,16159.75,16139.3701171875,16156.1298828125,0,2026-07-14 10:15:00
16154.16015625,16164.740234375,16151.0,16155.740234375,0,2026-07-14 10:20:00
16156.1298828125,16157.83984375,16141.23046875,16152.6904296875,0,2026-07-14 10:25:00
16150.400390625,16150.8896484375,16129.0302734375,16141.41015625,0,2026-07-14 10:30:00
16140.91015625,16162.240234375,16136.9501953125,16161.509765625,0,2026-07-14 10:35:00
16161.4296875,16165.1298828125,16141.9599609375,16150.7998046875,0,2026-07-14 10:40:00
16150.419921875,16158.0703125,16147.66015625,16154.5703125,0,2026-07-14 10:45:00
16154.5703125,16159.4599609375,16149.8203125,16151.8798828125,0,2026-07-14 10:50:00
16150.599609375,16151.1796875,16137.150390625,16148.669921875,0,2026-07-14 10:55:00
16149.83984375,16151.0498046875,16135.51953125,16139.849609375,0,2026-07-14 11:00:00
16139.51953125,16146.6103515625,16122.509765625,16130.48046875,0,2026-07-14 11:05:00
16130.48046875,16134.98046875,16121.4697265625,16124.1103515625,0,2026-07-14 11:10:00
16124.9296875,16143.16015625,16124.1396484375,16134.919921875,0,2026-07-14 11:15:00
16135.76953125,16150.3798828125,16123.150390625,16148.5400390625,0,2026-07-14 11:20:00
16147.9404296875,16156.4296875,16143.3701171875,16146.3701171875,0,2026-07-14 11:25:00
16146.26953125,16151.2998046875,16135.4501953125,16137.150390625,0,2026-07-14 11:30:00
16137.2099609375,16151.7001953125,16134.900390625,16148.9599609375,0,2026-07-14 11:35:00
16147.16015625,16151.009765625,16132.5498046875,16134.6396484375,0,2026-07-14 11:40:00
16135.91015625,16148.4697265625,16129.0498046875,16143.33984375,0,2026-07-14 11:45:00
16145.2001953125,16177.51953125,16143.6103515625,16173.2197265625,0,2026-07-14 11:50:00
16173.0,16177.1396484375,16157.66015625,16159.3603515625,0,2026-07-14 11:55:00
16158.0595703125,16164.4501953125,16139.7802734375,16145.7900390625,0,2026-07-14 12:00:00
16143.4296875,16145.8798828125,16132.6796875,16138.2001953125,0,2026-07-14 12:05:00
16138.2001953125,16148.6201171875,16133.8896484375,16147.240234375,0,2026-07-14 12:10:00
16146.3701171875,16149.8203125,16137.98046875,16146.9599609375,0,2026-07-14 12:15:00
16145.4697265625,16160.9697265625,16145.1298828125,16160.9697265625,0,2026-07-14 12:20:00
16159.419921875,16166.66015625,16153.23046875,16163.919921875,0,2026-07-14 12:25:00
16165.1396484375,16221.8701171875,16162.7001953125,16214.2998046875,0,2026-07-14 12:30:00
16214.009765625,16221.2802734375,16181.01953125,16183.1103515625,0,2026-07-14 12:35:00
16185.3701171875,16187.2099609375,16158.23046875,16158.5400390625,0,2026-07-14 12:40:00
16159.2802734375,16165.5498046875,16147.3701171875,16155.2001953125,0,2026-07-14 12:45:00
16154.669921875,16154.669921875,16119.099609375,16130.099609375,0,2026-07-14 12:50:00
16130.23046875,16132.3798828125,16114.0498046875,16119.0400390625,0,2026-07-14 12:55:00
16118.669921875,16132.1298828125,16109.51953125,16121.2001953125,0,2026-07-14 13:00:00
16123.150390625,16164.9501953125,16121.599609375,16157.150390625,0,2026-07-14 13:05:00
16160.6103515625,16169.9599609375,16156.8203125,16163.669921875,0,2026-07-14 13:10:00
16164.7802734375,16171.099609375,16134.490234375,16134.490234375,0,2026-07-14 13:15:00
16132.1201171875,16153.1904296875,16130.58984375,16147.51953125,0,2026-07-14 13:20:00
16148.98046875,16181.2998046875,16145.9404296875,16177.58984375,0,2026-07-14 13:25:00
16179.2197265625,16183.740234375,16162.2197265625,16167.419921875,0,2026-07-14 13:30:00
16167.1904296875,16179.169921875,16159.830078125,16160.91015625,0,2026-07-14 13:35:00
16162.150390625,16177.3203125,16159.830078125,16172.509765625,0,2026-07-14 13:40:00
16171.01953125,16177.7001953125,16163.7802734375,16176.1904296875,0,2026-07-14 13:45:00
16175.0,16184.2900390625,16156.51953125,16156.51953125,0,2026-07-14 13:50:00
16156.2900390625,16164.150390625,16150.349609375,16161.9296875,0,2026-07-14 13:55:00
16162.3701171875,16177.01953125,16159.2099609375,16174.419921875,0,2026-07-14 14:00:00
16173.599609375,16189.6396484375,16169.169921875,16176.66015625,0,2026-07-14 14:05:00
16180.3798828125,16202.8896484375,16176.0498046875,16199.0498046875,0,2026-07-14 14:10:00
16198.419921875,16206.400390625,16192.400390625,16199.150390625,0,2026-07-14 14:15:00
16198.6298828125,16210.16015625,16191.7197265625,16204.8701171875,0,2026-07-14 14:20:00
16204.01953125,16207.919921875,16166.4296875,16171.6201171875,0,2026-07-14 14:25:00
16169.3203125,16207.5302734375,16169.2900390625,16198.650390625,0,2026-07-14 14:30:00
16197.0498046875,16208.73046875,16194.259765625,16204.1904296875,0,2026-07-14 14:35:00
16200.75,16204.419921875,16175.490234375,16175.490234375,0,2026-07-14 14:40:00
16178.8095703125,16183.66015625,16162.7197265625,16170.580078125,0,2026-07-14 14:45:00
16171.5,16176.7099609375,16164.8896484375,16165.8798828125,0,2026-07-14 14:50:00
16168.23046875,16178.6796875,16164.73046875,16167.240234375,0,2026-07-14 14:55:00
16174.76953125,16174.76953125,16081.9599609375,16081.9599609375,0,2026-07-16 06:55:00
16081.9599609375,16158.75,16081.9599609375,16144.849609375,0,2026-07-16 07:00:00
16144.0595703125,16205.25,16144.0595703125,16197.7900390625,0,2026-07-16 07:05:00
16199.3896484375,16200.990234375,16176.25,16176.6201171875,0,2026-07-16 07:10:00
16177.9697265625,16208.9697265625,16171.4404296875,16201.599609375,0,2026-07-16 07:15:00
16203.009765625,16235.7099609375,16194.3701171875,16234.2099609375,0,2026-07-16 07:20:00
16234.7197265625,16237.73046875,16207.509765625,16223.1201171875,0,2026-07-16 07:25:00
16225.490234375,16251.16015625,16204.66015625,16211.91015625,0,2026-07-16 07:30:00
16213.91015625,16234.7802734375,16210.5703125,16230.990234375,0,2026-07-16 07:35:00
16230.599609375,16251.6201171875,16225.6904296875,16235.0595703125,0,2026-07-16 07:40:00
16235.330078125,16264.8896484375,16231.3095703125,16259.509765625,0,2026-07-16 07:45:00
16258.0703125,16262.6796875,16243.58984375,16252.6904296875,0,2026-07-16 07:50:00
16252.0703125,16270.099609375,16239.830078125,16263.400390625,0,2026-07-16 07:55:00
16264.830078125,16315.9697265625,16261.509765625,16314.33984375,0,2026-07-16 08:00:00
16314.8798828125,16331.990234375,16293.76953125,16297.759765625,0,2026-07-16 08:05:00
16298.7900390625,16302.080078125,16277.4501953125,16297.48046875,0,2026-07-16 08:10:00
16297.83984375,16324.8603515625,16297.83984375,16322.1298828125,0,2026-07-16 08:15:00
16322.3203125,16335.26953125,16320.259765625,16323.0,0,2026-07-16 08:20:00
16326.3701171875,16328.8203125,16286.419921875,16298.5595703125,0,2026-07-16 08:25:00
16299.1103515625,16314.4697265625,16294.9501953125,16297.7197265625,0,2026-07-16 08:30:00
16300.41015625,16303.3095703125,16277.4599609375,16284.1201171875,0,2026-07-16 08:35:00
16282.4296875,16286.7900390625,16271.6201171875,16286.5302734375,0,2026-07-16 08:40:00
16283.83984375,16296.490234375,16279.6904296875,16283.8896484375,0,2026-07-16 08:45:00
16285.3095703125,16289.7001953125,16274.4599609375,16279.41015625,0,2026-07-16 08:50:00
16279.2197265625,16288.349609375,16268.66015625,16286.5400390625,0,2026-07-16 08:55:00
16285.3701171875,16306.3603515625,16285.080078125,16306.3603515625,0,2026-07-16 09:00:00
16305.830078125,16308.419921875,16286.01953125,16294.490234375,0,2026-07-16 09:05:00
16294.009765625,16300.66015625,16288.0302734375,16295.8896484375,0,2026-07-16 09:10:00
16295.33984375,16300.4404296875,16289.4599609375,16296.599609375,0,2026-07-16 09:15:00
16296.4404296875,16306.849609375,16290.0302734375,16305.0302734375,0,2026-07-16 09:20:00
16305.3701171875,16305.76953125,16291.08984375,16293.7197265625,0,2026-07-16 09:25:00
16298.1201171875,16303.91015625,16291.330078125,16294.2802734375,0,2026-07-16 09:30:00
16294.08984375,16294.58984375,16268.419921875,16272.2099609375,0,2026-07-16 09:35:00
16272.5,16274.3896484375,16263.080078125,16269.1103515625,0,2026-07-16 09:40:00
16268.3896484375,16268.3896484375,16226.990234375,16228.900390625,0,2026-07-16 09:45:00
16227.8603515625,16250.4599609375,16225.099609375,16245.3798828125,0,2026-07-16 09:50:00
16245.91015625,16255.4599609375,16242.669921875,16251.33984375,0,2026-07-16 09:55:00
16251.33984375,16259.1201171875,16245.23046875,16245.349609375,0,2026-07-16 10:00:00
16246.66015625,16252.4599609375,16238.759765625,16248.8701171875,0,2026-07-16 10:05:00
16248.8701171875,16252.330078125,16239.08984375,16245.1298828125,0,2026-07-16 10:10:00
16246.23046875,16247.51953125,16238.1201171875,16244.759765625,0,2026-07-16 10:15:00
16246.3603515625,16257.509765625,16240.26953125,16255.6103515625,0,2026-07-16 10:20:00
16255.1103515625,16263.58984375,16252.58984375,16257.0498046875,0,2026-07-16 10:25:00
16259.4404296875,16266.0400390625,16254.349609375,16263.5595703125,0,2026-07-16 10:30:00
16263.0703125,16270.3603515625,16259.7900390625,16262.509765625,0,2026-07-16 10:35:00
16262.330078125,16268.7900390625,16257.2001953125,16267.5302734375,0,2026-07-16 10:40:00
16268.2998046875,16286.41015625,16263.5400390625,16282.849609375,0,2026-07-16 10:45:00
16282.4501953125,16304.2802734375,16276.7802734375,16301.349609375,0,2026-07-16 10:50:00
16302.3896484375,16325.150390625,16297.919921875,16318.6796875,0,2026-07-16 10:55:00
16319.8896484375,16325.0595703125,16281.330078125,16289.2998046875,0,2026-07-16 11:00:00
16288.4404296875,16290.6103515625,16269.4404296875,16284.349609375,0,2026-07-16 11:05:00
16283.0595703125,16286.830078125,16271.1201171875,16276.580078125,0,2026-07-16 11:10:00
16277.1201171875,16281.7099609375,16262.580078125,16277.5595703125,0,2026-07-16 11:15:00
16272.830078125,16290.2900390625,16272.150390625,16286.8203125,0,2026-07-16 11:20:00
16286.8203125,16294.0400390625,16278.33984375,16287.009765625,0,2026-07-16 11:25:00
16286.8603515625,16292.400390625,16278.26953125,16281.650390625,0,2026-07-16 11:30:00
16284.830078125,16293.5595703125,16280.3896484375,16280.900390625,0,2026-07-16 11:35:00
16282.08984375,16301.01953125,16282.08984375,16294.599609375,0,2026-07-16 11:40:00
16295.759765625,16298.91015625,16265.900390625,16265.900390625,0,2026-07-16 11:45:00
16264.919921875,16283.3798828125,16264.259765625,16283.3798828125,0,2026-07-16 11:50:00
16281.7900390625,16287.8798828125,16276.150390625,16286.5302734375,0,2026-07-16 11:55:00
16287.0498046875,16295.6201171875,16274.4697265625,16292.830078125,0,2026-07-16 12:00:00
16292.6201171875,16294.7900390625,16281.2001953125,16285.900390625,0,2026-07-16 12:05:00
16285.900390625,16289.6103515625,16254.1396484375,16264.5498046875,0,2026-07-16 12:10:00
16265.8203125,16268.1904296875,16254.9697265625,16265.41015625,0,2026-07-16 12:15:00
16264.919921875,16268.73046875,16251.7099609375,16253.5302734375,0,2026-07-16 12:20:00
16255.4296875,16259.5302734375,16246.9501953125,16252.849609375,0,2026-07-16 12:25:00
16251.8095703125,16265.6396484375,16247.7197265625,16262.400390625,0,2026-07-16 12:30:00
16260.5703125,16266.6298828125,16231.7099609375,16232.8603515625,0,2026-07-16 12:35:00
16232.41015625,16235.080078125,16216.76953125,16227.330078125,0,2026-07-16 12:40:00
16226.83984375,16242.08984375,16223.98046875,16235.900390625,0,2026-07-16 12:45:00
16236.4404296875,16256.7001953125,16233.4697265625,16249.7900390625,0,2026-07-16 12:50:00
16250.98046875,16257.25,16239.2802734375,16244.5,0,2026-07-16 12:55:00
16245.419921875,16264.919921875,16241.48046875,16242.0,0,2026-07-16 13:00:00
16247.4599609375,16280.1396484375,16235.4296875,16277.1201171875,0,2026-07-16 13:05:00
16275.900390625,16275.900390625,16245.8798828125,16261.0595703125,0,2026-07-16 13:10:00
16261.0595703125,16280.4501953125,16257.73046875,16276.900390625,0,2026-07-16 13:15:00
16276.5302734375,16283.23046875,16265.2197265625,16281.6298828125,0,2026-07-16 13:20:00
16280.6298828125,16287.7001953125,16273.650390625,16286.7998046875,0,2026-07-16 13:25:00
16285.6201171875,16287.2998046875,16274.0400390625,16279.08984375,0,2026-07-16 13:30:00
16281.2001953125,16285.6103515625,16270.8095703125,16285.2998046875,0,2026-07-16 13:35:00
16283.8798828125,16294.76953125,16275.5,16284.26953125,0,2026-07-16 13:40:00
16289.080078125,16289.080078125,16270.6904296875,16280.0,0,2026-07-16 13:45:00
16281.009765625,16283.0703125,16268.849609375,16278.900390625,0,2026-07-16 13:50:00
16278.900390625,16302.1201171875,16271.599609375,16300.150390625,0,2026-07-16 13:55:00
16301.6396484375,16327.9697265625,16300.26953125,16310.6298828125,0,2026-07-16 14:00:00
16310.33984375,16317.2900390625,16304.1904296875,16312.1396484375,0,2026-07-16 14:05:00
16310.099609375,16326.33984375,16307.900390625,16320.16015625,0,2026-07-16 14:10:00
16313.48046875,16330.099609375,16296.8603515625,16308.5302734375,0,2026-07-16 14:15:00
16308.91015625,16312.91015625,16285.900390625,16304.830078125,0,2026-07-16 14:20:00
16306.23046875,16322.51953125,16298.5595703125,16319.66015625,0,2026-07-16 14:25:00
16319.0703125,16324.400390625,16301.9296875,16308.7900390625,0,2026-07-16 14:30:00
16307.16015625,16317.330078125,16304.8603515625,16311.1298828125,0,2026-07-16 14:35:00
16312.4697265625,16320.1796875,16300.33984375,16303.5703125,0,2026-07-16 14:40:00
16304.1201171875,16316.01953125,16290.9296875,16305.1796875,0,2026-07-16 14:45:00
16303.8701171875,16315.849609375,16301.330078125,16310.5595703125,0,2026-07-16 14:50:00
16310.26953125,16322.9501953125,16305.58984375,16319.26953125,0,2026-07-16 14:55:00
16317.169921875,16317.169921875,16153.9501953125,16153.9501953125,0,2026-07-17 06:55:00
16153.9501953125,16170.8603515625,16129.7197265625,16162.51953125,0,2026-07-17 07:00:00
16167.509765625,16171.23046875,16127.240234375,16133.0498046875,0,2026-07-17 07:05:00
16134.98046875,16137.8798828125,16084.7099609375,16092.83984375,0,2026-07-17 07:10:00
16094.83984375,16096.919921875,16033.9501953125,16035.669921875,0,2026-07-17 07:15:00
16039.51953125,16082.3603515625,16034.51953125,16079.0703125,0,2026-07-17 07:20:00
16078.5498046875,16089.6103515625,16065.509765625,16077.8798828125,0,2026-07-17 07:25:00
16070.1396484375,16085.8603515625,16059.73046875,16073.9501953125,0,2026-07-17 07:30:00
16075.169921875,16083.259765625,16064.990234375,16069.33984375,0,2026-07-17 07:35:00
16069.2998046875,16074.759765625,16039.9599609375,16053.240234375,0,2026-07-17 07:40:00
16053.58984375,16075.5703125,16043.7998046875,16074.41015625,0,2026-07-17 07:45:00
16069.4404296875,16074.5302734375,16047.3203125,16054.2099609375,0,2026-07-17 07:50:00
16055.400390625,16062.5400390625,16039.580078125,16045.259765625,0,2026-07-17 07:55:00
16043.6396484375,16052.83984375,16035.76953125,16047.2197265625,0,2026-07-17 08:00:00
16048.080078125,16048.080078125,16015.6103515625,16026.75,0,2026-07-17 08:05:00
16026.740234375,16028.830078125,16003.759765625,16009.73046875,0,2026-07-17 08:10:00
16010.2197265625,16017.7099609375,15999.849609375,16002.3603515625,0,2026-07-17 08:15:00
16004.7998046875,16009.1201171875,15981.0595703125,15990.1796875,0,2026-07-17 08:20:00
15985.5,15993.0400390625,15981.0595703125,15984.08984375,0,2026-07-17 08:25:00
15983.3095703125,16026.4697265625,15969.4697265625,16013.66015625,0,2026-07-17 08:30:00
16013.83984375,16013.83984375,15963.8603515625,15977.1904296875,0,2026-07-17 08:35:00
15978.4404296875,15998.7900390625,15973.5595703125,15994.1904296875,0,2026-07-17 08:40:00
15995.1103515625,15996.7900390625,15979.9501953125,15988.4404296875,0,2026-07-17 08:45:00
15986.1904296875,15987.8603515625,15976.2998046875,15986.26953125,0,2026-07-17 08:50:00
15984.48046875,15999.6201171875,15981.2197265625,15993.740234375,0,2026-07-17 08:55:00
15993.7099609375,15997.099609375,15981.2900390625,15993.599609375,0,2026-07-17 09:00:00
15994.5498046875,16012.3896484375,15992.2099609375,16003.599609375,0,2026-07-17 09:05:00
16003.3603515625,16012.419921875,15998.2900390625,16009.3896484375,0,2026-07-17 09:10:00
16010.6904296875,16015.25,15989.169921875,15996.919921875,0,2026-07-17 09:15:00
15993.5,16006.01953125,15986.3798828125,16006.01953125,0,2026-07-17 09:20:00
16004.7998046875,16022.2900390625,16000.9404296875,16017.9296875,0,2026-07-17 09:25:00
16019.6796875,16022.66015625,15994.400390625,15999.8095703125,0,2026-07-17 09:30:00
15999.7099609375,16001.33984375,15982.7001953125,15986.419921875,0,2026-07-17 09:35:00
15988.01953125,15988.25,15959.3701171875,15960.509765625,0,2026-07-17 09:40:00
15960.83984375,15978.7001953125,15954.76953125,15972.4599609375,0,2026-07-17 09:45:00
15972.58984375,15979.3203125,15965.150390625,15977.58984375,0,2026-07-17 09:50:00
15979.76953125,15984.4599609375,15971.8603515625,15980.2802734375,0,2026-07-17 09:55:00
15979.75,15983.3701171875,15968.01953125,15980.0302734375,0,2026-07-17 10:00:00
15979.490234375,15981.7197265625,15958.1298828125,15960.08984375,0,2026-07-17 10:05:00
15955.580078125,15960.4501953125,15947.76953125,15950.400390625,0,2026-07-17 10:10:00
15950.080078125,15958.8798828125,15949.2802734375,15956.509765625,0,2026-07-17 10:15:00
15956.3203125,15960.01953125,15943.900390625,15948.98046875,0,2026-07-17 10:20:00
15949.4501953125,15964.7802734375,15944.9501953125,15955.669921875,0,2026-07-17 10:25:00
15956.2197265625,15970.3701171875,15953.58984375,15966.490234375,0,2026-07-17 10:30:00
15966.080078125,15978.7802734375,15966.080078125,15976.919921875,0,2026-07-17 10:35:00
15975.419921875,15981.1298828125,15963.01953125,15972.4599609375,0,2026-07-17 10:40:00
15974.58984375,15974.8896484375,15961.599609375,15972.26953125,0,2026-07-17 10:45:00
15971.2001953125,15973.1201171875,15960.75,15963.1396484375,0,2026-07-17 10:50:00
15962.599609375,15976.51953125,15962.01953125,15969.650390625,0,2026-07-17 10:55:00
15968.2900390625,15968.2900390625,15958.16015625,15960.169921875,0,2026-07-17 11:00:00
15959.51953125,15962.7998046875,15951.740234375,15957.5,0,2026-07-17 11:05:00
15955.5,15964.9599609375,15954.8095703125,15957.9697265625,0,2026-07-17 11:10:00
15959.7197265625,15974.599609375,15951.240234375,15971.9697265625,0,2026-07-17 11:15:00
15970.48046875,15977.259765625,15966.490234375,15969.169921875,0,2026-07-17 11:20:00
15971.48046875,15972.75,15950.5498046875,15954.0302734375,0,2026-07-17 11:25:00
15953.8701171875,15955.4697265625,15939.259765625,15951.48046875,0,2026-07-17 11:30:00
15951.1396484375,15960.8603515625,15948.830078125,15954.740234375,0,2026-07-17 11:35:00
15958.6298828125,15963.169921875,15950.5703125,15955.349609375,0,2026-07-17 11:40:00
15956.3798828125,15979.58984375,15952.1796875,15975.830078125,0,2026-07-17 11:45:00
15975.150390625,15978.58984375,15955.009765625,15968.900390625,0,2026-07-17 11:50:00
15968.240234375,15980.91015625,15962.3203125,15977.3896484375,0,2026-07-17 11:55:00
15977.5498046875,15979.1298828125,15971.2197265625,15977.740234375,0,2026-07-17 12:00:00
15977.2001953125,15986.900390625,15971.6904296875,15980.3203125,0,2026-07-17 12:05:00
15979.0,15991.25,15971.6201171875,15979.580078125,0,2026-07-17 12:10:00
15981.0595703125,15984.6904296875,15964.3203125,15964.3203125,0,2026-07-17 12:15:00
15964.3203125,15975.73046875,15959.6298828125,15963.9296875,0,2026-07-17 12:20:00
15963.6201171875,15965.7900390625,15944.2001953125,15957.01953125,0,2026-07-17 12:25:00
15959.1201171875,15975.2998046875,15957.1201171875,15962.2802734375,0,2026-07-17 12:30:00
15962.1796875,15982.1298828125,15957.599609375,15979.91015625,0,2026-07-17 12:35:00
15980.1796875,15985.4501953125,15971.4697265625,15974.7802734375,0,2026-07-17 12:40:00
15976.2802734375,15978.3095703125,15965.01953125,15968.830078125,0,2026-07-17 12:45:00
15968.669921875,15979.7802734375,15967.66015625,15974.6796875,0,2026-07-17 12:50:00
15974.2900390625,15978.0498046875,15965.3095703125,15972.6201171875,0,2026-07-17 12:55:00
15972.3203125,15975.0703125,15958.8203125,15960.5498046875,0,2026-07-17 13:00:00
15962.3203125,15975.0302734375,15957.740234375,15971.759765625,0,2026-07-17 13:05:00
15971.759765625,15974.009765625,15966.01953125,15970.5703125,0,2026-07-17 13:10:00
15971.2802734375,15980.9296875,15968.4697265625,15975.6201171875,0,2026-07-17 13:15:00
15977.1103515625,15982.0595703125,15965.75,15969.2802734375,0,2026-07-17 13:20:00
15969.3603515625,15984.4697265625,15967.8603515625,15979.1904296875,0,2026-07-17 13:25:00
15978.0498046875,15990.919921875,15972.830078125,15984.0595703125,0,2026-07-17 13:30:00
15981.9296875,15992.2900390625,15979.6201171875,15990.2099609375,0,2026-07-17 13:35:00
15990.009765625,16004.83984375,15972.6201171875,15982.419921875,0,2026-07-17 13:40:00
15983.16015625,16014.9404296875,15980.2802734375,16014.5302734375,0,2026-07-17 13:45:00
16014.240234375,16021.8798828125,16008.259765625,16009.900390625,0,2026-07-17 13:50:00
16010.9501953125,16049.330078125,16010.6298828125,16047.1201171875,0,2026-07-17 13:55:00
16045.7802734375,16052.099609375,16031.419921875,16032.919921875,0,2026-07-17 14:00:00
16031.650390625,16031.650390625,16003.009765625,16005.8896484375,0,2026-07-17 14:05:00
16004.8203125,16010.1796875,15995.240234375,16000.740234375,0,2026-07-17 14:10:00
16000.740234375,16011.3203125,15998.23046875,16005.5,0,2026-07-17 14:15:00
16004.1904296875,16021.6103515625,15992.5703125,16019.33984375,0,2026-07-17 14:20:00
16019.0,16033.66015625,16009.2001953125,16014.1201171875,0,2026-07-17 14:25:00
16014.5703125,16016.5400390625,15976.41015625,15988.3701171875,0,2026-07-17 14:30:00
15988.3701171875,16004.5302734375,15984.3701171875,15995.8701171875,0,2026-07-17 14:35:00
15995.5,16004.4501953125,15962.6396484375,15962.6396484375,0,2026-07-17 14:40:00
15963.58984375,15965.4599609375,15940.5498046875,15953.23046875,0,2026-07-17 14:45:00
15953.419921875,15959.6103515625,15924.1298828125,15932.419921875,0,2026-07-17 14:50:00
15934.3095703125,15946.5498046875,15929.5,15941.2802734375,0,2026-07-17 14:55:00
15961.849609375,15961.849609375,15883.7998046875,15883.7998046875,0,2026-07-20 06:55:00
15883.7998046875,15901.1904296875,15857.009765625,15893.6796875,0,2026-07-20 07:00:00
15889.580078125,15933.900390625,15870.2001953125,15872.7998046875,0,2026-07-20 07:05:00
15872.73046875,15884.4697265625,15865.849609375,15879.3701171875,0,2026-07-20 07:10:00
15876.0595703125,15907.9404296875,15871.8701171875,15889.8095703125,0,2026-07-20 07:15:00
15891.25,15927.51953125,15868.75,15927.51953125,0,2026-07-20 07:20:00
15925.33984375,15978.73046875,15916.6103515625,15975.3896484375,0,2026-07-20 07:25:00
15977.23046875,16044.9404296875,15967.599609375,16017.9501953125,0,2026-07-20 07:30:00
16025.8798828125,16071.9296875,15951.349609375,15974.8798828125,0,2026-07-20 07:35:00
15970.0498046875,15974.7998046875,15945.41015625,15964.26953125,0,2026-07-20 07:40:00
15962.2001953125,15990.5595703125,15962.2001953125,15979.2099609375,0,2026-07-20 07:45:00
15978.509765625,15992.5703125,15963.580078125,15992.5703125,0,2026-07-20 07:50:00
15992.9296875,16019.9404296875,15989.3798828125,16005.91015625,0,2026-07-20 07:55:00
16003.98046875,16008.9501953125,15981.7900390625,15984.580078125,0,2026-07-20 08:00:00
15983.7197265625,15983.7197265625,15949.5,15959.1103515625,0,2026-07-20 08:05:00
15961.0400390625,15969.650390625,15952.3798828125,15965.6904296875,0,2026-07-20 08:10:00
15965.26953125,15987.8203125,15964.73046875,15986.2802734375,0,2026-07-20 08:15:00
15986.5,15989.330078125,15965.5703125,15980.509765625,0,2026-07-20 08:20:00
15981.5498046875,15992.6201171875,15977.6201171875,15989.5498046875,0,2026-07-20 08:25:00
15987.759765625,15990.009765625,15960.509765625,15968.1396484375,0,2026-07-20 08:30:00
15968.3701171875,15978.009765625,15954.33984375,15967.419921875,0,2026-07-20 08:35:00
15964.599609375,15977.5400390625,15954.25,15960.3603515625,0,2026-07-20 08:40:00
15960.1103515625,15962.330078125,15944.5400390625,15958.4697265625,0,2026-07-20 08:45:00
15959.099609375,15962.91015625,15950.830078125,15954.01953125,0,2026-07-20 08:50:00
15952.6796875,15966.0302734375,15952.169921875,15959.599609375,0,2026-07-20 08:55:00
15958.0498046875,15993.900390625,15954.2001953125,15970.3095703125,0,2026-07-20 09:00:00
15972.3095703125,15975.5400390625,15948.9501953125,15963.98046875,0,2026-07-20 09:05:00
15964.8203125,15982.4599609375,15959.8203125,15977.6396484375,0,2026-07-20 09:10:00
15975.6796875,15997.099609375,15971.830078125,15982.8701171875,0,2026-07-20 09:15:00
15984.900390625,15993.0400390625,15973.75,15990.2001953125,0,2026-07-20 09:20:00
15990.740234375,16014.9599609375,15988.9599609375,16012.58984375,0,2026-07-20 09:25:00
16012.48046875,16025.08984375,16005.8203125,16023.2001953125,0,2026-07-20 09:30:00
16022.919921875,16047.0498046875,16016.8095703125,16045.0,0,2026-07-20 09:35:00
16044.240234375,16050.8203125,16040.490234375,16047.419921875,0,2026-07-20 09:40:00
16049.4599609375,16052.6396484375,16038.8203125,16048.900390625,0,2026-07-20 09:45:00
16047.5400390625,16050.6396484375,16025.759765625,16038.33984375,0,2026-07-20 09:50:00
16039.0400390625,16044.490234375,16034.0703125,16042.6904296875,0,2026-07-20 09:55:00
16041.650390625,16053.2001953125,16041.26953125,16050.0703125,0,2026-07-20 10:00:00
16051.8798828125,16063.009765625,16049.7998046875,16055.0302734375,0,2026-07-20 10:05:00
16056.3701171875,16070.0,16053.419921875,16059.48046875,0,2026-07-20 10:10:00
16061.0703125,16065.8701171875,16054.0302734375,16058.6298828125,0,2026-07-20 10:15:00
16058.5302734375,16059.7900390625,16045.1298828125,16051.669921875,0,2026-07-20 10:20:00
16053.5,16064.0302734375,16046.5498046875,16062.16015625,0,2026-07-20 10:25:00
16063.5703125,16070.0,16055.1298828125,16065.9697265625,0,2026-07-20 10:30:00
16068.330078125,16071.330078125,16062.51953125,16069.1904296875,0,2026-07-20 10:35:00
16069.740234375,16081.2802734375,16061.83984375,16078.58984375,0,2026-07-20 10:40:00
16079.6201171875,16086.7900390625,16074.9599609375,16085.1396484375,0,2026-07-20 10:45:00
16084.919921875,16103.6904296875,16083.9599609375,16101.8203125,0,2026-07-20 10:50:00
16100.8203125,16114.7998046875,16095.5595703125,16102.7802734375,0,2026-07-20 10:55:00
16103.23046875,16125.5302734375,16103.23046875,16119.259765625,0,2026-07-20 11:00:00
16119.259765625,16127.7802734375,16098.849609375,16103.669921875,0,2026-07-20 11:05:00
16102.9501953125,16133.1796875,16100.66015625,16133.1796875,0,2026-07-20 11:10:00
16132.5498046875,16137.51953125,16110.650390625,16114.7998046875,0,2026-07-20 11:15:00
16113.4404296875,16115.080078125,16099.1396484375,16104.8603515625,0,2026-07-20 11:20:00
16107.51953125,16114.2197265625,16098.2900390625,16111.009765625,0,2026-07-20 11:25:00
16110.830078125,16156.5400390625,16110.73046875,16150.900390625,0,2026-07-20 11:30:00
16148.8203125,16164.1201171875,16147.099609375,16159.25,0,2026-07-20 11:35:00
16159.419921875,16170.2197265625,16155.2197265625,16167.740234375,0,2026-07-20 11:40:00
16167.740234375,16177.0595703125,16164.6103515625,16171.150390625,0,2026-07-20 11:45:00
16173.5,16180.650390625,16164.919921875,16174.4296875,0,2026-07-20 11:50:00
16174.5703125,16192.6904296875,16170.5595703125,16177.009765625,0,2026-07-20 11:55:00
16175.5,16187.400390625,16143.1904296875,16167.0595703125,0,2026-07-20 12:00:00
16164.6796875,16185.6904296875,16161.259765625,16177.5498046875,0,2026-07-20 12:05:00
16178.1904296875,16203.150390625,16163.3701171875,16194.990234375,0,2026-07-20 12:10:00
16194.2001953125,16198.7001953125,16182.580078125,16194.7001953125,0,2026-07-20 12:15:00
16195.509765625,16197.25,16171.41015625,16174.0302734375,0,2026-07-20 12:20:00
16174.08984375,16178.080078125,16168.419921875,16174.1396484375,0,2026-07-20 12:25:00
16174.759765625,16186.2001953125,16169.830078125,16176.41015625,0,2026-07-20 12:30:00
16174.23046875,16187.6298828125,16171.8095703125,16178.0400390625,0,2026-07-20 12:35:00
16178.0400390625,16184.7900390625,16147.23046875,16147.23046875,0,2026-07-20 12:40:00
16147.5400390625,16157.509765625,16140.8798828125,16152.0,0,2026-07-20 12:45:00
16152.0,16153.4697265625,16142.490234375,16146.7197265625,0,2026-07-20 12:50:00
16146.3095703125,16149.51953125,16140.0400390625,16146.7001953125,0,2026-07-20 12:55:00
16147.7099609375,16152.169921875,16124.8603515625,16129.4296875,0,2026-07-20 13:00:00
16129.7802734375,16131.48046875,16116.26953125,16121.1796875,0,2026-07-20 13:05:00
16122.3603515625,16124.400390625,16103.9404296875,16104.8095703125,0,2026-07-20 13:10:00
16106.2998046875,16115.740234375,16090.5703125,16115.740234375,0,2026-07-20 13:15:00
16112.41015625,16113.4697265625,16092.4404296875,16105.73046875,0,2026-07-20 13:20:00
16106.0703125,16112.23046875,16096.3203125,16109.8896484375,0,2026-07-20 13:25:00
16109.26953125,16120.150390625,16103.3701171875,16105.2802734375,0,2026-07-20 13:30:00
16106.349609375,16109.990234375,16100.6904296875,16102.4599609375,0,2026-07-20 13:35:00
16102.0400390625,16106.349609375,16088.73046875,16094.580078125,0,2026-07-20 13:40:00
16096.48046875,16096.830078125,16067.2802734375,16079.58984375,0,2026-07-20 13:45:00
16077.240234375,16103.8095703125,16074.740234375,16087.580078125,0,2026-07-20 13:50:00
16087.9404296875,16094.650390625,16079.0703125,16083.9296875,0,2026-07-20 13:55:00
16084.98046875,16102.5,16077.490234375,16098.98046875,0,2026-07-20 14:00:00
16098.98046875,16107.9501953125,16089.509765625,16104.3203125,0,2026-07-20 14:05:00
16104.9599609375,16121.669921875,16102.599609375,16111.419921875,0,2026-07-20 14:10:00
16111.419921875,16111.419921875,16095.5595703125,16102.0400390625,0,2026-07-20 14:15:00
16100.6103515625,16113.6201171875,16085.9501953125,16108.33984375,0,2026-07-20 14:20:00
16107.2001953125,16107.740234375,16088.490234375,16092.169921875,0,2026-07-20 14:25:00
16093.58984375,16093.58984375,16068.1298828125,16071.2998046875,0,2026-07-20 14:30:00
16073.1201171875,16095.7900390625,16071.169921875,16085.76953125,0,2026-07-20 14:35:00
16085.259765625,16093.1201171875,16076.7099609375,16086.0302734375,0,2026-07-20 14:40:00
16088.6396484375,16090.349609375,16080.0595703125,16080.599609375,0,2026-07-20 14:45:00
16081.58984375,16088.5302734375,16077.7998046875,16083.4404296875,0,2026-07-20 14:50:00
16084.169921875,16093.2900390625,16081.6904296875,16090.1201171875,0,2026-07-20 14:55:00
16077.91015625,16077.91015625,16054.76953125,16054.76953125,0,2026-07-21 06:55:00
16054.76953125,16099.2099609375,16045.580078125,16046.26953125,0,2026-07-21 07:00:00
16046.349609375,16046.349609375,16004.740234375,16017.080078125,0,2026-07-21 07:05:00
16017.5302734375,16054.509765625,16015.08984375,16026.259765625,0,2026-07-21 07:10:00
16026.0595703125,16069.099609375,16022.6201171875,16066.740234375,0,2026-07-21 07:15:00
16066.349609375,16074.0,16053.759765625,16054.26953125,0,2026-07-21 07:20:00
16055.3798828125,16068.8798828125,16037.48046875,16068.16015625,0,2026-07-21 07:25:00
16065.330078125,16106.099609375,16054.099609375,16104.5,0,2026-07-21 07:30:00
16104.25,16112.8896484375,16091.8603515625,16100.3095703125,0,2026-07-21 07:35:00
16100.2900390625,16112.16015625,16093.6904296875,16106.3095703125,0,2026-07-21 07:40:00
16105.76953125,16109.509765625,16062.4599609375,16080.76953125,0,2026-07-21 07:45:00
16080.9404296875,16087.7802734375,16062.080078125,16065.080078125,0,2026-07-21 07:50:00
16065.9501953125,16070.5,16051.01953125,16053.6103515625,0,2026-07-21 07:55:00
16054.8203125,16068.6298828125,16040.830078125,16046.7802734375,0,2026-07-21 08:00:00
16045.7900390625,16049.349609375,16026.4599609375,16027.9697265625,0,2026-07-21 08:05:00
16027.900390625,16034.48046875,16014.4501953125,16031.3798828125,0,2026-07-21 08:10:00
16032.6103515625,16046.580078125,16028.240234375,16042.5302734375,0,2026-07-21 08:15:00
16042.2197265625,16044.9404296875,16030.0,16044.7197265625,0,2026-07-21 08:20:00
16044.0595703125,16047.8603515625,16026.7001953125,16031.400390625,0,2026-07-21 08:25:00
16032.5498046875,16039.849609375,16026.4599609375,16033.1396484375,0,2026-07-21 08:30:00
16033.6796875,16041.669921875,16025.6796875,16032.16015625,0,2026-07-21 08:35:00
16032.8203125,16050.4404296875,16031.009765625,16046.0302734375,0,2026-07-21 08:40:00
16046.8701171875,16055.9296875,16042.509765625,16054.3896484375,0,2026-07-21 08:45:00
16054.25,16055.7197265625,16042.900390625,16050.2802734375,0,2026-07-21 08:50:00
16051.9404296875,16051.9404296875,16034.8603515625,16046.419921875,0,2026-07-21 08:55:00
16046.6796875,16051.6396484375,16039.5400390625,16049.0302734375,0,2026-07-21 09:00:00
16048.9697265625,16068.259765625,16045.4599609375,16063.5,0,2026-07-21 09:05:00
16064.6201171875,16072.990234375,16050.3701171875,16055.83984375,0,2026-07-21 09:10:00
16057.0498046875,16071.1298828125,16054.9404296875,16066.2900390625,0,2026-07-21 09:15:00
16066.58984375,16072.6201171875,16053.4296875,16058.23046875,0,2026-07-21 09:20:00
16057.9501953125,16059.259765625,16043.509765625,16048.76953125,0,2026-07-21 09:25:00
16046.849609375,16051.009765625,16027.7197265625,16029.73046875,0,2026-07-21 09:30:00
16029.0595703125,16031.66015625,16011.5302734375,16019.8896484375,0,2026-07-21 09:35:00
16020.3603515625,16026.48046875,16013.2802734375,16023.4697265625,0,2026-07-21 09:40:00
16024.5595703125,16036.990234375,16021.5400390625,16035.83984375,0,2026-07-21 09:45:00
16037.98046875,16040.3203125,16028.349609375,16033.6396484375,0,2026-07-21 09:50:00
16033.23046875,16040.6396484375,16027.8095703125,16038.3095703125,0,2026-07-21 09:55:00
16038.66015625,16045.08984375,16032.400390625,16035.4501953125,0,2026-07-21 10:00:00
16035.5,16065.669921875,16023.990234375,16040.2998046875,0,2026-07-21 10:05:00
16037.7001953125,16069.3798828125,16025.2197265625,16057.9404296875,0,2026-07-21 10:10:00
16056.9501953125,16086.8798828125,16043.7001953125,16080.5595703125,0,2026-07-21 10:15:00
16080.3603515625,16093.2802734375,16070.740234375,16093.2802734375,0,2026-07-21 10:20:00
16089.8798828125,16095.6103515625,16070.7802734375,16081.1396484375,0,2026-07-21 10:25:00
16081.650390625,16096.8095703125,16069.7197265625,16079.91015625,0,2026-07-21 10:30:00
16081.1103515625,16090.8095703125,16070.5,16075.76953125,0,2026-07-21 10:35:00
16074.5400390625,16090.41015625,16058.26953125,16086.6396484375,0,2026-07-21 10:40:00
16086.3603515625,16102.26953125,16079.75,16092.4404296875,0,2026-07-21 10:45:00
16093.509765625,16133.3203125,16088.5,16113.740234375,0,2026-07-21 10:50:00
16112.900390625,16156.7197265625,16097.6796875,16151.48046875,0,2026-07-21 10:55:00
16156.2099609375,16162.7099609375,16115.25,16118.91015625,0,2026-07-21 11:00:00
16120.3896484375,16134.6298828125,16113.599609375,16131.2900390625,0,2026-07-21 11:05:00
16133.0498046875,16133.8896484375,16071.73046875,16073.669921875,0,2026-07-21 11:10:00
16070.419921875,16070.419921875,16024.7900390625,16030.849609375,0,2026-07-21 11:15:00
16030.759765625,16044.1103515625,16001.8203125,16022.0,0,2026-07-21 11:20:00
16022.0,16024.25,15990.4697265625,15991.8095703125,0,2026-07-21 11:25:00
15993.2802734375,16006.7001953125,15981.8603515625,15990.7900390625,0,2026-07-21 11:30:00
15992.1103515625,16002.0400390625,15983.91015625,15999.7001953125,0,2026-07-21 11:35:00
16000.08984375,16007.1904296875,15992.6904296875,16001.1796875,0,2026-07-21 11:40:00
16001.51953125,16001.58984375,15988.0703125,15993.5,0,2026-07-21 11:45:00
15993.23046875,15993.8701171875,15952.7001953125,15952.830078125,0,2026-07-21 11:50:00
15955.900390625,15956.7197265625,15937.76953125,15938.150390625,0,2026-07-21 11:55:00
15939.1298828125,15955.0498046875,15937.8203125,15951.3203125,0,2026-07-21 12:00:00
15951.6103515625,15959.1103515625,15941.6201171875,15944.099609375,0,2026-07-21 12:05:00
15944.7900390625,15961.759765625,15942.2900390625,15953.1201171875,0,2026-07-21 12:10:00
15953.240234375,15956.1201171875,15932.4296875,15934.830078125,0,2026-07-21 12:15:00
15935.2900390625,15949.830078125,15927.6396484375,15946.0400390625,0,2026-07-21 12:20:00
15946.2099609375,15947.150390625,15925.009765625,15926.0703125,0,2026-07-21 12:25:00
15926.33984375,15935.0703125,15910.41015625,15915.2099609375,0,2026-07-21 12:30:00
15915.0498046875,15916.2998046875,15895.580078125,15913.6201171875,0,2026-07-21 12:35:00
15910.75,15914.7998046875,15875.1103515625,15882.330078125,0,2026-07-21 12:40:00
15880.830078125,15907.8798828125,15875.669921875,15906.4697265625,0,2026-07-21 12:45:00
15907.240234375,15925.5400390625,15904.1298828125,15914.4697265625,0,2026-07-21 12:50:00
15912.25,15920.990234375,15908.990234375,15911.66015625,0,2026-07-21 12:55:00
15913.4501953125,15938.6201171875,15913.0595703125,15937.330078125,0,2026-07-21 13:00:00
15934.8798828125,15940.2001953125,15926.6201171875,15931.58984375,0,2026-07-21 13:05:00
15931.75,15946.669921875,15924.0,15940.6201171875,0,2026-07-21 13:10:00
15940.6796875,15957.2802734375,15933.580078125,15956.48046875,0,2026-07-21 13:15:00
15956.83984375,15963.990234375,15947.66015625,15950.9501953125,0,2026-07-21 13:20:00
15954.0498046875,15960.25,15944.9296875,15952.9501953125,0,2026-07-21 13:25:00
15952.990234375,15952.990234375,15930.9697265625,15944.1298828125,0,2026-07-21 13:30:00
15944.6796875,15945.3701171875,15920.1396484375,15932.990234375,0,2026-07-21 13:35:00
15930.58984375,15932.25,15898.400390625,15900.9599609375,0,2026-07-21 13:40:00
15900.9599609375,15944.16015625,15899.8095703125,15942.6396484375,0,2026-07-21 13:45:00
15940.25,15944.33984375,15917.150390625,15927.8603515625,0,2026-07-21 13:50:00
15928.9501953125,15928.9501953125,15912.7099609375,15917.4599609375,0,2026-07-21 13:55:00
15916.1103515625,15927.1298828125,15913.7001953125,15915.259765625,0,2026-07-21 14:00:00
15918.2197265625,15920.6396484375,15911.3701171875,15917.2099609375,0,2026-07-21 14:05:00
15917.2099609375,15934.9599609375,15913.8896484375,15932.3203125,0,2026-07-21 14:10:00
15934.4404296875,15934.4404296875,15918.51953125,15930.580078125,0,2026-07-21 14:15:00
15929.169921875,15940.830078125,15927.5,15937.6796875,0,2026-07-21 14:20:00
15937.7998046875,15943.509765625,15931.9599609375,15934.8798828125,0,2026-07-21 14:25:00
15936.009765625,15946.080078125,15931.41015625,15943.1796875,0,2026-07-21 14:30:00
15943.759765625,15945.3798828125,15909.6201171875,15910.0302734375,0,2026-07-21 14:35:00
15909.830078125,15921.1796875,15903.349609375,15919.650390625,0,2026-07-21 14:40:00
15919.3203125,15935.1796875,15915.16015625,15926.9296875,0,2026-07-21 14:45:00
15925.91015625,15929.8798828125,15917.0,15924.900390625,0,2026-07-21 14:50:00
15924.7099609375,15926.150390625,15915.900390625,15915.900390625,0,2026-07-21 14:55:00
15914.2099609375,15957.3701171875,15914.2099609375,15957.3701171875,0,2026-07-22 06:55:00
15957.3701171875,15958.8896484375,15901.990234375,15904.8095703125,0,2026-07-22 07:00:00
15902.8701171875,15911.1298828125,15873.759765625,15877.1201171875,0,2026-07-22 07:05:00
15879.8798828125,15920.3095703125,15875.009765625,15914.0703125,0,2026-07-22 07:10:00
15911.0703125,15980.83984375,15911.0703125,15976.4501953125,0,2026-07-22 07:15:00
15976.4697265625,15983.7802734375,15958.669921875,15976.7099609375,0,2026-07-22 07:20:00
15980.7099609375,15994.76953125,15964.400390625,15984.0,0,2026-07-22 07:25:00
15983.9296875,15988.7802734375,15890.1904296875,15890.1904296875,0,2026-07-22 07:30:00
15888.509765625,15892.7998046875,15852.169921875,15855.6298828125,0,2026-07-22 07:35:00
15856.73046875,15880.919921875,15852.3095703125,15878.8701171875,0,2026-07-22 07:40:00
15879.7197265625,15887.23046875,15866.0,15884.580078125,0,2026-07-22 07:45:00
15883.669921875,15889.08984375,15873.099609375,15888.8203125,0,2026-07-22 07:50:00
15888.2998046875,15912.0703125,15887.419921875,15900.8701171875,0,2026-07-22 07:55:00
15903.5302734375,15946.1396484375,15896.009765625,15946.1396484375,0,2026-07-22 08:00:00
15945.759765625,15949.349609375,15910.6796875,15937.580078125,0,2026-07-22 08:05:00
15937.33984375,15937.6298828125,15901.58984375,15903.6298828125,0,2026-07-22 08:10:00
15905.759765625,15926.5595703125,15900.5,15915.25,0,2026-07-22 08:15:00
15915.4599609375,15922.2001953125,15909.2802734375,15911.259765625,0,2026-07-22 08:20:00
15912.8701171875,15914.580078125,15903.66015625,15910.16015625,0,2026-07-22 08:25:00
15909.7802734375,15924.7802734375,15908.4404296875,15917.990234375,0,2026-07-22 08:30:00
15918.669921875,15922.7998046875,15900.51953125,15901.3896484375,0,2026-07-22 08:35:00
15901.2998046875,15912.76953125,15895.6796875,15905.990234375,0,2026-07-22 08:40:00
15906.2001953125,15908.5595703125,15890.919921875,15897.0302734375,0,2026-07-22 08:45:00
15894.400390625,15897.2900390625,15883.080078125,15889.8701171875,0,2026-07-22 08:50:00
15887.8603515625,15907.08984375,15886.990234375,15901.580078125,0,2026-07-22 08:55:00
15902.3203125,15932.4296875,15899.91015625,15927.7099609375,0,2026-07-22 09:00:00
15925.3203125,15942.4501953125,15924.3203125,15940.0703125,0,2026-07-22 09:05:00
15941.0703125,15959.5400390625,15934.7001953125,15956.5302734375,0,2026-07-22 09:10:00
15956.1298828125,15970.9501953125,15953.26953125,15969.1904296875,0,2026-07-22 09:15:00
15968.01953125,15978.900390625,15958.650390625,15961.25,0,2026-07-22 09:20:00
15959.8603515625,15965.1396484375,15950.4599609375,15962.76953125,0,2026-07-22 09:25:00
15961.1396484375,15964.3203125,15928.1201171875,15930.1298828125,0,2026-07-22 09:30:00
15929.7001953125,15939.6103515625,15920.4599609375,15921.240234375,0,2026-07-22 09:35:00
15921.4404296875,15925.849609375,15904.169921875,15917.3095703125,0,2026-07-22 09:40:00
15919.7099609375,15927.2099609375,15912.66015625,15917.6201171875,0,2026-07-22 09:45:00
15918.349609375,15921.3095703125,15900.7197265625,15909.26953125,0,2026-07-22 09:50:00
15910.83984375,15945.8701171875,15908.259765625,15942.4599609375,0,2026-07-22 09:55:00
15942.5498046875,15956.240234375,15936.3095703125,15941.4599609375,0,2026-07-22 10:00:00
15939.1201171875,15943.740234375,15933.3701171875,15941.41015625,0,2026-07-22 10:05:00
15941.6796875,15962.5595703125,15939.8203125,15950.98046875,0,2026-07-22 10:10:00
15951.3095703125,15966.8603515625,15945.8095703125,15965.6298828125,0,2026-07-22 10:15:00
15962.0302734375,15990.2802734375,15962.0302734375,15990.2802734375,0,2026-07-22 10:20:00
15988.490234375,15993.5400390625,15974.4599609375,15992.3798828125,0,2026-07-22 10:25:00
15990.58984375,15996.7802734375,15967.830078125,15967.830078125,0,2026-07-22 10:30:00
15967.48046875,15967.919921875,15944.7900390625,15950.2802734375,0,2026-07-22 10:35:00
15950.830078125,15957.7998046875,15947.580078125,15954.599609375,0,2026-07-22 10:40:00
15956.4501953125,15967.1103515625,15955.3798828125,15966.9404296875,0,2026-07-22 10:45:00
15964.9501953125,15966.3798828125,15953.5703125,15957.3798828125,0,2026-07-22 10:50:00
15957.1904296875,15969.8798828125,15953.8603515625,15953.8603515625,0,2026-07-22 10:55:00
15956.2900390625,15975.3603515625,15949.9404296875,15971.169921875,0,2026-07-22 11:00:00
15970.1396484375,15992.349609375,15966.830078125,15990.349609375,0,2026-07-22 11:05:00
15991.0703125,15998.9296875,15978.3095703125,15982.0703125,0,2026-07-22 11:10:00
15983.099609375,15990.75,15971.3896484375,15974.1396484375,0,2026-07-22 11:15:00
15974.2998046875,15987.8095703125,15968.8203125,15976.7099609375,0,2026-07-22 11:20:00
15975.58984375,15984.9404296875,15967.23046875,15969.580078125,0,2026-07-22 11:25:00
15970.33984375,15977.2001953125,15966.2900390625,15966.2900390625,0,2026-07-22 11:30:00
15967.16015625,15976.8203125,15961.98046875,15968.0302734375,0,2026-07-22 11:35:00
15968.7802734375,15970.5400390625,15935.8701171875,15936.7099609375,0,2026-07-22 11:40:00
15938.1796875,15967.7197265625,15934.98046875,15957.75,0,2026-07-22 11:45:00
15957.400390625,15970.2900390625,15939.1103515625,15940.150390625,0,2026-07-22 11:50:00
15941.25,15947.0595703125,15909.41015625,15913.76953125,0,2026-07-22 11:55:00
15913.48046875,15927.01953125,15906.830078125,15920.33984375,0,2026-07-22 12:00:00
15922.740234375,15947.4501953125,15917.3095703125,15940.5595703125,0,2026-07-22 12:05:00
15941.3095703125,15967.169921875,15934.6298828125,15964.41015625,0,2026-07-22 12:10:00
15962.91015625,15979.099609375,15952.83984375,15963.75,0,2026-07-22 12:15:00
15965.3798828125,15966.759765625,15938.759765625,15951.5595703125,0,2026-07-22 12:20:00
15951.58984375,15963.830078125,15947.2900390625,15963.009765625,0,2026-07-22 12:25:00
15961.98046875,16011.830078125,15960.169921875,16005.599609375,0,2026-07-22 12:30:00
16005.9404296875,16023.009765625,15982.4697265625,15986.599609375,0,2026-07-22 12:35:00
15984.83984375,15989.650390625,15962.9501953125,15980.3701171875,0,2026-07-22 12:40:00
15981.7099609375,15988.2197265625,15966.5595703125,15969.3095703125,0,2026-07-22 12:45:00
15971.58984375,15978.8896484375,15960.990234375,15969.08984375,0,2026-07-22 12:50:00
15969.08984375,15976.5498046875,15930.740234375,15963.01953125,0,2026-07-22 12:55:00
15964.4599609375,15986.099609375,15962.349609375,15982.740234375,0,2026-07-22 13:00:00
15984.5595703125,15985.6201171875,15962.1201171875,15966.8203125,0,2026-07-22 13:05:00
15967.509765625,15976.4697265625,15961.509765625,15965.400390625,0,2026-07-22 13:10:00
15964.330078125,15976.330078125,15958.2998046875,15967.009765625,0,2026-07-22 13:15:00
15966.830078125,15989.490234375,15955.419921875,15987.009765625,0,2026-07-22 13:20:00
15986.3798828125,16002.5595703125,15985.7001953125,15998.41015625,0,2026-07-22 13:25:00
16000.490234375,16031.4599609375,16000.490234375,16028.83984375,0,2026-07-22 13:30:00
16027.5,16035.3896484375,16007.4697265625,16017.4296875,0,2026-07-22 13:35:00
16016.5302734375,16029.9599609375,16007.3095703125,16027.51953125,0,2026-07-22 13:40:00
16026.9697265625,16044.08984375,16021.2001953125,16035.23046875,0,2026-07-22 13:45:00
16035.4296875,16040.0400390625,16020.66015625,16027.6396484375,0,2026-07-22 13:50:00
16028.7900390625,16040.1298828125,16018.099609375,16035.1396484375,0,2026-07-22 13:55:00
16036.3798828125,16087.080078125,16036.3798828125,16078.66015625,0,2026-07-22 14:00:00
16080.0703125,16123.1796875,16080.0703125,16115.33984375,0,2026-07-22 14:05:00
16117.5703125,16130.26953125,16098.830078125,16114.8798828125,0,2026-07-22 14:10:00
16115.080078125,16117.7802734375,16057.7099609375,16072.099609375,0,2026-07-22 14:15:00
16073.3896484375,16082.66015625,16063.7197265625,16082.33984375,0,2026-07-22 14:20:00
16081.3603515625,16084.830078125,16061.830078125,16065.4501953125,0,2026-07-22 14:25:00
16065.650390625,16077.51953125,16051.169921875,16051.5,0,2026-07-22 14:30:00
16053.0,16061.0498046875,16045.099609375,16048.759765625,0,2026-07-22 14:35:00
16048.5703125,16064.009765625,16043.51953125,16043.51953125,0,2026-07-22 14:40:00
16044.58984375,16081.3203125,16044.58984375,16073.6904296875,0,2026-07-22 14:45:00
16073.75,16096.8701171875,16069.83984375,16093.9697265625,0,2026-07-22 14:50:00
16094.0400390625,16094.0400390625,16067.76953125,16089.2998046875,0,2026-07-22 14:55:00
16104.6103515625,16105.3203125,16104.6103515625,16105.3203125,0,2026-07-23 06:55:00
16105.3203125,16120.9697265625,16052.7099609375,16067.3203125,0,2026-07-23 07:00:00
16072.26953125,16115.6298828125,16070.8203125,16098.330078125,0,2026-07-23 07:05:00
16098.1396484375,16128.8603515625,16088.080078125,16127.58984375,0,2026-07-23 07:10:00
16127.26953125,16130.400390625,16091.0498046875,16109.259765625,0,2026-07-23 07:15:00
16113.2099609375,16125.58984375,16105.75,16114.5703125,0,2026-07-23 07:20:00
16115.5498046875,16137.7900390625,16114.849609375,16134.5595703125,0,2026-07-23 07:25:00
16133.26953125,16135.1298828125,16105.9599609375,16110.009765625,0,2026-07-23 07:30:00
16110.73046875,16136.9296875,16110.419921875,16120.6904296875,0,2026-07-23 07:35:00
16119.900390625,16131.16015625,16110.3095703125,16127.4599609375,0,2026-07-23 07:40:00
16127.7900390625,16127.7900390625,16086.76953125,16091.0595703125,0,2026-07-23 07:45:00
16091.0498046875,16098.8896484375,16075.9697265625,16084.9296875,0,2026-07-23 07:50:00
16085.75,16108.2099609375,16072.0400390625,16098.98046875,0,2026-07-23 07:55:00
16100.4296875,16133.7900390625,16097.650390625,16129.349609375,0,2026-07-23 08:00:00
16130.08984375,16143.6201171875,16120.4501953125,16143.6201171875,0,2026-07-23 08:05:00
16144.3603515625,16154.23046875,16138.7197265625,16141.9599609375,0,2026-07-23 08:10:00
16142.2197265625,16146.580078125,16116.259765625,16125.75,0,2026-07-23 08:15:00
16127.1396484375,16128.8896484375,16104.08984375,16107.0595703125,0,2026-07-23 08:20:00
16103.5,16123.150390625,16103.5,16116.259765625,0,2026-07-23 08:25:00
16116.7900390625,16127.1396484375,16109.5595703125,16113.41015625,0,2026-07-23 08:30:00
16113.740234375,16119.1796875,16107.6103515625,16117.0498046875,0,2026-07-23 08:35:00
16117.169921875,16122.1298828125,16094.1201171875,16101.2900390625,0,2026-07-23 08:40:00
16102.48046875,16120.1103515625,16101.830078125,16112.9404296875,0,2026-07-23 08:45:00
16111.419921875,16113.9296875,16097.7802734375,16104.169921875,0,2026-07-23 08:50:00
16105.75,16126.4599609375,16103.41015625,16117.4599609375,0,2026-07-23 08:55:00
16116.7001953125,16134.1396484375,16113.349609375,16133.2001953125,0,2026-07-23 09:00:00
16134.16015625,16134.76953125,16115.58984375,16120.4697265625,0,2026-07-23 09:05:00
16120.3095703125,16136.669921875,16115.259765625,16121.1298828125,0,2026-07-23 09:10:00
16119.990234375,16135.3603515625,16118.25,16128.650390625,0,2026-07-23 09:15:00
16128.01953125,16136.8701171875,16120.1103515625,16132.8095703125,0,2026-07-23 09:20:00
16132.2802734375,16143.98046875,16128.5302734375,16142.51953125,0,2026-07-23 09:25:00
16142.3701171875,16145.6396484375,16132.2802734375,16137.150390625,0,2026-07-23 09:30:00
16137.0,16150.4296875,16134.83984375,16146.0,0,2026-07-23 09:35:00
16146.83984375,16161.01953125,16142.6396484375,16156.7900390625,0,2026-07-23 09:40:00
16161.0595703125,16174.6904296875,16158.3701171875,16163.33984375,0,2026-07-23 09:45:00
16165.2900390625,16176.669921875,16153.580078125,16162.669921875,0,2026-07-23 09:50:00
16163.349609375,16169.580078125,16158.08984375,16165.900390625,0,2026-07-23 09:55:00
16166.5595703125,16173.2802734375,16159.7802734375,16160.9501953125,0,2026-07-23 10:00:00
16160.919921875,16169.0703125,16155.83984375,16163.1298828125,0,2026-07-23 10:05:00
16163.5595703125,16166.7900390625,16150.3203125,16150.91015625,0,2026-07-23 10:10:00
16151.7197265625,16160.73046875,16151.41015625,16153.9296875,0,2026-07-23 10:15:00
16154.08984375,16155.419921875,16145.91015625,16151.5595703125,0,2026-07-23 10:20:00
16152.4296875,16157.900390625,16140.23046875,16140.5703125,0,2026-07-23 10:25:00
16139.91015625,16145.5302734375,16132.6103515625,16136.51953125,0,2026-07-23 10:30:00
16136.8203125,16142.26953125,16128.08984375,16138.0400390625,0,2026-07-23 10:35:00
16137.9697265625,16157.58984375,16132.240234375,16151.8203125,0,2026-07-23 10:40:00
16153.4404296875,16164.6396484375,16147.7998046875,16163.1103515625,0,2026-07-23 10:45:00
16161.849609375,16182.2802734375,16148.900390625,16179.9697265625,0,2026-07-23 10:50:00
16180.0,16180.25,16158.8603515625,16166.5302734375,0,2026-07-23 10:55:00
16164.66015625,16166.419921875,16133.4501953125,16156.5595703125,0,2026-07-23 11:00:00
16156.6298828125,16205.7802734375,16145.080078125,16198.0498046875,0,2026-07-23 11:05:00
16200.26953125,16208.259765625,16132.98046875,16134.9501953125,0,2026-07-23 11:10:00
16136.0400390625,16140.1201171875,16102.1904296875,16102.8095703125,0,2026-07-23 11:15:00
16097.26953125,16126.169921875,16096.8896484375,16108.2802734375,0,2026-07-23 11:20:00
16100.5595703125,16108.0498046875,16074.6396484375,16076.2099609375,0,2026-07-23 11:25:00
16076.169921875,16092.0498046875,16068.5302734375,16074.9501953125,0,2026-07-23 11:30:00
16077.0703125,16085.3603515625,16063.4296875,16078.5703125,0,2026-07-23 11:35:00
16077.1796875,16079.150390625,16058.9697265625,16068.26953125,0,2026-07-23 11:40:00
16068.759765625,16086.9697265625,16065.259765625,16086.9697265625,0,2026-07-23 11:45:00
16087.76953125,16101.9599609375,16082.83984375,16092.48046875,0,2026-07-23 11:50:00
16092.9599609375,16107.26953125,16092.83984375,16101.66015625,0,2026-07-23 11:55:00
16101.9404296875,16103.4697265625,16072.1103515625,16080.240234375,0,2026-07-23 12:00:00
16080.919921875,16082.4501953125,16066.9697265625,16074.9697265625,0,2026-07-23 12:05:00
16072.23046875,16077.4599609375,16056.2900390625,16066.98046875,0,2026-07-23 12:10:00
16066.849609375,16073.4404296875,16056.98046875,16061.150390625,0,2026-07-23 12:15:00
16061.0,16061.169921875,16040.9404296875,16046.2099609375,0,2026-07-23 12:20:00
16046.6796875,16056.48046875,16031.3896484375,16037.259765625,0,2026-07-23 12:25:00
16035.3203125,16055.5302734375,16030.669921875,16035.400390625,0,2026-07-23 12:30:00
16036.91015625,16042.66015625,16028.6396484375,16033.0400390625,0,2026-07-23 12:35:00
16028.099609375,16031.6298828125,16008.580078125,16014.9501953125,0,2026-07-23 12:40:00
16011.080078125,16016.0595703125,16000.3203125,16011.990234375,0,2026-07-23 12:45:00
16012.150390625,16028.5302734375,16005.5400390625,16012.650390625,0,2026-07-23 12:50:00
16014.51953125,16021.2998046875,16006.1103515625,16009.2900390625,0,2026-07-23 12:55:00
16011.41015625,16011.5703125,15990.6396484375,15993.5302734375,0,2026-07-23 13:00:00
15994.41015625,15997.0498046875,15979.76953125,15981.740234375,0,2026-07-23 13:05:00
15983.08984375,15989.0400390625,15968.009765625,15970.3896484375,0,2026-07-23 13:10:00
15972.0498046875,15988.4599609375,15956.3798828125,15976.259765625,0,2026-07-23 13:15:00
15976.1103515625,15990.0400390625,15975.91015625,15979.1396484375,0,2026-07-23 13:20:00
15977.9697265625,16004.3095703125,15974.099609375,15984.150390625,0,2026-07-23 13:25:00
15982.9599609375,15994.169921875,15974.509765625,15993.6904296875,0,2026-07-23 13:30:00
15994.4404296875,16003.330078125,15990.1396484375,16001.98046875,0,2026-07-23 13:35:00
16002.83984375,16016.5400390625,15999.7900390625,16014.4404296875,0,2026-07-23 13:40:00
16013.9599609375,16015.5302734375,15993.3203125,16000.6904296875,0,2026-07-23 13:45:00
15998.6201171875,16006.08984375,15991.41015625,15993.669921875,0,2026-07-23 13:50:00
15996.23046875,16001.41015625,15984.509765625,15992.2099609375,0,2026-07-23 13:55:00
15991.98046875,16004.5498046875,15987.1396484375,16002.6396484375,0,2026-07-23 14:00:00
16002.009765625,16016.0400390625,15991.599609375,15997.01953125,0,2026-07-23 14:05:00
15994.3095703125,16001.5302734375,15979.4404296875,15979.4404296875,0,2026-07-23 14:10:00
15979.6298828125,15991.9599609375,15974.7197265625,15983.1796875,0,2026-07-23 14:15:00
15982.5,15991.9296875,15977.2802734375,15982.580078125,0,2026-07-23 14:20:00
15981.26953125,16008.0703125,15979.7900390625,16006.83984375,0,2026-07-23 14:25:00
16005.66015625,16023.740234375,16005.66015625,16010.349609375,0,2026-07-23 14:30:00
16010.349609375,16010.849609375,15983.3095703125,16004.3896484375,0,2026-07-23 14:35:00
16004.240234375,16010.8203125,15997.4501953125,16003.91015625,0,2026-07-23 14:40:00
16004.91015625,16016.5498046875,15985.3203125,15988.5400390625,0,2026-07-23 14:45:00
15987.1396484375,16017.1904296875,15973.75,16017.1904296875,0,2026-07-23 14:50:00
16015.75,16035.330078125,15999.169921875,16035.330078125,0,2026-07-23 14:55:00
16028.259765625,16028.259765625,15995.2099609375,15995.2099609375,0,2026-07-24 06:55:00
15995.2099609375,15995.2099609375,15945.4404296875,15964.830078125,0,2026-07-24 07:00:00
15964.1103515625,16023.58984375,15959.330078125,16022.9296875,0,2026-07-24 07:05:00
16020.7197265625,16070.2001953125,16017.009765625,16059.2998046875,0,2026-07-24 07:10:00
16058.9296875,16089.25,16046.5,16087.51953125,0,2026-07-24 07:15:00
16087.580078125,16103.169921875,16080.3095703125,16089.400390625,0,2026-07-24 07:20:00
16092.400390625,16124.849609375,16091.2802734375,16124.849609375,0,2026-07-24 07:25:00
16127.5595703125,16171.98046875,16120.2802734375,16148.83984375,0,2026-07-24 07:30:00
16151.900390625,16180.9404296875,16151.900390625,16177.3095703125,0,2026-07-24 07:35:00
16178.58984375,16201.9501953125,16146.1298828125,16147.3798828125,0,2026-07-24 07:40:00
16149.830078125,16153.2099609375,16108.1103515625,16114.3095703125,0,2026-07-24 07:45:00
16112.349609375,16129.099609375,16107.66015625,16116.849609375,0,2026-07-24 07:50:00
16114.8203125,16118.6396484375,16092.2197265625,16092.6103515625,0,2026-07-24 07:55:00
16090.3896484375,16094.0302734375,16069.330078125,16082.2099609375,0,2026-07-24 08:00:00
16082.75,16096.25,16078.150390625,16089.2001953125,0,2026-07-24 08:05:00
16088.419921875,16093.240234375,16078.16015625,16082.8896484375,0,2026-07-24 08:10:00
16081.1201171875,16090.669921875,16061.3701171875,16066.0302734375,0,2026-07-24 08:15:00
16065.2099609375,16069.9296875,16017.7099609375,16021.990234375,0,2026-07-24 08:20:00
16018.23046875,16085.5400390625,16018.2197265625,16078.2998046875,0,2026-07-24 08:25:00
16078.0595703125,16103.9404296875,16069.2197265625,16095.9501953125,0,2026-07-24 08:30:00
16096.4296875,16104.5595703125,16084.8095703125,16092.599609375,0,2026-07-24 08:35:00
16092.1796875,16093.76953125,16060.599609375,16075.0703125,0,2026-07-24 08:40:00
16072.08984375,16078.1103515625,16057.6201171875,16062.8798828125,0,2026-07-24 08:45:00
16066.75,16066.75,16030.2802734375,16035.9697265625,0,2026-07-24 08:50:00
16033.3095703125,16045.5,16014.5302734375,16020.7998046875,0,2026-07-24 08:55:00
16018.16015625,16037.58984375,16009.9296875,16012.650390625,0,2026-07-24 09:00:00
16012.23046875,16019.669921875,16003.5595703125,16014.75,0,2026-07-24 09:05:00
16014.1396484375,16025.8603515625,15987.8203125,15987.8701171875,0,2026-07-24 09:10:00
15988.2099609375,16003.8095703125,15978.6796875,15982.0400390625,0,2026-07-24 09:15:00
15980.900390625,15989.6796875,15973.16015625,15980.41015625,0,2026-07-24 09:20:00
15979.9501953125,15986.009765625,15963.4404296875,15967.4599609375,0,2026-07-24 09:25:00
15966.009765625,15966.009765625,15940.9599609375,15940.9599609375,0,2026-07-24 09:30:00
15939.419921875,15949.98046875,15928.16015625,15945.1201171875,0,2026-07-24 09:35:00
15946.4599609375,15965.5400390625,15942.7998046875,15961.76953125,0,2026-07-24 09:40:00
15961.1201171875,15964.5498046875,15947.8203125,15953.740234375,0,2026-07-24 09:45:00
15953.400390625,15955.6103515625,15927.830078125,15938.8798828125,0,2026-07-24 09:50:00
15937.4599609375,15940.2900390625,15900.6298828125,15907.0703125,0,2026-07-24 09:55:00
15904.4501953125,15905.849609375,15874.98046875,15890.6298828125,0,2026-07-24 10:00:00
15890.0400390625,15900.58984375,15885.599609375,15892.6904296875,0,2026-07-24 10:05:00
15892.4404296875,15903.23046875,15890.759765625,15897.6201171875,0,2026-07-24 10:10:00
15897.6103515625,15907.5595703125,15894.240234375,15904.240234375,0,2026-07-24 10:15:00
15904.240234375,15917.7802734375,15898.3095703125,15902.9599609375,0,2026-07-24 10:20:00
15901.169921875,15913.76953125,15896.6103515625,15912.509765625,0,2026-07-24 10:25:00
15913.7001953125,15944.8095703125,15904.7900390625,15939.599609375,0,2026-07-24 10:30:00
15940.5,15945.580078125,15912.990234375,15913.990234375,0,2026-07-24 10:35:00
15915.400390625,15928.1396484375,15913.0400390625,15920.330078125,0,2026-07-24 10:40:00
15922.2099609375,15949.8701171875,15918.2900390625,15948.2998046875,0,2026-07-24 10:45:00
15947.5302734375,15953.990234375,15931.830078125,15933.099609375,0,2026-07-24 10:50:00
15930.759765625,15941.1904296875,15926.150390625,15936.259765625,0,2026-07-24 10:55:00
15935.9501953125,15941.080078125,15923.58984375,15931.75,0,2026-07-24 11:00:00
15930.5302734375,15941.58984375,15925.66015625,15933.3203125,0,2026-07-24 11:05:00
15932.0302734375,15946.0400390625,15918.150390625,15924.3603515625,0,2026-07-24 11:10:00
15922.4599609375,15940.349609375,15914.080078125,15934.1201171875,0,2026-07-24 11:15:00
15936.3095703125,15937.759765625,15906.8896484375,15919.099609375,0,2026-07-24 11:20:00
15919.169921875,15922.8603515625,15893.7197265625,15918.9501953125,0,2026-07-24 11:25:00
15912.900390625,15924.8603515625,15907.5400390625,15919.66015625,0,2026-07-24 11:30:00
15919.4296875,15920.7197265625,15907.3701171875,15915.51953125,0,2026-07-24 11:35:00
15913.9296875,15920.5498046875,15904.5703125,15914.25,0,2026-07-24 11:40:00
15913.41015625,15927.98046875,15909.08984375,15923.009765625,0,2026-07-24 11:45:00
15921.990234375,15925.1904296875,15912.4404296875,15917.509765625,0,2026-07-24 11:50:00
15918.08984375,15933.1298828125,15889.2900390625,15925.009765625,0,2026-07-24 11:55:00
15925.83984375,15926.66015625,15895.4599609375,15904.9599609375,0,2026-07-24 12:00:00
15905.73046875,15916.330078125,15897.4404296875,15914.349609375,0,2026-07-24 12:05:00
15914.4697265625,15914.4697265625,15892.0498046875,15892.669921875,0,2026-07-24 12:10:00
15893.009765625,15893.5400390625,15874.080078125,15876.3203125,0,2026-07-24 12:15:00
15877.490234375,15892.0703125,15872.23046875,15882.419921875,0,2026-07-24 12:20:00
15883.7001953125,15885.5,15873.2099609375,15876.240234375,0,2026-07-24 12:25:00
15875.4501953125,15877.91015625,15852.599609375,15856.150390625,0,2026-07-24 12:30:00
15856.33984375,15857.169921875,15836.150390625,15836.150390625,0,2026-07-24 12:35:00
15837.8095703125,15846.330078125,15833.7998046875,15840.8095703125,0,2026-07-24 12:40:00
15849.2001953125,15862.3095703125,15843.6796875,15860.7001953125,0,2026-07-24 12:45:00
15859.400390625,15863.169921875,15829.3203125,15831.2099609375,0,2026-07-24 12:50:00
15833.7099609375,15836.26953125,15811.26953125,15823.4404296875,0,2026-07-24 12:55:00
15823.599609375,15843.7998046875,15820.599609375,15833.2197265625,0,2026-07-24 13:00:00
15832.2001953125,15839.91015625,15806.669921875,15813.2197265625,0,2026-07-24 13:05:00
15814.7197265625,15846.6796875,15812.580078125,15840.9501953125,0,2026-07-24 13:10:00
15841.5595703125,15862.9697265625,15833.75,15852.8603515625,0,2026-07-24 13:15:00
15850.9501953125,15865.9404296875,15848.3798828125,15856.599609375,0,2026-07-24 13:20:00
15858.41015625,15858.41015625,15841.4697265625,15846.4501953125,0,2026-07-24 13:25:00
15846.33984375,15859.6298828125,15842.2802734375,15854.2900390625,0,2026-07-24 13:30:00
15853.73046875,15864.4599609375,15849.400390625,15855.759765625,0,2026-07-24 13:35:00
15855.490234375,15858.3095703125,15830.1796875,15843.6796875,0,2026-07-24 13:40:00
15840.1103515625,15847.900390625,15829.91015625,15833.3095703125,0,2026-07-24 13:45:00
15833.759765625,15833.759765625,15816.0,15821.3896484375,0,2026-07-24 13:50:00
15822.6904296875,15832.3896484375,15808.3603515625,15830.330078125,0,2026-07-24 13:55:00
15830.9296875,15862.2197265625,15829.5,15850.4501953125,0,2026-07-24 14:00:00
15851.6396484375,15876.2900390625,15845.349609375,15876.2900390625,0,2026-07-24 14:05:00
15876.7197265625,15897.6904296875,15876.7197265625,15888.3603515625,0,2026-07-24 14:10:00
15888.8095703125,15894.2197265625,15868.349609375,15890.2802734375,0,2026-07-24 14:15:00
15890.5595703125,15893.0703125,15876.5,15884.7099609375,0,2026-07-24 14:20:00
15885.58984375,15903.9501953125,15880.7197265625,15898.1904296875,0,2026-07-24 14:25:00
15900.1103515625,15906.400390625,15885.259765625,15896.080078125,0,2026-07-24 14:30:00
15894.8203125,15900.4697265625,15883.7998046875,15886.41015625,0,2026-07-24 14:35:00
15887.830078125,15899.3701171875,15885.4296875,15893.419921875,0,2026-07-24 14:40:00
15892.8701171875,15892.8701171875,15871.509765625,15892.2001953125,0,2026-07-24 14:45:00
15890.48046875,15905.0302734375,15871.48046875,15877.150390625,0,2026-07-24 14:50:00
15875.8798828125,15892.650390625,15855.73046875,15892.650390625,0,2026-07-24 14:55:00
15861.7998046875,15964.2802734375,15861.7998046875,15964.2802734375,0,2026-07-27 06:55:00
15964.2802734375,16049.2197265625,15964.2802734375,16043.830078125,0,2026-07-27 07:00:00
16044.3896484375,16052.8603515625,15994.7197265625,16010.330078125,0,2026-07-27 07:05:00
16009.6796875,16015.0,15952.83984375,15992.599609375,0,2026-07-27 07:10:00
15995.48046875,16005.3203125,15969.2802734375,16005.240234375,0,2026-07-27 07:15:00
16008.01953125,16008.8095703125,15956.7998046875,15957.8095703125,0,2026-07-27 07:20:00
15955.6103515625,15964.7802734375,15930.4697265625,15946.0498046875,0,2026-07-27 07:25:00
15942.41015625,15946.91015625,15910.2900390625,15915.23046875,0,2026-07-27 07:30:00
15916.01953125,15928.66015625,15905.509765625,15921.4404296875,0,2026-07-27 07:35:00
15921.0498046875,15923.580078125,15900.1796875,15902.6904296875,0,2026-07-27 07:40:00
15902.83984375,15918.25,15899.6201171875,15918.25,0,2026-07-27 07:45:00
15920.01953125,15924.6396484375,15910.0703125,15918.08984375,0,2026-07-27 07:50:00
15916.76953125,15921.1103515625,15861.259765625,15861.5400390625,0,2026-07-27 07:55:00
15845.5595703125,15879.849609375,15839.41015625,15847.8603515625,0,2026-07-27 08:00:00
15847.4404296875,15875.9296875,15832.3896484375,15870.7998046875,0,2026-07-27 08:05:00
15869.75,15871.6796875,15846.2197265625,15855.6201171875,0,2026-07-27 08:10:00
15857.259765625,15863.0302734375,15842.8095703125,15860.3701171875,0,2026-07-27 08:15:00
15859.5703125,15863.76953125,15849.4404296875,15863.76953125,0,2026-07-27 08:20:00
15860.990234375,15877.3701171875,15857.83984375,15874.599609375,0,2026-07-27 08:25:00
15875.6904296875,15891.51953125,15872.8701171875,15886.400390625,0,2026-07-27 08:30:00
15881.83984375,15904.2099609375,15873.5400390625,15900.419921875,0,2026-07-27 08:35:00
15899.400390625,15908.4501953125,15890.25,15895.900390625,0,2026-07-27 08:40:00
15895.509765625,15895.509765625,15876.9501953125,15886.849609375,0,2026-07-27 08:45:00
15886.83984375,15896.2802734375,15876.1796875,15895.4404296875,0,2026-07-27 08:50:00
15895.490234375,15895.490234375,15878.2802734375,15886.2802734375,0,2026-07-27 08:55:00
15884.7900390625,15888.7197265625,15869.01953125,15870.830078125,0,2026-07-27 09:00:00
15870.3896484375,15882.4404296875,15859.0595703125,15859.0595703125,0,2026-07-27 09:05:00
15859.1103515625,15880.76953125,15857.5302734375,15871.5498046875,0,2026-07-27 09:10:00
15871.76953125,15872.2001953125,15848.8603515625,15860.5498046875,0,2026-07-27 09:15:00
15860.5498046875,15861.66015625,15843.8701171875,15854.66015625,0,2026-07-27 09:20:00
15854.8203125,15867.1201171875,15844.2900390625,15844.2900390625,0,2026-07-27 09:25:00
15844.509765625,15854.33984375,15840.8701171875,15852.08984375,0,2026-07-27 09:30:00
15852.2802734375,15854.0498046875,15833.650390625,15839.16015625,0,2026-07-27 09:35:00
15838.6796875,15840.1796875,15823.7802734375,15835.419921875,0,2026-07-27 09:40:00
15836.080078125,15863.259765625,15834.58984375,15858.23046875,0,2026-07-27 09:45:00
15858.23046875,15864.0302734375,15843.2001953125,15845.5595703125,0,2026-07-27 09:50:00
15843.7099609375,15864.4296875,15840.9296875,15858.3701171875,0,2026-07-27 09:55:00
15858.419921875,15864.3603515625,15850.8203125,15858.6103515625,0,2026-07-27 10:00:00
15860.3798828125,15862.16015625,15843.240234375,15843.240234375,0,2026-07-27 10:05:00
15844.4404296875,15853.33984375,15836.3896484375,15851.3603515625,0,2026-07-27 10:10:00
15851.169921875,15859.509765625,15843.5400390625,15847.3095703125,0,2026-07-27 10:15:00
15847.5302734375,15861.7197265625,15845.080078125,15857.5703125,0,2026-07-27 10:20:00
15855.6904296875,15860.580078125,15844.3095703125,15851.66015625,0,2026-07-27 10:25:00
15850.2900390625,15850.7802734375,15839.7099609375,15843.0400390625,0,2026-07-27 10:30:00
15844.75,15845.419921875,15821.26953125,15826.66015625,0,2026-07-27 10:35:00
15826.9404296875,15835.83984375,15814.5302734375,15816.2998046875,0,2026-07-27 10:40:00
15816.2998046875,15834.2197265625,15815.58984375,15828.830078125,0,2026-07-27 10:45:00
15829.08984375,15830.9501953125,15803.990234375,15807.16015625,0,2026-07-27 10:50:00
15806.9404296875,15820.1201171875,15805.3896484375,15814.5595703125,0,2026-07-27 10:55:00
15813.400390625,15815.099609375,15803.0703125,15803.580078125,0,2026-07-27 11:00:00
15804.75,15810.41015625,15798.759765625,15807.330078125,0,2026-07-27 11:05:00
15807.9697265625,15817.580078125,15805.3896484375,15812.3095703125,0,2026-07-27 11:10:00
15811.6298828125,15816.1796875,15776.7099609375,15780.349609375,0,2026-07-27 11:15:00
15779.240234375,15789.73046875,15775.98046875,15786.9697265625,0,2026-07-27 11:20:00
15785.4697265625,15796.7802734375,15784.0703125,15786.25,0,2026-07-27 11:25:00
15781.75,15791.2001953125,15774.419921875,15788.1298828125,0,2026-07-27 11:30:00
15788.1298828125,15793.1396484375,15780.76953125,15787.259765625,0,2026-07-27 11:35:00
15790.1396484375,15807.509765625,15785.2998046875,15796.91015625,0,2026-07-27 11:40:00
15797.3095703125,15803.2099609375,15791.3095703125,15793.91015625,0,2026-07-27 11:45:00
15793.7802734375,15794.33984375,15779.8798828125,15785.4296875,0,2026-07-27 11:50:00
15784.990234375,15791.3603515625,15779.490234375,15780.6796875,0,2026-07-27 11:55:00
15782.1796875,15792.16015625,15778.8095703125,15787.2197265625,0,2026-07-27 12:00:00
15787.2900390625,15789.3701171875,15773.91015625,15778.2998046875,0,2026-07-27 12:05:00
15777.7998046875,15781.4501953125,15758.669921875,15767.7802734375,0,2026-07-27 12:10:00
15767.1201171875,15776.16015625,15751.1904296875,15753.990234375,0,2026-07-27 12:15:00
15754.2900390625,15759.990234375,15731.4501953125,15759.0,0,2026-07-27 12:20:00
15759.2802734375,15771.25,15751.1904296875,15765.330078125,0,2026-07-27 12:25:00
15764.740234375,15768.080078125,15741.3095703125,15758.1103515625,0,2026-07-27 12:30:00
15757.26953125,15762.1298828125,15748.6904296875,15756.7802734375,0,2026-07-27 12:35:00
15754.7099609375,15762.8095703125,15735.3603515625,15737.900390625,0,2026-07-27 12:40:00
15738.0,15745.26953125,15726.4501953125,15738.400390625,0,2026-07-27 12:45:00
15736.259765625,15749.2900390625,15731.1298828125,15743.98046875,0,2026-07-27 12:50:00
15744.2099609375,15750.9404296875,15733.3095703125,15735.4599609375,0,2026-07-27 12:55:00
15735.5498046875,15741.1298828125,15695.6904296875,15701.2900390625,0,2026-07-27 13:00:00
15700.4501953125,15733.9697265625,15694.3095703125,15733.9697265625,0,2026-07-27 13:05:00
15732.6103515625,15734.150390625,15720.2998046875,15726.740234375,0,2026-07-27 13:10:00
15725.8701171875,15727.4501953125,15697.7001953125,15704.8095703125,0,2026-07-27 13:15:00
15706.8701171875,15712.8701171875,15683.8701171875,15685.849609375,0,2026-07-27 13:20:00
15684.169921875,15713.8798828125,15680.9599609375,15701.259765625,0,2026-07-27 13:25:00
15695.8203125,15699.669921875,15682.1396484375,15697.2802734375,0,2026-07-27 13:30:00
15698.8701171875,15707.4296875,15688.5,15696.990234375,0,2026-07-27 13:35:00
15697.6904296875,15698.7998046875,15667.9296875,15671.2900390625,0,2026-07-27 13:40:00
15671.2900390625,15679.0595703125,15658.83984375,15674.849609375,0,2026-07-27 13:45:00
15673.400390625,15684.23046875,15652.259765625,15655.5302734375,0,2026-07-27 13:50:00
15655.41015625,15669.830078125,15648.33984375,15668.900390625,0,2026-07-27 13:55:00
15666.599609375,15687.6796875,15657.7001953125,15668.990234375,0,2026-07-27 14:00:00
15665.5595703125,15678.76953125,15659.5498046875,15675.75,0,2026-07-27 14:05:00
15675.8095703125,15675.8095703125,15654.2998046875,15665.3603515625,0,2026-07-27 14:10:00
15665.099609375,15717.5498046875,15656.3701171875,15714.2998046875,0,2026-07-27 14:15:00
15715.4697265625,15717.7998046875,15671.1298828125,15674.0703125,0,2026-07-27 14:20:00
15672.240234375,15678.6396484375,15655.5498046875,15659.01953125,0,2026-07-27 14:25:00
15657.4501953125,15665.4697265625,15643.259765625,15645.7001953125,0,2026-07-27 14:30:00
15641.1201171875,15654.5595703125,15629.6904296875,15637.2802734375,0,2026-07-27 14:35:00
15635.7099609375,15659.400390625,15630.9501953125,15650.8203125,0,2026-07-27 14:40:00
15654.580078125,15662.599609375,15636.400390625,15638.6396484375,0,2026-07-27 14:45:00
15638.5302734375,15649.009765625,15624.08984375,15641.2197265625,0,2026-07-27 14:50:00
15642.240234375,15656.080078125,15632.8203125,15648.0400390625,0,2026-07-27 14:55:00
15611.849609375,15631.73046875,15611.849609375,15631.73046875,0,2026-07-28 06:55:00
15631.73046875,15679.650390625,15620.6103515625,15620.6103515625,0,2026-07-28 07:00:00
15619.25,15633.2998046875,15569.58984375,15587.1904296875,0,2026-07-28 07:05:00
15587.1904296875,15617.76953125,15584.009765625,15606.830078125,0,2026-07-28 07:10:00
15607.4296875,15705.830078125,15600.2099609375,15699.9697265625,0,2026-07-28 07:15:00
15702.6298828125,15702.6298828125,15663.9697265625,15672.009765625,0,2026-07-28 07:20:00
15672.8798828125,15675.349609375,15645.8603515625,15648.5,0,2026-07-28 07:25:00
15648.419921875,15658.7802734375,15614.9296875,15655.2998046875,0,2026-07-28 07:30:00
15655.7197265625,15679.1796875,15650.8896484375,15677.8701171875,0,2026-07-28 07:35:00
15677.66015625,15684.5,15658.169921875,15668.0400390625,0,2026-07-28 07:40:00
15666.0498046875,15672.4599609375,15631.2998046875,15644.2001953125,0,2026-07-28 07:45:00
15644.009765625,15647.599609375,15619.349609375,15632.849609375,0,2026-07-28 07:50:00
15633.330078125,15655.8701171875,15632.419921875,15649.58984375,0,2026-07-28 07:55:00
15649.0498046875,15653.6796875,15623.3203125,15647.9501953125,0,2026-07-28 08:00:00
15647.1796875,15659.3095703125,15630.5,15639.83984375,0,2026-07-28 08:05:00
15635.599609375,15639.400390625,15620.01953125,15620.4599609375,0,2026-07-28 08:10:00
15621.9599609375,15647.099609375,15619.8798828125,15645.8896484375,0,2026-07-28 08:15:00
15646.9599609375,15665.080078125,15641.490234375,15665.080078125,0,2026-07-28 08:20:00
15665.76953125,15675.75,15659.48046875,15668.419921875,0,2026-07-28 08:25:00
15668.58984375,15688.990234375,15656.759765625,15688.990234375,0,2026-07-28 08:30:00
15689.8896484375,15689.8896484375,15668.58984375,15681.6796875,0,2026-07-28 08:35:00
15681.5302734375,15687.9501953125,15672.5595703125,15684.48046875,0,2026-07-28 08:40:00
15684.16015625,15689.8896484375,15674.0595703125,15677.98046875,0,2026-07-28 08:45:00
15678.919921875,15693.98046875,15669.490234375,15674.58984375,0,2026-07-28 08:50:00
15674.1298828125,15678.8203125,15662.75,15672.48046875,0,2026-07-28 08:55:00
15672.48046875,15673.3095703125,15654.759765625,15654.849609375,0,2026-07-28 09:00:00
15655.6298828125,15663.0498046875,15651.08984375,15659.830078125,0,2026-07-28 09:05:00
15659.25,15667.98046875,15655.6298828125,15661.580078125,0,2026-07-28 09:10:00
15662.48046875,15688.7998046875,15659.830078125,15681.400390625,0,2026-07-28 09:15:00
15681.5400390625,15689.25,15678.7998046875,15684.6904296875,0,2026-07-28 09:20:00
15684.7197265625,15700.2998046875,15682.419921875,15700.2998046875,0,2026-07-28 09:25:00
15699.1796875,15702.759765625,15676.990234375,15683.0703125,0,2026-07-28 09:30:00
15682.75,15687.2802734375,15671.3701171875,15676.6796875,0,2026-07-28 09:35:00
15677.8798828125,15684.400390625,15671.8095703125,15674.4404296875,0,2026-07-28 09:40:00
15674.6298828125,15675.5302734375,15661.33984375,15663.3095703125,0,2026-07-28 09:45:00
15663.3701171875,15677.8896484375,15663.3701171875,15668.8896484375,0,2026-07-28 09:50:00
15666.5703125,15667.66015625,15652.7197265625,15656.3603515625,0,2026-07-28 09:55:00
15656.8095703125,15661.919921875,15650.400390625,15651.4501953125,0,2026-07-28 10:00:00
15651.8203125,15653.26953125,15630.9296875,15633.3203125,0,2026-07-28 10:05:00
15634.2802734375,15637.6396484375,15622.83984375,15632.08984375,0,2026-07-28 10:10:00
15631.8798828125,15644.26953125,15631.349609375,15641.740234375,0,2026-07-28 10:15:00
15640.4697265625,15641.3203125,15623.0595703125,15626.3603515625,0,2026-07-28 10:20:00
15627.6904296875,15636.41015625,15619.51953125,15633.349609375,0,2026-07-28 10:25:00
15633.76953125,15666.2900390625,15630.8896484375,15659.2802734375,0,2026-07-28 10:30:00
15657.919921875,15660.41015625,15638.4404296875,15652.01953125,0,2026-07-28 10:35:00
15651.1103515625,15669.490234375,15648.0400390625,15666.2998046875,0,2026-07-28 10:40:00
15666.26953125,15687.1103515625,15657.91015625,15687.1103515625,0,2026-07-28 10:45:00
15686.6904296875,15702.2802734375,15677.0703125,15701.83984375,0,2026-07-28 10:50:00
15701.2900390625,15721.6796875,15699.8896484375,15721.6796875,0,2026-07-28 10:55:00
15720.8701171875,15742.48046875,15673.98046875,15705.080078125,0,2026-07-28 11:00:00
15705.740234375,15705.740234375,15620.3701171875,15628.349609375,0,2026-07-28 11:05:00
15629.8896484375,15648.6201171875,15618.8798828125,15627.91015625,0,2026-07-28 11:10:00
15624.0,15656.6796875,15620.2802734375,15643.7900390625,0,2026-07-28 11:15:00
15642.900390625,15645.8896484375,15625.4296875,15636.3896484375,0,2026-07-28 11:20:00
15636.6796875,15640.0302734375,15625.990234375,15629.2099609375,0,2026-07-28 11:25:00
15630.849609375,15634.75,15622.75,15633.150390625,0,2026-07-28 11:30:00
15633.150390625,15637.2197265625,15614.0498046875,15630.2001953125,0,2026-07-28 11:35:00
15629.23046875,15629.51953125,15609.2998046875,15623.6298828125,0,2026-07-28 11:40:00
15623.0,15636.91015625,15616.3798828125,15622.349609375,0,2026-07-28 11:45:00
15622.759765625,15628.1396484375,15619.23046875,15624.66015625,0,2026-07-28 11:50:00
15623.8095703125,15629.259765625,15606.599609375,15621.5302734375,0,2026-07-28 11:55:00
15620.2802734375,15646.8203125,15619.419921875,15644.8095703125,0,2026-07-28 12:00:00
15645.7197265625,15656.9599609375,15620.0302734375,15620.91015625,0,2026-07-28 12:05:00
15620.5,15624.3798828125,15582.6396484375,15588.509765625,0,2026-07-28 12:10:00
15588.3896484375,15595.830078125,15580.9599609375,15594.0302734375,0,2026-07-28 12:15:00
15592.1904296875,15598.4296875,15556.849609375,15559.0498046875,0,2026-07-28 12:20:00
15558.7900390625,15565.6904296875,15545.8701171875,15565.419921875,0,2026-07-28 12:25:00
15563.4296875,15566.2802734375,15534.2900390625,15539.58984375,0,2026-07-28 12:30:00
15538.3798828125,15561.0498046875,15530.0302734375,15561.0498046875,0,2026-07-28 12:35:00
15560.8798828125,15560.8798828125,15538.7099609375,15549.099609375,0,2026-07-28 12:40:00
15547.2099609375,15572.6796875,15546.91015625,15562.900390625,0,2026-07-28 12:45:00
15560.9697265625,15563.509765625,15550.26953125,15563.099609375,0,2026-07-28 12:50:00
15562.8603515625,15576.76953125,15558.240234375,15571.48046875,0,2026-07-28 12:55:00
15571.599609375,15574.009765625,15557.01953125,15573.6904296875,0,2026-07-28 13:00:00
15573.1103515625,15587.509765625,15561.6796875,15579.1298828125,0,2026-07-28 13:05:00
15580.0703125,15589.6904296875,15571.08984375,15583.8095703125,0,2026-07-28 13:10:00
15583.080078125,15596.1103515625,15576.740234375,15590.6103515625,0,2026-07-28 13:15:00
15589.9404296875,15594.900390625,15568.9697265625,15570.26953125,0,2026-07-28 13:20:00
15571.08984375,15584.75,15558.76953125,15563.6201171875,0,2026-07-28 13:25:00
15563.6201171875,15574.400390625,15563.4296875,15569.73046875,0,2026-07-28 13:30:00
15570.3701171875,15573.330078125,15534.1103515625,15542.400390625,0,2026-07-28 13:35:00
15542.8701171875,15549.4501953125,15515.3798828125,15518.919921875,0,2026-07-28 13:40:00
15518.5595703125,15524.0,15417.33984375,15460.2001953125,0,2026-07-28 13:45:00
15461.509765625,15477.3095703125,15451.5302734375,15460.830078125,0,2026-07-28 13:50:00
15462.8203125,15473.9599609375,15449.66015625,15471.9404296875,0,2026-07-28 13:55:00
15468.41015625,15521.73046875,15467.8701171875,15511.33984375,0,2026-07-28 14:00:00
15511.73046875,15573.099609375,15509.599609375,15534.599609375,0,2026-07-28 14:05:00
15533.6396484375,15539.6103515625,15504.9599609375,15508.8701171875,0,2026-07-28 14:10:00
15508.9697265625,15511.740234375,15491.330078125,15509.7197265625,0,2026-07-28 14:15:00
15509.080078125,15523.16015625,15496.990234375,15514.0,0,2026-07-28 14:20:00
15514.26953125,15544.0703125,15512.990234375,15530.509765625,0,2026-07-28 14:25:00
15529.41015625,15533.41015625,15516.0302734375,15520.599609375,0,2026-07-28 14:30:00
15520.66015625,15548.8095703125,15519.23046875,15544.6103515625,0,2026-07-28 14:35:00
15544.150390625,15545.6796875,15530.91015625,15543.3896484375,0,2026-07-28 14:40:00
15544.6396484375,15551.51953125,15534.25,15541.1103515625,0,2026-07-28 14:45:00
15541.4404296875,15549.6201171875,15525.759765625,15532.0498046875,0,2026-07-28 14:50:00
15530.66015625,15530.9599609375,15517.1103515625,15517.1103515625,0,2026-07-28 14:55:00
15495.8798828125,15502.8203125,15495.8798828125,15502.8203125,0,2026-07-29 06:55:00
15502.8203125,15546.6396484375,15498.6298828125,15532.8603515625,0,2026-07-29 07:00:00
15530.8603515625,15560.509765625,15489.3203125,15495.33984375,0,2026-07-29 07:05:00
15491.6904296875,15536.1103515625,15466.8701171875,15526.5498046875,0,2026-07-29 07:10:00
15525.8603515625,15543.8603515625,15500.3203125,15504.6103515625,0,2026-07-29 07:15:00
15503.6201171875,15506.76953125,15469.259765625,15479.1904296875,0,2026-07-29 07:20:00
15479.5,15490.3203125,15444.1904296875,15450.400390625,0,2026-07-29 07:25:00
15445.41015625,15499.740234375,15441.6396484375,15499.2001953125,0,2026-07-29 07:30:00
15499.8896484375,15540.0,15497.6103515625,15536.0400390625,0,2026-07-29 07:35:00
15538.919921875,15540.0400390625,15503.9296875,15508.73046875,0,2026-07-29 07:40:00
15507.4404296875,15515.0302734375,15499.650390625,15500.6396484375,0,2026-07-29 07:45:00
15498.830078125,15502.8701171875,15464.1904296875,15466.6796875,0,2026-07-29 07:50:00
15463.599609375,15486.1796875,15463.599609375,15472.1103515625,0,2026-07-29 07:55:00
15471.3798828125,15489.009765625,15469.7099609375,15478.7802734375,0,2026-07-29 08:00:00
15479.169921875,15481.48046875,15443.1103515625,15446.740234375,0,2026-07-29 08:05:00
15443.990234375,15456.23046875,15414.51953125,15415.2802734375,0,2026-07-29 08:10:00
15419.990234375,15423.25,15394.5703125,15411.01953125,0,2026-07-29 08:15:00
15411.509765625,15435.16015625,15393.900390625,15395.23046875,0,2026-07-29 08:20:00
15397.740234375,15407.4404296875,15372.1796875,15384.509765625,0,2026-07-29 08:25:00
15383.6396484375,15445.6201171875,15383.6396484375,15411.580078125,0,2026-07-29 08:30:00
15407.3203125,15432.580078125,15406.9296875,15423.990234375,0,2026-07-29 08:35:00
15424.5400390625,15447.849609375,15419.9599609375,15444.3798828125,0,2026-07-29 08:40:00
15444.7197265625,15465.8701171875,15442.3603515625,15458.3798828125,0,2026-07-29 08:45:00
15459.6396484375,15468.0703125,15453.2197265625,15466.0498046875,0,2026-07-29 08:50:00
15466.1201171875,15480.349609375,15460.0498046875,15473.3203125,0,2026-07-29 08:55:00
15473.8798828125,15475.419921875,15452.3798828125,15463.08984375,0,2026-07-29 09:00:00
15462.3896484375,15468.3798828125,15457.169921875,15458.919921875,0,2026-07-29 09:05:00
15458.849609375,15470.7099609375,15446.26953125,15468.419921875,0,2026-07-29 09:10:00
15466.8095703125,15468.7197265625,15448.1201171875,15463.83984375,0,2026-07-29 09:15:00
15464.3701171875,15466.7099609375,15445.5498046875,15448.4404296875,0,2026-07-29 09:20:00
15450.3095703125,15467.6904296875,15446.58984375,15467.0,0,2026-07-29 09:25:00
15467.1201171875,15474.8203125,15463.330078125,15470.4296875,0,2026-07-29 09:30:00
15469.0302734375,15477.6904296875,15465.4501953125,15469.330078125,0,2026-07-29 09:35:00
15469.4296875,15531.7001953125,15464.8798828125,15526.080078125,0,2026-07-29 09:40:00
15526.1796875,15532.41015625,15504.259765625,15514.51953125,0,2026-07-29 09:45:00
15515.9697265625,15527.330078125,15507.1396484375,15526.650390625,0,2026-07-29 09:50:00
15525.3095703125,15527.3701171875,15518.0703125,15521.8896484375,0,2026-07-29 09:55:00
15522.2197265625,15525.7900390625,15504.1103515625,15517.7099609375,0,2026-07-29 10:00:00
15517.7001953125,15524.6904296875,15499.2900390625,15507.490234375,0,2026-07-29 10:05:00
15506.759765625,15520.16015625,15500.48046875,15514.8798828125,0,2026-07-29 10:10:00
15515.6396484375,15520.2802734375,15495.2802734375,15501.26953125,0,2026-07-29 10:15:00
15499.419921875,15507.5,15495.73046875,15497.3095703125,0,2026-07-29 10:20:00
15496.990234375,15498.6396484375,15483.5302734375,15496.0400390625,0,2026-07-29 10:25:00
15495.900390625,15496.4296875,15482.1396484375,15484.4404296875,0,2026-07-29 10:30:00
15483.3603515625,15498.830078125,15482.080078125,15489.599609375,0,2026-07-29 10:35:00
15488.580078125,15494.8095703125,15481.4296875,15490.349609375,0,2026-07-29 10:40:00
15489.1796875,15501.8701171875,15485.6796875,15501.6796875,0,2026-07-29 10:45:00
15502.259765625,15502.5498046875,15473.900390625,15481.830078125,0,2026-07-29 10:50:00
15480.0595703125,15484.4404296875,15465.4501953125,15467.98046875,0,2026-07-29 10:55:00
15470.4697265625,15474.4501953125,15454.2099609375,15466.91015625,0,2026-07-29 11:00:00
15466.0703125,15469.2802734375,15452.169921875,15455.1796875,0,2026-07-29 11:05:00
15455.01953125,15488.3095703125,15451.33984375,15485.330078125,0,2026-07-29 11:10:00
15485.1103515625,15507.150390625,15475.6103515625,15499.0302734375,0,2026-07-29 11:15:00
15497.58984375,15501.25,15479.1796875,15483.41015625,0,2026-07-29 11:20:00
15482.73046875,15494.759765625,15480.8095703125,15484.759765625,0,2026-07-29 11:25:00
15484.5302734375,15485.3701171875,15441.91015625,15451.7001953125,0,2026-07-29 11:30:00
15452.0,15469.5302734375,15451.33984375,15464.25,0,2026-07-29 11:35:00
15463.9404296875,15465.9599609375,15451.259765625,15460.330078125,0,2026-07-29 11:40:00
15459.2001953125,15473.9404296875,15454.759765625,15467.3095703125,0,2026-07-29 11:45:00
15467.7001953125,15468.509765625,15458.3701171875,15459.7197265625,0,2026-07-29 11:50:00
15460.58984375,15466.7900390625,15446.1103515625,15449.5302734375,0,2026-07-29 11:55:00
15449.0703125,15458.599609375,15441.01953125,15450.08984375,0,2026-07-29 12:00:00
15450.2099609375,15456.8896484375,15430.91015625,15440.169921875,0,2026-07-29 12:05:00
15439.9404296875,15448.669921875,15425.5498046875,15428.1201171875,0,2026-07-29 12:10:00
15425.25,15432.6904296875,15394.2099609375,15402.1103515625,0,2026-07-29 12:15:00
15403.3701171875,15407.9404296875,15352.650390625,15356.400390625,0,2026-07-29 12:20:00
15356.4404296875,15376.25,15348.1796875,15374.8896484375,0,2026-07-29 12:25:00
15374.6201171875,15374.830078125,15355.7197265625,15374.23046875,0,2026-07-29 12:30:00
15374.3798828125,15392.01953125,15369.5498046875,15388.330078125,0,2026-07-29 12:35:00
15389.669921875,15418.009765625,15386.8095703125,15404.1103515625,0,2026-07-29 12:40:00
15404.990234375,15419.650390625,15394.580078125,15407.0,0,2026-07-29 12:45:00
15407.7197265625,15413.33984375,15385.26953125,15387.599609375,0,2026-07-29 12:50:00
15388.4404296875,15397.5703125,15382.849609375,15396.349609375,0,2026-07-29 12:55:00
15397.3701171875,15405.9599609375,15386.1796875,15392.5595703125,0,2026-07-29 13:00:00
15395.080078125,15405.009765625,15377.169921875,15380.75,0,2026-07-29 13:05:00
15381.240234375,15396.849609375,15376.08984375,15392.009765625,0,2026-07-29 13:10:00
15392.599609375,15393.009765625,15367.330078125,15373.9697265625,0,2026-07-29 13:15:00
15375.919921875,15386.2197265625,15365.83984375,15378.169921875,0,2026-07-29 13:20:00
15379.6396484375,15406.349609375,15370.5400390625,15375.1796875,0,2026-07-29 13:25:00
15376.4599609375,15378.83984375,15353.4501953125,15356.9296875,0,2026-07-29 13:30:00
15355.8896484375,15361.1904296875,15327.830078125,15342.0703125,0,2026-07-29 13:35:00
15341.5302734375,15368.66015625,15328.51953125,15355.1201171875,0,2026-07-29 13:40:00
15356.3203125,15373.900390625,15349.2802734375,15364.6396484375,0,2026-07-29 13:45:00
15364.91015625,15367.91015625,15332.330078125,15362.76953125,0,2026-07-29 13:50:00
15361.58984375,15362.3798828125,15315.5302734375,15333.7001953125,0,2026-07-29 13:55:00
15330.91015625,15347.169921875,15328.0,15345.8203125,0,2026-07-29 14:00:00
15344.8203125,15347.080078125,15290.2998046875,15294.2001953125,0,2026-07-29 14:05:00
15292.08984375,15292.08984375,15234.0400390625,15249.75,0,2026-07-29 14:10:00
15250.3203125,15294.16015625,15249.8203125,15278.8095703125,0,2026-07-29 14:15:00
15281.0400390625,15307.98046875,15274.259765625,15301.98046875,0,2026-07-29 14:20:00
15301.9404296875,15326.5,15285.099609375,15320.1396484375,0,2026-07-29 14:25:00
15320.8701171875,15329.91015625,15312.0,15322.58984375,0,2026-07-29 14:30:00
15321.349609375,15346.23046875,15321.0498046875,15336.9296875,0,2026-07-29 14:35:00
15336.2802734375,15342.3203125,15294.73046875,15309.0595703125,0,2026-07-29 14:40:00
15310.5703125,15318.9404296875,15285.3896484375,15316.2001953125,0,2026-07-29 14:45:00
15315.3603515625,15325.2099609375,15275.150390625,15288.8095703125,0,2026-07-29 14:50:00
15292.3701171875,15314.5595703125,15292.3701171875,15308.4404296875,0,2026-07-29 14:55:00
15311.8203125,15325.76953125,15311.8203125,15325.76953125,0,2026-07-30 06:55:00
15325.76953125,15341.830078125,15265.16015625,15271.349609375,0,2026-07-30 07:00:00
15270.5400390625,15297.240234375,15261.1796875,15296.5400390625,0,2026-07-30 07:05:00
15298.5400390625,15316.650390625,15283.6201171875,15302.25,0,2026-07-30 07:10:00
15300.0400390625,15312.91015625,15272.3203125,15273.8203125,0,2026-07-30 07:15:00
15274.669921875,15281.1796875,15254.23046875,15277.0400390625,0,2026-07-30 07:20:00
15276.669921875,15276.669921875,15220.650390625,15220.650390625,0,2026-07-30 07:25:00
15221.2998046875,15236.08984375,15182.6103515625,15193.419921875,0,2026-07-30 07:30:00
15190.9296875,15193.01953125,15137.3701171875,15145.8896484375,0,2026-07-30 07:35:00
15147.51953125,15163.91015625,15134.8701171875,15145.080078125,0,2026-07-30 07:40:00
15144.26953125,15166.76953125,15143.9296875,15160.7001953125,0,2026-07-30 07:45:00
15160.099609375,15189.8896484375,15159.6298828125,15185.599609375,0,2026-07-30 07:50:00
15183.5,15187.9501953125,15124.5595703125,15128.98046875,0,2026-07-30 07:55:00
15130.16015625,15169.5,15129.599609375,15168.740234375,0,2026-07-30 08:00:00
15168.2802734375,15179.98046875,15157.1103515625,15174.0595703125,0,2026-07-30 08:05:00
15173.4296875,15190.6201171875,15173.1904296875,15187.2998046875,0,2026-07-30 08:10:00
15186.490234375,15190.08984375,15173.599609375,15176.4296875,0,2026-07-30 08:15:00
15173.3203125,15198.150390625,15169.01953125,15194.9296875,0,2026-07-30 08:20:00
15195.4599609375,15248.9599609375,15194.1298828125,15219.8095703125,0,2026-07-30 08:25:00
15217.75,15247.990234375,15208.3701171875,15232.8896484375,0,2026-07-30 08:30:00
15227.849609375,15240.650390625,15217.830078125,15232.169921875,0,2026-07-30 08:35:00
15232.349609375,15239.5400390625,15227.0,15235.599609375,0,2026-07-30 08:40:00
15235.51953125,15254.8701171875,15234.099609375,15251.5595703125,0,2026-07-30 08:45:00
15251.580078125,15257.1904296875,15230.4404296875,15245.0498046875,0,2026-07-30 08:50:00
15245.08984375,15245.1904296875,15226.240234375,15233.25,0,2026-07-30 08:55:00
15237.5498046875,15241.4296875,15230.2802734375,15240.7900390625,0,2026-07-30 09:00:00
15239.6396484375,15258.48046875,15235.759765625,15257.2197265625,0,2026-07-30 09:05:00
15258.0,15283.759765625,15246.3603515625,15275.0400390625,0,2026-07-30 09:10:00
15271.6298828125,15271.6298828125,15253.33984375,15257.0400390625,0,2026-07-30 09:15:00
15256.2802734375,15282.33984375,15250.83984375,15282.33984375,0,2026-07-30 09:20:00
15278.25,15285.8603515625,15254.0595703125,15262.7900390625,0,2026-07-30 09:25:00
15260.76953125,15261.76953125,15246.7001953125,15249.1796875,0,2026-07-30 09:30:00
15248.2900390625,15256.1298828125,15237.3701171875,15238.3203125,0,2026-07-30 09:35:00
15239.7099609375,15246.16015625,15220.26953125,15241.6904296875,0,2026-07-30 09:40:00
15241.1298828125,15243.1904296875,15233.6103515625,15239.830078125,0,2026-07-30 09:45:00
15239.509765625,15253.080078125,15236.259765625,15245.669921875,0,2026-07-30 09:50:00
15245.669921875,15248.599609375,15229.66015625,15234.5302734375,0,2026-07-30 09:55:00
15233.33984375,15251.2197265625,15231.2998046875,15239.150390625,0,2026-07-30 10:00:00
15238.8203125,15245.099609375,15234.2900390625,15236.7900390625,0,2026-07-30 10:05:00
15236.3701171875,15241.669921875,15224.3798828125,15232.5595703125,0,2026-07-30 10:10:00
15232.099609375,15268.759765625,15228.25,15257.900390625,0,2026-07-30 10:15:00
15257.900390625,15277.1201171875,15254.9404296875,15257.7197265625,0,2026-07-30 10:20:00
15257.0703125,15271.2802734375,15253.849609375,15264.669921875,0,2026-07-30 10:25:00
15263.7099609375,15272.2197265625,15260.23046875,15265.8095703125,0,2026-07-30 10:30:00
15264.099609375,15273.1298828125,15255.0498046875,15272.9404296875,0,2026-07-30 10:35:00
15273.5302734375,15294.8896484375,15271.6396484375,15274.2900390625,0,2026-07-30 10:40:00
15276.01953125,15276.01953125,15262.0400390625,15265.580078125,0,2026-07-30 10:45:00
15266.419921875,15266.419921875,15252.91015625,15262.1201171875,0,2026-07-30 10:50:00
15260.080078125,15267.6103515625,15241.66015625,15241.66015625,0,2026-07-30 10:55:00
15242.41015625,15243.01953125,15199.0595703125,15204.9599609375,0,2026-07-30 11:00:00
15205.4404296875,15218.91015625,15185.1103515625,15185.1103515625,0,2026-07-30 11:05:00
15187.4599609375,15213.3701171875,15172.4404296875,15173.58984375,0,2026-07-30 11:10:00
15176.0703125,15199.599609375,15173.580078125,15191.0498046875,0,2026-07-30 11:15:00
15191.0498046875,15198.23046875,15173.9697265625,15198.23046875,0,2026-07-30 11:20:00
15198.3896484375,15202.0498046875,15191.76953125,15194.0595703125,0,2026-07-30 11:25:00
15194.0595703125,15195.8203125,15179.9501953125,15184.1396484375,0,2026-07-30 11:30:00
15181.8203125,15184.349609375,15161.4296875,15162.83984375,0,2026-07-30 11:35:00
15161.2802734375,15179.8095703125,15160.8798828125,15177.1103515625,0,2026-07-30 11:40:00
15177.2001953125,15181.4501953125,15160.599609375,15165.1396484375,0,2026-07-30 11:45:00
15165.1396484375,15166.01953125,15144.7197265625,15145.150390625,0,2026-07-30 11:50:00
15146.7099609375,15151.6298828125,15126.98046875,15134.9697265625,0,2026-07-30 11:55:00
15132.16015625,15142.5302734375,15124.9501953125,15124.9501953125,0,2026-07-30 12:00:00
15125.23046875,15130.91015625,15114.3798828125,15118.4599609375,0,2026-07-30 12:05:00
15117.169921875,15119.5595703125,15099.4697265625,15108.0703125,0,2026-07-30 12:10:00
15109.26953125,15123.0703125,15106.080078125,15113.400390625,0,2026-07-30 12:15:00
15114.830078125,15136.599609375,15107.0595703125,15127.6904296875,0,2026-07-30 12:20:00
15125.8095703125,15142.16015625,15109.76953125,15114.98046875,0,2026-07-30 12:25:00
15114.1796875,15122.98046875,15110.16015625,15121.009765625,0,2026-07-30 12:30:00
15120.8203125,15121.080078125,15096.51953125,15099.7099609375,0,2026-07-30 12:35:00
15099.3896484375,15102.3603515625,15072.259765625,15074.16015625,0,2026-07-30 12:40:00
15074.7001953125,15076.349609375,15063.2099609375,15066.6298828125,0,2026-07-30 12:45:00
15067.830078125,15067.830078125,15026.7998046875,15039.849609375,0,2026-07-30 12:50:00
15041.0302734375,15041.099609375,14997.7001953125,14999.5703125,0,2026-07-30 12:55:00
14999.8203125,15043.51953125,14992.0302734375,15041.2998046875,0,2026-07-30 13:00:00
15040.330078125,15067.9599609375,15020.099609375,15067.2998046875,0,2026-07-30 13:05:00
15066.2900390625,15069.3095703125,15024.330078125,15030.099609375,0,2026-07-30 13:10:00
15030.650390625,15051.8896484375,15023.2001953125,15023.4697265625,0,2026-07-30 13:15:00
15023.580078125,15027.66015625,15011.9599609375,15020.580078125,0,2026-07-30 13:20:00
15021.26953125,15032.6796875,15006.669921875,15009.599609375,0,2026-07-30 13:25:00
15008.580078125,15027.4599609375,15002.2802734375,15018.58984375,0,2026-07-30 13:30:00
15017.4296875,15036.740234375,15012.83984375,15022.0400390625,0,2026-07-30 13:35:00
15021.8701171875,15043.8798828125,15019.3701171875,15030.919921875,0,2026-07-30 13:40:00
15032.599609375,15059.740234375,15029.8701171875,15052.9599609375,0,2026-07-30 13:45:00
15052.76953125,15078.330078125,15032.6298828125,15045.7099609375,0,2026-07-30 13:50:00
15045.6396484375,15047.3603515625,14982.6904296875,14982.6904296875,0,2026-07-30 13:55:00
14983.9599609375,14989.0400390625,14958.75,14988.419921875,0,2026-07-30 14:00:00
14989.6201171875,15066.2802734375,14980.9697265625,15047.4404296875,0,2026-07-30 14:05:00
15050.169921875,15090.6396484375,15041.75,15042.509765625,0,2026-07-30 14:10:00
15043.8603515625,15067.1103515625,15030.4599609375,15067.1103515625,0,2026-07-30 14:15:00
15065.5302734375,15077.91015625,15048.7900390625,15063.98046875,0,2026-07-30 14:20:00
15062.0400390625,15071.83984375,15047.76953125,15054.58984375,0,2026-07-30 14:25:00
15055.6904296875,15057.9296875,15034.740234375,15042.099609375,0,2026-07-30 14:30:00
15040.9404296875,15042.1298828125,15023.1796875,15037.669921875,0,2026-07-30 14:35:00
15035.509765625,15041.330078125,15020.580078125,15021.3798828125,0,2026-07-30 14:40:00
15021.009765625,15036.919921875,15003.990234375,15017.6904296875,0,2026-07-30 14:45:00
15018.16015625,15019.150390625,14998.2197265625,15001.4296875,0,2026-07-30 14:50:00
15001.6201171875,15015.4697265625,14998.0595703125,15002.580078125,0,2026-07-30 14:55:00
15033.4404296875,15105.3798828125,15033.4404296875,15105.3798828125,0,2026-07-31 06:55:00
15105.3798828125,15131.0498046875,15064.1396484375,15073.419921875,0,2026-07-31 07:00:00
15072.6201171875,15120.9404296875,15063.08984375,15110.01953125,0,2026-07-31 07:05:00
15110.1103515625,15193.98046875,15107.1103515625,15193.98046875,0,2026-07-31 07:10:00
15197.98046875,15207.9599609375,15141.8603515625,15148.349609375,0,2026-07-31 07:15:00
15146.3095703125,15147.4697265625,15107.1103515625,15122.5,0,2026-07-31 07:20:00
15122.599609375,15134.7802734375,15106.169921875,15116.66015625,0,2026-07-31 07:25:00
15121.2197265625,15150.2900390625,15114.8701171875,15119.9296875,0,2026-07-31 07:30:00
15118.6796875,15154.6201171875,15111.3095703125,15141.33984375,0,2026-07-31 07:35:00
15141.25,15157.4599609375,15124.849609375,15135.740234375,0,2026-07-31 07:40:00
15140.509765625,15153.73046875,15137.3896484375,15143.1396484375,0,2026-07-31 07:45:00
15141.9697265625,15144.169921875,15120.4501953125,15121.9404296875,0,2026-07-31 07:50:00
15122.099609375,15135.7900390625,15120.1103515625,15129.23046875,0,2026-07-31 07:55:00
15128.5703125,15162.8203125,15128.0703125,15159.0703125,0,2026-07-31 08:00:00
15157.5595703125,15163.5595703125,15111.599609375,15113.099609375,0,2026-07-31 08:05:00
15111.259765625,15124.9599609375,15082.9501953125,15082.9501953125,0,2026-07-31 08:10:00
15081.8701171875,15097.9697265625,15077.509765625,15094.5595703125,0,2026-07-31 08:15:00
15094.8203125,15105.9599609375,15084.2900390625,15097.4697265625,0,2026-07-31 08:20:00
15097.330078125,15114.9296875,15092.0703125,15105.099609375,0,2026-07-31 08:25:00
15103.7001953125,15114.4501953125,15097.3203125,15104.669921875,0,2026-07-31 08:30:00
15105.099609375,15109.8203125,15082.6201171875,15088.0498046875,0,2026-07-31 08:35:00
15086.7802734375,15096.330078125,15079.849609375,15083.91015625,0,2026-07-31 08:40:00
15083.0595703125,15087.2998046875,15070.3603515625,15075.6201171875,0,2026-07-31 08:45:00
15079.6298828125,15086.169921875,15055.7900390625,15059.83984375,0,2026-07-31 08:50:00
15058.23046875,15079.75,15055.9599609375,15066.6904296875,0,2026-07-31 08:55:00
15065.41015625,15078.919921875,15058.91015625,15073.1396484375,0,2026-07-31 09:00:00
15073.7802734375,15081.26953125,15059.099609375,15062.509765625,0,2026-07-31 09:05:00
15060.5703125,15079.349609375,15057.4296875,15077.0302734375,0,2026-07-31 09:10:00
15077.7197265625,15111.009765625,15069.5400390625,15100.6796875,0,2026-07-31 09:15:00
15100.740234375,15110.0302734375,15085.3701171875,15093.51953125,0,2026-07-31 09:20:00
15092.8701171875,15100.6103515625,15086.9296875,15091.3798828125,0,2026-07-31 09:25:00
15091.330078125,15097.4697265625,15077.6298828125,15085.1796875,0,2026-07-31 09:30:00
15085.08984375,15085.1904296875,15050.2099609375,15064.0498046875,0,2026-07-31 09:35:00
15063.8701171875,15071.6796875,15057.7802734375,15065.0400390625,0,2026-07-31 09:40:00
15064.83984375,15069.1201171875,15052.6796875,15058.900390625,0,2026-07-31 09:45:00
15059.0,15060.259765625,15046.98046875,15057.98046875,0,2026-07-31 09:50:00
15057.419921875,15062.8095703125,15050.9599609375,15057.419921875,0,2026-07-31 09:55:00
15057.849609375,15073.490234375,15034.599609375,15072.26953125,0,2026-07-31 10:00:00
15072.75,15075.7099609375,15055.1298828125,15069.1904296875,0,2026-07-31 10:05:00
15067.7802734375,15094.5703125,15063.5498046875,15093.009765625,0,2026-07-31 10:10:00
15091.8798828125,15103.099609375,15089.6396484375,15101.330078125,0,2026-07-31 10:15:00
15102.33984375,15120.23046875,15089.2900390625,15093.0400390625,0,2026-07-31 10:20:00
15092.3701171875,15095.51953125,15081.9697265625,15084.1796875,0,2026-07-31 10:25:00
15084.9296875,15089.1796875,15078.2802734375,15086.169921875,0,2026-07-31 10:30:00
15086.849609375,15096.0400390625,15083.66015625,15094.419921875,0,2026-07-31 10:35:00
15094.23046875,15097.7998046875,15083.759765625,15085.5703125,0,2026-07-31 10:40:00
15083.9296875,15105.6298828125,15083.9296875,15102.8896484375,0,2026-07-31 10:45:00
15104.3603515625,15108.08984375,15080.6904296875,15085.740234375,0,2026-07-31 10:50:00
15085.8095703125,15090.5703125,15076.009765625,15080.9599609375,0,2026-07-31 10:55:00
15079.259765625,15095.5302734375,15076.7197265625,15076.7197265625,0,2026-07-31 11:00:00
15076.7197265625,15081.75,15067.3203125,15074.01953125,0,2026-07-31 11:05:00
15074.1796875,15082.5400390625,15069.2802734375,15075.73046875,0,2026-07-31 11:10:00
15072.3798828125,15076.41015625,15059.400390625,15063.75,0,2026-07-31 11:15:00
15063.66015625,15074.6298828125,15060.3798828125,15074.6298828125,0,2026-07-31 11:20:00
15075.919921875,15088.400390625,15074.2099609375,15078.1201171875,0,2026-07-31 11:25:00
15077.6904296875,15080.9501953125,15057.75,15060.26953125,0,2026-07-31 11:30:00
15058.7802734375,15068.16015625,15053.150390625,15066.33984375,0,2026-07-31 11:35:00
15067.5302734375,15074.7197265625,15066.0302734375,15073.169921875,0,2026-07-31 11:40:00
15072.1396484375,15075.48046875,15061.9599609375,15071.419921875,0,2026-07-31 11:45:00
15071.9599609375,15111.0498046875,15068.919921875,15107.5595703125,0,2026-07-31 11:50:00
15107.6298828125,15114.6201171875,15099.4697265625,15109.5,0,2026-07-31 11:55:00
15108.8798828125,15108.8798828125,15085.759765625,15089.8203125,0,2026-07-31 12:00:00
15089.3203125,15090.8798828125,15077.5595703125,15078.48046875,0,2026-07-31 12:05:00
15079.1103515625,15079.2900390625,15057.849609375,15063.5703125,0,2026-07-31 12:10:00
15063.5595703125,15067.7099609375,15048.919921875,15060.3896484375,0,2026-07-31 12:15:00
15060.0703125,15065.5400390625,15046.8095703125,15058.830078125,0,2026-07-31 12:20:00
15058.3798828125,15061.83984375,15042.509765625,15046.76953125,0,2026-07-31 12:25:00
15045.91015625,15052.6201171875,15019.5498046875,15032.8603515625,0,2026-07-31 12:30:00
15034.240234375,15051.7001953125,15017.849609375,15042.33984375,0,2026-07-31 12:35:00
15044.0498046875,15052.25,15029.16015625,15050.240234375,0,2026-07-31 12:40:00
15049.4599609375,15058.1298828125,15046.1904296875,15055.7197265625,0,2026-07-31 12:45:00
15055.7197265625,15099.2099609375,15055.7197265625,15092.5498046875,0,2026-07-31 12:50:00
15091.9501953125,15111.16015625,15089.6396484375,15104.75,0,2026-07-31 12:55:00
15104.83984375,15191.1796875,15100.6904296875,15160.1103515625,0,2026-07-31 13:00:00
15157.8095703125,15211.25,15147.9501953125,15208.2802734375,0,2026-07-31 13:05:00
15207.2197265625,15234.83984375,15201.509765625,15231.349609375,0,2026-07-31 13:10:00
15230.8603515625,15245.7900390625,15227.2001953125,15234.259765625,0,2026-07-31 13:15:00
15236.349609375,15243.76953125,15223.66015625,15226.1298828125,0,2026-07-31 13:20:00
15226.6298828125,15252.1103515625,15226.0703125,15252.1103515625,0,2026-07-31 13:25:00
15248.91015625,15262.009765625,15242.2197265625,15244.3701171875,0,2026-07-31 13:30:00
15243.7001953125,15248.98046875,15216.1103515625,15219.7001953125,0,2026-07-31 13:35:00
15219.3203125,15221.8798828125,15171.6904296875,15208.759765625,0,2026-07-31 13:40:00
15208.330078125,15208.9697265625,15185.16015625,15186.0400390625,0,2026-07-31 13:45:00
15185.599609375,15197.25,15171.9501953125,15175.51953125,0,2026-07-31 13:50:00
15175.2998046875,15214.240234375,15164.830078125,15214.240234375,0,2026-07-31 13:55:00
15215.3203125,15237.5302734375,15202.349609375,15219.099609375,0,2026-07-31 14:00:00
15218.76953125,15225.83984375,15184.740234375,15188.1904296875,0,2026-07-31 14:05:00
15188.2802734375,15192.3095703125,15185.3798828125,15185.3798828125,0,2026-07-31 14:10:00
15212.849609375,15225.83984375,15184.740234375,15189.2099609375,0,2026-07-31 14:15:00
15185.3798828125,15189.169921875,15185.3798828125,15187.259765625,0,2026-07-31 14:20:00
15186.8798828125,15190.6904296875,15169.7001953125,15172.01953125,0,2026-07-31 14:55:00
15248.419921875,15369.41015625,15248.419921875,15369.41015625,0,2026-08-03 06:55:00
15369.41015625,15440.8095703125,15345.51953125,15419.41015625,0,2026-08-03 07:00:00
15414.73046875,15428.1201171875,15331.419921875,15340.1103515625,0,2026-08-03 07:05:00
15341.169921875,15343.599609375,15279.4501953125,15310.0302734375,0,2026-08-03 07:10:00
15307.099609375,15335.0498046875,15249.3798828125,15252.1103515625,0,2026-08-03 07:15:00
15249.080078125,15263.6796875,15197.4404296875,15197.4404296875,0,2026-08-03 07:20:00
15195.599609375,15214.4501953125,15170.6904296875,15214.4501953125,0,2026-08-03 07:25:00
15214.009765625,15260.41015625,15204.7197265625,15256.1396484375,0,2026-08-03 07:30:00
15258.009765625,15282.7197265625,15204.740234375,15210.5595703125,0,2026-08-03 07:35:00
15204.3203125,15212.6201171875,15182.1904296875,15209.759765625,0,2026-08-03 07:40:00
15210.5595703125,15227.3798828125,15197.0498046875,15214.5498046875,0,2026-08-03 07:45:00
15211.01953125,15211.01953125,15148.1103515625,15165.6396484375,0,2026-08-03 07:50:00
15169.23046875,15191.6396484375,15165.3203125,15179.58984375,0,2026-08-03 07:55:00
15177.76953125,15185.23046875,15158.3203125,15169.5703125,0,2026-08-03 08:00:00
15169.8603515625,15215.4599609375,15150.73046875,15212.01953125,0,2026-08-03 08:05:00
15212.5302734375,15239.490234375,15197.01953125,15231.2099609375,0,2026-08-03 08:10:00
15231.2001953125,15239.41015625,15200.599609375,15207.169921875,0,2026-08-03 08:15:00
15206.4296875,15215.8603515625,15180.669921875,15193.4501953125,0,2026-08-03 08:20:00
15193.73046875,15234.2802734375,15192.9296875,15233.009765625,0,2026-08-03 08:25:00
15233.2099609375,15263.33984375,15216.759765625,15263.33984375,0,2026-08-03 08:30:00
15264.2802734375,15272.900390625,15252.759765625,15264.83984375,0,2026-08-03 08:35:00
15265.98046875,15273.8603515625,15240.1904296875,15248.169921875,0,2026-08-03 08:40:00
15250.7197265625,15251.5,15228.25,15244.2197265625,0,2026-08-03 08:45:00
15243.900390625,15267.4296875,15240.240234375,15265.599609375,0,2026-08-03 08:50:00
15266.4697265625,15279.1796875,15263.23046875,15270.4404296875,0,2026-08-03 08:55:00
15274.8203125,15285.0,15251.73046875,15271.1298828125,0,2026-08-03 09:00:00
15270.0,15287.7099609375,15266.009765625,15275.1103515625,0,2026-08-03 09:05:00
15272.6904296875,15277.599609375,15260.76953125,15274.2099609375,0,2026-08-03 09:10:00
15275.0,15277.7001953125,15268.6396484375,15269.419921875,0,2026-08-03 09:15:00
15270.150390625,15283.5400390625,15266.490234375,15273.0498046875,0,2026-08-03 09:20:00
15269.4296875,15275.33984375,15257.2099609375,15268.83984375,0,2026-08-03 09:25:00
15269.08984375,15277.099609375,15257.3603515625,15270.8095703125,0,2026-08-03 09:30:00
15269.8095703125,15277.98046875,15263.7099609375,15267.0302734375,0,2026-08-03 09:35:00
15265.91015625,15276.4697265625,15261.75,15265.3701171875,0,2026-08-03 09:40:00
15264.1396484375,15276.3701171875,15261.5595703125,15274.41015625,0,2026-08-03 09:45:00
15275.259765625,15282.8798828125,15267.490234375,15279.98046875,0,2026-08-03 09:50:00
15280.509765625,15282.4404296875,15263.3095703125,15277.58984375,0,2026-08-03 09:55:00
15278.9296875,15278.9296875,15261.26953125,15275.4697265625,0,2026-08-03 10:00:00
15275.9501953125,15277.349609375,15261.0498046875,15264.3095703125,0,2026-08-03 10:05:00
15263.740234375,15267.8896484375,15255.2802734375,15256.9599609375,0,2026-08-03 10:10:00
15260.9501953125,15263.7001953125,15231.2197265625,15231.2197265625,0,2026-08-03 10:15:00
15235.75,15262.900390625,15232.6103515625,15261.8701171875,0,2026-08-03 10:20:00
15261.2001953125,15293.259765625,15254.2802734375,15293.259765625,0,2026-08-03 10:25:00
15292.8603515625,15296.4296875,15278.5703125,15280.919921875,0,2026-08-03 10:30:00
15280.0498046875,15297.6201171875,15273.3701171875,15295.3203125,0,2026-08-03 10:35:00
15295.4697265625,15305.580078125,15289.98046875,15298.33984375,0,2026-08-03 10:40:00
15298.76953125,15303.9404296875,15294.6796875,15298.5302734375,0,2026-08-03 10:45:00
15298.33984375,15300.7900390625,15281.3896484375,15291.2001953125,0,2026-08-03 10:50:00
15282.08984375,15303.3896484375,15282.08984375,15296.990234375,0,2026-08-03 10:55:00
15296.8203125,15303.009765625,15275.08984375,15279.099609375,0,2026-08-03 11:00:00
15280.3203125,15280.599609375,15244.6103515625,15273.8095703125,0,2026-08-03 11:05:00
15271.669921875,15278.1796875,15254.7099609375,15270.1396484375,0,2026-08-03 11:10:00
15270.1396484375,15271.3798828125,15242.5703125,15259.6796875,0,2026-08-03 11:15:00
15257.400390625,15263.8603515625,15246.41015625,15250.0302734375,0,2026-08-03 11:20:00
15249.2998046875,15252.169921875,15220.2001953125,15239.849609375,0,2026-08-03 11:25:00
15240.25,15269.919921875,15238.169921875,15267.6201171875,0,2026-08-03 11:30:00
15267.6201171875,15268.9404296875,15246.3798828125,15249.9697265625,0,2026-08-03 11:35:00
15251.0,15263.669921875,15244.599609375,15257.150390625,0,2026-08-03 11:40:00
15257.5498046875,15262.669921875,15247.0302734375,15249.0302734375,0,2026-08-03 11:45:00
15248.740234375,15253.4501953125,15236.0400390625,15242.4404296875,0,2026-08-03 11:50:00
15242.3798828125,15242.3798828125,15219.5703125,15222.4501953125,0,2026-08-03 11:55:00
15225.26953125,15234.7001953125,15208.599609375,15217.330078125,0,2026-08-03 12:00:00
15218.4296875,15220.0498046875,15198.3798828125,15202.1796875,0,2026-08-03 12:05:00
15198.6396484375,15210.6201171875,15188.599609375,15193.7099609375,0,2026-08-03 12:10:00
15190.2802734375,15213.2099609375,15180.6396484375,15199.6396484375,0,2026-08-03 12:15:00
15201.0400390625,15202.25,15176.0498046875,15189.83984375,0,2026-08-03 12:20:00
15189.83984375,15195.349609375,15166.9697265625,15166.9697265625,0,2026-08-03 12:25:00
15169.0302734375,15196.73046875,15168.0302734375,15189.91015625,0,2026-08-03 12:30:00
15189.6201171875,15193.0302734375,15173.4296875,15182.51953125,0,2026-08-03 12:35:00
15180.8203125,15182.919921875,15164.599609375,15170.3095703125,0,2026-08-03 12:40:00
15170.240234375,15176.1298828125,15156.8798828125,15167.759765625,0,2026-08-03 12:45:00
15173.08984375,15173.08984375,15152.099609375,15165.1396484375,0,2026-08-03 12:50:00
15165.099609375,15190.75,15162.490234375,15185.4501953125,0,2026-08-03 12:55:00
15187.23046875,15200.0302734375,15181.0595703125,15192.080078125,0,2026-08-03 13:00:00
15193.0498046875,15215.58984375,15187.23046875,15199.4697265625,0,2026-08-03 13:05:00
15200.6396484375,15213.330078125,15181.16015625,15184.83984375,0,2026-08-03 13:10:00
15185.0703125,15187.25,15171.419921875,15185.8701171875,0,2026-08-03 13:15:00
15186.4599609375,15188.7099609375,15167.7900390625,15172.9296875,0,2026-08-03 13:20:00
15172.6298828125,15176.5400390625,15146.5595703125,15156.0703125,0,2026-08-03 13:25:00
15154.349609375,15171.240234375,15148.3701171875,15170.0498046875,0,2026-08-03 13:30:00
15167.58984375,15172.7900390625,15154.900390625,15170.6103515625,0,2026-08-03 13:35:00
15168.3896484375,15179.169921875,15158.8203125,15178.5,0,2026-08-03 13:40:00
15179.4296875,15201.099609375,15176.8095703125,15190.9404296875,0,2026-08-03 13:45:00
15191.51953125,15191.51953125,15172.1396484375,15179.0302734375,0,2026-08-03 13:50:00
15179.2998046875,15187.5595703125,15173.8603515625,15181.2197265625,0,2026-08-03 13:55:00
15181.66015625,15213.51953125,15181.66015625,15206.599609375,0,2026-08-03 14:00:00
15206.509765625,15206.6396484375,15168.75,15194.8095703125,0,2026-08-03 14:05:00
15194.8095703125,15215.48046875,15182.9599609375,15212.66015625,0,2026-08-03 14:10:00
15214.5,15245.0595703125,15213.1201171875,15234.6904296875,0,2026-08-03 14:15:00
15233.3896484375,15235.48046875,15207.9501953125,15221.3095703125,0,2026-08-03 14:20:00
15220.2001953125,15232.1298828125,15211.4501953125,15219.740234375,0,2026-08-03 14:25:00
15218.0498046875,15223.33984375,15206.2998046875,15222.7197265625,0,2026-08-03 14:30:00
15222.5595703125,15224.1396484375,15196.0400390625,15211.400390625,0,2026-08-03 14:35:00
15212.5595703125,15218.16015625,15188.2900390625,15205.330078125,0,2026-08-03 14:40:00
15206.990234375,15226.759765625,15206.990234375,15217.650390625,0,2026-08-03 14:45:00
15219.919921875,15227.98046875,15209.8701171875,15217.099609375,0,2026-08-03 14:50:00
15217.330078125,15220.6298828125,15198.740234375,15203.5,0,2026-08-03 14:55:00
15205.419921875,15216.1796875,15205.419921875,15216.1796875,0,2026-08-04 06:55:00
15216.1796875,15280.6103515625,15213.2900390625,15280.6103515625,0,2026-08-04 07:00:00
15280.669921875,15307.9404296875,15268.6796875,15307.2998046875,0,2026-08-04 07:05:00
15306.1201171875,15311.25,15251.5,15279.7998046875,0,2026-08-04 07:10:00
15278.099609375,15278.3896484375,15250.8798828125,15265.4296875,0,2026-08-04 07:15:00
15265.259765625,15270.33984375,15240.1396484375,15246.349609375,0,2026-08-04 07:20:00
15246.2099609375,15252.58984375,15217.5,15224.58984375,0,2026-08-04 07:25:00
15223.849609375,15223.9599609375,15202.7900390625,15213.6201171875,0,2026-08-04 07:30:00
15216.66015625,15246.580078125,15195.509765625,15246.08984375,0,2026-08-04 07:35:00
15246.33984375,15272.419921875,15246.33984375,15271.1298828125,0,2026-08-04 07:40:00
15271.240234375,15284.2998046875,15262.2802734375,15281.9599609375,0,2026-08-04 07:45:00
15280.83984375,15303.759765625,15280.83984375,15302.3896484375,0,2026-08-04 07:50:00
15299.150390625,15331.330078125,15299.150390625,15330.5595703125,0,2026-08-04 07:55:00
15331.91015625,15335.91015625,15307.3798828125,15326.3095703125,0,2026-08-04 08:00:00
15325.9501953125,15350.98046875,15315.349609375,15346.0595703125,0,2026-08-04 08:05:00
15347.51953125,15347.5595703125,15330.41015625,15344.9697265625,0,2026-08-04 08:10:00
15346.8701171875,15351.2099609375,15334.7998046875,15346.8203125,0,2026-08-04 08:15:00
15348.73046875,15350.83984375,15331.599609375,15343.5498046875,0,2026-08-04 08:20:00
15344.3896484375,15368.1201171875,15341.759765625,15363.7998046875,0,2026-08-04 08:25:00
15363.5703125,15377.8203125,15361.7998046875,15367.6103515625,0,2026-08-04 08:30:00
15369.1904296875,15373.9599609375,15360.4501953125,15362.0498046875,0,2026-08-04 08:35:00
15360.1396484375,15372.2001953125,15356.9404296875,15372.2001953125,0,2026-08-04 08:40:00
15372.099609375,15374.08984375,15356.8798828125,15364.7099609375,0,2026-08-04 08:45:00
15363.5302734375,15365.08984375,15331.4599609375,15336.740234375,0,2026-08-04 08:50:00
15337.7001953125,15340.6103515625,15312.1201171875,15321.4599609375,0,2026-08-04 08:55:00
15323.9697265625,15323.9697265625,15307.6298828125,15313.8896484375,0,2026-08-04 09:00:00
15313.8896484375,15315.8896484375,15296.8095703125,15305.0400390625,0,2026-08-04 09:05:00
15304.7197265625,15310.599609375,15288.91015625,15296.2900390625,0,2026-08-04 09:10:00
15294.6904296875,15302.3896484375,15282.8896484375,15292.1796875,0,2026-08-04 09:15:00
15292.1796875,15304.9501953125,15291.3701171875,15300.259765625,0,2026-08-04 09:20:00
15300.259765625,15302.48046875,15295.08984375,15301.1201171875,0,2026-08-04 09:25:00
15301.4296875,15306.1396484375,15292.830078125,15299.25,0,2026-08-04 09:30:00
15300.4404296875,15308.26953125,15297.150390625,15303.6103515625,0,2026-08-04 09:35:00
15304.2001953125,15312.490234375,15302.4501953125,15308.23046875,0,2026-08-04 09:40:00
15309.759765625,15309.8603515625,15278.080078125,15278.080078125,0,2026-08-04 09:45:00
15280.4296875,15282.4697265625,15259.9697265625,15269.080078125,0,2026-08-04 09:50:00
15267.5498046875,15283.3203125,15264.75,15281.2900390625,0,2026-08-04 09:55:00
15281.919921875,15288.7001953125,15273.009765625,15286.0400390625,0,2026-08-04 10:00:00
15284.830078125,15288.16015625,15277.580078125,15279.4599609375,0,2026-08-04 10:05:00
15279.509765625,15285.7099609375,15276.400390625,15280.73046875,0,2026-08-04 10:10:00
15280.76953125,15284.099609375,15265.08984375,15271.5595703125,0,2026-08-04 10:15:00
15273.0498046875,15275.099609375,15260.9501953125,15261.8095703125,0,2026-08-04 10:20:00
15263.2998046875,15271.080078125,15257.1298828125,15270.5302734375,0,2026-08-04 10:25:00
15270.3701171875,15274.580078125,15265.0302734375,15270.2998046875,0,2026-08-04 10:30:00
15271.1396484375,15275.1904296875,15263.669921875,15271.9599609375,0,2026-08-04 10:35:00
15271.9599609375,15278.66015625,15266.0595703125,15277.3896484375,0,2026-08-04 10:40:00
15278.240234375,15302.4697265625,15276.240234375,15283.580078125,0,2026-08-04 10:45:00
15287.7900390625,15289.16015625,15269.830078125,15278.1201171875,0,2026-08-04 10:50:00
15279.51953125,15306.01953125,15274.8603515625,15300.8095703125,0,2026-08-04 10:55:00
15301.2001953125,15304.4697265625,15264.4599609375,15264.4599609375,0,2026-08-04 11:00:00
15264.7900390625,15269.6796875,15245.150390625,15261.7802734375,0,2026-08-04 11:05:00
15261.6103515625,15267.099609375,15253.1298828125,15261.650390625,0,2026-08-04 11:10:00
15261.8095703125,15263.169921875,15248.76953125,15255.0,0,2026-08-04 11:15:00
15255.759765625,15269.4697265625,15251.76953125,15265.76953125,0,2026-08-04 11:20:00
15266.1103515625,15270.91015625,15259.669921875,15266.419921875,0,2026-08-04 11:25:00
15267.1298828125,15275.7197265625,15260.1904296875,15274.91015625,0,2026-08-04 11:30:00
15276.3095703125,15276.3095703125,15252.740234375,15263.08984375,0,2026-08-04 11:35:00
15261.830078125,15321.2998046875,15248.7099609375,15321.2998046875,0,2026-08-04 11:40:00
15316.900390625,15354.8798828125,15304.0,15340.0498046875,0,2026-08-04 11:45:00
15338.650390625,15401.099609375,15336.5400390625,15385.91015625,0,2026-08-04 11:50:00
15387.5595703125,15418.9599609375,15382.669921875,15418.9599609375,0,2026-08-04 11:55:00
15425.2099609375,15427.5400390625,15371.5,15393.509765625,0,2026-08-04 12:00:00
15396.009765625,15400.25,15354.6904296875,15356.25,0,2026-08-04 12:05:00
15355.6796875,15386.25,15353.7197265625,15384.4404296875,0,2026-08-04 12:10:00
15383.8896484375,15406.2197265625,15380.73046875,15398.3203125,0,2026-08-04 12:15:00
15397.5498046875,15422.1396484375,15397.5498046875,15409.91015625,0,2026-08-04 12:20:00
15407.900390625,15416.4404296875,15405.990234375,15409.5,0,2026-08-04 12:25:00
15416.1796875,15458.6103515625,15409.2001953125,15452.7099609375,0,2026-08-04 12:30:00
15454.580078125,15476.7802734375,15451.5,15470.3203125,0,2026-08-04 12:35:00
15469.8701171875,15492.2802734375,15447.8203125,15454.5595703125,0,2026-08-04 12:40:00
15453.8701171875,15455.7900390625,15423.650390625,15436.7197265625,0,2026-08-04 12:45:00
15434.8798828125,15460.26953125,15434.8798828125,15443.0,0,2026-08-04 12:50:00
15442.51953125,15451.1201171875,15425.009765625,15428.7197265625,0,2026-08-04 12:55:00
15427.849609375,15431.7001953125,15415.990234375,15417.0400390625,0,2026-08-04 13:00:00
15415.9296875,15428.830078125,15413.3798828125,15415.0595703125,0,2026-08-04 13:05:00
15415.4501953125,15419.7001953125,15368.349609375,15395.2001953125,0,2026-08-04 13:10:00
15395.1396484375,15444.6298828125,15393.580078125,15440.849609375,0,2026-08-04 13:15:00
15440.169921875,15475.1904296875,15439.740234375,15461.0,0,2026-08-04 13:20:00
15461.9697265625,15467.6396484375,15452.75,15460.0703125,0,2026-08-04 13:25:00
15459.8701171875,15462.23046875,15440.419921875,15458.330078125,0,2026-08-04 13:30:00
15457.6796875,15465.8603515625,15447.6103515625,15463.7001953125,0,2026-08-04 13:35:00
15464.330078125,15464.330078125,15434.8896484375,15437.240234375,0,2026-08-04 13:40:00
15427.1103515625,15438.849609375,15424.4501953125,15432.150390625,0,2026-08-04 13:45:00
15432.5302734375,15439.580078125,15415.9501953125,15416.3701171875,0,2026-08-04 13:50:00
15418.490234375,15441.7197265625,15416.150390625,15439.990234375,0,2026-08-04 13:55:00
15439.48046875,15463.8896484375,15437.0400390625,15458.7998046875,0,2026-08-04 14:00:00
15461.0703125,15500.2802734375,15460.509765625,15492.3203125,0,2026-08-04 14:05:00
15491.330078125,15499.650390625,15482.25,15487.0595703125,0,2026-08-04 14:10:00
15490.169921875,15514.509765625,15485.009765625,15508.6904296875,0,2026-08-04 14:15:00
15510.919921875,15523.3095703125,15504.91015625,15513.8095703125,0,2026-08-04 14:20:00
15512.6201171875,15520.16015625,15501.3896484375,15502.990234375,0,2026-08-04 14:25:00
15504.4296875,15509.25,15498.7998046875,15503.3798828125,0,2026-08-04 14:30:00
15504.4296875,15505.76953125,15486.759765625,15495.4599609375,0,2026-08-04 14:35:00
15495.6298828125,15497.9296875,15481.08984375,15483.6396484375,0,2026-08-04 14:40:00
15486.099609375,15495.2197265625,15481.9599609375,15491.3203125,0,2026-08-04 14:45:00
15491.58984375,15498.1103515625,15481.5703125,15488.41015625,0,2026-08-04 14:50:00
15490.240234375,15495.1396484375,15483.0302734375,15495.1396484375,0,2026-08-04 14:55:00
15506.8203125,15539.6103515625,15506.8203125,15539.6103515625,0,2026-08-05 06:55:00
15539.6103515625,15563.8095703125,15491.8896484375,15542.2197265625,0,2026-08-05 07:00:00
15544.7197265625,15571.7001953125,15529.419921875,15570.25,0,2026-08-05 07:05:00
15570.3896484375,15580.4296875,15533.099609375,15534.240234375,0,2026-08-05 07:10:00
15534.0302734375,15568.08984375,15524.990234375,15565.83984375,0,2026-08-05 07:15:00
15566.83984375,15610.330078125,15558.669921875,15607.2900390625,0,2026-08-05 07:20:00
15604.73046875,15608.400390625,15546.259765625,15588.7802734375,0,2026-08-05 07:25:00
15590.2001953125,15597.75,15560.6201171875,15565.73046875,0,2026-08-05 07:30:00
15565.26953125,15574.4697265625,15554.1796875,15566.98046875,0,2026-08-05 07:35:00
15567.16015625,15588.759765625,15557.3896484375,15584.7001953125,0,2026-08-05 07:40:00
15585.0,15588.919921875,15568.3603515625,15580.099609375,0,2026-08-05 07:45:00
15579.2998046875,15602.669921875,15579.1298828125,15597.8798828125,0,2026-08-05 07:50:00
15599.3095703125,15609.330078125,15587.6904296875,15608.4296875,0,2026-08-05 07:55:00
15611.169921875,15650.4501953125,15606.9296875,15642.1904296875,0,2026-08-05 08:00:00
15645.9404296875,15646.490234375,15615.259765625,15623.4296875,0,2026-08-05 08:05:00
15624.9697265625,15628.2998046875,15606.16015625,15613.1103515625,0,2026-08-05 08:10:00
15612.900390625,15633.419921875,15607.080078125,15631.080078125,0,2026-08-05 08:15:00
15632.2802734375,15638.4404296875,15606.2802734375,15615.76953125,0,2026-08-05 08:20:00
15615.0498046875,15637.5498046875,15611.599609375,15636.76953125,0,2026-08-05 08:25:00
15635.7099609375,15638.740234375,15629.2802734375,15635.7900390625,0,2026-08-05 08:30:00
15635.150390625,15639.4296875,15611.3095703125,15614.8896484375,0,2026-08-05 08:35:00
15614.150390625,15616.8603515625,15586.6298828125,15589.2099609375,0,2026-08-05 08:40:00
15591.3701171875,15592.9501953125,15582.6904296875,15588.83984375,0,2026-08-05 08:45:00
15587.8896484375,15591.66015625,15568.58984375,15573.1298828125,0,2026-08-05 08:50:00
15570.51953125,15573.9697265625,15558.400390625,15559.6796875,0,2026-08-05 08:55:00
15558.3095703125,15563.2998046875,15541.7099609375,15553.1103515625,0,2026-08-05 09:00:00
15554.3095703125,15588.01953125,15550.740234375,15581.23046875,0,2026-08-05 09:05:00
15580.0400390625,15581.41015625,15562.23046875,15565.83984375,0,2026-08-05 09:10:00
15564.75,15566.0498046875,15535.580078125,15541.5498046875,0,2026-08-05 09:15:00
15543.900390625,15547.48046875,15519.58984375,15522.4501953125,0,2026-08-05 09:20:00
15523.509765625,15525.5,15505.9697265625,15505.9697265625,0,2026-08-05 09:25:00
15500.990234375,15504.8095703125,15472.7900390625,15474.8095703125,0,2026-08-05 09:30:00
15477.669921875,15503.4697265625,15468.509765625,15497.849609375,0,2026-08-05 09:35:00
15496.650390625,15502.8896484375,15491.6201171875,15491.6201171875,0,2026-08-05 09:40:00
15494.0498046875,15500.8896484375,15474.9404296875,15477.5703125,0,2026-08-05 09:45:00
15478.1298828125,15483.41015625,15460.6904296875,15468.76953125,0,2026-08-05 09:50:00
15465.4501953125,15469.3701171875,15440.650390625,15442.0703125,0,2026-08-05 09:55:00
15437.9599609375,15451.66015625,15425.7900390625,15429.490234375,0,2026-08-05 10:00:00
15427.3603515625,15432.9697265625,15411.900390625,15412.4296875,0,2026-08-05 10:05:00
15413.419921875,15413.919921875,15386.4501953125,15392.1103515625,0,2026-08-05 10:10:00
15394.1298828125,15411.4296875,15386.2900390625,15408.7998046875,0,2026-08-05 10:15:00
15408.3095703125,15422.58984375,15400.2001953125,15406.3603515625,0,2026-08-05 10:20:00
15407.8603515625,15420.009765625,15394.7802734375,15398.3203125,0,2026-08-05 10:25:00
15396.3896484375,15415.5400390625,15389.0498046875,15389.599609375,0,2026-08-05 10:30:00
15383.7001953125,15399.2998046875,15381.240234375,15395.26953125,0,2026-08-05 10:35:00
15395.759765625,15408.6396484375,15393.4501953125,15397.990234375,0,2026-08-05 10:40:00
15398.3203125,15407.7099609375,15390.1103515625,15397.150390625,0,2026-08-05 10:45:00
15397.150390625,15401.3095703125,15384.73046875,15397.98046875,0,2026-08-05 10:50:00
15400.830078125,15417.259765625,15391.1201171875,15411.509765625,0,2026-08-05 10:55:00
15410.169921875,15412.419921875,15369.349609375,15379.240234375,0,2026-08-05 11:00:00
15379.5302734375,15395.1904296875,15370.8701171875,15395.1904296875,0,2026-08-05 11:05:00
15394.5400390625,15395.6103515625,15381.0703125,15385.76953125,0,2026-08-05 11:10:00
15383.7001953125,15414.0,15381.8603515625,15405.919921875,0,2026-08-05 11:15:00
15408.73046875,15412.9697265625,15395.8798828125,15408.7001953125,0,2026-08-05 11:20:00
15408.240234375,15413.83984375,15403.580078125,15404.75,0,2026-08-05 11:25:00
15404.66015625,15410.5400390625,15395.599609375,15406.0,0,2026-08-05 11:30:00
15406.2802734375,15410.9296875,15401.4404296875,15403.8203125,0,2026-08-05 11:35:00
15405.8701171875,15413.8203125,15390.98046875,15411.759765625,0,2026-08-05 11:40:00
15408.0703125,15429.0703125,15408.0703125,15416.669921875,0,2026-08-05 11:45:00
15416.669921875,15423.1201171875,15406.1298828125,15417.5595703125,0,2026-08-05 11:50:00
15417.259765625,15425.3203125,15414.5302734375,15422.3701171875,0,2026-08-05 11:55:00
15424.830078125,15446.8701171875,15412.6103515625,15446.2900390625,0,2026-08-05 12:00:00
15445.5595703125,15454.080078125,15427.1201171875,15438.0595703125,0,2026-08-05 12:05:00
15439.1904296875,15451.7001953125,15433.4599609375,15445.91015625,0,2026-08-05 12:10:00
15446.9501953125,15457.259765625,15434.7197265625,15448.5703125,0,2026-08-05 12:15:00
15448.669921875,15474.1396484375,15445.3095703125,15472.3701171875,0,2026-08-05 12:20:00
15473.1396484375,15482.73046875,15462.6396484375,15469.7197265625,0,2026-08-05 12:25:00
15470.23046875,15484.240234375,15453.990234375,15479.150390625,0,2026-08-05 12:30:00
15484.009765625,15498.990234375,15464.759765625,15467.1201171875,0,2026-08-05 12:35:00
15466.91015625,15468.2900390625,15452.66015625,15458.6904296875,0,2026-08-05 12:40:00
15460.7099609375,15460.7099609375,15441.080078125,15441.6298828125,0,2026-08-05 12:45:00
15442.5595703125,15453.849609375,15439.7197265625,15445.7001953125,0,2026-08-05 12:50:00
15444.3095703125,15456.6396484375,15436.009765625,15438.259765625,0,2026-08-05 12:55:00
15442.51953125,15456.7197265625,15438.0,15449.6201171875,0,2026-08-05 13:00:00
15450.08984375,15464.740234375,15448.7900390625,15463.58984375,0,2026-08-05 13:05:00
15463.26953125,15466.169921875,15451.51953125,15456.76953125,0,2026-08-05 13:10:00
15456.76953125,15465.3203125,15451.490234375,15462.7998046875,0,2026-08-05 13:15:00
15462.7099609375,15465.23046875,15439.66015625,15440.9404296875,0,2026-08-05 13:20:00
15442.099609375,15471.6904296875,15440.0595703125,15470.08984375,0,2026-08-05 13:25:00
15471.6796875,15482.8798828125,15462.6298828125,15465.01953125,0,2026-08-05 13:30:00
15463.669921875,15469.990234375,15441.98046875,15469.91015625,0,2026-08-05 13:35:00
15469.48046875,15487.75,15467.1904296875,15471.490234375,0,2026-08-05 13:40:00
15470.4501953125,15474.990234375,15443.91015625,15449.7998046875,0,2026-08-05 13:45:00
15451.1796875,15453.009765625,15436.3603515625,15452.490234375,0,2026-08-05 13:50:00
15452.490234375,15460.580078125,15446.7900390625,15460.580078125,0,2026-08-05 13:55:00
15459.900390625,15479.75,15450.3095703125,15470.41015625,0,2026-08-05 14:00:00
15468.25,15514.4404296875,15466.4296875,15513.26953125,0,2026-08-05 14:05:00
15514.759765625,15522.8603515625,15495.9404296875,15506.8603515625,0,2026-08-05 14:10:00
15506.8603515625,15508.2197265625,15469.48046875,15477.1396484375,0,2026-08-05 14:15:00
15475.5595703125,15493.2001953125,15470.919921875,15485.740234375,0,2026-08-05 14:20:00
15486.509765625,15507.7099609375,15484.33984375,15497.7802734375,0,2026-08-05 14:25:00
15495.9599609375,15534.66015625,15495.1396484375,15534.66015625,0,2026-08-05 14:30:00
15535.6904296875,15547.240234375,15512.4404296875,15525.8203125,0,2026-08-05 14:35:00
15523.8701171875,15549.0,15516.9697265625,15542.25,0,2026-08-05 14:40:00
15541.75,15560.08984375,15505.51953125,15519.4501953125,0,2026-08-05 14:45:00
15520.0302734375,15547.5498046875,15519.3603515625,15531.3603515625,0,2026-08-05 14:50:00
15532.4501953125,15541.1904296875,15516.75,15530.4404296875,0,2026-08-05 14:55:00
15529.0,15558.509765625,15529.0,15558.509765625,0,2026-08-06 06:55:00
15558.509765625,15615.7001953125,15557.6201171875,15599.9296875,0,2026-08-06 07:00:00
15600.41015625,15609.4501953125,15556.8203125,15556.8203125,0,2026-08-06 07:05:00
15554.830078125,15556.25,15530.1298828125,15544.099609375,0,2026-08-06 07:10:00
15543.0703125,15610.509765625,15543.0703125,15607.3203125,0,2026-08-06 07:15:00
15607.080078125,15633.4697265625,15605.8896484375,15630.26953125,0,2026-08-06 07:20:00
15631.349609375,15631.349609375,15589.0595703125,15596.599609375,0,2026-08-06 07:25:00
15595.2197265625,15602.5302734375,15559.4296875,15576.1796875,0,2026-08-06 07:30:00
15575.5302734375,15585.98046875,15570.8095703125,15578.1396484375,0,2026-08-06 07:35:00
15577.009765625,15584.6201171875,15561.419921875,15565.5595703125,0,2026-08-06 07:40:00
15564.3798828125,15565.41015625,15536.76953125,15543.5400390625,0,2026-08-06 07:45:00
15544.8701171875,15563.7001953125,15534.26953125,15561.849609375,0,2026-08-06 07:50:00
15561.7900390625,15574.1904296875,15555.16015625,15556.3203125,0,2026-08-06 07:55:00
15558.7197265625,15559.91015625,15532.650390625,15534.1396484375,0,2026-08-06 08:00:00
15534.8203125,15545.2001953125,15527.9404296875,15528.669921875,0,2026-08-06 08:05:00
15529.0,15549.150390625,15525.9697265625,15549.150390625,0,2026-08-06 08:10:00
15547.740234375,15566.9697265625,15543.1396484375,15561.2998046875,0,2026-08-06 08:15:00
15561.01953125,15571.66015625,15554.0,15571.66015625,0,2026-08-06 08:20:00
15571.7802734375,15614.76953125,15567.849609375,15612.08984375,0,2026-08-06 08:25:00
15612.3798828125,15641.8798828125,15599.5302734375,15641.83984375,0,2026-08-06 08:30:00
15641.759765625,15679.400390625,15641.759765625,15679.400390625,0,2026-08-06 08:35:00
15677.919921875,15702.5703125,15673.599609375,15687.01953125,0,2026-08-06 08:40:00
15693.0703125,15701.3701171875,15660.7802734375,15662.1904296875,0,2026-08-06 08:45:00
15664.419921875,15698.2001953125,15661.3798828125,15692.0498046875,0,2026-08-06 08:50:00
15691.2802734375,15695.0595703125,15671.7099609375,15672.8798828125,0,2026-08-06 08:55:00
15676.16015625,15700.4501953125,15666.0595703125,15676.9404296875,0,2026-08-06 09:00:00
15674.3603515625,15674.5,15623.0498046875,15626.01953125,0,2026-08-06 09:05:00
15624.759765625,15638.240234375,15624.16015625,15632.75,0,2026-08-06 09:10:00
15633.0498046875,15650.6201171875,15626.01953125,15649.330078125,0,2026-08-06 09:15:00
15647.41015625,15667.51953125,15644.5,15666.2197265625,0,2026-08-06 09:20:00
15666.5,15667.240234375,15656.9296875,15660.900390625,0,2026-08-06 09:25:00
15663.9296875,15683.58984375,15660.7998046875,15668.6796875,0,2026-08-06 09:30:00
15669.849609375,15669.849609375,15637.8603515625,15639.3798828125,0,2026-08-06 09:35:00
15643.009765625,15646.6103515625,15623.009765625,15634.3095703125,0,2026-08-06 09:40:00
15632.599609375,15652.1904296875,15628.6396484375,15646.3896484375,0,2026-08-06 09:45:00
15644.7099609375,15671.2802734375,15642.580078125,15669.2900390625,0,2026-08-06 09:50:00
15669.6201171875,15691.9599609375,15665.58984375,15690.4296875,0,2026-08-06 09:55:00
15686.6298828125,15705.669921875,15682.8701171875,15697.9296875,0,2026-08-06 10:00:00
15699.169921875,15706.2998046875,15688.4404296875,15691.4404296875,0,2026-08-06 10:05:00
15692.490234375,15704.76953125,15674.6201171875,15690.7998046875,0,2026-08-06 10:10:00
15692.3701171875,15696.150390625,15674.2001953125,15692.8203125,0,2026-08-06 10:15:00
15693.990234375,15695.5703125,15678.830078125,15687.7998046875,0,2026-08-06 10:20:00
15688.1796875,15703.2802734375,15682.990234375,15692.8203125,0,2026-08-06 10:25:00
15693.1904296875,15708.8896484375,15692.1904296875,15694.16015625,0,2026-08-06 10:30:00
15695.66015625,15702.7099609375,15680.1298828125,15699.5703125,0,2026-08-06 10:35:00
15699.150390625,15700.849609375,15681.6298828125,15685.419921875,0,2026-08-06 10:40:00
15687.2197265625,15687.2197265625,15657.6904296875,15663.98046875,0,2026-08-06 10:45:00
15664.2001953125,15688.1904296875,15661.51953125,15688.1904296875,0,2026-08-06 10:50:00
15686.169921875,15692.7900390625,15680.7197265625,15692.25,0,2026-08-06 10:55:00
15693.759765625,15696.0703125,15681.2197265625,15681.2197265625,0,2026-08-06 11:00:00
15680.2998046875,15687.650390625,15664.490234375,15674.240234375,0,2026-08-06 11:05:00
15673.08984375,15687.3701171875,15671.6201171875,15687.0,0,2026-08-06 11:10:00
15686.1796875,15687.990234375,15677.330078125,15683.7197265625,0,2026-08-06 11:15:00
15683.08984375,15690.919921875,15675.740234375,15676.9404296875,0,2026-08-06 11:20:00
15677.2099609375,15680.400390625,15659.0400390625,15674.23046875,0,2026-08-06 11:25:00
15671.580078125,15671.580078125,15648.080078125,15669.23046875,0,2026-08-06 11:30:00
15669.23046875,15696.66015625,15666.0,15686.76953125,0,2026-08-06 11:35:00
15686.8603515625,15698.6298828125,15686.8603515625,15692.919921875,0,2026-08-06 11:40:00
15692.7802734375,15693.900390625,15678.4501953125,15680.150390625,0,2026-08-06 11:45:00
15680.98046875,15683.51953125,15650.9599609375,15656.5498046875,0,2026-08-06 11:50:00
15656.7099609375,15678.490234375,15656.25,15674.33984375,0,2026-08-06 11:55:00
15675.73046875,15677.4404296875,15661.48046875,15669.58984375,0,2026-08-06 12:00:00
15669.0703125,15670.150390625,15646.4404296875,15649.169921875,0,2026-08-06 12:05:00
15650.669921875,15654.8701171875,15642.2802734375,15648.849609375,0,2026-08-06 12:10:00
15642.650390625,15646.9599609375,15616.8896484375,15619.3896484375,0,2026-08-06 12:15:00
15622.240234375,15638.2001953125,15618.349609375,15631.490234375,0,2026-08-06 12:20:00
15632.169921875,15638.76953125,15629.1103515625,15630.0400390625,0,2026-08-06 12:25:00
15630.0400390625,15646.4501953125,15627.8701171875,15644.5302734375,0,2026-08-06 12:30:00
15644.25,15644.4501953125,15623.3095703125,15640.3203125,0,2026-08-06 12:35:00
15639.6103515625,15641.0595703125,15621.240234375,15623.259765625,0,2026-08-06 12:40:00
15619.26953125,15632.8603515625,15618.7900390625,15626.099609375,0,2026-08-06 12:45:00
15625.91015625,15625.91015625,15606.1298828125,15608.8603515625,0,2026-08-06 12:50:00
15604.650390625,15608.3203125,15585.3896484375,15597.1396484375,0,2026-08-06 12:55:00
15599.08984375,15613.4599609375,15580.2802734375,15611.7900390625,0,2026-08-06 13:00:00
15612.990234375,15612.990234375,15582.4501953125,15585.91015625,0,2026-08-06 13:05:00
15585.9697265625,15602.259765625,15585.9697265625,15593.3603515625,0,2026-08-06 13:10:00
15593.9501953125,15614.669921875,15589.75,15611.509765625,0,2026-08-06 13:15:00
15613.8701171875,15626.6298828125,15602.919921875,15604.1796875,0,2026-08-06 13:20:00
15604.33984375,15625.740234375,15601.0595703125,15625.6796875,0,2026-08-06 13:25:00
15627.259765625,15641.4296875,15624.580078125,15625.6103515625,0,2026-08-06 13:30:00
15626.5703125,15649.7802734375,15620.0,15620.2900390625,0,2026-08-06 13:35:00
15619.48046875,15641.240234375,15615.7001953125,15640.4404296875,0,2026-08-06 13:40:00
15641.759765625,15667.650390625,15640.6298828125,15662.349609375,0,2026-08-06 13:45:00
15663.849609375,15667.3203125,15638.580078125,15649.2998046875,0,2026-08-06 13:50:00
15649.7998046875,15655.0302734375,15642.830078125,15646.6201171875,0,2026-08-06 13:55:00
15645.8896484375,15671.259765625,15644.23046875,15663.1298828125,0,2026-08-06 14:00:00
15667.8603515625,15674.25,15646.66015625,15663.33984375,0,2026-08-06 14:05:00
15661.7900390625,15674.8701171875,15660.3896484375,15665.9599609375,0,2026-08-06 14:10:00
15667.4599609375,15670.9296875,15651.2802734375,15656.330078125,0,2026-08-06 14:15:00
15654.83984375,15664.599609375,15651.26953125,15656.0595703125,0,2026-08-06 14:20:00
15658.08984375,15665.849609375,15646.6298828125,15649.4296875,0,2026-08-06 14:25:00
15650.58984375,15679.73046875,15646.73046875,15672.4599609375,0,2026-08-06 14:30:00
15672.400390625,15678.259765625,15660.58984375,15660.58984375,0,2026-08-06 14:35:00
15662.150390625,15677.7099609375,15660.1103515625,15668.0,0,2026-08-06 14:40:00
15668.9599609375,15683.26953125,15656.7099609375,15678.5595703125,0,2026-08-06 14:45:00
15678.849609375,15683.759765625,15661.1904296875,15666.7998046875,0,2026-08-06 14:50:00
15668.58984375,15670.2802734375,15659.1103515625,15662.419921875,0,2026-08-06 14:55:00
15654.83984375,15695.5,15654.83984375,15695.5,0,2026-08-07 06:55:00
15695.5,15757.400390625,15688.58984375,15737.4501953125,0,2026-08-07 07:00:00
15735.9296875,15767.0595703125,15724.1103515625,15758.150390625,0,2026-08-07 07:05:00
15758.7900390625,15794.83984375,15749.0400390625,15789.0,0,2026-08-07 07:10:00
15791.1796875,15814.5302734375,15782.4697265625,15813.66015625,0,2026-08-07 07:15:00
15809.740234375,15823.2998046875,15788.7900390625,15792.0,0,2026-08-07 07:20:00
15790.9599609375,15790.9599609375,15743.3603515625,15743.3603515625,0,2026-08-07 07:25:00
15741.3095703125,15762.330078125,15735.330078125,15757.2197265625,0,2026-08-07 07:30:00
15755.599609375,15761.1396484375,15735.0498046875,15751.650390625,0,2026-08-07 07:35:00
15750.650390625,15760.6103515625,15740.099609375,15742.9404296875,0,2026-08-07 07:40:00
15738.9296875,15754.2001953125,15724.7197265625,15745.509765625,0,2026-08-07 07:45:00
15745.7900390625,15748.8603515625,15722.23046875,15725.5302734375,0,2026-08-07 07:50:00
15725.8701171875,15739.83984375,15724.0498046875,15735.58984375,0,2026-08-07 07:55:00
15734.7099609375,15739.990234375,15727.23046875,15736.6298828125,0,2026-08-07 08:00:00
15737.26953125,15739.66015625,15708.3701171875,15721.599609375,0,2026-08-07 08:05:00
15722.25,15723.4404296875,15705.0302734375,15707.58984375,0,2026-08-07 08:10:00
15710.01953125,15715.5400390625,15691.490234375,15691.490234375,0,2026-08-07 08:15:00
15691.1396484375,15695.5302734375,15680.4296875,15685.759765625,0,2026-08-07 08:20:00
15685.990234375,15701.98046875,15670.8896484375,15671.0400390625,0,2026-08-07 08:25:00
15672.3701171875,15673.169921875,15633.1904296875,15642.8203125,0,2026-08-07 08:30:00
15640.919921875,15645.25,15625.01953125,15642.4404296875,0,2026-08-07 08:35:00
15640.4296875,15643.400390625,15615.7900390625,15618.669921875,0,2026-08-07 08:40:00
15618.51953125,15621.5302734375,15592.0498046875,15592.669921875,0,2026-08-07 08:45:00
15591.900390625,15595.9404296875,15577.2998046875,15586.990234375,0,2026-08-07 08:50:00
15585.400390625,15597.0595703125,15575.0595703125,15575.0595703125,0,2026-08-07 08:55:00
15579.5703125,15603.08984375,15571.58984375,15595.3701171875,0,2026-08-07 09:00:00
15594.51953125,15601.25,15581.6796875,15595.8701171875,0,2026-08-07 09:05:00
15594.7900390625,15607.400390625,15588.150390625,15607.400390625,0,2026-08-07 09:10:00
15605.51953125,15620.509765625,15604.4404296875,15612.3896484375,0,2026-08-07 09:15:00
15614.5302734375,15620.7900390625,15607.58984375,15617.0703125,0,2026-08-07 09:20:00
15617.1298828125,15633.259765625,15615.4501953125,15618.5400390625,0,2026-08-07 09:25:00
15618.3701171875,15625.150390625,15612.9296875,15614.6298828125,0,2026-08-07 09:30:00
15614.2802734375,15623.26953125,15612.259765625,15620.7998046875,0,2026-08-07 09:35:00
15619.7197265625,15627.26953125,15608.48046875,15625.240234375,0,2026-08-07 09:40:00
15625.51953125,15625.51953125,15608.7998046875,15614.9599609375,0,2026-08-07 09:45:00
15616.240234375,15630.1201171875,15611.4296875,15626.830078125,0,2026-08-07 09:50:00
15626.8896484375,15632.76953125,15612.48046875,15614.349609375,0,2026-08-07 09:55:00
15614.830078125,15636.3896484375,15613.7001953125,15630.830078125,0,2026-08-07 10:00:00
15630.9296875,15637.0595703125,15619.23046875,15626.4697265625,0,2026-08-07 10:05:00
15625.2998046875,15648.76953125,15624.51953125,15646.0400390625,0,2026-08-07 10:10:00
15646.8095703125,15664.509765625,15643.4697265625,15659.759765625,0,2026-08-07 10:15:00
15659.759765625,15668.990234375,15657.3203125,15665.080078125,0,2026-08-07 10:20:00
15665.599609375,15668.83984375,15648.3203125,15666.419921875,0,2026-08-07 10:25:00
15667.1298828125,15672.1103515625,15647.9296875,15660.580078125,0,2026-08-07 10:30:00
15660.6904296875,15665.51953125,15654.2197265625,15658.0595703125,0,2026-08-07 10:35:00
15658.6904296875,15659.099609375,15640.0,15649.6201171875,0,2026-08-07 10:40:00
15650.5302734375,15677.669921875,15647.5595703125,15671.9501953125,0,2026-08-07 10:45:00
15671.5595703125,15676.3798828125,15665.26953125,15667.0302734375,0,2026-08-07 10:50:00
15667.0302734375,15669.7001953125,15649.4501953125,15653.419921875,0,2026-08-07 10:55:00
15651.9296875,15668.0498046875,15648.1298828125,15661.83984375,0,2026-08-07 11:00:00
15663.009765625,15669.0400390625,15645.8203125,15654.26953125,0,2026-08-07 11:05:00
15652.83984375,15668.2802734375,15650.4501953125,15663.7197265625,0,2026-08-07 11:10:00
15665.66015625,15669.2900390625,15650.080078125,15650.080078125,0,2026-08-07 11:15:00
15651.150390625,15654.0400390625,15637.1796875,15642.73046875,0,2026-08-07 11:20:00
15643.7099609375,15643.7099609375,15634.830078125,15640.2001953125,0,2026-08-07 11:25:00
15639.8701171875,15643.8798828125,15633.6201171875,15636.8798828125,0,2026-08-07 11:30:00
15636.7900390625,15636.7900390625,15602.76953125,15606.83984375,0,2026-08-07 11:35:00
15608.3896484375,15624.7099609375,15604.6201171875,15619.2197265625,0,2026-08-07 11:40:00
15617.41015625,15631.849609375,15615.7099609375,15624.3603515625,0,2026-08-07 11:45:00
15624.669921875,15637.3203125,15619.98046875,15633.2802734375,0,2026-08-07 11:50:00
15633.5595703125,15658.2998046875,15632.580078125,15653.240234375,0,2026-08-07 11:55:00
15654.8798828125,15659.2998046875,15644.650390625,15649.1796875,0,2026-08-07 12:00:00
15649.1796875,15649.3701171875,15604.669921875,15610.5498046875,0,2026-08-07 12:05:00
15609.3798828125,15626.5498046875,15600.599609375,15619.6396484375,0,2026-08-07 12:10:00
15621.8896484375,15635.509765625,15616.4501953125,15631.0498046875,0,2026-08-07 12:15:00
15631.23046875,15640.1904296875,15627.75,15632.66015625,0,2026-08-07 12:20:00
15633.6396484375,15647.2001953125,15624.349609375,15633.9599609375,0,2026-08-07 12:25:00
15634.23046875,15675.7001953125,15631.9404296875,15655.4296875,0,2026-08-07 12:30:00
15655.3798828125,15658.3603515625,15638.3701171875,15649.2099609375,0,2026-08-07 12:35:00
15648.6103515625,15691.7001953125,15645.1298828125,15682.66015625,0,2026-08-07 12:40:00
15686.01953125,15692.01953125,15663.1904296875,15669.7001953125,0,2026-08-07 12:45:00
15672.6103515625,15672.6103515625,15637.7900390625,15663.509765625,0,2026-08-07 12:50:00
15664.2802734375,15665.3701171875,15649.6298828125,15655.099609375,0,2026-08-07 12:55:00
15655.51953125,15658.3603515625,15632.8603515625,15634.2998046875,0,2026-08-07 13:00:00
15635.6103515625,15644.76953125,15623.9501953125,15628.91015625,0,2026-08-07 13:05:00
15628.759765625,15639.4296875,15625.4697265625,15634.5595703125,0,2026-08-07 13:10:00
15636.26953125,15642.7099609375,15620.9697265625,15624.2001953125,0,2026-08-07 13:15:00
15623.7197265625,15625.1298828125,15613.08984375,15619.599609375,0,2026-08-07 13:20:00
15618.73046875,15622.5,15598.400390625,15604.150390625,0,2026-08-07 13:25:00
15603.259765625,15606.7099609375,15571.8095703125,15577.2802734375,0,2026-08-07 13:30:00
15574.580078125,15588.25,15564.76953125,15587.240234375,0,2026-08-07 13:35:00
15585.919921875,15600.580078125,15575.5400390625,15596.1796875,0,2026-08-07 13:40:00
15596.2900390625,15608.099609375,15577.73046875,15580.150390625,0,2026-08-07 13:45:00
15580.150390625,15581.0400390625,15563.9296875,15576.0595703125,0,2026-08-07 13:50:00
15574.1396484375,15585.51953125,15569.08984375,15569.990234375,0,2026-08-07 13:55:00
15569.740234375,15587.8798828125,15557.740234375,15562.5595703125,0,2026-08-07 14:00:00
15563.5498046875,15567.419921875,15552.5302734375,15555.75,0,2026-08-07 14:05:00
15555.41015625,15555.48046875,15502.3701171875,15505.2197265625,0,2026-08-07 14:10:00
15504.16015625,15522.0595703125,15489.8701171875,15519.669921875,0,2026-08-07 14:15:00
15520.2001953125,15543.01953125,15517.76953125,15538.9296875,0,2026-08-07 14:20:00
15539.3095703125,15584.3798828125,15538.419921875,15582.669921875,0,2026-08-07 14:25:00
15584.259765625,15589.419921875,15563.5400390625,15580.3798828125,0,2026-08-07 14:30:00
15579.5498046875,15593.150390625,15573.7197265625,15581.7197265625,0,2026-08-07 14:35:00
15580.2802734375,15596.580078125,15576.01953125,15581.1201171875,0,2026-08-07 14:40:00
15584.16015625,15586.91015625,15567.25,15579.7099609375,0,2026-08-07 14:45:00
15580.4501953125,15608.73046875,15575.8798828125,15603.91015625,0,2026-08-07 14:50:00
15603.9404296875,15604.91015625,15588.830078125,15596.669921875,0,2026-08-07 14:55:00
15595.830078125,15651.7197265625,15595.830078125,15651.7197265625,0,2026-08-10 06:55:00
15651.7197265625,15678.0703125,15618.0703125,15627.1298828125,0,2026-08-10 07:00:00
15627.33984375,15627.33984375,15596.23046875,15602.490234375,0,2026-08-10 07:05:00
15603.8701171875,15642.580078125,15600.330078125,15640.3896484375,0,2026-08-10 07:10:00
15642.3203125,15645.83984375,15596.51953125,15635.1796875,0,2026-08-10 07:15:00
15632.76953125,15638.0400390625,15608.73046875,15633.0,0,2026-08-10 07:20:00
15630.990234375,15638.16015625,15623.169921875,15629.26953125,0,2026-08-10 07:25:00
15629.5400390625,15630.48046875,15607.3203125,15611.6298828125,0,2026-08-10 07:30:00
15612.740234375,15618.23046875,15577.009765625,15579.919921875,0,2026-08-10 07:35:00
15579.740234375,15593.5,15566.3798828125,15583.4697265625,0,2026-08-10 07:40:00
15583.5,15596.1796875,15577.080078125,15588.0400390625,0,2026-08-10 07:45:00
15586.0,15629.580078125,15582.0703125,15622.8701171875,0,2026-08-10 07:50:00
15623.580078125,15651.0498046875,15621.5,15644.9697265625,0,2026-08-10 07:55:00
15644.7001953125,15662.3896484375,15640.2998046875,15648.8798828125,0,2026-08-10 08:00:00
15649.1201171875,15650.740234375,15626.48046875,15644.599609375,0,2026-08-10 08:05:00
15643.0703125,15667.099609375,15637.3203125,15659.1103515625,0,2026-08-10 08:10:00
15661.0400390625,15692.01953125,15658.9697265625,15690.3203125,0,2026-08-10 08:15:00
15691.9697265625,15692.91015625,15669.0595703125,15682.08984375,0,2026-08-10 08:20:00
15680.8603515625,15698.6298828125,15675.2197265625,15690.8701171875,0,2026-08-10 08:25:00
15691.2001953125,15705.669921875,15675.3896484375,15695.5,0,2026-08-10 08:30:00
15695.330078125,15728.01953125,15695.150390625,15725.01953125,0,2026-08-10 08:35:00
15726.4296875,15737.169921875,15708.6201171875,15735.169921875,0,2026-08-10 08:40:00
15734.7001953125,15739.4599609375,15719.7998046875,15721.3603515625,0,2026-08-10 08:45:00
15721.900390625,15724.259765625,15706.01953125,15717.6201171875,0,2026-08-10 08:50:00
15714.9697265625,15730.8798828125,15711.2900390625,15730.8798828125,0,2026-08-10 08:55:00
15730.2099609375,15747.3798828125,15728.599609375,15737.16015625,0,2026-08-10 09:00:00
15737.16015625,15742.9296875,15725.080078125,15732.4501953125,0,2026-08-10 09:05:00
15733.0,15741.1396484375,15718.76953125,15723.9404296875,0,2026-08-10 09:10:00
15723.9404296875,15736.73046875,15721.9296875,15725.7197265625,0,2026-08-10 09:15:00
15725.7197265625,15739.5400390625,15723.0,15732.1103515625,0,2026-08-10 09:20:00
15729.2900390625,15731.26953125,15706.8701171875,15710.349609375,0,2026-08-10 09:25:00
15707.0,15721.6396484375,15703.2197265625,15718.9296875,0,2026-08-10 09:30:00
15717.599609375,15720.6103515625,15699.5302734375,15702.6298828125,0,2026-08-10 09:35:00
15700.7099609375,15706.8203125,15695.900390625,15700.0400390625,0,2026-08-10 09:40:00
15699.9599609375,15704.01953125,15695.5400390625,15702.9697265625,0,2026-08-10 09:45:00
15701.0498046875,15712.509765625,15699.3896484375,15710.099609375,0,2026-08-10 09:50:00
15707.7099609375,15711.7197265625,15699.4697265625,15702.1396484375,0,2026-08-10 09:55:00
15702.4599609375,15708.099609375,15693.080078125,15703.6796875,0,2026-08-10 10:00:00
15701.9599609375,15711.01953125,15696.51953125,15702.830078125,0,2026-08-10 10:05:00
15704.01953125,15729.16015625,15698.1298828125,15726.4501953125,0,2026-08-10 10:10:00
15725.75,15725.75,15712.51953125,15720.919921875,0,2026-08-10 10:15:00
15723.1201171875,15736.599609375,15718.9404296875,15736.599609375,0,2026-08-10 10:20:00
15729.0595703125,15736.669921875,15718.009765625,15723.8203125,0,2026-08-10 10:25:00
15726.490234375,15738.0595703125,15722.419921875,15734.4697265625,0,2026-08-10 10:30:00
15735.6904296875,15736.8896484375,15713.9404296875,15726.9599609375,0,2026-08-10 10:35:00
15723.8203125,15733.25,15716.2900390625,15721.48046875,0,2026-08-10 10:40:00
15721.7802734375,15729.740234375,15715.490234375,15725.849609375,0,2026-08-10 10:45:00
15725.0595703125,15728.48046875,15713.5,15723.5703125,0,2026-08-10 10:50:00
15722.509765625,15725.9599609375,15699.33984375,15701.2099609375,0,2026-08-10 10:55:00
15699.599609375,15710.419921875,15687.490234375,15710.419921875,0,2026-08-10 11:00:00
15708.0595703125,15730.400390625,15698.400390625,15726.6298828125,0,2026-08-10 11:05:00
15724.9599609375,15735.759765625,15722.599609375,15726.66015625,0,2026-08-10 11:10:00
15724.349609375,15728.4296875,15706.759765625,15720.0,0,2026-08-10 11:15:00
15719.16015625,15722.490234375,15709.0703125,15714.1298828125,0,2026-08-10 11:20:00
15716.0498046875,15728.669921875,15700.0,15702.8095703125,0,2026-08-10 11:25:00
15703.6396484375,15705.5498046875,15683.419921875,15684.8203125,0,2026-08-10 11:30:00
15685.1201171875,15704.5,15680.75,15701.259765625,0,2026-08-10 11:35:00
15701.58984375,15714.25,15696.740234375,15711.2900390625,0,2026-08-10 11:40:00
15712.0,15723.0400390625,15704.2998046875,15710.2099609375,0,2026-08-10 11:45:00
15710.2099609375,15719.7998046875,15705.0400390625,15716.599609375,0,2026-08-10 11:50:00
15716.4404296875,15719.830078125,15707.9501953125,15715.0400390625,0,2026-08-10 11:55:00
15717.4296875,15721.3095703125,15704.2802734375,15718.7001953125,0,2026-08-10 12:00:00
15716.990234375,15720.240234375,15709.01953125,15712.3896484375,0,2026-08-10 12:05:00
15709.580078125,15712.41015625,15690.1796875,15695.98046875,0,2026-08-10 12:10:00
15693.259765625,15704.0498046875,15689.8203125,15691.25,0,2026-08-10 12:15:00
15688.740234375,15699.9296875,15682.0595703125,15692.759765625,0,2026-08-10 12:20:00
15693.0,15703.009765625,15685.9501953125,15697.599609375,0,2026-08-10 12:25:00
15697.009765625,15716.1904296875,15692.01953125,15711.6103515625,0,2026-08-10 12:30:00
15714.0302734375,15714.759765625,15694.23046875,15704.1796875,0,2026-08-10 12:35:00
15704.650390625,15715.4599609375,15694.73046875,15715.4599609375,0,2026-08-10 12:40:00
15715.23046875,15721.1796875,15703.3701171875,15703.66015625,0,2026-08-10 12:45:00
15706.259765625,15710.2802734375,15692.1796875,15702.6904296875,0,2026-08-10 12:50:00
15701.8095703125,15716.099609375,15699.8798828125,15704.1396484375,0,2026-08-10 12:55:00
15706.169921875,15720.8095703125,15702.7998046875,15717.9599609375,0,2026-08-10 13:00:00
15716.3095703125,15718.490234375,15698.0703125,15699.8203125,0,2026-08-10 13:05:00
15698.6103515625,15700.75,15675.01953125,15691.490234375,0,2026-08-10 13:10:00
15693.3896484375,15700.009765625,15684.26953125,15698.3203125,0,2026-08-10 13:15:00
15695.830078125,15700.0498046875,15675.419921875,15680.3603515625,0,2026-08-10 13:20:00
15677.919921875,15684.25,15667.3896484375,15680.3798828125,0,2026-08-10 13:25:00
15683.3603515625,15685.26953125,15670.1298828125,15672.8203125,0,2026-08-10 13:30:00
15671.5595703125,15674.2099609375,15652.5,15655.1396484375,0,2026-08-10 13:35:00
15656.6201171875,15677.509765625,15643.099609375,15667.5703125,0,2026-08-10 13:40:00
15667.650390625,15667.650390625,15633.16015625,15635.3701171875,0,2026-08-10 13:45:00
15635.8095703125,15639.6103515625,15613.26953125,15615.16015625,0,2026-08-10 13:50:00
15617.2998046875,15618.919921875,15594.2197265625,15603.8095703125,0,2026-08-10 13:55:00
15604.3896484375,15625.400390625,15602.8203125,15607.3603515625,0,2026-08-10 14:00:00
15608.08984375,15635.2001953125,15601.5,15634.1201171875,0,2026-08-10 14:05:00
15634.509765625,15658.1298828125,15631.5595703125,15658.1298828125,0,2026-08-10 14:10:00
15656.6796875,15662.259765625,15627.3603515625,15638.599609375,0,2026-08-10 14:15:00
15638.1796875,15652.3603515625,15632.3896484375,15639.419921875,0,2026-08-10 14:20:00
15638.6796875,15650.98046875,15634.849609375,15642.33984375,0,2026-08-10 14:25:00
15643.7802734375,15659.75,15638.5,15651.2900390625,0,2026-08-10 14:30:00
15650.01953125,15659.4599609375,15646.48046875,15651.3896484375,0,2026-08-10 14:35:00
15649.0,15656.2802734375,15631.580078125,15634.7099609375,0,2026-08-10 14:40:00
15633.7998046875,15649.5,15631.349609375,15639.599609375,0,2026-08-10 14:45:00
15640.3603515625,15644.0595703125,15627.16015625,15632.1298828125,0,2026-08-10 14:50:00
15633.3896484375,15633.990234375,15621.990234375,15626.3203125,0,2026-08-10 14:55:00
15605.6103515625,15605.6103515625,15583.76953125,15583.76953125,0,2026-08-11 06:55:00
15583.76953125,15583.76953125,15498.5302734375,15507.4697265625,0,2026-08-11 07:00:00
15502.740234375,15515.2099609375,15468.0400390625,15470.8701171875,0,2026-08-11 07:05:00
15467.830078125,15469.75,15436.150390625,15446.4599609375,0,2026-08-11 07:10:00
15446.0498046875,15449.830078125,15394.5400390625,15405.16015625,0,2026-08-11 07:15:00
15403.73046875,15403.73046875,15349.98046875,15363.66015625,0,2026-08-11 07:20:00
15360.51953125,15377.8701171875,15321.0498046875,15342.4599609375,0,2026-08-11 07:25:00
15345.330078125,15350.599609375,15321.0400390625,15347.48046875,0,2026-08-11 07:30:00
15349.490234375,15383.3095703125,15336.83984375,15382.6103515625,0,2026-08-11 07:35:00
15381.240234375,15385.8701171875,15356.41015625,15367.400390625,0,2026-08-11 07:40:00
15361.33984375,15365.740234375,15326.48046875,15334.009765625,0,2026-08-11 07:45:00
15334.349609375,15352.419921875,15314.240234375,15352.419921875,0,2026-08-11 07:50:00
15350.0400390625,15362.6396484375,15340.25,15357.990234375,0,2026-08-11 07:55:00
15357.75,15357.75,15321.650390625,15322.73046875,0,2026-08-11 08:00:00
15323.23046875,15324.169921875,15292.26953125,15294.419921875,0,2026-08-11 08:05:00
15292.48046875,15299.6103515625,15283.150390625,15288.3896484375,0,2026-08-11 08:10:00
15290.150390625,15309.51953125,15286.1904296875,15291.740234375,0,2026-08-11 08:15:00
15293.3798828125,15295.6103515625,15277.01953125,15285.7900390625,0,2026-08-11 08:20:00
15285.83984375,15319.150390625,15284.849609375,15304.7900390625,0,2026-08-11 08:25:00
15305.4501953125,15313.6904296875,15297.419921875,15306.2197265625,0,2026-08-11 08:30:00
15305.0400390625,15329.740234375,15296.6396484375,15326.4296875,0,2026-08-11 08:35:00
15324.4404296875,15347.1904296875,15324.4404296875,15338.9404296875,0,2026-08-11 08:40:00
15339.830078125,15367.2900390625,15332.1103515625,15357.1103515625,0,2026-08-11 08:45:00
15356.5302734375,15367.23046875,15348.7197265625,15355.0400390625,0,2026-08-11 08:50:00
15346.9697265625,15355.6298828125,15338.2802734375,15339.8896484375,0,2026-08-11 08:55:00
15341.5498046875,15341.5498046875,15312.990234375,15329.419921875,0,2026-08-11 09:00:00
15331.8701171875,15345.1396484375,15330.33984375,15336.0498046875,0,2026-08-11 09:05:00
15333.3896484375,15336.740234375,15315.9599609375,15318.66015625,0,2026-08-11 09:10:00
15318.7197265625,15330.0498046875,15316.4296875,15321.919921875,0,2026-08-11 09:15:00
15321.33984375,15327.2998046875,15297.1201171875,15312.6298828125,0,2026-08-11 09:20:00
15311.599609375,15332.1904296875,15297.5302734375,15330.98046875,0,2026-08-11 09:25:00
15331.3896484375,15348.1298828125,15328.0400390625,15346.330078125,0,2026-08-11 09:30:00
15348.1201171875,15359.6298828125,15340.0302734375,15351.01953125,0,2026-08-11 09:35:00
15349.2900390625,15360.9599609375,15345.48046875,15357.4501953125,0,2026-08-11 09:40:00
15357.23046875,15366.7998046875,15353.7001953125,15357.4296875,0,2026-08-11 09:45:00
15357.7900390625,15357.9599609375,15343.8095703125,15348.3701171875,0,2026-08-11 09:50:00
15349.1396484375,15350.5302734375,15327.25,15331.1796875,0,2026-08-11 09:55:00
15330.7900390625,15332.4296875,15307.599609375,15331.3896484375,0,2026-08-11 10:00:00
15331.33984375,15340.1298828125,15325.509765625,15332.3701171875,0,2026-08-11 10:05:00
15332.8798828125,15351.1298828125,15328.7001953125,15351.1298828125,0,2026-08-11 10:10:00
15349.6201171875,15354.0400390625,15342.7099609375,15347.1904296875,0,2026-08-11 10:15:00
15345.5302734375,15369.1796875,15342.76953125,15353.650390625,0,2026-08-11 10:20:00
15354.8798828125,15370.830078125,15349.0,15363.33984375,0,2026-08-11 10:25:00
15361.1103515625,15364.7900390625,15348.2099609375,15360.0703125,0,2026-08-11 10:30:00
15360.0703125,15373.23046875,15356.9501953125,15370.51953125,0,2026-08-11 10:35:00
15370.7998046875,15374.0302734375,15347.0703125,15353.2197265625,0,2026-08-11 10:40:00
15354.849609375,15355.5703125,15344.080078125,15355.150390625,0,2026-08-11 10:45:00
15353.490234375,15357.490234375,15345.3095703125,15345.73046875,0,2026-08-11 10:50:00
15345.16015625,15356.009765625,15337.66015625,15343.5400390625,0,2026-08-11 10:55:00
15345.0400390625,15393.4296875,15336.6201171875,15375.4296875,0,2026-08-11 11:00:00
15378.349609375,15403.4404296875,15376.75,15386.7001953125,0,2026-08-11 11:05:00
15385.0302734375,15405.150390625,15382.66015625,15401.5703125,0,2026-08-11 11:10:00
15397.6201171875,15414.5,15358.0302734375,15360.759765625,0,2026-08-11 11:15:00
15361.5302734375,15372.9599609375,15347.1396484375,15350.740234375,0,2026-08-11 11:20:00
15348.240234375,15372.5498046875,15343.8095703125,15372.08984375,0,2026-08-11 11:25:00
15371.830078125,15397.6298828125,15369.080078125,15394.2802734375,0,2026-08-11 11:30:00
15393.3203125,15411.2900390625,15379.3701171875,15410.7998046875,0,2026-08-11 11:35:00
15411.349609375,15418.8896484375,15393.6904296875,15406.7802734375,0,2026-08-11 11:40:00
15405.900390625,15407.3701171875,15376.1396484375,15385.0498046875,0,2026-08-11 11:45:00
15385.509765625,15386.830078125,15370.6796875,15381.6201171875,0,2026-08-11 11:50:00
15380.1904296875,15387.419921875,15363.5498046875,15376.25,0,2026-08-11 11:55:00
15374.9296875,15381.1103515625,15364.3798828125,15374.650390625,0,2026-08-11 12:00:00
15374.75,15400.7001953125,15370.9599609375,15399.4501953125,0,2026-08-11 12:05:00
15400.0,15418.5400390625,15399.0595703125,15417.099609375,0,2026-08-11 12:10:00
15416.58984375,15419.8798828125,15409.9599609375,15417.2001953125,0,2026-08-11 12:15:00
15417.5302734375,15427.3798828125,15395.6201171875,15411.400390625,0,2026-08-11 12:20:00
15412.3095703125,15444.1298828125,15411.4296875,15440.01953125,0,2026-08-11 12:25:00
15442.330078125,15453.2099609375,15425.6298828125,15434.0,0,2026-08-11 12:30:00
15433.51953125,15447.3095703125,15432.5703125,15447.3095703125,0,2026-08-11 12:35:00
15446.759765625,15483.1201171875,15445.4296875,15482.2197265625,0,2026-08-11 12:40:00
15479.509765625,15500.509765625,15471.23046875,15499.099609375,0,2026-08-11 12:45:00
15497.900390625,15507.7001953125,15476.23046875,15500.2001953125,0,2026-08-11 12:50:00
15503.8095703125,15516.3798828125,15498.58984375,15508.919921875,0,2026-08-11 12:55:00
15506.7900390625,15536.9697265625,15504.01953125,15534.16015625,0,2026-08-11 13:00:00
15538.3095703125,15552.73046875,15522.7197265625,15525.7099609375,0,2026-08-11 13:05:00
15523.41015625,15539.900390625,15516.4697265625,15519.1201171875,0,2026-08-11 13:10:00
15518.48046875,15527.25,15502.669921875,15527.25,0,2026-08-11 13:15:00
15526.830078125,15561.51953125,15526.830078125,15557.23046875,0,2026-08-11 13:20:00
15560.3095703125,15573.9404296875,15555.919921875,15566.259765625,0,2026-08-11 13:25:00
15567.919921875,15570.41015625,15548.25,15560.33984375,0,2026-08-11 13:30:00
15560.0595703125,15568.0400390625,15526.4697265625,15529.400390625,0,2026-08-11 13:35:00
15529.2001953125,15539.599609375,15518.4296875,15526.1201171875,0,2026-08-11 13:40:00
15527.8701171875,15530.419921875,15488.91015625,15488.91015625,0,2026-08-11 13:45:00
15489.349609375,15505.5,15483.849609375,15492.009765625,0,2026-08-11 13:50:00
15493.080078125,15496.400390625,15477.9599609375,15480.8896484375,0,2026-08-11 13:55:00
15480.9501953125,15499.7900390625,15463.0400390625,15472.7802734375,0,2026-08-11 14:00:00
15473.599609375,15492.91015625,15468.4697265625,15490.7802734375,0,2026-08-11 14:05:00
15490.7802734375,15496.259765625,15476.2197265625,15480.1904296875,0,2026-08-11 14:10:00
15477.5595703125,15484.0595703125,15472.759765625,15480.83984375,0,2026-08-11 14:15:00
15481.01953125,15485.490234375,15450.509765625,15456.509765625,0,2026-08-11 14:20:00
15457.2001953125,15474.7099609375,15452.1396484375,15474.3095703125,0,2026-08-11 14:25:00
15474.1103515625,15487.23046875,15465.41015625,15485.3896484375,0,2026-08-11 14:30:00
15486.3896484375,15500.91015625,15473.5703125,15475.6396484375,0,2026-08-11 14:35:00
15475.48046875,15479.8896484375,15465.4501953125,15470.400390625,0,2026-08-11 14:40:00
15468.650390625,15495.419921875,15467.1201171875,15493.1904296875,0,2026-08-11 14:45:00
15495.4501953125,15496.9404296875,15466.98046875,15469.98046875,0,2026-08-11 14:50:00
15467.740234375,15473.990234375,15459.990234375,15464.4296875,0,2026-08-11 14:55:00
15460.2197265625,15463.25,15460.2197265625,15463.25,0,2026-08-12 06:55:00
15463.25,15524.419921875,15450.83984375,15496.0595703125,0,2026-08-12 07:00:00
15495.08984375,15541.5595703125,15477.830078125,15516.5400390625,0,2026-08-12 07:05:00
15517.849609375,15562.8701171875,15509.150390625,15561.1103515625,0,2026-08-12 07:10:00
15558.1103515625,15560.599609375,15518.580078125,15527.1396484375,0,2026-08-12 07:15:00
15527.009765625,15552.7802734375,15511.150390625,15550.7099609375,0,2026-08-12 07:20:00
15551.08984375,15552.2001953125,15527.599609375,15529.25,0,2026-08-12 07:25:00
15520.669921875,15526.2998046875,15485.25,15498.33984375,0,2026-08-12 07:30:00
15496.2001953125,15549.48046875,15489.73046875,15548.900390625,0,2026-08-12 07:35:00
15546.8798828125,15551.66015625,15530.0302734375,15534.1396484375,0,2026-08-12 07:40:00
15535.8701171875,15545.009765625,15518.849609375,15523.650390625,0,2026-08-12 07:45:00
15524.8203125,15541.2197265625,15513.849609375,15530.580078125,0,2026-08-12 07:50:00
15532.0498046875,15546.900390625,15522.4404296875,15546.48046875,0,2026-08-12 07:55:00
15542.9501953125,15582.990234375,15538.3095703125,15563.8798828125,0,2026-08-12 08:00:00
15563.98046875,15563.98046875,15509.75,15521.7001953125,0,2026-08-12 08:05:00
15520.2802734375,15553.3095703125,15518.0,15550.759765625,0,2026-08-12 08:10:00
15550.26953125,15563.2900390625,15534.2197265625,15556.51953125,0,2026-08-12 08:15:00
15556.98046875,15576.240234375,15553.8203125,15576.2197265625,0,2026-08-12 08:20:00
15574.4404296875,15598.4599609375,15574.4404296875,15592.990234375,0,2026-08-12 08:25:00
15592.740234375,15606.1396484375,15583.349609375,15594.669921875,0,2026-08-12 08:30:00
15595.849609375,15610.1103515625,15589.3701171875,15604.6796875,0,2026-08-12 08:35:00
15604.9404296875,15617.3701171875,15598.8203125,15615.1298828125,0,2026-08-12 08:40:00
15616.26953125,15640.3095703125,15607.8798828125,15639.0498046875,0,2026-08-12 08:45:00
15639.3896484375,15669.6796875,15623.5595703125,15668.3203125,0,2026-08-12 08:50:00
15668.6298828125,15681.169921875,15658.0595703125,15667.900390625,0,2026-08-12 08:55:00
15675.509765625,15694.5703125,15661.4599609375,15684.8095703125,0,2026-08-12 09:00:00
15685.25,15694.7001953125,15673.0595703125,15677.740234375,0,2026-08-12 09:05:00
15678.580078125,15686.0302734375,15657.33984375,15662.080078125,0,2026-08-12 09:10:00
15661.7001953125,15680.9599609375,15649.0498046875,15676.669921875,0,2026-08-12 09:15:00
15676.240234375,15723.7197265625,15671.98046875,15718.3603515625,0,2026-08-12 09:20:00
15719.3798828125,15722.830078125,15692.2998046875,15698.900390625,0,2026-08-12 09:25:00
15697.1904296875,15725.4599609375,15697.1904296875,15719.4404296875,0,2026-08-12 09:30:00
15719.509765625,15725.509765625,15697.0703125,15698.3603515625,0,2026-08-12 09:35:00
15698.400390625,15712.1201171875,15683.6298828125,15684.26953125,0,2026-08-12 09:40:00
15682.51953125,15696.1396484375,15677.7802734375,15683.73046875,0,2026-08-12 09:45:00
15684.3896484375,15692.740234375,15659.2900390625,15665.1298828125,0,2026-08-12 09:50:00
15663.4599609375,15668.0498046875,15656.2802734375,15661.51953125,0,2026-08-12 09:55:00
15662.6396484375,15705.7197265625,15658.8798828125,15700.7900390625,0,2026-08-12 10:00:00
15701.6904296875,15717.2998046875,15696.1298828125,15715.009765625,0,2026-08-12 10:05:00
15714.080078125,15729.330078125,15712.1904296875,15723.259765625,0,2026-08-12 10:10:00
15722.509765625,15740.66015625,15718.33984375,15731.169921875,0,2026-08-12 10:15:00
15729.9296875,15763.8896484375,15728.5498046875,15757.5400390625,0,2026-08-12 10:20:00
15758.919921875,15759.5400390625,15733.3095703125,15752.2001953125,0,2026-08-12 10:25:00
15751.580078125,15751.580078125,15724.9404296875,15728.7099609375,0,2026-08-12 10:30:00
15725.9404296875,15742.76953125,15721.51953125,15736.3095703125,0,2026-08-12 10:35:00
15735.4404296875,15741.08984375,15721.8603515625,15730.41015625,0,2026-08-12 10:40:00
15729.3896484375,15741.599609375,15709.1103515625,15713.849609375,0,2026-08-12 10:45:00
15713.8095703125,15726.5703125,15705.51953125,15707.6103515625,0,2026-08-12 10:50:00
15707.08984375,15728.91015625,15693.48046875,15719.349609375,0,2026-08-12 10:55:00
15719.5703125,15728.5595703125,15709.240234375,15713.759765625,0,2026-08-12 11:00:00
15714.0,15733.5,15711.16015625,15726.23046875,0,2026-08-12 11:05:00
15727.33984375,15741.099609375,15721.8798828125,15740.9599609375,0,2026-08-12 11:10:00
15740.5703125,15744.490234375,15724.6396484375,15729.099609375,0,2026-08-12 11:15:00
15728.5703125,15731.66015625,15703.3095703125,15722.080078125,0,2026-08-12 11:20:00
15721.7900390625,15725.25,15705.33984375,15724.4501953125,0,2026-08-12 11:25:00
15725.01953125,15731.9501953125,15717.33984375,15724.6103515625,0,2026-08-12 11:30:00
15724.51953125,15731.919921875,15716.9697265625,15722.33984375,0,2026-08-12 11:35:00
15722.2802734375,15746.25,15721.330078125,15737.98046875,0,2026-08-12 11:40:00
15739.1904296875,15760.1796875,15729.9501953125,15757.4697265625,0,2026-08-12 11:45:00
15758.009765625,15766.3095703125,15749.25,15759.7197265625,0,2026-08-12 11:50:00
15759.400390625,15785.099609375,15750.9404296875,15774.8603515625,0,2026-08-12 11:55:00
15776.419921875,15805.6201171875,15772.1904296875,15802.6796875,0,2026-08-12 12:00:00
15802.2900390625,15857.7802734375,15800.0302734375,15851.4501953125,0,2026-08-12 12:05:00
15851.0302734375,15911.9501953125,15850.0302734375,15900.16015625,0,2026-08-12 12:10:00
15898.26953125,15927.8095703125,15872.7900390625,15881.01953125,0,2026-08-12 12:15:00
15881.8701171875,15903.169921875,15856.099609375,15887.51953125,0,2026-08-12 12:20:00
15887.5498046875,15892.900390625,15866.58984375,15891.3896484375,0,2026-08-12 12:25:00
15890.01953125,15891.8798828125,15851.23046875,15877.58984375,0,2026-08-12 12:30:00
15875.75,15876.4599609375,15823.1103515625,15840.8203125,0,2026-08-12 12:35:00
15843.400390625,15886.9501953125,15831.8203125,15870.509765625,0,2026-08-12 12:40:00
15866.7001953125,15872.73046875,15850.23046875,15867.349609375,0,2026-08-12 12:45:00
15863.8896484375,15878.150390625,15860.76953125,15874.900390625,0,2026-08-12 12:50:00
15872.9501953125,15877.080078125,15854.9697265625,15861.3896484375,0,2026-08-12 12:55:00
15863.33984375,15925.6396484375,15858.6904296875,15922.900390625,0,2026-08-12 13:00:00
15921.6201171875,15928.5400390625,15910.0302734375,15912.080078125,0,2026-08-12 13:05:00
15914.2998046875,15937.9404296875,15903.1103515625,15919.169921875,0,2026-08-12 13:10:00
15919.099609375,15944.1298828125,15914.0498046875,15930.83984375,0,2026-08-12 13:15:00
15933.7998046875,15946.740234375,15922.419921875,15940.8896484375,0,2026-08-12 13:20:00
15941.4599609375,15951.150390625,15928.8603515625,15935.0,0,2026-08-12 13:25:00
15933.51953125,15950.8798828125,15930.7900390625,15939.6103515625,0,2026-08-12 13:30:00
15941.150390625,15948.580078125,15925.8095703125,15946.330078125,0,2026-08-12 13:35:00
15947.1396484375,15965.2802734375,15937.9697265625,15946.740234375,0,2026-08-12 13:40:00
15946.98046875,15954.83984375,15932.349609375,15946.5595703125,0,2026-08-12 13:45:00
15944.5703125,15952.1298828125,15939.7900390625,15951.419921875,0,2026-08-12 13:50:00
15951.9697265625,15952.740234375,15937.900390625,15944.4697265625,0,2026-08-12 13:55:00
15943.1201171875,15966.5498046875,15937.51953125,15957.009765625,0,2026-08-12 14:00:00
15953.0400390625,15973.1796875,15941.33984375,15965.7001953125,0,2026-08-12 14:05:00
15967.3095703125,15985.7099609375,15940.099609375,15953.009765625,0,2026-08-12 14:10:00
15953.3798828125,15957.9404296875,15930.2802734375,15934.419921875,0,2026-08-12 14:15:00
15934.0,15948.8701171875,15930.150390625,15941.009765625,0,2026-08-12 14:20:00
15940.9599609375,15949.7001953125,15927.330078125,15945.509765625,0,2026-08-12 14:25:00
15941.259765625,15962.16015625,15941.259765625,15957.490234375,0,2026-08-12 14:30:00
15958.099609375,15979.650390625,15949.1201171875,15975.259765625,0,2026-08-12 14:35:00
15976.7001953125,16003.83984375,15972.58984375,15994.349609375,0,2026-08-12 14:40:00
15991.9599609375,15995.7099609375,15979.900390625,15991.8095703125,0,2026-08-12 14:45:00
15991.2197265625,15998.349609375,15956.7802734375,15960.490234375,0,2026-08-12 14:50:00
15961.259765625,15963.5595703125,15944.3798828125,15954.1103515625,0,2026-08-12 14:55:00
15970.3203125,15986.4296875,15970.3203125,15986.4296875,0,2026-08-13 06:55:00
15986.4296875,16072.1201171875,15983.83984375,16056.1396484375,0,2026-08-13 07:00:00
16054.169921875,16104.1904296875,16050.2802734375,16075.0703125,0,2026-08-13 07:05:00
16073.3603515625,16111.2099609375,16073.3603515625,16074.5703125,0,2026-08-13 07:10:00
16075.6298828125,16087.5703125,16050.900390625,16083.6298828125,0,2026-08-13 07:15:00
16084.91015625,16109.75,16060.7001953125,16106.6396484375,0,2026-08-13 07:20:00
16108.8701171875,16131.2998046875,16091.4501953125,16102.4599609375,0,2026-08-13 07:25:00
16101.2802734375,16106.6904296875,16064.2001953125,16099.259765625,0,2026-08-13 07:30:00
16097.5498046875,16102.75,16065.1201171875,16065.1201171875,0,2026-08-13 07:35:00
16063.4599609375,16072.3798828125,16055.669921875,16069.7900390625,0,2026-08-13 07:40:00
16071.7099609375,16089.25,16068.1103515625,16072.0595703125,0,2026-08-13 07:45:00
16073.650390625,16074.490234375,15999.740234375,15999.740234375,0,2026-08-13 07:50:00
16000.9697265625,16011.5498046875,15959.849609375,15963.599609375,0,2026-08-13 07:55:00
15959.23046875,15978.080078125,15917.5595703125,15969.490234375,0,2026-08-13 08:00:00
15971.3095703125,15987.830078125,15957.76953125,15975.4296875,0,2026-08-13 08:05:00
15977.3701171875,16000.25,15975.01953125,15981.3603515625,0,2026-08-13 08:10:00
15975.330078125,15996.73046875,15974.26953125,15989.490234375,0,2026-08-13 08:15:00
15990.599609375,15999.6396484375,15972.3798828125,15981.6396484375,0,2026-08-13 08:20:00
15981.990234375,15988.2802734375,15962.0302734375,15978.73046875,0,2026-08-13 08:25:00
15978.7900390625,16004.650390625,15957.98046875,16004.650390625,0,2026-08-13 08:30:00
16004.5302734375,16015.650390625,15992.73046875,15997.6396484375,0,2026-08-13 08:35:00
15999.73046875,16001.8203125,15966.990234375,15970.1201171875,0,2026-08-13 08:40:00
15972.16015625,15974.7998046875,15952.9404296875,15964.1796875,0,2026-08-13 08:45:00
15964.3203125,15965.8896484375,15950.240234375,15959.919921875,0,2026-08-13 08:50:00
15961.240234375,15964.73046875,15935.2802734375,15938.1796875,0,2026-08-13 08:55:00
15941.8095703125,15942.1796875,15915.8603515625,15922.650390625,0,2026-08-13 09:00:00
15925.33984375,15934.2197265625,15913.9501953125,15931.7001953125,0,2026-08-13 09:05:00
15930.5703125,15952.2001953125,15922.8896484375,15935.1103515625,0,2026-08-13 09:10:00
15936.7998046875,15952.91015625,15925.9599609375,15951.1796875,0,2026-08-13 09:15:00
15952.150390625,15972.5595703125,15948.2802734375,15971.5703125,0,2026-08-13 09:20:00
15969.990234375,15979.259765625,15962.919921875,15964.41015625,0,2026-08-13 09:25:00
15966.9697265625,15992.6201171875,15964.3095703125,15991.9599609375,0,2026-08-13 09:30:00
15994.76953125,15998.51953125,15954.73046875,15958.759765625,0,2026-08-13 09:35:00
15957.099609375,15981.7001953125,15957.099609375,15974.41015625,0,2026-08-13 09:40:00
15972.8896484375,15977.9296875,15959.240234375,15962.490234375,0,2026-08-13 09:45:00
15962.6904296875,15964.3203125,15947.1103515625,15952.66015625,0,2026-08-13 09:50:00
15952.66015625,15959.8203125,15940.9697265625,15951.66015625,0,2026-08-13 09:55:00
15950.919921875,15962.26953125,15938.73046875,15941.009765625,0,2026-08-13 10:00:00
15941.009765625,15948.099609375,15929.7001953125,15933.3896484375,0,2026-08-13 10:05:00
15933.58984375,15935.2802734375,15917.7802734375,15922.330078125,0,2026-08-13 10:10:00
15923.4697265625,15928.900390625,15911.6796875,15917.3203125,0,2026-08-13 10:15:00
15916.3095703125,15946.4501953125,15910.8203125,15943.2900390625,0,2026-08-13 10:20:00
15944.490234375,15945.0302734375,15935.4296875,15941.26953125,0,2026-08-13 10:25:00
15939.7998046875,15955.2998046875,15937.349609375,15953.7802734375,0,2026-08-13 10:30:00
15953.3095703125,15961.1201171875,15948.8203125,15954.7197265625,0,2026-08-13 10:35:00
15954.8798828125,15960.6904296875,15927.169921875,15931.0595703125,0,2026-08-13 10:40:00
15933.4296875,15957.4296875,15933.4296875,15952.3095703125,0,2026-08-13 10:45:00
15951.349609375,15958.2900390625,15933.7197265625,15937.0703125,0,2026-08-13 10:50:00
15934.6201171875,15940.23046875,15924.3798828125,15928.349609375,0,2026-08-13 10:55:00
15928.6396484375,15937.26953125,15922.0400390625,15925.4599609375,0,2026-08-13 11:00:00
15925.7998046875,15941.73046875,15923.25,15937.9501953125,0,2026-08-13 11:05:00
15937.7900390625,15944.3701171875,15923.1103515625,15933.919921875,0,2026-08-13 11:10:00
15934.26953125,15947.8603515625,15929.5,15944.8095703125,0,2026-08-13 11:15:00
15945.150390625,15955.9404296875,15940.01953125,15943.3095703125,0,2026-08-13 11:20:00
15943.5595703125,15943.5595703125,15917.41015625,15923.919921875,0,2026-08-13 11:25:00
15922.0400390625,15947.1796875,15919.16015625,15944.169921875,0,2026-08-13 11:30:00
15947.009765625,15949.0498046875,15920.0703125,15932.23046875,0,2026-08-13 11:35:00
15931.9697265625,15950.2099609375,15920.6298828125,15946.41015625,0,2026-08-13 11:40:00
15946.16015625,15948.4697265625,15933.98046875,15938.2099609375,0,2026-08-13 11:45:00
15939.240234375,15957.7802734375,15932.009765625,15945.740234375,0,2026-08-13 11:50:00
15945.3095703125,15964.5,15940.990234375,15954.3896484375,0,2026-08-13 11:55:00
15953.16015625,15976.3798828125,15953.16015625,15970.6201171875,0,2026-08-13 12:00:00
15969.400390625,15987.6298828125,15966.7197265625,15977.5400390625,0,2026-08-13 12:05:00
15978.849609375,15982.169921875,15958.580078125,15968.919921875,0,2026-08-13 12:10:00
15966.7998046875,15972.0498046875,15941.2998046875,15947.0595703125,0,2026-08-13 12:15:00
15947.259765625,15949.3095703125,15924.8701171875,15937.1396484375,0,2026-08-13 12:20:00
15937.1396484375,15940.5,15908.1201171875,15916.740234375,0,2026-08-13 12:25:00
15916.1796875,15940.2099609375,15915.4697265625,15936.0498046875,0,2026-08-13 12:30:00
15936.6796875,15943.3896484375,15927.580078125,15939.3701171875,0,2026-08-13 12:35:00
15936.509765625,15946.5703125,15928.7802734375,15942.6298828125,0,2026-08-13 12:40:00
15946.400390625,15954.83984375,15938.1201171875,15950.5595703125,0,2026-08-13 12:45:00
15950.5,15968.9501953125,15946.5400390625,15962.9501953125,0,2026-08-13 12:50:00
15961.0498046875,15996.919921875,15954.6396484375,15985.5703125,0,2026-08-13 12:55:00
15989.400390625,16039.73046875,15969.0400390625,16029.919921875,0,2026-08-13 13:00:00
16034.0,16054.4501953125,16018.5,16027.9501953125,0,2026-08-13 13:05:00
16027.1396484375,16046.83984375,16024.6201171875,16046.83984375,0,2026-08-13 13:10:00
16042.76953125,16044.0,15991.3701171875,16009.830078125,0,2026-08-13 13:15:00
16009.8203125,16015.009765625,15987.25,15998.4599609375,0,2026-08-13 13:20:00
15997.25,16018.4501953125,15990.9404296875,16011.7900390625,0,2026-08-13 13:25:00
16010.419921875,16015.1103515625,15985.8095703125,15990.4501953125,0,2026-08-13 13:30:00
15992.150390625,16008.0302734375,15989.599609375,16002.0302734375,0,2026-08-13 13:35:00
16003.0498046875,16018.2099609375,15993.5,15995.830078125,0,2026-08-13 13:40:00
15994.08984375,16002.6904296875,15992.2900390625,15998.0703125,0,2026-08-13 13:45:00
15998.0703125,16000.6103515625,15974.4404296875,15984.4296875,0,2026-08-13 13:50:00
15982.5703125,15991.919921875,15973.7998046875,15985.8896484375,0,2026-08-13 13:55:00
15985.7900390625,16011.75,15984.7001953125,15996.169921875,0,2026-08-13 14:00:00
15994.16015625,16012.650390625,15993.26953125,16012.650390625,0,2026-08-13 14:05:00
16012.9404296875,16018.580078125,16000.849609375,16009.669921875,0,2026-08-13 14:10:00
16006.8203125,16009.5302734375,15989.73046875,15998.330078125,0,2026-08-13 14:15:00
15997.5703125,16001.7197265625,15988.01953125,15999.580078125,0,2026-08-13 14:20:00
16002.1201171875,16023.1201171875,16002.1201171875,16019.6796875,0,2026-08-13 14:25:00
16019.76953125,16032.349609375,16013.83984375,16029.76953125,0,2026-08-13 14:30:00
16033.0498046875,16034.7197265625,16004.8095703125,16033.7998046875,0,2026-08-13 14:35:00
16036.990234375,16037.51953125,16009.2197265625,16021.2197265625,0,2026-08-13 14:40:00
16020.76953125,16021.6904296875,16001.73046875,16007.2197265625,0,2026-08-13 14:45:00
16006.5302734375,16012.3203125,16000.0302734375,16006.91015625,0,2026-08-13 14:50:00
16006.080078125,16008.08984375,15986.25,16005.9296875,0,2026-08-13 14:55:00
16023.5595703125,16076.3603515625,16023.5595703125,16076.3603515625,0,2026-08-14 06:55:00
16076.3603515625,16126.990234375,16058.1796875,16115.6796875,0,2026-08-14 07:00:00
16114.8798828125,16161.41015625,16114.8798828125,16152.6103515625,0,2026-08-14 07:05:00
16155.580078125,16192.1103515625,16142.8701171875,16173.599609375,0,2026-08-14 07:10:00
16172.48046875,16187.650390625,16156.509765625,16187.33984375,0,2026-08-14 07:15:00
16186.5498046875,16191.25,16154.3798828125,16158.1396484375,0,2026-08-14 07:20:00
16160.0,16177.0595703125,16151.830078125,16157.8603515625,0,2026-08-14 07:25:00
16157.5302734375,16183.759765625,16112.830078125,16115.26953125,0,2026-08-14 07:30:00
16116.01953125,16162.830078125,16105.2998046875,16160.51953125,0,2026-08-14 07:35:00
16159.23046875,16180.9404296875,16154.419921875,16160.509765625,0,2026-08-14 07:40:00
16161.48046875,16163.1396484375,16127.75,16129.509765625,0,2026-08-14 07:45:00
16130.330078125,16135.98046875,16114.83984375,16122.4501953125,0,2026-08-14 07:50:00
16119.7900390625,16133.4404296875,16104.1904296875,16119.6396484375,0,2026-08-14 07:55:00
16120.58984375,16129.7900390625,16110.5,16122.330078125,0,2026-08-14 08:00:00
16123.9404296875,16128.9599609375,16085.4697265625,16096.8798828125,0,2026-08-14 08:05:00
16097.08984375,16140.3896484375,16091.4296875,16135.3603515625,0,2026-08-14 08:10:00
16135.419921875,16135.419921875,16115.240234375,16124.5302734375,0,2026-08-14 08:15:00
16124.3798828125,16136.7802734375,16113.6298828125,16116.9501953125,0,2026-08-14 08:20:00
16117.1103515625,16148.7900390625,16107.419921875,16145.4501953125,0,2026-08-14 08:25:00
16145.4501953125,16171.0,16143.7998046875,16167.6201171875,0,2026-08-14 08:30:00
16168.8701171875,16201.41015625,16165.9501953125,16201.41015625,0,2026-08-14 08:35:00
16197.7802734375,16213.830078125,16185.5,16192.2197265625,0,2026-08-14 08:40:00
16193.41015625,16200.91015625,16182.740234375,16197.1201171875,0,2026-08-14 08:45:00
16197.0,16207.4599609375,16184.6796875,16201.0302734375,0,2026-08-14 08:50:00
16202.099609375,16206.58984375,16170.3603515625,16177.9404296875,0,2026-08-14 08:55:00
16177.4296875,16182.76953125,16162.509765625,16171.1201171875,0,2026-08-14 09:00:00
16172.0498046875,16179.1904296875,16163.0595703125,16179.1904296875,0,2026-08-14 09:05:00
16180.419921875,16180.419921875,16135.2197265625,16136.41015625,0,2026-08-14 09:10:00
16136.75,16136.75,16087.7998046875,16091.5,0,2026-08-14 09:15:00
16091.349609375,16102.150390625,16068.9404296875,16076.8095703125,0,2026-08-14 09:20:00
16080.150390625,16084.5302734375,16069.08984375,16078.1796875,0,2026-08-14 09:25:00
16075.6103515625,16079.099609375,16059.8095703125,16076.8203125,0,2026-08-14 09:30:00
16076.9501953125,16094.3701171875,16075.0703125,16090.419921875,0,2026-08-14 09:35:00
16090.240234375,16091.1201171875,16080.419921875,16083.5302734375,0,2026-08-14 09:40:00
16082.150390625,16098.0,16077.740234375,16095.8701171875,0,2026-08-14 09:45:00
16094.419921875,16097.2802734375,16076.900390625,16088.4404296875,0,2026-08-14 09:50:00
16088.4404296875,16100.1396484375,16088.4404296875,16093.7099609375,0,2026-08-14 09:55:00
16094.5595703125,16096.98046875,16082.4501953125,16084.8603515625,0,2026-08-14 10:00:00
16083.7802734375,16101.5703125,16083.7802734375,16101.5703125,0,2026-08-14 10:05:00
16101.5703125,16110.5595703125,16095.0595703125,16109.4501953125,0,2026-08-14 10:10:00
16105.0498046875,16112.4296875,16093.4296875,16104.080078125,0,2026-08-14 10:15:00
16103.990234375,16105.73046875,16094.580078125,16101.83984375,0,2026-08-14 10:20:00
16100.669921875,16106.23046875,16093.8603515625,16101.4296875,0,2026-08-14 10:25:00
16099.830078125,16104.009765625,16092.0498046875,16096.1103515625,0,2026-08-14 10:30:00
16099.4697265625,16107.240234375,16094.509765625,16104.0400390625,0,2026-08-14 10:35:00
16101.33984375,16112.1796875,16100.2900390625,16110.400390625,0,2026-08-14 10:40:00
16113.8095703125,16113.8095703125,16093.7099609375,16104.599609375,0,2026-08-14 10:45:00
16104.259765625,16108.23046875,16098.4697265625,16099.9404296875,0,2026-08-14 10:50:00
16099.9404296875,16104.76953125,16094.83984375,16094.83984375,0,2026-08-14 10:55:00
16098.580078125,16098.580078125,16075.7197265625,16084.4697265625,0,2026-08-14 11:00:00
16085.3203125,16101.58984375,16082.490234375,16091.3603515625,0,2026-08-14 11:05:00
16092.7998046875,16096.8896484375,16081.7998046875,16092.080078125,0,2026-08-14 11:10:00
16091.2802734375,16107.25,16088.6396484375,16097.75,0,2026-08-14 11:15:00
16097.08984375,16106.650390625,16091.509765625,16106.3896484375,0,2026-08-14 11:20:00
16104.6904296875,16107.2900390625,16080.33984375,16082.08984375,0,2026-08-14 11:25:00
16083.349609375,16089.91015625,16076.1103515625,16080.3603515625,0,2026-08-14 11:30:00
16079.650390625,16095.8798828125,16073.1201171875,16075.580078125,0,2026-08-14 11:35:00
16077.9501953125,16079.6904296875,16043.23046875,16044.48046875,0,2026-08-14 11:40:00
16045.1103515625,16051.1396484375,16012.7900390625,16028.3603515625,0,2026-08-14 11:45:00
16024.41015625,16039.9404296875,16012.599609375,16016.8896484375,0,2026-08-14 11:50:00
16016.650390625,16039.0703125,16007.2998046875,16034.1796875,0,2026-08-14 11:55:00
16035.240234375,16039.080078125,16020.1796875,16028.8603515625,0,2026-08-14 12:00:00
16029.01953125,16035.3603515625,16015.6201171875,16016.3603515625,0,2026-08-14 12:05:00
16016.740234375,16025.91015625,15994.419921875,16013.080078125,0,2026-08-14 12:10:00
16013.0400390625,16016.0302734375,15991.669921875,15991.669921875,0,2026-08-14 12:15:00
15990.25,16010.0703125,15971.169921875,16009.2197265625,0,2026-08-14 12:20:00
16008.580078125,16018.98046875,15982.98046875,15987.9501953125,0,2026-08-14 12:25:00
15987.7099609375,16023.2802734375,15987.58984375,16018.8798828125,0,2026-08-14 12:30:00
16018.5400390625,16020.080078125,16010.900390625,16015.349609375,0,2026-08-14 12:35:00
16012.8798828125,16018.650390625,16003.1796875,16014.0498046875,0,2026-08-14 12:40:00
16013.5595703125,16014.3701171875,15999.169921875,16005.8798828125,0,2026-08-14 12:45:00
16006.2998046875,16007.6796875,15993.5703125,16002.83984375,0,2026-08-14 12:50:00
16004.0595703125,16014.419921875,16000.83984375,16011.8896484375,0,2026-08-14 12:55:00
16009.900390625,16020.75,16004.1201171875,16012.51953125,0,2026-08-14 13:00:00
16013.669921875,16014.849609375,16001.4296875,16011.5703125,0,2026-08-14 13:05:00
16013.009765625,16036.25,16011.9296875,16034.599609375,0,2026-08-14 13:10:00
16030.3095703125,16035.3203125,16012.4599609375,16019.5595703125,0,2026-08-14 13:15:00
16019.169921875,16033.4697265625,16016.099609375,16024.9404296875,0,2026-08-14 13:20:00
16024.9404296875,16053.3603515625,16024.0498046875,16050.4697265625,0,2026-08-14 13:25:00
16047.7197265625,16050.009765625,16029.48046875,16032.33984375,0,2026-08-14 13:30:00
16032.2998046875,16055.330078125,16030.6796875,16051.849609375,0,2026-08-14 13:35:00
16051.5400390625,16057.8701171875,16040.5302734375,16052.2197265625,0,2026-08-14 13:40:00
16052.650390625,16056.01953125,16016.8203125,16019.349609375,0,2026-08-14 13:45:00
16019.4404296875,16028.3896484375,15999.8798828125,16019.6904296875,0,2026-08-14 13:50:00
16018.3095703125,16020.8203125,16005.6396484375,16011.5400390625,0,2026-08-14 13:55:00
16012.669921875,16038.7197265625,16010.91015625,16033.51953125,0,2026-08-14 14:00:00
16032.7998046875,16042.830078125,16027.580078125,16035.9697265625,0,2026-08-14 14:05:00
16035.8701171875,16051.76953125,16034.5302734375,16049.900390625,0,2026-08-14 14:10:00
16049.7900390625,16067.5595703125,16037.1201171875,16041.900390625,0,2026-08-14 14:15:00
16039.4501953125,16064.9404296875,16038.1396484375,16059.5498046875,0,2026-08-14 14:20:00
16058.099609375,16067.599609375,16050.26953125,16061.33984375,0,2026-08-14 14:25:00
16061.5302734375,16067.9697265625,16050.9501953125,16058.0400390625,0,2026-08-14 14:30:00
16055.66015625,16065.3603515625,16028.98046875,16046.2197265625,0,2026-08-14 14:35:00
16047.1796875,16047.1796875,16031.740234375,16044.2802734375,0,2026-08-14 14:40:00
16043.3095703125,16052.6796875,16038.5400390625,16040.7197265625,0,2026-08-14 14:45:00
16043.6201171875,16046.08984375,16027.580078125,16030.7099609375,0,2026-08-14 14:50:00
16028.349609375,16033.6396484375,16017.8701171875,16020.0400390625,0,2026-08-14 14:55:00
16029.1103515625,16048.8603515625,16029.1103515625,16048.8603515625,0,2026-08-17 06:55:00
16048.8603515625,16095.75,16035.1796875,16040.9296875,0,2026-08-17 07:00:00
16043.66015625,16081.3095703125,16034.73046875,16046.349609375,0,2026-08-17 07:05:00
16046.2099609375,16062.740234375,16029.4501953125,16029.5498046875,0,2026-08-17 07:10:00
16026.7197265625,16088.3095703125,16026.7197265625,16084.6796875,0,2026-08-17 07:15:00
16085.01953125,16090.0703125,16051.6201171875,16077.990234375,0,2026-08-17 07:20:00
16077.0595703125,16084.98046875,16066.150390625,16079.7802734375,0,2026-08-17 07:25:00
16080.849609375,16083.9599609375,16031.75,16037.099609375,0,2026-08-17 07:30:00
16036.1201171875,16045.23046875,16009.009765625,16021.4296875,0,2026-08-17 07:35:00
16022.16015625,16078.0498046875,16018.7900390625,16077.900390625,0,2026-08-17 07:40:00
16077.4697265625,16077.58984375,16051.1396484375,16056.23046875,0,2026-08-17 07:45:00
16055.6103515625,16056.6396484375,16021.9599609375,16029.240234375,0,2026-08-17 07:50:00
16028.0,16041.849609375,16012.009765625,16029.1103515625,0,2026-08-17 07:55:00
16028.1103515625,16030.7998046875,15995.7900390625,16008.75,0,2026-08-17 08:00:00
16009.919921875,16019.66015625,15991.8701171875,16018.66015625,0,2026-08-17 08:05:00
16018.169921875,16044.4404296875,16016.16015625,16041.5400390625,0,2026-08-17 08:10:00
16041.7900390625,16042.25,16027.8603515625,16033.5302734375,0,2026-08-17 08:15:00
16034.1103515625,16037.759765625,16026.1396484375,16035.9599609375,0,2026-08-17 08:20:00
16035.3095703125,16037.7998046875,16020.3603515625,16034.5,0,2026-08-17 08:25:00
16035.4697265625,16060.91015625,16031.509765625,16058.91015625,0,2026-08-17 08:30:00
16058.01953125,16059.8701171875,16025.76953125,16033.7900390625,0,2026-08-17 08:35:00
16033.7802734375,16039.1796875,16007.4599609375,16007.6201171875,0,2026-08-17 08:40:00
16007.3203125,16013.349609375,15999.1103515625,16009.25,0,2026-08-17 08:45:00
16001.1396484375,16020.6796875,16001.1396484375,16018.33984375,0,2026-08-17 08:50:00
16011.4296875,16019.01953125,16000.1396484375,16004.58984375,0,2026-08-17 08:55:00
16006.099609375,16029.6103515625,15994.16015625,16029.0,0,2026-08-17 09:00:00
16028.3603515625,16029.740234375,16008.2998046875,16022.33984375,0,2026-08-17 09:05:00
16022.650390625,16028.7001953125,16011.3701171875,16017.7900390625,0,2026-08-17 09:10:00
16018.2197265625,16021.5302734375,16007.669921875,16019.490234375,0,2026-08-17 09:15:00
16017.3603515625,16019.26953125,16004.6298828125,16015.099609375,0,2026-08-17 09:20:00
16015.4599609375,16022.740234375,16010.08984375,16021.9501953125,0,2026-08-17 09:25:00
16022.169921875,16024.08984375,16001.1796875,16005.66015625,0,2026-08-17 09:30:00
16005.8203125,16014.6904296875,15998.3095703125,16000.419921875,0,2026-08-17 09:35:00
16002.740234375,16011.0400390625,16000.580078125,16005.2998046875,0,2026-08-17 09:40:00
16004.25,16009.759765625,15997.0400390625,16007.1201171875,0,2026-08-17 09:45:00
16006.51953125,16018.650390625,16004.08984375,16013.169921875,0,2026-08-17 09:50:00
16015.2001953125,16018.919921875,15999.3701171875,16010.599609375,0,2026-08-17 09:55:00
16011.4404296875,16026.509765625,16008.4599609375,16026.509765625,0,2026-08-17 10:00:00
16020.73046875,16033.9501953125,16020.73046875,16025.8603515625,0,2026-08-17 10:05:00
16014.8798828125,16029.6201171875,16008.7197265625,16025.8798828125,0,2026-08-17 10:10:00
16025.5302734375,16040.5498046875,16020.9404296875,16032.830078125,0,2026-08-17 10:15:00
16033.599609375,16038.16015625,16021.1103515625,16029.599609375,0,2026-08-17 10:20:00
16030.26953125,16058.849609375,16025.26953125,16055.08984375,0,2026-08-17 10:25:00
16058.3603515625,16069.919921875,16018.3701171875,16023.580078125,0,2026-08-17 10:30:00
16024.259765625,16040.66015625,16012.5302734375,16023.73046875,0,2026-08-17 10:35:00
16024.6904296875,16027.7998046875,15987.76953125,15996.4697265625,0,2026-08-17 10:40:00
15998.3896484375,16020.509765625,15993.8701171875,16012.8095703125,0,2026-08-17 10:45:00
16012.33984375,16035.25,16011.0,16030.650390625,0,2026-08-17 10:50:00
16032.1396484375,16035.599609375,16009.1396484375,16010.2197265625,0,2026-08-17 10:55:00
16009.0302734375,16019.3896484375,16000.41015625,16004.080078125,0,2026-08-17 11:00:00
16004.3701171875,16007.919921875,15993.33984375,16000.7197265625,0,2026-08-17 11:05:00
16001.1298828125,16006.66015625,15980.0,15982.2099609375,0,2026-08-17 11:10:00
15981.9599609375,15986.900390625,15952.2099609375,15954.0595703125,0,2026-08-17 11:15:00
15954.48046875,15972.150390625,15952.08984375,15958.2802734375,0,2026-08-17 11:20:00
15958.8896484375,15958.8896484375,15938.3798828125,15938.3798828125,0,2026-08-17 11:25:00
15939.4296875,15942.1904296875,15920.490234375,15933.2998046875,0,2026-08-17 11:30:00
15933.5703125,15954.6796875,15923.6904296875,15953.150390625,0,2026-08-17 11:35:00
15954.2099609375,15961.6396484375,15939.349609375,15940.3603515625,0,2026-08-17 11:40:00
15942.009765625,15965.4501953125,15934.33984375,15948.6103515625,0,2026-08-17 11:45:00
15948.8701171875,15967.330078125,15931.5,15963.3603515625,0,2026-08-17 11:50:00
15964.580078125,15967.669921875,15948.91015625,15948.91015625,0,2026-08-17 11:55:00
15949.6796875,15965.7001953125,15940.3701171875,15947.25,0,2026-08-17 12:00:00
15944.490234375,15949.7900390625,15934.6103515625,15947.0,0,2026-08-17 12:05:00
15948.6796875,15951.5302734375,15929.73046875,15936.6201171875,0,2026-08-17 12:10:00
15935.0302734375,15941.9501953125,15926.099609375,15936.4404296875,0,2026-08-17 12:15:00
15937.1103515625,15939.9599609375,15923.669921875,15939.490234375,0,2026-08-17 12:20:00
15938.7998046875,15948.349609375,15916.4501953125,15922.849609375,0,2026-08-17 12:25:00
15922.2001953125,15926.5,15902.4296875,15917.330078125,0,2026-08-17 12:30:00
15919.669921875,15925.4599609375,15910.650390625,15915.419921875,0,2026-08-17 12:35:00
15918.6298828125,15938.009765625,15914.5400390625,15924.01953125,0,2026-08-17 12:40:00
15924.5400390625,15936.6103515625,15921.080078125,15927.6396484375,0,2026-08-17 12:45:00
15926.73046875,15931.7900390625,15918.669921875,15928.1904296875,0,2026-08-17 12:50:00
15929.66015625,15936.4501953125,15922.1396484375,15928.0,0,2026-08-17 12:55:00
15928.4501953125,15949.6201171875,15921.669921875,15947.75,0,2026-08-17 13:00:00
15947.75,15957.7197265625,15936.400390625,15954.0400390625,0,2026-08-17 13:05:00
15952.8203125,15972.73046875,15948.7197265625,15970.0498046875,0,2026-08-17 13:10:00
15979.0703125,15979.0703125,15943.8798828125,15955.2099609375,0,2026-08-17 13:15:00
15955.740234375,15995.349609375,15954.419921875,15993.98046875,0,2026-08-17 13:20:00
15994.1904296875,15997.490234375,15968.6298828125,15989.2998046875,0,2026-08-17 13:25:00
15990.2802734375,16012.5302734375,15982.6396484375,15996.669921875,0,2026-08-17 13:30:00
15996.5595703125,16019.580078125,15995.0400390625,16017.3203125,0,2026-08-17 13:35:00
16016.3798828125,16030.75,16010.7900390625,16019.650390625,0,2026-08-17 13:40:00
16019.7197265625,16024.650390625,16004.83984375,16020.7802734375,0,2026-08-17 13:45:00
16020.33984375,16039.98046875,16020.33984375,16027.6904296875,0,2026-08-17 13:50:00
16028.849609375,16051.3095703125,16017.83984375,16050.919921875,0,2026-08-17 13:55:00
16050.25,16053.58984375,16039.8603515625,16051.990234375,0,2026-08-17 14:00:00
16052.0703125,16067.0400390625,16042.2197265625,16050.8798828125,0,2026-08-17 14:05:00
16050.3603515625,16069.8798828125,16045.1396484375,16061.849609375,0,2026-08-17 14:10:00
16062.9697265625,16080.23046875,16056.6396484375,16080.23046875,0,2026-08-17 14:15:00
16080.1298828125,16098.3603515625,16073.6796875,16098.01953125,0,2026-08-17 14:20:00
16095.98046875,16113.7197265625,16088.6298828125,16108.7802734375,0,2026-08-17 14:25:00
16108.8095703125,16132.2998046875,16108.2900390625,16117.9296875,0,2026-08-17 14:30:00
16119.3896484375,16122.3095703125,16068.08984375,16071.0498046875,0,2026-08-17 14:35:00
16071.2802734375,16074.509765625,16033.509765625,16061.01953125,0,2026-08-17 14:40:00
16058.9501953125,16078.7900390625,16055.4501953125,16077.9501953125,0,2026-08-17 14:45:00
16079.26953125,16099.0703125,16057.0302734375,16058.8603515625,0,2026-08-17 14:50:00
16058.099609375,16064.0400390625,16047.1298828125,16050.4296875,0,2026-08-17 14:55:00
16064.2998046875,16087.5302734375,16064.2998046875,16087.5302734375,0,2026-08-18 06:55:00
16087.5302734375,16105.7900390625,16065.5400390625,16100.58984375,0,2026-08-18 07:00:00
16102.4296875,16141.3095703125,16101.349609375,16124.25,0,2026-08-18 07:05:00
16129.23046875,16156.23046875,16102.0703125,16148.3896484375,0,2026-08-18 07:10:00
16149.8203125,16173.6796875,16146.41015625,16169.9697265625,0,2026-08-18 07:15:00
16169.98046875,16185.009765625,16147.3603515625,16162.330078125,0,2026-08-18 07:20:00
16161.9501953125,16203.16015625,16153.98046875,16201.5400390625,0,2026-08-18 07:25:00
16202.669921875,16230.6103515625,16182.0302734375,16218.4697265625,0,2026-08-18 07:30:00
16217.23046875,16226.6103515625,16203.080078125,16217.2197265625,0,2026-08-18 07:35:00
16219.669921875,16224.0498046875,16199.3798828125,16222.7802734375,0,2026-08-18 07:40:00
16225.7802734375,16226.5302734375,16199.169921875,16208.8701171875,0,2026-08-18 07:45:00
16207.75,16207.75,16171.73046875,16173.3603515625,0,2026-08-18 07:50:00
16173.66015625,16194.0,16165.1201171875,16194.0,0,2026-08-18 07:55:00
16194.349609375,16202.33984375,16183.25,16196.2802734375,0,2026-08-18 08:00:00
16196.990234375,16197.7998046875,16152.3701171875,16169.669921875,0,2026-08-18 08:05:00
16171.169921875,16185.3798828125,16153.75,16173.8203125,0,2026-08-18 08:10:00
16173.23046875,16183.25,16166.9501953125,16182.6298828125,0,2026-08-18 08:15:00
16182.8095703125,16182.8095703125,16154.91015625,16158.26953125,0,2026-08-18 08:20:00
16160.240234375,16181.1796875,16155.8203125,16180.3095703125,0,2026-08-18 08:25:00
16180.1201171875,16182.6796875,16172.4296875,16176.7802734375,0,2026-08-18 08:30:00
16175.7099609375,16202.9501953125,16174.849609375,16179.2900390625,0,2026-08-18 08:35:00
16180.400390625,16183.150390625,16149.669921875,16160.349609375,0,2026-08-18 08:40:00
16160.6201171875,16165.3203125,16137.26953125,16138.080078125,0,2026-08-18 08:45:00
16139.009765625,16139.009765625,16114.58984375,16123.33984375,0,2026-08-18 08:50:00
16123.2099609375,16127.0302734375,16095.4599609375,16104.8896484375,0,2026-08-18 08:55:00
16105.0400390625,16110.259765625,16087.169921875,16096.41015625,0,2026-08-18 09:00:00
16099.4404296875,16099.83984375,16038.2998046875,16040.83984375,0,2026-08-18 09:05:00
16044.259765625,16070.2998046875,16032.7197265625,16064.5498046875,0,2026-08-18 09:10:00
16065.5400390625,16098.509765625,16062.0,16089.5498046875,0,2026-08-18 09:15:00
16091.0400390625,16095.41015625,16078.4296875,16084.3095703125,0,2026-08-18 09:20:00
16085.7802734375,16091.9501953125,16073.830078125,16077.419921875,0,2026-08-18 09:25:00
16077.7197265625,16100.1904296875,16076.3701171875,16096.580078125,0,2026-08-18 09:30:00
16095.7099609375,16098.33984375,16077.2998046875,16082.240234375,0,2026-08-18 09:35:00
16082.83984375,16082.83984375,16063.330078125,16069.4501953125,0,2026-08-18 09:40:00
16069.0703125,16084.5,16065.8896484375,16082.0498046875,0,2026-08-18 09:45:00
16081.4404296875,16092.2099609375,16077.8203125,16089.7197265625,0,2026-08-18 09:50:00
16090.76953125,16101.6201171875,16085.1904296875,16098.3701171875,0,2026-08-18 09:55:00
16098.5302734375,16106.7998046875,16093.990234375,16098.58984375,0,2026-08-18 10:00:00
16097.240234375,16100.66015625,16071.1904296875,16076.8095703125,0,2026-08-18 10:05:00
16076.0400390625,16081.9296875,16071.169921875,16075.919921875,0,2026-08-18 10:10:00
16077.51953125,16084.830078125,16075.7998046875,16078.740234375,0,2026-08-18 10:15:00
16079.76953125,16083.48046875,16068.9404296875,16079.6298828125,0,2026-08-18 10:20:00
16078.3701171875,16100.5498046875,16075.669921875,16099.75,0,2026-08-18 10:25:00
16099.75,16118.990234375,16095.1201171875,16110.9296875,0,2026-08-18 10:30:00
16110.990234375,16113.830078125,16087.6396484375,16091.400390625,0,2026-08-18 10:35:00
16091.580078125,16095.16015625,16063.509765625,16074.5498046875,0,2026-08-18 10:40:00
16074.650390625,16092.7802734375,16071.7099609375,16089.6103515625,0,2026-08-18 10:45:00
16091.3095703125,16091.3095703125,16070.9296875,16082.8095703125,0,2026-08-18 10:50:00
16081.7998046875,16086.8896484375,16073.33984375,16076.490234375,0,2026-08-18 10:55:00
16075.6396484375,16082.1298828125,16070.080078125,16081.490234375,0,2026-08-18 11:00:00
16080.3701171875,16097.1904296875,16076.349609375,16092.76953125,0,2026-08-18 11:05:00
16092.76953125,16101.9501953125,16088.349609375,16098.3701171875,0,2026-08-18 11:10:00
16097.0703125,16098.6396484375,16070.0400390625,16073.9599609375,0,2026-08-18 11:15:00
16073.9599609375,16077.3603515625,16056.599609375,16060.0595703125,0,2026-08-18 11:20:00
16060.599609375,16065.3203125,16050.8603515625,16058.2001953125,0,2026-08-18 11:25:00
16058.58984375,16067.41015625,16053.16015625,16064.8095703125,0,2026-08-18 11:30:00
16065.6796875,16083.2900390625,16061.4599609375,16072.4599609375,0,2026-08-18 11:35:00
16071.5703125,16077.0,16065.16015625,16072.2802734375,0,2026-08-18 11:40:00
16068.98046875,16083.1904296875,16065.01953125,16081.4697265625,0,2026-08-18 11:45:00
16081.3095703125,16102.4501953125,16078.490234375,16099.4599609375,0,2026-08-18 11:50:00
16100.5595703125,16115.8095703125,16094.0,16097.1904296875,0,2026-08-18 11:55:00
16097.3896484375,16100.919921875,16083.0703125,16087.2900390625,0,2026-08-18 12:00:00
16086.6796875,16087.7802734375,16068.6396484375,16069.83984375,0,2026-08-18 12:05:00
16069.5595703125,16070.349609375,16050.099609375,16064.5595703125,0,2026-08-18 12:10:00
16064.1298828125,16086.099609375,16061.41015625,16081.509765625,0,2026-08-18 12:15:00
16081.9697265625,16087.8603515625,16077.1103515625,16079.419921875,0,2026-08-18 12:20:00
16081.0302734375,16081.98046875,16063.3701171875,16072.4599609375,0,2026-08-18 12:25:00
16072.26953125,16085.1298828125,16068.5595703125,16081.259765625,0,2026-08-18 12:30:00
16082.009765625,16087.33984375,16071.349609375,16074.669921875,0,2026-08-18 12:35:00
16074.83984375,16088.6396484375,16070.8798828125,16088.6396484375,0,2026-08-18 12:40:00
16087.349609375,16093.2802734375,16076.1396484375,16086.16015625,0,2026-08-18 12:45:00
16086.25,16088.5,16056.490234375,16058.009765625,0,2026-08-18 12:50:00
16054.3701171875,16060.1103515625,16037.669921875,16045.4501953125,0,2026-08-18 12:55:00
16044.3095703125,16056.5595703125,16044.0498046875,16051.990234375,0,2026-08-18 13:00:00
16050.650390625,16057.4296875,16037.01953125,16050.5703125,0,2026-08-18 13:05:00
16050.6396484375,16055.5400390625,16035.4404296875,16050.9599609375,0,2026-08-18 13:10:00
16049.7998046875,16049.7998046875,16026.9501953125,16034.3603515625,0,2026-08-18 13:15:00
16033.5302734375,16038.5302734375,15999.4501953125,16005.1904296875,0,2026-08-18 13:20:00
16003.349609375,16041.91015625,15998.240234375,16033.76953125,0,2026-08-18 13:25:00
16034.2099609375,16053.0498046875,16017.7001953125,16041.8203125,0,2026-08-18 13:30:00
16044.26953125,16046.9404296875,16031.9404296875,16040.41015625,0,2026-08-18 13:35:00
16040.83984375,16045.01953125,16030.8701171875,16037.3896484375,0,2026-08-18 13:40:00
16040.58984375,16047.5595703125,16032.9501953125,16038.0400390625,0,2026-08-18 13:45:00
16036.6396484375,16048.1103515625,16030.080078125,16043.4697265625,0,2026-08-18 13:50:00
16042.33984375,16066.740234375,16036.1796875,16066.099609375,0,2026-08-18 13:55:00
16066.16015625,16074.740234375,16056.349609375,16064.0498046875,0,2026-08-18 14:00:00
16064.1103515625,16069.1904296875,16054.6796875,16069.1904296875,0,2026-08-18 14:05:00
16068.7998046875,16070.25,16045.490234375,16045.490234375,0,2026-08-18 14:10:00
16047.4404296875,16073.169921875,16043.6796875,16063.5,0,2026-08-18 14:15:00
16063.830078125,16071.990234375,16057.5400390625,16069.3896484375,0,2026-08-18 14:20:00
16072.5,16079.669921875,16065.8896484375,16069.4599609375,0,2026-08-18 14:25:00
16070.669921875,16102.740234375,16070.4296875,16092.0302734375,0,2026-08-18 14:30:00
16092.5703125,16112.0400390625,16088.6201171875,16093.8896484375,0,2026-08-18 14:35:00
16094.91015625,16100.830078125,16076.5400390625,16078.6904296875,0,2026-08-18 14:40:00
16080.349609375,16092.66015625,16074.83984375,16079.58984375,0,2026-08-18 14:45:00
16080.1396484375,16092.76953125,16073.599609375,16076.8603515625,0,2026-08-18 14:50:00
16078.1103515625,16078.1103515625,16060.8603515625,16073.009765625,0,2026-08-18 14:55:00
16082.98046875,16082.98046875,16069.900390625,16069.900390625,0,2026-08-19 06:55:00
16069.900390625,16110.740234375,16050.5400390625,16095.58984375,0,2026-08-19 07:00:00
16096.3896484375,16130.1396484375,16081.08984375,16122.5703125,0,2026-08-19 07:05:00
16119.6298828125,16160.400390625,16116.4404296875,16158.0498046875,0,2026-08-19 07:10:00
16157.5400390625,16171.5595703125,16144.849609375,16158.0703125,0,2026-08-19 07:15:00
16157.5302734375,16174.3701171875,16131.7998046875,16136.08984375,0,2026-08-19 07:20:00
16136.099609375,16149.6103515625,16126.740234375,16131.0,0,2026-08-19 07:25:00
16134.23046875,16148.5400390625,16129.0,16136.1904296875,0,2026-08-19 07:30:00
16136.8603515625,16147.740234375,16129.849609375,16146.0595703125,0,2026-08-19 07:35:00
16146.490234375,16170.5,16144.900390625,16161.51953125,0,2026-08-19 07:40:00
16162.3701171875,16173.9404296875,16157.0498046875,16168.2001953125,0,2026-08-19 07:45:00
16169.3701171875,16188.6103515625,16166.2802734375,16182.1298828125,0,2026-08-19 07:50:00
16179.3203125,16197.41015625,16178.48046875,16196.6396484375,0,2026-08-19 07:55:00
16195.759765625,16210.900390625,16182.900390625,16210.900390625,0,2026-08-19 08:00:00
16211.3896484375,16215.3095703125,16199.2197265625,16212.5,0,2026-08-19 08:05:00
16212.5498046875,16226.76953125,16203.6201171875,16213.259765625,0,2026-08-19 08:10:00
16217.51953125,16231.6103515625,16213.91015625,16225.7998046875,0,2026-08-19 08:15:00
16225.0,16240.6904296875,16222.0703125,16234.490234375,0,2026-08-19 08:20:00
16237.25,16253.3203125,16232.48046875,16250.1796875,0,2026-08-19 08:25:00
16248.6103515625,16276.66015625,16246.7099609375,16264.8896484375,0,2026-08-19 08:30:00
16264.8896484375,16276.7998046875,16259.08984375,16260.76953125,0,2026-08-19 08:35:00
16261.5400390625,16276.9501953125,16261.5400390625,16270.3896484375,0,2026-08-19 08:40:00
16268.5703125,16276.5,16259.9296875,16267.150390625,0,2026-08-19 08:45:00
16268.990234375,16271.759765625,16262.6103515625,16267.1103515625,0,2026-08-19 08:50:00
16266.2197265625,16270.41015625,16243.6201171875,16245.6796875,0,2026-08-19 08:55:00
16247.7900390625,16304.259765625,16245.9599609375,16301.8203125,0,2026-08-19 09:00:00
16303.7099609375,16306.4296875,16292.6904296875,16299.91015625,0,2026-08-19 09:05:00
16300.5400390625,16306.1298828125,16281.1298828125,16295.7998046875,0,2026-08-19 09:10:00
16294.8798828125,16302.830078125,16285.51953125,16302.830078125,0,2026-08-19 09:15:00
16301.1103515625,16337.919921875,16293.8603515625,16333.1103515625,0,2026-08-19 09:20:00
16333.8203125,16336.75,16314.1396484375,16323.830078125,0,2026-08-19 09:25:00
16325.2900390625,16344.9599609375,16325.2900390625,16344.9599609375,0,2026-08-19 09:30:00
16343.83984375,16345.0302734375,16313.169921875,16315.0302734375,0,2026-08-19 09:35:00
16313.7001953125,16323.419921875,16305.349609375,16312.5400390625,0,2026-08-19 09:40:00
16312.349609375,16325.7900390625,16303.4599609375,16324.009765625,0,2026-08-19 09:45:00
16323.259765625,16330.099609375,16312.650390625,16328.740234375,0,2026-08-19 09:50:00
16329.400390625,16334.0302734375,16321.6201171875,16329.2001953125,0,2026-08-19 09:55:00
16328.919921875,16335.0595703125,16315.8095703125,16321.2001953125,0,2026-08-19 10:00:00
16320.419921875,16329.080078125,16309.6201171875,16323.0,0,2026-08-19 10:05:00
16323.0,16340.7802734375,16314.740234375,16334.580078125,0,2026-08-19 10:10:00
16335.5400390625,16337.919921875,16310.3896484375,16315.900390625,0,2026-08-19 10:15:00
16317.6298828125,16333.5302734375,16310.91015625,16331.150390625,0,2026-08-19 10:20:00
16331.259765625,16349.759765625,16326.669921875,16346.5703125,0,2026-08-19 10:25:00
16346.400390625,16349.0498046875,16331.7001953125,16347.0595703125,0,2026-08-19 10:30:00
16345.759765625,16360.8203125,16334.75,16353.080078125,0,2026-08-19 10:35:00
16352.830078125,16364.5703125,16344.0703125,16344.5400390625,0,2026-08-19 10:40:00
16345.7900390625,16347.8701171875,16330.330078125,16336.41015625,0,2026-08-19 10:45:00
16335.6103515625,16360.6904296875,16325.0703125,16356.5595703125,0,2026-08-19 10:50:00
16356.5498046875,16365.240234375,16348.0400390625,16362.5595703125,0,2026-08-19 10:55:00
16359.669921875,16380.75,16357.1201171875,16376.830078125,0,2026-08-19 11:00:00
16379.4404296875,16398.26953125,16374.6396484375,16390.80078125,0,2026-08-19 11:05:00
16390.490234375,16405.830078125,16380.7900390625,16391.490234375,0,2026-08-19 11:10:00
16393.529296875,16401.859375,16386.869140625,16392.66015625,0,2026-08-19 11:15:00
16392.0,16396.8203125,16374.08984375,16378.759765625,0,2026-08-19 11:20:00
16380.48046875,16386.8203125,16374.0,16382.9599609375,0,2026-08-19 11:25:00
16381.900390625,16392.859375,16373.01953125,16390.869140625,0,2026-08-19 11:30:00
16390.880859375,16395.890625,16370.0703125,16377.8701171875,0,2026-08-19 11:35:00
16376.83984375,16378.599609375,16355.58984375,16367.259765625,0,2026-08-19 11:40:00
16368.9501953125,16386.01953125,16359.169921875,16384.599609375,0,2026-08-19 11:45:00
16382.66015625,16401.099609375,16380.900390625,16401.0,0,2026-08-19 11:50:00
16402.140625,16407.849609375,16393.4609375,16398.66015625,0,2026-08-19 11:55:00
16398.66015625,16411.91015625,16395.810546875,16410.08984375,0,2026-08-19 12:00:00
16410.16015625,16427.220703125,16405.30078125,16419.939453125,0,2026-08-19 12:05:00
16420.439453125,16436.48046875,16414.380859375,16418.51953125,0,2026-08-19 12:10:00
16416.580078125,16430.26953125,16414.759765625,16428.9609375,0,2026-08-19 12:15:00
16427.5390625,16444.720703125,16425.009765625,16443.119140625,0,2026-08-19 12:20:00
16440.94921875,16442.26953125,16421.619140625,16422.05078125,0,2026-08-19 12:25:00
16422.439453125,16465.310546875,16418.30078125,16462.80078125,0,2026-08-19 12:30:00
16461.990234375,16492.880859375,16454.94921875,16479.5390625,0,2026-08-19 12:35:00
16479.05078125,16497.919921875,16471.390625,16497.919921875,0,2026-08-19 12:40:00
16497.9609375,16521.5,16493.849609375,16507.01953125,0,2026-08-19 12:45:00
16504.83984375,16509.359375,16489.7890625,16499.0390625,0,2026-08-19 12:50:00
16498.890625,16509.05078125,16487.58984375,16505.3203125,0,2026-08-19 12:55:00
16505.3203125,16513.869140625,16488.66015625,16512.259765625,0,2026-08-19 13:00:00
16515.3203125,16539.140625,16510.4609375,16533.7890625,0,2026-08-19 13:05:00
16532.94921875,16542.1796875,16523.859375,16540.869140625,0,2026-08-19 13:10:00
16538.330078125,16552.30078125,16521.599609375,16534.16015625,0,2026-08-19 13:15:00
16535.0703125,16542.1796875,16524.630859375,16526.240234375,0,2026-08-19 13:20:00
16528.16015625,16532.73046875,16519.689453125,16527.619140625,0,2026-08-19 13:25:00
16527.990234375,16533.7890625,16517.509765625,16528.650390625,0,2026-08-19 13:30:00
16529.0703125,16530.83984375,16495.44921875,16497.619140625,0,2026-08-19 13:35:00
16497.01953125,16523.9609375,16495.130859375,16505.94921875,0,2026-08-19 13:40:00
16505.849609375,16512.060546875,16480.23046875,16486.94921875,0,2026-08-19 13:45:00
16486.640625,16513.150390625,16481.0,16505.7109375,0,2026-08-19 13:50:00
16504.900390625,16520.869140625,16496.849609375,16519.619140625,0,2026-08-19 13:55:00
16517.73046875,16522.5703125,16508.310546875,16521.009765625,0,2026-08-19 14:00:00
16521.58984375,16528.41015625,16505.279296875,16508.779296875,0,2026-08-19 14:05:00
16507.189453125,16511.009765625,16485.140625,16492.5390625,0,2026-08-19 14:10:00
16490.9296875,16518.01953125,16485.439453125,16492.509765625,0,2026-08-19 14:15:00
16491.19921875,16508.91015625,16487.76953125,16505.619140625,0,2026-08-19 14:20:00
16505.669921875,16536.740234375,16501.990234375,16529.189453125,0,2026-08-19 14:25:00
16529.33984375,16545.66015625,16524.330078125,16545.51953125,0,2026-08-19 14:30:00
16542.2890625,16573.490234375,16542.2890625,16571.05078125,0,2026-08-19 14:35:00
16571.830078125,16612.19921875,16568.73046875,16600.240234375,0,2026-08-19 14:40:00
16602.150390625,16603.359375,16575.330078125,16591.3203125,0,2026-08-19 14:45:00
16592.140625,16614.740234375,16583.05078125,16609.01953125,0,2026-08-19 14:50:00
16608.98046875,16608.98046875,16576.779296875,16586.759765625,0,2026-08-19 14:55:00
16582.30078125,16636.369140625,16582.30078125,16636.369140625,0,2026-08-20 06:55:00
16636.369140625,16709.69921875,16636.369140625,16699.3203125,0,2026-08-20 07:00:00
16696.8203125,16747.529296875,16684.609375,16743.009765625,0,2026-08-20 07:05:00
16742.23046875,16768.220703125,16685.619140625,16695.41015625,0,2026-08-20 07:10:00
16694.619140625,16706.369140625,16667.80078125,16673.890625,0,2026-08-20 07:15:00
16673.330078125,16673.580078125,16619.109375,16624.48046875,0,2026-08-20 07:20:00
16624.599609375,16627.619140625,16590.689453125,16594.810546875,0,2026-08-20 07:25:00
16595.2890625,16595.2890625,16563.330078125,16566.529296875,0,2026-08-20 07:30:00
16565.400390625,16569.720703125,16533.01953125,16541.880859375,0,2026-08-20 07:35:00
16539.25,16550.5390625,16520.19921875,16538.169921875,0,2026-08-20 07:40:00
16535.330078125,16554.560546875,16533.9296875,16551.0390625,0,2026-08-20 07:45:00
16551.609375,16557.810546875,16526.48046875,16532.7109375,0,2026-08-20 07:50:00
16533.869140625,16543.01953125,16505.94921875,16513.1796875,0,2026-08-20 07:55:00
16512.66015625,16536.650390625,16508.439453125,16512.439453125,0,2026-08-20 08:00:00
16514.990234375,16516.400390625,16497.890625,16500.220703125,0,2026-08-20 08:05:00
16500.509765625,16503.400390625,16483.970703125,16493.310546875,0,2026-08-20 08:10:00
16491.880859375,16521.759765625,16490.259765625,16508.609375,0,2026-08-20 08:15:00
16510.189453125,16541.720703125,16500.55078125,16502.990234375,0,2026-08-20 08:20:00
16502.890625,16509.19921875,16492.810546875,16499.41015625,0,2026-08-20 08:25:00
16498.19921875,16500.4609375,16482.279296875,16485.369140625,0,2026-08-20 08:30:00
16485.640625,16490.08984375,16469.44921875,16471.75,0,2026-08-20 08:35:00
16472.01953125,16472.01953125,16444.759765625,16461.76953125,0,2026-08-20 08:40:00
16459.849609375,16470.009765625,16452.2109375,16464.0,0,2026-08-20 08:45:00
16464.119140625,16465.4609375,16443.16015625,16456.0390625,0,2026-08-20 08:50:00
16456.759765625,16462.060546875,16442.2890625,16445.7109375,0,2026-08-20 08:55:00
16444.5703125,16465.7109375,16441.060546875,16464.150390625,0,2026-08-20 09:00:00
16463.609375,16464.33984375,16451.369140625,16455.609375,0,2026-08-20 09:05:00
16453.439453125,16465.830078125,16439.98046875,16461.640625,0,2026-08-20 09:10:00
16461.109375,16475.7890625,16456.150390625,16473.30078125,0,2026-08-20 09:15:00
16470.060546875,16481.099609375,16464.91015625,16477.419921875,0,2026-08-20 09:20:00
16477.30078125,16495.16015625,16472.349609375,16493.73046875,0,2026-08-20 09:25:00
16493.83984375,16495.580078125,16477.98046875,16484.30078125,0,2026-08-20 09:30:00
16484.30078125,16496.359375,16475.08984375,16491.990234375,0,2026-08-20 09:35:00
16491.119140625,16496.990234375,16486.0703125,16491.80078125,0,2026-08-20 09:40:00
16490.6796875,16492.73046875,16481.310546875,16487.490234375,0,2026-08-20 09:45:00
16489.580078125,16489.849609375,16473.359375,16478.7890625,0,2026-08-20 09:50:00
16479.779296875,16484.720703125,16475.470703125,16483.029296875,0,2026-08-20 09:55:00
16482.669921875,16484.419921875,16472.349609375,16475.51953125,0,2026-08-20 10:00:00
16475.369140625,16476.630859375,16462.8203125,16468.4609375,0,2026-08-20 10:05:00
16468.439453125,16477.150390625,16462.400390625,16470.19921875,0,2026-08-20 10:10:00
16469.390625,16501.0,16466.990234375,16499.150390625,0,2026-08-20 10:15:00
16499.060546875,16500.689453125,16463.060546875,16474.169921875,0,2026-08-20 10:20:00
16474.01953125,16475.2890625,16456.740234375,16456.740234375,0,2026-08-20 10:25:00
16456.9296875,16474.109375,16451.259765625,16472.55078125,0,2026-08-20 10:30:00
16471.380859375,16474.779296875,16457.83984375,16459.619140625,0,2026-08-20 10:35:00
16460.23046875,16463.740234375,16453.01953125,16458.150390625,0,2026-08-20 10:40:00
16460.41015625,16464.099609375,16449.4609375,16463.33984375,0,2026-08-20 10:45:00
16462.779296875,16464.349609375,16452.669921875,16463.560546875,0,2026-08-20 10:50:00
16463.900390625,16466.5390625,16441.69921875,16444.4609375,0,2026-08-20 10:55:00
16443.26953125,16463.140625,16440.0390625,16459.029296875,0,2026-08-20 11:00:00
16459.900390625,16465.599609375,16449.400390625,16463.19921875,0,2026-08-20 11:05:00
16464.640625,16468.380859375,16447.779296875,16447.890625,0,2026-08-20 11:10:00
16449.189453125,16460.259765625,16443.73046875,16453.0703125,0,2026-08-20 11:15:00
16451.740234375,16451.740234375,16431.640625,16431.689453125,0,2026-08-20 11:20:00
16436.01953125,16445.580078125,16428.919921875,16439.080078125,0,2026-08-20 11:25:00
16438.69921875,16461.75,16432.619140625,16459.130859375,0,2026-08-20 11:30:00
16460.0390625,16469.66015625,16451.849609375,16462.560546875,0,2026-08-20 11:35:00
16462.580078125,16467.369140625,16452.259765625,16454.919921875,0,2026-08-20 11:40:00
16456.990234375,16457.689453125,16423.08984375,16428.869140625,0,2026-08-20 11:45:00
16430.23046875,16430.279296875,16408.91015625,16412.830078125,0,2026-08-20 11:50:00
16406.619140625,16412.380859375,16397.640625,16403.060546875,0,2026-08-20 11:55:00
16404.009765625,16405.73046875,16384.990234375,16390.26953125,0,2026-08-20 12:00:00
16388.83984375,16397.869140625,16380.7900390625,16393.44921875,0,2026-08-20 12:05:00
16394.580078125,16405.220703125,16391.990234375,16399.830078125,0,2026-08-20 12:10:00
16399.0,16399.0,16367.7099609375,16377.599609375,0,2026-08-20 12:15:00
16374.919921875,16396.130859375,16366.33984375,16390.419921875,0,2026-08-20 12:20:00
16390.310546875,16394.359375,16382.9501953125,16386.890625,0,2026-08-20 12:25:00
16387.19921875,16400.76953125,16385.9296875,16394.470703125,0,2026-08-20 12:30:00
16394.58984375,16395.740234375,16377.830078125,16391.919921875,0,2026-08-20 12:35:00
16389.669921875,16411.0703125,16387.810546875,16399.810546875,0,2026-08-20 12:40:00
16400.26953125,16430.779296875,16398.099609375,16427.630859375,0,2026-08-20 12:45:00
16426.4609375,16429.58984375,16407.5390625,16426.9296875,0,2026-08-20 12:50:00
16427.560546875,16428.400390625,16417.5,16422.900390625,0,2026-08-20 12:55:00
16422.640625,16461.6796875,16420.580078125,16459.55078125,0,2026-08-20 13:00:00
16457.490234375,16461.720703125,16440.669921875,16441.7109375,0,2026-08-20 13:05:00
16442.5703125,16462.80078125,16441.169921875,16455.810546875,0,2026-08-20 13:10:00
16454.25,16454.509765625,16422.779296875,16444.3203125,0,2026-08-20 13:15:00
16444.259765625,16454.009765625,16434.919921875,16444.609375,0,2026-08-20 13:20:00
16444.33984375,16450.259765625,16435.169921875,16444.970703125,0,2026-08-20 13:25:00
16445.08984375,16457.279296875,16444.8203125,16449.9609375,0,2026-08-20 13:30:00
16451.400390625,16475.310546875,16450.23046875,16456.08984375,0,2026-08-20 13:35:00
16456.919921875,16478.94921875,16448.349609375,16477.55078125,0,2026-08-20 13:40:00
16477.76953125,16477.83984375,16461.060546875,16475.330078125,0,2026-08-20 13:45:00
16474.140625,16478.900390625,16458.58984375,16458.58984375,0,2026-08-20 13:50:00
16461.099609375,16467.2890625,16453.619140625,16459.0703125,0,2026-08-20 13:55:00
16459.029296875,16466.2890625,16453.970703125,16461.2890625,0,2026-08-20 14:00:00
16460.810546875,16475.740234375,16450.380859375,16452.5390625,0,2026-08-20 14:05:00
16452.44921875,16487.8203125,16451.609375,16476.30078125,0,2026-08-20 14:10:00
16476.919921875,16479.609375,16452.16015625,16455.349609375,0,2026-08-20 14:15:00
16454.220703125,16472.720703125,16449.359375,16461.58984375,0,2026-08-20 14:20:00
16461.890625,16466.900390625,16449.599609375,16452.869140625,0,2026-08-20 14:25:00
16456.259765625,16479.44921875,16453.849609375,16472.669921875,0,2026-08-20 14:30:00
16471.83984375,16493.0,16471.400390625,16477.759765625,0,2026-08-20 14:35:00
16477.2890625,16478.150390625,16455.66015625,16458.69921875,0,2026-08-20 14:40:00
16458.4609375,16487.4296875,16455.66015625,16460.009765625,0,2026-08-20 14:45:00
16457.380859375,16475.529296875,16455.349609375,16466.41015625,0,2026-08-20 14:50:00
16467.650390625,16476.580078125,16461.76953125,16473.91015625,0,2026-08-20 14:55:00
16509.05078125,16549.080078125,16509.05078125,16549.080078125,0,2026-08-21 06:55:00
16549.080078125,16588.7109375,16521.6796875,16584.9296875,0,2026-08-21 07:00:00
16586.919921875,16608.779296875,16582.109375,16608.6796875,0,2026-08-21 07:05:00
16605.33984375,16646.9609375,16601.25,16646.9609375,0,2026-08-21 07:10:00
16645.080078125,16662.609375,16582.19921875,16594.509765625,0,2026-08-21 07:15:00
16593.25,16623.80078125,16585.509765625,16612.130859375,0,2026-08-21 07:20:00
16612.939453125,16621.439453125,16592.939453125,16601.4609375,0,2026-08-21 07:25:00
16599.720703125,16634.130859375,16587.51953125,16629.640625,0,2026-08-21 07:30:00
16631.669921875,16684.650390625,16631.669921875,16683.310546875,0,2026-08-21 07:35:00
16685.98046875,16688.189453125,16660.3203125,16684.900390625,0,2026-08-21 07:40:00
16685.0,16699.890625,16675.150390625,16680.08984375,0,2026-08-21 07:45:00
16679.69921875,16720.73046875,16677.369140625,16703.30078125,0,2026-08-21 07:50:00
16704.619140625,16705.189453125,16683.58984375,16687.9609375,0,2026-08-21 07:55:00
16687.359375,16709.7109375,16672.310546875,16675.6796875,0,2026-08-21 08:00:00
16675.0390625,16701.259765625,16673.26953125,16698.44921875,0,2026-08-21 08:05:00
16699.890625,16730.939453125,16698.970703125,16720.7109375,0,2026-08-21 08:10:00
16721.1796875,16729.91015625,16715.05078125,16724.8203125,0,2026-08-21 08:15:00
16723.2109375,16731.98046875,16707.7109375,16724.44921875,0,2026-08-21 08:20:00
16723.3203125,16730.859375,16708.9296875,16708.9296875,0,2026-08-21 08:25:00
16708.990234375,16719.380859375,16691.6796875,16709.9296875,0,2026-08-21 08:30:00
16710.509765625,16712.6796875,16696.3203125,16709.30078125,0,2026-08-21 08:35:00
16706.880859375,16718.66015625,16701.349609375,16711.169921875,0,2026-08-21 08:40:00
16709.66015625,16712.08984375,16698.4609375,16706.4296875,0,2026-08-21 08:45:00
16708.470703125,16728.009765625,16704.640625,16721.560546875,0,2026-08-21 08:50:00
16722.0703125,16727.529296875,16710.05078125,16711.349609375,0,2026-08-21 08:55:00
16711.0,16730.0,16711.0,16721.23046875,0,2026-08-21 09:00:00
16720.2109375,16722.9296875,16696.48046875,16701.73046875,0,2026-08-21 09:05:00
16700.650390625,16710.58984375,16693.69921875,16703.01953125,0,2026-08-21 09:10:00
16702.029296875,16703.0703125,16663.419921875,16678.220703125,0,2026-08-21 09:15:00
16679.890625,16680.4609375,16654.25,16662.3203125,0,2026-08-21 09:20:00
16661.5390625,16667.83984375,16646.439453125,16649.380859375,0,2026-08-21 09:25:00
16648.33984375,16673.630859375,16645.75,16673.630859375,0,2026-08-21 09:30:00
16678.099609375,16686.060546875,16670.560546875,16673.220703125,0,2026-08-21 09:35:00
16671.94921875,16691.099609375,16671.109375,16685.580078125,0,2026-08-21 09:40:00
16685.580078125,16688.41015625,16677.919921875,16684.759765625,0,2026-08-21 09:45:00
16685.689453125,16687.2109375,16669.1796875,16682.740234375,0,2026-08-21 09:50:00
16684.509765625,16686.779296875,16663.619140625,16663.619140625,0,2026-08-21 09:55:00
16663.619140625,16674.9609375,16660.390625,16668.69921875,0,2026-08-21 10:00:00
16671.150390625,16672.490234375,16656.3203125,16656.76953125,0,2026-08-21 10:05:00
16658.5390625,16663.130859375,16642.779296875,16642.91015625,0,2026-08-21 10:10:00
16643.310546875,16653.7890625,16639.94921875,16650.810546875,0,2026-08-21 10:15:00
16650.48046875,16652.490234375,16637.94921875,16650.669921875,0,2026-08-21 10:20:00
16648.5,16659.189453125,16646.689453125,16657.4609375,0,2026-08-21 10:25:00
16657.060546875,16659.900390625,16642.779296875,16646.060546875,0,2026-08-21 10:30:00
16646.740234375,16650.359375,16637.80078125,16647.140625,0,2026-08-21 10:35:00
16647.259765625,16653.5390625,16640.470703125,16644.109375,0,2026-08-21 10:40:00
16643.4296875,16658.509765625,16641.580078125,16653.26953125,0,2026-08-21 10:45:00
16653.029296875,16673.5703125,16648.1796875,16670.66015625,0,2026-08-21 10:50:00
16670.490234375,16685.880859375,16644.640625,16644.939453125,0,2026-08-21 10:55:00
16645.26953125,16648.33984375,16623.630859375,16624.060546875,0,2026-08-21 11:00:00
16623.380859375,16652.419921875,16623.189453125,16646.1796875,0,2026-08-21 11:05:00
16647.439453125,16665.5390625,16646.060546875,16665.5390625,0,2026-08-21 11:10:00
16665.6796875,16693.91015625,16661.390625,16677.98046875,0,2026-08-21 11:15:00
16678.439453125,16694.130859375,16664.490234375,16692.119140625,0,2026-08-21 11:20:00
16689.919921875,16706.890625,16689.919921875,16691.810546875,0,2026-08-21 11:25:00
16692.26953125,16717.55078125,16687.9296875,16710.849609375,0,2026-08-21 11:30:00
16711.599609375,16715.740234375,16693.740234375,16696.69921875,0,2026-08-21 11:35:00
16696.470703125,16700.580078125,16686.560546875,16694.720703125,0,2026-08-21 11:40:00
16696.2109375,16703.669921875,16691.609375,16693.759765625,0,2026-08-21 11:45:00
16693.779296875,16712.720703125,16693.779296875,16706.0,0,2026-08-21 11:50:00
16704.849609375,16738.26953125,16700.619140625,16735.5703125,0,2026-08-21 11:55:00
16735.029296875,16742.5703125,16712.16015625,16722.55078125,0,2026-08-21 12:00:00
16721.919921875,16771.810546875,16717.0390625,16771.810546875,0,2026-08-21 12:05:00
16773.259765625,16796.0,16759.939453125,16793.25,0,2026-08-21 12:10:00
16791.2109375,16838.849609375,16790.810546875,16813.490234375,0,2026-08-21 12:15:00
16813.51953125,16815.0703125,16778.380859375,16781.0,0,2026-08-21 12:20:00
16778.05078125,16778.05078125,16713.759765625,16729.189453125,0,2026-08-21 12:25:00
16727.240234375,16736.51953125,16716.83984375,16722.029296875,0,2026-08-21 12:30:00
16721.4296875,16725.26953125,16698.7109375,16709.8203125,0,2026-08-21 12:35:00
16710.1796875,16713.6796875,16697.599609375,16702.359375,0,2026-08-21 12:40:00
16702.419921875,16709.240234375,16684.509765625,16689.919921875,0,2026-08-21 12:45:00
16690.099609375,16699.55078125,16680.560546875,16682.560546875,0,2026-08-21 12:50:00
16683.19921875,16703.859375,16679.580078125,16698.19921875,0,2026-08-21 12:55:00
16698.73046875,16713.4296875,16691.150390625,16705.029296875,0,2026-08-21 13:00:00
16706.599609375,16709.859375,16688.1796875,16701.4296875,0,2026-08-21 13:05:00
16700.919921875,16721.9296875,16698.76953125,16711.7890625,0,2026-08-21 13:10:00
16712.7109375,16722.2109375,16712.7109375,16717.919921875,0,2026-08-21 13:15:00
16719.580078125,16723.919921875,16687.009765625,16695.740234375,0,2026-08-21 13:20:00
16695.169921875,16710.880859375,16690.509765625,16694.869140625,0,2026-08-21 13:25:00
16694.029296875,16721.75,16690.220703125,16710.560546875,0,2026-08-21 13:30:00
16710.890625,16710.890625,16675.689453125,16688.3203125,0,2026-08-21 13:35:00
16687.890625,16702.619140625,16682.349609375,16699.689453125,0,2026-08-21 13:40:00
16700.560546875,16708.55078125,16689.66015625,16707.51953125,0,2026-08-21 13:45:00
16707.51953125,16726.830078125,16706.939453125,16716.4609375,0,2026-08-21 13:50:00
16716.23046875,16753.380859375,16715.419921875,16748.650390625,0,2026-08-21 13:55:00
16747.619140625,16759.990234375,16741.109375,16752.689453125,0,2026-08-21 14:00:00
16752.689453125,16757.0703125,16725.5703125,16726.470703125,0,2026-08-21 14:05:00
16725.2109375,16734.2890625,16716.880859375,16718.9609375,0,2026-08-21 14:10:00
16716.9609375,16728.830078125,16712.349609375,16722.73046875,0,2026-08-21 14:15:00
16720.44921875,16733.599609375,16698.5703125,16713.919921875,0,2026-08-21 14:20:00
16714.0390625,16724.9296875,16701.75,16703.4296875,0,2026-08-21 14:25:00
16702.259765625,16738.4296875,16701.359375,16716.01953125,0,2026-08-21 14:30:00
16715.330078125,16728.76953125,16710.509765625,16712.119140625,0,2026-08-21 14:35:00
16713.240234375,16713.259765625,16683.470703125,16687.109375,0,2026-08-21 14:40:00
16689.01953125,16703.91015625,16685.330078125,16697.400390625,0,2026-08-21 14:45:00
16696.23046875,16725.859375,16696.23046875,16714.5703125,0,2026-08-21 14:50:00
16713.4296875,16715.609375,16699.810546875,16710.83984375,0,2026-08-21 14:55:00
