tarih,seri,aylik_ham,aylik_sa,saar3_ham,saar3_sa,saar6_ham,saar6_sa,yillik,ecb3,saar3_aritmetik,saar3_basit,saar6_aritmetik,saar6_basit
2005-01-01,tufe,,,,,,,,,,,,
2005-02-01,tufe,0.024014024744323237,0.4742365391681158,,,,,,,,,,
2005-03-01,tufe,0.2592962621461137,0.4316774933650125,,,,,,,,,,
2005-04-01,tufe,0.7142233544116472,0.42730235898940094,4.058834216655227,5.4651353143310155,,,,,5.4651634189429865,5.332865566090117,,
2005-05-01,tufe,0.916717144648227,0.3799941195317347,7.823716511269807,5.069996643899222,,,,,5.070030885857979,4.955895887544592,,
2005-06-01,tufe,0.10283666119770274,0.7617538580286798,7.152233366404359,6.458103326805853,,,,5.664656039638261,6.4599269490001054,6.276201346199262,,
2005-07-01,tufe,-0.5735810520944962,0.3524689954178317,1.775954906723065,6.141148964639442,2.9110646086244474,5.8026022268557576,,5.890033813986961,6.14334710163853,5.976867891912985,5.803757163055634,5.654866729001551
2005-08-01,tufe,0.8524196550176111,1.3439290789655223,1.5168229335064565,10.277286682497966,4.622756306203191,7.64215782688662,,7.618278405553935,10.288054057679608,9.832607729648135,7.6500645320811245,7.394251808596364
2005-09-01,tufe,1.0245024533054536,0.7181099604488539,5.307514043102746,10.08634897772891,6.225869353855851,8.257027089893242,,8.82891671745385,10.097234312565329,9.658032139328832,8.264579270100757,7.967116742764047
2005-10-01,tufe,1.7915998211182727,0.7440077377348198,15.69109463354339,11.814497235322063,8.510698230787096,8.940897772418733,,10.726430288359756,11.819993892321023,11.224187108596784,8.947783966472244,8.600527500254884
2005-11-01,tufe,1.403071748756557,0.568994307880688,18.2385473111593,8.433529206928082,9.559124089698612,9.351522103477894,,10.097486035969272,8.433911152063377,8.124448024257447,9.357380524165283,8.978527876952791
2005-12-01,tufe,0.41755371423617405,0.9217537089192929,15.42257356080512,9.313167321138604,10.24910106729009,9.699076958631414,,9.836816061809571,9.314507588552079,8.939023018139203,9.70523104877612,9.298527578734017
2006-01-01,tufe,0.7501019347062154,0.5603838497704183,10.7707178276647,8.518372779542261,13.204176596209916,10.154107018938575,7.93499122925192,8.754660240591505,8.520191933132049,8.204527466281597,10.158767386108858,9.71435728743919
2006-02-01,tufe,0.2184995600345463,0.6221176388516936,5.684698124861276,8.747844171529051,11.785532066104153,8.590572966367361,8.144858777064744,8.858083106510396,8.749445854322335,8.417020790165619,8.591573447546219,8.270734407211533
2006-03-01,tufe,0.2745478609044394,0.3856621740960575,5.083955506463322,6.455536765541381,10.132014348713025,7.874890047282324,8.16130993975326,7.897922765281273,6.456170845854525,6.272654650872678,7.876661503850135,7.60583883450594
2006-04-01,tufe,1.3367691222648803,1.036521603010776,7.553030023557961,8.486103156113,9.15001759161509,8.502236768165062,8.82988845335111,7.891341853791989,8.490747264391562,8.177205663834108,8.505468683209628,8.190866565057853
2006-05-01,tufe,1.8753975431804903,1.4171174677069631,14.844005306473495,11.95547786478912,10.169206370313045,10.340005714106915,9.863741751265431,8.958863947308359,11.967445157860679,11.357204979255187,10.347692958218602,9.887112884710403
2006-06-01,tufe,0.3354132814232802,1.0747786530644676,15.123094893793398,15.061436422131802,9.989045734499125,10.674870568400753,10.118996633085885,11.821194869484364,15.063409549231599,14.113670895128827,10.68311854362991,10.193162773000752
2006-07-01,tufe,0.8473917891460792,1.7448469779102638,12.915334032576364,18.322118820690903,10.201571274305167,13.297420924005765,11.692784617970098,15.106075483261083,18.32728565827928,16.946972394726778,13.311210004456097,12.562089029280443
2006-08-01,tufe,-0.43940807573901175,0.04074870021253396,2.9972282626280045,12.028525724182359,8.759432828354319,11.991995838714509,10.262101675622448,15.101330334641517,12.060976064780782,11.441497324749061,12.014201662647706,11.399351152002124
2006-09-01,tufe,1.2853273060316361,1.0033394039591137,6.953427210764507,11.71213610138393,10.963099947691024,13.374418832512337,10.546776143028168,13.96262672970725,11.744189525964677,11.155740328327646,13.392667113999511,12.634705611728236
2006-10-01,tufe,1.269016049750915,0.1293162679337101,8.753285130188804,4.784167384896665,10.814771206799346,11.347585083121192,9.979244526560338,9.432908675217377,4.79591662971246,4.693617488421431,11.373366600969725,10.820294941574105
2006-11-01,tufe,1.2908584206430707,0.5847321759211432,16.512765748494495,7.081929742656334,9.546756817843738,9.527305822658905,9.857540747385762,7.808593822830789,7.0900231986381845,6.869551391255868,9.549656541156004,9.155524358002465
2006-12-01,tufe,0.2310329746837647,0.7352518389183826,11.736790553243793,5.9495615791707035,9.318949387564102,8.79270123962488,9.65348568940334,5.935640984248125,5.953743335876438,5.797201131092944,8.813664389844057,8.476470729710295
2007-01-01,tufe,1.0037919906749515,0.7584036005745309,10.570824219563724,8.637377569667049,9.658289123213137,6.6933791550169985,9.929594580486523,7.219779812485538,8.637758815064679,8.313550461656227,6.700988661136664,6.503583975038829
2007-02-01,tufe,0.4269728739406453,0.7880135076485439,6.846679160515001,9.518266265813091,11.575096235825155,8.293246759958816,10.158268797114767,8.030822238440072,9.51829644425839,9.12667578856583,8.297921246661977,7.998113589910849
2007-03-01,tufe,0.9162879190974138,0.9738076267835627,9.798718794102035,10.559378228712646,10.76351585658113,8.229929556466997,10.863262988924639,9.573790624915702,10.559970863382473,10.08089894002655,8.23439723690047,7.939050035559747
2007-04-01,tufe,1.2057820982035672,0.8931119485091621,10.679670779297412,11.151811792223443,10.62523411237093,9.88740303248754,10.719962101966951,10.412314962635683,11.152190979124633,10.619732331765075,9.888382581285725,9.466641396710651
2007-05-01,tufe,0.5024041719223771,0.13252885676815485,11.012574255283347,8.288351383763848,8.909709871237425,8.901572533793,9.22776891599666,9.988712856024184,8.297577137152379,7.9977937282435185,8.906368967682287,8.562234758404674
2007-06-01,tufe,-0.24280493651533952,0.5619007983425961,5.99955015233371,6.532152740499297,7.882411909807607,8.527086795674377,8.59830536144015,8.631585373799533,6.53828683230715,6.350166414479652,8.532054303249193,8.215532677253101
2007-07-01,tufe,-0.730188425062317,0.11075755285434585,-1.88136204105126,3.2660638729356872,4.210069314867626,7.136408825983498,6.899475725935322,5.9979582815695265,3.2687207035315025,3.220748831860387,7.144009753032554,6.920240581812731
2007-08-01,tufe,0.021634113344992656,0.4975060404196263,-3.745400838785029,4.779910540113108,3.3705511100570185,6.519687243847572,7.394502596989994,4.848040217794014,4.782388876018695,4.680657566466273,6.526692661942279,6.339225647354896
2007-09-01,tufe,1.0310022560672039,0.7737459872990238,1.2658979124915426,5.665628073353868,3.6056930119974018,6.098005774525861,7.124837553045782,4.569630601424457,5.670274576168244,5.528038322291984,6.103467045823696,5.939102368385818
2007-10-01,tufe,1.8126024244816463,0.5809352985777227,12.047090026678497,7.664722894487053,4.851837660011471,5.442458958827512,7.699856491320745,6.034565185194785,7.6655765441099755,7.408749305185491,5.446142932655773,5.314749068522939
2007-11-01,tufe,1.9485528139241648,1.3677553732692305,20.93417897273899,11.442695718867647,7.891014092516624,8.059963389647674,8.399165322107427,8.24409820905978,11.450050249048239,10.889746636583908,8.06909109316658,7.7852021015250905
2007-12-01,tufe,0.22000676621674042,0.724029357651701,17.097635616663844,11.222937829239799,8.894431511217382,8.408678535854385,8.387240554308285,10.106773279941317,11.230604923497655,10.690880117994617,8.417768605595487,8.1094592201433
2008-01-01,tufe,0.8026342995639757,0.4969941505807096,12.519941829491522,10.852112081449338,12.28326701679845,9.246793680720277,8.171378093839387,11.171068568851549,10.860993969288879,10.355115526006564,9.252576818110935,8.881932415596028
2008-02-01,tufe,1.2930448448749576,1.615544996211038,9.653814129770977,11.939987961473374,15.155955047983461,11.691065073103246,9.104237025493212,11.340613549476931,11.955321390401208,11.346274017773794,11.702423936673178,11.118010327178851
2008-03-01,tufe,0.9607631075460032,0.9677305559852245,12.931872625302198,13.027278632612994,14.995892405707822,12.121478693260524,9.152320755110143,11.944686402857286,13.041242878176451,12.321078811107888,12.132573882633002,11.505979464551253
2008-04-01,tufe,1.6769815585156334,1.3466395757630645,16.901365095919484,16.898353522043806,14.6897327592187,13.83509734156021,9.660518148236473,13.95008195875218,16.903181062463002,15.719660511837308,13.84534807280322,13.037388018921936
2008-05-01,tufe,1.492244247250829,1.2028471829132137,17.8236580086905,15.010823933630446,13.665357498996379,13.465017721629625,10.7405557497124,14.97409623350785,15.012468853316353,14.06886925864601,13.474457987259436,12.707571638209902
2008-06-01,tufe,-0.3611272593909254,0.5025784636864206,11.7730819402299,12.906033837763164,12.350983318400498,12.966639968992988,10.609206028176033,14.912750456643021,12.915072810248596,12.208260889450795,12.978141699152236,12.264669850279342
2008-07-01,tufe,0.5760144957634772,1.3828978501364997,7.009992500292173,13.067695848849814,11.846386630003614,14.967071291138701,12.064613928040524,13.65156090787767,13.07729447402519,12.353293986944536,14.975651123352351,14.036477249390922
2008-08-01,tufe,-0.24453017477357175,0.22616664442385304,-0.12891148021911825,8.765735069724133,8.476619502592886,11.844699499421685,11.766402461552783,11.54915040241229,8.781362900290212,8.446571832987093,11.857149158620771,11.257720545816552
2008-09-01,tufe,0.4515544657512027,0.220738301918999,3.169472086898528,7.550807192765685,7.38514728443207,10.19589409857864,11.125383432821678,9.759054083668751,7.569805407888297,7.319211185917407,10.212737716283105,9.763736037684101
2008-10-01,tufe,2.6008221096124773,1.2847709571973898,11.731822612758203,7.135024467279116,9.345422857270202,10.061393600232948,11.98570143524611,7.81081813057225,7.150895002676183,6.926703614160967,10.07754023814471,9.639998800552751
2008-11-01,tufe,0.8324466036767841,0.3864229404483499,16.635627411008237,7.8218824129319575,7.92834229119328,8.292780448393211,10.759711135423867,7.502313107842884,7.835815692994075,7.567728798258955,8.307643436114432,8.007150315623024
2008-12-01,tufe,-0.40968337205902206,0.09145322610586426,12.686797176914478,7.266595746158222,7.823176432090295,7.408607463831318,10.063799210543012,7.407626586839378,7.282951463707055,7.050588495006416,7.4262906685729435,7.184899840461911
2009-01-01,tufe,0.28671145092864503,-0.08093366626873433,2.859221811124235,1.597112625149899,7.2037701085502,4.32933023316282,9.50047634487683,5.51475334917273,1.5993757601817205,1.5877700011419194,4.341295667260625,4.257236807651443
2009-02-01,tufe,-0.34182717662849527,-0.06482673438592546,-1.8492335035641405,-0.21737443132534562,6.9947486149818605,3.724396941699526,7.733136194408474,2.8229674289780737,-0.21701254890613697,-0.2172286981951821,3.737795664748722,3.6752500500318863
2009-03-01,tufe,1.1038352857195122,1.0596454648698517,4.254729297087123,3.6998263982573887,8.38879801453183,5.468134321266271,7.885805548149194,1.6844692601147848,3.717413425962812,3.6555402568607676,5.48637383007089,5.353064375933592
2009-04-01,tufe,0.018504826656640105,-0.3255772763557041,3.1439206190746916,2.6879482806998922,3.0014728507626653,2.1410742391122284,6.126055254062246,2.047143480715752,2.710056117273596,2.6769658165128885,2.1533322305836933,2.132367908827404
2009-05-01,tufe,0.6413815127425782,0.43998566830505403,7.274948058462671,4.778593859855307,2.6114924255731697,2.250101216234368,5.2363448506144605,3.7192553553286434,4.798628588427256,4.696215427276806,2.2626238958327605,2.239493364540812
2009-06-01,tufe,0.11030077294456042,1.0284423559852707,3.119988447510047,4.6492483045775135,3.6858065538090568,4.173455745179266,5.734256575411445,4.037150694195724,4.668410984556037,4.571402991738482,4.19191761456168,4.113471624299625
2009-07-01,tufe,0.25096421330645935,1.0058024600861915,4.082006761764978,10.353596113745533,3.6119020349953956,6.451793645375203,5.392535439039836,6.571441129421629,10.358429046912176,9.896921937506065,6.471304493168906,6.2869438770094765
2009-08-01,tufe,-0.2991819483937008,0.17256658842994543,0.24533813508664792,9.18302609200623,3.7005951841379003,6.958141098676118,5.334795357236244,8.038723740012067,9.193283809430586,8.82724561800563,6.975271435259067,6.761730522641218
2009-09-01,tufe,0.39194072031532023,0.19053291263304573,1.3781868921856066,5.605672099241654,2.2453786787045793,5.126372532706247,5.272283615040063,8.354154171182504,5.615138393027785,5.4756078445967304,5.140797905321737,5.023505418167606
2009-10-01,tufe,2.4095650574155414,1.0288269802453343,10.39575474685046,5.701997316196317,7.192405010951397,8.00275700299391,5.0760467211412585,6.808856149140374,5.712006780212797,5.567705925233302,8.012317420623694,7.732313931369683
2009-11-01,tufe,1.2687635104855266,0.949086710294722,17.505857243038992,9.01783812509176,8.533010610512704,9.100400844845712,5.530726313170398,6.771552612469045,9.027056388069376,8.673786412692408,9.110141081141187,8.75051601534902
2009-12-01,tufe,0.5293805030488485,1.0368616578622758,18.150656991369907,12.748354148161756,9.443589971754918,9.118585575051963,6.525803908563765,9.131885755341273,12.748458254577443,12.059101393609328,9.128382097938514,8.76735461910303
2010-01-01,tufe,1.8489264468831257,1.4068685102991418,15.584574018606245,14.445430110788294,12.960374848338896,9.986865335918548,8.18520828940732,12.063309744562623,14.448070196999453,13.571267513824559,10.000565517158755,9.56948671952893
2010-02-01,tufe,1.4476933802482828,1.6920353049870052,16.403638431608346,17.851913148727604,16.953449372452866,13.34884556262741,10.12784529246591,15.01725234971496,17.856864335807664,16.54306189259369,13.36317988737672,12.60842415264305
2010-03-01,tufe,0.5832719906620154,0.4827257477323377,16.653444462822797,15.287673422137061,17.399663984139213,14.01094435148198,9.560819186472802,15.857377790707794,15.305705519433864,14.326518252073939,14.020510260751218,13.192809822841634
2010-04-01,tufe,0.5967796606387799,0.23394132857827987,11.021747015758354,10.045583855811158,13.280189510866801,12.223946536250141,10.194264613754566,14.327927539271057,10.071873667689445,9.63480952519049,12.24042258032152,11.603038519507525
2010-05-01,tufe,-0.3581822262838985,-0.46764845969080593,3.3251195851711435,0.990824960257175,9.669594059132681,9.0961132764801,9.099822253157086,8.578790030927031,1.000634492049457,0.9960744664792465,9.130780223938984,8.769568179536469
2010-06-01,tufe,-0.5616715250067017,0.39152907473347653,-1.2997753308752413,0.6246925161321748,7.302009193247994,7.706948192782792,8.367509417220198,3.780494960049263,0.6331175508072384,0.6312877744838019,7.740668465896983,7.47890301327887
2010-07-01,tufe,-0.48011740750308896,0.21641436277568538,-5.458769926966067,0.5543298031813526,2.450634589186329,5.192965223064605,7.5772377719593775,0.7225857951971948,0.5626255602491304,0.5611799112734239,5.218816576481045,5.097994718231957
2010-08-01,tufe,0.4029739754330963,0.8810560388104127,-2.536727550890039,6.116323747360042,0.3514039810425418,3.521857967269959,8.334864401777065,2.4028628361486115,6.121306883826416,5.9559979052782985,3.531954040170393,3.4760361858787725
2010-09-01,tufe,1.2266817419409604,1.0591881504471878,4.6660249542259,8.96753834072439,1.6393633303865007,4.713060502380673,9.235649412402068,5.1664434944741044,8.976027600402015,8.626634208133144,4.728443170638874,4.628960991308473
2010-10-01,tufe,1.8316859160986132,0.39174024963659626,14.735561821573695,9.732084707286837,4.150089523399836,5.043020880242932,8.61925187914192,8.267424714744841,9.737251746173747,9.327937755576787,5.058168646006833,4.944558833425106
2010-11-01,tufe,0.027419761720581803,-0.16109899443803588,13.028510234094393,5.267502142600233,4.957746200376079,5.6910608208664115,7.287806479379189,7.9670325222938265,5.283084839467755,5.159317622582993,5.701434208316614,5.557657763930646
2010-12-01,tufe,-0.30153504786883945,0.2031411037596076,6.355973443597085,1.7457882069514374,5.5076156989557035,5.294767569182679,6.401029833770977,5.51835040730384,1.748995084043914,1.7351294358326719,5.305693324630756,5.180881821982908
2011-01-01,tufe,0.41242781819994523,-0.12129314794269153,0.5495247316763985,-0.31813533288611584,7.408594679295155,4.586322324824299,4.900327383790781,2.198364265285635,-0.31654397316527305,-0.3170041544844793,4.599679228486053,4.505466800546154
2011-02-01,tufe,0.7283679844156898,0.9486937154443487,3.3977164498269152,4.188503528836129,8.105919597084267,4.726613229188614,4.156520728320734,1.8584800717213579,4.200946574600861,4.122166685045059,4.740734648431411,4.640742153814026
2011-03-01,tufe,0.41863764288549987,0.27013999114091636,6.417820860796208,4.467437619583392,6.386892657866028,3.097632283991092,3.9860376995088487,2.7610360186478777,4.479585401559061,4.390162234570294,3.106004429116682,3.062645835201483
2011-04-01,tufe,0.8662695422544386,0.5044864866412979,8.354842901392413,7.110265283914519,4.379250601402851,3.3293325657812955,4.264607103856188,5.249229448195947,7.115293086518659,6.893280772906252,3.3381480559425913,3.2881383092108862
2011-05-01,tufe,2.420826644700491,2.4100798563915893,15.822849063426702,13.44858933620201,9.434081098491887,8.72000161146229,7.172545503066607,8.307766074035982,13.509556301019533,12.738825336695214,8.763998903198855,8.430496010870137
2011-06-01,tufe,-1.430742646013261,-0.4549824091160115,7.523373373535258,10.20231700888412,6.969168857261732,7.296568806552028,6.2358788706935675,10.240827046107338,10.294320184917293,9.838335735667503,7.35086908165401,7.114248985118898
2011-07-01,tufe,-0.4094002009750186,0.2430623686171085,2.1862441012281852,9.060185597514359,5.225350682579899,8.08082813923441,6.311368354715063,10.886697943226764,9.155777839242019,8.792639263570745,8.131123522717099,7.842960018238498
2011-08-01,tufe,0.726069064003454,1.1747277221939578,-4.411230317918246,3.892354919838037,5.2205476275732465,8.565377116609563,6.653476557436289,7.6569274865665005,3.9199431446241384,3.8512307267802193,8.617776594756998,8.295028031737717
2011-09-01,tufe,0.7526368866025868,0.6183824598033905,4.3437928324196795,8.446316451530645,5.921653102333502,9.320790996211459,6.154018005639705,7.0968581409633025,8.455714940608683,8.144690202457827,9.371476055364836,8.991512969062665
2011-10-01,tufe,3.272134182689679,1.7413627575907809,20.649585833300588,15.076780788411082,11.034805483117506,12.028099469501807,7.65560731796715,9.06311550118497,15.090957950796735,14.137891758352517,12.087362219630094,11.46526551096163
2011-11-01,tufe,1.7268605556943095,1.679361886108488,25.51651148293157,17.38991147973945,9.535240481957729,10.435113743145386,9.484649106828558,13.608629389688097,17.408171531543502,16.156428414010637,10.475502430180828,10.003829570395428
2011-12-01,tufe,0.5758638500908742,1.0785823591876298,24.6379395710302,19.552322883999707,14.040323331965432,13.863993606380266,10.448171569445819,17.342349020512437,19.558551926172996,17.997228011547595,13.883162181883257,13.070959107002711
2012-01-01,tufe,0.5626088519556927,-0.08049112380607015,12.063395858456927,11.216437620513119,16.277264748514142,13.130144577489977,10.613362481996646,15.98122544854208,11.251479350530413,10.70981248596019,13.156292015055126,12.423852122156354
2012-02-01,tufe,0.5644123152110492,0.800401037187104,7.02826661477014,7.420401624451967,15.9043340671567,12.294574391697456,10.43331699697978,12.576881654718285,7.435975840659292,7.1939690902746545,12.320666174992056,11.675198752142647
2012-03-01,tufe,0.4135486721209558,0.28465096080605434,6.339023608062089,4.0849821161695,15.12548283722419,11.55089147706363,10.427720506778137,7.511766803698028,4.0930795551259225,4.018243496748353,11.580436448445663,11.007735754147973
2012-04-01,tufe,1.515002954241429,1.133824205457712,10.425015425171402,9.237720167798159,11.241189387147376,10.22263874018343,11.137949528109182,6.89584562428347,9.24560629596649,8.87550481380348,10.244361009593849,9.792658649881837
2012-05-01,tufe,-0.21250902765637125,-0.1635226338901563,7.051954442214137,5.118845772916947,7.040109873231737,6.2633927146388935,8.280488437112332,6.1265548624838795,5.1369289114475025,5.01981012949444,6.2807539855441075,6.106889609884547
2012-06-01,tufe,-0.8954067283440947,0.047976193151555435,1.5781905656741868,4.130018711032868,3.9313504416615297,4.107497978264041,8.868566669608047,6.134996300929174,4.150016551518632,4.073111058876444,4.121544485773376,4.045677277812398
2012-07-01,tufe,-0.22953715791984575,0.35013350606458715,-5.226374675707845,0.9397084971506819,2.3004351815492985,5.006778974649317,9.065185946264332,3.373669554138936,0.9423944121091044,0.9383482613039451,5.018801845195964,4.906926537553713
2012-08-01,tufe,0.558030248268615,0.9900984961345838,-2.265001044320958,5.6866746803182044,2.287451115047312,5.402377847811457,8.883235187591687,3.568028325391581,5.696357755836723,5.5528327814029055,5.416303158354263,5.286321455448673
2012-09-01,tufe,1.031981729755227,0.9385912891843429,5.562694095160814,9.500463886939325,3.5512793616004013,6.7814841319119745,9.185122772823462,5.330063441109534,9.505925125697413,9.115293165534055,6.79719764235045,6.59420211220525
2012-10-01,tufe,1.9609733067269763,0.5121192875844116,15.14322991656929,10.20920285302871,4.463109903648577,5.4726732840694625,7.798889571099776,8.454196941319259,10.212191378952951,9.763236291613353,5.483987743635166,5.350792276458649
2012-11-01,tufe,0.37803606592627936,0.43080263463219914,14.321036706608625,7.787999645571597,5.70319958796206,6.732165971574733,6.3695543745840855,9.15739181590778,7.791164211152424,7.5260528456038145,6.739050370186694,6.53944281350336
2012-12-01,tufe,0.3813200439854558,0.843617330019053,11.40438289114214,7.382897342689576,8.444210504746618,8.436511713297445,6.163803837928361,8.445606697321395,7.384925696830358,7.146157008942655,8.440672037746655,8.130725087238355
2013-01-01,tufe,1.6461098604744429,0.8685541240736283,10.034642313424014,8.914218461318214,12.55995788326343,9.559797352781274,7.307654319133783,8.029171758092279,8.916816975682075,8.571896354899522,9.562749302755712,9.167566323256437
2013-02-01,tufe,0.29989854951419925,0.5468350966018276,9.692424036733849,9.418426439497885,11.982818480070122,8.600153362136664,7.0254038581746725,8.57249327497096,9.419808544244535,9.036026202778036,8.602687857552539,8.281039524190925
2013-03-01,tufe,0.6624039393168912,0.5812258920835811,10.926220159866308,8.284052330401437,11.165044431047978,7.832533473186665,7.29064531040986,8.869776437425969,8.285385361917541,7.986460451036148,7.834293957431604,7.566308729989402
2013-04-01,tufe,0.4204176860119313,0.012715241601046756,5.671837508032929,4.655532085931058,7.831177508170883,6.763643085053017,6.133784192762559,7.424562470404128,4.659758815455284,4.563104921145822,6.768840513952701,6.567500638022672
2013-05-01,tufe,0.14561995069055644,0.2478716819187765,5.023169790919657,3.4163521786888085,7.332409245238991,6.375065327853369,6.514689487912051,5.425083006126186,3.4197080025089477,3.3672512624136175,6.3809874924319665,6.201638732595827
2013-06-01,tufe,0.7633935224250266,1.6635354234300737,5.445262547499685,7.939984354317642,8.151025922821686,8.111881467143277,8.297518999646458,5.33062175987824,7.973876510802991,7.696489387799588,8.129528106855389,7.841474919417868
2013-07-01,tufe,0.31116118925922365,0.8378689260074346,4.987116984873752,11.546542626304523,5.328920845427909,8.046114094408274,8.884429071612221,7.603987063569129,11.568682028126108,10.997104125425139,8.063617823333313,7.78010452328548
2013-08-01,tufe,-0.10339870762154924,0.3117079895714525,3.9467759158877236,11.830938643033551,4.48358673128022,7.541376851801984,8.168232522657126,10.429693766943782,11.851307896542806,11.252449356035843,7.559797402689328,7.30985030922473
2013-09-01,tufe,0.7650420932957314,0.7355151062155452,3.953578697191795,7.803182511917495,4.696764030592426,7.87156174674597,7.882437983425983,10.36672350712049,7.806499603711359,7.540368087177729,7.890158304265316,7.618428737488658
2013-10-01,tufe,1.7998302702378677,0.46141334202058903,10.263209453344446,6.202338954541431,7.592827223778742,8.841645197075199,7.7119364368371635,8.56864277921634,6.204280924153083,6.034545751230347,8.856194396776363,8.515824938327743
2013-11-01,tufe,0.008774339239181472,0.09567337492966121,10.75929874677415,5.29040670865133,7.298984186392943,8.511404987380121,7.315695414474921,6.423196641207807,5.294710991303142,5.170407292663182,8.527630137021823,8.211428324349512
2013-12-01,tufe,0.4606070880504243,0.8649808029317585,9.426832450462875,5.8327297315578175,6.655102262965418,6.813412448931544,7.400459634226775,5.774361414581142,5.8389387594979025,5.688270079528035,6.818566548251281,6.614319083352882
2014-01-01,tufe,1.978079536980415,1.113931212735264,10.195263687550815,8.609257753858902,10.22923133519049,7.399055887733397,7.751222648082456,6.576314908108016,8.621351024033231,8.298341562386735,7.406583536978761,7.166443656808541
2014-02-01,tufe,0.4281921653866094,0.6939318921502347,12.055477069055165,11.229202011958805,11.405502830442726,8.219073724172432,7.889047253771064,8.545322170675629,11.231151220157543,10.691375631269029,8.225625216559473,7.930891461966105
2014-03-01,tufe,1.12560755869342,1.0939154619787672,15.05207909170525,12.242479176511845,12.204209287554967,8.990494829080319,8.38550467206558,10.690794165481353,12.244953491402688,11.607114267457064,8.998814124543774,8.64769217349255
2014-04-01,tufe,1.344970020928038,0.9075001903547486,12.221468964297276,11.328679455594571,11.203751573069876,9.96056221386561,9.383390099399126,11.599475901466882,11.330431851194934,10.781390177935002,9.968244549435191,9.539865870160869
2014-05-01,tufe,0.39522404965883773,0.5401272617015396,12.074183270963923,10.650041741797178,12.06482977969754,10.939243937977317,9.656018523301224,11.400811523928777,10.653499193836048,10.166171656140222,10.941980573454924,10.428773643704625
2014-06-01,tufe,0.3107906462844978,1.0821305850507779,8.505467217518126,10.598455289006292,11.730835476122369,11.417434967471142,9.163472295600773,10.856659838219462,10.601786949035553,10.119032148428264,11.420593613513063,10.863073207942664
2014-07-01,tufe,0.45441408389452764,0.9313503452560212,4.741533196583214,10.703055070851498,8.417013041742138,11.01542655296992,9.319367045590576,10.650671890711806,10.70646480314139,10.214432768033355,11.018046489646704,10.497911472984178
2014-08-01,tufe,0.09458407088878129,0.4813871916198309,3.4925363919920738,10.444570867596426,7.697917764332951,10.54725856688814,9.536024587015124,10.581691608650123,10.448819244687101,9.97947248770652,10.551115797359278,10.07282207192337
2014-09-01,tufe,0.13968765493679314,0.23000705254312415,2.7882202688740865,6.76720323838127,5.608161922889976,8.665945694556743,8.856236857930844,9.28209856094593,6.772533482455656,6.570978357675905,8.671700342972088,8.345005253052085
2014-10-01,tufe,1.8995651678135106,0.6824324981189678,8.831989894484483,5.717851976020438,6.767174180004165,8.181741478280502,8.962885028214384,7.613056890350345,5.720005164352249,5.575306969127691,8.18690293384494,7.894869868580523
2014-11-01,tufe,0.1811813246295424,0.26662570370126204,9.209104765315068,4.816931385182888,6.312404023525109,7.593963615505972,9.150728171491252,5.760473029289992,4.8195561145424115,4.716261017453416,7.600447274178479,7.347866752579968
2014-12-01,tufe,-0.44208671809643496,-0.12103906907147133,6.693277979092271,3.356182464000379,4.722548470342103,5.0478488074703565,8.169948848005127,4.624206239086415,3.362820472609518,3.312076530995034,5.054997036718167,4.9415274443354695
2015-01-01,tufe,1.1020507200896201,0.20621351647984731,3.392156650165812,1.4145501852880882,6.077208427257363,3.543847739510708,7.24072962027793,3.1835278140496026,1.416312153958521,1.407200604438552,3.547664706454845,3.4912537867831217
2015-02-01,tufe,0.7147135596050402,1.044077632102547,5.61234550789429,4.596734237661271,7.395668930745458,4.706774927428414,7.546687167708477,3.1170079751119184,4.611707095713813,4.5170083180436915,4.715584332907641,4.616634667748554
2015-03-01,tufe,1.1853789382871405,1.1868584092574297,12.689278027734874,10.183994334315383,9.65030080157705,6.7154957024980755,7.610253795567945,5.353581370301819,10.196189715586158,9.748598231359296,6.729384396656357,6.530337381177165
2015-04-01,tufe,1.6299025087270769,1.191589851625996,15.061166679943238,14.582312293564437,9.070720955366983,7.7975586942582,7.912801196986341,9.731601060030147,14.58262728668991,13.69010357194389,7.815374863268598,7.548652088191221
2015-05-01,tufe,0.5628589516875282,0.730926396822773,14.368791533324664,13.168468595785686,9.903395428611873,8.798217971603318,8.092988571709991,12.637233204545728,13.171576609609637,12.437498630824795,8.814510151864408,8.477253474434242
2015-06-01,tufe,-0.5137052153184607,0.09247553702653732,6.878292910584616,8.351446041564525,9.74533094820278,9.263878371393242,7.204527607824929,11.986646275923917,8.36448258778939,8.059967141901225,9.276818123593532,8.90428268663026
2015-07-01,tufe,0.08862860211984458,0.48944805709947303,0.5408209974393952,5.375313074454957,7.556237210701622,9.882423666068242,6.814162882321595,8.899124102357092,5.379657512486324,5.251399963795134,9.892864131739355,9.470751767869512
2015-08-01,tufe,0.4004004476310996,0.7593965391090585,-0.10729794762432965,5.494494834616459,6.8859561248747925,9.26413146920433,7.140509413261786,6.390614865522171,5.499203696870381,5.365280532940275,9.27367995831827,8.901389581882535
2015-09-01,tufe,0.8934733958723573,1.1074784133223714,5.665455257376806,9.839157232335282,6.270143867072031,9.092765654328772,7.946992738340408,6.892566182789439,9.843308565842413,9.425292038123612,9.10159879130854,8.742629590012418
2015-10-01,tufe,1.5544829186726394,0.4473585744208419,11.992894880074378,9.655250576234575,6.112476161489155,7.493982900107143,7.581430913019638,8.318643280870198,9.659960258950285,9.256934107409087,7.500282315702411,7.25416703560211
2015-11-01,tufe,0.6661676629318158,0.7337442580487297,13.183425187040253,9.543624926159033,6.330607867520266,7.499997088082955,8.10224254208951,9.678691055622735,9.548352585973241,9.154324983167772,7.506304483956794,7.259802758054024
2015-12-01,tufe,0.20819393318012303,0.4605441181993353,10.139595724220364,6.766767713131094,7.879333164713143,8.292067050319151,8.808332036810796,8.639519914376216,6.767871199271314,6.5665878026756275,8.295582816919378,7.9959399203996195
2016-01-01,tufe,1.8179120144569794,0.9243860892601763,11.286844397620976,8.80941546992422,11.639311472966153,9.231514309782195,9.578758282916077,8.364853175746202,8.811748814225595,8.474697862032965,9.235099850798779,8.865815984721026
2016-02-01,tufe,-0.02186272041208026,0.3773439102980447,8.275413332342652,7.277678817270483,10.702222852556398,8.404731498712902,8.777354880252798,7.615771795060233,7.281360137055648,7.049096471030225,8.409424546840928,8.101710727098999
2016-03-01,tufe,-0.04009038027321665,-0.004592135807890418,7.206305554936709,5.304635295034799,8.663053301975454,6.033181295578238,7.459938151090761,7.116477534508214,5.313735446483681,5.188551455001322,6.0385184419601945,5.877569628838475
2016-04-01,tufe,0.7838991105836968,0.37399757477389883,2.917258328397865,3.0262535113311895,7.020264031734502,5.878356724234113,6.565403465964059,5.182215401079127,3.0282318079474013,2.9869973970562125,5.8837984949206446,5.730847629544589
2016-05-01,tufe,0.5788292615626744,0.7378648422572409,5.413042557669545,4.514386472297693,6.834642104288879,5.887018957751522,6.582327035292357,4.275713930320291,4.520106678602653,4.429081124892997,5.892483408525706,5.739088797961611
2016-06-01,tufe,0.47118913346273494,0.9437022280047058,7.5863315139628185,8.535738758402456,7.396150442278948,6.907980929539326,7.637470678989211,5.342514800507314,8.539304649450564,8.222258580143382,6.915370069682147,6.705405017572352
2016-07-01,tufe,1.1634983513726604,1.5052646923668256,9.216393539947255,13.512099035164837,6.0200537051679825,8.142157791493233,8.793408798381952,8.813209407124623,13.519105558807777,12.74732705051509,8.157126573064911,7.867162223785651
2016-08-01,tufe,-0.2901832519852987,0.02747343010298664,5.490463216839481,10.343914008500388,5.451745782158479,7.3896013287617635,8.045095500756672,10.784709833364214,10.368104733353366,9.905761401898072,7.407627321969112,7.167421263395535
2016-09-01,tufe,0.1810050352864856,0.48270087328208255,4.277009289099687,8.34195517663645,5.918746644121753,8.43880368035217,7.2821253157702825,10.703074264179623,8.36640813875471,8.06175598300758,8.452824811131233,8.14200728157548
2016-10-01,tufe,1.438339172967451,0.4159345226248945,5.414834077631658,3.7654883042687937,7.298779133645605,8.529435568542375,7.159431097619762,7.429537964520194,3.767983385601137,3.7044353040398548,8.543209897729742,8.225881177277472
2016-11-01,tufe,0.5168861330099306,0.5239699671828912,8.869483474535755,5.841080376235386,7.166656390440895,8.069047703780985,7.0005204706316215,5.958773720247779,5.841205029388408,5.690421452359473,8.082931495868738,7.798091427128773
2016-12-01,tufe,1.6434453319278175,1.8382951430293781,15.36714242896997,11.669236170789276,9.681997532514796,9.9930151410756,8.533056290752384,7.060687219518669,11.69665581389394,11.112798531348655,10.019981954563328,9.587277257178117
2017-01-01,tufe,2.461201867333984,1.6441286158535018,20.091259298156405,17.23362557753305,12.513999898186023,10.294172120436773,9.218772707758195,11.525540438410387,17.256669478907515,16.025574904263085,10.323499321661123,9.86500510415147
2017-02-01,tufe,0.8107026464381217,1.2538735127257672,21.501561878277585,20.675818903230535,15.012226667591388,13.015304485741396,10.128289228475861,16.495636341072295,20.679965970820202,18.94518908643459,13.037580088826495,12.31780526939703
2017-03-01,tufe,1.0159844171803822,1.0896598554078096,18.529035994247888,17.16629973209578,16.937402816707415,14.384750714598727,11.291792788886479,18.344809229570846,17.169999821549453,15.950647935948314,14.403326663612814,13.531723233648485
2017-04-01,tufe,1.3071680697695154,0.9664043013628998,13.27854709324654,14.072533368464013,16.635172104702157,15.642278884494253,11.869618623097033,17.243648397592892,14.073461705999613,13.239750677985906,15.655027059413795,14.632662791124496
2017-05-01,tufe,0.4462698293608458,0.5481761956600772,11.649390556042594,10.925473520324736,16.471349847578367,15.697979041527788,11.722178319464671,14.003539145549905,10.928989451695736,10.416961409723147,15.710356099539592,14.681075248078868
2017-06-01,tufe,-0.2672162086532426,0.11985635799545147,6.083470890869203,6.729683552236376,12.133721688074651,11.826303226893176,10.901084690381202,10.516677269819308,6.737250545534179,6.537747420073714,11.84216437177168,11.244197678011014
2017-07-01,tufe,0.1484925336238785,0.4580777241613987,1.3128857363114754,4.596491214503806,7.128784638086216,9.231802760417441,9.788378546467413,7.37156410567168,4.598610378870904,4.50444111126771,9.241909600996955,8.872095894626808
2017-08-01,tufe,0.5189530556274802,0.7631294780808373,1.6064454239572257,5.49379480104164,6.5096132194208955,8.175547799683102,10.67930148799061,5.600159378894576,5.4981257914516135,5.36425424095075,8.182322187735934,7.890607825336948
2017-09-01,tufe,0.6509539814232523,1.0111462139373195,5.400112568324933,9.300774799809396,5.741239701150791,8.007578930359838,11.198497927226914,6.453658760149517,9.304081297766942,8.929413664718222,8.013676765370237,7.733580542395968
2017-10-01,tufe,2.0772270035999574,1.1270008968791823,13.757191935865754,12.241198811210396,7.354875940881311,8.351444685163955,11.898858044412775,8.9919285013486,12.242721323063988,11.605106355589356,8.358892457521726,8.054773733428533
2017-11-01,tufe,1.491885125728154,1.4109911981316392,18.225814207339308,15.15580028329011,9.601572702954076,10.218974615240995,12.98426048848822,12.225366690646599,15.157703582064762,14.196553235792564,10.230960766730046,9.780403738371657
2017-12-01,tufe,0.6857740485183506,0.7820593243784479,18.389499391731444,14.114684481081374,11.706161704697937,11.68179542708816,11.91973752398483,13.837411617632611,14.119114891460804,13.280205677557078,11.687814722318457,11.10480967113765
2018-01-01,tufe,1.0201276743915688,0.3699331274552575,13.56104540782308,10.735676305040421,13.65907635950283,11.485896236465166,10.345632960625029,13.307668122789828,10.747638361517176,10.251934599861379,11.492882631022816,10.928520477725367
2018-02-01,tufe,0.731670444830046,1.1575541661070554,10.196613639454899,9.632857307964237,14.140634177387291,12.360399699548807,10.259125694216031,11.463814366179538,9.639560726348261,9.238186471763044,12.367585610604493,11.717369853777804
2018-03-01,tufe,0.9934868066234337,1.0888385445626536,11.54991973321302,10.973848454362201,14.918837247872041,12.5333093000507,10.234569512493575,10.44633192459401,10.982164856094379,10.465303352499866,12.540621199397517,11.872754515028472
2018-04-01,tufe,1.8723251983433942,1.6774392537204807,15.361922628177126,16.870393926511042,14.457942205476426,13.761689999264192,10.849529479910247,12.47249759094975,16.87510631794964,15.695327857560759,13.773564800510574,12.973631228711069
2018-05-01,tufe,1.6220316114065048,1.6804240342425558,19.49502751184815,19.305542992290658,14.751677018504438,14.366986368107938,12.147065371901377,15.696265085856332,19.310928687275396,17.78680733010276,14.381578260418326,13.512496900932902
2018-06-01,tufe,2.612390204774906,2.9340297706773377,27.343148525966843,28.25777333432493,19.185225580380695,19.303221671073544,15.385112044374694,21.44677502858754,28.283549461979064,25.167572234561497,19.345769379140076,17.81643779353068
2018-07-01,tufe,0.5511414339416598,0.8674140520745333,20.86449111455797,24.21923310114733,18.081158837689394,20.48879908846377,15.849020060385154,23.905372522151637,24.271114246520288,21.927471427977707,20.521114243706528,18.81139964276923
2018-08-01,tufe,2.2954286695545445,2.387883055755524,24.100103070357683,27.712587501493967,21.775799035011765,23.437512931912895,17.89642458240328,26.71746556339358,27.769007039967477,24.75730751402958,23.473595450110096,21.27205742206617
2018-09-01,tufe,6.304738093495632,6.687901210260683,42.949754424195575,47.38676591334874,34.920983577021204,37.48999387225782,24.518924477408333,33.00573185431788,47.88709094875407,39.77279327236296,37.76601660384004,32.47018275346223
2018-10-01,tufe,2.6686111893269526,1.853474267781885,55.37678929587937,53.23512674404163,37.03844923692168,37.96648117677701,25.24032458712209,42.633887585356,53.632832560124235,43.717034135192364,38.239013654723685,32.822252781585036
2018-11-01,tufe,-1.4429187430655355,-1.5362345666980248,33.87903414251128,31.059901375566934,28.896865501243173,29.37541931280554,21.618795745954777,43.5458184698672,31.914555628958464,28.02056364537817,29.826614347298786,26.388935579703876
2018-12-01,tufe,-0.40457170111974916,-0.4081743738938437,3.147735401710916,-0.48147644277908297,21.42875872332084,21.11033537881979,20.30176224970528,25.62821904785142,-0.36313290177554247,-0.3637386912399343,21.585189891883495,19.704527290561515
2019-01-01,tufe,1.0637758193774216,0.5348489013712543,-3.1519173049755267,-5.535843245194039,22.670062112215163,20.313037668790066,20.353741482771113,6.935578386857211,-5.494795151202824,-5.638240156882457,20.791936620773612,19.039396989154955
2019-02-01,tufe,0.16077574339168343,0.5160749095673545,3.307157330255106,2.5896097039546095,17.603836856554157,15.954232910912713,19.67163909126528,-1.2089860298340915,2.6015111264667157,2.5709977481790602,16.41499631032044,15.295780696778616
2019-03-01,tufe,1.0283162704966209,1.10705076488542,9.381848274797001,8.976880832363786,6.219065819648617,4.140377771103032,19.71291005994027,1.8308272890361854,8.981723393352814,8.631898303296115,4.2133183362181414,4.13407980602809
2019-04-01,tufe,1.693105943617379,1.6742298368890296,12.131911622790392,14.001724422759644,4.210175364957425,3.774162324683461,19.50230469209131,8.448581535207179,14.016689563688534,13.189422045367216,3.8416168608111922,3.7755909442423796
2019-05-01,tufe,0.9496374648331862,0.9483456015338954,15.70644825818237,15.975474714763504,9.331167808329365,9.077397687231436,18.71160361179558,12.967959785821748,15.982058175457592,14.91850481323338,9.103896869419525,8.74475128070622
2019-06-01,tufe,0.026600886396765944,0.28056895340795585,11.185241921970945,12.229633922900485,10.2798588242913,10.59129912373642,15.720120848609387,14.054567492731906,12.25102717361153,11.612577567323523,10.605303009004285,10.122237935309819
2019-07-01,tufe,1.3562846534316941,1.6877729413686815,9.719502045098348,12.289442248886772,10.919148511956834,13.142344198991074,16.646726646724908,13.472417088199084,12.31126826305957,11.66674998524213,13.161033929530607,12.428086015304673
2019-08-01,tufe,0.8586966441145982,0.8188484763211434,9.324671241806271,11.714367795880865,12.470304598070946,13.82498336299889,15.008431661154686,12.075603136507972,11.736463148396137,11.148761484391123,13.841119343619512,13.033633148812251
2019-09-01,tufe,0.9932835099198289,1.328106943488394,13.612497237717802,16.455925474636103,12.392317311882595,14.323251721471731,9.262102076491718,13.47842926319145,16.464586993309393,15.338913444712876,14.340016439490121,13.4757455060182
2019-10-01,tufe,2.002154391073696,1.378330202632938,16.536173594844605,15.044849945518092,13.076482687902402,13.658796553496423,8.552844691232675,14.398189342640698,15.049162324188314,14.101142489769902,13.672659397931252,12.883946237506017
2019-11-01,tufe,0.381092287566287,0.3400155318534992,14.344430549459508,12.874777351792632,11.806382993777298,12.2930736597602,10.561848850021537,14.770268094077,12.889981030379438,12.185810711899325,12.311864582137687,11.667286098145224
2019-12-01,tufe,0.7432818629116378,0.8308641239338277,13.216421832856785,10.675411903292531,13.414286634223217,13.52888408015156,11.836092200504943,12.838861404598223,10.68715377782885,10.19683943368106,13.54218999444894,12.767876439196968
2020-01-01,tufe,1.350737862223439,0.7174742443673221,10.351872258903816,7.817663682702269,13.40187362684857,11.372648975647582,12.1536413245267,10.418669518125245,7.8204786677740445,7.553415600618596,11.381075766201466,10.827279045194249
2020-02-01,tufe,0.35166307987790635,0.6061043131568411,10.22251960035534,8.965895204920947,12.264559133456165,10.903116097764464,12.367384775600975,9.141144861758743,8.96643785839617,8.617770725831964,10.912306736983822,10.401790718865644
2020-03-01,tufe,0.5714030641014167,0.567213164866831,9.472236863009286,7.830668238111915,11.328589983296178,9.243780706547856,11.859189212541231,8.203143482395813,7.830927252414055,7.563166889563977,9.25048456298918,8.880003161622518
2020-04-01,tufe,0.8544542869284077,0.8442431087424707,7.34372652055566,8.374581837912665,8.83740715760859,8.095764099957004,10.936699005574834,8.388022055076183,8.375543489512772,8.070242347064571,8.097684496910485,7.811828973841584
2020-05-01,tufe,1.3621459505143818,1.2544510100809037,11.73302506502154,11.19534278915153,10.975202388805405,10.0749747655567,11.390017421197719,9.133338461543584,11.20056487102774,10.663629134760821,10.078305876354543,9.640699930296392
2020-06-01,tufe,1.1332552223361603,1.5645589650059577,14.25085697418169,15.672383332849481,11.836026737717265,11.682721991703815,12.622392056216402,11.7314279918034,15.678280943830437,14.653012335317328,11.691444481826396,11.108089612440653
2020-07-01,tufe,0.5838914493434544,0.8682548608207163,13.029775892628393,15.782592450439337,10.150067417582665,12.017364907972294,11.764144631798423,14.211787526017549,15.788093896233502,14.74905934363031,12.025630751282247,11.409650845347441
2020-08-01,tufe,0.8643503216470894,0.8459757497808917,10.825694807529551,13.925532155425625,11.278435178511238,12.55215946599626,11.770409618898881,15.117921804026956,13.932965233540283,13.115158302430263,12.559165004910056,11.889393718595542
2020-09-01,tufe,0.9733184049555144,1.2336521780961895,10.126296524663037,12.448052488837824,12.169620456412368,14.048823898018469,11.748314011325856,14.030453870131222,12.450140823001021,11.79153115479119,14.053742031606298,13.22227174505426
2020-10-01,tufe,2.1311372068486323,1.6337661529717273,17.060390850057882,15.900680642486842,15.027430396777719,15.841621499172609,11.88962095023638,14.090910628624442,15.907699343027248,14.853576323395234,15.847882470320783,14.801317833512773
2020-11-01,tufe,2.298001599190891,2.4089915590710387,23.85906207036106,23.254860673265455,17.161284612950123,18.498420212864453,14.026300790890222,17.16735443557267,23.271843660723924,21.105639560555822,18.518111799984503,17.110398931493044
2020-12-01,tufe,1.2495487147925033,1.6010989983793245,25.21998711364255,25.054135272343814,17.430887894503666,18.583700258723358,14.599319013699175,21.384739837597987,25.06419634123265,22.575426841688362,18.603535496231572,17.183478998239774
2021-01-01,tufe,1.6818208315998895,0.6811897398614208,23.030911705854052,20.431289522342233,20.008527242551576,18.144269544874025,14.973681190313549,22.88738763720133,20.46621125072776,18.765121189247136,18.166806950156513,16.809348756321185
2021-02-01,tufe,0.9078511912090637,1.0410727716243517,16.47842118994527,14.12446969672192,20.112064340028326,18.601836460822852,15.610910236962528,19.73297557844709,14.134060185062847,13.293446039460388,18.622320128282087,17.199542800008103
2021-03-01,tufe,1.0753726293894594,1.0578967635044068,15.678991850335544,11.70334319667572,20.354982733654147,18.190376048518186,16.19024370949589,15.317122024994202,11.705331204680046,11.120637099960717,18.211894091635262,16.84803197082454
2021-04-01,tufe,1.6789868756300175,1.4474238014393626,15.66609611492038,15.14283204751643,19.29168143033109,17.757376595850126,17.140153588092865,13.650879370457837,15.145207852532238,14.185573346272484,17.778167337289496,16.47534726775981
2021-05-01,tufe,0.8885632718029557,0.9149129514765209,15.577685996422353,14.568839125814637,16.02717952984345,14.346438549710161,16.59285314175072,13.804926701808107,14.572239569512192,13.68093406568116,14.352957489451402,13.487190052570774
2021-06-01,tufe,1.9420910482729647,2.5596395777434555,19.593270131293284,21.532221055626998,17.61984917892414,16.514185394015257,17.525330559410346,17.07190491589423,21.56530802434564,19.687905322637356,16.539767179014795,15.404271211299037
2021-07-01,tufe,1.804632141495377,2.090252806455273,20.185494889092915,24.642014775761357,17.904143283690853,19.798307890343537,18.951681750492753,20.23296682319331,24.67659051006312,22.259221342700997,19.824053109976948,18.22239734448674
2021-08-01,tufe,1.1195636175239443,1.1512189329833333,21.29001603210503,25.81358670578082,18.399406195553492,20.059637577065548,19.25266074508134,24.003359420179127,25.838535582380274,23.204445268728247,20.084326648138727,18.442689667204704
2021-09-01,tufe,1.2526615066047464,1.3574878133161272,18.042036675795046,20.017603622717694,18.81512184489138,20.772537996196583,19.582573722674645,23.43879353358269,20.028928695412084,18.395838211018933,20.794879297045178,19.041871766828145
2021-10-01,tufe,2.393719554120066,1.9713345541706229,20.798020068901568,19.459377333303497,20.49136825351234,22.023184168750753,19.89002425891282,21.688801989087935,19.467809725213627,17.920165201880334,22.04673020746073,20.089693272290667
2021-11-01,tufe,3.511774349130148,3.7845771399741324,32.64108983824268,32.39361624912676,26.838637303450795,29.06167408356124,21.312527554775574,23.909682808375177,32.47384063328798,28.45359802984353,29.117121892661892,25.829021649285888
2021-12-01,tufe,13.575491017019825,14.19126711496219,109.98621360095714,113.29234146850635,57.439513233798856,59.99636150278089,36.08090167750451,51.56840220390735,116.51319262133053,79.78871523642779,61.79284966742913,49.092276723723366
2022-01-01,tufe,11.104156054908444,9.71477355577024,191.0842612407216,185.84019103877728,87.51640576519722,84.78715117216578,48.69082410620542,103.95708472676861,188.47821983391012,110.76247124282625,87.15309628338362,64.3413182223533
2022-02-01,tufe,4.8085112068132485,4.821032749200205,205.94680290252802,197.43067030704634,101.44755488592394,98.43871100506483,54.43856667956864,164.19268180491525,199.61987835034702,114.90829367973053,100.61482200460854,71.68094585478704
2022-03-01,tufe,5.4642281294631,5.451521857688979,127.47210208136246,116.3045169288703,118.55435345907827,114.79314906666112,61.14453802711355,162.00053442762334,116.83945398403002,79.9493126506377,116.67626701137115,79.86901394353274
2022-04-01,tufe,7.248352382898227,6.818369632315524,97.50106309885929,94.35195985134274,139.76957906788044,135.69811482629342,69.97107003092505,129.2803085565496,94.42436337024401,68.36369695681883,137.21172637281617,89.56308409982253
2022-05-01,tufe,2.980802156658502,3.111147629527533,84.08072305204858,81.97748964423933,137.31605233055762,132.64927836913597,73.49595006178772,96.36002120205629,82.20987090892973,61.52415647812814,134.25573118856815,88.21622507892934
2022-06-01,tufe,4.951918969437985,5.721290835653181,80.5298962481755,83.84680681718201,102.64628046944941,99.41638532855286,78.61839702491453,86.4994251435274,84.08898762797956,62.60323238998495,99.85008743439178,71.27627252031132
2022-07-01,tufe,2.3652725045433254,2.660283085124515,49.82945650272785,56.849139666499646,72.02173392572536,74.59649966474468,79.60205249174939,73.35234976982734,57.0072771978215,45.970886201220914,74.80020030666398,57.167291579019874
2022-08-01,tufe,1.4604957067632762,1.5296118190732066,41.175729932790325,47.44517371598012,61.20710419652347,63.80385396257573,80.20759409811238,61.57495427535118,47.7039002748052,39.644742959403615,64.12749367579819,50.58444971876588
2022-09-01,tufe,3.0758627469511746,3.074301623965092,31.348894246570836,33.22395939107206,53.98831855256427,56.50175566296545,83.45249358214318,45.24370829562372,33.25651038750983,29.056786112651256,56.79438339480194,45.8300092513181
2022-10-01,tufe,3.5447850291401295,3.1489308400265426,37.508250509707096,35.77863233609126,43.536707634355245,45.93410042553414,85.51478639256433,38.53224492050777,35.82191465919215,31.011377132259366,46.06288044918756,38.491131666740145
2022-11-01,tufe,2.883763828459207,3.3256408181872033,45.387882917126475,45.64412025415581,43.26632714705991,46.54188006022404,84.38925996499486,38.21958854331393,45.64503166091085,38.195493128715356,46.67115443037726,38.92011804405948
2022-12-01,tufe,1.182683862410161,1.918243968888289,34.997298533757906,39.21918332556522,33.16060186362675,36.188585519577664,64.26959753021009,40.182006928491944,39.250245182791545,33.57126250840814,36.22316275924826,31.314024310529696
2023-01-01,tufe,6.64894324291001,5.049893412731166,51.92819583696864,49.76923899320103,44.53850840740587,42.60246293985954,57.68248106647735,44.87159446770568,49.90694488034255,41.17511279922663,42.70521509349325,36.093244965743
2023-02-01,tufe,3.1450460220181276,3.020115299218551,53.477423998929254,48.0056585914056,49.37790248486722,46.82014145948161,55.179828233363246,45.70168285546852,48.14526554134366,39.95301072335202,46.89027238084207,39.07425192603369
2023-03-01,tufe,2.2894798221578583,2.268583972361271,60.303720551766915,50.05123059306869,47.107339107873834,44.5337669202706,50.50851070940598,49.272961838188145,50.16695685215795,41.35437073724395,44.614201684870714,37.46281662282605
2023-04-01,tufe,2.3855089795578266,1.8196555035641104,36.166837369979945,32.42914964767398,43.83178346404173,40.83257067613613,43.684169801707974,43.11424437843203,32.44773035509596,28.43341910057573,40.92969167017255,34.80426594990118
2023-05-01,tufe,0.04307560085921036,0.26409289559161664,20.51080663505207,18.816616268732076,35.9988535480386,32.61045035160692,39.585300959801614,32.8986808672713,18.867890250731477,17.409329486067993,32.7686315703301,28.68117010471001
2023-06-01,tufe,3.9204982294152924,4.816986232490561,28.38284453994737,31.109717945717954,43.45817381652628,40.26109410832759,38.21351875871413,27.318181440208832,31.377223539446277,27.602938526585152,40.484388948584325,34.47865463191455
2023-07-01,tufe,9.488824253502969,9.807791485779527,67.89284486035763,77.35401201230354,51.199992399747195,53.25417122347018,47.831733307401095,41.21049584030849,78.8268302215315,59.55548245544682,54.04455930115879,43.99445077801127
2023-08-01,tufe,9.086793184263065,9.204005345139343,137.34098993538083,149.58217861936572,69.12171399520088,72.20484878345133,58.94353368806395,81.65963093409052,150.2247803937872,95.31513225363771,73.46166544823107,56.36223086985286
2023-09-01,tufe,4.753114317601748,4.656476255629838,145.03924309741558,148.0569103926433,77.36638647940559,80.34043239402995,61.52986461383583,123.39031278843424,148.7405048246883,94.67309234619482,81.54172312054986,61.13801543638999
2023-10-01,tufe,3.433981463644531,3.06477895832582,95.16837345294937,92.51288720959761,81.01760534761355,84.77806393263843,61.35701105169655,127.29673666978098,93.20893918413391,67.70104223638,85.89042350183394,63.628262345913406
2023-11-01,tufe,3.2810972435571406,3.9075702761824704,56.82096258335929,57.79538435981952,92.92496598976979,98.45129328025037,61.98016605561012,94.215448589485,57.83249345216781,46.51530196055251,99.17003683434862,70.91521710709512
2023-12-01,tufe,2.9272073046543223,3.868347823670648,46.169613599698955,53.09561704243144,89.2545679245601,94.87541086089047,64.77291859068686,66.22538630775725,53.10854650900052,43.36278823271576,95.63123171040621,69.0179402894553
2024-01-01,tufe,6.7033097126645735,4.824654797309558,65.5448566793677,63.823204334532036,79.74737942905823,77.58963387081081,64.8569149400415,58.25544284126407,63.8408448110968,50.402291588650705,77.97035861221,59.05166691251535
2024-02-01,tufe,4.529188216583968,4.255668876802665,73.69312549036297,66.02954345548207,65.04158001397995,61.8601112833028,67.06919193088945,61.05186295462912,66.04365726045194,51.79468599113149,61.890360531764486,49.154993975842004
2024-03-01,tufe,3.162670931639977,3.128551082691744,75.28799906137422,61.349693141828254,60.068045191616726,57.16847912719385,68.49537313071615,63.69375968664901,61.39418075369425,48.83549902721587,57.20133073197742,46.09914362996581
2024-04-01,tufe,3.179759465070675,2.450138715855643,53.25641624672208,47.21924403540796,59.28217559650897,55.29947938608159,69.8024675940787,57.77051971886551,47.265108838033164,39.33743470140021,55.35043978539136,44.86986314502546
2024-05-01,tufe,3.3680634296666456,3.6998149313193895,46.559466394580284,44.10458293348547,59.55053051705741,54.67908104940775,75.44594801149734,50.499084676831664,44.12581873792747,37.11401891946711,54.72934931373841,44.4543524552993
2024-06-01,tufe,1.6407739312664038,2.654596711347512,38.10055291724663,41.47370687865899,55.587176817800696,51.08520507484704,71.59715592997165,44.182060897802366,41.4976535162888,35.218201434090176,51.14607091964645,42.026850230653025
2024-07-01,tufe,3.225556099357152,3.5272780233445156,38.34590152220541,47.51789686138122,45.61042912413631,47.36849479324212,61.78100337370927,44.37771570385647,47.53529434549713,39.52675866404567,47.400144844156266,39.432096682722936
2024-08-01,tufe,2.474416266459789,2.6316604456902537,33.623422213977626,41.533161520971504,39.94205035477458,42.813084877532305,51.97452780301026,43.47936337751721,41.54706475742789,35.254140721529126,42.83110703167614,36.18407982049811
2024-09-01,tufe,2.968198451495918,2.7837764466394077,40.74183024631781,42.246924258213504,39.414936701925015,41.8597887595259,49.384993852763245,43.68964194781879,42.259228081288924,35.77085966269671,41.87797238388222,35.49453054839344
2024-10-01,tufe,2.879865093544276,2.533874461223884,38.86596420494968,36.865244060164514,38.60568894776315,42.09177652902763,48.584708788127706,40.1489281117172,36.866067879903675,31.79724541421418,42.108923508663906,35.66200203912992
2024-11-01,tufe,2.244017689587019,3.054741864300614,37.621291401335924,39.13605142763934,35.6076248835351,40.32948813452673,47.09272073194559,39.36852161388331,39.139625798104284,33.48957108865562,40.338613238182774,34.371855905092374
2024-12-01,tufe,1.0281383253037735,2.1474909904657613,27.53887220895457,35.72261154454264,33.97781272374731,38.946479064794914,44.378771424028464,37.22489434608845,35.73330197723734,30.944429263961037,38.96115235914996,33.357644463328874
2025-01-01,tufe,5.032500784613125,2.8875401224441877,38.5529739126941,37.60489084695966,38.70938077812007,37.234569149472804,42.11802299020802,37.46869635273511,37.617077099627295,32.35909190884225,37.24110159145149,32.07816866152822
2025-02-01,tufe,2.2733317987985613,1.8626304318103637,38.71193887325841,31.347405509819048,38.16553897597261,35.185647788147904,39.05095761148188,34.82928579965658,31.361438185485756,27.59064617888125,35.199265785818355,30.540108633768437
2025-03-01,tufe,2.459991331573841,2.414698062697096,46.74445533363687,32.727171593481955,36.80505230498379,34.21653531360433,38.10382944582984,33.82826620129711,32.74050169875742,28.65947446780659,34.22925611062462,29.801951865883815
2025-04-01,tufe,2.996591856244901,2.0986347622905077,35.69326531245582,28.70293263173993,37.11566449157069,33.079498783524805,37.85866364644805,30.893432750992567,28.70671910972988,25.50385302719187,33.09356106201879,28.931472468017063
2025-05-01,tufe,1.528310390109966,1.9642668159252086,31.78236925053217,29.217370220419948,35.20276605178236,30.278034699844582,35.405044152595934,30.177003814724767,29.220017059855905,25.91039856365125,30.286694702639604,26.75052237126625
2025-06-01,tufe,1.3732546994702943,2.5251382863825222,26.27972077734022,29.775645381623782,36.12806046203163,31.24311164103677,35.04865712412333,29.239011081296695,29.779904220068754,26.352159458392954,31.252551201175716,27.50581696309977
2025-07-01,tufe,2.0589559337431673,2.357335397927174,21.743751656143818,31.095970978972897,28.529402058870822,29.89394104883911,33.522409247916144,30.041721946719967,31.100127855317083,27.38696200093962,29.89837054381328,26.445407514065742
2025-08-01,tufe,2.035249288509955,2.2477489951713725,24.19352818908269,32.559960009198605,27.931690328628388,30.8779944410545,32.95018219755157,31.158813223853564,32.56094728950214,28.520890717924274,30.880710560941417,27.21564464078776
2025-09-01,tufe,3.2344897823703977,2.9625179608427477,33.568690122374065,34.8365178786652,29.87307994056532,32.281881331929284,33.294011471927675,32.852081941164336,34.844112332084286,30.270409415765176,32.289796362760924,28.311284437079063
2025-10-01,tufe,2.5501749194504653,2.2146931358478783,36.158827895557444,34.08647027186693,28.749704967073143,32.58278928817862,32.866855722764484,33.83761173395816,34.09557514276933,29.699840367447994,32.59009755787987,28.543401184193804
2025-11-01,tufe,0.8650223490828779,1.8614507120102708,30.0191256167736,32.07157715511117,27.072947327142206,32.31554325185433,31.074841098442963,33.64006184334163,32.08749934060009,28.154647234803587,32.324029214426496,28.33776897636393
2025-12-01,tufe,0.8874635286571841,2.208301678237934,18.59238181419589,28.244111499199164,25.857971926352796,31.499009247200416,30.892328316136354,31.399579245290397,28.246123666262314,25.137782104384332,31.50719176414516,27.704095760074754
2026-01-01,tufe,4.840279086102073,2.3844287846857437,29.545950878288863,29.09807396201989,32.81123759005964,31.568632494465287,30.652780124071576,29.76994358473808,29.101579831502768,25.816724699735794,31.576860152790466,27.758282533591895
2026-02-01,tufe,2.9637950401797175,2.4107311574406154,40.669405631027125,31.9052865355967,35.23946584180748,31.988405656910302,31.53483745488579,29.76634658112378,31.905897157957753,28.013846481457172,31.99666962064882,28.08424685813038
2026-03-01,tufe,1.9385699899295172,1.8879969739537428,46.62397426708935,30.25956144267081,31.865409942856115,29.24790799657324,30.865453527292573,30.424060583507618,30.26389050434728,26.732627664320407,29.25139778677528,25.93520488435237
2026-04-01,tufe,4.182102576767921,3.087519913260839,42.976540808600184,33.874644602460904,36.09567198239105,31.464667384539613,32.3717402432574,32.02245245622484,33.89308590510738,29.544992178620788,31.47732570707693,27.68085843917829
2026-05-01,tufe,1.714737258000798,2.2711652398253124,36.16395149123286,33.14635461104074,38.3983458161395,32.5243677824554,32.61480199456586,32.44261922329736,33.16538972537846,28.986728508159576,32.5342719837469,28.500287494808372
2026-06-01,tufe,0.9866376631448182,2.2758396477354115,31.148597031192526,35.1852774998765,38.670575524393236,32.699566542772395,32.10903603221191,34.07530962795244,35.19661649953565,30.53809920328625,32.709246509788926,28.635363433803327
2026-07-01,tufe,1.7847526732825525,2.0835926761227697,19.487391368103047,29.995648509228133,30.70537054021454,31.92089009720691,31.754096790624352,32.731915540588965,29.996247404912445,26.522390254733974,31.931478663695103,28.03369121667738
2026-08-01,tufe,1.8441538810369584,2.1207042742149573,20.09667151330463,29.23233854669578,27.878212977020176,31.174749000531456,31.507342820912854,31.39737302507559,29.232853517993075,25.920546392292554,31.185614558311194,27.453637450226065
2026-09-01,tufe,1.8404452690166995,1.4906245136268481,24.209976136583954,25.309122433886234,27.63214370835778,30.1535573447415,29.73151102175646,28.13131136603191,25.3151646730303,22.7796858558583,30.1699644053947,26.658892529572277
2005-01-01,cekirdek_b,,,,,,,,,,,,
2005-02-01,cekirdek_b,-0.23752969121139111,0.7331745513440291,,,,,,,,,,
2005-03-01,cekirdek_b,0.0,0.3645817186045619,,,,,,,,,,
2005-04-01,cekirdek_b,1.1904761904761862,0.3319883785584121,3.85498249297318,5.869210750823295,,,,,5.871291519304767,5.7189785940280125,,
2005-05-01,cekirdek_b,1.6470588235294237,0.6256827466767589,11.927763431903426,5.418043789764249,,,,,5.419126370283434,5.289011375358932,,
2005-06-01,cekirdek_b,0.6944444444444198,0.41364216791632824,15.069404675135312,5.624317752939434,,,,5.636491114758835,5.625279493950752,5.485253172605997,,
2005-07-01,cekirdek_b,-0.45977011494251485,0.26967223672953455,7.74468733583169,5.362149309842312,5.781957899131718,5.6153757293104345,,5.468068429288064,5.36348897399761,5.235988605290487,5.617110492584265,5.47748359965925
2005-08-01,cekirdek_b,-0.2309468822170868,0.39344319646845705,0.0,4.392827091411178,5.795918367346964,4.90418303223028,,5.123349781669351,4.393079056514959,4.307030404457279,4.904952818543706,4.798020889908106
2005-09-01,cekirdek_b,0.4629629629629539,0.2321451565061361,-0.9163742582203871,3.6401135054410227,6.777777777777749,4.627512064702244,,4.460250004342448,3.640407013686997,3.581042358816511,4.628528772029417,4.533147765711254
2005-10-01,cekirdek_b,1.6129032258064502,0.2121635690033319,7.597646602607511,3.402550978134933,7.671141868512099,4.377751533441421,,3.810022281947223,3.402957195798284,3.3510076879117,4.379003708015827,4.2934981466010935
2005-11-01,cekirdek_b,0.6802721088435382,0.33291800892012446,11.582706999695214,3.1534191138280487,5.6327160493827355,3.7712727369079158,,3.3980134062909118,3.153591041694148,3.10890693771837,3.7716386645741506,3.7079686710878246
2005-12-01,cekirdek_b,0.45045045045044585,0.8753449578072336,11.527127543952066,5.82679861065023,5.121416303342596,4.727749044487917,,4.124631989481853,5.832024541617731,5.68170614292276,4.73096085576592,4.631374250869635
2006-01-01,cekirdek_b,-0.22421524663677195,0.8038880655197644,3.677779225317712,8.34853354714269,5.619529679074509,5.846656836739883,5.700712589073631,5.764134773021734,8.352251903725993,8.04860412898849,5.851091195640579,5.699805908450095
2006-02-01,cekirdek_b,-0.6741573033707926,0.22634859135259866,-1.7896639837015504,7.88893337479164,4.683213305898493,5.4946082136606345,5.238095238095242,7.352215807374485,7.894337106598859,7.622326458718387,5.499556770490233,5.365616698218378
2006-03-01,cekirdek_b,-0.2262443438914019,0.07404838132296643,-4.409458230712115,4.501528849660064,3.2518210197710617,5.162076092467993,5.000000000000004,6.89396975521519,4.507672535531926,4.417140152781318,5.167937623110719,5.049423147852039
2006-04-01,cekirdek_b,1.5873015873016039,0.7208602965675048,2.7240212628044658,4.157660567357246,3.1997984378937083,6.232432807378574,5.41176470588236,5.495561137141669,4.162387853690297,4.08502907697228,6.23838747990213,6.066816602980385
2006-05-01,cekirdek_b,2.0089285714285587,1.0288787812619882,14.28144495306074,7.533978845399569,5.9415834753672625,7.7113098944468605,5.787037037037046,5.393561636473931,7.544082391636975,7.295149836609838,7.719079253308014,7.458738147664112
2006-06-01,cekirdek_b,1.0940919037199182,0.8855316116217482,20.451869334279472,11.064530886855284,7.303585433047144,7.733064927378108,6.20689655172415,7.561122340629867,11.065568077804876,10.541082757804965,7.740891651940807,7.4791114552931415
2006-07-01,cekirdek_b,0.43290043290042934,1.1390897609975914,15.069404675135312,12.92077316059077,8.721626057315945,8.450742560225732,7.159353348729791,10.495929577189012,12.921488722300012,12.214000615525311,8.46091238116915,8.149514846248795
2006-08-01,cekirdek_b,0.4310344827586299,1.0591916016589487,8.113235954696417,13.056357678714313,11.154562764890152,10.26060028387652,7.870370370370372,12.349952069783532,13.057102501244323,12.335251897113153,10.269013898551837,9.815200866861495
2006-09-01,cekirdek_b,1.2875536480686511,1.1005697847545015,8.943191122427452,14.023365443159918,14.553092590021643,12.534224096872059,8.75576036866359,13.33613847177688,14.023436688729252,13.195404589644166,12.535594508389147,11.868243673724566
2006-10-01,cekirdek_b,1.9067796610169552,0.5572473248580012,15.480427589901824,11.422063666977532,15.274732940050995,12.168915375088062,9.07029478458048,12.824064354691478,11.426072426374766,10.868034845085806,12.171496242205503,11.541017730305558
2006-11-01,cekirdek_b,0.8316008316008316,0.48094473445923214,17.333840954271174,8.893700643320312,12.629220154274122,10.955509862692558,9.234234234234219,11.412931962992445,8.89859716018442,8.55504737628694,10.95999323471366,10.445149636700046
2006-12-01,cekirdek_b,0.0,0.4510810735501414,11.480513342285438,6.122336813794416,10.204550139615055,10.001936311145831,8.744394618834072,8.77755446780364,6.122462784128535,5.957092531469499,10.00794496131736,9.576248560556833
2007-01-01,cekirdek_b,-0.20618556701030855,0.7429692741805161,2.518239842638481,6.908512544529843,8.806480380499405,9.141958436150777,8.764044943820215,7.296960287746712,6.909602614563415,6.699980328759558,9.146424767309714,8.784007586922682
2007-02-01,cekirdek_b,-0.20661157024792765,0.6321262966122454,-1.6393095595116813,7.553375486163305,7.429221389231699,8.221463090132385,9.276018099547523,6.862681892780764,7.55429844192097,7.304706577371611,8.22453449739491,7.929876976829275
2007-03-01,cekirdek_b,0.41407867494822614,0.655388292700132,0.0,8.43105886626969,5.584332806664749,7.2704868548783885,9.977324263038545,7.6319818568805875,8.431205026476473,8.121935453971574,7.271140406069931,7.039513992720536
2007-04-01,cekirdek_b,1.4432989690721598,0.5727099485594467,6.777307257915743,7.699905074248137,4.626103794502967,7.303479219804099,9.821428571428559,7.894297419324725,7.699982433701158,7.440898151487296,7.3041254478106055,7.070439240123427
2007-05-01,cekirdek_b,1.4227642276422925,0.48979432500046993,13.923589302109551,7.091882597620791,5.856520352853667,7.322380986176524,9.19037199124726,7.7368413445300765,7.0921729245564835,6.871570265040194,7.3230076762761165,7.088138421205903
2007-06-01,cekirdek_b,0.6012024048096087,0.46473834214122434,14.77516193269437,6.2828199860019085,7.13317036879586,7.351565942818561,8.658008658008654,7.020653006557054,6.28295435485855,6.108970462804564,7.3521539471345765,7.115452958388069
2007-07-01,cekirdek_b,-0.5976095617529764,0.07252710175174037,5.8136685078123085,4.184215866598184,6.294395874598768,5.927475940228111,7.543103448275867,5.841751426794284,4.186484476222718,4.108239075573739,5.929881090227074,5.774568613530517
2007-08-01,cekirdek_b,-0.40080160320642433,0.21965854648748895,-1.5935936257283512,3.068456660218577,5.881117412308323,5.060911190480777,6.652360515021449,4.49976364700031,3.070066488948542,3.0276959615218146,5.063477838624886,4.9496331132810045
2007-09-01,cekirdek_b,0.8048289738430636,0.6629909485259766,-0.7944349947458407,3.88443067109272,6.706770113720917,5.076782613306352,6.144067796610164,3.7110638996332046,3.8883281552731574,3.8207063870608238,5.0793885498462865,4.964838424932694
2007-10-01,cekirdek_b,1.7964071856287456,0.5071386483926021,9.11350883636528,5.7008872019177925,7.450922070196309,4.939811556603946,6.029106029106024,4.215713715507574,5.70300697031596,5.559152573624271,4.942234621784536,4.833695824599005
2007-11-01,cekirdek_b,1.1764705882353121,0.8262614972524229,16.191203889524886,8.283333068017651,6.929691045417474,5.643722110426341,6.391752577319609,5.9469086204080535,8.284421463425362,7.985564376684007,5.647758456272167,5.506630169102911
2007-12-01,cekirdek_b,0.19379844961240345,0.6727729832601614,13.399533744236747,8.32542940245573,6.065379914604518,6.081692862980659,6.597938144329896,7.434503364594547,8.326518550518024,8.024692515620746,6.086149990547329,5.922699451340785
2008-01-01,cekirdek_b,-0.5802707930367523,0.286067573822657,3.174357149181506,7.375497924701935,6.102385130983401,6.534902235786966,6.198347107438007,7.992402360162543,7.378789067365243,7.1404082173409655,6.537877739842335,6.349780395482618
2008-02-01,cekirdek_b,0.0,0.7753669562684307,-1.5413969846356346,7.158860305415415,6.958046063098888,7.719629416557461,6.418219461697716,7.616584282331584,7.161683798031371,6.9368300534049965,7.721711804792197,7.461197215044502
2008-03-01,cekirdek_b,1.3618677042801508,1.5447784999597536,3.1308793561182213,10.92012429626308,8.143393851020498,9.615099752572686,7.422680412371152,8.483072307325434,10.93766751836509,10.424852120203365,9.624966755789831,9.224772317912056
2008-04-01,cekirdek_b,2.49520153550864,1.6073198372443587,16.496412671018646,16.88207762394207,9.63321799307959,12.027993302319008,8.536585365853666,11.615147879383514,16.8918739524742,15.709861173890172,12.042814468155694,11.425134695615569
2008-05-01,cekirdek_b,2.8089887640449396,1.9048863271607708,30.14782114650052,22.211030261147368,13.199702541914583,14.437732936017177,10.020040080160332,16.62227045374749,22.21277946787863,20.227938657459532,14.46065156117271,13.582384355432264
2008-06-01,cekirdek_b,1.0928961748633892,1.025358767750939,28.771880915234107,19.729625622257817,15.240432640325663,15.240726116967362,10.557768924302803,19.60039674607412,19.738935578811677,18.150259728624274,15.261317596852631,14.28755592441382
2008-07-01,cekirdek_b,-0.5405405405405461,0.1026366759810271,14.180327094150114,12.793405297814587,15.332556132568232,14.81954343006211,10.621242484969917,18.144244193207925,12.829331232914786,12.131527083570948,14.844136862696589,13.92069412873056
2008-08-01,cekirdek_b,-0.18115942028985588,0.4372666754516752,1.465177070043322,6.434693479748366,14.915063059243883,14.050399147436,10.865191146881292,12.811047256279284,6.44388025661442,6.261048476734565,14.078813156893943,13.244493567097049
2008-09-01,cekirdek_b,0.5444646098003769,0.44471939720642784,-0.7187751656393737,4.0087908541518,13.069138413135818,11.592712980692955,10.578842315369275,7.654224149786781,4.010369913191036,3.9384909945565205,11.620954212077606,11.044375361590397
2008-10-01,cekirdek_b,1.2635379061371799,0.04020889846796383,6.68297893728611,3.749578252341923,10.368009089761387,8.17702264942277,10.000000000000009,4.719708190472249,3.751789226333324,3.6887798845042674,8.203330874430659,7.9101534840376075
2008-11-01,cekirdek_b,0.7130124777183555,0.3701381739550591,10.557292854663958,3.4724868980982704,5.913716278313608,4.9431390162614,9.496124031007746,3.742959935451018,3.474395395396379,3.420265878517803,4.949510943762014,4.840657177626184
2008-12-01,cekirdek_b,-0.3539823008849585,0.1496798697140811,6.658266403540636,2.26210058341505,2.9036604171739366,3.1317479338281107,8.897485493230173,3.1576796786839445,2.2632510328673305,2.240107768548416,3.133419216531075,3.0892993815524683
2009-01-01,cekirdek_b,-0.5328596802841923,0.2560917387110617,-0.7111082917719336,3.1476723585199595,2.9195547153959334,3.4481875380481863,8.94941634241244,2.9590678979478424,3.1481712805033313,3.1036391295208077,3.449576685837452,3.3962095070125375
2009-02-01,cekirdek_b,-0.7142857142857117,-0.00810382778390073,-6.221048009725294,1.6016030922785696,1.8231165246491265,2.532777904393013,8.171206225680926,2.3347588327129687,1.6023194256922668,1.5906711225649683,2.534440972228613,2.5054685005413857
2009-03-01,cekirdek_b,-0.5395683453237266,-0.4210369056269925,-6.917734304272837,-0.6946382986234068,-0.3606850082758628,0.7728876572393517,6.142034548944353,1.3390744500082485,-0.6900041591219375,-0.6921959787993259,0.7767072579174528,0.7739558948745451
2009-04-01,cekirdek_b,0.723327305605781,-0.16185165383558742,-2.125699170552253,-2.340232466650427,-1.4209410875028916,0.3662179427877499,4.307116104868913,-0.4902094719838823,-2.3385237174057383,-2.3639695489859225,0.3704623328606216,0.3698347902674426
2009-05-01,cekirdek_b,1.4362657091562037,0.5885576203267462,6.633735905227867,0.011696080082335136,0.0,0.8035150662620394,2.914389799635697,-1.0117098345554187,0.02267860041011982,0.02267624345666519,0.8096628539557393,0.8066736830108168
2009-06-01,cekirdek_b,0.3539823008849474,0.3547585883334037,10.517667472886604,3.164974658529718,1.4260069596711444,1.2167729350162748,2.1621621621621623,0.2557192502421701,3.1710330644382223,3.12585821929825,1.2236405521464988,1.216831120249462
2009-07-01,cekirdek_b,0.17636684303350414,0.7970291807595897,8.136563063675094,7.185770377368361,2.8775510204081423,2.3119612652243715,2.898550724637694,3.4161015384165383,7.187845315508157,6.961381557678958,2.3230798748134607,2.298706004346518
2009-08-01,cekirdek_b,-0.35211267605632646,0.26208924879485007,0.7098463725518256,5.80100951660536,3.6294705243000047,2.865632787343686,2.722323049001818,5.373620826349068,5.804432546883542,5.655508071551374,2.876328768890879,2.8390921575040196
2009-09-01,cekirdek_b,0.35335689045936647,0.2931149645194253,0.7073358832756949,5.541292849707968,5.498530128282675,4.346369377513937,2.5270758122743597,6.171470526351719,5.545061451239031,5.4089335762954605,4.351858810548337,4.267395897796855
2009-10-01,cekirdek_b,1.760563380281699,0.5870509923692868,7.230420938726012,4.66459175456051,7.682538863944743,5.917679819968313,3.0303030303030276,5.3324587257362,4.665927095613132,4.569020822734249,5.920006133497169,5.765201190206604
2009-11-01,cekirdek_b,0.6920415224913601,0.3591606400300984,11.795986829926575,5.070515950029164,6.108230871642251,5.435130094023521,3.0088495575221197,5.090471874391933,5.0715068128721175,4.957306387675242,5.43738590459788,5.306407229613308
2009-12-01,cekirdek_b,-0.1718213058419349,0.3617714993794596,9.47405039866467,5.358519301291453,4.999237921048594,5.449866475919296,3.1971580817051537,5.0315588646933085,5.35923399347682,5.231932527115379,5.452110200366489,5.32043305170542
2010-01-01,cekirdek_b,-0.344234079173833,0.37069319720779426,0.6938395503551131,4.454955858712584,3.910744395953203,4.559721268243577,3.392857142857153,4.959725056608888,4.454957375545243,4.366501346469409,4.560393460901624,4.467761084601829
2010-02-01,cekirdek_b,-0.17271157167529916,0.47217948246838226,-2.7209288703384904,4.926276460756229,4.285232678645001,4.998371437118276,3.9568345323741205,4.911913552567637,4.9264330366611375,4.818576716222545,4.998946957236194,4.887941551948893
2010-03-01,cekirdek_b,0.519031141868509,0.5767896433424236,0.0,5.82835938460573,4.629847748462601,5.593178022289846,5.063291139240489,5.070353754232526,5.828804704728774,5.6786492920744,5.593780081068833,5.45529090959489
2010-04-01,cekirdek_b,0.8605851979346157,-0.04189173824995507,4.924331082646627,4.098982058812117,2.787322948719484,4.276817058683413,5.206463195691202,4.9483979593417216,4.103523131322007,4.028309550243403,4.279104543366885,4.197405448356406
2010-05-01,cekirdek_b,1.1945392491467421,0.39726706261167255,10.791749360978041,3.7888628056285345,3.8157910275032014,4.356020009824446,4.955752212389375,4.566416105161375,3.793046143137646,3.728659870816564,4.358329171017572,4.273618293519554
2010-06-01,cekirdek_b,0.0,0.06920705940582916,8.52111415675203,1.7094980890461242,4.173467906541362,3.7484906714090327,4.585537918871241,3.190726540241773,1.7116119143870012,1.6983295350701866,3.75148878150644,3.6884894135722934
2010-07-01,cekirdek_b,-0.3372681281618828,0.25070148209733745,3.456899632604049,2.905616402159761,4.188031893473676,3.5005793007914843,4.049295774647899,2.796769934368859,2.90672293107046,2.8687024164593566,3.5035373837750905,3.44850598335138
2010-08-01,cekirdek_b,-0.33840947546531774,0.27520132877225656,-2.67096763397745,2.4060665619070276,3.842446809784361,3.0951463108610078,4.06360424028267,2.3395114431932873,2.4065834039290523,2.3804394811016927,3.0976783616029957,3.0545496759591284
2010-09-01,cekirdek_b,0.0,-0.01976464771487052,-2.67096763397745,2.0423543352508844,2.7728321695930536,1.875790270618105,3.69718309859155,2.4501936445182837,2.04344493222286,2.024552652618894,1.8774045771464687,1.8614410938445403
2010-10-01,cekirdek_b,1.1884550084889645,0.0697184308703136,3.4272828505068853,1.3074772259343614,3.4420901815979343,2.103420070448858,3.114186851211076,1.917240454645719,1.3084017560383687,1.3006204477107985,2.104695536561607,2.0846614320850776
2010-11-01,cekirdek_b,0.8389261744966348,0.5187949799140945,8.401853711895612,2.295475324392382,2.716344991738917,2.350756006253518,3.264604810996552,1.8813670573513797,2.2988671115156345,2.2749950522781504,2.352712268448731,2.3277172666899215
2010-12-01,cekirdek_b,0.0,0.5635808281608146,8.401853711895612,4.7038671449116665,2.716344991738917,3.364544750470899,3.4423407917383964,2.762754022512226,4.706970685965084,4.608376955780891,3.3673439215355927,3.3164648041998923
2011-01-01,cekirdek_b,0.0,0.6459274167081475,3.3981691944245718,7.136347283242128,3.412724997924288,4.1811550255939745,3.799654576856648,4.698309886102292,7.136523425809926,6.913212899132226,4.185111420931209,4.106916673421512
2011-02-01,cekirdek_b,0.16638935108153063,0.7342944489053149,0.6672203726851844,8.058052648115277,4.462975720697204,5.137290521808469,4.152249134948094,6.62859799076756,8.058363644892053,7.775210775097108,5.14247053505108,5.025102913687629
2011-03-01,cekirdek_b,0.6644518272425293,0.6698978862206717,3.3695459528334304,8.515739040995163,5.8558000236364816,6.592764874921309,4.302925989672968,7.904705467927897,8.515828452263797,8.200479007336536,6.595806099099666,6.4044279815587135
2011-04-01,cekirdek_b,1.320132013201314,0.40443591648933186,8.937046511081114,7.477983704359481,6.131480563938574,7.307029534196419,4.778156996587013,8.015393296891604,7.479283014293614,7.234513006461274,7.3077777704601,7.07386295279675
2011-05-01,cekirdek_b,1.6286644951140072,0.8595326225810274,15.438956861733422,8.013470419825296,7.800366001201531,8.035759234297624,5.227655986509294,8.000705641503615,8.015699973282043,7.735465701164124,8.037029878607216,7.755338238130616
2011-06-01,cekirdek_b,0.48076923076922906,0.6241499906081138,14.598693563077859,7.81726393564055,8.839399669436121,8.165937694609138,5.733558178752096,7.770218199134282,7.819469911460475,7.552474118713892,8.167135503792334,7.876476563025214
2011-07-01,cekirdek_b,0.0,0.556997463862019,8.741840354541575,8.474059487772468,8.839399669436121,7.974872993546667,6.091370558375631,8.102032636397771,8.475139387428076,8.16272030820464,7.976158790482946,7.698616657332957
2011-08-01,cekirdek_b,0.15948963317384823,0.7752566741976441,2.5888629278312925,8.111959746990948,8.824405911634559,8.062703862900623,6.621392190152808,8.134539334973212,8.112493043540091,7.825616514671108,8.064086574310014,7.780541107917616
2011-09-01,cekirdek_b,0.79617834394905,0.8337921711276453,3.8830463504494706,9.015748981782101,9.109401039113818,8.414850371664206,7.47028862478778,8.534617783813747,9.016664083079862,8.664185236749233,8.416552207490469,8.108329677731563
2011-10-01,cekirdek_b,1.5797788309636518,0.5103242414356446,10.604737245293405,8.813492547160596,9.669333361627185,8.64364345709776,7.885906040268442,8.647966234918258,8.814768256855633,8.477492347043736,8.644832169550988,8.320106327624188
2011-11-01,cekirdek_b,1.3996889580093264,1.0937069374663766,16.18546700844363,10.195430217649504,9.175706771860593,9.1487238404228,8.485856905158062,9.34308751652102,10.199135791829628,9.751293400118666,9.151243736519454,8.788454957394887
2011-12-01,cekirdek_b,0.0,0.5791176662808928,12.557786226793443,9.086364545120485,8.133462553004245,9.051051047598957,8.485856905158062,9.364515369614201,9.090730986041095,8.732595380731656,9.053691770488047,8.698390308740445
2012-01-01,cekirdek_b,0.15337423312884457,0.7127257838263734,6.367470964156019,9.96770806656404,8.465414660327797,9.389077983724636,8.652246256239614,9.748193810068084,9.970792824652897,9.542201550294571,9.391380727762865,9.009846948669153
2012-02-01,cekirdek_b,0.0,0.5082826656392481,0.6149097955610472,7.442497957419625,8.120258428333816,8.810258184037,8.4717607973422,8.822907074769603,7.442955548007246,7.200504462986057,8.813046561107374,8.475898931552361
2012-03-01,cekirdek_b,0.45941807044409533,0.4476139090983322,2.476662943713137,6.8816894445722365,7.399005213519683,7.978400330570579,8.25082508250825,8.081992511677116,6.882504861951633,6.674489434255815,7.9814436405806655,7.703542407493735
2012-04-01,cekirdek_b,1.67682926829269,0.7515286418258604,8.855558552401765,7.046503272574944,7.604323628790977,8.497274718884151,8.63192182410424,7.1225756695331155,7.047597880717271,6.829700866253763,8.500171528539058,8.185951208274167
2012-05-01,cekirdek_b,1.1994002998500841,0.4263531930138731,14.172724891857813,6.697893366446617,7.179654860928175,7.069548379011237,8.173076923076916,6.874974833876957,6.699289599860214,6.501982975752263,7.070530731325686,6.85124371936916
2012-06-01,cekirdek_b,0.4444444444444473,0.6450860815255144,14.10466965006567,7.539409775311401,8.13448003312136,7.210045232046336,8.133971291866038,7.094928773708209,7.5405782677959055,7.291871665460992,7.2110787262018805,6.983180549858403
2012-07-01,cekirdek_b,-0.1474926253687392,0.38066685151172397,6.133219629843811,5.964740237555488,7.485770703714034,6.504248331308515,7.97448165869219,6.7306853598538385,5.965578353621415,5.808424504204446,6.505328559539558,6.319062685229104
2012-08-01,cekirdek_b,-0.1477104874446078,0.4349424620590181,0.5939107661170118,6.000996714353524,7.168469708659964,6.348874202622157,7.643312101910826,6.496535320240571,6.001815334179317,5.842781580385026,6.350028336712477,6.172382278068644
2012-09-01,cekirdek_b,0.2958579881656931,0.38238340845626606,0.0,4.8985918987361154,6.819787328970883,6.210793514837021,7.109004739336489,5.6184713917186935,4.898631517076613,4.7919708881080325,6.212075116167082,6.041921276784512
2012-10-01,cekirdek_b,1.327433628318575,0.3336848376146895,6.040623708708415,4.702343423716093,6.086911566705422,5.331650623909789,6.842923794712297,5.197140297172753,4.702450007421355,4.6040428325198945,5.33227857200127,5.20623366836217
2012-11-01,cekirdek_b,0.8733624454148492,0.6169070525848586,10.445024197072762,5.463192511187165,5.404444444444434,5.731752670915213,6.288343558282206,5.0217996016825195,5.4641508473985745,5.331901194623256,5.732669809549096,5.587341387504141
2012-12-01,cekirdek_b,0.28860028860029363,0.8723591335813019,10.413059176073913,7.5374201374433625,5.0776185379521666,6.209810982039676,6.595092024539895,5.899730059506525,7.540506041175843,7.2918040951234,6.212039412011827,6.041887491615716
2013-01-01,cekirdek_b,-0.14388489208633226,0.3291572160696976,4.138407856446191,7.518010672502884,5.085211714728977,6.1008373089824985,6.278713629402755,6.838712596955654,7.521149161632912,7.273693608943432,6.103219830838991,5.938868220731663
2013-02-01,cekirdek_b,0.0,0.4529693826444525,0.57845113141064,6.818994131944023,5.396344665803032,6.138928494631912,6.278713629402755,7.289840077355159,6.822416332609471,6.617942929181808,6.14129198682305,5.974922061902532
2013-03-01,cekirdek_b,0.4322766570605152,0.4054013180982974,1.1560573627224402,4.854742433138282,5.683251973094561,6.187609872507238,6.25,6.385973293407132,4.854904771458468,4.75011166724979,6.189923121023377,6.020957881186595
2013-04-01,cekirdek_b,1.434720229555242,0.49658727993224794,7.705969263962142,5.556426035096984,5.907167631772414,6.532703621905833,5.997001499250376,5.737744370900955,5.556513072107583,5.419831922699991,6.53467978738731,6.346762765821712
2013-05-01,cekirdek_b,1.4144271570014189,0.6540332490305945,13.930168804433274,6.404081973644282,7.0463447086823505,6.611336207542218,6.222222222222218,5.605684675288436,6.404748242304814,6.224087388244559,6.61339480012253,6.421015158713184
2013-06-01,cekirdek_b,0.4184100418409997,0.6706931054474508,13.86726079488878,7.533112990945434,7.323637492883384,6.185483309627249,6.194690265486735,6.498380564811979,7.533505363710957,7.285254537641173,6.186463048720925,6.017683102445481
2013-07-01,cekirdek_b,0.1388888888888884,0.6550516261862871,8.159184395224472,8.212957392909592,7.93233894476324,6.876438156797504,6.4992614475627875,7.384129753372881,8.21296111822949,7.919111922657329,6.8771718053992625,6.66947192267866
2013-08-01,cekirdek_b,0.1386962552011095,0.6803888778440736,2.8187139903426583,8.326341459773579,8.231942794973769,7.360909630045209,6.804733727810652,8.025178575236813,8.326348448078624,8.024534437911246,7.361607480941568,7.1243109130779025
2013-09-01,cekirdek_b,0.8310249307479367,0.9590177973365144,4.519068739521392,9.572686105645566,9.093079790617331,8.548109314348618,7.374631268436582,8.705690473866134,9.573913218219898,9.1778332054675,8.549314678637977,8.231543871554337
2013-10-01,cekirdek_b,1.5109890109890056,0.5640533111042734,10.366353750682045,9.176981516278593,9.257195673093266,8.693900698739899,7.56914119359533,9.026292264540459,9.178753493371383,8.813839945139446,8.694874023555709,8.366475933898387
2013-11-01,cekirdek_b,0.6765899864682012,0.471715448006238,12.756854434900976,8.27465667799634,7.673184993259929,8.30049598566196,7.3593073593073655,9.004202133859751,8.277517750647112,7.979146225788103,8.301930576630934,8.001840331849674
2013-12-01,cekirdek_b,0.0,0.5814387083659556,9.08529864129266,6.663964591699689,6.777777777777794,8.10854319150729,7.050359712230225,8.027817846085483,6.664111423730135,6.468829869905868,8.110038729096791,7.823331537686684
2014-01-01,cekirdek_b,0.5376344086021501,0.9535221987710951,4.96116389712582,8.325960034590874,7.629832968157557,8.750638326538862,7.78097982708934,7.752207337183359,8.328684595487633,8.026705420573155,8.75295768928841,8.4202726828563
2014-02-01,cekirdek_b,0.8021390374331583,1.2008116451924122,5.485712656405073,11.504722025744286,9.060703954082605,9.87782076157535,8.645533141210372,8.825949399289845,11.508981307512101,10.943090209317852,9.882360905682797,9.461118217552977
2014-03-01,cekirdek_b,1.3262599469495928,1.2935743960026613,11.194086708623363,14.696316821376554,10.13464557420598,10.607250559055426,9.612625538020092,11.497400077983144,14.69770303440825,13.791632959864675,10.614070586268088,10.130231414885271
2014-04-01,cekirdek_b,1.963350785340312,1.004991539910094,17.63686421670563,14.930399192538335,11.1184151497562,11.579325278881726,10.18387553041018,13.710524249567534,14.931374462883817,13.99751032442067,11.585270629562006,11.012107872496912
2014-05-01,cekirdek_b,1.283697047496779,0.5793330905773164,19.90095144699979,12.133128523823377,12.462604058272596,11.81848382949029,10.041841004184104,13.905020042837513,12.138812311773272,11.511596105960287,11.82349033282497,11.22734315763907
2014-06-01,cekirdek_b,0.5069708491761693,0.7815212264844495,16.069821076012445,9.882869129364359,13.60579980344545,12.263798131469894,10.138888888888875,12.28043752305894,9.884830526770315,9.46338342788744,12.26762744792973,11.627508193876057
2014-07-01,cekirdek_b,0.3783102143757988,0.8727261261101793,9.01906180478993,9.308434929406806,13.246017901569962,12.084174001276061,10.402219140083213,10.425467149182488,9.309406553707845,8.934321772687781,12.088084491347262,11.465916048554226
2014-08-01,cekirdek_b,0.12562814070351536,0.586295764865441,4.117869480779812,9.338705882253873,11.731068254895183,10.727102189677584,10.387811634349031,9.50819641669083,9.339628830185687,8.96217246984028,10.731112818746658,10.236884287900283
2014-09-01,cekirdek_b,0.37641154328733606,0.5627050241506781,3.5779231511540166,8.39221196759732,9.646117156876176,9.134995497676268,9.890109890109876,9.010267451155563,8.393485321488958,8.086907660505194,9.136822840690462,8.775145544196317
2014-10-01,cekirdek_b,1.4999999999999902,0.5622074493160545,8.285883933850169,7.063697833036819,8.651854439630814,8.180244258756296,9.87821380243572,8.255581666330558,7.063705856372393,6.8448329533286945,8.181214697201234,7.889577363008238
2014-11-01,cekirdek_b,0.6157635467980427,0.47515909460826844,10.421830051245662,6.591307545717884,7.223531415004469,7.9562671888302905,9.81182795698925,7.342557972804764,6.591414730924616,6.400286272300004,7.957505821573174,7.681229371070142
2014-12-01,cekirdek_b,-0.244798041615657,0.3422995706588772,7.713586578369158,5.659901331613337,5.6255158233534885,7.017337014203684,9.543010752688176,6.434425692168344,5.66041503194088,5.5186644583328,7.018952791500865,6.802786059418997
2015-01-01,cekirdek_b,0.36809815950920033,0.7456526608049519,2.9885865352531127,6.432991144399525,5.60402515088001,6.747878683139552,9.35828877005347,6.227188437747988,6.434770595274086,6.25244530428839,6.74881363605957,6.548639128808542
2015-02-01,cekirdek_b,0.0,0.33141381741486065,0.4904957081628636,5.825221448615969,5.339187574483351,6.207573767237173,8.48806366047745,5.972663922133137,5.827556445009696,5.677464195514759,6.20885610327806,6.0388752339073815
2015-03-01,cekirdek_b,0.6112469437652868,0.6074396408124461,3.98457135007273,6.9481741270635,5.832656250000001,6.302086178314159,7.722513089005245,6.401959437160798,6.950056647096758,6.738024476129034,6.303443133973796,6.128344467230917
2015-04-01,cekirdek_b,1.8226002430133725,0.8814064337065997,10.144511170277926,7.525786745425278,6.506467033900409,6.977993570969754,7.573812580231065,6.767595252236069,7.529000296322574,7.281039567735625,6.980603023362053,6.766742436012008
2015-05-01,cekirdek_b,1.6706443914080937,1.0275319921781545,17.69151797597377,10.541123729250778,8.7514550801586,8.157472686018409,7.984790874524705,8.335674598351407,10.543102260479365,10.0655122667888,8.161775075062394,7.87148823115178
2015-06-01,cekirdek_b,0.35211267605634866,0.6123966063319886,16.483689513332656,10.562910946519821,10.056833151417056,8.740523503905461,7.818411097099642,9.540565347817353,10.564840233233364,10.08534012886697,8.74368085638273,8.411682302498003
2015-07-01,cekirdek_b,0.23391812865496409,0.6825944791818639,9.382340815264879,9.693916934872227,9.76276445023645,8.604441528003193,7.66331658291457,10.263191634845903,9.696048626086217,9.290092310768028,8.607570075723592,8.285565939251827
2015-08-01,cekirdek_b,0.3500583430571691,0.6976497930416548,3.809100018526923,8.268197850618009,10.532576921467495,9.398758011908747,7.90464240903388,9.497952734334536,8.268286349005628,7.970563514222029,9.400274469967762,9.018037890505415
2015-09-01,cekirdek_b,0.6976744186046657,0.9347318824763473,5.2463659831917475,9.662329313912954,10.722558756527478,10.111699424366783,8.250000000000002,9.205905259758595,9.663192828170718,9.259904618799464,10.113170562217743,9.672622373833217
2015-10-01,cekirdek_b,1.9630484988452546,1.0292948414139191,12.698860943146318,11.18063754866727,11.028218112223097,10.43477541078104,8.743842364532028,9.70515758939623,11.181913514238584,10.646706067727685,10.436690399104886,9.968399189247856
2015-11-01,cekirdek_b,0.7927519818799578,0.7121079932765007,14.700740478898911,11.244504705779601,9.119112169102262,9.746262101628545,8.935128518971847,10.697624688049245,11.24566441125381,10.704538868667068,9.747720352326517,9.337551191444549
2015-12-01,cekirdek_b,0.11235955056179137,0.7035445469314006,12.057066249831117,10.228795061043261,8.59833795013849,9.945197366051172,9.32515337423312,10.881186801183285,10.230289190531415,9.779789526487281,9.946405848292628,9.519847072643373
2016-01-01,cekirdek_b,0.44893378226711356,0.8041385004442736,5.547834387145278,9.24944078456409,9.064754666423358,10.210809262355047,9.413202933985332,10.232159359358839,9.24957468906944,8.8791641626087,10.21186212506693,9.762935115168192
2016-02-01,cekirdek_b,0.11173184357544663,0.409078219874659,2.7240212628044658,7.940493264937332,8.54732287723099,9.580047047605733,9.535452322738402,9.130001439037617,7.9422911812763175,7.6670450690013325,9.58256806841231,9.1857919688342
2016-03-01,cekirdek_b,0.44642857142855874,0.48482642710543367,4.102035568521689,7.005799653877043,8.006336371733802,8.60534222767435,9.35601458080193,8.057035724426997,7.007658941455386,6.792172589697465,8.60801783544236,8.285981058092373
2016-04-01,cekirdek_b,1.6666666666666607,0.7889771903982545,9.24265209375772,6.941437926055394,7.379352536716555,8.089279256171933,9.188544152744615,7.29273516561999,6.9431469702395665,6.731527349513389,8.090721821529812,7.805345756061044
2016-05-01,cekirdek_b,1.2021857923497192,0.6091659023795382,14.080629267825607,7.796408785758446,8.253503345537162,7.868426967874109,8.685446009389675,7.248746372208759,7.797404329011748,7.5318780795329054,7.869825456451918,7.599461574267119
2016-06-01,cekirdek_b,0.21598272138227959,0.4404490032067665,13.037323861606453,7.606109053860144,8.47771895284053,7.305534558803672,8.538011695906423,7.448460310248972,7.607400688501942,7.354368383938237,7.307145735872034,7.073270486817851
2016-07-01,cekirdek_b,0.21551724137931494,0.622189434390763,6.720393510224487,6.895599570702293,7.974158109921681,6.918516291888066,8.51808634772462,7.430183801353385,6.896034325064804,6.687217359908271,6.919588268955201,6.70937235471083
2016-08-01,cekirdek_b,0.0,0.21774656158850547,1.739089695389029,5.24177552109284,7.733278858418369,6.511433449234727,8.139534883720945,6.572298589382797,5.243488487874104,5.12153999674414,6.513429955719285,6.326709038138523
2016-09-01,cekirdek_b,0.21505376344086446,0.48300902992963746,1.735317441956008,5.4202669771842515,7.237530864197539,6.507580691864079,7.621247113163965,5.847871188187548,5.422032368108365,5.291780103635624,6.509578780132008,6.32307424378693
2016-10-01,cekirdek_b,1.3948497854077146,0.5014119614071832,6.609385438988302,4.915030997174341,6.664875033593076,5.900685278338869,7.021517553793877,5.191554288423084,4.916080535159062,4.808670211701305,5.90181592038721,5.747943785804788
2016-11-01,cekirdek_b,0.7407407407407529,0.6789919613634288,9.80345342779032,6.859863394379273,5.694386781670868,6.047733382500486,6.966292134831442,5.730775106176411,6.8603583836083,6.653651810800998,6.0490988191348904,5.887595903772569
2016-12-01,cekirdek_b,0.42016806722691147,0.9971588525416797,10.70517420977688,9.06382245114845,6.125520214030966,7.226569843263619,7.295173961840629,6.941043116640944,9.066534011684645,8.710251101249167,7.230090795282185,7.001015602442395
2017-01-01,cekirdek_b,0.6276150627614996,0.9483874271028592,7.392277852594598,11.01703005903627,7.000115620302871,7.922912997463261,7.486033519553081,8.977110711982593,11.018312263525587,10.49815296403187,7.927669225733269,7.653411587866588
2017-02-01,cekirdek_b,0.8316008316008316,1.1369903198170883,7.780239304953396,13.050964738020653,8.78714302231467,9.91183124899553,8.258928571428559,11.042818935700582,13.051389234221089,12.330146397846509,9.915923786877578,9.491899104323753
2017-03-01,cekirdek_b,1.1340206185567192,1.2105013829815547,10.877764305007709,14.009213765220041,10.791435649947513,11.509105672518904,9.000000000000007,12.695351641766383,14.01002965922209,13.183516519606009,11.513173358030105,10.946883810427588
2017-04-01,cekirdek_b,1.7329255861366022,0.9862146461888432,15.830218875686807,14.18019524466203,11.53148008174465,12.587504491498859,9.071038251366126,13.74963955439583,14.18077943475138,13.334825395949945,12.589367935215012,11.916489179990908
2017-05-01,cekirdek_b,1.3026052104208263,0.7317297519866317,18.009694288717903,12.361064680995849,12.779045441706094,12.705486828182933,9.179265658747294,13.508664644867864,12.363594328048656,11.713783124628119,12.707010844775457,12.021964761237314
2017-06-01,cekirdek_b,0.09891196834816984,0.27536387780169314,13.252036565104364,8.265609954820796,12.058612419250325,11.100301839198856,9.051724137931028,11.558435098219611,8.271157631692816,7.973233103908672,11.106633003815913,10.57837481175734
2017-07-01,cekirdek_b,0.5928853754940677,0.9731272045514938,8.260230357526854,8.209497566056424,11.981276014540043,11.154763997856154,9.462365591397838,9.583712687557489,8.214865466702804,7.920883337359275,11.16113993571588,10.62785436665461
2017-08-01,cekirdek_b,0.5893909626719207,0.6674865723284906,5.243480989692495,7.933712579991403,11.443936656392829,10.125141818117234,10.10752688172043,8.135284311796864,7.938929311802356,7.66391061872671,10.130894326411255,9.688846871677415
2017-09-01,cekirdek_b,0.87890625,1.1535632781314753,8.562350083506853,11.764755731151478,10.882402757385234,10.001270223050929,10.836909871244638,9.297168773459896,11.767406323934381,11.176708220045839,10.006550309133244,9.574970661977256
2017-10-01,cekirdek_b,2.2265246853823806,1.4075346888027918,15.788268835130426,13.700544589777387,11.960996140577729,10.921047610662216,11.746031746031749,11.12476787526413,13.706844430937348,12.91433815705103,10.9297035583106,10.417610747205153
2017-11-01,cekirdek_b,1.1363636363636243,1.0645563955795856,18.32736248616129,15.505094393264018,11.593832824098138,11.655244658579921,12.184873949579833,13.659304987830655,15.506522468394678,14.50261745005541,11.663973849494425,11.08326403439106
2017-12-01,cekirdek_b,0.46816479400748623,0.987392748577598,16.411960101561473,14.747976268237784,12.418663781655749,13.24654316253351,12.238493723849375,14.651891833827758,14.750218375103996,13.837935331839901,13.249810733348056,12.50732177594287
2018-01-01,cekirdek_b,0.6523765144454741,0.9465920101430658,9.40554884399971,12.675834276266041,12.551673028898325,13.187029819316987,12.266112266112273,14.29271098996332,12.675992833713234,11.994164617200997,13.190342904137431,12.454251387126014
2018-02-01,cekirdek_b,0.8333333333333304,1.1569071773530393,8.10020268706413,13.088242868523325,13.09823989868164,14.290280283570711,12.268041237113426,13.494155485222702,13.088793922300269,12.363567744294812,14.291798006345125,13.433092597175111
2018-03-01,cekirdek_b,0.9182736455463747,1.0126694688898041,10.050464974042029,13.201507433242599,13.186528958690413,13.97211890843506,12.028542303771662,12.990158631485983,13.20202036626219,12.464674625543637,13.973709655470357,13.151304978691769
2018-04-01,cekirdek_b,2.2747952684258443,1.7389166854994365,17.319505288451587,16.797621706077727,13.29344582185492,14.718217677995792,12.625250501002006,14.364580462420973,16.80434358326588,15.63397332696912,14.723146815327581,13.814068972085058
2018-05-01,cekirdek_b,1.4234875444839812,0.7976027066951552,20.09028799271635,15.14700400873583,13.937634137103938,14.112980659181584,12.759643916913955,15.04785255090384,15.157933718376082,14.196755444337583,14.119065134716479,13.280161594316198
2018-06-01,cekirdek_b,1.754385964912264,1.9339544407391829,24.119834324122323,19.405612180679157,16.87363038714387,16.26218342540291,14.62450592885376,17.115813960538738,19.422770048924253,17.881895331735098,16.274265772926878,15.173284978639368
2018-07-01,cekirdek_b,0.9482758620689813,1.3021581405610272,17.804623428196244,17.36837572411094,17.56181412894375,17.082650926947785,15.029469548133601,17.304952258185715,17.38318863517896,16.13486115198146,17.093438230671932,15.88441723947529
2018-08-01,cekirdek_b,2.305721605465405,2.2311701367864423,21.957318496843612,24.189136718660453,21.020202863428494,19.582636798094732,16.9921875,20.311081908742977,24.199933501397418,21.86913087234661,19.600628277649324,18.032943158342096
2018-09-01,cekirdek_b,6.6777963272120155,6.923277854320786,47.33009143554685,50.34783338005475,35.22790592158807,33.98647351424759,23.717328170377527,30.231753672698304,50.85364549696709,41.82642452667302,34.297652352547736,29.854159929204062
2018-10-01,cekirdek_b,2.8169014084507227,2.1539213269726742,58.54548563699662,55.468551614485406,36.66525246640748,35.08179514343253,24.431818181818187,43.00231500114473,55.89583125257176,45.23347727231961,35.389323112679726,30.684169212150536
2018-11-01,cekirdek_b,-1.5220700152207112,-1.5701172515577455,36.11620528554058,33.603272711250455,28.84241305016928,28.81022902237984,21.161048689138575,46.130754229612194,34.52605555513628,30.02832771894286,29.268509508091277,25.948729295644736
2018-12-01,cekirdek_b,-0.386398763523943,-0.0081169632836664,3.48758543207075,2.1849715853156093,23.4780766944114,23.948735700912472,20.130475302889096,28.157906488651975,2.3272083961437984,2.3027484485250493,24.438554246812004,22.064586487599033
2019-01-01,cekirdek_b,0.2327385570209506,0.5077654344660232,-6.530785332990097,-4.244146999015319,21.73381630216713,22.012391889810367,19.62962962962962,9.037344437671768,-4.198833721651363,-4.281875121501555,22.511010504308814,20.47580107540903
2019-02-01,cekirdek_b,-0.1547987616099089,0.20481806862242546,-1.2307545754677518,2.8517945833942626,15.9486734986803,17.223446291971523,18.45730027548209,0.19779252497607036,2.8545458966746207,2.817866159219129,17.717475657334035,16.423096939080995
2019-03-01,cekirdek_b,0.23255813953488857,0.3179378906715602,1.2470621050016284,4.199892503453717,2.3611937666688787,3.187514044376316,17.652411282984538,0.8564060464700152,4.2008623465740635,4.122085575040035,3.2601398977271767,3.2124170117825424
2019-04-01,cekirdek_b,1.4694508894044889,1.1575885964822286,6.337215901887516,6.920916557141932,-0.30418233333102673,1.1845026107073053,16.725978647686834,4.651069322581525,6.9323542201986,6.721378223104857,1.2265937631682267,1.219751550801651
2019-05-01,cekirdek_b,1.6006097560975707,0.7954194568387418,14.014938271604894,9.464032653754906,6.118657267282823,6.106419225106086,16.929824561403507,6.8516644740062915,9.471685509037787,9.083783775970122,6.115844535706683,5.950824967594626
2019-06-01,cekirdek_b,1.2003000750187454,1.4945565146565087,18.48236082900394,14.69066189664565,9.52621122453461,9.319507137474957,16.293103448275858,10.33011824645287,14.696144224170782,13.790258271909916,9.33311667008294,8.956171923474976
2019-07-01,cekirdek_b,2.0014825796886626,2.313419485121715,20.98691290593935,20.02302987791711,13.42579723758497,13.282709900991163,17.506404782237396,14.69098623865821,20.049906289209616,18.413581826467862,13.31725546967597,12.56748002478636
2019-08-01,cekirdek_b,0.14534883720929148,-0.0440841132068992,14.202673949590316,16.074123161929556,14.108767501953,12.720635236204325,15.02504173622703,16.919308030231008,16.139171779495086,15.055567546285298,12.760262526173971,12.069675661127711
2019-09-01,cekirdek_b,1.0159651669085612,1.1794527160822854,13.372870417925608,14.639349884508857,15.89946221219738,14.665003020343882,8.920187793427225,16.876217533700654,14.70169389365421,13.795152351988405,14.698919028144687,13.792705311949161
2019-10-01,cekirdek_b,1.5804597701149392,1.1088033733488878,11.512589834629573,9.334997063113226,16.15319192444975,14.554430814386254,7.610350076103511,13.277032988188564,9.355383338918276,8.976687904897096,14.58832737765563,13.69513486568248
2019-11-01,cekirdek_b,0.5657708628005631,0.6057606838211216,13.39698698533236,12.206129660566,13.79911744627833,14.123740359944282,9.891808346213304,12.024846717604998,12.210443318867913,11.57606709300918,14.15931624162825,13.315817319647238
2019-12-01,cekirdek_b,0.42194092827003704,0.7145403759425406,10.753099391366327,10.157983938793036,12.055329126646264,12.376330529749048,10.783553141970504,10.559679886510276,10.161018941189969,9.7164177324502,12.410341865546858,11.755785042219301
2020-01-01,cekirdek_b,0.3501400560224077,0.5032184482167468,5.484129621741918,7.542462104060421,8.4564819666036,8.43502560661571,10.913312693498444,9.93874186282273,7.542936699743197,7.294078031921636,8.445689188273086,8.135382968409367
2020-02-01,cekirdek_b,0.0,0.418596361361967,3.1303225416477343,6.744415835899931,8.141887550792992,9.441206882162811,11.08527131782946,8.130776118328376,6.745396743480359,6.5454207420850175,9.446655503575707,9.060743917547098
2020-03-01,cekirdek_b,0.7676203768318235,0.802799534252463,4.557681186577622,7.119081244852854,7.6108138459505925,8.627906319273082,11.678267594740909,7.134093570615074,7.120806479045583,6.898457375324707,8.631163764085992,8.307437553887453
2020-04-01,cekirdek_b,1.1080332409972415,0.8266563223018997,7.752327910137469,8.504667702814439,6.612196883458776,8.02249355825657,11.280487804878048,7.457500005669604,8.506915294021656,8.192208871665319,8.023940320236544,7.743143451793477
2020-05-01,cekirdek_b,1.5068493150685036,0.64804034262822,14.395266129145279,9.499750263273722,8.61685271235022,8.113305730747534,11.177794448612154,8.37486688070852,9.500156109585722,9.10998479673033,8.114733953224796,7.827702769407674
2020-06-01,cekirdek_b,1.8893387314439902,2.304246221065731,19.574621886096068,16.17091053546307,11.814333576567893,11.553221396501145,11.934766493699023,11.369883076041077,16.2082446519618,15.115771543983403,11.579749508670044,11.007114459654055
2020-07-01,cekirdek_b,0.6622516556291425,0.9846368425991292,17.479727001401212,16.90071436702063,12.510950874341177,12.62447854092461,10.465116279069765,14.17365115273057,16.93553301876449,15.747693625172321,12.648983143210991,11.96995124841882
2020-08-01,cekirdek_b,0.7894736842105399,0.5848952535631335,14.19372677165418,16.607623229190605,14.294452027743997,12.997812467278735,11.175616835994195,16.560627901330925,16.64433550009885,15.495113268911975,13.020511211013241,12.302549032821153
2020-09-01,cekirdek_b,1.3707571801566454,1.3674402013253983,11.886588920569086,12.394800864499999,15.66674787639748,14.267258459634945,11.566091954022983,15.261434170574795,12.401552533682803,11.747889189950644,14.290371359234433,13.431830366967024
2020-10-01,cekirdek_b,1.996136509980695,1.6169122255140334,17.93599005532498,15.236210063990075,17.707637455432533,16.065478405202292,12.022630834512027,14.723736489618,15.249283864808017,14.276990721610261,16.089601929292495,15.012342173391291
2020-11-01,cekirdek_b,2.083333333333348,2.3157654737519406,24.1094978461156,23.375272721615726,19.048419085708666,19.94372562714901,13.71308016877637,16.960786875023604,23.386773424033215,21.20047160236549,19.972142890532083,18.34779243563873
2020-12-01,cekirdek_b,1.1131725417439675,1.6879649074307057,22.85284127713645,24.943144229204183,17.24156835226527,18.502994962262086,14.495798319327747,21.15684448641253,24.950258212877287,22.48257042678672,18.523756897472452,17.11522980836868
2021-01-01,cekirdek_b,1.6513761467889854,1.2553980302664858,21.200209011636616,23.174609806123225,19.55695983379504,19.13931009607377,15.980460572226107,23.827630830716462,23.188129760083555,21.03651364579653,19.158114854086115,17.656752183703393
2021-02-01,cekirdek_b,0.7821901323706415,1.2665324336778916,15.138128468472845,18.199249942679984,19.539680889500886,20.75953253126055,16.88764829030007,22.035194060195696,18.20204329979429,16.839581485500332,20.768906135069166,19.02002654393291
2021-03-01,cekirdek_b,1.2537313432835928,1.2907417143394273,15.779685011584753,16.3631589266118,19.263838886080965,20.576859093001175,17.451523545706383,19.17403553552375,16.363173745823545,15.250688713135219,20.58666694450597,18.86662956996097
2021-04-01,cekirdek_b,1.6509433962264008,1.2155208277959906,15.77771343359844,16.179958944151075,18.457937965513693,19.626172346344095,18.08219178082191,16.901286273496076,16.1800257770631,15.091179903253238,19.637047073171576,18.063846774524883
2021-05-01,cekirdek_b,0.9860788863109038,0.28700620882022854,16.717462979435062,11.749639173690873,15.925106198098504,14.929210959161242,17.476383265856942,14.729848851215799,11.76338311128653,11.173075003822586,14.941392567592061,14.006328244661459
2021-06-01,cekirdek_b,2.4698449167145364,2.9236968266943775,22.426661998251408,19.1320545514412,19.05679469554562,17.73946745685211,18.145695364238424,15.6698696797402,19.21466191176002,17.704895453242386,17.781007829512173,16.477792083188803
2021-07-01,cekirdek_b,1.0089686098654793,1.3766034579048236,19.363103079402876,19.892252757787098,17.556740099716016,18.02151076444276,18.552631578947377,16.915091382431967,19.973836847655058,18.34922597367772,18.0629632403297,16.72020293846548
2021-08-01,cekirdek_b,0.7214206437291759,0.613090252160764,18.116734834529424,21.459197151869013,17.4150144798396,16.503310923113013,18.472584856396846,20.16362102177367,21.524238906166303,19.65356214703986,16.550177748437033,15.413318575431223
2021-09-01,cekirdek_b,1.4876033057851457,1.303598513155757,13.652528785039554,13.990429318361276,17.958042230331085,16.53288825004391,18.60914359304573,18.369505776775185,13.998361074490418,13.173168892885379,16.57977037909668,15.439032173063882
2021-10-01,cekirdek_b,1.8458197611292082,1.4983596320361725,17.46600253382713,14.53903962059162,18.410753602747665,17.18508219404955,18.434343434343447,16.57120872906075,14.548746810408675,13.660193589410774,17.232528434755334,16.004709781544246
2021-11-01,cekirdek_b,3.251599147121542,3.640398242346965,29.721501048247845,28.959065366659352,23.78319813954166,25.15296458689995,19.78973407544835,19.058011323384672,29.041814624509897,25.769425550155578,25.23132744122374,22.71149384859772
2021-12-01,cekirdek_b,13.887454827052137,14.70912512490965,105.71384846207073,112.0040980996579,52.90486939210519,55.455582593974384,34.92354740061161,47.94175741075841,115.70822748393441,79.39153199717116,57.47890404343845,46.282350445028264
2022-01-01,cekirdek_b,7.479601087941989,6.659054104880702,155.1495929021345,158.52293257331925,73.12250785598937,72.07837870240101,42.659446450060166,94.56074305638342,161.3862976050842,100.03430988854927,74.26695608549288,56.84725173898002
2022-02-01,cekirdek_b,3.8802193167439825,4.394305019889644,161.42021318413722,166.12765733089634,84.15162898709107,85.25542895583644,47.04477611940299,145.059950079081,168.75574849834095,103.04993699871999,87.27456502502812,64.40968127443779
2022-03-01,cekirdek_b,4.222492894843688,4.322755371109488,83.3502228990105,82.05991583807699,94.21040128925623,96.46233292249984,51.35613207547169,130.19311298799306,82.1757317108244,61.50445798351933,98.29316901650867,70.44799499034524
2022-04-01,cekirdek_b,5.609661082976225,5.082226486725427,70.91959473981228,71.53015908900491,108.8302301317051,110.58129012915066,57.25058004640373,100.3112771656661,71.54117122033166,55.19714751089823,112.14267681176699,77.61572869972376
2022-05-01,cekirdek_b,3.836222796016231,3.1669462559903883,70.63021947501409,63.60461987736683,111.2017716564289,108.66172197237182,61.6886846639862,71.94365725723458,63.6607752399935,50.28771245530122,110.26359615577807,76.6688247270106
2022-06-01,cekirdek_b,4.19182948490231,4.701569528647109,70.42950288644272,65.99390229593784,76.77185110417561,73.8414101462377,64.40582959641254,66.9408517080907,66.05684222132142,51.8029690854517,73.94521041184174,56.65371353448551
2022-07-01,cekirdek_b,3.4776679168087465,3.88412919191794,57.07848768156918,58.55205858746471,63.85295681456711,64.91349196896246,68.42397336293008,62.61145135029502,58.5866792141243,47.01057990622175,64.9473835531203,51.10386370855999
2022-08-01,cekirdek_b,3.163097199341003,3.1083232629462776,53.04483367127004,58.19198679574995,61.59849491516258,60.87554154489765,72.50688705234161,60.77217545707072,58.22919515738809,46.77608793404531,60.92397994115579,48.53190019467326
2022-09-01,cekirdek_b,2.7467262855317864,2.442733136309294,44.72914340136862,44.97607562086054,57.05449997716061,55.12944443869334,74.64712269272529,53.61939364172308,45.004435899154124,37.74074236469405,55.203736212426115,44.771855725072875
2022-10-01,cekirdek_b,3.263910475598375,2.9284793642458284,43.53695565004156,39.71458712002423,50.15514616530794,48.8355985729809,77.07889125799572,47.2170214139106,39.72085903406353,33.918143054005604,48.880063583819535,40.46436148011367
2022-11-01,cekirdek_b,2.7092113184828293,3.247181275315647,41.02750399199915,40.468734408328125,46.91334483813876,49.06719350258777,76.14868353123386,41.652232913348655,40.477452466083875,34.47357510348308,49.111342732134155,40.624831518764196
2022-12-01,cekirdek_b,1.9343493552169022,2.7932476425379216,36.619932698982005,42.401115650067986,40.61609378401998,43.68282747419458,57.66092475067999,40.88216496997834,42.40403108812638,35.87563312839759,43.69884158027693,36.80818774654582
2023-01-01,cekirdek_b,7.073030477285802,5.886926127715797,57.92110594886761,59.492596821245215,50.55734714980906,49.276395701332355,57.06452973428932,47.442836201117466,59.65645998966706,47.70942018227746,49.384091254845266,40.81378161814153
2023-02-01,cekirdek_b,2.631578947368407,3.1589535843547623,57.44419070532827,58.94813113493176,49.00993669286873,49.42303308758269,55.176613885505475,53.623217387124164,59.115402155105755,47.35650941843392,49.530448628444205,40.9150422609585
2023-03-01,cekirdek_b,2.171637885923605,2.314299749169302,58.91534760245067,56.00640227697009,47.34654422239477,49.048601914925236,52.123100895987506,58.10932760530807,56.207459856040984,45.440717844959444,49.15944138758821,40.658175486678516
2023-04-01,cekirdek_b,2.7656850192061544,2.199338417283525,34.84596317493687,35.38339327507967,45.92814545976491,46.94437369261317,48.026558465510895,49.45909354734486,35.39750527348933,30.690367003230357,47.069107520517875,39.19989359275391
2023-05-01,cekirdek_b,3.588337901819072,2.950856872335139,39.944993775233215,34.29428930866592,48.436943811855016,46.102109182948794,47.673179396092365,41.30005783617956,34.30265837187718,29.857980155151864,46.22729242749983,38.60724478679289
2023-06-01,cekirdek_b,3.4640365648304083,4.03350150407229,47.16130057511745,43.550617249964716,52.92543684594631,49.64897374123674,46.64166382543471,37.7652416978155,43.59653823090088,36.73478717476382,49.7803792204069,41.08775250986163
2023-07-01,cekirdek_b,8.904905835852151,9.358856055308129,85.60552788855253,88.20387507219014,58.20289560790115,59.62355476179655,54.33278418451402,54.46271411809003,88.99365437275574,65.37285772686224,60.151894420926986,48.03161236504629
2023-08-01,cekirdek_b,9.329632792485043,9.325768277745428,130.3026871563309,139.3309422112324,79.52634380645148,79.27849506795526,63.55796870009583,88.12627348685744,140.11829353208287,90.87250334850339,80.21131685334855,60.365241751827625
2023-09-01,cekirdek_b,5.057605936340548,4.633755043105681,144.82250227616794,144.90250760932645,89.81147975034472,87.49908302011242,67.23655579732667,123.63623946565161,145.5328824518566,93.27351750463694,88.333882863527,65.00415233970038
2023-10-01,cekirdek_b,3.4758364312267753,3.156273560261691,99.53419793333289,93.89203916302272,92.44388828756081,91.0267863838203,67.57977122215534,123.95169544606905,94.60745032838538,68.4631875244512,91.78172415770433,66.91802262565672
2023-11-01,cekirdek_b,2.5327824681156796,3.2288624054410686,54.35359694896358,54.12546210175655,88.54190024923253,92.0598658323883,67.29191090269637,92.35288173326832,54.165134159882776,44.07556403523376,92.79417033565025,67.47403369186857
2023-12-01,cekirdek_b,2.4001401541696055,3.3850673968811806,39.318554352356536,46.898853806523036,84.68437153706925,89.67313373842205,68.056354226567,62.95735036481054,46.89960695135043,39.08081345033576,90.44026298514325,66.17716547748635
2024-01-01,cekirdek_b,6.8434559452523525,5.284243959952306,58.3597784948718,59.40038195450903,77.75880115165748,75.80234668662548,67.69602577873255,53.46227498778609,59.47731889698873,47.59269504909822,76.24162650938915,58.027941286774706
2024-02-01,cekirdek_b,4.22738190552443,4.786744555560474,69.09128649917142,69.24279342898329,61.554474663733274,61.507348887393285,70.30350601779173,58.549369256884766,69.30310390867017,53.82422364957584,61.57167694379262,48.9498938424048
2024-03-01,cekirdek_b,3.134121984943916,3.315190473847851,73.99169811933317,68.7856991282087,55.692876687718496,57.46245819517273,71.9078104993598,65.8636840905022,68.85075779561447,53.54471595744252,57.52502759231064,46.312764703889144
2024-04-01,cekirdek_b,3.232533889468203,2.606146103085427,51.63629606188551,52.256421639501326,54.961576709011936,55.78745701873207,72.6887615250436,63.020417781520166,52.326523252803355,42.83232452997501,55.86433411874876,45.21250978953661
2024-05-01,cekirdek_b,3.7806637806637955,3.1762974093889174,49.05331135845441,43.10999966907458,58.75646813456963,55.628840873454635,73.00938176569642,54.0288625093809,43.11762221240802,36.39053594528878,55.706496872105426,45.107379797432316
2024-06-01,cekirdek_b,1.8909899888765347,2.5203631750029043,41.99571990727744,38.756648631295796,57.18166697278786,53.03639419406241,70.37898163217858,44.445867020767096,38.76332074314177,33.211226749908995,53.13098393505196,43.37797135367576
2024-07-01,cekirdek_b,2.4699781659388576,2.9198513181827535,37.8464159716845,40.46136977206727,44.577038091642216,46.240027147418814,60.31169940222032,40.73986029382941,40.46717367884316,34.4660476102983,46.28672146109387,38.64918607013666
2024-08-01,cekirdek_b,2.8898654947396407,2.9397500274394472,33.17420115004237,39.177676445154844,40.8902255975577,41.13014288240726,50.8689709041203,39.466780891859756,39.18062839987255,33.51985808250042,41.13654201244783,34.9551970138946
2024-09-01,cekirdek_b,3.222883769091367,2.699471542368359,40.27520894641321,40.152830539518746,41.13284266778487,39.452992301540576,48.234200743494426,39.92624136394798,40.153773387318736,34.23629155196224,39.456958549640845,33.72375915093562
2024-10-01,cekirdek_b,2.683385579937303,2.3746526712116856,41.44743198749035,37.20661118664417,39.63531626302188,38.82445227358002,47.09897610921501,38.82293598004276,37.21079987266267,32.05549696407797,38.830235047984175,33.26077228718813
2024-11-01,cekirdek_b,1.5386494077421098,2.3940229719788375,34.16220857034102,34.320106146061825,33.66729200099976,36.727320873611255,45.672740014015424,37.154894195085994,34.32180302396297,29.87258874223553,36.731432905480354,31.696223412367974
2024-12-01,cekirdek_b,1.1785929043896415,2.2800988840126823,23.84565908945977,32.139526963983144,31.804687723465406,36.08721001679509,43.93498716852009,34.49646717634665,32.13971448602892,28.19509810881282,36.09267902337068,31.21569483038753
2025-01-01,cekirdek_b,5.467728515392856,3.5441955300853145,37.83466073717092,38.282115695635355,39.629362242115064,37.74331374813662,42.08166533226581,34.9276482463933,38.307676714547114,32.873269544307334,37.75823756061965,32.464383254192654
2025-02-01,cekirdek_b,2.310379803899476,2.8813823824859863,42.073048522695686,40.93366772814131,38.0609791654618,37.587154955677995,39.46842833000461,37.15022070973695,40.954950390008094,34.82270718633593,37.601742590936624,32.34764796428573
2025-03-01,cekirdek_b,1.2998457810090347,1.5159960640285242,42.75531764803131,36.76914071619966,32.96475624256836,34.4344061522535,36.98793385967525,38.64214746394641,36.82480765980935,31.7662959063993,34.46355741183651,29.98069700760606
2025-04-01,cekirdek_b,3.1100478468899517,2.4163936220924054,30.412096856580064,30.9070394984581,34.07202216066479,34.54405368242364,36.82539682539683,36.05900128453381,30.93119873878285,27.255088274427663,34.57311488552648,30.0641789093675
2025-05-01,cekirdek_b,2.2463615271040016,1.695080670000082,30.08599407229959,24.972833757878554,35.94746686848165,32.71352541424368,34.80255839822024,30.692442912038477,24.983759898401093,22.509881424484046,32.7493434941035,28.66629430540999
2025-06-01,cekirdek_b,1.7534811758638469,2.4516870753483744,32.431868910875885,29.64451697857382,37.49674000897083,33.15918738760117,34.62063318777293,28.472320680022722,29.653586636177632,26.252645469763447,33.194963156191235,29.00947068808137
2025-07-01,cekirdek_b,1.824632539280291,2.292769800542138,25.950518705658254,29.019689075283715,28.161894666779965,29.95993818810834,33.77280596617391,27.890073548097828,29.027571291698685,25.75815018356238,29.976190412593297,26.50661922899502
2025-08-01,cekirdek_b,2.070681931309104,2.1777937532444946,25.087114924337016,31.486841930958587,27.562069952507272,28.188467648170867,32.70774009836914,30.05849112402783,31.48779227652012,27.68900251654003,28.197971100236096,25.099441970512036
2025-09-01,cekirdek_b,3.33560909002244,2.709427686719601,33.05018594377531,32.81498399574934,32.74066740631416,31.220175459591324,32.85266457680252,31.12559102781507,32.81894536834626,28.719964962024935,31.227517582434828,27.48630521589419
2025-10-01,cekirdek_b,2.4351109013685646,2.122821029004718,36.26974640371223,31.93454817234087,31.00856935115377,30.46897862512552,32.531444620832815,32.08155577889422,31.939831176125978,28.040169875875254,30.476253240640915,26.899160029718818
2025-11-01,cekirdek_b,1.2623237814429311,2.2880860207050047,32.00395402840692,32.505119813718665,28.499002984529987,31.994998935524666,32.17077570655442,32.41550967251921,32.509743353328325,28.481338945717294,31.997861219650158,28.08517073112866
2025-12-01,cekirdek_b,0.7825295723384862,2.018943585795352,19.433990779705958,28.97772441858677,26.058378068445066,30.88229217301619,31.65339355758945,31.10704978392702,28.978635260233144,25.719402542020298,30.885879836483387,27.219683752022615
2026-01-01,cekirdek_b,4.225352112676051,1.93266355620767,28.004742500557466,28.019754013319222,32.07260805717229,29.96241149994676,30.10255832300235,29.78721966475375,28.021442046398583,24.958772650832106,29.96710083525731,26.49947126335368
2026-02-01,cekirdek_b,2.156964656964666,2.742972727826465,32.588673129540524,30.312263439495936,32.295990538184306,31.40411744023579,29.90746860541971,29.11073610466648,30.32212532662122,26.778319479317947,31.411761573237285,27.62982921251762
2026-03-01,cekirdek_b,1.4584923259560734,1.721564601821579,36.18178535053496,28.799484888837746,27.53326662451525,28.88857384286807,30.11091779034365,29.04722161808777,28.813821555939057,25.588803543422856,28.896204260822177,25.654103042721577
2026-04-01,cekirdek_b,3.4183033848725453,2.641682992782135,32.01253610072507,32.42064322605971,29.993194785030397,30.20160587368217,30.499894537017514,30.518017199692405,32.43668437969001,28.424881289720716,30.211909641757863,26.69182697027641
2026-05-01,cekirdek_b,2.8689187005010552,2.3701988402849983,35.731282220230675,30.50927326906152,34.150775665858845,30.410731151754234,31.29448169159361,30.580848208439182,30.520447916430584,26.93378573955485,30.42125206600783,26.8560526094364
2026-06-01,cekirdek_b,1.6654882551653705,2.43009533191747,36.84235418762292,34.183635075301375,36.511670214823575,31.463999171676704,31.180942726811956,32.37472224471729,34.18467431227741,29.767908659938414,31.474109917386283,27.678356101680635
2026-07-01,cekirdek_b,1.6613862916312616,2.1493613688066127,27.777684096137634,31.627647119481406,29.87785082379679,32.0235497852354,30.970632155301136,32.10499220139289,31.62874712036887,27.798622164036324,32.032149254862134,28.11175172687852
2026-08-01,cekirdek_b,1.8470659775007725,2.017820797900516,22.77569536709234,29.824631986991367,29.091063043325672,30.16650249985826,30.683702331025064,31.833562833013907,29.8268359119199,26.389109994498394,30.17321843467964,26.66144786702662
2026-09-01,cekirdek_b,2.0001492648704877,1.2883687479913641,24.400300333750913,24.132385070473838,30.47310052006045,29.060197812196353,28.99480887210948,28.438482961118815,24.142705187802548,21.82220365879397,29.074197230698175,25.795056159366194
2005-01-01,cekirdek_c,,,,,,,,,,,,
2005-02-01,cekirdek_c,-0.6507592190889477,0.6892367435859859,,,,,,,,,,
2005-03-01,cekirdek_c,0.0,0.6417983462591925,,,,,,,,,,
2005-04-01,cekirdek_c,1.7467248908296984,0.4501952469794679,4.4094877868936955,7.361578950956593,,,,,7.3622589868141075,7.124921347298585,,
2005-05-01,cekirdek_c,2.145922746781115,0.3008857823262323,16.671800187801168,5.714794150529068,,,,,5.7160175359199705,5.571517502259571,,
2005-06-01,cekirdek_c,1.0504201680672232,0.45109928865247895,21.651759159899097,4.915822531601344,,,,5.988316605069621,4.9161338916485775,4.808721271832717,,
2005-07-01,cekirdek_c,-0.8316008316008316,0.4112080818321928,9.78167414866773,4.753035799443217,7.0618903543649525,6.049287236333245,,5.125445202823364,4.753287584291255,4.652772611243616,6.05041910324795,5.888846979271101
2005-08-01,cekirdek_c,-0.20964360587001352,0.6756775767863266,0.0,6.327545642428567,8.014721305848482,6.020727219352384,,5.3319774516969565,6.328401013746365,6.151939789083993,6.021803978701379,5.861728645671782
2005-09-01,cekirdek_c,0.42016806722691147,0.1589708788743982,-2.471559243832,5.096058382720048,8.924314944413748,5.0059017867675415,,5.390786070542841,5.098841590547742,4.98342614997167,5.007451314806377,4.8960737109021935
2005-10-01,cekirdek_c,1.882845188284521,0.4077163824480312,8.653151771719836,5.08144070373433,9.215955350070892,4.917109757633664,,5.498662171004609,5.0842242874143295,4.969459352435024,4.9186363283376,4.81111598183932
2005-11-01,cekirdek_c,1.0266940451745254,0.6347560372197636,14.138615481417771,4.910695460598147,6.83567544664927,5.616744694985187,,5.029014795924813,4.913053269044743,4.805773194168772,5.618553921859193,5.478856491626383
2005-12-01,cekirdek_c,0.20325203252031798,0.6883810003204704,13.155610128914642,7.146449086016249,5.051845384485709,6.11630161593979,,5.711382387282238,7.14739009280454,6.923413679953061,6.118584630423607,5.953419914962366
2006-01-01,cekirdek_c,-0.40567951318457585,0.8532020230357595,3.326120507633834,9.060676872014684,5.956163829665684,7.05257143028255,6.507592190889366,7.033055162947255,9.06123394833076,8.705356242303974,7.05580156453649,6.837407797369499
2006-02-01,cekirdek_c,-1.0183299389001976,0.20614265860068315,-4.789539437340906,7.214512482803248,4.2458159734482415,6.056348551323731,6.113537117903944,7.804128803290755,7.219310146591562,6.9909027278276525,6.060435610130077,5.898337960998212
2006-03-01,cekirdek_c,-0.4115226337448652,0.13781712611851127,-7.104694038134507,4.888681113306825,2.526216277726201,6.011554703279032,5.676855895196509,7.035210771735101,4.895158966143076,4.788647231019816,6.01579217796997,5.856030455486438
2006-04-01,cekirdek_c,1.8595041322313932,0.5784661650961587,1.6393101237690555,3.7504269012838876,2.4792447579573773,6.372420220724995,5.793991416309008,5.268414542206412,3.752744870836189,3.6897037992614123,6.376639158448949,6.197530020782693
2006-05-01,cekirdek_c,2.6369168356997985,0.8790504195598681,17.505174103249544,6.565457992790291,5.772027232467414,6.889492590261925,6.302521008403361,5.064947027804889,6.571323040141852,6.381334843098152,6.894866506310371,6.686118785462902
2006-06-01,cekirdek_c,1.3833992094861802,0.8915059076629595,26.208328174612095,9.810126739439951,8.278166131109366,7.3211971913513585,6.652806652806653,6.690602206865992,9.811486252161261,9.396089969275945,7.327521059482334,7.09236860014788
2006-07-01,cekirdek_c,0.0,1.1802485699088594,17.241612607161215,12.461877005256694,9.162065861681356,8.018367648354419,7.547169811320753,9.599433049188576,12.463157277228131,11.803219588526748,8.02750188882233,7.74646169389408
2006-08-01,cekirdek_c,0.0,0.8766683567311029,5.64948711901383,12.451255106366578,11.419753086419714,9.468806069464652,7.773109243697474,11.575127759175817,12.452546337739667,11.793691337211687,9.475737448936815,9.08751309015492
2006-09-01,cekirdek_c,1.5594541910331383,1.3645625725558608,6.385253493714016,14.575165149228141,15.87365958609388,12.16734554329526,8.995815899581583,13.165690363901028,14.577885531601687,13.685917996783292,12.17148096857581,11.541003983029618
2006-10-01,cekirdek_c,2.1113243761996303,0.6779182563782182,15.65837035531703,12.316725034606701,16.447300750054517,12.389277586766179,9.24024640657084,13.109663429348451,12.322221287017587,11.676596742660728,12.392669032018988,11.739908165593738
2006-11-01,cekirdek_c,0.5639097744360777,0.17463923339000598,18.289356070193197,9.222637155095793,11.790920026871255,10.825189528905344,8.739837398373984,12.003908152740483,9.237988853672796,8.86848024929634,10.834585165911669,10.331085793254013
2006-12-01,cekirdek_c,0.0,0.5200582830380496,11.189617156086907,5.627982036779278,8.760910289585766,10.01065169447768,8.519269776876271,9.005021077707998,5.630757575309797,5.490463091225095,10.020978792601776,9.588190544004194
2007-01-01,cekirdek_c,-0.5607476635513864,0.6071731299136296,0.0,5.331400925762564,7.544581618655721,8.76800078740434,8.35030549898168,6.70209712176153,5.333588409470713,5.207482585366741,8.77646730596413,8.442039664013734
2007-02-01,cekirdek_c,-0.375939849624074,0.7469598907976494,-3.6862371895684976,7.759238005905722,6.7374956776824035,8.488470137746162,9.053497942386812,6.2376812238112755,7.759795678489256,7.496765214997314,8.49658464930041,8.182622732146827
2007-03-01,cekirdek_c,0.37735849056603765,0.8417693026939954,-2.224194806940194,9.145393873490582,4.267225658614615,7.372285546440049,9.917355371900838,7.407521433305342,9.145993204243187,8.783609293621097,7.375189700925278,7.137036192423096
2007-04-01,cekirdek_c,1.6917293233082775,0.4282858613174456,6.9405790267918155,8.371186317213386,3.4120781276499645,6.840483314045853,9.73630831643002,8.425202367639795,8.373194418093055,8.068060219236362,6.843483317806376,6.637771402301551
2007-05-01,cekirdek_c,1.8484288354898348,0.20148868476530524,16.816157596729564,6.043175277825075,6.070748536990167,6.897763136864188,8.893280632411082,7.840068870266692,6.047599747197818,5.886175395106985,6.900555448116763,6.69147030505215
2007-06-01,cekirdek_c,0.7259528130671544,0.3450675209353493,18.447364872452997,3.969274604885298,7.616385710542417,6.525900266044737,8.187134502923964,6.104866086909699,3.9698185850606027,3.8993682680724007,6.529090859149589,6.341488780846749
2007-07-01,cekirdek_c,-1.08108108108107,0.012375860869506816,6.04747133466601,2.257646006476577,6.493088925320811,5.270045158760728,7.017543859649122,4.073357069224537,2.2587808459491265,2.2357282662806455,5.275302998452003,5.1518942427585035
2007-08-01,cekirdek_c,-0.910746812386154,-0.0551120613581646,-4.985649622281397,1.2141977320848873,5.352794588821697,3.6005545868742495,6.042884990253428,2.472696212772574,1.2160508264826397,1.2093252817867661,3.6060109219173686,3.5477503384468756
2007-09-01,cekirdek_c,0.5514705882352811,0.42456483539836665,-5.642294226919276,1.535322586463872,5.718596302787016,2.7450915425533795,4.99040307101728,1.6678069300524845,1.5380515233684555,1.5273145396388355,2.7473405448707355,2.713341403855618
2007-10-01,cekirdek_c,1.645338208409508,0.2659157872943796,5.198558417319332,2.5688473112025934,5.622162012566556,2.413128453540092,4.5112781954887105,1.7722343325188072,2.5712884083678444,2.5414742453383266,2.4149253626650324,2.388601255809486
2007-11-01,cekirdek_c,0.899280575539585,0.5137103847999258,13.09823989868164,4.923882648646649,3.6627020332607785,3.0523488583263036,4.859813084112163,3.001765984672078,4.924538672157341,4.816764029970688,3.0550043928275095,3.013044655878727
2007-12-01,cekirdek_c,0.0,0.5555616330443103,10.637445466342331,5.472418139793378,2.1738495252008994,3.4851486919660557,4.859813084112163,4.3172931808517445,5.473443539264045,5.340751220554463,3.488601123911872,3.434032880096649
2008-01-01,cekirdek_c,-0.891265597147961,0.18373312863735336,0.0,5.127042448092078,2.5663484859041574,3.8400672435099814,4.5112781954887105,5.174576465223835,5.128773630695815,5.012020585926358,3.8428139991591115,3.776747415632342
2008-02-01,cekirdek_c,-0.5395683453237266,0.47382319709361465,-5.583242811628086,4.960270106125542,3.336194312283758,4.942074800269536,4.339622641509444,5.185775200582188,4.961861218223951,4.852471835101113,4.94319842425921,4.834617932535901
2008-03-01,cekirdek_c,0.723327305605781,1.1004770881406944,-2.82169143926424,7.25396977613626,3.689728584367491,6.359463835529922,4.699248120300759,5.780407839259749,7.263269871007938,7.03213365548665,6.364905755255856,6.186442438020556
2008-04-01,cekirdek_c,2.333931777378817,1.0751851571314086,10.458783602079503,11.12268210668994,5.099373738419355,8.083296206101265,5.360443622920519,7.763808000202155,11.128185135697887,10.59794176946287,8.090330293472725,7.804981177694614
2008-05-01,cekirdek_c,2.807017543859658,1.2433771331090027,26.092698420650784,14.56646042111367,9.111244562644405,9.658226462508646,6.352087114337568,10.958769650686717,14.56682877248685,13.676157513524423,9.667992098867085,9.264314674312768
2008-06-01,cekirdek_c,0.6825938566553003,0.4091876332802613,25.888849886783483,11.46499199495128,10.605901735187695,9.339210178799862,6.3063063063063085,12.375375742163609,11.473526041140003,10.91099969408269,9.349824710300947,8.97156667478467
2008-07-01,cekirdek_c,-0.8474576271186529,0.1743133775987893,10.949165905725033,7.543905551912111,10.703703224470807,9.318649960365954,6.557377049180313,11.13853099583848,7.557298192340345,7.307512575952213,9.329378376397202,8.952727172707542
2008-08-01,cekirdek_c,-0.34188034188032956,0.504872546829005,-2.032109886097133,4.440220403710748,11.144210929043918,9.386225719942075,7.169117647058809,7.760795822857092,4.441420861467216,4.353494230832222,9.39678677458813,9.014825872178323
2008-09-01,cekirdek_c,0.6861063464836947,0.6214798682977696,-2.018438040263071,5.326285252792773,11.06208239188522,8.35217368636636,7.312614259597816,5.756256067011556,5.328533992911266,5.202663170902255,8.361107311536053,8.056831432492473
2008-10-01,cekirdek_c,1.7035775127768327,0.37252865513233147,8.461063913019572,6.162400814107194,9.698060941828235,6.850920474821276,7.374100719424459,5.30955309770238,6.163053152096265,5.995524281036424,6.8580912364708535,6.6515184284943185
2008-11-01,cekirdek_c,0.8375209380234505,0.46140956215752205,13.687245970461026,5.978881647513323,5.535300352945272,5.206738174914749,7.308377896613183,5.822617074892444,5.97954972386876,5.821672342350492,5.207908652295745,5.087583286591357
2008-12-01,cekirdek_c,-0.33222591362125353,0.25726155771061965,9.157252662961746,4.452751137607858,3.41855788566503,4.888608827454011,6.951871657753994,5.525956461795256,4.4531857550314635,4.364799100001893,4.890022831558571,4.783731135452074
2009-01-01,cekirdek_c,-0.5000000000000004,0.4908953534993987,0.0,4.946336981584887,4.144641683103201,5.552617639788404,7.374100719424459,5.122573075346271,4.947011412939939,4.838265893470162,5.553427030743019,5.416895087253293
2009-02-01,cekirdek_c,-0.670016750418756,0.2358333997471762,-5.847293559043409,4.006920465063146,3.4599531023363106,4.988271318701387,7.233273056057854,4.467449870034246,4.0077473479673165,3.9359612438287783,4.989405321375373,4.878816793089635
2009-03-01,cekirdek_c,-0.8431703204047181,-0.558465714292733,-7.763184000000011,0.6630653120546226,0.34100572018955777,2.5404023289786304,5.565529622980248,3.188228589678732,0.6751322888001843,0.6730521558153679,2.548211261001865,2.5189256279086303
2009-04-01,cekirdek_c,1.0204081632653184,-0.21360363071279975,-1.9949498125062748,-2.1302127301653373,-1.0024999368702603,1.346315547907806,4.210526315789487,0.8156441230413369,-2.1239819909629643,-2.144943781033426,1.3550040839069188,1.3466610562183678
2009-05-01,cekirdek_c,1.683501683501687,0.232548394735832,7.628919665017908,-2.1430419520625965,0.6655555678193759,0.8850873650057878,3.0716723549488067,-1.2137398243002195,-2.1368651715214737,-2.158083801078803,0.8925694847600196,0.8889387213749878
2009-06-01,cekirdek_c,0.6622516556291425,0.49655632060501276,14.31547171862697,2.076357998764955,2.684444444444467,1.3672486163373465,3.050847457627115,-0.7512000970612331,2.0816040930486945,2.06200433851218,1.3761323363034705,1.367528247163774
2009-07-01,cekirdek_c,-0.1644736842105199,0.7907609041587715,9.045810393426423,6.248475089266692,3.378141404958912,1.97311241072744,3.7606837606837695,2.00658169871486,6.251755444240503,6.079462477998465,1.9850946393707103,1.9672593484825196
2009-08-01,cekirdek_c,-0.32948929159802853,0.5033601870516158,0.6638981363913832,7.401400434821426,4.08816746244125,2.5181658860518263,3.7735849056603765,5.222698811971571,7.402596841813369,7.1627096472616,2.5312122065378473,2.5023129230913987
2009-09-01,cekirdek_c,0.33057851239670644,0.32527956077510467,-0.6562734202524734,6.671091218688585,6.566997547318243,4.348437915273884,3.4071550255536653,6.773097253598737,6.6734189868380644,6.477602607941968,4.3543622851227815,4.269803473227074
2009-10-01,cekirdek_c,2.3064250411861664,1.0160997956583318,9.549811951291431,7.628237511488578,9.29752066115701,6.936130994818845,4.020100502512558,7.233754891640953,7.633702889837868,7.378958173940209,6.940682920859675,6.729210325969337
2009-11-01,cekirdek_c,0.8051529790660261,0.44160903452206135,14.624072422546398,7.363965952333773,7.417437831674012,7.38268156233175,3.9867109634551534,7.222209689164338,7.369764611089069,7.131953563821991,7.386179576249963,7.147331605541796
2009-12-01,cekirdek_c,-0.4792332268370503,0.14645049816310873,10.967914048539562,6.600508398829885,4.995076610110805,6.635793968864734,3.833333333333333,7.19553774585493,6.608752364695847,6.416637313374007,6.641081182551378,6.447119960657988
2010-01-01,cekirdek_c,-0.6420545746388395,0.2612959621240307,-1.282034713192104,3.4499167837613864,3.9929542487562975,5.518397515060802,3.685092127303191,5.784894818767405,3.450827450289773,3.3974219792368032,5.523268016501315,5.388190076588506
2010-02-01,cekirdek_c,-0.4846526655896688,0.31592608258421695,-6.238290749645703,2.9330988066301744,3.6694214876033193,5.125190680651115,3.8785834738617186,4.308796604491083,2.933405469269168,2.8946901714854256,5.130135970280891,5.013321867653708
2010-03-01,cekirdek_c,0.6493506493506551,0.8526739487252133,-1.9122954342607135,5.867454793293514,4.329228739934177,6.233349301691615,5.442176870748305,4.079414407126558,5.871929404345444,5.719583973733844,6.239755340387809,6.068110643553926
2010-04-01,cekirdek_c,1.1290322580645107,-0.0988450885946568,5.270713682295458,4.354516956687293,1.9417022567621345,3.9012324045240687,5.555555555555536,4.380553978136303,4.363946197388868,4.279019770859094,3.9064673662696503,3.8382208750479485
2010-05-01,cekirdek_c,1.594896331738438,0.23745209108083642,14.349660801110797,4.0283668955438445,3.5452541109943114,3.479283764197927,5.4635761589403975,4.746092965225013,4.03798353823186,3.9651238048455717,3.484343560425285,3.4299069881654987
2010-06-01,cekirdek_c,0.15698587127157548,0.10065328459323286,12.128485665187917,0.9600968794082565,4.873379726843385,3.3846627518186567,4.9342105263157965,3.0983346316589166,0.9612503307700138,0.95704114831765,3.3898673742509544,3.338312561025747
2010-07-01,cekirdek_c,-0.4702194357366851,0.40926013325064403,5.202179632298609,3.02978435816994,5.236441078293441,3.6900350990802133,4.612850082372311,2.6628180311092375,3.03076480512785,2.9894620356988533,3.6953915222200484,3.6342409032789735
2010-08-01,cekirdek_c,-0.7874015748031482,0.025882075588579134,-4.323678725825331,2.1626794403009075,4.597107438016534,3.0913027362030165,4.132231404958686,2.0479350998692025,2.164360108566843,2.143181973729824,3.097270323143464,3.054152889287698
2010-09-01,cekirdek_c,-0.15873015873015817,-0.10353459147162125,-5.524354716999835,1.3316502994735968,2.9242976066597093,1.1457029793414675,3.6243822075782584,2.171982607944778,1.3345242537383895,1.3264304694704077,1.147729451075108,1.1417358088940288
2010-10-01,cekirdek_c,1.2718600953895098,0.037718051035784406,1.265807039092559,-0.1598663143670631,3.215229606566794,1.4224208147371353,2.5764895330112836,1.1059693200599963,-0.1596209620903566,-0.15973785938903085,1.4240733194664346,1.4148620881549112
2010-11-01,cekirdek_c,0.6279434850863463,0.27718476934119884,7.169183089452269,0.847265285535137,1.2598301003773127,1.5028415158763408,2.396166134185318,0.6706961160998892,0.8487569010250162,0.845472915621448,1.5046046968971938,1.494327444675636
2010-12-01,cekirdek_c,0.0,0.6673522843710478,7.852331098742238,3.996379940493644,0.9426499346508077,2.6553690974870037,2.8892455858748,1.5490610758549073,4.000552181218131,3.929020418992124,2.65960523635973,2.627725444231266
2011-01-01,cekirdek_c,-0.31201248049922414,0.513155482710026,1.2618140555119117,5.987523649789517,1.2638105276210343,2.8679178860161914,3.2310177705977328,3.5934668387031854,5.989145382679717,5.83077014568909,2.872658639956538,2.8355161431500298
2011-02-01,cekirdek_c,0.15649452269170805,0.8475556527399508,-0.6225662023349288,8.419579522172471,3.1997984378937083,4.564898977709997,3.8961038961039085,6.125319831926457,8.42077799726868,8.112253679284098,4.5719595049349415,4.478863297452773
2011-03-01,cekirdek_c,0.6250000000000089,0.7423411864447393,1.8852584285661944,8.742995371628215,4.826345095680207,6.343207881534196,3.8709677419354938,7.715289851720164,8.744249931664715,8.412209287578865,6.3481583138500275,6.170614853285494
2011-04-01,cekirdek_c,1.7080745341614856,0.48774950168997133,10.398142775848406,8.63309233775218,5.7313397524207055,7.302154886550549,4.465709728867617,8.598948474655256,8.634559804964326,8.310585363498646,7.304379884804391,7.070677754593868
2011-05-01,cekirdek_c,1.8320610687022842,0.5701798866665442,17.973221731781884,7.442856268247677,8.276849014678223,7.930113032761299,4.709576138147553,8.268632715264346,7.443572690837041,7.201082299205019,7.9311615623896214,7.656667989244559
2011-06-01,cekirdek_c,0.7496251874062887,0.8028811857156315,18.558753006171358,7.701355564796852,9.906274566115258,8.22092223641777,5.3291536050156685,7.922328104906051,7.702491545824919,7.443242296288588,8.222221693898524,7.927725791933726
2011-07-01,cekirdek_c,-0.44642857142855874,0.3533609148255401,8.827654983853161,7.126367119851884,9.610086182194898,7.8770991969046245,5.354330708661426,7.422801573150295,7.128507909596116,6.905687948830863,7.87912473066299,7.6081366561647545
2011-08-01,cekirdek_c,0.0,0.7890839255672688,1.204805695797373,8.062114470032622,9.267822265625014,7.752040505257463,6.190476190476191,7.6301326537202785,8.064905790767817,7.781304104433762,7.753828718277966,7.4911932018193905
2011-09-01,cekirdek_c,0.5979073243647326,0.7304680691805121,0.596568070302661,7.75193735930102,9.208990779676697,7.7266434932871775,6.995230524642304,7.647544247469584,7.754319637520157,7.491651638293284,7.728402734597384,7.467446967290936
2011-10-01,cekirdek_c,1.7830609212481363,0.585238475061689,9.915215292040113,8.751285518382934,9.370083328477374,7.935768571860002,7.5353218210360895,8.188839550489991,8.751758081129868,8.41916187923788,7.937335845733373,7.662424914034371
2011-11-01,cekirdek_c,1.3138686131386912,0.966951131088134,15.806626539284686,9.520993933965993,8.259813121924786,8.789108753422493,8.268330733229323,8.676231657421463,9.522595180942206,9.13063070132134,8.79151252505681,8.455967402877551
2011-12-01,cekirdek_c,0.0,0.7004741488138455,13.077871471205915,9.39060649080048,6.654797335600926,8.568180321366171,8.268330733229323,9.222213854396388,9.392258103720398,9.010655019854674,8.570457478991722,8.25115332907398
2012-01-01,cekirdek_c,-0.14409221902018654,0.5803453515841328,4.75400895312692,9.36932214744035,7.3035854330470995,9.05986603608262,8.450704225352123,9.426618939420672,9.371008775588209,8.99108252594445,9.060980540342744,8.705122202591165
2012-02-01,cekirdek_c,-0.1443001443001357,0.47154593119371757,-1.1477643025625262,7.2385394528244,6.994130409039223,8.373758027024936,8.124999999999982,8.656612193048808,7.23909539575327,7.0094617263667836,8.3753323492199,8.070046213844062
2012-03-01,cekirdek_c,0.43352601156070314,0.49538875897441326,0.5776158272564391,6.367601641312937,6.64475006016394,7.868514657962589,7.9192546583851,7.64449847968347,6.3677393457433284,6.1891201670090545,7.87028211152907,7.599887593431864
2012-04-01,cekirdek_c,2.0143884892086295,0.7937970300206487,9.559994627408997,7.273413610422463,7.130054877723935,8.316298547420352,8.244274809160302,6.959195091117998,7.274780155198712,7.042926880755118,8.318246221697878,8.017004703349784
2012-05-01,cekirdek_c,1.4104372355430161,0.2594699999050487,16.544339178083845,6.37054390350662,7.334376998397141,6.8036599045865565,7.796101949025491,6.669992892441923,6.373562861816695,6.194623155600443,6.805525430427228,6.602042440983613
2012-06-01,cekirdek_c,0.2781641168289273,0.42094323114389987,15.824875090450075,6.055702933469798,7.93233894476324,6.2115377980035635,7.291666666666674,6.563669670366146,6.058855750033065,5.896841044278389,6.2131946201372745,6.042980605643722
2012-07-01,cekirdek_c,-0.2773925104022079,0.4375158213646424,5.762235223188084,4.564111888011579,7.644367817528042,5.910099723157458,7.473841554559035,5.657170872021355,4.564513689742933,4.471716209654364,5.911700217398486,5.757321545204741
2012-08-01,cekirdek_c,-0.2781641168289384,0.46199361173242526,-1.108022553985455,5.41155116937222,7.3559507501085974,5.8899619019595395,7.17488789237668,5.340648668747727,5.411568994485849,5.28181065696387,5.89156453900721,5.738216906282156
2012-09-01,cekirdek_c,0.1394700139470073,0.3188887096054138,-1.6539960557437228,4.983698687832283,6.728223176854198,5.518339452882071,6.686478454680533,4.986387440274798,4.983942781213213,4.873592570809926,5.52014459306942,5.3852168075441575
2012-10-01,cekirdek_c,1.253481894150421,0.10122967509511582,4.52545865622056,3.584713543849305,5.142028443486013,4.073260623883068,6.13138686131387,4.65518062740089,3.5860732331381984,3.5284479857318196,4.074239450628525,4.000082097693092
2012-11-01,cekirdek_c,0.9628610729023324,0.6581246963150544,9.826619731452645,4.3959956462241045,4.215985345122708,4.902544473141823,5.7636887608069065,4.319441637312926,4.3992599931062415,4.312972324062336,4.9042951787769296,4.797391490513103
2012-12-01,cekirdek_c,0.0,0.7146816152405089,9.216049314198127,6.053285382033047,3.638612575768363,5.517136794939792,5.7636887608069065,4.677362473236268,6.0581200338994945,5.896143946602717,5.519778447560841,5.384868258706321
2013-01-01,cekirdek_c,-0.13623978201634523,0.49734677926089876,3.3423314326660902,7.741957412659728,3.932211520791684,5.642888048576022,5.772005772005784,6.059486313625828,7.742498738313919,7.480612363265848,5.645550014528156,5.504530174498834
2013-02-01,cekirdek_c,-0.13642564802182067,0.4188351340623564,-1.0854716359598893,6.721086507142582,4.227867159188392,5.552139165248371,5.780346820809257,6.837095863977427,6.722077920217107,6.523454114255056,5.554812120106822,5.418213219158696
2013-03-01,cekirdek_c,0.4098360655737654,0.4217896896743234,0.5460738166159773,5.485053962084074,4.791435510276942,5.768788077485554,5.755395683453224,6.641214649117511,5.485136763714071,5.351886411990314,5.7712727372215555,5.624015179296515
2013-04-01,cekirdek_c,1.6326530612244872,0.41073507482982663,7.861513185422031,5.121882732067706,5.577745024397918,6.423857346259743,5.359661495063461,5.771031637086166,5.121884098080476,5.005439594266026,6.424797551583983,6.243025978765937
2013-05-01,cekirdek_c,1.6064257028112428,0.5654386145392598,15.590669547673187,5.737106578367235,6.927997089591553,6.227957234265258,5.563282336578568,5.4481297030416265,5.737418590977694,5.591853516173639,6.228702453072654,6.057653815214348
2013-06-01,cekirdek_c,0.39525691699604515,0.6167543959545219,15.523550762636894,6.56063766596362,7.774948214033839,6.02148185357656,5.68654646324549,5.807323296208433,6.561122904592853,6.371712341294433,6.021878604446762,5.861799376642374
2013-07-01,cekirdek_c,0.1312335958005173,0.7835763690854369,8.846819766657932,8.152182288922273,8.353046498253258,6.62626798211261,6.119610570236422,6.816458461298636,8.152737529602039,7.863077518316874,6.627439736070473,6.43425855629145
2013-08-01,cekirdek_c,0.0,0.6951951750255869,2.1247598393775435,8.71144555728347,8.649295290991077,7.21396226788209,6.41562064156207,7.808598729277683,8.711744257733866,8.382103760262183,7.215127208774286,6.986978638217911
2013-09-01,cekirdek_c,0.6553079947575258,0.8667891925074,3.1870020339953786,9.796081322025895,9.181174510620593,8.16626294228291,6.9637883008356605,8.888211457429861,9.796399716821824,9.382242946473696,8.16767397545779,7.876977643884064
2013-10-01,cekirdek_c,1.822916666666674,0.6995132733786269,10.338953450721355,9.430217857014366,9.59034710909683,8.789323325353472,7.565337001375516,9.313422044342111,9.430630533247196,9.045990563646455,8.789964070543821,8.454534040981665
2013-11-01,cekirdek_c,0.6393861892583175,0.3851791088837597,13.188102031906013,8.088792337090611,7.514221090436957,8.3996718791443,7.220708446866486,9.0990233482509,8.091345281063234,7.805926299079147,8.401137924348578,8.094015029670665
2013-12-01,cekirdek_c,-0.12706480304954804,0.5808131321667132,9.709769859910011,6.868188460204672,6.398412796825581,8.322242918590938,7.084468664850152,8.118636826998404,6.86925387778381,6.662022057716399,8.32376383079585,8.022132502095047
2014-01-01,cekirdek_c,0.2544529262086481,0.8171409714340383,3.1045563180889912,7.368397509634361,6.660437089573623,8.394405438831631,7.5034106412005475,7.438895363891218,7.37038291610117,7.132532849938045,8.396019900894181,8.08926170679225
2014-02-01,cekirdek_c,0.761421319796951,1.270794873191683,3.6055642445172342,11.207724257810735,8.290891476530016,9.637168029746856,8.469945355191255,8.475753108224104,11.213094099678456,10.674995907169738,9.642035595232201,9.240461103124442
2014-03-01,cekirdek_c,1.1335012594458238,1.119860668818884,8.936143603455626,13.610961266466282,9.322272406683997,10.188010326758068,9.251700680272101,10.716436354677894,13.61333676526324,12.83118605377842,10.194009938114522,9.74660405574741
2014-04-01,cekirdek_c,2.1170610211706187,0.8821664881191182,17.26017542738816,13.90435430677146,9.95480144687695,10.588100586309302,9.772423025435062,12.90880821569942,13.906066158523057,13.09128812051874,10.59397638005577,10.111910485228393
2014-05-01,cekirdek_c,1.585365853658538,0.653297093523153,21.142908377856394,11.15153735965908,12.031599902481393,11.179627259335234,9.74967061923584,12.874541682649099,11.153914900245265,10.62129700184462,11.183500890692688,10.64814645450718
2014-06-01,cekirdek_c,0.24009603841537164,0.5046809708448619,16.918630800154478,8.471284025713576,12.85683299988991,11.011381614540806,9.580052493438318,11.137618249455894,8.472831465121677,8.160578209948532,11.01581311370332,10.495882131863477
2014-07-01,cekirdek_c,0.359281437125758,0.9484386379640997,9.07385557731184,8.756595578297311,13.092968125950177,11.300717859089438,9.829619921363042,9.446586518293753,8.75878322820376,8.425666809328458,11.30515280307991,10.7584774649236
2014-08-01,cekirdek_c,-0.11933174224345588,0.5164292968554696,1.9346477162577758,8.16625458878988,11.124523345747983,9.648736828019455,9.698558322411532,8.463840090384034,8.168982850424289,7.878195622657724,9.652138719542203,9.249746312251172
2014-09-01,cekirdek_c,0.2389486260454099,0.47886125916998257,1.9299805592164043,8.055145516155914,9.167365840117036,8.263014828346416,9.244791666666675,8.32428374201526,8.058047999831164,7.774916775958207,8.265257647175961,7.96774749295337
2014-10-01,cekirdek_c,1.5494636471990342,0.44234162071996597,6.851913659164133,5.904482799789967,7.957168352171329,7.321065060804832,8.951406649616356,7.365514942108198,5.9045403810924935,5.750528706981672,7.322964291738088,7.088097758155065
2014-11-01,cekirdek_c,0.7042253521126751,0.5119711969246099,10.419892354480975,5.885695767195931,6.092473003607202,7.019900605754903,9.021601016518431,6.6057160449599195,5.885746657758983,5.732696307258234,7.0217833824748555,6.805445964957979
2014-12-01,cekirdek_c,-0.4662004662004726,0.23516769855600472,7.345449631792489,4.86219926991549,4.602674889741465,6.446701222982232,8.651399491094125,5.548241419597955,4.863062357190073,4.757922064802322,6.449567762651931,6.266419420380265
2015-01-01,cekirdek_c,0.23419203747074846,0.7436075373766782,1.8912006025793238,6.125962061337886,4.3420805304139165,6.015164593260547,8.629441624365498,5.623874490893321,6.128686067260269,5.962985731429171,6.016558923102311,5.856757219205422
2015-02-01,cekirdek_c,-0.1168224299065379,0.3396953245361267,-1.3912831602870934,5.400237904462291,4.347323389987334,5.6426879842706335,7.682619647355171,5.4626235920052,5.403248453042653,5.2738822418752385,5.644245052394514,5.503289274566736
2015-03-01,cekirdek_c,0.5847953216374213,0.5803790784552953,2.840060205262107,6.859756032861264,5.068608551243647,5.856265903594249,7.098381070983817,6.127973083837057,6.861501814000603,6.654727761472401,5.857959216454756,5.706324913137362
2015-04-01,cekirdek_c,2.0930232558139528,0.8813286735307679,10.683530863743051,7.445284099250804,6.196411646719091,6.7835855550222535,7.073170731707323,6.56890140386055,7.448410958559903,7.20561230608876,6.786679691391795,6.584299018758966
2015-05-01,cekirdek_c,1.9362186788154823,1.1095429140129953,20.06811218999296,10.780886180489158,8.810672621861414,8.057076393407536,7.442977190876343,8.358140640599565,10.783955696480074,10.285002663996234,8.062906977033336,7.779442452935736
2015-06-01,cekirdek_c,0.3351955307262733,0.6125366583341396,18.880751471056676,10.922629692368012,10.569903855119044,8.872242318461755,7.544910179640718,9.712297787096968,10.925329092822512,10.413632983511611,8.876036284727196,8.534180372492006
2015-07-01,cekirdek_c,0.11135857461024301,0.5947189115547369,9.915946319687174,9.667440728034581,10.299070879552797,8.550676301262294,7.279236276849632,10.452969900650434,9.671125576994545,9.267193935607487,8.554553540520127,8.236403120848124
2015-08-01,cekirdek_c,0.22246941045604984,0.7927587330058827,2.7086504142886714,8.29949933968106,11.049690503060727,9.533166254578651,7.646356033452806,9.617249482363487,8.300012230547216,8.000057211579037,9.535529821091293,9.142529937787636
2015-09-01,cekirdek_c,0.7769145394006749,1.0358478092371115,4.5293012861687965,10.133645421068294,11.474310438074653,10.527433552542576,8.224076281287228,9.365240438479283,10.135761397995857,9.693301815190924,10.529898967518726,10.053467399351268
2015-10-01,cekirdek_c,2.2026431718061623,1.0891981132873374,13.541110597376772,12.31513797811521,11.713824648066385,10.983393969890741,8.920187793427225,10.248320718888548,12.31623882238766,11.671218622121327,10.98645903517632,10.469206278864407
2015-11-01,cekirdek_c,0.969827586206895,0.8331169332136179,16.965881891668587,12.495133449341012,9.60569270622016,10.377382786122634,9.207459207459202,11.649318722074021,12.495939225606367,11.832651422952267,10.379700773263778,9.916354317265652
2015-12-01,cekirdek_c,-0.10672358591248265,0.6029918927855427,12.917174111635465,10.579688354073236,8.642318242469017,10.356441533603888,9.601873536299777,11.78857420166013,10.582261218783252,10.101227757145992,10.358804314901215,9.897264786168458
2016-01-01,cekirdek_c,0.3205128205128416,0.8107410435854501,4.826350009983726,9.36631627060185,9.096746972597147,10.830920334042272,9.696261682243001,10.797118149749153,9.367010613266169,8.987399478338443,10.832632744908178,10.329309050229885
2016-02-01,cekirdek_c,-0.10649627263045192,0.3263504854122967,0.42757822543655344,7.184225258120414,8.381733947112657,9.807575895638854,9.707602339181287,9.025906590299382,7.18672860919396,6.960333687133158,9.811924903709857,9.396492555042713
2016-03-01,cekirdek_c,0.4264392324093702,0.4272228450484361,2.5888629278312925,6.437116147530886,7.629199091773553,8.488631353244847,9.534883720930232,7.6500443472732105,6.439866004091632,6.257257496184732,8.492942243749702,8.179242626665362
2016-04-01,cekirdek_c,1.9108280254777066,0.7518660933370613,9.250281103546953,6.188690536696151,7.0154577883472236,7.765791945298561,9.339407744874716,6.600436741535964,6.190768205814634,6.021757695191177,7.768163376042003,7.50457858676481
2016-05-01,cekirdek_c,1.3541666666666785,0.6369558109211138,15.78172282574255,7.509829340782481,7.831711598017721,7.3469038469415215,8.715083798882706,6.712329555318175,7.510981018501162,7.264178997226445,7.348742588563395,7.112256342179801
2016-06-01,cekirdek_c,0.30832476875641834,0.5786866832557802,15.237985981796264,8.159881261935187,8.72963693476516,7.295041098737398,8.685968819599111,7.286213551647158,8.160212789796994,7.870034350055821,7.296878861169764,7.063645923120276
2016-07-01,cekirdek_c,0.10245901639343025,0.4689565843227106,7.273715436134842,6.950144229667732,8.257487345770365,6.568737294101457,8.676307007786432,7.537663680631179,6.9504521080612,6.738396313998418,6.569989643403651,6.380077004594797
2016-08-01,cekirdek_c,0.0,0.5112000055853771,1.6545667634779715,6.416566380494659,8.48843658648577,6.961801081503061,8.435072142064381,7.169614659494461,6.416695418747431,6.235373092655472,6.962555448759988,6.749776044940958
2016-09-01,cekirdek_c,0.10235414534287557,0.3546740706577456,0.8221950588385374,5.4716691852546795,7.789362651628862,6.8073181742489774,7.709251101321568,6.275164839072334,5.471943454684247,5.339322642263333,6.808325511626356,6.604678496159577
2016-10-01,cekirdek_c,1.6359918200409052,0.5542070627456486,7.143858608417486,5.830106709796623,7.2087673611111125,6.388651539785384,7.1120689655172376,5.90448066244198,5.830569279682973,5.680324555955085,6.389159969281155,6.209360434976752
2016-11-01,cekirdek_c,0.8048289738430636,0.6770371874389891,10.635023197208682,6.5302893939707785,6.049777708298754,6.473412703955339,6.937033084311639,5.945071222871512,6.531405779635735,6.343673283369533,6.474036438547737,6.289523188012502
2016-12-01,cekirdek_c,0.3992015968063978,1.1055532197810525,11.953197946996298,9.754598936922832,6.242021633969386,7.59182473885005,7.4786324786324965,7.366940138423339,9.758217376443223,9.34718987986276,7.595516660122459,7.343256261063047
2017-01-01,cekirdek_c,0.4970178926441138,0.983952874038807,7.018555513775526,11.642926111771178,7.081188732872468,8.697666873777376,7.66773162939296,9.30151730529023,11.645065579920644,11.066173125035395,8.702185079653812,8.37324884049524
2017-02-01,cekirdek_c,0.7912957467853587,1.235368812450277,6.961097362397584,14.140187890567613,8.78255139445736,10.269611622896235,8.635394456289958,11.844111349799746,14.140893874980653,13.299499625080546,10.275998299433176,9.82158645422504
2017-03-01,cekirdek_c,1.1776251226693013,1.167020321302914,10.317075006811338,14.41800713307928,11.13212557659098,12.062047473946702,9.447983014862004,13.402898061134971,14.418763657008537,13.545368031167992,12.066283915084908,11.446278955515377
2017-04-01,cekirdek_c,1.9398642095053376,0.8622291077743816,16.79015686350318,13.867336300767352,11.7976470492978,12.749645734125338,9.47916666666666,14.140782226724546,13.869096583814166,13.05847296611029,12.75205453071655,12.062323045572843
2017-05-01,cekirdek_c,1.3320647002854402,0.7170855990125347,19.316826849066327,11.553367503824163,12.970167449532077,12.83936514670767,9.45529290853031,13.263632568837181,11.55567695679196,10.98534011235932,12.84149908483494,12.142419868719934
2017-06-01,cekirdek_c,0.09389671361501595,0.3385463475364947,14.286296025571698,7.943891080978638,12.284147994735338,11.133815284438754,9.221311475409832,11.077845373581962,7.947009670481386,7.671444217293644,11.139712728808782,10.608406124230818
2017-07-01,cekirdek_c,0.46904315196998336,0.7362161523072563,7.831840822327085,7.4054592484365855,12.221644991150772,10.589210815432137,9.621289662231325,8.941582853676966,7.407596499668112,7.167392395425143,10.595097425409449,10.112932680767717
2017-08-01,cekirdek_c,0.46685340802987696,0.9291151575260503,4.195905747925299,8.31275897541568,11.500335625086056,9.921121752544337,10.133060388945747,7.8877415583515464,8.3166386182296,8.015510629479206,9.92522232429074,9.500425370919263
2017-09-01,cekirdek_c,0.9293680297397744,1.1812698898697294,7.718545910143626,11.997647888528483,10.953835559347858,9.952089134336696,11.042944785276077,9.232623778832739,11.999837215329489,11.386404798812144,9.956308018287396,9.528924508052894
2017-10-01,cekirdek_c,2.302025782688766,1.2641198310210155,15.797278455997787,14.363841626476193,11.743606967583741,10.830054278192748,11.770623742454722,11.547693795868508,14.365204260907305,13.498019513667181,10.836365550425086,10.332705954546162
2017-11-01,cekirdek_c,1.0801080108010952,0.9079594073052588,18.650600272415453,14.267984558551028,11.188608962066615,11.250531100291216,12.075848303393233,13.545215260309607,14.269538188730824,13.413396512784015,11.256597060540807,10.71445357113161
2017-12-01,cekirdek_c,0.5342831700801298,1.2079100306130908,16.80366409882761,14.388375126437424,12.169161776767146,13.18669957177676,12.22664015904571,14.340175397420229,14.3900165955001,13.51995707575746,13.189143710062034,12.453180937284802
2018-01-01,cekirdek_c,0.5314437555358875,1.0544796581258842,8.92491014650596,13.444070903542471,12.308539973723654,13.903027871411155,12.265084075173105,14.029497876140361,13.445070488520772,12.681396384176935,13.9042856840341,13.089707948922058
2018-02-01,cekirdek_c,0.4405286343612369,0.8758436909586331,6.194097969512247,13.299717627180874,12.24969251392325,13.782821130040945,11.874386653581958,13.70588926773757,13.300943687537071,12.552933518790432,13.784296178064581,12.983165015787224
2018-03-01,cekirdek_c,0.7894736842105177,0.7459983972799789,7.276438557405829,11.245440811139717,11.93873813375661,12.805962673125283,11.44519883608146,12.651648689035099,11.24648930317056,10.705286985457985,12.808216083576362,12.112622030607723
2018-04-01,cekirdek_c,2.610966057441244,1.597696412527494,16.431843616889765,13.656789617155551,12.615843042450049,13.55038044849346,12.178877259752618,12.731199140128568,13.66614532309689,12.878154003064424,13.555558589383644,12.77977519362068
2018-05-01,cekirdek_c,1.6963528413910245,1.16431894163882,22.365031700984606,14.96247710369689,13.99317595583003,14.128069262430355,12.582159624413137,13.292383670971986,14.970625506795908,14.032055005785171,14.132985789831288,13.292494262287802
2018-06-01,cekirdek_c,1.8348623853211121,2.0912199053636504,27.521244090421337,21.226751007977974,16.961638610400943,16.12890834751177,14.540337711069418,16.60052114129762,21.23684986511547,19.412941038119857,16.143239644598207,15.059114011788921
2018-07-01,cekirdek_c,0.9009009009008917,1.0964982233387044,19.230567463947978,18.852267785428566,17.822895845058117,16.225501484012916,15.032679738562083,18.337114699446943,18.866506263686134,17.4081482813647,16.23967009597942,15.143151142214561
2018-08-01,cekirdek_c,2.3538961038960915,2.770192992097309,22.34426434797423,26.58047256001792,22.354647583871955,20.631690191492382,17.19330855018586,22.209886307902703,26.61500881662411,23.831644483198655,20.664119209615038,18.931849744491913
2018-09-01,cekirdek_c,6.819984139571789,7.1156551735434,48.117961755635896,53.399849481488815,37.434299777079396,36.36775776463346,24.03314917127073,32.53750601141694,53.94790233614912,43.929385555917655,36.69805335615885,31.671163297018758
2018-10-01,cekirdek_c,2.598366740905722,1.6484354118194933,58.33952611781263,56.77733420793017,37.4005514945243,36.50399887170537,24.3924392439244,45.27167310314071,57.258852835194205,46.13713430984081,36.833266062278994,31.772641295602753
2018-11-01,cekirdek_c,-1.881331403762665,-2.1507861115699023,33.71447140444588,28.83799300693848,27.903082983386906,27.704244402848886,20.747996438112203,45.735911965157136,29.908297684237795,26.453217895171964,28.251963723344087,25.142431189185313
2018-12-01,cekirdek_c,-0.4424778761061954,0.17144157902606594,0.8938491940249538,-1.4610677318352194,22.246436742751218,22.946563099596617,19.57484499557132,25.401407075104565,-1.315635872373766,-1.3236364828973723,23.510988868228555,21.302874536510142
2019-01-01,cekirdek_c,0.0,0.6044063892174822,-8.945188041151496,-5.447488204170369,20.073210069151614,21.752580022002157,18.942731277533053,5.993590522380399,-5.363215447783198,-5.4997525733054164,22.321896306121136,20.318690868267694
2019-02-01,cekirdek_c,-0.22222222222221255,0.17009022468055246,-2.6285528142302894,3.8474810151505334,14.105090115783693,15.66979308712424,18.157894736842106,-1.1080782775019227,3.850065966827265,3.7837527716964026,16.211359106629743,15.118485333434185
2019-03-01,cekirdek_c,0.2969561989606406,0.20308009991181208,0.29662567701023157,3.9787414849232983,0.5947942277622964,1.2223007272205155,17.58050478677111,0.675021731515435,3.9811551447922033,3.910306855239387,1.3010294106994058,1.2933351861710074
2019-04-01,cekirdek_c,1.5544041450777257,0.5941709359676528,6.679598253232233,3.9364329149869537,-1.4419421924642073,-0.866500116203095,16.36980491942326,3.9209474587009296,3.9387295839083736,3.8693650422400694,-0.8121548396768152,-0.8151937655326735
2019-05-01,cekirdek_c,1.3119533527696792,0.839827778587221,13.393671725370183,6.744112113617984,5.0776185379521666,5.285835496509406,15.92994161801502,4.883155207393086,6.748469784647582,6.548315257866744,5.290126008092244,5.166034014781573
2019-06-01,cekirdek_c,0.9352517985611541,1.232840662456125,16.307919721926,11.20014109898797,8.005980795610391,7.528836710989584,14.905814905814886,7.266960047830184,11.204674394706714,10.667357508043995,7.537329376661717,7.288832181641691
2019-07-01,cekirdek_c,2.066999287241633,2.244162909179792,18.674012448880163,18.677440168076775,12.517091906721545,11.062639076116376,16.23376623376622,12.143146414341466,18.701613544473418,17.267325400892553,11.095587342570967,10.568345221566311
2019-08-01,cekirdek_c,0.06983240223463749,0.38928921595720034,12.960228072897294,16.57067366777014,13.176742399315721,11.549240513561653,13.639968279143533,15.461917690365713,16.60985961949628,15.46517115037247,11.579339028541114,11.006743204119607
2019-09-01,cekirdek_c,1.046755059316129,1.3509509588096158,13.460204847957137,17.11564744895866,14.87523839840106,14.11957115772704,7.498144023756503,17.447281564918327,17.154927257058226,15.937612335786433,14.144264014608865,13.302484921915214
2019-10-01,cekirdek_c,1.7955801104972302,0.957264531530222,12.258145186990156,11.329722864431924,15.42150804511726,14.944884723819651,6.657018813314042,14.949001787338911,11.339952995339342,10.790018825188152,14.966781186547484,14.028672113040352
2019-11-01,cekirdek_c,0.47489823609225823,0.13168741081237556,14.08681934500775,10.191412560036905,13.522126183944927,13.33616895998684,9.218289085545717,12.814219175185793,10.2082288371653,9.759611604608853,13.367630577057966,12.612391377490662
2019-12-01,cekirdek_c,0.06752194463199857,0.6964679638581162,9.728278857504403,7.3725799474697595,11.57864041466996,12.13834856467697,9.777777777777775,9.60937263388364,7.3801462216806835,7.141679624802855,12.16997219680469,11.539645980294644
2020-01-01,cekirdek_c,0.13495276653170407,0.7690952171076182,2.741445033996137,6.574309174028836,7.39443213382851,8.926068068267812,9.925925925925917,8.023575250861104,6.579451482321419,6.38900236711244,8.935867303313326,8.589510596150296
2020-02-01,cekirdek_c,-0.20215633423180668,0.10473020128971555,0.0,6.459588805549954,6.811431665813639,8.309429280392022,9.948032665181895,6.799624506919866,6.465192909350348,6.2811735290218,8.32189159842347,8.020392566815326
2020-03-01,cekirdek_c,0.7427413909520508,0.5865358587630487,2.7264968014005353,5.995454331140482,6.169683465095699,6.681795046009409,10.436713545521847,6.341989157304373,6.000405522855101,5.84144510864153,6.688231329456706,6.491562366722192
2020-04-01,cekirdek_c,1.072386058981234,0.1153399771746555,6.627631488269814,3.271458391929727,4.666503427110169,4.909886738640501,9.912536443148689,5.2272054842170235,3.2745659943782535,3.226424148909679,4.915080548412587,4.807713258011059
2020-05-01,cekirdek_c,1.6578249336870021,1.2261312075354747,14.801717480392407,7.977300880202343,7.145563361434792,7.215759345534112,10.287769784172651,5.734960213339435,7.9905485974058665,7.712028173892715,7.22538440693854,6.9966008514572575
2020-06-01,cekirdek_c,2.1526418786692814,2.537238673741271,21.36451881401498,16.60026348259789,11.65729646445608,11.171479719254652,11.61796151104777,9.195641473511929,16.667053657617735,15.514839433805605,11.216562464527001,10.678142271223567
2020-07-01,cekirdek_c,0.8301404853128913,1.0225124303748112,20.20517191314548,20.884240624273186,13.213041535588953,11.731337707330969,10.265363128491622,15.07535401086102,20.915813650113456,19.143529246606228,11.776562850826021,11.184976697757953
2020-08-01,cekirdek_c,0.7599746675110985,0.9954071497329853,16.01445365888352,19.785880361833087,15.406492592874589,13.728431120057127,11.02581995812979,19.083510808632443,19.821970658899723,18.22063301539627,13.765347721629805,12.966330594644493
2020-09-01,cekirdek_c,1.3199245757385292,1.5551139670673564,12.277599541880079,15.262052702010177,16.732672555685735,15.929227180204508,11.325966850828738,18.58757114248548,15.266532582851223,14.292134188700611,15.964855042679993,14.903486811253108
2020-10-01,cekirdek_c,1.9230769230769162,1.0884122122843287,17.22540280207996,15.563101628894028,18.70593791555557,18.193729886972253,11.465400271370418,16.82825604409748,15.567156722134179,14.555733316338682,18.2137585043074,16.849631281472455
2020-11-01,cekirdek_c,2.1302495435179702,2.094069691906153,23.73344574531746,20.674291171621782,19.811802872146544,20.229265177131083,13.301823092505071,17.164883162442244,20.686137285597983,18.950383485031352,20.253342401411658,18.58550825021381
2020-12-01,cekirdek_c,0.9535160905840279,1.7714350652918043,21.953276829288203,21.70576736521039,17.01547409919282,18.44009697812419,14.304993252361676,19.31629357421709,21.71820397956359,19.815667877929144,18.452109751865198,17.053901033314876
2021-01-01,cekirdek_c,1.1806375442739103,1.3851519218631037,18.438532210189496,23.141115489634046,17.830406286436062,19.291949619511016,15.49865229110512,21.8479300743359,23.147110541088665,21.002626716244244,19.30196169363365,17.779180016291463
2021-02-01,cekirdek_c,0.40840140023337135,0.6015945429981295,10.651079531958896,16.096860734445563,17.00956946305052,18.36345033995801,16.205266711681297,20.250947408971687,16.112975347961832,15.03272612061215,18.37931466378262,16.991554802821753
2021-03-01,cekirdek_c,1.3364323067983852,1.285192899474863,12.339451322838467,13.893967221796233,17.047700558466584,17.73509535816762,16.890080428954434,17.602209752260656,13.902087982903932,13.087757457344384,17.7507108750524,16.451712667636762
2021-04-01,cekirdek_c,1.8348623853211121,0.8180721666842139,15.273259991518984,11.367084491950298,16.845178404926344,17.106221069450832,17.771883289124666,13.749046799636954,11.37242121078874,10.819438436628825,17.12419960734057,15.911032576436535
2021-05-01,cekirdek_c,1.0135135135135087,0.6015329100057087,18.07726184684808,11.36681157856767,14.303877849929169,13.707243455622486,17.025440313111552,12.195206916401723,11.372149095914486,10.819191904659142,13.719918136889554,12.925959012635646
2021-06-01,cekirdek_c,2.508361204013365,2.973624909968109,23.63487513743403,18.980544622501363,17.851915713351787,16.40947662998329,17.432950191570875,13.889458667496356,19.059707716180018,17.572919946632126,16.45472687833518,15.330338701988255
2021-07-01,cekirdek_c,0.6525285481239873,0.9110350200128181,17.992344126107152,19.419992770916817,16.624877969743324,15.323269225888648,17.226092463584553,16.574655132458883,19.496776850308283,17.944771359946543,15.369059860738844,14.382104898287684
2021-08-01,cekirdek_c,0.3781739600215994,0.606555564319633,15.051711557149172,19.44384331255462,16.554669882684415,15.334643504929746,16.781898177247,19.282458308877093,19.520432916351083,17.96486197720224,15.380371768266299,14.392026940930691
2021-09-01,cekirdek_c,1.506996770721214,1.5756055820170811,10.621574772958752,13.088240026677965,16.947358176921124,15.996984395174207,16.997518610421825,17.24241180168398,13.099111362746063,12.372784665398129,16.044332822950835,14.972852306015128
2021-10-01,cekirdek_c,1.8027571580063517,1.0481603296291997,15.765523441689332,13.70418444428687,16.87363038714387,16.52704786597714,16.859403530127803,15.341755008895962,13.714660626003038,12.921285903863655,16.572860555556666,15.433028631905099
2021-11-01,cekirdek_c,2.760416666666665,2.918417707267884,27.15267535509458,24.521323576335895,20.950952574480254,21.95616205146742,17.58045292014303,17.044667588342044,24.56587420980103,22.16873447565666,22.019250485645635,20.066798226429448
2021-12-01,cekirdek_c,13.27927014698429,14.343020802350637,97.21654956786571,99.95151250362208,47.70377545779456,50.37341733068019,31.936245572609213,42.89219819973784,103.58312030340274,73.23839535699088,52.287207624008005,42.80559001119451
2022-01-01,cekirdek_c,6.9351230425055865,6.7366432160098855,140.09697532948158,148.92310558185397,66.71818144936618,68.23673412642033,39.4399066511085,86.15851926783216,151.79912137114542,95.99232690251362,70.33096002580734,54.45680640318864
2022-02-01,cekirdek_c,3.7238493723849464,3.9131172721992735,149.2285358124621,158.6868195935163,78.01706407922681,79.47708814090306,44.04416037187679,135.10545755832922,161.23389048082052,99.97112516223918,81.42414635442296,61.06992981894793
2022-03-01,cekirdek_c,4.396934247680506,4.442397754077998,79.7823190215055,80.07067388132567,88.29776586760289,89.75089881241023,48.394495412844016,124.54314615851531,80.21713559315175,60.36863296914863,91.57382072794913,66.80351416306975
2022-04-01,cekirdek_c,4.559505409582698,3.4746935618959363,64.33102542496307,59.04697875031351,98.63378906250003,98.97353563712734,52.36486486486485,92.70129177260395,59.060801313548474,47.32083435269283,100.56870184529907,71.65658062760323
2022-05-01,cekirdek_c,3.436807095343686,3.019034289596667,62.51950346796713,53.643371311908325,101.2572927629948,99.3627725436805,56.02006688963208,63.49522704410444,53.673554460214554,43.74450242228241,100.9499011900838,71.8578137922608
2022-06-01,cekirdek_c,3.3226152197213477,3.848597248994756,55.93229343885402,50.178939053133305,67.4331786856448,64.44702112863048,57.2593800978793,54.13737673812526,50.1886308302693,41.36930040194944,64.5761370206245,50.86896668554903
2022-07-01,cekirdek_c,3.457814661134173,3.7706878727960857,49.46351368754633,51.90470252736588,56.721065807671465,55.43482233702544,61.642355483522415,51.879456135201906,51.91661639984362,42.55327764555004,55.45109164430577,44.937055999121434
2022-08-01,cekirdek_c,3.108288770053469,3.340571019203309,47.573738557531044,53.810062490879496,54.866428625708096,53.72669430776824,66.03875134553286,51.997746559760905,53.81435328950248,43.83942456397661,53.7439391000619,43.7919634931295
2022-09-01,cekirdek_c,2.7552674230145735,2.722166219037936,44.35900977812943,47.24443411189907,50.03410103461705,48.70444813926713,68.08059384941676,50.91025174196593,47.25978421855419,39.33370044414932,48.71759840171281,40.35150042304938
2022-10-01,cekirdek_c,3.2176656151419625,2.493063736189205,43.02330950405986,40.12576810387518,46.20795593160529,45.89641229392112,70.41666666666666,46.809789209910655,40.135940395383685,34.2232038977218,45.91733228900878,38.38824077163592
2022-11-01,cekirdek_c,1.8643031784841169,2.17803315938927,36.24500248494675,33.925949128898395,41.79627772435952,43.524069774606765,68.93056259503294,40.198183219291586,33.929758486640125,29.573052458465643,43.55676606120413,36.70623851122112
2022-12-01,cekirdek_c,1.8601860186018726,2.9346146762985637,31.559454968192924,35.037325620297686,37.810713103730635,41.00884580388917,51.901565995525736,36.29080514735457,35.0447436231186,30.422846287508154,41.031083750278775,34.87827336582874
2023-01-01,cekirdek_c,7.687776141384384,7.119747032357693,55.87324195712644,61.12171674601541,49.31010323429324,50.25746010514893,52.97071129707114,43.18833265211557,61.54014389409368,48.929579472182105,50.48956925406487,41.57639168495196
2023-02-01,cekirdek_c,2.1334792122538415,2.307359851259072,57.527361842909805,61.93899349629346,46.500224592777826,47.26789672216276,50.62525211778946,52.516878974615636,62.344894894675804,49.44688623966131,47.51131585220774,39.50996934906348
2023-03-01,cekirdek_c,2.1424745581146043,2.2598122797887976,59.28087777895645,57.73411293463353,44.75809292559383,45.945170422946546,47.37248840803709,60.22628229826454,58.18593224253603,46.74767665362225,46.19615183423284,38.58526147056521
2023-04-01,cekirdek_c,3.1987414787624457,2.0919157371202646,34.336989278441045,30.140624834821182,44.70501730620931,44.8049753695829,45.45454545454546,48.8325078815002,30.141263301345678,26.636351472672537,45.063805554473426,37.78296547242732
2023-05-01,cekirdek_c,4.268292682926833,3.854590664751534,45.92582387940569,38.19367662545115,51.61566561696675,49.59593878270165,46.62379421221865,41.30142859900332,38.243079996016924,32.825274726642384,49.85038361106135,41.13608048315185
2023-06-01,cekirdek_c,3.849902534113059,4.438698794984841,55.930483911431914,50.35366398057546,57.59677772692662,53.99968121541039,47.372060857538024,39.53007602605134,50.43783947895732,41.540820787426554,54.267301583698654,44.1442487205244
2023-07-01,cekirdek_c,9.596433599249178,9.982106538160629,98.34401950990936,102.50545996628433,63.23277373844258,62.3397274005199,56.116310160427794,62.433677157558655,103.32077166258262,73.10158399158802,63.0042288808127,49.86896773213028
2023-08-01,cekirdek_c,8.884607150503099,9.123445261884733,135.8717965621508,146.83470436819186,85.52570237907047,84.69162221226159,64.86223662884927,97.82763404768293,147.59917013545115,94.17700238012081,85.66613578672386,63.5011385533816
2023-09-01,cekirdek_c,5.289028706252452,5.16040183100388,149.22070438805872,153.72856248926445,97.13220192545384,95.31773863831549,68.92744479495268,134.19066842580753,154.30867207621765,97.06381452419696,96.15795441961912,69.30231765581176
2023-10-01,cekirdek_c,3.716153127917843,3.025881993425905,99.88676184902295,95.37391937509143,99.11389653149583,98.90773089165896,69.74327628361858,129.38361437163346,96.04041026829726,69.23891634525808,99.65017312359508,71.17025016842304
2023-11-01,cekirdek_c,1.9625495138638982,2.4337009268878163,53.70246167437909,51.693079704330835,90.40503084519838,93.50223896254812,69.90699069906992,93.94368694363371,51.80905328209462,42.47993900527041,94.35957629456671,68.3284706926956
2023-12-01,cekirdek_c,2.295603037259397,3.493206871310295,36.95447055072945,42.29977001174898,84.74817893485832,90.01451546561914,70.63328424153165,60.71437016139103,42.31490835210994,35.81115916649606,90.91064045246657,66.43748684534651
2024-01-01,cekirdek_c,7.578111513896091,6.647733102962139,58.52080788357918,63.389952953454376,78.0062104914874,78.66766773825687,70.45951859956234,52.39790741122516,63.677820842562525,50.298563604641004,79.19049851340696,59.76873997494954
2024-02-01,cekirdek_c,3.578305519897307,3.7307697360659864,68.81022157045251,71.82418550927454,61.079317763566124,61.44516055797433,72.87091590787358,59.07063696984696,72.01686177022539,55.48683884135368,61.62368211790614,48.98338892331204
2024-03-01,cekirdek_c,3.5321456235476445,3.7250707488583945,77.12168312366141,73.36917218318317,55.74853557980928,57.06811684359838,75.22286313581542,69.57824915664727,73.54794384771441,56.414294351546076,57.2218948804571,46.11272675902107
2024-04-01,cekirdek_c,3.561274876552445,2.410418499410416,52.1127501477348,47.41508419691345,55.283727553185535,55.197112317089214,75.83841463414633,63.40814550360108,47.44715954382694,39.46503593733919,55.3683159468668,44.88179977099009
2024-05-01,cekirdek_c,3.7566825603236653,3.353613464697691,53.163301965670854,45.28279381822256,60.79655139736986,57.99714464612311,74.9756335282651,54.4808741099821,45.307919887976226,37.95641085186601,58.14627171582447,46.72162484660984
2024-06-01,cekirdek_c,1.7267790001392447,2.366249287412847,42.75621891742851,37.81814109806796,59.01327545530541,54.57495603750684,71.39840450492727,43.34270328294756,37.83436428796847,32.52112500608382,54.74927975002917,44.46770967881495
2024-07-01,cekirdek_c,2.4503764544832496,2.8684051801047383,36.728710625166094,40.30005830153372,44.21574185000687,43.81357692287771,60.22265039606081,41.052037022408136,40.31298798169507,34.3530717288611,43.8395344675971,36.909053833100145
2024-08-01,cekirdek_c,2.993051843933725,3.21120995576043,32.74773418416612,39.52841748676794,42.59060732077706,42.37653707515501,51.55328352339757,39.227097638993214,39.537958139295704,33.78345769311206,42.39615146544635,35.86993427248903
2024-09-01,cekirdek_c,3.5677218474312378,3.3447174076308706,42.62105214469882,44.94012542203405,42.688619525884455,41.33427983396505,49.075630252100844,41.61476571704084,44.943417505054285,37.697330173984156,41.34792712629329,35.10922759003399
2024-10-01,cekirdek_c,2.7934360516096657,2.1453360551574985,44.5409601196584,40.90771486768685,40.580578707318,40.60355831582771,47.7493698235506,41.78728965836982,40.930770520977845,34.8050536741952,40.621568265686506,34.57906270152815
2024-11-01,cekirdek_c,1.5354618571776557,2.171745039275952,36.53066991037086,35.31643214233809,34.625915325571775,37.40628674400621,47.13049620342573,40.24974784389841,35.34051883797844,30.647194008257284,37.42454904096875,32.21532585068467
2024-12-01,cekirdek_c,1.056168987037931,2.3600021820887385,23.761011133921283,30.232253666475128,32.85678613609333,37.38951626821112,45.347833592266525,35.318237793980444,30.232936483097973,26.708333106088755,37.40782876024906,32.20283164003646
2025-01-01,cekirdek_c,5.581947743467941,4.299012162061833,37.74663342815645,41.56802403671309,41.102908010275826,41.237483570569935,42.650834403080886,35.69169952874054,41.64183198029845,35.32303753370609,41.28589120105046,35.064045603950646
2025-02-01,cekirdek_c,1.7997750281214753,1.9219890977817622,39.18655049714444,40.188855233685985,37.852214279962794,37.73109930709595,40.2013942680093,37.330232266592425,40.273355741104176,34.32401376772933,37.78670339545185,32.48560388799331
2025-03-01,cekirdek_c,1.4696132596685008,1.7393182337146262,41.47834514067172,36.81938554112081,32.323478824294206,33.48519365188973,37.40834954361814,39.47889103620212,36.92478937848449,31.841277974232884,33.5404439185081,29.27480554016082
2025-04-01,cekirdek_c,3.3431340520527097,2.1497621410691004,29.85473964570462,25.88566947353783,33.742488465280076,33.49676206525578,37.11891345181335,34.026214386023824,25.887718300396244,23.244277890261955,33.55198408612683,29.283657711984024
2025-05-01,cekirdek_c,2.4341412012644836,2.0445116541536024,33.121884117080434,26.492081041343283,36.120446098067994,33.16448489485681,35.37111822865895,29.543016024164558,26.494293535304504,23.734368115749316,33.22061181395737,29.029190941739326
2025-06-01,cekirdek_c,1.9236704042794095,2.629972236910527,35.5207056635922,30.979971353136925,38.46748777088818,33.86784228757034,35.633127994524294,27.801227479337975,30.984845331207488,27.29698412853292,33.924632962229055,29.5691310513829
2025-07-01,cekirdek_c,1.746063786838925,2.2226437695548107,27.335532634495642,31.354177013592356,28.588967014668732,28.590857029190285,34.700694815606624,29.624868765318624,31.358695990109787,27.58851064247576,28.596539647991783,25.416394266368858
2025-08-01,cekirdek_c,1.696260291637719,1.9055577587458572,23.705958183826503,30.64017771415235,28.327589511919626,28.549398857692232,33.00467047223663,30.988882303776656,30.64676685431933,27.03269506084478,28.55516200589785,25.38353158829705
2025-09-01,cekirdek_c,3.209129925868126,2.883362533882061,30.065724941474414,31.93515031925578,32.765201866736504,31.45669328447276,32.54415633220595,31.314200727748155,31.947678380967993,28.046256248730916,31.465453857492044,27.67162018863192
2025-10-01,cekirdek_c,2.4194310556658216,1.8070629142658001,33.54321715551043,29.80269649842715,30.4024412586706,30.576132477172102,32.06190592249574,30.784409214868404,29.820259340849265,26.383932827574874,30.587400953078546,26.986221735025318
2025-11-01,cekirdek_c,1.2180492756297845,2.033166183051338,31.049013449899544,30.454086137248403,27.324560780177,30.547098767101932,31.64906385021604,30.717895570301955,30.470136110794478,26.894366524796798,30.558424101569415,26.96353079282079
2025-12-01,cekirdek_c,0.6199288905096134,2.0443252318166127,18.385172869220167,26.25032955136628,24.08808698483864,29.061443534523868,31.080760095011883,28.794810709082164,26.251200636898453,23.538217316535004,29.070634767137516,25.79223678263296
2026-01-01,cekirdek_c,4.557397843616928,2.8974121960536614,28.58400299313113,31.74638195750543,31.04015199333572,30.770928084172965,29.808773903262086,29.472021967906926,31.758731005063524,27.89961444368645,30.786203068523665,27.14177363563066
2026-02-01,cekirdek_c,1.5251299826689602,1.6222312892097523,30.15153847224472,29.63675430005297,30.59950503648292,30.044778103591696,29.45856353591161,29.2167834868158,29.65768408710887,26.255874868320106,30.06332858360694,26.57512069655845
2026-03-01,cekirdek_c,1.638784568111995,2.0003705021883533,35.503693661030546,29.413538834207053,26.65554941840864,27.822149591638357,29.674398344767503,30.246777965282057,29.434778188555466,26.08005594980707,27.83390508852421,24.809136633171036
2026-04-01,cekirdek_c,3.4598589183742146,2.217175907153246,29.903124186245833,26.02520550435068,29.241880631555862,28.85404479739586,29.820864067439402,28.319406289926707,26.02960510508123,23.359110794205407,28.864985736493452,25.629362618945926
2026-05-01,cekirdek_c,2.922077922077926,2.537260175769429,37.20172199026324,30.625914535436614,33.6301432988604,30.130394558112794,30.439255220656314,28.680718257240834,30.629559111911007,27.019226340444114,30.142789987109797,26.63755060438211
2026-06-01,cekirdek_c,1.4589905362776046,2.2270156757330017,36.233482428084926,31.79079482900631,35.86809805583726,30.59675778745281,29.84457004440857,29.496424749874706,31.79246184840774,27.925807034622707,30.608743463757328,27.002931492214888
2026-07-01,cekirdek_c,1.8033424018655264,2.3432310025792713,27.715756076562315,32.44210052596968,28.804796968723068,29.193819264751177,29.917666898125184,31.630563312820748,32.44334218995171,28.43002741632681,29.199995978792302,25.894569105266108
2026-08-01,cekirdek_c,1.8095747117660599,2.0181719004428,22.282635127251126,29.78047902507257,29.527557334205532,30.20251058062271,30.062426843542724,31.317642044698246,29.781827967163665,26.353674315020292,30.205061114679022,26.686450327732203
2026-09-01,cekirdek_c,2.137393130343468,1.7068527203316863,25.58614147864615,27.159117238387086,30.801519097991093,29.454243385845924,28.71184198090917,29.739033998186805,27.164065386436743,24.27302249341503,29.459304366136084,26.099414764018867
2005-01-01,hizmet,,,,,,,,,,,,
2005-02-01,hizmet,0.6153846153846176,0.8456474855392804,,,,,,,,,,
2005-03-01,hizmet,0.917431192660545,1.1041730024600627,,,,,,,,,,
2005-04-01,hizmet,0.3030303030303161,0.6196133644844615,7.591640929099142,10.773412879818833,,,,,10.775973425570795,10.277735409935218,,
2005-05-01,hizmet,1.2084592145015227,0.9557127124305342,10.150942497108883,11.257807638921502,,,,,11.260503781048659,10.717996317500234,,
2005-06-01,hizmet,1.1940298507462588,0.8997335898867753,11.3635414247661,10.360650428151953,,,,10.795294460620063,10.362059451369277,9.900238667207084,,
2005-07-01,hizmet,1.179941002949847,1.1042755427737472,15.309344967328432,12.502393210296624,11.383668639053246,11.634555819656068,,11.373767142735968,12.502886122838941,11.838887380364227,11.636368859319845,11.058311395149723
2005-08-01,hizmet,1.1661807580174877,1.13250623672001,15.116790026718574,13.29252192268211,12.606495899148062,12.270555405244398,,12.054128922551154,13.293238445449763,12.54606147752213,12.27265413228482,11.632028897511182
2005-09-01,hizmet,1.1527377521613813,0.5654543753664365,14.92901194518559,11.798621055875191,13.132231404958695,11.077308829017252,,12.527826042035528,11.80310885553235,11.208944619440775,11.08044206257157,10.55459164332393
2005-10-01,hizmet,0.8547008547008517,0.8697158732565713,13.458377302259962,10.764744622651401,14.380117012440552,11.630187912480071,,11.940014575780534,10.768252837228465,10.270705941372071,11.632481027601349,11.05479666086815
2005-11-01,hizmet,0.28248587570620654,0.9473658913663696,9.545744948203016,9.95587395940072,12.29672532858097,11.611729943913485,,10.830998392900204,9.95763898089168,9.53014455995751,11.614017010122701,11.03810301873982
2005-12-01,hizmet,0.5633802816901401,0.6221070315129973,7.014936614034495,10.203854069843832,10.901401832563206,10.998373501828617,,10.305866083365721,10.205106264001639,9.756755184543753,11.001471573661735,10.482849901992264
2006-01-01,hizmet,1.1204481792717047,0.87021938457017,8.147319469005755,10.206054504427131,10.771022278132403,10.485046422820844,11.076923076923073,10.122435240390114,10.207307963833356,9.758769229798148,10.48745407707974,10.01473758558511
2006-02-01,hizmet,0.8310249307479367,1.047263498022799,10.533041972311953,10.642942540974865,10.038286174621502,10.298873269551812,11.314984709480136,10.352149417835289,10.644927864365794,10.158359656423865,10.300792717492712,9.844252108190688
2006-03-01,hizmet,0.5494505494505475,0.7485996116929128,10.471811898596496,11.200351824676957,8.72963693476516,10.70098168038982,10.909090909090914,10.685123103825479,11.201337349676077,10.664329977143527,10.702194539172382,10.21054258084364
2006-04-01,hizmet,0.8196721311475308,1.1033931242231398,9.163300281825704,12.23213495055937,8.654122378626816,11.21448098835678,11.480362537764343,11.361021495333002,12.233737729904991,11.597024935755407,11.216292179784638,10.677897082776777
2006-05-01,hizmet,1.3550135501354976,1.1431526761336075,11.450205655239154,12.658754147994223,10.990676453084735,11.646298917314502,11.641791044776117,12.033737625713403,12.660840481707192,11.98058164819864,11.648713520921405,11.069470652311253
2006-06-01,hizmet,1.0695187165775222,0.7872029803837277,13.773955659320292,12.831521120880907,12.110726643598625,12.012967309840628,11.504424778761058,12.575751354165687,12.833205096903843,12.1349951229619,12.014547190850067,11.399662550052714
2006-07-01,hizmet,1.0582010582010692,0.9763780975557967,14.85449245906867,12.265592937239855,11.972744223877928,12.24886269729808,11.370262390670538,12.583745377711942,12.266990132059497,11.626935016292528,12.250362802279069,11.611979976023967
2006-08-01,hizmet,1.0471204188481575,1.0386785573474722,13.465233155803258,11.802459708057732,12.453206134524809,12.22979025816231,11.239193083573484,12.295438402037462,11.80321289119075,11.209038541147986,12.231275749010972,11.594810094673313
2006-09-01,hizmet,1.5544041450777257,0.998931593093233,15.658370355316942,12.744899867575544,14.712293588939618,12.78820217859642,11.680911680911677,12.271752480193122,12.7449438481543,12.055952991986008,12.78906655855594,12.095474057473954
2006-10-01,hizmet,1.0204081632652962,1.0197735869994728,15.48545561019472,12.938837304349926,15.169541939321851,12.60171195685842,11.864406779661007,12.497824205243058,12.938854802434374,12.229534949760712,12.602463125002927,11.92823498302662
2006-11-01,hizmet,0.2525252525252597,0.887527897032081,11.895548209681461,12.264540599463935,12.677657353656091,12.033261922587823,11.830985915492963,12.647516862271102,12.264763348296936,11.624932308499147,12.033770243189569,11.416985424823567
2006-12-01,hizmet,1.0075566750629594,1.0716080989364052,9.504816660091775,12.58802145908775,12.539542565997607,12.666433358357864,12.324929971988796,12.595680568156077,12.588419393797556,11.915638331871836,12.666656704283042,11.985795661928922
2007-01-01,hizmet,0.9975062344139696,0.7230800616358612,9.40554884399971,11.271159914419005,12.404402291603844,12.101897514006765,12.188365650969523,12.036828626347717,11.27248902453626,10.72886423041739,12.102833728630745,11.47919959008905
2007-02-01,hizmet,0.7407407407407529,0.9410374702792712,11.552324723706375,11.507415516566022,11.723804665897063,11.885337629203319,12.08791208791209,11.784248089329875,11.508773912329229,10.94290252340615,11.88618333446627,11.283917415952649
2007-03-01,hizmet,0.4901960784313708,0.6994527041234155,9.28434065859911,9.874139893332101,9.394523115368592,11.222803507685786,12.021857923497258,10.877728014751487,9.874906950798934,9.454280944154192,11.22407786491737,10.684959638013014
2007-04-01,hizmet,0.4878048780487809,0.7386113440002617,7.094895468577023,9.941924994245888,8.244056728905225,10.604545644986029,11.65311653116532,10.434265068072989,9.942652429373666,9.516406073611794,10.605738677586585,10.122635152014592
2007-05-01,hizmet,0.4854368932038833,0.313649115565684,6.013387538762682,7.233972968563496,8.747596901192157,9.349820216120253,10.695187165775376,9.003522130141839,7.236313732526933,7.006852654757445,9.353418376468458,8.974877589081798
2007-06-01,hizmet,1.2077294685990614,0.9358871094115928,9.07385557731184,8.244633221095231,9.179047393983897,9.056343113259736,10.846560846560859,8.46412098392808,8.248957012322844,7.952590275910154,9.059154387480017,8.703435610032173
2007-07-01,hizmet,0.4773269689737347,0.3876879180166437,9.028369970205908,6.744213345556194,8.057308337143754,8.331271095685565,10.209424083769637,7.4050112531597545,6.749086962312867,6.548896571975682,8.335083088505101,8.032651322793738
2007-08-01,hizmet,0.23752969121140222,0.2505741994510924,7.956411326855561,6.475993225924936,6.980488273740848,6.854311000491631,9.32642487046631,7.149460426481391,6.481529085169568,6.296596907517316,6.858310525668632,6.65172478113738
2007-09-01,hizmet,0.7109004739336511,0.195011011341939,5.8521365420312055,3.384081101521841,7.450922070196309,5.786444971622862,8.418367346938771,5.518471409083436,3.3844854766460264,3.3330925152387003,5.791094278857778,5.642841395574427
2007-10-01,hizmet,1.17647058823529,1.1627723069902896,8.82920057051708,6.614126777766782,8.928739749269488,6.679150232911524,8.585858585858585,5.481845050555911,6.6265610582612045,6.433430071133284,6.687807886670449,6.491163321554483
2007-11-01,hizmet,0.46511627906977715,1.0717391864972559,9.820946758979954,10.150439544631285,8.884688090737281,8.297633652757241,8.816120906801018,6.696562794341987,10.162846366757705,9.718090019317938,8.307851243502196,8.007343463417627
2007-12-01,hizmet,0.6944444444444198,0.7677544776638179,9.749185953233287,12.690723798116355,7.783049766178118,7.937143414737746,8.478802992518709,9.80171135101726,12.692615718293077,12.009063884605453,7.94661707613713,7.671078199922077
2008-01-01,hizmet,1.1494252873563315,0.8523315405726262,9.63188556455905,11.313810549315907,9.229805744720498,8.938628181288788,8.641975308641992,11.381902028204461,11.31488677544863,10.7673008189348,8.94760866741764,8.600365445034042
2008-02-01,hizmet,0.4545454545454408,0.6374932887576179,9.585751480482418,9.41310358215608,9.703286089710472,9.781152533195648,8.333333333333325,11.120991272412063,9.41360864257048,9.030317227976248,9.787641627940946,9.374203623647093
2008-03-01,hizmet,0.9049773755656076,1.1229289038232393,10.50512165620665,10.963864631631125,10.126505190311397,11.82396085264874,8.780487804878057,10.559646953895175,10.966445378769606,10.451014932613933,11.826477463729734,11.230039408609693
2008-04-01,hizmet,0.8968609865470878,1.1174766036169848,9.40554884399971,12.135389357551185,9.51865873445108,11.72384475491448,9.223300970873783,10.840547733138784,12.13881128860088,11.511595184791368,11.72615282202032,11.139448001863084
2008-05-01,hizmet,1.1111111111111072,0.9752805891987792,12.293988936914024,13.648505025587765,10.93160579561041,11.51069747930833,9.903381642512077,12.251819767950757,13.648816993967339,12.862744386556013,11.51278327215457,10.94653080726613
2008-06-01,hizmet,1.3186813186813362,1.05527762374944,14.146938186324821,13.34468649556344,12.311269652530088,12.14795784591165,10.023866348448696,13.044488398406994,13.344912125601605,12.592139266260816,12.149899031614652,11.521577099437375
2008-07-01,hizmet,0.8676789587852562,0.768830669673326,14.014938271604983,11.789534757632225,11.686466942148765,11.962328513418253,10.451306413301676,12.918451096030648,11.790493991282315,11.19755553048618,11.964528477321924,11.354575357638774
2008-08-01,hizmet,0.8602150537634357,0.8927499026517349,12.887481530758782,11.424504347347186,12.590344178047141,12.531010580608903,11.13744075829386,12.177193394490526,11.425407596680003,10.867432784298003,12.532078733584239,11.865088585427008
2008-09-01,hizmet,1.0660980810234477,0.5825923095668317,11.765988913165891,9.35433670475334,12.950190029962382,11.331635264782491,11.529411764705877,10.843919762249676,9.355387271088889,8.97669152756757,11.33376989619479,10.784415396914193
2008-10-01,hizmet,0.6329113924050445,0.6098431969093321,10.729083323497711,8.665835435201451,12.359999999999971,10.216619379069147,10.930232558139519,9.801673604438044,8.667099086224518,8.340741636511595,10.218655032073553,9.769148583498888
2008-11-01,hizmet,0.41928721174004924,0.9971266291632697,8.805458352731987,9.11620663073327,10.827677816688809,10.264315352212549,10.879629629629628,9.044605279242713,9.11851726936792,8.758248542557734,10.266432467808828,9.812840663427869
2008-12-01,hizmet,0.41753653444676075,0.5036159652280325,6.039321156361854,8.773902677092016,8.865006281732146,9.06373355997303,10.574712643678152,8.852252684566642,8.776795137982374,8.442343165202537,9.065739500352588,8.709517346385054
2009-01-01,hizmet,0.4158004158004269,0.09954665529909867,5.12717808135752,6.583815860036246,7.891779396461995,7.619790904380186,9.772727272727266,8.148533651867007,6.592337930312486,6.4011569987616035,7.625135656768589,7.370949317636599
2009-02-01,hizmet,0.0,0.1652217442398074,3.3823665179803397,3.1152784058325445,6.05925595901089,6.073314388287154,9.276018099547523,6.123010574650256,3.117206316976606,3.0735374590677544,6.0789649756159525,5.915893000812744
2009-03-01,hizmet,0.0,0.2219965050853645,1.6736038473306403,1.9643768805842177,3.833520269187596,5.314116847358097,8.295964125560552,3.861908648864354,1.9645295437212607,1.9470596184970823,5.320184472232925,5.19470139184981
2009-04-01,hizmet,0.20703933747412417,0.39460826958597206,0.830732818889901,3.171937201757502,2.9565461985066044,4.864001242730276,7.55555555555556,2.748927601671891,3.172522961668922,3.127306075644576,4.869652723375006,4.76423153720309
2009-05-01,hizmet,0.4132231404958775,0.3141617388599416,2.5077153014901654,3.7869504767906292,2.944111993933096,3.4505693232599777,6.813186813186833,2.9731134586307384,3.787258282925565,3.7230660541251126,3.4517350214057663,3.3983017565964335
2009-06-01,hizmet,0.6172839506172645,0.3619616052499497,5.062302283955544,4.3679410922702555,3.354065724128086,3.1591589718666935,6.073752711496727,3.7755178196448247,4.368008952469049,4.282926454783453,3.159853022696635,3.114993036640268
2009-07-01,hizmet,0.6134969325153339,0.5058310507657815,6.777307257915743,4.831208882067006,3.7614289572161397,3.998263925725909,5.806451612903207,4.329104231402292,4.831622865760754,4.727817579502691,3.9990401987051616,3.9275618275736335
2009-08-01,hizmet,0.6097560975609762,0.659931442055206,7.615720747928689,6.284056483349576,5.030670113035773,5.028082467070805,5.543710021321946,5.160911853461658,6.284990939720969,6.110896392283749,5.029318635975977,4.916981223204431
2009-09-01,hizmet,0.8080808080808133,0.3595207224725616,8.434316425128774,6.273717209195051,6.73499393456185,5.31651844485681,5.2742616033755185,5.796258243399932,6.2746668083216495,6.101132861174197,5.317382759882383,5.192029657978825
2009-10-01,hizmet,0.8016032064128265,0.7710612288794216,9.247505462280925,7.399971052187793,8.005344580288254,6.1078168623775575,5.450733752620551,6.653301625985963,7.4018963847761965,7.162053573628757,6.109625964561882,5.944935576565724
2009-11-01,hizmet,0.0,0.5499813770248885,6.623060540924008,6.931490694672093,7.1182407830784555,6.6072821004329985,5.0104384133611735,6.868782075823465,6.93328476657169,6.722253313507487,6.608686130545172,6.416574852895618
2009-12-01,hizmet,0.397614314115291,0.49857054865480865,4.897063332165019,7.525345073991696,6.651026049573261,6.89769929804156,4.98960498960499,7.285410825163452,7.526235384365743,7.278452618236475,6.898772079619442,6.689792739705336
2010-01-01,hizmet,0.7920792079207928,0.4506019356632196,4.857425157280693,6.164101961381441,7.029959019102372,6.780248536112121,5.3830227743271175,6.870662726897603,6.164205812232493,5.996615445371667,6.781407305895737,6.579334509500212
2010-02-01,hizmet,0.5893909626719207,0.7392974188163537,7.351447240447384,6.965908231465212,6.986634016937043,6.948698078565041,6.00414078674949,6.882539701422896,6.966920260368092,6.753879612537528,6.950101301376965,6.738066463022507
2010-03-01,hizmet,0.9765625,1.2072490477028852,9.849139668028005,10.015107118657674,7.344548817073027,8.763101998268796,7.039337474120089,7.712141187633237,10.021418733969401,9.588593608729834,8.767268377008008,8.433523113483155
2010-04-01,hizmet,-0.3868471953578201,-0.23222575077195273,4.799156421454742,7.054095347591005,4.8282867407879015,6.608169920813767,6.404958677685957,8.005060332987025,7.07696034338432,6.857282862989145,6.619687732773971,6.426949154180406
2010-05-01,hizmet,0.0,-0.06332009519499637,2.364429949375335,3.682935394141773,4.8282867407879015,5.311629711721277,5.967078189300401,6.881267469680141,3.7083893913933963,3.6468128069437444,5.32610413227903,5.200346209740636
2010-06-01,hizmet,0.19417475728154,-0.05427663361483592,-0.7714525226262814,-1.3907478214881142,4.403881972355661,4.156168522607029,5.521472392638049,3.04357286499104,-1.390350486103864,-1.3992899183271401,4.172377592461007,4.094651845201347
2010-07-01,hizmet,0.3875968992248069,0.2696705474833694,2.3505363424031422,0.6085484552779574,3.567610129650567,3.7812947457972923,5.284552845528445,0.9402454363811596,0.6099940830065487,0.6082952746941483,3.7973187684380294,3.7327890688416465
2010-08-01,hizmet,0.19305019305020377,0.2591449175426863,3.143179584351685,1.9133786370689299,2.7530670166015625,2.7943493243958395,4.8484848484848575,0.36844954005694763,1.9147564283025886,1.898155325644879,2.8079873658600096,2.7724840662943118
2010-09-01,hizmet,0.19267822736031004,-0.2141113808455275,3.13701741388428,1.2630150172627808,1.1639087280060245,-0.072675487664009,4.208416833667328,1.2604580049417224,1.2661046279184074,1.2588163367221128,-0.07021418468219354,-0.07023679080251366
2010-10-01,hizmet,0.38461538461538325,0.341700123355948,3.1247652698098705,1.5543013149342144,2.736921481760768,1.0803187800942027,3.77733598409542,1.576677934237769,1.5579498546588244,1.5469346402124273,1.0829533358221122,1.0776149574532878
2010-11-01,hizmet,0.19157088122607746,0.7199835385452991,3.1186750148163744,3.4343814867786815,3.1309265717786916,2.6710635210968725,3.976143141153088,2.0824085715446694,3.443469524954801,3.3902891242228783,2.676505037368204,2.6442222249338787
2010-12-01,hizmet,0.7648183556405286,0.8790550203278347,5.494322241485317,8.041953115766054,4.309010876750152,4.597580855659489,4.35643564356436,4.316809549680967,8.045205954253799,7.762954728916327,4.605326143649169,4.51088553281922
2011-01-01,hizmet,0.7590132827324458,0.3941990141704599,7.07696976166472,8.268241317222436,5.082288576497085,4.857549091933366,4.3222003929273,6.563585092519686,8.270853449643777,7.9729502921743745,4.865172664272044,4.759942466193401
2011-02-01,hizmet,0.37664783427495685,0.5105951805099984,7.87034820540089,7.370722769682025,5.467755168714117,5.384174805662556,4.1015625,7.891710589160961,7.373439884892674,7.135396860033172,5.391664222892634,5.262842992128025
2011-03-01,hizmet,0.5628517823639712,0.7938349264203337,7.0081110833149385,7.008365890457324,6.248520710059191,7.5239175743310405,3.675048355899424,7.544839059902975,7.01015299838037,6.794516484403168,7.526537837066516,7.2787356066597475
2011-04-01,hizmet,0.0,0.13527090286200583,3.8200119293818613,5.908682147007349,5.4359155032956075,7.081962796174013,4.077669902912628,6.758335583360453,5.913262865357294,5.758804039169352,7.086110931756995,6.865877165671863
2011-05-01,hizmet,0.3731343283581934,0.33826923973034884,3.805476553586651,5.184223985809644,5.818395855649672,6.27185023948964,4.466019417475708,6.029050733613595,5.188965776345822,5.0695002760507535,6.276058006563101,6.102448568041963
2011-06-01,hizmet,0.743494423791824,0.5080336445869138,4.5533583660494426,3.9962875553858357,5.773613846591474,5.491576867425518,5.038759689922467,5.023287256234976,3.9977271699762396,3.926295148717074,5.494083915183823,5.360405816560121
2011-07-01,hizmet,0.7380073800737907,0.5951505549601999,7.674140083354364,5.919935510726848,5.729515784097816,5.914308679408742,5.405405405405417,5.031235083440055,5.920651863906645,5.76581375710985,5.916957305567383,5.762308898139601
2011-08-01,hizmet,0.366300366300365,0.4339815390612012,7.644818857269642,6.32466066888151,5.707718355867386,5.752905033435574,5.587668593448947,5.411611332043087,6.324934630735912,6.148662954433259,5.75555207021885,5.609081615242006
2011-09-01,hizmet,0.9124087591240837,0.5770566874034655,8.368579103482944,6.617031920913696,6.44387669859654,5.298506684326254,6.346153846153846,6.287891819626212,6.6173609516106735,6.424755125699466,5.300076817202104,5.17552513720827
2011-10-01,hizmet,0.5424954792043302,0.46884940663300956,7.5297399506619955,6.082592065707293,7.601915794163472,6.001232589109384,6.513409961685812,6.340774367102542,6.082825878075093,5.919550532390705,6.001710441370478,5.8426821447502775
2011-11-01,hizmet,0.3597122302158251,0.8632419851918982,7.50150932710274,7.907864139782506,7.5731402274706205,7.113337349585636,6.6921606118546695,6.869101417476942,7.909633001245098,7.636592316913493,7.114597474613293,6.892627635673376
2011-12-01,hizmet,0.35842293906809264,0.49273740089008644,5.160243440828727,7.546458512036969,6.752359036505484,7.080736830482559,6.261859582542706,7.179078047535858,7.5485349785652245,7.299315170859977,7.082020142500323,6.8620351482797215
2012-01-01,hizmet,0.8928571428571619,0.5440995957272987,6.633735905227867,7.869025682787734,7.080800762119455,6.972079759311378,6.403013182674222,7.7742507374828795,7.870741249483837,7.6003159272371335,6.973359565086845,6.759933229813919
2012-02-01,hizmet,0.3539823008849474,0.460257295470079,6.609385438988391,6.155428398753293,7.054518088337147,7.028059616873716,6.378986866791747,7.1848306940586415,6.155503526337336,5.988377168349857,7.029274167748656,6.812484742631675
2012-03-01,hizmet,0.3527336860670305,0.563555070324484,6.585213030744086,6.454977623041969,5.870330827411885,6.999326326553601,6.156716417910446,6.82094097046515,6.455104618349661,6.271647846087447,7.000539487551194,6.785481508473712
2012-04-01,hizmet,0.5272407732864526,0.6523644533668049,5.0486133103374575,6.914237269374257,5.838207132136031,7.39057037685289,6.716417910447747,6.509184188307082,6.914628225067587,6.704707276645472,7.391709371702704,7.152511601941303
2012-05-01,hizmet,0.5244755244755206,0.4915984055994471,5.764310671177308,7.0477180848118826,6.186007374005964,6.6006396434945325,6.877323420074344,6.80642246488754,7.047992621742294,6.830071717162944,6.600891894373517,6.4092244427564005
2012-06-01,hizmet,0.8695652173912993,0.6756421820677039,7.960008150421483,7.525773771387256,7.270408163265318,6.989036077222899,7.011070110701101,7.163396081580742,7.526200698083518,7.278420164135824,6.989423988205634,6.775034005111635
2012-07-01,hizmet,0.6896551724137945,0.5035705458253936,8.659392663842436,6.891362933176293,6.83875009789332,6.902799489463396,6.959706959706957,7.1543237867427445,6.8918111430327444,6.6832445339701785,6.903219126028737,6.693975905307825
2012-08-01,hizmet,0.34246575342467,0.3575628033743561,7.874571920826456,6.322216480960674,6.814230035864388,6.684350567485842,6.934306569343063,6.909977550324831,6.323283551687631,6.147102125069814,6.6850740022126764,6.488586921116379
2012-09-01,hizmet,0.8532423208191142,0.5771616760512854,7.80476303000508,5.906810651881167,7.88235766506773,6.713222062700952,6.871609403254975,6.3709953021444665,5.907334969737454,5.753180101004141,6.713953880918555,6.515800132569982
2012-10-01,hizmet,0.8460236886632888,0.8000512100033719,8.475997025660886,7.162031120291701,8.567656120103706,7.026611462455601,7.194244604316546,6.4642132063018165,7.164105293543188,6.939102757716054,7.027878840130275,6.811173645843116
2012-11-01,hizmet,0.1677852348993314,0.6525788193472604,7.722608289013055,8.427673344670271,7.798563327032126,7.369784194059559,6.989247311827951,7.165408008596441,8.428223184817906,8.11916682160767,7.371025066422354,7.1331344733387425
2012-12-01,hizmet,0.5025125628140836,0.7063376932751053,6.231931537774682,8.98578261015719,7.0154577883472236,7.435267220038133,7.14285714285714,8.19255772244838,8.986021945069034,8.63587089050295,7.436570059504022,7.194525495753545
2013-01-01,hizmet,0.8333333333333304,0.4670868990824584,6.178469181540658,7.552887737668712,7.321085100394087,7.3572815547286785,7.079646017699104,8.318653516826169,7.553557676905176,7.304013646819296,7.358669605381651,7.121558202267675
2013-02-01,hizmet,0.49586776859504855,0.5762050743212344,7.576396500132621,7.226820689877234,7.649477571084096,7.82557529431287,7.231040564373892,7.915484286185026,7.227428889336052,6.998518666715192,7.826293781258586,7.558842744161431
2013-03-01,hizmet,0.3289473684210398,0.5078564169179289,6.8351929012345325,6.383986721467982,6.5331352120498565,7.677026565687428,7.205623901581704,7.051057358110668,6.384114748961078,6.204593561286487,7.677864478409724,7.420232225894718
2013-04-01,hizmet,0.4918032786885185,0.6031309147571662,5.395094956480961,6.961382910545044,5.78605693437233,7.25672756728899,7.167832167832167,6.856260344680543,6.961484981304733,6.748769623985318,7.257146835325279,7.026391635402307
2013-05-01,hizmet,0.815660685154973,0.7795608077182825,6.743043953146977,7.829073943596732,7.158910128532114,7.527525670897628,7.478260869565223,7.0594367577978545,7.8298832061038715,7.5621925575735105,7.528269283449007,7.280355612144351
2013-06-01,hizmet,1.1326860841424091,0.9804212091548026,10.204855468873353,9.871371140764307,8.506944444444464,8.1136184229746,7.758620689655182,8.220661997985278,9.872912827182677,9.452451726521005,8.115614617018906,7.828522643903746
2013-07-01,hizmet,0.8000000000000007,0.571062887798579,11.563029678989123,9.7313487072215,8.435216173758642,8.337513384624362,7.8767123287671215,9.144342717307929,9.733159550311509,9.324179618686657,8.339197592278946,8.036474621335987
2013-08-01,hizmet,0.6349206349206327,0.6058378758370786,10.765147757462046,8.976687046972852,8.73550034626036,8.401361825930142,8.19112627986347,9.523821473981165,8.978898872495499,8.629287891161841,8.402995540078795,8.095740224367676
2013-09-01,hizmet,0.9463722397476504,0.7017775042510443,9.95116277760002,7.7788226398816995,10.077936038699287,8.82006719066597,8.291032148900168,8.82096488638382,7.779017747098749,7.514713071546808,8.821348827547126,8.483582399033907
2013-10-01,hizmet,0.46874999999999556,0.4827111314557486,8.51298089356023,7.400586310903723,10.027437069050427,8.559712544948383,7.885906040268442,8.046235236463595,7.401098292168129,7.161306046175486,8.56138886930089,8.242742832431071
2013-11-01,hizmet,0.3110419906687367,0.7950854567170484,7.122778090319737,8.210985539829373,8.928739749269488,8.593161415525973,8.04020100502514,7.7972860727647975,8.212084373364359,7.918296369695366,8.594871194524622,8.273792130428603
2013-12-01,hizmet,0.31007751937983663,0.5865310603914375,4.447302151322297,7.716474333046119,7.1639039999999765,7.747643976723428,7.833333333333337,7.776243754480916,7.717551014863111,7.457310594256938,7.748280363152871,7.486011832901873
2014-01-01,hizmet,0.9273570324574987,0.5270982931650847,6.367470964156019,7.906930881400487,7.434870244394065,7.6534608996505105,7.933884297520666,7.943973586188036,7.9077746862449505,7.634859241094283,7.654163244676049,7.3980826436348845
2014-02-01,hizmet,0.7656967840734996,0.8225077672426417,8.309042355225206,8.024407448191972,7.714277184567453,8.117656246909721,8.223684210526304,7.883189447442329,8.025448369365161,7.744548483196656,8.11872945564791,7.831422426446011
2014-03-01,hizmet,0.7598784194528863,0.9069109562411581,10.26482459430207,9.407278466277248,7.31665039062499,8.558584657138857,8.688524590163937,8.447899238943002,9.408994295812656,9.026068066595538,8.560252980741478,8.241689330426238
2014-04-01,hizmet,0.4524886877828038,0.5473488704611951,8.20421821935522,9.495462852132697,7.281913851527055,8.69829502716244,8.646003262642754,8.976917674215535,9.49698890075592,9.10707037577998,8.699719516686377,8.370964808437131
2014-05-01,hizmet,0.7507507507507505,0.7040656861206251,8.140035104379017,8.981845972734348,8.224505738837816,8.502070642982474,8.576051779935279,9.293635469615168,8.983242305967053,8.633302051291913,8.503376567732168,8.188925267244285
2014-06-01,hizmet,0.8941877794336861,0.763233098344096,8.7177763781086,8.362468495229924,9.488568090987037,8.88362028308396,8.319999999999993,8.942595804406839,8.363000888023308,8.058590619703665,8.884846235263243,8.542329343149602
2014-07-01,hizmet,1.1816838995568624,0.9194701032360975,11.909091299581176,9.975574538849653,10.04106386122241,9.735256123820912,8.73015873015872,9.107068965771937,9.976110634107748,9.547075550803275,9.736310070528909,9.327072963291627
2014-08-01,hizmet,0.8759124087591275,0.8085624386132473,12.4662226185845,10.432755290978735,10.28191720327789,9.704902021131723,8.990536277602533,9.591768451022276,10.43303595043723,9.965062560773763,9.705943798078277,9.299182306032838
2014-09-01,hizmet,0.868306801736618,0.6344510527176439,12.35086945189854,9.869275362585107,10.519395134779753,9.113270916382387,8.906249999999982,10.092036034349693,9.870168591456864,9.449934378267955,9.114199351111685,8.75426249898581
2014-10-01,hizmet,0.7173601147776099,0.8026410017182961,10.302704896128102,9.361398866552918,11.102994886778639,9.668056756384003,9.175738724727832,9.884168875733446,9.361820210208037,8.98261797219675,9.66857115911688,9.264846761500012
2014-11-01,hizmet,0.0,0.510310640234235,6.521251199249245,8.072906437915162,9.453381633391867,9.246459119932693,8.837209302325565,9.094114709888569,8.07382489481494,7.7896107786807,9.247592841758578,8.877336669727232
2014-12-01,hizmet,0.14245014245015675,0.4874251051192102,3.488046179875992,7.442715342772965,7.82843765068324,8.649221247549544,8.655332302936646,8.28548233144586,7.4440262709527305,7.201506988286965,8.650890031000436,8.32572068327746
2015-01-01,hizmet,0.9957325746799306,0.5417148043040942,4.6369196862318995,6.334571517290444,7.432468431988926,7.837365922051354,8.728943338437967,7.277392633512614,6.334602792572164,6.157802198630158,7.838474670790285,7.5702100854134535
2015-02-01,hizmet,0.7042253521126751,0.7209821092525992,7.615720747928778,7.22889529983104,7.067087486203638,7.65007370726527,8.662613981762913,7.000468276226868,7.229528409229902,7.000488074703615,7.650917913166899,7.395049426692157
2015-03-01,hizmet,0.5594405594405494,0.6992782819412957,9.41938298169649,8.136022626089101,6.412396641478479,7.788811559060038,8.446455505279049,7.234259642545604,8.136431454690518,7.847900781991957,7.789719222448244,7.524703885139461
2015-04-01,hizmet,0.8344923504867818,0.9376629591838714,8.722300041858698,9.849534219016952,6.660051460621252,8.077764376180085,8.858858858858865,8.405245946347929,9.85028544064126,9.431693401511065,8.079340993306673,7.794747800070612
2015-05-01,hizmet,0.6896551724137945,0.6241950550850417,8.659392663842347,9.427906181435496,8.136297594987063,8.322820748025595,8.792846497764529,9.138492658692465,9.42906069049183,9.044545184840835,8.324177169864043,8.022516629772225
2015-06-01,hizmet,0.8219178082191858,0.6839876051762506,9.798320176498843,9.361457019015695,9.60868782235853,8.747013709022644,8.714918759231916,9.544985373071624,9.362650078347645,8.983382477780655,8.747956481312059,8.415641629886306
2015-07-01,hizmet,0.8152173913043459,0.5403660222528694,9.71439050755778,7.64978205823974,9.217218805792493,8.744096013881686,8.32116788321169,8.805642280518033,7.65000346331044,7.394194730056647,8.745043401025931,8.412944065783856
2015-08-01,hizmet,1.21293800539084,1.100604530600724,12.012968690912906,9.702995852366382,10.32343879896327,9.56536468225333,8.683068017366136,8.902199715393412,9.70665176033445,9.299832632119376,9.567775641297072,9.172188908480106
2015-09-01,hizmet,0.7989347536617952,0.5706009071853924,11.910867081193643,9.209655680700068,10.849561185466584,9.285529992704822,8.608321377331428,8.854809657294439,9.213924421312525,8.846285840155943,9.288264058819395,8.914834158968299
2015-10-01,hizmet,0.6605019815059343,0.8129333734141264,11.225473749776338,10.39876032405822,10.467348394768127,9.015606627604988,8.547008547008561,9.770940507733705,10.401817777606981,9.93655524480097,9.017951818951886,8.665374987428809
2015-11-01,hizmet,0.1312335958005173,0.6839769863014933,6.5463076296415235,8.590200176002893,9.245449427659992,9.145179827217653,8.689458689458696,9.39498257256728,8.590830009153748,8.270045067604048,9.14743382550769,8.784938849861712
2015-12-01,hizmet,0.2621231979030192,0.6693239646921256,4.294696014450228,9.017209736969756,8.035687913516053,9.113390281143463,8.819345661450928,9.328889634291704,9.017478080384711,8.664937297630981,9.115660725927,8.755611568893462
2016-01-01,hizmet,1.3071895424836555,0.7656165328635778,7.000775345458821,8.812683620546945,9.092675874194445,9.602852970359965,9.154929577464799,8.807018746954753,8.812799131366301,8.475669935428787,9.604668808032436,9.206112590114879
2016-02-01,hizmet,0.6451612903225712,0.6246120403617939,9.214489210287669,8.556279436456649,7.872149162856101,8.573238481528822,9.090909090909083,8.794126454599693,8.556501798697425,8.238210151669989,8.573664660272273,8.254127609637019
2016-03-01,hizmet,0.38461538461538325,0.5355889526459379,9.749185953233287,7.980577882559281,6.987186087053621,8.497655765192302,8.901251738525717,8.447558693555756,7.981151478713411,7.703270103485238,8.498180577877768,8.18410370055811
2016-04-01,hizmet,0.638569604086836,0.7794056053834764,6.880397403866323,8.039695574778216,6.940569436694433,8.425500750693127,8.6896551724138,8.190757971019448,8.040344852980263,7.758426393564832,8.425941423051441,8.11704816449681
2016-05-01,hizmet,0.761421319796951,0.6710288289857314,7.375104361857576,8.239182622998875,8.290891476530016,8.397615078911791,8.767123287671241,8.087029232178345,8.239820299310896,7.944093548060582,8.398055039412998,8.091151849865286
2016-06-01,hizmet,0.37783375314861534,0.21174208307281894,7.346091764767149,6.851259612186578,8.540988508693204,7.414434599839836,8.288043478260864,7.706516087814985,6.855102607905872,6.648706069768107,7.4167744681503445,7.175988086626672
2016-07-01,hizmet,1.129234629861986,0.8620588439454346,9.454922363310958,7.202223115810602,8.16000000000001,7.62014472379986,8.625336927223737,7.42765533892944,7.206962767606884,6.97931902401594,7.622914368988987,7.368872708790386
2016-08-01,hizmet,0.7444168734491052,0.5859646857497847,9.381054836014746,6.840350833257358,8.373438527284648,7.5374922775596875,8.122503328894792,6.9645264499528015,6.844855139204542,6.639062451072153,7.540264365662019,7.291577999566368
2016-09-01,hizmet,0.8620689655172376,0.6567886841862824,11.507048733127533,8.750970269170931,9.406790857444825,7.796930184993522,8.19022457067371,7.59715114442463,8.751852010404848,8.419248855526007,7.79965331524719,7.533977462647057
2016-10-01,hizmet,0.3663003663003872,0.5782023676458303,8.180031344404103,7.531895546354939,8.815609781236343,7.3669327978888255,7.874015748031504,7.705681360530359,7.531975227258014,7.28382295032759,7.369356267065275,7.131570987171765
2016-11-01,hizmet,0.24330900243307862,0.8258275533480353,6.043665183077707,8.561276393522665,7.699433407990686,7.6973762762593045,7.994757536041952,8.279594328049523,8.561962033291248,8.243274420720592,7.700271736427111,7.441168435896373
2016-12-01,hizmet,0.3640776699028958,0.8135370398571373,3.964826028495616,9.239088286234075,7.669916515666486,8.99475603187334,8.104575163398685,8.445893878753253,9.239927275692095,8.870267843404012,8.995639213548422,8.64475834946501
2017-01-01,hizmet,1.5719467956469169,0.9325178774042708,9.05105565983646,10.786545202309394,8.614670369252941,9.147089776302586,8.387096774193559,9.530532337365582,10.786731688620876,10.287529882437774,9.148233012465901,8.785676416382682
2017-02-01,hizmet,0.5952380952380931,0.5500113110725069,10.590542632358746,9.57925248076894,8.293242980902216,9.069076807133403,8.333333333333325,9.86720631299125,9.580907405491224,9.18426491333566,9.070343995936113,8.713769667028126
2017-03-01,hizmet,0.7100591715976323,0.8656575125766564,12.123385390081998,9.806037623081831,7.967070238132523,9.522196098641956,8.684546615581091,10.053676697811431,9.80784365057723,9.392746804213736,9.523548034341678,9.131507323808874
2017-04-01,hizmet,0.8225616921269108,1.0096673747541862,8.850895720533082,10.142151245101916,8.950929724545787,10.463878338554977,8.883248730964466,9.843936581691315,10.144548933924868,9.701344793613398,10.465212539174829,9.994437338025586
2017-05-01,hizmet,0.932400932400923,0.8242056840644718,10.317581516903584,11.348480892151414,10.453977754736554,10.460324556064627,9.068010075566747,10.434346718742948,11.348895309999518,10.798122285581258,10.461658985775957,9.991193599458459
2017-06-01,hizmet,0.4618937644341736,0.25101144455570434,9.234234648861417,8.659087267019405,10.669382348167723,9.231057051243742,9.15934755332497,10.041589533927752,8.665800179381812,8.33953801349745,9.235453805973215,8.866142408855593
2017-07-01,hizmet,1.2643678160919603,1.0333913450292886,11.161521446956012,8.76120554301323,10.000141723356016,9.44950045805677,9.305210918114138,9.576525989316863,8.768252099316577,8.43443389459786,9.45441757968284,9.067889344105629
2017-08-01,hizmet,0.7945516458569779,0.6035696795511747,10.555485229492835,7.812307055508194,10.436469311298646,9.566128945532327,9.359605911330071,8.407763998428685,7.818843926108854,7.551889876544671,9.570838979587727,9.175006081062964
2017-09-01,hizmet,1.0135135135135087,0.8327452566562865,13.003725548968582,10.336614246773168,11.102994886778706,9.49463820748293,9.523809523809534,8.968022120820883,10.338622683425536,9.878825124947,9.499283204219378,9.109181569222224
2017-10-01,hizmet,0.4459308807134743,0.7169611096848882,9.394510739878804,8.960825089589907,10.274476882868488,8.860969560743825,9.610705596107039,9.033694431276619,8.96138925790455,8.613104183569398,8.864781417222156,8.523769039083628
2017-11-01,hizmet,0.11098779134295356,0.7037560359270945,6.457015598114602,9.395509687442738,8.486897898009982,8.601023387979168,9.466019417475714,9.560217628384793,9.395726742203125,9.013849609073077,8.60466191799758,8.282869742808874
2017-12-01,hizmet,0.44345898004436446,0.911526950504804,4.0741849756082305,9.737798066919368,8.447086801426895,10.03679881566879,9.55259975816205,9.366206209004524,9.738382722956885,9.328976384467147,10.038127533784902,9.603900754707073
2018-01-01,hizmet,1.2141280353200834,0.48504369816413373,7.294677509497749,8.730526359723045,8.339506880660053,8.845614815576397,9.166666666666657,9.285712611760054,8.732477153842488,8.401306738384129,8.846878043506656,8.507205460976763
2018-02-01,hizmet,0.7633587786259666,0.7002200785194646,10.1188670945632,8.71525597552385,8.272461650840036,9.054852428689486,9.34911242603551,9.057993398771202,8.717206121360954,8.38716290875361,9.055982708259581,8.700506258913343
2018-03-01,hizmet,0.5411255411255311,0.6952292154174922,10.547790101948618,7.786150320407814,7.2621608756551215,8.757596508342957,9.165687426556989,8.407324911392887,7.786792883572891,7.521971968404362,8.758575183956685,8.425474176435754
2018-04-01,hizmet,0.8611410118406937,1.0896977171541034,9.013685120880965,10.404010506255945,8.150766012852916,9.564073375215454,9.207459207459202,8.967510271365553,10.406233578378243,9.94058804436424,9.566425664834277,9.170947391374185
2018-05-01,hizmet,1.1739594450373758,1.0413269678746007,10.801455270967875,11.90753652646077,10.459633925103628,10.299848046425119,9.468822170900705,10.030645324476705,11.909571624630622,11.305015601784785,10.302802633772124,9.846089255269197
2018-06-01,hizmet,1.8987341772151778,1.6302928043704368,16.908381925834348,16.122523058798045,13.683610367966303,11.87671663934653,11.03448275862069,12.805215719741557,16.127360984576967,15.045269957596563,11.885854734927692,11.283620963000462
2018-07-01,hizmet,1.3457556935817738,1.174994592075107,19.171499412775805,16.514944119911124,13.979490753238544,13.41832794901574,11.123723041997714,14.846882195390743,16.519271841428118,15.386457457280578,13.425007399520105,12.663522750822409
2018-08-01,hizmet,1.430030643513791,1.2473704881988512,20.38257941339392,17.46824443553059,15.492705346601454,14.65418376521792,11.82432432432432,16.705618874718596,17.470980392121184,16.21063153857758,14.659370933212879,13.757823570181182
2018-09-01,hizmet,2.9204431017120003,2.724791869005161,25.283846148789713,22.61083527785641,21.02368253651914,19.322586071587388,13.93534002229655,18.870485792768577,22.64698579383677,20.588627797116477,19.346370413890025,17.81694887735652
2018-10-01,hizmet,1.1741682974559575,1.5160258436600849,24.43753164634339,24.272353205589713,21.776053596425406,20.331152613939317,14.761376248612645,21.456899189249512,24.301971419068625,21.952752803456388,20.35296712457162,18.66960513036848
2018-11-01,hizmet,0.0,0.5892178211316601,17.566925490791483,21.07242327930532,18.966422759885315,19.25671893933467,14.634146341463428,22.64021488394863,21.126180819970266,19.320142135187623,19.28574741556428,17.765386836882602
2018-12-01,hizmet,0.29013539651836506,0.8769291733667028,6.001361233130864,12.59304591166539,15.240002743378378,17.495222905900864,14.459161147902865,19.153752512076515,12.602971951649366,11.928691352633791,17.52665949159273,16.258659574875136
2019-01-01,hizmet,2.0250723240115898,1.0934020896550711,9.612609205025935,10.729766926794749,16.79007888852835,17.305791442278174,15.376226826608509,14.657424921718976,10.732553384463506,10.238196336613736,17.33757692604465,16.095474570035062
2019-02-01,hizmet,0.5671077504725952,0.4846134713341721,12.120327281489507,10.269886223426571,14.811332905362718,15.544979725661555,15.15151515151516,11.18539630567119,10.274021240164078,9.819778937423784,15.583402714793348,14.569960536305704
2019-03-01,hizmet,0.6578947368421018,0.8053844851664715,13.773955659320492,9.95739313792907,9.818915368737091,11.267415777962132,15.285252960172247,10.31681637582167,9.961408824596973,9.533600184622859,11.275005278085427,10.731145768628325
2019-04-01,hizmet,0.7469654528477809,1.028076530328681,8.17903621832794,9.673454971584917,8.893463629255226,10.20034531279801,15.154749199573114,9.964763099401374,9.676680435737662,9.272297947317298,10.203457739015743,9.755247141965517
2019-05-01,hizmet,1.2048192771084487,1.0406323717265131,10.949165905725033,12.121134207274874,11.53320937262663,11.191657566014147,15.189873417721511,10.584693249604115,12.121905285749545,11.496373548886663,11.194444567172424,10.658076243155223
2019-06-01,hizmet,1.6483516483516425,1.2879831233646444,15.380929112021802,14.28368997756293,14.574625082181104,12.099672738666346,14.90683229813663,12.024039195850866,14.284649852117305,13.426768101679354,12.103926987334091,11.480184143151106
2019-07-01,hizmet,0.9909909909910031,0.9038952127575994,16.502882739443404,13.722825924673199,12.263839108636688,11.679788808409942,14.504596527068458,13.377641218615889,13.724512845725112,12.930042831395028,11.683787423853476,11.101170389356163
2019-08-01,hizmet,1.1596788581623496,1.0260142574721964,16.295166485767343,13.657028532376092,13.590720221606611,12.886469294059367,14.199395770392753,13.885446018058056,13.658741644317862,12.871570374377761,12.887926149857186,12.183971961632212
2019-09-01,hizmet,1.4991181657848296,1.256158999137158,15.613721079050634,13.514254198753605,15.497266444704238,13.898322353249037,12.62230919765166,13.63052837697003,13.515676102399588,12.744273877467815,13.899568108170502,13.085520989573585
2019-10-01,hizmet,0.6081668114682914,1.0162677380467722,13.870646716105185,14.020764190418177,15.179245534215035,13.871697615452906,11.992263056092845,13.731719177334911,14.021586368017536,13.193763978624506,13.872960803678659,13.061903405009767
2019-11-01,hizmet,0.17271157167528806,0.7835630950677297,9.491331883177434,12.93014963192034,12.841980973849099,13.293006134009321,12.185686653771754,13.485744260748112,12.932621445382676,12.22395932900664,13.295148300487947,12.5477648516922
2019-12-01,hizmet,0.34482758620690834,1.2994112897931398,4.594928344605909,13.12322897685978,9.966398831263735,13.318572925461215,12.246865959498576,13.354082356661001,13.126186889909564,12.396968491630567,13.320778104224562,12.570621184549191
2020-01-01,hizmet,1.9759450171821236,0.5968008390660806,10.399889384996897,11.255937401936865,12.121839093265274,12.629867279022267,12.192816635160675,12.42802781201906,11.261721866960194,10.7191008957078,12.633905671213363,11.956432437166153
2020-02-01,hizmet,0.8424599831508228,0.7396242159362743,13.382138698288394,11.062046052515285,11.41975308641976,11.992202760450187,12.5,11.804503409527701,11.068059214195403,10.543345379181979,11.996783495987295,11.383652354094309
2020-03-01,hizmet,0.5847953216374213,0.721383872040815,14.470617723824564,8.548723596885587,9.421414989873966,10.812373472443726,12.418300653594748,10.273656038615986,8.548982448838371,8.23123570817268,10.815923475482126,10.314102099901623
2020-04-01,hizmet,0.16611295681063787,0.515251159238983,6.5580723370046945,8.197167470572108,8.461972133480122,9.715893521279995,11.770157553290094,9.253958016459585,8.197831038990033,7.905036988864289,9.719973313436281,9.312068942286045
2020-05-01,hizmet,0.746268656716409,0.5370654523302321,6.15208042297859,7.329573529506339,9.70756539833535,9.179860954898,11.263736263736268,8.021491662487556,7.330117380757084,7.09480193444012,9.184426066315933,8.81907365681105
2020-06-01,hizmet,2.0576131687242816,1.5963157741503142,12.507323455657748,11.107788642126181,13.48472502686553,9.82080239542662,11.711711711711725,8.876216940316862,11.124426444332315,10.594529542878117,9.829784648076089,9.412882625525398
2020-07-01,hizmet,1.1290322580645107,1.1449245574143951,16.896340284536148,13.918179109709673,11.607565531959875,11.020828239911285,11.864406779661007,10.774109332943894,13.930784296026498,13.113223135579766,11.030393765950386,10.509130062222027
2020-08-01,hizmet,1.1164274322169154,1.0524471220161313,18.623819206468916,16.272110669234017,12.214817187775884,11.711396247224704,11.816578483245156,13.76034879434509,16.275947743638163,15.174749814323363,11.720980954274452,11.134775874381742
2020-09-01,hizmet,0.5520504731861164,0.23598471668742071,11.777398699557473,10.168735366183546,12.141767199037567,10.637265711134813,10.773240660295391,13.413698590254363,10.179605914142176,9.733425584471789,10.651091773167165,10.163977563674953
2020-10-01,hizmet,0.7058823529411784,1.171006668732022,9.91828633222247,10.282415607717521,13.353629860647033,12.085556490795923,10.880829015544036,12.185782776406985,10.293683815365927,9.837754029742296,12.098713072428001,11.475488582661031
2020-11-01,hizmet,0.6230529595015577,1.3873992864507745,7.788651940993052,11.751886234563202,13.07652966180628,13.989594629337887,11.379310344827598,10.738286697676758,11.76835253083155,11.177562687480869,14.001729680445774,13.176156250902116
2020-12-01,hizmet,0.6191950464396356,1.8770195196989636,8.076847975396406,19.251854324317886,9.91155046826222,14.62035587530881,11.683848797250862,13.728182852376648,19.257909804685582,17.74170189952704,14.63640655735281,13.737563741999415
2021-01-01,hizmet,1.846153846153853,-0.1488283250451472,13.05553916202058,13.149728698738205,11.475876875020674,11.706872690335102,11.541701769165979,14.679813877975366,13.199429283498265,12.462361924418364,11.737898476888574,11.15005797708033
2021-02-01,hizmet,1.0574018126888296,0.9238705575508099,15.020274332802641,11.094658064465456,11.345769188667433,11.422787567390547,11.77944862155389,14.425880886026544,11.13953743815319,10.608247008818505,11.45353847302153,10.892904848149687
2021-03-01,hizmet,1.2705530642750373,1.4864102168647753,18.027653115262112,9.400628385102161,12.942714340638206,14.220084920162046,12.54152823920267,11.186948247165018,9.430434199880855,9.045809797481752,14.247344962379827,13.393755848504396
2021-04-01,hizmet,0.7380073800737907,1.0945423194613113,12.974041431433857,14.952387813972813,13.014782950476022,14.04749666004581,13.184079601990039,11.800682084578828,14.956122666513627,14.019292375507586,14.074676280290088,13.240827149962975
2021-05-01,hizmet,1.172161172161168,0.9520582438341973,13.488083120098082,15.080864835812168,14.251610290523287,13.07019646528218,13.662551440329217,13.125268391570843,15.084305255205056,14.132043120641136,13.096156500160827,12.37014506472982
2021-06-01,hizmet,1.8826937002172306,1.481448136129182,16.257025981357522,15.05835941220466,17.138994082840252,12.193835929850106,13.467741935483879,15.030902788907618,15.061730856323363,14.112194797698763,12.213705499475203,11.579002297590257
2021-07-01,hizmet,1.3503909026296945,1.4814955497113758,19.109800314158942,16.830106056083636,16.00135997298309,15.887443926020284,13.716108452950571,15.661303810472948,16.834365333093125,15.66000771869902,15.891756079636643,14.839650047103303
2021-08-01,hizmet,1.2622720897615736,1.2373606221314004,19.534717257527312,18.1564177305074,16.47216803966385,16.6085019984747,13.880126182965302,16.686994957384414,18.157331273826173,16.801217231887833,16.61153935099431,15.466630176264484
2021-09-01,hizmet,1.5927977839335306,1.1109198135964116,18.18002176697742,16.44019835422248,17.21458041148678,15.747216779793604,15.058823529411768,17.13803198009778,16.4418091616497,15.319103941756751,15.749884601544316,14.715649369727757
2021-10-01,hizmet,1.0224948875255713,1.6056385609905854,16.65804994987625,17.01101309059341,17.877551020408156,16.920524584453588,15.420560747663558,17.195342616975616,17.01402297929857,15.81567598687359,16.924162525514763,15.737841852786305
2021-11-01,hizmet,1.8893387314439902,2.7849151781163872,19.574621886096068,24.331453428310624,19.55466790690452,21.204616860565984,16.87306501547987,19.255202771480583,24.36685604144366,22.005894210813537,21.225653020765954,19.403555721350685
2021-12-01,hizmet,5.298013245033117,6.834286790462896,37.99649058264152,54.964202646474504,27.704456699142142,34.32818949855392,22.307692307692317,31.506799526041828,55.39462055557416,44.89936211827947,34.632275651473776,30.10923303001811
2022-01-01,hizmet,7.924528301886791,5.281168300118733,79.75307126249803,78.63350930540246,44.8089871727033,44.57554390612919,29.607250755287005,51.643767457135745,78.9052144435241,59.60148107479206,44.95922547431661,37.70857853083283
2022-02-01,hizmet,3.6130536130536184,3.4405855426230536,92.22914636283622,83.23535923709933,51.61044651284139,50.93680311112718,32.88490284005978,72.12865464524202,83.4268558930205,62.22416253281873,51.27488924557662,42.11502837181613
2022-03-01,hizmet,4.16197975253092,4.443177182607139,84.0667872538481,67.37360193112826,59.37556485814481,61.04942336849801,36.67896678966789,76.09339079031284,67.42581295292094,52.659724101395696,61.307424082543264,48.77954310983759
2022-04-01,hizmet,4.751619870410373,5.056419325477202,63.35701374271934,65.94896871799276,71.35905267164588,72.17446572505317,42.12454212454211,71.71183831674917,65.9896135655192,51.760728202829576,72.33653486079899,55.68110463881082
2022-05-01,hizmet,3.762886597938153,3.624982505657104,64.3039759780863,67.1354433416221,77.71891583702468,75.00035143380137,45.7639391745112,66.81279630764206,67.1671179894236,52.49831605496578,75.12407968717297,57.361239293892254
2022-06-01,hizmet,3.9741679085941506,3.5893661349973183,63.122167664111295,61.73684291693888,73.2783117756418,64.53108509937309,48.756218905472636,64.86948263707974,61.778542765678864,49.083071864526495,64.57997567510448,50.87139798296109
2022-07-01,hizmet,3.2011466794075627,3.4936215344490984,53.676720812857525,52.32560827969586,58.44295564575286,58.99143877377953,51.472650771388516,60.07936312693776,52.32587048367468,42.83188070041408,59.023268159787115,47.29630445162183
2022-08-01,hizmet,3.1481481481481444,3.1272623927472765,50.06715405594433,49.42009106041674,57.02429772206483,58.02972240540167,54.293628808864284,54.25067603459608,49.42341887411674,40.841000248774776,58.06718632869614,46.66965815187028
2022-09-01,hizmet,3.904847396768396,3.2520871030873977,49.66734962884731,47.483573064593145,56.25,54.44587236173379,57.805044308111775,49.6761141779555,47.485490533228194,39.49188412113509,54.48055263508724,44.28747799283079
2022-10-01,hizmet,2.6349892008639353,3.334287090352883,46.41000000000004,46.57743021825531,49.99936231267937,49.42388101662467,60.32388663967612,47.790554541763264,46.57802806089042,38.854546344750226,49.42661720347794,40.84321352258216
2022-11-01,hizmet,2.146464646464641,3.1554042056651355,40.80509155830265,46.737490450003286,45.362372596009706,48.0727158696582,60.72847682119205,46.92420101009023,46.737931909197684,38.96711359642166,48.07509482503689,39.90405692259822
2022-12-01,hizmet,1.8541409147095234,3.557407208812613,30.01392943520733,48.480836106373545,39.49494698160021,47.981364504407175,55.47169811320754,47.283453433109244,48.483091426093104,40.18839401932253,47.98352039429585,39.84013907022881
2023-01-01,hizmet,12.702265372168299,9.423203542754477,89.03346850451726,86.69398045202415,66.36222565157748,65.42407289108465,62.35431235431235,60.300243599245974,87.51354200495408,64.5440598289289,65.89189668046227,51.69930308683956
2023-02-01,hizmet,3.158650394831297,2.9560744076111645,96.63822706632634,85.25514361329218,66.39610441935343,64.87533128630683,61.64229471316083,73.17337382797464,86.0996813150726,63.746740636713014,65.34820031235766,51.35692711656734
2023-03-01,hizmet,3.061934585942949,3.3811388866223924,106.13244333060238,83.99704590225932,63.707327085539475,65.28773462259765,59.935205183585325,85.28329702791326,84.85754614873872,63.041667347952135,65.75791945607364,51.615030683637336
2023-04-01,hizmet,3.882511816340295,4.1247922715504926,48.79404031006855,50.86543216966144,67.71122065208763,67.82630319580105,58.60824742268043,71.95617942520565,50.88513210947869,41.8480222631362,68.28802679706338,53.19604104603255
2023-05-01,hizmet,4.614884627884286,4.54907684300343,57.375401662891434,60.42152866847168,75.91480883325872,72.3917438050372,59.910581222056635,64.07844795619539,60.442279675112374,48.22003200470526,72.835036016471,55.98338632070914
2023-06-01,hizmet,3.665734700217449,3.298974615409578,61.09594540562298,59.91214319447582,82.22815599438633,71.53239330133141,59.43621595795507,57.11184721764675,59.93607856582766,47.891374919854,71.98345948734834,55.466521133903065
2023-07-01,hizmet,9.799220857057245,10.274159310377339,101.0536097912102,101.16845204738519,72.96120640119892,74.21069271726859,69.62962962962962,73.56658331273461,102.14958126133796,72.48884307516138,74.80210424209297,57.16843266914879
2023-08-01,hizmet,9.197598253275107,9.192615851423236,138.66585948048242,139.3603136939476,93.80437430295565,95.95547306811308,79.57809694793534,99.26921029292014,140.54385370905092,91.06299910884061,96.78791542514813,69.64151555677293
2023-09-01,hizmet,7.873031742064485,7.032335604072926,179.83428159082476,175.88501566701643,112.32090841407319,110.04133909912622,86.43628509719221,138.29171730541768,176.13978150731282,105.996443063494,110.80790773169258,76.94390899167401
2023-10-01,hizmet,3.8229842446710016,4.6364098083789385,123.70614589753717,123.64768709493057,112.07764654762413,112.11048775783144,88.59427609427608,144.8890546818598,124.05467158571541,83.4454450555004,112.84394945354519,77.9671440653309
2023-11-01,hizmet,2.767239455478676,3.8959213945335414,75.48675067325826,83.30964912993932,104.65262318590085,109.4685062697248,89.74042027194066,122.42487302933603,83.48703575262088,62.25866722794162,110.24780246546304,76.66083316839111
2023-12-01,hizmet,2.366992399565704,4.30621858776552,42.30906613136256,65.3355030422818,99.55689736195794,113.57337813298254,90.6957928802589,88.12682523005162,65.343874862032,51.354199162712,114.26362394456002,78.675321113103
2024-01-01,hizmet,12.134068731438274,8.350871272775207,93.64614670149956,90.09225926640457,108.13417102076622,106.1884917243959,89.73438621679828,79.42402962856501,90.50322550862984,66.21204502029707,106.65561830350909,74.82874503789874
2024-02-01,hizmet,5.675368898978439,5.438233141749582,116.51360308085495,101.6336052322016,94.92375094179471,92.25344061399676,94.36325678496868,85.72765339554603,101.94464776411762,72.38129200916124,92.51316215926788,67.31997961855143
2024-03-01,hizmet,4.1890440386681105,4.550779600513732,132.34515773117727,103.53130292637975,81.83735154491214,83.44195363706753,96.48885887913572,98.5298645150819,103.81567796454539,73.35953606015408,83.65840673636968,62.35686761143304
2024-04-01,hizmet,4.158075601374556,4.339724491890018,72.96375014402466,75.02509563845558,83.01301520501568,82.40316844351298,97.01007474813127,92.43150180735368,75.04672802681178,57.314948936613334,82.62513750391942,61.7634969784552
2024-05-01,hizmet,4.041570438799091,4.0437490398304465,62.51280954336613,65.94792112459147,87.57994013493811,82.92260007210808,95.9304131717925,80.14424955995419,65.95187972117218,51.73701252893679,83.13931051109442,62.059152269049015
2024-06-01,hizmet,3.3137783415252864,2.9723621866246663,57.12032325395244,56.151232451078336,91.06581664236317,78.27412542017409,95.26520827090201,65.2677361616093,56.181311117904784,45.42334287338053,78.54754804027183,59.3914394667673
2024-07-01,hizmet,4.389195825659908,4.991942632048985,58.519532281632294,60.09234252148043,65.58421656217087,67.39228644357095,85.64410480349342,60.60880765865064,60.15282307908383,48.032215434016386,67.44804094127437,52.673582185314864
2024-08-01,hizmet,4.601587768303461,4.619487489120977,61.96019601469265,63.66542425160837,62.23626748832085,64.80272119879783,77.83054236440891,60.05042490053991,63.73533504831692,50.33516923117851,64.8401922539533,51.03609088005765
2024-09-01,hizmet,4.891075193253669,3.9101160828654447,72.07963014307568,69.70926723457316,64.42994591466795,62.78916191518407,72.91473586654308,64.56212970780564,69.72806144985076,54.086184816141625,62.825589059193646,49.75476384476108
2024-10-01,hizmet,1.9563178346509558,2.861081135007204,56.589928574348434,56.34572529232342,57.55177637088045,58.20794355931669,69.80584690917206,63.05208293049584,56.39121034853911,45.5627388279745,58.26177244025628,46.797477130995446
2024-11-01,hizmet,1.616506768300674,2.8501224527615276,39.465813289837534,46.03431277351737,50.29274918561644,54.598731415784215,67.90445168295332,56.771048915873415,46.054597323153644,38.4852786825367,54.663521500964094,44.41022395685761
2024-12-01,hizmet,1.034661148473881,3.179872493614555,20.059124480664646,41.972274031997415,43.73492872622939,55.222455184796985,65.71913449299957,47.82541715457849,41.974151886339705,35.56430432553314,55.28363618694752,44.825244570837384
2025-01-01,hizmet,10.266257040450588,6.023692280157911,64.25142017298771,60.25474509815814,60.37492993957449,58.28816871108198,62.95875898600076,49.412120099278134,60.434130990186,48.21474890613597,58.4008473325988,46.88874386705524
2025-02-01,hizmet,3.6104016716972387,3.3493465098527464,77.52745113981898,63.38891350239129,57.34996140605419,54.46807986808595,59.77443609022557,55.18741669948011,63.5413300435657,50.21164513450085,54.57143229820254,44.34846190851877
2025-03-01,hizmet,1.9495798319327573,2.342428001439778,84.04571971000479,58.14865464679764,48.648471141808194,49.84233091922612,56.340206185566984,60.56374334661889,58.35988020449221,46.86186716580174,49.96198980946003,41.21308574566744
2025-04-01,hizmet,3.0113199252665312,3.124500969917099,40.18288653856763,41.547187250874074,51.740693941699554,50.61078451508738,54.61893764434183,53.79633908760866,41.56213794920001,35.2651019248385,50.727601713230165,41.739925415487235
2025-05-01,hizmet,1.7283687186599783,1.7974045008411155,30.271642952846946,33.23463130480408,52.07495760057104,47.54342292960274,51.18122720786427,43.650494005181926,33.25722307955212,29.05733388879197,47.689240539370935,39.63448951164641
2025-06-01,hizmet,2.726796014682753,2.422244933896045,34.2898229364432,33.65075692876944,57.21153619269421,45.384618859118135,50.322283609576445,36.02691682255219,33.673205965374734,29.376601618617038,45.537427218763014,38.11923439220939
2025-07-01,hizmet,3.144461459928527,3.8856503029147005,34.98544539171393,37.64049750718619,37.55962116734928,39.580175074948045,48.52984416348134,34.87221349279237,37.70032581264531,32.42119895060744,39.61899298015783,33.84315043772297
2025-08-01,hizmet,2.6526774225477556,2.6947286241012502,39.95865089139876,42.558139844343266,35.028305910599535,37.81756492428594,45.76247364722414,37.98513088782967,42.590617511731544,36.01049544364798,37.8515286700076,32.53391466621998
2025-09-01,hizmet,4.097965480667254,2.9549944198300038,47.5821191747124,45.5474278446401,40.77917691390722,39.47230513787168,44.660324266380805,41.94160016724502,45.56882810947687,38.14149338738382,39.50483293460345,33.759047503000424
2025-10-01,hizmet,1.7969618377176921,2.8095470312333726,40.01976929186555,39.609852022878655,37.4795654688634,38.62167755922472,44.434222631094755,42.518071557587604,39.61075060193839,33.837080300658506,38.65252208189869,33.12913962563297
2025-11-01,hizmet,1.4558689717925288,2.812660136843692,33.60322221430037,40.25225241911885,36.74401901310793,41.40049580481984,44.20589756854631,41.7241183021745,40.25261839123198,34.30880635162828,41.417188989747885,35.15965089763813
2025-12-01,hizmet,0.8878923766816094,3.2625608793574568,17.87023884839558,41.93572874289466,31.892151536305356,43.73023425077576,43.99641577060931,40.618491691642625,41.939363810302346,35.539072189738086,43.74359560479228,36.840282788560955
2026-01-01,hizmet,7.387323317628236,2.7386824983530733,45.97449028291001,41.54479950312992,42.96613043623554,40.5739965756114,40.2368237752496,41.255214753743964,41.54909071640856,35.25561405821689,40.5768582486711,34.546347179437696
2026-02-01,hizmet,3.18708609271523,2.898464265356915,56.19591149665331,42.017906239585834,44.45856524502992,41.13231817677034,39.6638655462185,41.83349589085055,42.021766612820045,35.598830572269776,41.134651454534456,34.95381846194903
2026-03-01,hizmet,2.3906939430405005,2.826105010353097,65.71255362831594,39.632039657092236,39.75900069887148,40.77917212637019,40.2681613364106,41.0421080959684,39.63237786336122,33.85300709625234,40.78153912321856,34.69603964299522
2026-04-01,hizmet,3.0243673117605674,3.0635276095646757,40.379329698087574,41.40641967511347,43.149575964914774,41.47559267014713,40.28592766456845,41.009087067019024,41.40721006684787,35.15238754109875,41.478134088218496,35.20400079965782
2026-05-01,hizmet,2.304357745836194,2.4453404402035694,35.63703987114788,38.93203404579866,45.55394558507111,40.46649630709511,41.080230728893575,39.98020600382637,38.937152760230134,33.33989224048537,40.471698580369385,34.46936140637757
2026-06-01,hizmet,1.6874814154028916,1.4310942560481044,31.949066254612468,31.544682138371204,47.87026989196876,35.528049764706005,39.652884124553324,37.15280634387659,31.57887496197005,27.759849223265398,35.55080990446853,30.80642815975887
2026-07-01,hizmet,3.1800570217121127,4.064833407279833,32.74847813105863,36.731713495344295,36.510594381825356,39.04942308913058,39.701078887459154,35.690647347140136,36.82317679998475,31.765072414126028,39.09788440993953,33.45872997761239
2026-08-01,hizmet,3.0820461952671296,3.14831328511731,36.83120164870179,40.523493753970044,36.23281232376448,39.72549809702288,40.28541124288885,36.31101795037299,40.61869944393366,34.57696379378099,39.77560814849017,33.95842801713318
2026-09-01,hizmet,2.1513506082892153,0.856145749064785,39.34507693117541,37.36432790528576,35.596654782652195,34.42301458995702,37.66209707299002,38.206835848610396,37.50733864827862,32.27716976584772,34.513170495642065,30.018509494556554
2005-01-01,temel_mal,,,,,,,,,,,,
2005-02-01,temel_mal,-1.9316493313521699,0.682876243196251,,,,,,,,,,
2005-03-01,temel_mal,-1.0606060606060508,-0.11488654684554955,,,,,,,,,,
2005-04-01,temel_mal,2.9096477794793074,-0.05397970873609603,-0.5930302412362032,2.0675163331480784,,,,,2.075526160138841,2.0560399504584215,,
2005-05-01,temel_mal,3.571428571428581,-0.3118924879395579,23.669104569360066,-1.90689138455582,,,,,-1.9061757306999327,-1.923034974084814,,
2005-06-01,temel_mal,0.7183908045977017,0.10646580436342035,32.80650470042943,-1.0344721457406059,,,,-0.30720379543242027,-1.0327050419996486,-1.0376255692489345,,
2005-07-01,temel_mal,-3.1383737517831634,-0.48683962893163457,4.23222412297759,-2.737820358063736,1.7910091868703404,-0.3641173612592863,,-1.8947623049089923,-2.7341904444258325,-2.7690652500310886,-0.35593067882011553,-0.35651264978633357
2005-08-01,temel_mal,-1.9145802650957222,0.10510396864029659,-16.158322660123737,-1.1001856414411426,1.826446280991778,-1.5043644016579982,,-1.6269739652087445,-1.095539661349354,-1.1010794237116706,-1.5016221348420289,-1.5120571988982423
2005-09-01,temel_mal,0.0,-0.33281023841159607,-18.524910761388846,-2.824717541338251,4.021256586985733,-1.9336799767207813,,-2.2240637797314,-2.821037048194397,-2.8581835948117362,-1.9306076480596124,-1.9479045820303353
2005-10-01,temel_mal,3.003003003003002,0.21034586094836882,4.187919474913593,-0.07273979838585687,4.210069444444464,-1.4142853509906406,,-1.3395884930543334,-0.06941953807613199,-0.06944163529172265,-1.410057624222072,-1.4192534426614056
2005-11-01,temel_mal,1.4577259475218707,0.1528601157152698,19.272422943807975,0.11808191713666982,0.0,-0.49291625447058784,,-0.9360736132350889,0.12165072862846404,0.12158295300817024,-0.48865040173673435,-0.48974823535175016
2005-12-01,temel_mal,0.0,0.8579483212237005,19.272422943807975,4.9890936019225895,-1.4214460288033415,1.0066573342851992,,1.6550486498603911,4.995470626874621,4.884617191549356,1.017935354504873,1.01321679836881
2006-01-01,temel_mal,-2.011494252873558,0.616906174186771,-2.3120410360163435,6.7032823733572,0.8856045340869922,3.2597049293129343,1.3372956909361022,3.9061770940330254,6.708709007775693,6.510858444502965,3.2686790665823473,3.220708404605621
2006-02-01,temel_mal,-3.2258064516129115,-0.8550517480261699,-19.139060359319704,2.4723547872444795,-1.7936855774693616,1.2883784588895608,0.0,4.7093954807729155,2.5075773016208336,2.479210989537206,1.3081756009804657,1.3003969712726882
2006-03-01,temel_mal,-1.3636363636363669,-0.5594313313412869,-23.460257672461083,-3.1676223683710147,-4.453778102426775,0.828287493459956,-0.3062787136294043,1.9250452930523965,-3.14406911003563,-3.190307620722743,0.8504518646637482,0.8471547854133066
2006-04-01,temel_mal,3.0721966205837115,0.12595823760062075,-6.29719708593528,-5.0437619678235235,-4.325366131458841,0.6585430048490659,-0.14880952380952328,-1.970427703440647,-5.034070737034879,-5.154099367067344,0.6804927629054047,0.6783795387178104
2006-05-01,temel_mal,4.172876304023854,0.47128214964440307,25.815156111262883,0.14030657731642915,0.8639268727705263,1.299620058982498,0.4310344827586299,-2.7151137425521554,0.15134109947920749,0.15123622361494782,1.3231809536145,1.315223606576077
2006-06-01,temel_mal,1.573676680972813,1.118097053127931,41.4846877285536,7.070559411466859,4.063449597040569,1.8228699367726753,1.2838801711840153,0.6026607220551039,7.081290391753914,6.8613497614918195,1.851041955730759,1.8355210703845382
2006-07-01,temel_mal,-1.1267605633802802,1.4191332770815857,19.80042750984925,12.710119181501955,5.951101211719889,3.4530275324685,3.3873343151693547,6.537235881498504,12.720497300900169,12.03404991941568,3.4947334446778777,3.4399752761741675
2006-08-01,temel_mal,-1.2820512820512775,0.6643293121582072,-3.389520979087479,13.578871283483874,10.250000000000004,6.648126992618275,4.054054054054057,11.097046990243253,13.585296131113411,12.806238569470896,6.6746230115711125,6.478737396542922
2006-09-01,temel_mal,1.443001443001446,1.2685104746611664,-3.885722600956576,14.256176067501713,16.613457731340887,10.605030119621839,5.555555555555558,13.517743604398348,14.263318182563411,13.407892255603837,10.61888554417363,10.134621008547828
2006-10-01,temel_mal,3.271692745376953,0.5468244568954672,14.392627184856055,10.375717993465038,17.06530502553074,11.53681154572823,5.8309037900874605,12.713015491856394,10.382221634965315,9.918656974859363,11.545743169100042,10.976353447137521
2006-11-01,temel_mal,1.2396694214876103,-0.012257491962441858,26.536674871260367,7.438064723488269,10.565676288014124,10.465805225760615,5.603448275862055,10.639793077637938,7.45556452932481,7.212309758376767,10.481467790721787,10.00927416392383
2006-12-01,temel_mal,-1.0884353741496655,-0.17821665969650624,14.371111920424774,1.428916397722535,4.846062289228326,7.6516610660239515,4.454022988505746,6.335072764197935,1.4347504640725095,1.4254012209460765,7.674027491079483,7.416646738274957
2007-01-01,temel_mal,-2.3383768913342484,0.13696100773890052,-8.528265971948624,-0.2148352822358368,2.2921891867760946,4.946935166394439,4.105571847507328,2.820456752736855,-0.21384269901296715,-0.21405257568019032,4.9616838828673515,4.8523021995895865
2007-02-01,temel_mal,-1.6901408450704092,0.5101087667353621,-18.665962027308048,1.8867942522218017,1.4482070759127108,4.625618255468078,5.757575757575761,1.0298364169581742,1.8916171050601172,1.8754124591110255,4.639696346687283,4.543861108743896
2007-03-01,temel_mal,0.42979942693408546,1.1076988987266168,-13.556084840284377,7.239185335196274,-0.5681806685026047,4.2935969459462875,7.68049155145929,2.932157979103933,7.249344836359395,7.0190746928035175,4.304912326642385,4.222237956874797
2007-04-01,temel_mal,2.853067047075619,-0.06582157479427808,6.3426954245962675,6.373160564366986,-1.3726673193239725,3.0265176955162953,7.451564828613999,5.145187394768924,6.3876611869774,6.207944362670803,3.038456582986404,2.9969458934953064
2007-05-01,temel_mal,3.4674063800277377,0.000634429352230903,30.4768968885869,4.232729955894321,3.015595353787792,3.053086859946097,6.723891273247484,5.939179188965449,4.2506784067308345,4.170047013138278,3.064960795419025,3.022729736124652
2007-06-01,temel_mal,0.13404825737264314,-0.15670465419079793,28.946730650063344,-0.8842131727281655,5.577745024397918,3.0975083753900012,5.211267605633796,3.1860210909383957,-0.8839654477791559,-0.8875671985313804,3.1092007607707695,3.0657537471360685
2007-07-01,temel_mal,-2.5435073627844695,-0.19183654108616555,3.94041784532988,-1.3832003258797854,5.134695496925246,2.42158300904749,3.70370370370372,0.618762013520624,-1.382785084483018,-1.3916270636989303,2.4349170512772744,2.4081586494859364
2007-08-01,temel_mal,-2.197802197802201,-0.35444256956206344,-17.02167485836852,-2.776411324265926,4.0516908728171375,0.667174708445728,2.741702741702756,-1.683553727008813,-2.775976323705809,-2.8119350593561077,0.6811734215145693,0.6790559768910853
2007-09-01,temel_mal,0.1404494382022392,0.12218566050148372,-17.000454895408566,-1.6855604117360423,3.452984426161154,-1.285699940317342,1.4224751066856278,-1.9499019975653398,-1.6832463683795207,-1.696373800586981,-1.2843474451756598,-1.2919704995591808
2007-10-01,temel_mal,2.244039270687237,-0.37923739795313605,0.5505836961856136,-2.4218683156577825,2.2314515399901147,-1.903909023398398,0.4132231404958775,-2.295575994163601,-2.418741498630128,-2.445977228054863,-1.902016842212395,-1.9188021458768967
2007-11-01,temel_mal,1.2345679012345734,0.0363544196612553,15.426485569596139,-0.8820843604347206,-2.133271999367492,-1.833817123526682,0.40816326530612734,-1.665614361201273,-0.8792261464784179,-0.8827892711615881,-1.8318003976091957,-1.8473621652588479
2007-12-01,temel_mal,-0.6775067750677488,0.2939127661440333,11.701184674405706,-0.20031440701117065,-3.7132017583945798,-0.9457211415900724,0.8253094910591452,-1.1724671143627408,-0.19570508492059435,-0.19588084859138988,-0.9420352856652658,-0.9461273245891855
2008-01-01,temel_mal,-2.8649386084583894,-0.5440716815335644,-9.0066066254764,-0.8591981800785908,-4.347301050597762,-1.643636630487566,0.28169014084507005,-0.6472118887269063,-0.8518736938484373,-0.8552179829131035,-1.638167516831457,-1.6505976054839833
2008-02-01,temel_mal,-1.6853932584269704,0.3115096566168374,-19.05934532937098,0.23607828956944132,-3.34238101249843,-0.32457097184681594,0.2865329512893977,-0.27508409147684043,0.2456791734716468,0.24540296490922486,-0.3182280572313734,-0.3186931531261816
2008-03-01,temel_mal,0.8571428571428452,1.3925711463227852,-13.939690097037804,4.700875271532601,-1.9538956938759178,2.2209099617573003,0.7132667617689048,1.3415473660471688,4.739998376141208,4.640036485624233,2.244848892870843,2.2220778185164214
2008-04-01,temel_mal,3.682719546742219,0.7598742079077292,11.718308025529378,10.300651358154699,0.8247387762705838,4.571960949898335,1.5256588072122046,5.014181255066297,10.313449085675064,9.855820043389407,4.594296187692937,4.500301030238152
2008-05-01,temel_mal,4.508196721311486,1.2217383810866123,42.64402358392343,14.35895487308998,7.450922070196309,7.064901596052375,2.5469168900804418,9.728429196296261,14.363751506700261,13.496734941268507,7.091639116670034,6.871068953088866
2008-06-01,temel_mal,0.39215686274509665,0.26027407750830456,40.0316080070674,9.335496876307214,9.7777918401456,6.993094268729716,2.8112449799196693,11.307680823741805,9.345461538550515,8.967546666010584,7.020022823552674,6.803791575817408
2008-07-01,temel_mal,-2.734375,-0.5424700662706616,8.45212926326575,3.7914054998212876,10.073104721626036,6.996540280556007,2.6098901098901006,9.06040040211684,3.8235843992878715,3.7581695692970207,7.023431644217704,6.806994806343214
2008-08-01,temel_mal,-1.6064257028112428,0.16593293545079657,-14.787439427150828,-0.47174540176413426,10.250000000000004,6.686208931600257,3.2303370786516794,4.128636322195467,-0.4640622388221938,-0.465052213246242,6.713997643007108,6.515841364011132
2008-09-01,temel_mal,0.2721088435374108,0.39926751934338256,-15.194294518607144,0.08131785588736395,8.974672776444725,4.606121311370126,3.3660589060308554,1.1088861225061253,0.09095945283965623,0.09092155409406999,4.624449454988522,4.529234110052327
2008-10-01,temel_mal,2.578018995929443,0.021220842404567897,4.907074146175527,2.3695851904591336,6.664875033593076,3.078043866535629,3.703703703703698,0.6519975343373341,2.371068828328826,2.345685188794988,3.0949817309365857,3.0519273790460044
2008-11-01,temel_mal,1.4550264550264647,0.31147586720485787,18.58563936329467,2.9658627363100765,0.5235593147934647,1.2324681184177733,3.9295392953929476,1.7973740385977433,2.967468138992735,2.9278569158112333,1.238376124505347,1.2314023512824956
2008-12-01,temel_mal,-1.1734028683181186,-0.15155578335027675,11.894018487449042,0.7247723804320483,-2.58721245659721,0.40252965223499526,3.4106412005457054,2.014842103169112,0.7269747704699903,0.7245637050365961,0.4085054910164754,0.407742629565333
2009-01-01,temel_mal,-1.58311345646438,0.6292497652840012,-5.186947717830581,3.1964195149541297,-0.26755840855613444,2.782170919311011,4.7752808988763995,2.2902796423648564,3.202753444264883,3.1566793965543294,2.7861400503437883,2.7511822926746587
2009-02-01,temel_mal,-1.3404825737265313,0.4618704606854429,-15.212896027720346,3.8166923954481957,0.2722939515942713,3.3904023540263006,5.142857142857138,2.5741598606835225,3.823675687055239,3.7582577704766695,3.3947594950541227,3.3430573431439514
2009-03-01,temel_mal,-1.4945652173913082,-1.117647526590948,-16.30968475654018,-0.14331628200439095,-3.229933961621534,0.28978880304764143,2.6912181303116123,2.279060565702662,-0.1060576131968971,-0.10610920248601552,0.3096658931239782,0.30922725127529027
2009-04-01,temel_mal,1.6551724137931156,-1.1932360681872534,-4.739108499623834,-7.183133524930662,-4.963291901122591,-2.1308613973498702,0.6830601092896238,-1.2593991038987729,-7.15041702070044,-7.396052536371034,-2.099214099953761,-2.1196865699083522
2009-05-01,temel_mal,3.3921302578018953,0.3517461087792828,14.896983795606044,-7.589441022597998,-1.2995313527874863,-2.0522661035571876,-0.39215686274509665,-5.031403539269352,-7.5611184867657055,-7.836549943995674,-2.020195590305185,-2.0391460867595024
2009-06-01,temel_mal,0.3937007874015741,0.4233448385447369,23.963467080269417,-1.692836097764383,1.8554939049435726,-0.9211053099667632,-0.3906249999999889,-5.528364858354173,-1.6598178769958727,-1.6725804834529345,-0.8857286682358412,-0.889344842969475
2009-07-01,temel_mal,-0.7843137254902044,1.298210017789625,12.485657745789869,8.603932027742701,3.51562219235384,0.400580962893371,1.6064257028112428,-0.45517718183463174,8.615808839076887,8.293203860454579,0.4494990710879332,0.44857566204177246
2009-08-01,temel_mal,-1.3175230566534912,0.38238864158328667,-6.651491037522428,8.736642190016441,3.563807006143649,0.24177714957556162,1.9047619047619202,5.105272845380027,8.74809941970236,8.415773991670594,0.2899967609221843,0.28961202383746
2009-09-01,temel_mal,-0.2670226969292422,-0.003625278301655488,-9.084764789693622,6.899139456545611,6.161046373365031,2.5131758534607584,1.3568521031207537,8.075184933419187,6.9180159114865525,6.707893524285025,2.5469125476587084,2.517656520416045
2009-10-01,temel_mal,4.016064257028118,1.4962701397129852,9.82898540348318,7.737639277389885,11.149384445724998,8.169918428882617,2.777777777777768,7.787632849435533,7.763403404375424,7.500134011978465,8.188836583750936,7.896668936216522
2009-11-01,temel_mal,1.4157014157014203,0.3318288702307326,22.511709276914083,7.520745598346812,6.940569436694433,8.126984800886849,2.7379400260756137,7.38766004702569,7.5470167714127845,7.297894926568249,8.14602963602249,7.856834459119422
2009-12-01,temel_mal,-1.269035532994922,-0.19269387906807323,17.661933491377944,6.709867625132571,3.4275705925071343,6.804461613963397,2.638522427440626,7.321546062010631,6.741362261500816,6.541620523502578,6.829655615023222,6.624757023893801
2010-01-01,temel_mal,-1.9280205655527016,0.14362704718302588,-7.014747095953178,1.1340775006756454,1.0567958325305105,4.383651787142351,2.278820375335111,5.072603793817376,1.136929934381814,1.131048153382741,4.401984199234166,4.315591082680603
2010-02-01,temel_mal,-1.4416775884665833,0.15299618101602963,-17.0595299330912,0.414952516629552,0.8026723660028878,3.907124701873066,2.1739130434782483,2.7024170644109446,0.4165104079646431,0.41571739652392914,3.925718744877238,3.856806161546089
2010-03-01,temel_mal,0.0,0.23741360376823284,-12.712315220744653,2.157077623542558,1.343168300152886,4.408659747066124,3.724137931034477,1.2329956362881145,2.157186251342136,2.1361473278691534,4.426217824539624,4.338883925685866
2010-04-01,temel_mal,2.92553191489362,0.06072411604298722,5.892619302742497,1.8192184664848288,-0.7707100371192821,1.476069747737574,5.020352781546822,1.4611362887700485,1.819535601486133,1.8045356033089988,1.4777066421422846,1.4677918783458699
2010-05-01,temel_mal,3.2299741602067167,0.3999779634835665,27.44293212890625,2.827302830214551,2.811364631915292,1.6139691730870043,4.855643044619429,2.2675610352365094,2.8284815578989875,2.7924627331791463,1.6159361699530583,1.6040900648515377
2010-06-01,temel_mal,0.0,0.1918602578307116,27.44293212890625,2.6405088812436084,5.471315944250965,2.39850796325658,4.444444444444451,2.4287855293477323,2.641704977729731,2.6102493494290613,2.3991829232887563,2.3731983386491073
2010-07-01,temel_mal,-1.3767209011264159,0.5468770332776485,7.433822253599298,4.6498415064873955,6.660437089573623,3.2248278023850885,3.820816864295118,3.3702684297092667,4.651163774848821,4.554861018367706,3.226449762822692,3.1796983108383525
2010-08-01,temel_mal,-1.5228426395939132,0.09912984390318957,-11.026685859229456,3.4011368774364614,6.484834766862835,3.113820677369028,3.604806408544725,3.5613210751142654,3.4034324045141062,3.3514685400461985,3.1155896499582836,3.0719656366126724
2010-09-01,temel_mal,-0.6443298969072142,-0.24614182476896396,-13.297744609768037,1.604831611480706,5.117028349932107,2.12135732252805,3.2128514056224855,3.2099846603285798,1.6112378793446291,1.5994602096474964,2.1252800378187997,2.104854779538279
2010-10-01,temel_mal,2.075226977950706,-0.33716617345036504,-0.5066487597160885,-1.921696861603761,3.3873832368514156,1.3108033659707585,1.2870012870012992,1.002947172730062,-1.9196133457204723,-1.9367126172645577,1.3169571766203036,1.3090742005515743
2010-11-01,temel_mal,1.1435832274459878,0.12032026912032201,10.714725066500929,-1.8386199758077204,-0.7495289011138828,0.7471999211866809,1.0152284263959421,-0.7331942170914929,-1.8363119424793184,-1.851950916396028,0.7523406523875842,0.7497588118250853
2010-12-01,temel_mal,-0.6281407035175879,0.5093222276744136,10.786902939063324,1.1689460019781217,-1.9924780819579047,1.3866545598678615,1.670951156812328,-0.8728786336581806,1.176198833432851,1.1699052933774823,1.3935044777610095,1.3846827515124893
2011-01-01,temel_mal,-1.643489254108721,0.30666301524937545,-4.4964624669006525,3.808622635435488,-2.5219665541498126,0.9027926234830508,1.9659239842726217,1.0210583402719076,3.8101845796330913,3.745222048176444,0.9080118293119277,0.9042547154559433
2011-02-01,temel_mal,-0.25706940874036244,1.120839695991438,-9.67777778435982,8.020747226296642,0.0,2.9731305680162468,3.1914893617021267,4.3021661388090715,8.028401422631525,7.747299755660908,2.9878258994515905,2.94767441963244
2011-03-01,temel_mal,0.9020618556700999,1.0207355686930875,-3.984551645522183,10.236116572197918,3.1370649063573897,5.605263718057429,4.122340425531923,7.336505331193566,10.24468301866641,9.792953119735603,5.621258868050494,5.481429206556543
2011-04-01,temel_mal,3.575989782886335,0.7192934599895562,18.076923451984463,12.061248609345387,6.192108420020981,7.85603306696967,4.780361757105922,10.102261450467577,12.063171243238235,11.443474898696326,7.864344800314105,7.594348473436385
2011-05-01,temel_mal,3.4525277435265345,0.8386132646747813,36.647269589461274,10.815432673880165,11.095837226332694,9.409167082278325,5.00625782227786,11.035637803160835,10.816436657580407,10.3145691734297,9.414278941097209,9.030934464545304
2011-06-01,temel_mal,0.47675804529201393,0.8200749244430039,34.35791330976765,9.93758791444488,13.580083141409105,10.08675105117327,5.506883604505619,10.927973425548476,9.937766421356354,9.511926596429365,10.091126678564134,9.652439858082484
2011-07-01,temel_mal,-1.4234875444839812,0.3624527900813357,10.235297447423374,8.387846695646184,14.088758334930374,10.209243871793404,5.456852791878175,9.703273443918835,8.390961888742975,8.084563916796483,10.213047506001494,9.764019407746405
2011-08-01,temel_mal,-0.361010830324926,1.1964912734783617,-5.142100441722031,9.934738787878029,13.851100010628127,10.374207334271258,6.70103092783505,9.418434038681989,9.942292341096026,9.516075952010805,10.378571264863234,9.915322562720252
2011-09-01,temel_mal,0.24154589371983004,0.7935532531149647,-6.027220819808399,9.819106946557632,12.365415135486057,9.878331460861766,7.652399481193273,9.38282118509861,9.826631652435381,9.409989266698648,9.882186157543217,9.460957931564007
2011-10-01,temel_mal,3.1325301204819356,0.7368184098669683,12.587704236545472,11.466858761425947,11.405291909487492,9.916571994757394,8.767471410419315,10.407550403413213,11.469606718309011,10.907451745841179,9.920404573842113,9.496007831318831
2011-11-01,temel_mal,2.102803738317749,1.122070243073403,24.14361377838745,11.139324397931016,8.517291002825566,10.535390697947022,9.798994974874375,10.809220475135817,11.141212645575083,10.609767624221345,10.540262518257858,10.062921788116075
2011-12-01,temel_mal,-0.3432494279176135,0.8207641646952979,21.27191918167526,11.259388711702822,6.75326356612056,10.536902018009897,10.11378002528447,11.28768170574177,11.261181925851727,10.718611270542677,10.541773631924855,10.064300268620663
2012-01-01,temel_mal,-1.148105625717577,0.6308467783981309,2.3569996513227665,10.79196289350337,7.3505454261100445,11.128898490677397,10.668380462724937,11.062559334977617,10.794635146080033,10.294724744667327,11.131651196202718,10.601088245254253
2012-02-01,temel_mal,-0.696864111498241,0.5410424142350267,-8.416185441018287,8.267468620111984,6.628071833648419,9.693998544648963,10.180412371134029,10.090664460628318,8.268340034645094,7.970613429313822,9.696155537524076,9.290190526767583
2012-03-01,temel_mal,0.46783625730992817,0.5010830758464868,-5.398061582882907,6.900813890914836,7.110030483379282,9.058329376011853,9.706257982120059,8.631778629677434,6.901000632765397,6.691889073918578,9.061119100217008,8.705250172230627
2012-04-01,temel_mal,3.72526193247964,0.8869633564024149,14.682779549499813,7.993273036544601,8.344751725041455,9.38366742349075,9.864364981504314,7.718393357692155,7.995191828908776,7.716355385935714,9.386704570439752,9.00554006530152
2012-05-01,temel_mal,2.1324354657688005,-0.21975215727059183,28.32199720937849,4.7614455589371385,8.407647314485578,6.500030608680141,8.462455303933236,6.5415049661951,4.774581385643106,4.673177099913239,6.508329643119004,6.321895264613531
2012-06-01,temel_mal,0.0,0.4639843972348512,25.94847516986578,4.606845842113705,9.155713967476032,5.747609708604795,7.947805456702262,5.7726915737262186,4.619809470303959,4.524782385466697,5.754766927463706,5.608335729692637
2012-07-01,temel_mal,-1.318681318681314,0.3469713755194226,3.179764078905545,2.3851530526810993,8.779327713635542,5.151832073942519,8.062575210589639,3.907602806293675,2.39061517540351,2.3648144619347278,5.158681966671885,5.040584923935221
2012-08-01,temel_mal,-1.0022271714921982,0.4951333197102725,-8.916130037463644,5.351031742385914,8.111350501008863,5.0558250477231725,7.367149758454117,4.106232343617178,5.351286737777383,5.224356369858185,5.06257133400545,4.948766734885712
2012-09-01,temel_mal,-0.6749156355455588,-0.05672649015336928,-11.350305146947148,3.183791121973467,5.665954266338358,3.8928820049821233,6.385542168674685,3.6327148626959183,3.18714326871945,3.1415128203053033,3.901212837270873,3.833147602886
2012-10-01,temel_mal,1.925254813137034,-0.4468390129265254,0.8938491940249538,-0.04267625987719459,2.030405060708107,1.1639554874604219,5.1401869158878455,2.8055374581515524,-0.03372351984106681,-0.03372873347848859,1.1717894803772833,1.1655428642281196
2012-11-01,temel_mal,1.4444444444444482,0.5287404846128885,11.243864205052855,0.09110007824661981,0.6604274846033542,2.6873929042591227,4.462242562929064,1.0651760262614385,0.10074641631290238,0.1006999261319752,2.6952611635381762,2.66252814799508
2012-12-01,temel_mal,-0.3285870755750375,0.8147223550651228,12.80354677561113,3.6279759879750184,0.0,3.4056450525603132,4.477611940298498,1.2164620260403103,3.6460417968804393,3.5864953070059435,3.4163592057424808,3.3640040636556234
2013-01-01,temel_mal,-1.2087912087912045,0.4577361368904409,-0.4437042522481116,7.446023361017451,0.2228411565418753,3.6340530023120543,4.413472706155641,3.6828818796637686,7.447538989089386,7.204795906273809,3.645047986165384,3.58553358639766
2013-02-01,temel_mal,-0.6674082313681939,0.4675625326797439,-8.478585137204476,7.184711833955726,0.9019120079056142,3.5771969066092035,4.444444444444429,6.0737026682624595,7.1864626264255715,6.9600840985412304,3.588081088007944,3.530392012336603
2013-03-01,temel_mal,0.33594624860022737,0.27458829968689535,-6.013285249115863,4.906056365254785,2.9661826702698457,4.265057857423016,4.307334109429584,6.50165442791002,4.906548335392236,4.799547877028321,4.274549122885407,4.193021592017132
2013-04-01,temel_mal,3.0133928571428603,0.20939789893246186,11.113809417996844,3.8725574558840625,5.176419753086425,5.644182210728221,3.5914702581369307,5.307088648115776,3.873301284013486,3.8061949251964045,5.646565097137879,5.505495415735107
2013-05-01,temel_mal,2.1668472372697645,0.061788303213572426,24.34861011878322,2.2045904748980494,6.679710977735476,4.665035127111139,3.6263736263736357,3.6524150691484625,2.2050748012030663,2.1830980073317185,4.668607078372622,4.5715910529364745
2013-06-01,temel_mal,-0.31813361611876534,0.2510819808352993,21.137714544865815,2.1087891720337426,6.7020891196715615,3.497972889662404,3.296703296703307,2.7239206602381882,2.1091919604746323,2.0890727319253344,3.4992072347799663,3.4443103044768275
2013-07-01,temel_mal,-0.42553191489362874,1.1623760614875467,5.753948351547455,6.0487126126224755,8.400756742444004,4.954995088262337,4.231625835189301,3.444848610643314,6.063229776322232,5.900985382145674,4.963030304735261,4.853590153671039
2013-08-01,temel_mal,-0.6410256410256276,0.8376110231961942,-5.401331581587154,9.376129748845962,8.458346552569541,5.72957272546839,4.6119235095613,5.8165610592122885,9.385332442978056,9.00427626207616,5.739348435257963,5.59368713470394
2013-09-01,temel_mal,0.4301075268817067,1.0937812360058308,-2.528849896130536,13.100374053874454,8.662009725765296,7.464144018110641,5.775764439411102,9.483721852890481,13.101673379449563,12.375073282758287,7.476676265352555,7.2320730073418105
2013-10-01,temel_mal,3.2119914346895095,0.7826996020841248,12.513527461719587,11.411983284783368,9.081390585365678,8.697274100918918,7.1111111111111125,11.290422441128833,11.413189268654044,10.856367445144599,8.708044232563172,8.378676413645136
2013-11-01,temel_mal,0.9336099585062207,0.07303432166096968,19.817310489012606,8.07120301122566,6.4638813200802,8.721708608123313,6.571741511500551,10.829944594225683,8.082898434014707,7.798060639003701,8.732327835529397,8.40116845053993
2013-12-01,temel_mal,-0.6166495375128478,0.47448570086716657,14.899566831400058,5.4472819791447025,5.827184246265249,9.20680855517042,6.263736263736264,8.270560032475483,5.4525778608488285,5.320878498449044,9.215756698550726,8.847975890603665
2014-01-01,temel_mal,-0.5170630816959787,1.0822344355269742,-0.8272964887187539,6.7064752324310195,5.632716049382691,9.033848115957799,7.0077864293659475,6.732747660322147,6.717369121618355,6.519017832220442,9.042110085906074,8.68769263868252
2014-02-01,temel_mal,0.6237006237006293,1.6753747033719346,-2.0397086404289944,13.70658795513451,8.33899872817665,10.853090848262381,8.398656215005595,8.584528032598794,13.722641250693691,12.928379359064301,10.869902128686482,10.363219999034001
2014-03-01,temel_mal,1.8595041322313932,1.7407046662930803,8.094043631451298,19.54775513839364,11.444868837951482,12.276381514777789,10.044642857142838,13.240115734268866,19.55387238259849,17.993255220767956,12.300498209449273,11.6570668596085
2014-04-01,temel_mal,3.9553752535496978,1.1415340442362476,28.88286255280894,19.828531510751834,13.056012293176767,13.07731969670407,11.050920910075845,17.68268829315669,19.833562457031807,18.23045365560505,13.101295514704937,12.374735743912746
2014-05-01,temel_mal,2.536585365853661,0.6566029803435347,38.96628091949126,15.097579013963426,16.67552171740805,14.399969368764598,11.452810180275709,18.120818304036934,15.110837481578066,14.15536676349145,14.414809453298227,13.541873061277876
2014-06-01,temel_mal,-0.38058991436725753,0.25463545928094966,27.139080724092814,8.518822383303615,17.23044544423047,13.899875356323399,11.382978723404257,14.346732745536084,8.527265388051685,8.211089935442928,13.918331025407692,13.102172578105442
2014-07-01,temel_mal,-0.764087870105068,0.730477331690027,5.576370718152046,6.7653908732799195,16.648981461871305,13.108531970477632,11.00427350427351,10.042960346542884,6.768163513404368,6.566863085258046,13.128079052449193,12.398658370431548
2014-08-01,temel_mal,-1.1549566891241647,0.3441922693221189,-8.826020652845102,5.446066115401105,12.561577931835233,10.166178686695847,10.430107526881716,6.895280875068832,5.448737228258116,5.317220241172382,10.182740391603629,9.736293502331916
2014-09-01,temel_mal,-0.4868549172346581,0.16747120329572152,-9.214423346563693,5.079832743419588,7.43553768993086,6.785484526458019,9.421841541755892,5.759151385098327,5.08328647820977,4.96856321723147,6.792550323661062,6.589826576337199
2014-10-01,temel_mal,2.739726027397249,0.24962431540185293,4.302569169135206,3.0876928860354758,4.937537180249851,4.9104276285356185,8.92116182572613,4.529694476917134,3.088013718951199,3.0451511520787733,4.91329770771094,4.8060071186684095
2014-11-01,temel_mal,1.333333333333342,0.5216934094253833,15.208557099439268,3.8190473171195727,2.4891340855204946,4.629394184612168,9.35251798561152,3.990266437910295,3.8204651172050186,3.755155712491831,4.631697773062804,4.536187976832107
2014-12-01,temel_mal,-1.0338345864661758,0.00880193053909295,12.696363277424894,3.162794612470443,1.149415850444524,4.116901621312841,8.893485005170621,3.3563199080353767,3.165497433933373,3.120478621465317,4.120344519404395,4.044520919348393
2015-01-01,temel_mal,-0.7597340930674323,0.7862695343393789,-1.8911996030460898,5.389553848965023,1.158291501508546,4.232269286331869,8.62785862785862,4.121881390549609,5.396088748629002,5.2670594972154205,4.236195356545802,4.156105324647097
2015-02-01,temel_mal,-1.0526315789473606,-0.1270525432256142,-10.81010694078708,2.6951300384566723,1.3678395113816189,3.255559485677506,6.818181818181812,3.7428385214942184,2.7050447538028655,2.6720756866114304,3.261374366486458,3.2136156995516307
2015-03-01,temel_mal,0.6769825918762074,0.6102303589926139,-4.481073422150872,5.18783687222657,3.7527621294342284,4.170395079310074,5.578093306288046,4.417101408601454,5.197648668816557,5.077789400425514,4.177030988315922,4.0991340109454155
2015-04-01,temel_mal,3.458213256484144,0.7028852737532176,12.823002034170106,4.840165263192553,5.208979591836704,5.114500629264418,5.073170731707322,4.238274648304374,4.848785385885179,4.744252358080869,5.1221105673835865,5.005655927648145
2015-05-01,temel_mal,3.249767873723308,1.5322007175132546,33.763306002227836,11.982827119094065,9.226072700548338,7.238477204170413,5.803996194100858,7.303217796702066,11.994135335756662,11.381265401036345,7.257444243498634,7.0266705438238874
2015-06-01,temel_mal,-0.17985611510791255,0.483159348300255,29.267395036397126,11.418159478410361,11.119227928344767,8.258187606382705,6.017191977077352,9.379406922105815,11.431534784656684,10.872981358266909,8.273472566796002,7.9753853793462115
2015-07-01,temel_mal,-0.7207207207207245,0.6400725880726377,9.613378778828352,11.140434419639988,11.20661157024796,7.944344511317825,6.063522617901818,11.511572277244486,11.154392651185518,10.621730615544589,7.959396073495828,7.682991486812729
2015-08-01,temel_mal,-0.7259528130671544,0.8385070198767774,-6.3192974550514975,8.134062550145282,11.9421300539865,10.041619545689251,6.523855890944508,10.20984390315367,8.135416255633787,7.84695582499868,10.049273587603524,9.614110613017512
2015-09-01,temel_mal,0.8226691042047429,1.407167762900019,-2.4987609842813785,12.16671650254022,12.266340371382345,11.791811450793066,7.925636007827785,10.4697688873848,12.173686937900774,11.542989483397736,11.80204637078317,11.207985420832323
2015-10-01,temel_mal,3.89845874886674,1.3161891105024859,16.953195492504,15.2114454178788,13.223826630767954,13.157633829351912,9.142857142857142,11.82228899892246,15.215649535158015,14.24745557311713,13.168322142680712,12.43459309433086
2015-11-01,temel_mal,1.7452006980802626,0.9809675236408966,29.04016618881102,15.863890417303628,9.948048755240446,11.932270474997031,9.58646616541352,14.41429692320586,15.866170445326855,14.817297588173606,11.939632085997932,11.332126706586143
2015-12-01,temel_mal,-0.5145797598627877,0.501729091163372,22.32913565803969,11.780906785305167,9.211914617320026,11.97364547867592,10.161443494776833,14.260473154940922,11.788264884113486,11.195542901227018,11.980823908533456,11.369266192312377
2016-01-01,temel_mal,-0.775862068965516,0.7965881452282497,1.756655426117426,9.505409205803561,9.09063211254244,12.322199389421318,10.143540669856455,12.331740574629624,9.507931246076339,9.117139040130073,12.328562747210881,11.682297306623601
2016-02-01,temel_mal,-0.8688097306689846,-0.045993178596026585,-8.304425469804356,5.118291934509189,8.77689173788223,10.360383551137176,10.348162475822043,8.750012960465359,5.125921498034192,5.009296231182381,10.376353721611764,9.913296909677994
2016-03-01,temel_mal,0.4382120946538226,0.5232553982591259,-4.740891313883678,5.208381359197722,7.948897303899627,8.444862809380304,10.086455331412104,6.584390506179294,5.2160995554943135,5.095401459565396,8.45655732591879,8.145472180396206
2016-04-01,temel_mal,3.4904013961605473,0.7557210405976011,12.729469073928868,5.037861785687592,7.102631811384286,7.248375451306321,10.120705663881147,5.121277796057333,5.044959412359207,4.931933041042802,7.255168179771054,7.024536040586438
2016-05-01,temel_mal,2.1079258010118007,0.5235714827564575,26.891927644197388,7.452538575468259,7.86764208315065,6.2790069537732585,8.902877697841728,5.896905689182175,7.4533021625527995,7.210191686452738,6.283772288230471,6.1097439588175595
2016-06-01,temel_mal,0.0,0.6331935941866096,24.69185965215175,7.9233761602091946,8.986400118906058,6.557232117934819,9.099099099099096,6.800636398953652,7.923951019627151,7.649944470162673,6.5621411536800345,6.372672964864035
2016-07-01,temel_mal,-0.9083402146985886,0.3188988238145063,4.806019777445791,6.063923170595187,8.695570127136065,5.5496456765287805,8.89292196007261,7.141163403942841,6.064992611311948,5.9026556030302935,5.553846543791252,5.417294322036548
2016-08-01,temel_mal,-0.9166666666666656,0.722078471825438,-7.071089414829257,6.904198823980523,8.590646917805866,7.178018026147948,8.683729433272402,6.959308678996035,6.906097673598532,6.696683559306216,7.179379800925378,6.953437622879477
2016-09-01,temel_mal,-0.7569386038687953,-0.3185879363135524,-9.852963004639449,2.916845935296686,6.021703839746095,5.390386075283549,6.9809610154125235,5.278053047467957,2.928135008798205,2.8895574373055677,5.398913076783374,5.26975095373412
2016-10-01,temel_mal,3.1355932203389836,0.5656727226666547,5.788224629677852,3.933246913237154,5.295976954292514,4.993180328419844,6.195462478184988,4.569016101893575,3.946280533027058,3.8766530327141613,5.000738061801435,4.889654317872227
2016-11-01,temel_mal,1.4790468364831444,0.7217031575931454,16.396631453221854,3.9316978026810556,4.002943019568095,5.407470731498276,5.917667238421953,3.5946291287835885,3.9447250679892853,3.8751517757849907,5.415879367769572,5.285917667545603
2016-12-01,temel_mal,0.32388663967612974,1.3173399051996881,21.550625000000025,10.92422709849048,4.677737311637542,6.84555016839592,6.810344827586223,6.22580955059906,10.93108088681003,10.418863141837953,6.860951886740674,6.65421028957176
2017-01-01,temel_mal,-0.4842615012106588,1.1381022976747257,5.3634526258385495,13.471438582354844,5.575625000000017,8.597675130640358,7.124239791485665,9.387754439836794,13.475591854488478,12.708581441870237,8.61517604850337,8.292617237292198
2017-02-01,temel_mal,0.7299270072992581,1.5515529339926726,2.2865552626903485,17.25749001477528,9.113750167112155,10.393704609078625,8.851884312007009,13.87579043313323,17.2594531122642,16.027980547468346,10.418255124668118,9.951566161626667
2017-03-01,temel_mal,1.9323671497584627,2.2112167757173395,9.005797652597746,21.450613166498922,15.107440390692295,16.068149791971976,10.471204188481664,17.386364066676308,21.464380809047757,19.60348802953895,16.08826438251554,15.011175585688452
2017-04-01,temel_mal,3.080568720379162,0.3588359339709468,25.48440053972445,17.750557188741656,14.984649808350504,15.591198272534367,10.033726812816202,18.81129845041103,17.791035609682517,16.486422574723836,15.614858135557231,14.597502008297036
2017-05-01,temel_mal,1.7624521072796773,0.19085318094196335,30.709127822455805,11.565263153901316,15.62779262076086,14.3759709478541,9.661436829066883,16.82367919142198,11.620122702567048,11.043623562520999,14.40794102364884,13.535802054994672
2017-06-01,temel_mal,-0.3765060240963791,0.16110014548951224,19.26267717095156,2.880035379997392,14.018960068945718,11.780335388170071,9.248554913294814,10.511173445350597,2.8805007795521087,2.8431570416096896,11.81903608941468,11.22332253557432
2017-07-01,temel_mal,-0.3779289493575311,0.8258793012327681,4.044611844826873,4.808550931681177,14.262748727380114,11.091247496596557,9.83333333333334,6.330716839135064,4.814408327458675,4.711330510656975,11.129214842653589,10.598876542690405
2017-08-01,temel_mal,0.22761760242793194,1.9725670598507383,-2.0918216411067947,12.465113668342841,13.126003199867252,12.014284812438515,11.1017661900757,6.666646796972087,12.502104790201706,11.838186026292075,12.060318342389342,11.440904794406537
2017-09-01,temel_mal,0.681302043906129,0.9535089611363068,2.1332582850869475,16.066571919192697,10.366144316415005,9.274576299711889,12.71186440677965,11.044925010587292,16.08441860473011,15.007821288879253,9.299823419887376,8.925489165244471
2017-10-01,temel_mal,4.586466165413539,2.0010956000827695,24.064314123440322,21.57336318989853,13.614362678175596,12.880148953765369,14.297452752670491,16.672365239541985,21.590165252696814,19.70868648427926,12.917026265187626,12.210008497468117
2017-11-01,temel_mal,2.1567217828900143,1.3962939327240242,33.895210159982355,18.848402447633728,14.4964458738569,15.612711630573251,15.06072874493929,18.82125661312233,18.861170239708947,17.403593975772402,15.641575982556798,14.620890001032238
2017-12-01,temel_mal,0.6333567909922566,1.602184224558778,33.64034434423695,21.93260456591297,16.829464632077773,18.963437312243236,15.41565778853915,20.777414818194618,21.937063562759064,19.998295029462287,18.97775681730627,17.50305815917077
2018-01-01,temel_mal,-0.34965034965035446,1.2792100666074502,10.14148748059096,18.51729370267392,16.89580018467307,20.035603016767745,15.571776155717764,19.75331228290993,18.518525414592823,17.11075289556101,20.04533994765476,18.409719689920134
2018-02-01,temel_mal,0.21052631578946102,1.112169296160892,1.9850511507195634,17.1944678147405,16.855936336166288,18.01853784674059,14.975845410628018,19.175154262324277,17.19729953619118,15.974254349308481,18.026547214325504,16.68892416254044
2018-03-01,temel_mal,1.0504201680672232,1.5370830418596881,3.686251622156944,16.894388882549126,17.714342246593915,19.3869226322126,13.981042654028442,17.525884831955164,16.89647595688455,15.713849618512121,19.39238783677517,17.856072323987206
2018-04-01,temel_mal,4.435204435204443,1.7025599906032918,25.08163569354118,18.861165013579996,17.37409174000881,18.68910482330066,15.47892720306514,17.655175887771925,18.86545297732043,17.407249314495488,18.69187300351145,17.25900110502825
2018-05-01,temel_mal,2.1897810218978186,0.23144652213376027,35.26020882454204,14.773668435507691,17.450071586303963,15.977752139989331,15.963855421686745,16.826181510736625,14.802892527497203,13.88435821838696,15.994432714648688,14.92930628384772
2018-06-01,temel_mal,1.8181818181818077,2.339546754824373,39.41801947987875,18.4452062414854,20.23199178443931,17.66724267894584,18.518518518518512,17.349244900839,18.499199687387513,17.0942130702457,17.695337042340874,16.40403134437891
2018-07-01,temel_mal,0.5102040816326481,1.9314473298667423,19.611198868046298,19.51508162813791,22.315838719606052,19.187674862015758,19.575113808801213,17.589957271955782,19.573317293972046,18.009762427299503,19.218903547716092,17.708505870897497
2018-08-01,temel_mal,3.2360406091370475,5.140361218095935,24.585450918759012,44.70534704314832,29.813150750496263,28.873439941577473,23.164269492808476,27.200537884125552,44.87048729501419,37.645421211148204,29.0360846674246,25.76488971476758
2018-09-01,temel_mal,10.448678549477552,10.460585474030637,72.50753720879923,96.3993225369574,55.082749469443826,52.52068142903745,35.112781954887204,51.45500580428492,97.69759963295424,70.12957608797325,53.47705391415685,43.61189457910948
2018-10-01,temel_mal,4.006677796327218,1.4848873580754818,97.79365367900736,92.98018488968293,53.81266542465617,51.86850413994208,34.363767074047445,77.14535201847804,94.38691407195444,68.34333620080821,52.833570057033576,43.17654931405386
2018-11-01,temel_mal,-3.5313001605136396,-4.149089851139354,50.810887301180244,33.296830640746286,37.07239838083998,38.8839952536683,26.882477128782554,71.40130416753507,36.05267565716712,31.18553192386706,40.398136823671194,34.41547656750763
2018-12-01,temel_mal,-1.1092623405435598,-0.21068317301413675,-3.0800761443838254,-11.217645587082426,29.303586070907926,32.04845421258462,24.685314685314673,30.778624836275892,-10.91239460425254,-11.499542664312035,33.59287272181615,29.31501671183061
2019-01-01,temel_mal,-1.8508132361188867,-0.28883672771019553,-23.137414486079166,-17.26366220002604,23.300168775284092,26.358512834451474,22.807017543859654,-1.2035147456792794,-17.08880456669086,-18.594439007454742,27.915728767081195,24.874448596676736
2019-02-01,temel_mal,-1.0857142857142899,-0.03623960166242446,-15.041787846631461,-2.1227702491690037,13.192859131534561,14.222259291619398,21.218487394957975,-10.469853873768331,-2.1221133412737903,-2.143038009547027,15.527785603769818,14.521246957160017
2019-03-01,temel_mal,-0.05777007510108234,0.6648754961894987,-11.370348868927337,1.357832383829316,-7.317860194245696,-5.138063496330458,19.8891198891199,-6.447940909862493,1.3676960390613058,1.3591966672675149,-4.953994549773688,-5.07017299852226
2019-04-01,temel_mal,2.3121387283236983,-0.5390022203045963,4.650394708871275,0.3444667260875445,-10.313323663008955,-8.883954786174863,17.451891174518906,-0.15008663182102255,0.3591244584014719,0.3585346968899117,-8.746395297470055,-9.117952155282415
2019-05-01,temel_mal,1.4689265536723228,-0.8873798677727973,15.887623744591783,-3.0296599058284746,-0.7749763212787975,-2.577270329694381,16.62337662337663,-0.45373608754102346,-3.003858701837858,-3.0460263675515797,-2.5639003160966345,-2.5945321885493033
2019-06-01,temel_mal,0.22271714922048602,0.8455211103713056,17.19406214385055,-2.3317212952686295,1.9159891402851903,-0.5040451969463788,14.79591836734695,-1.6815320512402199,-2.2988602782891387,-2.323443910824352,-0.4810596826544944,-0.4821236217784186
2019-07-01,temel_mal,3.166666666666673,4.816681303343917,21.15868456918961,20.465838251210243,12.602416326530609,9.945806186633611,17.829949238578678,4.616024547000408,20.86317208961095,19.099290183769703,10.174673459806227,9.728912440329808
2019-08-01,temel_mal,-0.9693053311793154,0.8781482507634664,9.926294252468892,29.2815303453245,12.867608409000141,11.966396590589067,13.03011677934851,15.13470645159547,29.537867079758605,26.161402657914756,12.19001896861327,11.557688145181588
2019-09-01,temel_mal,0.6525285481239873,0.39762792489275167,11.824162593364186,27.000033091605523,14.477630391927555,11.372683488820678,3.005008347245419,25.529181257960467,27.28478140761672,24.36982991600054,11.597528140532788,11.023193002588094
2019-10-01,temel_mal,2.917341977309551,0.5394947295624286,10.74708530825137,7.505085122683686,15.835966676242453,13.801099272246908,1.9261637239165408,20.711661787777835,7.507673219649802,7.261083620874587,14.00627486997561,13.180186902322143
2019-11-01,temel_mal,0.8398950131233596,0.3564797046561985,19.06456852935896,5.298522175965004,14.40422542546913,16.675421961996094,6.544647809206872,12.73139794241176,5.298907034623057,5.174409436445515,16.843474746899446,15.667906047180136
2019-12-01,temel_mal,-0.26028110359188616,0.6087787533170186,14.803821288574559,6.187153138524737,13.304197530864226,16.12825652052137,7.459338194054976,6.323763893117751,6.187867918094314,6.019012750142583,16.29853736525204,15.194421333071562
2020-01-01,temel_mal,-1.9832985386221247,-0.4938375672161821,-5.549897911754376,1.888482581543549,2.274500797314971,4.659113281882488,7.314285714285718,4.439890724167572,1.90206665982795,1.8856835630281399,4.670476198635809,4.573383591951363
2020-02-01,temel_mal,-1.3312034078807211,-0.12642115717605984,-13.42505629391939,-0.05849859695640225,1.5283621350114407,2.585049601721301,7.047949162333933,2.6381561342963433,-0.04591022095292718,-0.04591988430089344,2.5945975014548317,2.564244776072311
2020-03-01,temel_mal,1.025364274150009,2.0263427123302646,-8.87419903632538,5.69431687983204,2.2819151590931064,5.940448424529898,8.208092485549123,2.4944577385248135,5.771610440121644,5.624335951752091,5.9795518422932625,5.821674350947337
2020-04-01,temel_mal,1.9764957264957417,-1.492152972017946,6.768062529444707,1.51612582609999,0.4203883963323607,1.7021337926514502,7.8531073446327815,2.3688884569721846,1.643323263730978,1.631074332545035,1.772619586505142,1.7583789477865874
2020-05-01,temel_mal,2.7763226820324727,0.6103385959841168,25.688150285556933,4.544942362496607,4.3141626793480325,2.2173101964758857,9.242761692650326,3.9098646636459344,4.675408164307959,4.578113345185741,2.289781823779813,2.266096730442424
2020-06-01,temel_mal,2.1916411824668636,2.9876650500667568,31.59340673004727,8.54119508812925,9.505956869086196,7.10829784923479,11.388888888888893,4.860997579688564,8.7563380005097,8.42340269613171,7.254457255479507,7.0238693239419
2020-07-01,temel_mal,0.5486284289276888,2.0946249385715987,24.376518922965285,25.234158505255788,15.236452347171037,12.753211007692823,8.562197092084013,12.506539396748884,25.303885949867166,22.77051433848989,12.906727136183726,12.200794335517461
2020-08-01,temel_mal,0.3472222222222321,2.0271816928338904,13.028384129606497,32.43900845732968,19.19030384647755,17.668298643762736,10.005437737901035,21.70794553033368,32.45351077747647,28.437886725888983,17.816109915897126,16.508000035537364
2020-09-01,temel_mal,2.1749876421156777,1.846717600753922,12.95472398839026,26.66692282699006,21.91840277777779,17.254335449813297,11.669367909238249,28.076906009622626,26.66772334532739,23.874096928637645,17.39927630145801,16.14874981238468
2020-10-01,temel_mal,3.289791969037248,0.9810205156342233,25.785159948413305,21.230174295733594,25.078856432860142,23.215903451509433,12.073490813648302,26.62316372047824,21.24488923677994,19.419679236888143,23.25907262476101,21.095096787689016
2020-11-01,temel_mal,3.747072599531598,3.405498855576883,43.71807488187458,27.91506768107821,27.452821758155153,30.15738446371079,15.304528891202484,25.253511584624853,27.989058196631046,24.932947887860113,30.20374533667343,26.685417306874548
2020-12-01,temel_mal,1.4446952595936757,2.318386216362467,39.653036528309386,30.30116087208048,25.596457733471812,28.471191667435857,17.27557411273486,26.496607012322016,30.374786916857843,26.819622350294292,28.509002491233137,25.34685963946597
2021-01-01,temel_mal,0.44503782821541105,1.833594856054721,24.8920283215327,34.75769200317416,25.337798603237573,27.81509491932317,20.181043663471776,30.999347955326108,34.790867354930135,30.229919711976283,27.853523325536322,24.82479947443221
2021-02-01,temel_mal,-0.08861320336730483,1.2823594782938486,7.421512413451681,24.026437210258635,24.251410313769316,25.955746633463363,21.694549379384775,29.572453410369913,24.039301341093,21.737362202844146,25.999993439301527,23.33515504535213
2021-03-01,temel_mal,1.3747228381374654,2.335585519641481,7.1254389721383316,24.10985159208028,22.31268471375818,27.16783295358023,22.115384615384627,27.45323257688983,24.123144582107937,21.806159415960202,27.213767384904642,24.31289088312725
2021-04-01,temel_mal,2.84339457567806,-0.5807949477816932,17.72922366599523,12.751700481778737,21.257748355993833,23.264589101483967,23.153483499214268,20.130304613476756,12.84840339701827,12.148600200614545,23.37318057979514,21.189259956295416
2021-05-01,temel_mal,0.8507018290089263,-1.176034792074221,22.219367273076852,2.196721091010234,14.581801690709284,12.583725340248453,20.846075433231405,12.64086244003908,2.339745371310409,2.3150231191422677,12.711728809629253,12.026192660993207
2021-06-01,temel_mal,3.0788696752425126,3.857295996849497,30.647138504776827,8.412233515511236,18.30313631843399,15.99580256361024,21.89526184538653,7.70578331530325,8.733079977067204,8.401865027974331,16.19475006187956,15.104012221967267
2021-07-01,temel_mal,0.0,1.4499451339823555,16.786942793531278,17.545068369754958,17.25713670991389,15.123439585241805,21.23015873015874,9.28905571837737,17.835665343300033,16.524825355030526,15.317322242721332,14.336712777822536
2021-08-01,temel_mal,-0.45008183306056715,1.05315223250515,10.877192267764668,28.515281637720857,16.410224138524377,14.602968519418358,20.26693030153237,17.884283548500377,28.628251209366894,25.44157345334801,14.796015312557408,13.878298286245139
2021-09-01,temel_mal,1.4385532264693746,1.0805540016787019,3.986225673570387,15.312710744954416,16.556865212495886,11.809250621711097,19.400096758587317,20.279915973209285,15.314920867886928,14.33460547266483,11.979680291670093,11.36823525031958
2021-10-01,temel_mal,2.4716369529983684,0.19266602222467455,14.654343276277482,9.70177310213758,15.715730258407445,13.555723852098755,18.4543325526932,17.47768751249703,9.712809637225185,9.305489025634106,13.707765815402894,12.915157190332316
2021-11-01,temel_mal,3.677342823250296,3.4757744873739727,34.88458301634272,20.606003981111876,22.29318805665461,24.497849655456626,18.37471783295712,15.160270233462603,20.740319279435514,18.995978045109396,24.627091670992975,22.218775749228705
2021-12-01,temel_mal,20.442410373760488,21.47286287745218,168.08213974811,151.5449150136041,66.96361844096634,70.31243649342775,40.54294615042278,52.402451911172854,162.6701073175509,100.56521354820332,75.27233602473684,57.44990951043407
2022-01-01,temel_mal,6.1431285623812615,7.486310262402096,208.61762334908116,233.1842246029939,88.10728568711646,91.18289727015147,48.515728843597714,121.64670277631431,242.78753603213937,129.73979050891302,96.5669276050334,69.52263976727355
2022-02-01,temel_mal,3.848448687350836,5.456721869246639,210.66000415647724,259.4402903414657,104.70282147665118,108.20820610123616,54.368070953436806,212.62174650636248,268.11870207638776,137.66358003640366,113.56983886295708,78.32977904075653
2022-03-01,temel_mal,4.53892559609308,5.5356431923067495,76.31112625102186,104.78886232008607,117.40713876681492,126.96607008105572,59.186351706036746,185.67500190388895,104.88456477471276,73.91470129582194,132.13423524123664,87.23995742201264
2022-04-01,temel_mal,4.369332234130252,0.9521316994278051,64.81768194395963,59.351328836274185,125.53412444117976,130.41994040831347,61.54827732879624,121.97448141280596,59.7617773167759,47.777987043924774,135.44264705049395,88.75888877641889
2022-05-01,temel_mal,3.2122169562928127,1.0529828958067533,60.815599825639374,34.355413949735535,123.5150440356521,119.75611254079088,65.33108393083087,62.834645332237415,34.702949431833254,30.16303115016523,125.03674775397045,83.91330559328445
2022-06-01,temel_mal,2.78061224489794,3.52857002923026,50.26604198047988,24.42263307924786,62.768470837756986,59.625716835253954,64.85270049099836,38.198636402082144,24.524301316292775,22.134738497859274,60.14128114830264,48.02471989684061
2022-07-01,temel_mal,3.673368081409789,5.203508938465173,46.29788897379048,46.74331099236546,55.281933701106745,52.9174339454729,70.90834697217676,34.990494253271805,46.98418386064669,39.140247454008744,53.25095143255445,43.45911724896676
2022-08-01,temel_mal,3.0644002872875165,4.533863314300857,45.461598260856405,68.03113776572394,52.946049886604804,50.25276393783533,76.94204685573366,45.7248091851931,68.07500158633204,53.06376912798516,50.543406934974634,41.613400139075196
2022-09-01,temel_mal,1.7421602787456525,1.2643122299329068,39.67136337957506,53.806459773274476,44.87188461901803,38.33656316964158,77.47163695299837,56.01442078340637,54.06281859672013,44.00673793079575,38.573743042874774,33.07073821432751
2022-10-01,temel_mal,3.7442922374429255,1.4701714282239875,40.05395897496153,33.10894783643461,43.14188255174906,39.75996468312548,79.6757611704231,50.62367588903951,33.27811192080894,29.073387889831004,39.97744617725279,34.10681767191988
2022-11-01,temel_mal,1.6285211267605737,1.5782669490425505,32.410702946279144,18.681340165504846,38.78282486463973,41.2167150856112,76.12509534706331,34.07423198003663,18.68251417139488,17.25100242879778,41.4140769363498,35.15738577839147
2022-12-01,temel_mal,1.8406236466002701,2.7112195519588544,32.92402179468872,25.611185876670127,36.25593326516292,38.995725860953655,48.92336922102598,25.59077105298069,25.633989057510533,23.03863171690157,39.18445581385366,33.52268482384866
2023-01-01,temel_mal,3.210716563895377,4.384935919601252,30.21043721852985,40.67795781406358,35.04253860290019,36.84113032421339,44.80906921241048,28.180593369511442,40.78379681374429,34.697689682410626,36.98383854571896,31.885538786120815
2023-02-01,temel_mal,1.1536876802637153,2.917551094108517,27.79393827552259,48.24519787805295,30.081840390330285,32.64214547898341,41.05142200517091,38.04815122169518,48.29130627505152,40.054826262674496,32.73199712926414,28.652914345736136
2023-03-01,temel_mal,1.2423625254582404,2.242149797569448,24.817401659176895,45.555620846799826,28.806952523925688,35.216175606254694,36.60346248969497,44.82903086325714,45.62111397105348,38.17854724511687,35.289581197030316,30.60858948100922
2023-04-01,temel_mal,2.5145845906256348,-0.8575919794410303,21.48386187078104,18.444668692395805,25.771486312239666,29.083516010409305,34.17588204318063,36.52022457355708,18.632720389468037,17.20843564894774,29.27399273096112,25.953062665679184
2023-05-01,temel_mal,3.885400313971732,1.620320605204495,35.14804861831673,12.584858334996785,31.419562406768375,29.190419930984635,35.05102040816326,24.535770299599193,12.704275751131,12.019513693331652,29.380460021075926,26.03716997800307
2023-06-01,temel_mal,4.042312051378927,4.791827874396781,50.73033826580353,24.24237890231162,37.16329382727146,34.47742039691764,36.70886075949367,18.394621108532295,24.626418992096166,22.218226000640986,34.74941390091595,30.198386622878925
2023-07-01,temel_mal,9.404502541757441,11.064533690504575,95.52344113493622,95.67416817503643,54.119897207779054,52.23850374052004,44.26621977495808,40.9987786084758,97.2817626099092,69.9067286804234,53.39663936589785,43.55758216468557
2023-08-01,temel_mal,8.562894125456367,10.01495147912519,133.1881147417876,168.79308976277704,77.52441710462456,73.95985724404446,51.962833914053434,89.45512192377436,169.83514222404548,103.48525217610617,75.77893674322837,57.752382934718916
2023-09-01,temel_mal,2.598593702231744,1.9939989288385362,120.51191708910913,141.21644645290377,82.3124676331332,73.11644964494515,53.24200913242012,134.0663968726891,143.31042997826717,92.29393639387321,74.94840467163515,57.25608119725709
2023-10-01,temel_mal,3.605482717520858,1.367373185225751,77.34634242074429,67.37789230950493,86.21323031084194,80.97383746982112,53.03697183098595,119.68997116012775,68.78704841371066,53.5052943727579,82.52531855999925,61.70601152659066
2023-11-01,temel_mal,1.092896174863367,1.1991175748892857,33.34573849354341,19.838992980773163,76.33672722425354,79.4767204886521,52.230402771762655,66.92649579109191,19.847143816017244,18.24195875581429,81.06827183796057,60.86360546596024
2023-12-01,temel_mal,2.2332859174964526,3.107891553162112,31.45671885696226,25.160502019951856,70.25796042885271,73.75491801245298,52.81735062725921,35.3194759736529,25.214165306170866,22.697529253108595,75.34899755065516,57.4957328234909
2024-01-01,temel_mal,3.5759009322387625,4.611241158172641,31.306647290721635,41.9671768255822,52.599979136762045,54.14981944263424,53.35805521219612,28.853626348928472,42.12410385025185,35.673001144896155,54.93058661255476,44.589147758827025
2024-02-01,temel_mal,1.57173562600752,3.5483962536008384,33.812181881556015,55.61610877935181,33.57875659111534,36.560893991303246,53.9918533604888,40.62774708587178,55.65058572125066,45.070115859742366,36.677909470131056,31.65603730777833
2024-03-01,temel_mal,2.856764978177484,3.907068445260098,37.10642799175539,60.497139204855976,34.25185718638877,41.73179782831322,56.4473948903641,52.66296587330268,60.514467627304484,48.26682342813431,41.860948979783366,35.48217634062145
2024-04-01,temel_mal,2.970297029702973,-0.4502290597375058,33.9278201088707,31.61789379496842,32.61075762339458,36.69462608969296,57.14285714285714,48.487792103570705,31.915044063544016,28.020942556493722,36.93238437634343,31.84697185069494
2024-05-01,temel_mal,3.484015984015998,1.1536843693623178,44.30201752599066,19.85833832784096,38.95815130845457,36.5719159100349,56.535700793350976,36.01104330786269,20.08362337987599,18.44209501953964,36.811224772694786,31.756105439641004
2024-06-01,temel_mal,0.10860383733557466,0.8293499465593213,29.487121827329776,6.276135297842411,33.24232339868012,30.6025102402397,50.617283950617285,18.600523290192683,6.306485516450633,6.131221024736533,30.859439078485607,27.19902222643542
2024-07-01,temel_mal,0.4218900675024173,1.9812814800651335,17.136509894494488,17.04599354515588,25.251097501502162,24.11827886154756,38.25091271158314,14.205239793553393,17.06206184823058,15.85726318394709,24.28531012638424,21.939102870220406
2024-08-01,temel_mal,1.2243428159884662,2.480763693531385,7.235614780399291,23.310239541146906,24.395802033073277,21.572037945449864,28.90553347600122,15.396956367225268,23.34447642280395,21.16558048062336,21.704039231749594,19.8038377500815
2024-09-01,temel_mal,2.0751808371872515,1.3621048420359383,15.913510741766146,25.937118925240597,22.51247645383947,15.689715575410323,28.247914183551835,22.084680385115817,25.952349073847426,23.296600062529826,15.747896310685006,14.71391054363318
2024-10-01,temel_mal,3.7755576208178487,1.559567926428329,32.1906682623913,23.866900977078174,24.436142341674305,20.40815791391195,28.458441184929526,24.367178290862213,23.88391259932836,21.60974584798261,20.428715617835323,18.73350451596485
2024-11-01,temel_mal,1.444083734467716,1.7099151472745433,33.342265653583716,20.18188945689068,19.578592706108445,21.736015942024455,28.904694167852085,23.268427823749228,20.18330830141668,18.526351662955243,21.75448827082389,19.8459660717893
2024-12-01,temel_mal,1.059368792760984,1.9235113673524262,28.113095095770735,22.86666059621869,21.860734547862194,24.392416358285928,27.424516488103514,22.287642070344504,22.868248632029808,20.771977764221194,24.401538144772772,22.03428891337551
2025-01-01,temel_mal,0.7425202009172294,1.6063502316896239,13.779616371954218,23.093205808248918,22.640138302462542,23.479447418594646,23.938742611499197,22.055674303176076,23.094449439307517,20.959106985266374,23.488602713696306,21.28442641662449
2025-02-01,temel_mal,-0.24929546932582758,1.8935422184111816,6.370562717042705,23.984545866042705,19.09530566540858,22.068411088354665,21.716704139664067,23.320200602589193,23.986013909818205,21.693615269812927,22.071088203807253,20.109983466384087
2025-03-01,temel_mal,0.8910137998478618,1.9461931450653225,5.6635202833051235,24.09494743036129,16.348101068341347,23.479276753760626,19.390510479619394,23.729535591814475,24.09655051330095,21.784342380664512,23.48099956835188,21.278160072442855
2025-04-01,temel_mal,3.7372105546580547,0.2634783379943162,18.798811148556172,17.66349973206014,16.26213122907625,20.347735286698843,20.27972027972027,21.85018829387173,17.70558220773555,16.41285480588328,20.3723753473273,18.68598089557483
2025-05-01,temel_mal,3.2599667774086294,0.8840194991119876,36.41939886725274,13.069280919065474,20.46164627395055,18.401196979381716,20.019307348859638,18.14796001418546,13.101327066680412,12.374763928686505,18.42909036405902,17.034189599249714
2025-06-01,temel_mal,1.005429318318929,1.731572623305766,37.039278358162456,12.12013457796326,20.333090080855154,17.955678991464374,21.09450337512053,14.230402239172758,12.144017023119758,11.51628184164828,17.981607690436686,16.650312111156396
2025-07-01,temel_mal,0.0895878956798768,1.6676360030895454,18.757871213436395,18.534137393182128,18.77833941712428,18.098016255154235,20.69379426239346,14.561591853003852,18.544422024750794,17.132912502029196,18.12431955897278,16.77288365395624
2025-08-01,temel_mal,0.5171556439582226,1.6604078920783083,6.633887710879671,22.225360112604385,20.610658154229245,17.558213571004888,19.850586979722507,17.588916568429802,22.225432637014887,20.23846607389448,17.58227854997585,16.306615001290492
2025-09-01,temel_mal,2.1074502819828034,1.2950971628868935,11.364326231192678,20.141208016821686,23.53658122825657,16.061399316073754,19.88847583643123,20.297401564102422,20.143324929862196,18.49256423221899,16.0805225504709,15.004423036933634
2025-10-01,temel_mal,3.2073643410852837,1.0216350211653902,25.902176815143907,17.116656618609483,22.277857765435847,17.823265387869757,19.2320608977947,19.78524000671875,17.121341901900532,15.908560304522368,17.830912636901463,16.52073640327578
2025-11-01,temel_mal,0.9201013989296625,1.3420838447332661,27.93317810887008,15.656646382785123,16.799024606189317,18.89564858964374,18.616199514455968,17.602482727428082,15.657999412317135,14.6352641151422,18.900157198013325,17.43686509451834
2025-12-01,temel_mal,0.29770211182436057,1.152730578245964,19.101544932474358,15.007810973487047,15.167978642064984,17.546490129331403,17.722210089539203,15.914080748366999,15.008977250862433,14.065797776578481,17.550457444780253,16.279181004398737
2026-01-01,temel_mal,0.51015675725814,1.2281396801238964,7.130824342907216,15.951077048648642,16.137866300241765,16.532409548865456,17.450682852807287,15.538907245910893,15.951488206962662,14.891816412412506,16.53506942431364,15.400188358467437
2026-02-01,temel_mal,-0.9966777408637828,1.3258856580694367,-0.7791809286738172,15.87696185940748,12.666031785804655,15.766751710864613,16.570683472780612,15.61457639616972,15.877302716719942,14.827023665757189,15.767603462575398,14.731143890449694
2026-03-01,temel_mal,0.43810589112602827,1.5016726068162622,-0.22242808816725912,17.484196791818118,9.012214748212234,16.239409397180626,16.04738826063543,16.44181052806879,17.48507552340064,16.22279178003838,16.24098289508744,15.144294778308431
2026-04-01,temel_mal,4.157772621809741,0.6638668428242012,15.0694046751354,14.88646479233433,11.029186160643544,15.41754342812367,16.51785714285716,16.074713405908646,14.895241657697845,13.9657004308396,15.422257389186367,14.428758421626053
2026-05-01,temel_mal,3.911610086429662,1.4906387750495798,39.64233075538377,15.63549817075025,17.709075412978326,15.756167054397686,17.25316710235272,15.990627176813499,15.645943701649578,14.624712898760173,15.76157022700675,14.72586828225868
2026-06-01,temel_mal,1.1061567484136337,1.8214862802056864,43.39481306363773,17.099787953312774,19.614323022959624,17.291834891381754,17.370097551264195,15.881615397978388,17.11603334374732,15.90396759231787,17.30042139619643,16.063379686178124
2026-07-01,temel_mal,-0.3816470189127341,1.200958122712814,19.98422049406665,19.619000443215405,17.501118388985716,17.228853457302474,16.817503729487804,17.456593896129903,19.623476978192866,18.05233271187232,17.2375110374408,16.00901657135596
2026-08-01,temel_mal,-0.28094670526136456,0.7473674740908098,1.7607794385256836,16.153166222833026,19.206176099563944,15.894043161360404,15.889977243494613,17.611035875016846,16.166335632980044,15.079247508037241,15.905871949865237,14.851980203398707
2026-09-01,temel_mal,2.117305557927085,1.2162718667709793,5.89303701501398,13.416090086231902,23.225452920688383,15.243221490860659,15.901162790697665,16.34154857499661,13.419246342852876,12.658389854298413,15.254053847499849,14.281178723308141
2005-01-01,kira,,,,,,,,,,,,
2005-02-01,kira,1.2396694214876103,1.3220149358373456,,,,,,,,,,
2005-03-01,kira,1.2244897959183598,1.649377590611767,,,,,,,,,,
2005-04-01,kira,0.8064516129032251,1.4821949122515221,13.893403371516989,19.342071903353286,,,,,19.343313873720835,17.81434975480254,,
2005-05-01,kira,1.200000000000001,1.5166275405490204,13.714997787434434,20.261614299811725,,,,,20.261977728384494,18.592800173649238,,
2005-06-01,kira,1.5810276679841806,1.6291780865243854,15.32561254634599,20.16605046935691,,,,19.926574355707103,20.166325892794102,18.51200215729971,,
2005-07-01,kira,1.945525291828809,1.369135108250985,20.627167641600018,19.631443856803287,17.211939075199822,19.486670280247576,,20.01623279755995,19.63223384036692,18.059762941297564,19.48769380853328,17.937056348050053
2005-08-01,kira,2.6717557251908275,2.029033421248916,27.798876328798915,22.065154973459933,20.551436901291087,21.160028833212905,,20.626987466519275,22.070371450166924,20.109386464097145,21.163081928950223,19.35109331887319
2005-09-01,kira,2.230483271375472,1.5174074302362506,31.098668857191857,21.52905649845689,22.95948231009366,20.84563184777062,,21.08151283558273,21.534691408747886,19.662303838944606,20.848733313902933,19.08715299812216
2005-10-01,kira,1.8181818181818077,1.5984667983292233,30.444856723747527,22.632555523679,25.439999999999973,21.122705060394487,,22.077560274961595,22.636137574177706,20.57963059925756,21.125649915177803,19.31969677027756
2005-11-01,kira,1.0714285714285898,1.2938296831916052,22.500150450783085,19.13590097631395,25.12146729366187,20.59163410277074,,21.077312875212417,19.137053640451352,17.638815647028316,20.595537400713383,18.874101055562733
2005-12-01,kira,1.0600706713780772,1.4373979806225012,16.98585600000002,18.760763932472923,23.841390482823364,20.13693682523039,,20.143576260788464,18.761836062496617,17.31877784857332,20.140930879336572,18.490540843758964
2006-01-01,kira,1.3986013986013957,1.4245677928724332,15.0694046751354,17.949751089067778,22.516170386341106,20.26836408396939,19.834710743801654,18.608555701685404,17.950040868023407,16.62318182674616,20.27217000440935,18.60140621300186
2006-02-01,kira,1.7241379310344973,1.808961612913218,18.07074996594915,20.36745998487777,20.26505990796148,19.75009725895349,20.408163265306122,19.02997431112197,20.369683218367406,18.68370954563261,19.75191463891184,18.161262596330463
2006-03-01,kira,1.0169491525423568,1.3956693403035958,17.869359554130916,20.169518316698998,17.426776859504155,19.463064570972975,20.161290322580648,19.501625343746376,20.171997881679495,18.516794984356988,19.465009687194733,17.917786416465155
2006-04-01,kira,1.0067114093959662,1.5917118631959326,16.057708336573427,20.963618918288418,15.56249999999999,19.44717971658003,20.399999999999995,20.502669499921634,20.965622225990078,19.185371265650986,19.449108531919144,17.90427654619857
2006-05-01,kira,1.3289036544850585,1.6126397869917541,14.264492078761993,20.03328053381843,16.152030865661928,20.20025412414066,20.553359683794458,20.387165806620764,20.03394797754259,18.40008396196513,20.20170814842961,18.54189675379887
2006-06-01,kira,1.3114754098360715,1.34380791182227,15.602935273762043,19.787892418810628,16.73064697540223,19.978553634143402,20.23346303501945,20.254433954025618,19.788932660635194,18.192638248039827,19.980325132923184,18.35471661619841
2006-07-01,kira,2.265372168284796,1.7557589023194264,21.473724646533675,20.56348709338549,18.73483947681336,20.763387283664226,20.610687022900763,20.130633471634507,20.56553270187562,18.848826404533803,20.765425586602504,19.017098835092394
2006-08-01,kira,1.8987341772152,1.3596351900166948,24.229326117496306,19.367203588835814,19.14277506463662,19.699778758843788,19.70260223048328,19.90314350933855,19.369726916986373,17.836808016633565,19.701415122281183,18.118445989299346
2006-09-01,kira,2.4844720496894235,1.8694619531052226,30.083388685335997,21.8630925239615,22.62961127877119,20.821037146201714,19.999999999999996,20.60052744780716,21.866473627313066,19.939424181765375,20.823609949910747,19.0660312149026
2006-10-01,kira,1.5151515151515138,1.310664997569777,26.308011410569932,19.744856720263737,23.867286233043792,20.153474721677632,19.64285714285716,20.322152134743,19.7493028457173,18.159048562766777,20.156782447107258,18.50393748365029
2006-11-01,kira,1.4925373134328401,1.6614429714773005,24.306025679861843,21.177445350296665,24.26766998118788,20.26891863446634,20.141342756183732,20.92180506345489,21.181191430801704,19.3662796886092,20.272333019740607,18.601543852621383
2006-12-01,kira,1.17647058823529,1.5131972848479336,18.080453048727563,19.49115793547933,23.93669944805774,20.671297479088267,20.279720279720294,20.133832072129753,19.492596878441425,17.941221015580044,20.674184499883943,18.940322598672708
2007-01-01,kira,1.4534883720930258,1.4778806499200714,17.79381286827666,20.282005159115577,21.976646370773945,20.013130422484736,20.344827586206904,20.309976333955614,20.28244760991722,18.610083624981222,20.015603850465013,18.384566093874
2007-02-01,kira,1.4326647564469885,1.5202603838769813,17.51610265681689,19.615227987562523,20.86339261602561,20.39380279950511,19.999999999999996,19.79606729784107,19.615251930164888,18.045353274579945,20.395887921318455,18.705816481594574
2007-03-01,kira,0.8474576271186418,1.181154969134024,15.994953240562747,18.05787882558878,17.033057851239654,18.772356397758294,19.798657718120793,19.304013286947107,18.059448033739976,16.717184011724306,18.774041023446976,17.329202513652174
2007-04-01,kira,1.1204481792717047,1.6164665535650213,14.479335475489341,18.704116381983727,16.12474938739139,19.490456267712176,19.933554817275745,18.786607131491316,18.70653098928534,17.271527626304106,19.4921078309074,17.940805625642664
2007-05-01,kira,1.1080332409972415,1.3576381419265093,13.020808500646087,17.94534782081727,15.246539792387527,18.777353353488245,19.672131147540984,18.234818051613644,17.947547563572954,16.62103865850222,18.778716771907323,17.33319596654108
2007-06-01,kira,1.0958904109588996,1.112719461459677,14.138615481417771,17.626574453804732,15.063040832882614,17.84202931694776,19.417475728155352,18.08647441495721,17.629480316339908,16.34729662780483,17.844284418651114,16.53224031976457
2007-07-01,kira,1.3550135501354976,0.9171115740374436,15.201358682906818,14.42168501274439,14.839779640561268,16.543232383418506,18.354430379746844,16.639254575592656,14.423864954195654,13.54987670969452,16.547167028023058,15.410702167999313
2007-08-01,kira,1.6042780748662944,1.1607213929873517,17.479727001401212,13.535083055809594,15.228701841744051,15.71920696618534,18.012422360248426,15.164076500411717,13.535823771790634,12.762209713937889,15.72241536070611,14.691624186220054
2007-09-01,kira,1.5789473684210575,1.0629860148506642,19.74124077483164,13.311873693005571,16.90637039129377,15.449069062727517,16.96969696969697,13.75083850628005,13.312540967370357,12.563275927501838,15.452516286402718,14.455286277653334
2007-10-01,kira,1.5544041450777257,1.3646704783624175,20.68626842692445,15.335399834599105,17.91192516938944,14.877633988054551,17.014925373134314,14.063909892014825,15.336466878996724,14.353511544801734,14.879335222906299,13.951694127248127
2007-11-01,kira,1.0204081632652962,1.1369950547659435,17.93599005532498,15.227234369162268,17.707637455432533,14.378029465426966,16.470588235294127,14.628318017820474,15.228346690142125,14.258606191916101,14.37921551681316,13.510407952926995
2007-12-01,kira,0.7575757575757569,1.0535283170580279,14.167466595806676,15.184107545544311,16.921144821204305,14.244155411304416,15.988372093023262,15.248340216729051,15.185274159050955,14.220775400745556,14.245390107208223,13.392025664123697
2008-01-01,kira,1.0025062656641603,1.0270408735634895,11.705849718843586,13.65711818364035,16.109268208985128,14.493183944540732,15.4727793696275,14.681153471544018,13.657264709506013,12.870256981549844,14.494043906071497,13.611884263175789
2008-02-01,kira,0.992555831265518,1.08326047589542,11.582706999695214,13.415764292102494,14.71537396121887,14.31791134045335,14.971751412429391,14.076191080367838,13.415799433100673,12.65531866606775,14.318780173169898,13.456962428991925
2008-03-01,kira,0.7371007371007154,1.0275811410308533,11.492035429362012,13.29932360500341,12.821820720019339,14.237828563729815,14.845938375350132,13.456025003542704,13.299369917386139,12.551529961959051,14.238754724752356,13.386152681352304
2008-04-01,kira,0.7317073170731714,1.1389865044335368,10.30114533754598,13.80233590433706,11.001275510204088,13.729703866024302,14.404432132963985,13.506982546903966,13.802474135208653,12.99931248543924,13.72984817834364,12.934784733494542
2008-05-01,kira,0.7263922518159882,0.9416886834961113,9.14294938515181,13.166132225749895,10.356086113661899,13.290879502122976,13.972602739726025,13.421840518124473,13.166566122848167,12.433025315842006,13.291119952229447,12.544171990954878
2008-06-01,kira,1.2019230769230616,1.202974883418384,11.171369698286604,13.954050923228255,11.331587113146258,13.62621568833433,14.092140921409225,13.64094996558116,13.954878517015556,13.134600285392128,13.626690908760896,12.84306512367559
2008-07-01,kira,1.187648456057011,0.816754968207567,13.197853007167627,12.50873381310409,11.740112924776325,13.1536862747764,13.90374331550801,13.205964765105938,12.51044706475717,11.84567414048825,13.15477020208431,12.422493312963745
2008-08-01,kira,0.9389671361502261,0.5891855540950175,14.156461839711575,10.945359219418528,11.621561253010881,12.050244048185977,13.157894736842103,12.453983551416137,10.949556632314629,10.435661622883874,12.053035356304997,11.43434346936294
2008-09-01,kira,1.3953488372093092,0.9689166884378819,15.031709444404395,9.922554351016789,13.085068411659794,11.920151698106185,12.95336787564767,11.112625007687127,9.924135498108111,9.499428842961866,11.9228750144593,11.317014564176997
2008-10-01,kira,1.1467889908256756,0.9717102674509981,14.846023222548798,10.599917645246638,14.018960068945718,11.55024291367679,12.5,10.487158195274727,10.602025925995196,10.11925003993559,11.552495525919015,10.98246209021192
2008-11-01,kira,0.6802721088435382,0.7477176780262385,13.67319272458396,11.298805255489853,13.914571005917153,11.121941711627903,12.121212121212132,10.609231888148107,11.299527992193514,10.753378535660474,11.12441601998917,10.594520079272174
2008-12-01,kira,0.45045045045044585,0.7074248494379765,9.49479574369063,10.150298767001974,12.229111774363721,10.036367638142751,11.779448621553868,10.680692794290515,10.151177324847428,9.707411179660852,10.037602734014705,9.603420011311359
2009-01-01,kira,0.672645739910327,0.6986970740478382,7.456083140313519,8.9637986337199,11.08962066609358,9.778810137488115,11.414392059553347,10.127023243148203,8.963828010870035,8.615358406048212,9.780125888072488,9.367304222991901
2009-02-01,kira,0.44543429844097204,0.53914535448083,6.457015598114602,8.064270369715976,10.005949161709005,9.669613763136887,10.81081081081079,9.050967257992571,8.064653482615181,7.781069111866579,9.671158104477584,9.267223823763526
2009-03-01,kira,0.44345898004436446,0.6923625396046296,6.4273805544077245,7.99963432560693,7.950193586398435,9.069665754015045,10.48780487804879,8.339555058913039,7.999982552033513,7.720819872533191,9.070718506705422,8.714115526097022
2009-04-01,kira,0.22075055187638082,0.540265855666,4.5293012861687965,7.321564955147664,5.982589558877205,8.139564419450117,9.927360774818418,7.79302913547375,7.321894425243647,7.0870949990058385,8.140004672390845,7.8512267025270255
2009-05-01,kira,0.4405286343612147,0.6224538337020746,4.5088823163101255,7.677721364511725,5.478451424397313,7.870822720184778,9.615384615384603,7.665289684419019,7.677967952344877,7.420328915890817,7.871151887787398,7.600699013878698
2009-06-01,kira,0.43859649122808264,0.4231446329337807,4.488646598557966,6.5307538053075875,5.453558285909654,7.262679695243857,8.78859857482186,7.174123664692322,6.531176888255241,6.3434572892074215,7.263275123356183,7.032138580870306
2009-07-01,kira,0.4366812227074135,0.13489138082416474,5.392065327981244,4.823005376992429,4.959796826404594,6.064928135367587,7.9812206572769995,6.333166522126232,4.825505894645743,4.72195938984008,6.066968014757501,5.904527194422959
2009-08-01,kira,0.43478260869567187,0.17642719717938515,5.367950220033668,2.9767413900358086,4.937537180249851,5.301001260299776,7.441860465116279,4.762414971319107,2.9777361106963163,2.9378528437493223,5.303815483378083,5.17909087982007
2009-09-01,kira,0.43290043290042934,0.0947292060515359,5.344049808953821,1.6362690104463118,4.915476416726339,4.0547372859201625,6.422018348623837,3.133555661178322,1.6363366710321792,1.6241911362203432,4.057376647556721,3.9838242127138823
2009-10-01,kira,0.4310344827586299,0.2697079274813996,5.320361240847538,2.1847270947149555,5.356207184303985,3.495459792668232,5.668934240362811,2.2637686563988346,2.1850392781861627,2.1634573228492826,3.4975539885458318,3.4427083563446814
2009-11-01,kira,0.42918454935620964,0.45097463779872893,5.296881712168178,3.3095464985321454,5.332409972299179,3.143009714188705,5.405405405405395,2.3759535953262967,3.3108506284408312,3.2616470853266577,3.144170097791066,3.09974996453799
2009-12-01,kira,0.21367521367523512,0.4328944216236419,4.380518211758311,4.712742741648812,4.861177323086929,3.1630383912371496,5.156950672645744,3.399592191195877,4.713157257639877,4.614307947615082,3.164232743727702,3.1192495419177124
2010-01-01,kira,0.4264392324093702,0.45340978508217056,4.361415682499481,5.482221496646988,4.839792060491477,3.820383436872099,4.899777282850781,4.499852424373185,5.482226750083141,5.3491153780181655,3.82163529500561,3.756286350433724
2010-02-01,kira,0.424628450106157,0.5213845992018573,4.342479011266853,5.778278817179827,4.818594104308427,4.536625227707347,4.878048780487809,5.324925905334754,5.778368730457917,5.630755223630679,4.53793614397664,4.446201154478668
2010-03-01,kira,0.21141649048626032,0.42046259031771616,4.3330721989324195,5.725914556183409,4.3567925089179615,5.218109144990679,4.635761589403975,5.662440641696054,5.726025517840516,5.581027898406976,5.218474181536048,5.097667923011029
2010-04-01,kira,0.21097046413500742,0.43887586235340503,3.440547364281521,5.664740771240795,3.8999613181307513,5.573441690691339,4.625550660792954,5.722802950744832,5.664861725570813,5.522892207491914,5.573508035679486,5.43600379275504
2010-05-01,kira,0.21052631578946102,0.3604782081359392,2.561236447601667,4.989805690055338,3.4480239608444707,5.3833048411569,4.385964912280715,5.45853972731718,4.9898757049012366,4.879266643228242,5.383446222597055,5.25501093342946
2010-06-01,kira,0.21008403361344463,0.17589259448880235,2.5557817517759984,3.9707422984255114,3.4406099263050605,4.844655641507556,4.148471615720517,4.870726527900793,3.9714957865398803,3.9009866599125864,4.845396408925429,4.741007279159781
2010-07-01,kira,0.41928721174004924,0.19157869092314428,3.4112089006069324,2.950545031545837,3.4258770921515858,4.298814245494853,4.130434782608705,3.9649498052904075,2.950974110911875,2.9117979741915434,4.299826834527787,4.217345090841729
2010-08-01,kira,0.41753653444676075,0.2483370890849601,4.268348447595671,2.491174822232267,3.411269884547763,3.732967418905231,4.112554112554112,3.1341100573963887,2.4912341241223324,2.463233497987627,3.7336589197513037,3.6712500706079343
2010-09-01,kira,0.4158004158004269,0.1610501753350313,5.12717808135752,2.4304464818366123,3.833520269187596,3.197720685467198,4.094827586206895,2.623354162065028,2.430526544951128,2.4038638213725427,3.198374642335744,3.1524252406425646
2010-10-01,kira,0.41407867494822614,0.2647210896155716,5.105368877550065,2.729881491496289,4.254847645429338,2.840154076973511,4.077253218884103,2.5505890804364606,2.730008569974496,2.696433416142252,2.840436939485902,2.8041156951668977
2010-11-01,kira,0.4123711340206171,0.39245054185022,5.0837443905549895,3.321879848904352,4.6752524539227736,2.9056891068503177,4.059829059829068,2.827564589396059,3.322432032545519,3.2728872272032916,2.9060637921474397,2.8680603625954593
2010-12-01,kira,0.2053388090349051,0.38794611869896745,4.205529568804267,4.261290741000301,4.665339363333909,3.341814196254722,4.051172707889106,3.437270694143213,4.2615083673099186,4.180471000659036,3.342300354034289,3.2921674110157895
2011-01-01,kira,0.4098360655737876,0.43714346708729757,4.187919474913704,4.980323492114103,4.645638748087744,3.8490066937754808,4.033970276008492,4.187333728678833,4.980354299475898,4.87016051054594,3.849594098399911,3.783296963344096
2011-02-01,kira,0.20408163265306367,0.3123918636937395,3.326120507633834,4.645854603912292,4.201226654449131,3.981760016222724,3.8054968287526414,4.629192904910839,4.646018655019235,4.549925797920018,3.982294873016956,3.911406512561655
2011-03-01,kira,0.40733197556006573,0.5676920171447941,4.161779097783835,5.397348886881503,4.183652036744112,4.827780838982698,4.008438818565385,5.008043775791937,5.3980299611227744,5.268909391703325,4.8283572917454,4.7246901961811805
2011-04-01,kira,0.40567951318459805,0.5264371648670663,4.144532699394099,5.772663311047266,4.166223828249582,5.375748685436221,4.210526315789487,5.2727094917373485,5.773450960605198,5.6260841828223995,5.376218671402011,5.24812234668417
2011-05-01,kira,0.20202020202020332,0.3233238810429473,4.135962984402997,5.818779153922926,3.730251424090003,5.230682681929455,4.201680672268915,5.663351980847664,5.819496994096318,5.669812252219231,5.231258401764127,5.109869025069624
2011-06-01,kira,0.40322580645162365,0.3399434795842371,4.118929421754869,4.863469206862159,4.140352055898999,5.130070148765742,4.4025157232704615,5.48280637921843,4.8639982622523,4.758818101977003,5.13070327992704,5.013863746840164
2011-07-01,kira,0.40160642570279403,0.27378598813363464,4.102035568521689,3.8132313971529053,4.1232819658475695,4.788367540499916,4.384133611691032,4.825780892204845,3.813280283032605,3.748213395043276,4.789164307666627,4.687148788932838
2011-08-01,kira,0.40000000000000036,0.3010390020264486,4.927219044059661,3.721021749802378,4.5308423310007395,4.764650021663219,4.365904365904361,4.129890568614969,3.7210673357545243,3.6590738789772814,4.7654662000443215,4.664443065598256
2011-09-01,kira,0.5976095617529875,0.4210793003613045,5.742151215857705,4.0569080463085605,4.92740147048536,4.459410168138334,4.554865424430643,3.863920929133924,4.057161909208151,3.983617162085551,4.459866014409131,4.371217632031277
2011-10-01,kira,0.3960396039603964,0.2615218693136301,5.718701441600005,4.006010110581415,4.9072543617997955,3.9095760471786756,4.53608247422681,3.928206229486264,4.006295431715534,3.9345606868055327,3.909746775723799,3.8413870409244044
2011-11-01,kira,0.5917159763313418,0.5373591619495244,6.528505870932655,4.989677634160672,5.724830905306955,4.353421780972355,4.7227926078028615,4.3510391192461695,4.990476622370865,4.879841326497836,4.354002634447274,4.269457602737559
2011-12-01,kira,0.19607843137257053,0.3454940862646527,4.837845690792597,4.673938657749899,5.289027596329077,4.364967348983617,4.713114754098369,4.556654991390152,4.674769074804308,4.577500470111229,4.36554670983722,4.28055881609839
2012-01-01,kira,0.3913894324853118,0.4129967746401064,4.8184234071527055,5.307938321247319,5.2675999999999945,4.654949705038436,4.693877551020398,4.990556512591415,5.308333836046875,5.183400091417134,4.65545852370477,4.558980389111333
2012-02-01,kira,0.19493177387914784,0.3237950630278652,3.174357149181506,4.415993841490673,4.838018444151682,4.702442823788089,4.6843177189409335,4.7982107201074875,4.416083566028073,4.329143695730497,4.702919033380182,4.604492511114167
2012-03-01,kira,0.1945525291829009,0.32492479740529046,3.1680722572531517,4.330405446676355,3.999607881580247,4.5020308887036675,4.462474645030445,4.682562700898196,4.330513958642057,4.246866540293048,4.5025115730042975,4.4121835052021385
2012-04-01,kira,0.3883495145631022,0.46526501757566674,3.155576833935636,4.547804646288278,3.9836762640585777,4.927183147710279,4.444444444444429,4.43155043351291,4.548079292637364,4.45593951203529,4.927575390911776,4.819669801726212
2012-05-01,kira,0.3868471953578423,0.47714806232919127,3.9481957063369766,5.18851078514444,3.560553633218033,4.801540515095581,4.63709677419355,4.689462765959074,5.188809948490936,5.069351509240594,4.801793922875031,4.699247602485546
2012-06-01,kira,0.5780346820809079,0.5132480942369844,5.548750355494758,5.980549034263505,4.351622427916535,5.152240348012005,4.819277108433728,5.239278164438521,5.9805752498298,5.8226446965673695,5.152577749614151,5.034755618430209
2012-07-01,kira,0.5747126436781658,0.4787689550816543,6.334707615920476,6.037541599303764,4.733080264012868,5.290038390612595,5.000000000000004,5.73605979287668,6.037559061594022,5.87666044659132,5.290404842432994,5.166299979313305
2012-08-01,kira,0.5714285714285783,0.4874496968271469,7.118938099708627,6.081035190592332,5.521658162879106,5.633830349206392,5.179282868525914,6.033193314926066,6.081048703428271,5.917866984583142,5.634065794719767,5.493609246911868
2012-09-01,kira,0.37878787878786735,0.22588260974172325,6.272639275598824,4.873093043800747,5.910076350268634,5.4253668701390145,4.950495049504955,5.660829702990666,4.87401224344326,4.768405046602098,5.425962913066251,5.295524871584734
2012-10-01,kira,0.7547169811320753,0.6370350371703193,7.035493184506447,5.535406498819873,6.68452498980503,5.786176113980268,5.325443786982231,5.494713192644585,5.537218973187086,5.401469374956758,5.787117861666324,5.639064910774039
2012-11-01,kira,0.5617977528090012,0.5028408579041299,6.994499778187402,5.600078680888454,7.056700858698894,5.840283742423202,5.294117647058827,5.336973128218658,5.601919609215056,5.46303401926469,5.841235630689812,5.690450501923916
2012-12-01,kira,0.3724394785847185,0.5081249401441834,6.967435117073295,6.794618309006539,6.619471235008301,5.8294946718429275,5.479452054794498,5.976846574493688,6.794862272970126,6.59200334087453,5.830442499859223,5.680204193738314
2013-01-01,kira,0.37105751391466324,0.3897422228347658,5.347451117403201,5.74878631135447,6.188117913832203,5.642042531019031,5.458089668615984,6.046533630876216,5.748973780356614,5.602832083532316,5.643047741987051,5.502150729244537
2013-02-01,kira,0.3696857670979492,0.5165672723842052,4.5447372750847315,5.806569715685694,5.762525826446274,5.703273775845363,5.642023346303504,6.113896927458651,5.806780594297978,5.6577377414526175,5.7043046084809035,5.560385880358654
2013-03-01,kira,0.5524861878453136,0.676445495098954,5.296881712168289,6.517127536176459,6.128871484514065,6.655782677723243,6.019417475728139,6.025023220978087,6.51799767586434,6.3310199612717,6.656347623309022,6.461511651073115
2013-04-01,kira,0.366300366300365,0.4253327712490318,5.276920691070797,6.668259290396916,5.3121799997194685,6.207527783600786,5.996131528046433,6.331476995035157,6.668941143340001,6.473382154928764,6.2080443852108536,6.03810711923054
2013-05-01,kira,0.5474452554744325,0.6056484448705879,6.02470604645049,7.04689429533476,5.282121171138332,6.4249251073590585,6.165703275529855,6.744733893756072,7.047604244468353,6.829706844874295,6.425534769731089,6.243722293163456
2013-06-01,kira,0.5444646098003769,0.4943795886890756,5.9908775964285566,6.274646716278509,5.643309777950689,6.395818048173019,6.130268199233724,6.662031917575151,6.274994972306525,6.101443219234781,6.396432730036006,6.216231590253241
2013-07-01,kira,0.5415162454873723,0.4558798055770641,6.732958274196865,6.4040107601588625,6.002439516060143,6.536053096136474,6.095238095238109,6.573484162894561,6.4042655077522825,6.22363135654691,6.536527981193485,6.348506755737837
2013-08-01,kira,0.538599640933568,0.4541675710500348,6.695404101636027,5.764611050168811,6.359526401649673,6.403821074595895,6.060606060606055,6.146533903982498,5.764632718258644,5.617707861264698,6.4043459540984005,6.223707353069496
2013-09-01,kira,0.7142857142857117,0.5636554652374004,7.4180729576859505,6.056548406035023,6.702089119671517,6.165541555625609,6.41509433962264,6.074125112031492,6.056713644329936,5.894811367457997,6.165802883841032,5.998127293346389
2013-10-01,kira,0.5319148936170359,0.424039961298317,7.37704668209096,5.922152335347075,7.054518088337147,6.162808161942701,6.17977528089888,5.914644430390337,5.922378806502127,5.767451990343009,6.163071524615638,5.99554167344496
2013-11-01,kira,0.7054673721340388,0.6517029601438962,8.091694461007526,6.757764090836327,7.391280002371525,6.260027271090873,6.331471135940414,6.2460752630558725,6.758320878212576,6.557593546718454,6.260412046728159,6.087650703991576
2013-12-01,kira,0.5253940455341555,0.6548029904352992,7.283060345188952,7.145337248215244,7.350545426110089,6.599552749278881,6.493506493506507,6.609543662454698,7.146079712784403,6.9221836475100496,6.600121094316758,6.408497507484023
2014-01-01,kira,0.522648083623678,0.5273637070199788,7.243509351481547,7.586974720098372,7.310257244987062,6.751318144561491,6.6543438077633965,7.164314335196131,7.587199470757988,7.335478630396697,6.751814215455076,6.551465310369853
2014-02-01,kira,0.34662045060658286,0.5093030195126858,5.72308367746841,6.97941830181148,6.900829081632676,6.868533730184967,6.629834254143652,7.236582993842711,6.979684356910321,6.765878867871855,6.868950078567071,6.661736207295155
2014-03-01,kira,0.3454231433505983,0.4797407070385118,4.968009060214129,6.237108602247643,6.119221870127256,6.690256487943147,6.41025641025641,6.930500836376341,6.2371329192207225,6.065629734284705,6.690719016704572,6.4939066908973775
2014-04-01,kira,0.5163511187607606,0.5761059864068052,4.941709802402072,6.44330146283596,6.086366874138771,7.013610272740234,6.5693430656934115,6.551815228253166,6.443404143542075,6.260598851832011,7.013901009578993,6.798038741114354
2014-05-01,kira,0.5136986301369939,0.5465373364311743,5.642373501768527,6.601119551888757,5.68272088479671,6.7901014138619376,6.533575317604368,6.4277259905244355,6.60122237991041,6.409536119505965,6.790299682562262,6.58770749368891
2014-06-01,kira,0.8517887563884052,0.8168894528488568,7.790949453310403,8.039090221721846,6.37011497043789,7.134310849387071,6.859205776173294,7.028636631134533,8.040027869601719,7.758131102747345,7.135104038178253,6.911880418516025
2014-07-01,kira,0.6756756756756799,0.5822287526212166,8.475997025660886,8.065400983801352,6.6942200889679615,7.251284629234256,7.001795332136429,7.569397954646173,8.066320986318875,7.782622167604991,7.252048699299318,7.021610509718501
2014-08-01,kira,0.6711409395973256,0.5754828384902488,9.157252662961746,8.1898949096052,7.385433165991007,7.39256921018836,7.14285714285714,8.098393599051645,8.190701660898881,7.898404175841289,7.3932664584052565,7.153970147673627
2014-09-01,kira,0.8333333333333304,0.6749319208668725,9.077373450457916,7.5818236853709475,8.432253725993233,7.810214522378023,7.2695035460992985,7.944259803984677,7.581954944968627,7.330574047913352,7.810768395323064,7.544352575330349
2014-10-01,kira,0.8264462809917328,0.7238088434554202,9.732254249713979,8.188834865928495,9.102317507975233,8.127100311424385,7.583774250440922,7.986409378945947,8.18907892805636,7.896894411250166,8.12768398796706,7.839758289427579
2014-11-01,kira,0.4918032786885185,0.4609139722988598,8.95242388966051,7.69671060585202,9.054790187161355,7.943021092413849,7.35551663747811,7.8224388908819,7.697542882839503,7.43861894648461,7.943864107341936,7.6685115611629495
2014-12-01,kira,0.4893964110929794,0.6213662349143556,7.473489515743514,7.467686534364915,8.272461650840036,7.524739965343641,7.317073170731714,7.7826129471004535,7.4684324748374165,7.224356202674542,7.525179976602803,7.277465125293947
2015-01-01,kira,0.48701298701299134,0.4584489873955544,6.0335388229577624,6.339646908850227,7.86704427728484,7.260255915799174,7.279029462738307,7.163598157543127,6.340013721342319,6.162916778435079,7.260893927861067,7.029905594842623
2015-02-01,kira,0.4846526655896577,0.6590681191084524,6.003362276640933,7.181131117435546,7.467777777777762,7.4386115898857685,7.426597582037986,6.994505472325341,7.1816130856674265,6.95553336567345,7.439294101492444,7.19707615607903
2015-03-01,kira,0.4823151125401992,0.6365595628113674,5.973486005433015,7.245881060579307,6.720852400792321,7.3567265145511485,7.573149741824459,6.9231830140559225,7.246393458553735,7.016306677261497,7.357360347025299,7.1203314399680195
2015-04-01,kira,0.6399999999999961,0.7132407556236009,6.620320996716966,8.338054050505317,6.326525127653859,7.334199650077355,7.705479452054798,7.589358075077235,8.338120474955657,8.035473750173683,7.334805125731214,7.099195264304381
2015-05-01,kira,0.4769475357710773,0.49727370410919125,6.5876223146235535,7.64318269819777,6.295090866995423,7.4119084583902595,7.666098807495736,7.74220277023816,7.643692634142951,7.388296090176638,7.412425088071917,7.171914727925044
2015-06-01,kira,0.6329113924050667,0.610580908838565,7.2280463055257815,7.532076262256582,6.598920559959542,7.3888833214086125,7.432432432432434,7.835589805371379,7.532572197111431,7.2843814742854285,7.389395443287583,7.150344075773463
2015-07-01,kira,0.7861635220125729,0.6691866138773817,7.852331098742238,7.344052286508873,7.234556752905408,7.839907912683564,7.550335570469802,7.5057096362601605,7.344376444158329,7.1081649073005515,7.8401991878334965,7.571819328737117
2015-08-01,kira,0.7800312012480548,0.6590655452150207,9.15955557680672,8.036981605637173,7.865923636025274,7.839902397662768,7.666666666666666,7.638316168981274,8.037023474069782,7.755332271723869,7.840193671258899,7.571814180950254
2015-09-01,kira,0.7739938080495223,0.6148413616874571,9.772989490833872,8.055282492070837,8.493055999999966,7.7933619360535555,7.603305785123959,7.812991214005538,8.055318134460453,7.772374083119438,7.793654690578333,7.528377778702433
2015-10-01,kira,0.7680491551459223,0.6759859462681428,9.694092463095206,8.084478246785087,8.76931359490043,7.713629055393634,7.540983606557372,8.059014156342759,8.084520790534055,7.799571412682482,7.713865868190539,7.453868159991517
2015-11-01,kira,0.7621951219512368,0.7667295775053873,9.616458305880071,8.54764543204185,9.387768386476525,8.292012507279267,7.830342577487781,8.23004372758993,8.547895554969042,8.230227541843949,8.292183362520532,7.992779906783909
2015-12-01,kira,0.45385779122539827,0.59427318764671,8.230175630644986,8.458913299906134,8.998852893477306,8.25690978133624,7.792207792207795,8.364344630782394,8.459231815498525,8.14795484568096,8.257102295045172,7.960164464400199
2016-01-01,kira,0.7530120481927804,0.6696352978621922,8.165587520108364,8.431549505123503,8.927158958433257,8.257874788634755,8.077544426494354,8.479114168715718,8.431869333733811,8.122552252057158,8.25806736183321,7.96106183236982
2016-02-01,kira,0.4484304932735439,0.6199913529724377,6.824594828910735,7.80132832265219,8.21152316230387,8.17384325182491,8.038585209003223,8.22866828242599,7.801390812782283,7.53559935392536,8.174052897927208,7.882913447884654
2016-03-01,kira,0.5952380952380931,0.7675573132816416,7.427251930172574,8.546045962064763,7.82796642763941,8.50247088452507,8.15999999999999,8.25940036680175,8.546287402428066,8.228735856465086,8.502751605573122,8.188345351073023
2016-04-01,kira,0.7396449704141883,0.8360095734717632,7.370253031358698,9.265392495452218,7.767186570493756,8.847672531696226,8.26709062003179,8.539427953779398,9.265917488291088,8.89423295890337,8.848161124026577,8.508392605480264
2016-05-01,kira,0.8810572687224738,0.9081193455585224,9.231992584126836,10.522315785018721,8.02158742655994,9.15334374594603,8.702531645569621,9.446520325827223,10.522530586618451,10.046744929247708,9.15418805021977,8.791172141586534
2016-06-01,kira,0.727802037845704,0.7235008278639654,9.80891339998955,10.329157091860864,8.611554652344333,9.433969847799052,8.805031446540879,10.040246457649049,10.329532981547707,9.870518987577004,9.434580658809777,9.049627422021045
2016-07-01,kira,0.7225433526011571,0.5784648138219772,9.73436749776706,9.206303426704654,8.545874193685332,9.235843965688906,8.736349453978143,10.014563308498659,9.207478375520983,8.84033994897786,9.236694349621267,8.867286453940615
2016-08-01,kira,0.8608321377331585,0.6903743197234746,9.646393613511384,8.266744852768483,9.438996952947875,9.388716802208297,8.823529411764719,9.259002810888429,8.26699176361072,7.969359845637669,9.389432277848542,9.008052387442689
2016-09-01,kira,0.9957325746799306,0.8642755307814776,10.81767061242369,8.873284577602236,10.312138930709702,9.598803448163352,9.062980030721967,8.780537311481652,8.8741750012735,8.532458657307718,9.599639632003075,9.20148882244236
2016-10-01,kira,0.8450704225352101,0.7640269853413262,11.357885761657261,9.678973610707997,10.54314614639873,9.442383342380234,9.146341463414643,8.941554255018502,9.679302747938468,9.274707343385113,9.443157488082976,9.057523646181487
2016-11-01,kira,0.5586592178770999,0.5932304572749736,10.029385033487292,9.256322286989406,9.837722392784265,8.760408093190408,8.925869894099847,9.269885426880343,9.257131233684834,8.88613189359111,8.761028644329617,8.42774586961439
2016-12-01,kira,0.694444444444442,0.8533835759674924,8.722300041858698,9.209137208814422,9.764985465601917,9.041081587673494,9.18674698795181,9.38014961402731,9.209889548329265,8.842564074335169,9.041913843064386,8.687511365821443
2017-01-01,kira,0.8275862068965356,0.6676049802444295,8.646919864203761,8.791723997933264,9.994051160023808,9.2344479797136,9.267563527653211,9.084340959979054,8.792494147249673,8.456876053947582,9.235073516468306,8.865791698666348
2017-02-01,kira,0.6839945280437965,0.8357466154659932,9.18959914647155,9.844650344878069,9.60868782235853,9.550091371854453,9.523809523809534,9.282489355045008,9.84510539653054,9.42694068671166,9.550756720519571,9.156536290151385
2017-03-01,kira,0.40760869565217295,0.5937180159709454,7.950765735395127,8.717750898114328,8.33584606228921,8.963167055963805,9.319526627218933,9.116636325970573,8.718410491527639,8.388278446725472,8.963896011332473,8.61542126053032
2017-04-01,kira,0.5412719891745521,0.6695543057213316,6.729812681985203,8.726171976070486,7.684100059299004,8.75894304825,9.104258443465497,9.092297775198599,8.726829047418772,8.39607574863308,8.75965705454258,8.426475901290331
2017-05-01,kira,0.8075370121130687,0.8570640028265908,7.254621216057666,8.818143051455829,8.217785493827169,9.330191962998423,9.024745269286761,8.754273483653897,8.818931498570159,8.481345298075471,9.330914830351578,8.954142992393566
2017-06-01,kira,0.5340453938584844,0.5572099922644069,7.795877259209738,8.660257519936954,7.873293697978601,8.68900040748124,8.815028901734113,8.734719270790059,8.661241028148336,8.335313203249317,8.689822314270046,8.361795824987395
2017-07-01,kira,0.9296148738379806,0.7663645410519448,9.471007251469764,9.07883925005617,8.091720765549892,8.902362854309809,9.038737446197986,8.852882938751062,9.079856563532672,8.72255414457177,8.903211676808432,8.559314946602425
2017-08-01,kira,0.7894736842105399,0.5295604243719998,9.392565526393515,7.668919832203924,8.318318761814725,8.242006266035617,8.961593172119485,8.465415214389104,7.669632663474779,7.412539830753406,8.242883828692516,7.946942564414439
2017-09-01,kira,1.0443864229765065,0.9861645011681963,11.630774505109986,9.517874578361795,9.696569075351459,9.088223263196248,9.014084507042263,8.753556529010353,9.520124736119007,9.128357866368564,9.08990805603127,8.73183553480894
2017-10-01,kira,0.7751937984496138,0.7050069735546227,10.949165905725122,9.251372345143881,10.207608382589228,9.16507171199028,8.93854748603351,8.813659751430446,9.253656095294161,8.882927596379275,9.166724624372335,8.802740870475523
2017-11-01,kira,0.8974358974358942,0.9420052108438881,11.425309969484655,11.055348087802152,10.404259528949144,9.349025465264527,9.305555555555545,9.94241630525341,11.056346566512909,10.532706742266829,9.350971544838904,8.972623286510117
2017-12-01,kira,0.6353240152477735,0.8263826448151157,9.63188556455905,10.354160536816014,10.62681544737385,9.935222348760542,9.241379310344833,10.220562222392804,10.354770413663484,9.893579316854506,9.936721499528577,9.510968591611535
2018-01-01,kira,0.8838383838383868,0.6249034293677846,10.105422183070644,10.003464254722871,10.526488919667587,9.626773338215422,9.302325581395365,10.467340275896774,10.004579855643602,9.573165140107154,9.628528604787823,9.228046368243215
2018-02-01,kira,0.5006257822277815,0.6146391657145145,8.38352001928504,8.583377779581003,9.893891157482804,9.81240738578084,9.103260869565212,9.639998834763208,8.583988239995154,8.26370095958966,9.813789524541082,9.398203850928244
2018-03-01,kira,0.6226650062266526,0.822351775596597,8.328995661766236,8.566014897467532,8.97849354672864,9.456436251311873,9.336941813261168,9.045102769666302,8.566601741336966,8.247577482715585,9.457338831263895,9.070578399785045
2018-04-01,kira,0.7425742574257432,0.9192091310757045,7.723511620413825,9.84172485450603,8.90795529257069,9.922564806821033,9.555854643337835,8.998701617718297,9.84277262365405,9.424800289547264,9.923648948229324,9.498982714827209
2018-05-01,kira,0.7371007371007154,0.819717693301425,8.740976437004422,10.74000940816875,8.562101106125741,9.656391865141822,9.479305740987964,9.717674911958852,10.740149365804674,10.245114399894906,9.65721101915278,9.254407679742283
2018-06-01,kira,0.7317073170731714,0.7867222019533049,9.213102894352932,10.583554882667713,8.770151004999471,9.570141310516833,9.694555112881797,10.389556552491964,10.583761747562326,10.102596105321737,9.570926746431896,9.175086794018661
2018-07-01,kira,1.0895883777239712,0.9136580877120437,10.725661204293813,10.559226374024133,9.214271280903375,10.199891667381467,9.868421052631572,10.627060278458744,10.559414986384041,10.080391931867094,10.200559804504561,9.752596110707179
2018-08-01,kira,1.0778443113772518,0.6859793533687153,12.231399102754992,9.973761027697115,10.472403455907099,10.356220172942132,10.182767624020883,10.370178470565005,9.97432457176517,9.545438572136256,10.356628019932113,9.89527648601558
2018-09-01,kira,0.9478672985782088,1.0207737738649136,13.197853007167627,10.998869504404052,11.187628663856497,10.791017586058537,10.077519379844958,10.511167025106083,11.000145550154405,10.48164485978269,10.791774340193072,10.292120482552214
2018-10-01,kira,0.8215962441314506,0.7583815181934739,12.002251584010803,10.317265679568145,11.362127148367907,10.438179762393451,10.128205128205137,10.430195005284837,10.31861197593178,9.860538581708411,10.438953319071409,9.970465256787753
2018-11-01,kira,0.5820721769499437,0.6085695513224687,9.820946758979954,9.978398457663706,11.019631171921528,9.97607971823673,9.783989834815765,10.428151128423234,9.980282805371289,9.550899373523425,9.977303651580849,9.54816897282984
2018-12-01,kira,0.4629629629629539,0.704251220729124,7.725996871329954,8.606507176917688,10.42803792013791,9.796172599320663,9.595959595959602,9.627132780603564,8.606753796178346,8.284809160980267,9.797471806229407,9.383227010381479
2019-01-01,kira,1.382488479262678,1.0049820779531426,10.1432870788563,9.673650508832798,11.068880203664545,9.994987345928674,10.137672090112648,9.417091904658491,9.675497890048623,9.271211400018942,9.9966240916306,9.565874990863676
2019-02-01,kira,0.5681818181818121,0.6304062883176753,10.082456640782134,9.7688986371667,9.951623952741429,9.87359861485022,10.211706102117057,9.351450732195676,9.770599401952019,9.358558347999768,9.875395252637876,9.454728860761596
2019-03-01,kira,0.5649717514124353,0.7746747951051125,10.530243268902485,10.076271195030117,9.119112169102262,9.33891959202533,10.148514851485157,9.840395726935714,10.07781743790741,9.640252645503722,9.340017835299918,8.962530903241994
2019-04-01,kira,0.561797752808979,0.8078113579492063,6.994499778187291,9.219269958470043,8.55747742522166,9.446224431247984,9.950859950859936,9.685957517826926,9.21965311091233,8.851569765487977,9.447357955153567,9.061390582753459
2019-05-01,kira,0.7821229050279266,0.9169189792776811,7.9078569104687135,10.468459177430312,8.989733367626872,10.118123385986477,10.000000000000009,9.921037747820026,10.468699864214571,9.997620529328,10.119142533097403,9.678089438663884
2019-06-01,kira,0.8869179600886845,0.967965715722241,9.296320799252221,11.318437079716471,9.91155046826222,10.695611787431591,10.169491525423723,10.337728309066495,11.31872988833178,10.770784211796514,10.696679743641724,10.205518428650118
2019-07-01,kira,1.098901098901095,0.9190889067427044,11.650113299669162,11.810770695043416,9.297520661156966,10.507423953355023,10.179640718562876,11.201704856050853,11.810807270014156,11.215894406970506,10.508268718303281,10.033732086229241
2019-08-01,kira,1.0869565217391353,0.4010205127992883,13.007077594072625,9.54188700764429,10.42803792013791,10.004197525015579,10.18957345971565,10.881865385665046,9.54615165345636,9.152300541056935,10.006539257192216,9.574960535192467
2019-09-01,kira,0.8602150537634357,1.2399281200110357,12.887481530758782,10.726890886121755,11.077389218533028,11.022270000839773,10.093896713615047,10.687011535157499,10.734698617454708,10.240150158212113,11.02636223321971,10.505467185004314
2019-10-01,kira,0.746268656716409,0.6766536094732656,11.320698995283273,9.666733428393703,11.48528447926096,10.733563043173966,10.011641443538988,9.977982980722322,9.674624570467927,9.270408969134358,10.737994274463048,10.243151688052432
2019-11-01,kira,0.5291005291005346,0.48959826480547974,8.88363898654585,10.05425520399812,10.926199969518336,9.797772237267278,9.953703703703699,10.146759178455,10.060856876497626,9.624719977159124,9.803227810891357,9.38851025910803
2019-12-01,kira,0.6315789473684275,0.9805968827367284,7.899694633150167,8.930942222460025,10.36541480497526,9.825245520275327,10.138248847926267,9.547188478824808,8.933579091901978,8.587395028061895,9.830754494005124,9.413772593137004
2020-01-01,kira,1.1506276150627492,0.6384170744629492,9.642432542971967,8.76555056969277,10.478379017013228,9.215212495874248,9.886363636363637,9.244748194379726,8.76826829357704,8.43444888802063,9.220584618439865,8.852428928577494
2020-02-01,kira,0.7238883143743546,0.719903657769061,10.49468963264555,9.766073535073172,9.686206497861027,9.910069918864895,10.056497175141255,9.155028497719165,9.767453922442781,9.355670459874954,9.914065657213467,9.490195218517039
2020-03-01,kira,0.6160164271047375,0.8336018948425616,10.426354145480499,9.128332574915564,9.155713967476032,9.029592728541003,10.1123595505618,9.219838454582563,9.128745990298825,8.767690508298287,9.0311225113191,8.677542768180091
2020-04-01,kira,0.40816326530610514,0.742803171097095,7.219677695506399,9.58180618045079,8.42428823381205,9.172915513134905,9.944134078212308,9.491128419632222,9.581962251389054,9.18523489483487,9.1744203737532,8.80984189142775
2020-05-01,kira,0.40650406504065817,0.6296088433675573,5.874641024772531,9.189376455163533,8.16000000000001,9.477345260223903,9.534368070953448,9.299797691176813,9.189826050628236,8.824055637228856,9.47829077457234,9.089863048551905
2020-06-01,kira,0.6072874493926905,0.705568277617119,5.837905039566826,8.635858319104006,8.107788729188869,8.881817013717175,9.23076923076922,9.13271138683509,8.636000978652426,8.311921168327085,8.882117973880055,8.539805838312686
2020-07-01,kira,1.0060362173038184,0.8455432722290768,8.38132534895295,9.079695263801192,7.798936785696298,9.330462473276446,9.130434782608688,8.967779592138946,9.08021114498676,8.722881572855012,9.33082284943254,8.954058233844941
2020-08-01,kira,0.8964143426295035,-0.2585562258099361,10.512143626432424,5.279394728755182,8.168542263111966,7.216563384627328,8.924731182795709,7.647461920120624,5.2945159871823355,5.170221296145039,7.225957526772087,6.997138466686947
2020-09-01,kira,0.6910167818361179,1.5491625673857534,10.880493309928463,8.851602399536308,8.329862557267775,8.74367685563826,8.74200426439231,7.72611308208464,8.887299516022296,8.544598455219576,8.761583716079468,8.428259811773332
2020-10-01,kira,0.7843137254901933,0.711615777482244,9.910101112962867,8.274513642999137,9.14303655231674,8.676358758538827,8.783068783068781,7.467319590243671,8.309513533349655,8.008888476232245,8.694236184161053,8.36588502454363
2020-11-01,kira,0.7782101167315147,0.6252502195639886,9.395949023984706,12.163494952285703,9.952629939844893,8.666944648492025,9.052631578947356,9.753699335894117,12.174936624248778,11.544114257727944,8.684827011115415,8.35716777693649
2020-12-01,kira,0.5791505791505891,1.099149159902657,8.910609575384454,10.188469408234656,9.891137569886133,9.517996060184707,8.995815899581583,10.198523422008332,10.191229845656768,9.744060627795559,9.53748613795864,9.144329541507567
2021-01-01,kira,1.24760076775432,0.5867667118197861,10.927028648598691,9.643095672467062,10.417394168346572,8.956655869429087,9.10031023784903,10.651009054991146,9.646609008341178,9.244664365145727,8.976181471935242,8.626776420688985
2021-02-01,kira,0.8530805687203769,0.32787608146203073,11.257037148889637,8.35273282996094,10.322568699697632,10.241649125181729,9.24024640657084,9.38868569985929,8.359316631077984,8.055167812737896,10.251996629217054,9.79964103523292
2021-03-01,kira,0.5639097744360777,0.9802024080124871,11.189617156086907,7.843708632598556,10.044213763936959,9.009784833902202,9.183673469387731,8.606261385514946,7.848302648308514,7.579380805177216,9.01399663482274,8.661720716486387
2021-04-01,kira,0.5607476635514086,1.0508158796567857,8.20298623374427,9.847636894318313,9.556541355660197,9.7453186309018,9.349593495934961,8.682335555418973,9.854518909511079,9.435577476525214,9.750518828946753,9.34012092083547
2021-05-01,kira,0.743494423791824,1.1638745369976,7.733462225707055,13.554947818509877,9.48107511814078,10.923347057772936,9.716599190283382,10.404928960007087,13.555329495353208,12.779571298667491,10.929438308311124,10.417369555702694
2021-06-01,kira,0.8302583025830312,1.0415104863444435,8.879354400918583,13.83096938082955,10.028422382764557,10.796903816272874,9.95975855130784,12.407548778487087,13.831176099632959,13.024803611995317,10.802728739713508,10.302092208586267
2021-07-01,kira,0.9149130832570851,0.8882600361260096,10.421327616271236,13.100276118984745,9.30652950293116,11.462092496800768,9.860557768924316,13.493519820830958,13.101121430685625,12.374580237872213,11.46698552265002,10.905078857198713
2021-08-01,kira,1.1786038077969296,-0.5655884795660482,12.341352879499222,5.562259927860547,10.013285092430335,9.485692753492557,10.167818361303048,10.752173160392452,5.595290882104642,5.45672817161762,9.509029696757798,9.118149735142556
2021-09-01,kira,1.3440860215053752,2.6630392724332985,14.64886823151943,12.503446726422563,11.72687570966897,13.165261452237154,10.882352941176476,10.345348570558443,12.618751647188997,11.94284331597304,13.223476254059152,12.483823463984178
2021-10-01,kira,1.0610079575596787,0.957672003339094,15.314221619076296,12.813379649209189,12.841257721700906,12.956736798835532,11.186770428015569,10.27834781868755,12.9287443355669,12.220491184825377,13.014902756895342,12.297535711348795
2021-11-01,kira,1.2248468941382429,0.9547420422667541,15.52518094018438,19.87280625857919,13.922144987132556,12.490196606416347,11.679536679536696,15.024366956983437,19.917822697431873,18.301813272156586,12.54788294848117,11.879270721887103
2021-12-01,kira,1.037165082108893,1.7234776173741917,14.132051830050397,15.544426097953057,14.390168158178685,14.013798226557327,12.188099808061414,16.039099402777126,15.55326532817405,14.543566651920159,14.07735921241513,13.2432049839466
2022-01-01,kira,2.8229255774165907,1.9963142683635082,22.301828214766118,20.37314380371349,18.75664243812103,16.531974888856936,13.933649289099503,18.576359498446095,20.386782842730344,18.698135712017816,16.60311605122411,15.459313448421597
2022-02-01,kira,2.1630615640598982,1.2277904643944515,26.899535206936108,21.680711171486223,21.078865893295262,20.773375856045796,15.413533834586456,19.196874501058048,21.687866920865595,19.790329400528606,20.799873016616367,19.046071336342596
2022-03-01,kira,1.7100977198697187,2.257827000481649,30.314189982819673,24.25766321014249,21.95501582678019,19.821869389058676,16.728971962616825,22.113615612460812,24.271426067893632,21.927726932958436,19.839692594488547,18.235646792439297
2022-04-01,kira,1.8414731785428406,2.4597345508946544,25.409539918180357,26.53135939202569,23.84593658076206,23.413846548009598,18.215613382899633,24.174469958450583,26.552654662235618,23.78140806308302,23.43443138567136,21.23977188755042
2022-05-01,kira,2.2798742138364636,2.881229796166229,25.9840945445311,35.003097184363455,26.440986397479847,28.168923205848206,20.018450184501834,28.590146306853814,35.00829081641002,30.39516539017013,28.189564874942175,25.09274739534937
2022-06-01,kira,3.1514219830899304,3.479302617655189,33.278565540903294,41.570076330444515,31.78804312430985,32.63169630711407,22.781335773101553,34.34746919183937,41.58409598003638,35.28106785886429,32.66911505919698,28.604397395911363
2022-07-01,kira,4.247391952309987,4.34580208951818,46.326307254727375,52.28547690539862,35.46481045179832,38.81242166500449,26.83590208522213,42.95517584379065,52.316248023925915,42.82533801335839,38.88779363911916,33.303373038220705
2022-08-01,kira,4.360257326661898,1.9995620525428581,58.59965449770685,47.131996481509766,41.35428492610003,40.937132154456336,30.824372759856633,46.99228695430566,47.209839222923435,39.298667038864906,40.988115478315976,34.84691621451752
2022-09-01,kira,5.47945205479452,7.316066607931204,73.40947364627397,70.19709407765492,52.025543573369525,55.225048235758244,36.162687886825815,56.50213018572563,70.63902972917407,54.64572299996897,55.49056322717642,44.963395429416636
2022-10-01,kira,4.870129870129869,4.731519560932185,77.59030319730205,72.72763748445006,61.20215033028751,62.184804001676696,41.29483814523183,63.36023977204959,73.17420074680105,56.188592885624985,62.438595232048286,49.506965449491695
2022-11-01,kira,3.2817337461300333,2.8810964188644705,70.36201261056985,78.77670985693146,64.37565616468382,62.18438348264592,44.165946413137426,73.95709702383348,79.09833179038266,59.71473035091144,62.43817908846483,49.50669869488817
2022-12-01,kira,3.1175059952038398,3.9955619902725337,55.60763576613468,57.6562454510392,64.26758113987843,63.8066996156152,47.13430282292557,69.23051803398084,57.707049513462415,46.432711880276756,64.05627209086313,50.53921744012286
2023-01-01,kira,9.76744186046512,8.715032799990418,86.77461642449545,83.04588302251186,82.12457483927302,77.81193133682982,57.071547420965054,72.91077241319508,83.67568667062318,62.36676483650969,78.35410614298588,59.27767886106734
2023-02-01,kira,2.648305084745761,1.3601714304516843,82.23462844897335,72.45944145093026,76.19834865828483,75.58966805128775,57.817589576547235,71.03525145245813,73.33054874823652,56.28306488285855,76.19280673157039,57.99889761688499
2023-03-01,kira,4.90196078431373,5.575441531753378,95.18018572521156,83.18055732214331,74.27428740091075,69.93986850365037,62.77021617293834,79.52434530965071,84.08785153495964,62.60258304878192,70.43011893957683,54.51764746452934
2023-04-01,kira,4.328578455484511,5.0812836773590275,59.27760407555394,59.8904221451656,72.47902309041596,71.07683510167011,66.74528301886792,71.28990314404918,60.207299254617006,48.06758655825636,71.57401986184088,55.21717569738303
2023-05-01,kira,5.186232909005173,5.967779864412059,75.62372739554168,91.00663147518627,78.89864367498805,81.49627262738561,71.48347425057646,77.55944891050189,91.0201714936018,66.49802029409786,81.97842142956353,61.390542588478205
2023-06-01,kira,5.782160466158692,6.2155640494702125,81.59274656618368,95.68136041303245,88.26392644672802,89.32781269009176,75.85692995529062,82.00481430714115,95.70629608219052,69.0585103649652,89.81560278838077,65.83054670687356
2023-07-01,kira,7.669491525423733,7.882126692679536,105.99467130633099,117.39321114874932,81.13624070848897,86.43790468160344,81.62973552537527,101.56879459744799,117.47574699950385,80.26188242624724,86.8396731559154,64.1647344922518
2023-08-01,kira,7.910271546635195,4.915657716214272,128.1768186405034,108.88721797217605,100.18307469639316,99.74694957142225,87.80821917808221,107.39765468293037,109.05049996216358,76.05339383345608,99.84902073066635,71.27570706377698
2023-09-01,kira,9.518599562363228,11.91644248845678,162.16415827129472,157.47484993058802,118.19053497275287,124.46164239477272,95.0,127.98689100881492,158.55964803141177,98.85690758940235,125.13015867796207,83.95770897718377
2023-10-01,kira,7.89210789210788,7.718532629618324,164.33908393746967,155.91664396014164,133.3504718424964,135.8697543495274,100.61919504643964,140.97574155905627,157.00079504012785,98.20253133715751,136.482388289465,89.23220688170237
2023-11-01,kira,5.987654320987668,5.43907752889039,145.997878356657,161.06201894552044,136.9198456772575,133.52198794916353,105.87529976019185,158.20889072366268,162.01889466233888,100.29621058786198,134.16535665501846,88.17480221065902
2023-12-01,kira,4.455445544554437,5.54005489713405,103.56550076694467,106.46068719515517,131.01423800632,130.56112953431392,108.54651162790697,138.548130604309,106.58154578485299,74.79066022257106,131.23522786097283,86.8237839059867
2024-01-01,kira,11.485921382771135,10.239196787474224,132.0735126230647,126.47476348589635,147.6814481000378,140.74605170797173,111.81144067796613,129.37126210892646,127.06425362321289,84.87331685399465,141.6078300012665,91.53792409557609
2024-02-01,kira,7.051762940735173,5.349508204408804,141.53481996236934,125.7061923405296,143.75613481510564,142.7412496073229,120.89783281733747,119.83017300211314,126.30563577713035,84.51503955606832,143.56289212302636,92.40562507196515
2024-03-01,kira,6.330296659658963,7.121673619462454,159.34836046871342,139.54306846111075,129.7702741259185,122.38755929079544,123.90555828824401,130.7438758797828,140.04913082115232,90.84151444538193,122.7397966728927,82.8160873339765
2024-04-01,kira,4.613356766256582,5.488043089508432,101.07216204705871,100.84100714645174,116.017413504039,113.27311033452361,124.5167373880245,120.7981441461674,100.9102522859921,71.83689965351876,113.62062524618408,78.35510825375671
2024-05-01,kira,5.459890802183964,6.405571735106097,89.37642865319062,109.01613784776521,113.8714604613361,117.2009130076169,125.10085163603767,115.16072350254957,109.06575582088772,76.06115377630793,117.52918859819181,80.28809666618812
2024-06-01,kira,5.097570688968545,5.623092377488859,80.74593135924894,97.56314685086991,116.50903205042465,117.54282891304513,123.64406779661014,102.34174218227614,97.58043095897217,70.06682880841355,117.86803673682175,80.45417162689773
2024-07-01,kira,7.029177718832891,7.349554591897545,98.02897276820369,111.88195880568573,99.54476616153285,106.28762930117004,122.31404958677685,106.12386904122135,111.93782611670665,77.51287481797,106.3565241802296,74.67488723574438
2024-08-01,kira,7.381837493361654,3.853356709103495,112.86428012530605,92.2731554327389,100.77718286190485,100.46992881815004,121.2253829321663,100.31947308280694,92.4840622503679,67.30401471395959,100.6179236100976,71.68258424513375
2024-09-01,kira,7.632706890867147,10.477171638360128,134.1580705524776,130.1300484592118,105.7258334465856,113.22574084416979,117.41591741591742,111.33265642895816,131.01224901712868,86.72033175744467,113.69778483359991,78.39358028292911
2024-10-01,kira,5.498544953285323,5.3009065910350595,121.04782948645627,113.0594407320193,109.22207007350826,112.4698840879435,112.59259259259258,111.78323147695228,113.96303882394547,78.52573975399473,112.94822554964266,78.01930728598236
2024-11-01,kira,4.181184668989557,3.497132704457573,95.84843082409887,110.15121379981304,104.17917435684427,101.01352440895658,108.96913220733838,117.26841896448312,111.11901417433944,77.10084373541105,101.60425481362245,72.20242922468532
2024-12-01,kira,2.8846153846153744,4.160661309247304,63.51018099450636,66.05678605732943,95.67122552220093,95.48569313981568,105.8265960412601,94.22456266726553,66.10752318993003,51.83480241895975,96.11205991525303,69.2775670882022
2025-01-01,kira,8.66856291480429,7.274706070026515,84.06644095404354,78.86176829615901,101.71139594526699,95.2131868535516,100.62515628907227,83.45880472703355,79.12438541286046,59.73000033492557,95.83468928371637,69.12787004446015
2025-02-01,kira,5.234949520129639,3.2054790499600694,91.62732490816892,76.85415329980721,93.72638149277613,92.78515238859212,97.22027563653353,74.0239830141928,77.14388454355634,58.56338571693556,93.44879494140477,67.8321147261733
2025-03-01,kira,3.3874215326305857,4.263726389387301,95.40087326099356,77.55516877935749,78.7457192589228,71.70975707677994,91.76186291739894,77.74040049426367,77.84145235024485,58.975646037495544,71.88272348238445,55.405224228227645
2025-04-01,kira,3.2076984763432126,4.18927242379763,58.98610835696394,57.9923313281604,71.06725907198101,68.10350311218205,89.18521629567411,70.22380271248407,58.01280634956982,46.63391145258,68.26533075381644,53.181955893752786
2025-05-01,kira,3.096903096903092,4.180795903723733,46.45414569897295,64.0497886474685,67.52497175646799,70.33169543646416,84.94623655913978,66.10895736824432,64.0499144361529,50.535178867634656,70.48169836814037,54.549282292285106
2025-06-01,kira,3.9728682170542706,4.588118957217002,49.79970277181523,66.10094895227954,71.08767558141054,71.7325887117336,82.96703296703296,62.78379467092827,66.10425379196666,51.83274913895346,71.8810367516044,55.404197588224505
2025-07-01,kira,4.690897794346083,5.112483752508368,58.598207550937765,72.06688081094109,58.79203950738094,64.87949430928421,78.96972915560274,67.49062443073466,72.0805924339979,55.52559445379641,64.9092420243262,51.079752953188205
2025-08-01,kira,4.609297725024741,0.6367682818443132,68.11131358272806,49.82122025501725,56.909524290562416,56.77416725258475,74.3488295417079,62.225829085117404,50.15986315849301,41.34948396627873,56.96410369598159,45.94233141695669
2025-09-01,kira,4.387291981845687,7.622566796220442,70.80766979082378,67.97989453665171,59.959176560182925,67.03777982073905,69.09174452442946,63.026150290379945,68.75793509211256,53.48727532229249,67.42627507680248,52.660012230622975
2025-10-01,kira,3.7409420289854944,3.5216014432770004,64.69196849118477,58.038914439115,61.61636984147809,64.90379939311804,66.2746806039489,58.60480986604142,58.75946628587585,47.123746085367024,65.29706041421719,51.324670269581716
2025-11-01,kira,2.497162315550505,1.674599539691246,51.78842055699933,64.65965162743139,59.74151234567906,57.06530467798356,63.58695652173911,63.449963311891324,65.21845436810594,51.27507111675476,57.52428870778665,46.31227754151674
2025-12-01,kira,1.6440923417667452,3.122333540052047,36.450988181021636,38.79848871708225,52.66589446191168,52.69366554163965,61.61451984288229,53.14339924490519,38.848291457341766,33.274138092081174,53.13502652662825,43.38070670718683
2026-01-01,kira,5.263157894736836,3.735637623706012,44.63770253365076,39.94994537567127,54.33945687447963,48.71966057984576,56.549918982924076,46.96803286687767,40.009387666586974,34.13028281379722,49.1144911736658,40.62701444958213
2026-02-01,kira,3.4554140127388555,1.1058127623808645,50.12293246808073,36.844500895259415,50.95337958692758,50.10918640957031,53.90264124126494,38.5139373017523,36.94327472310537,31.855135704555693,50.4731512621992,41.565103410655226
2026-03-01,kira,2.416499923041404,3.391841345902513,54.73843139026435,38.28067837862783,45.307301512287346,38.5393416244153,52.45732615419865,38.34457148038754,38.388332030937164,32.93316692795756,38.618136864117105,33.103652510019366
2026-04-01,kira,2.329425909227534,3.420426168414359,38.19577373413281,36.60760291017331,41.380052386343436,38.268675285402765,51.159951159951156,37.23888096612924,36.69959536995315,31.672321106790946,38.3454186299413,32.901301960294084
2026-05-01,kira,2.151564106329862,3.3848974879713944,31.359640962130307,49.34778218518703,40.428253956207904,42.95951424422868,49.77390180878556,41.39492791584154,49.347801997619875,40.78866000915306,43.02230940397411,36.32189785685438
2026-06-01,kira,2.6597656530802816,3.3635025557859466,32.61214744496075,49.184109862575795,43.24871964149513,43.62896614230964,47.88236512374444,45.030640237360565,49.184156012260516,40.6753048486868,43.69333190650653,36.80423588832218
2026-07-01,kira,2.849940480358515,3.3723735704005664,35.331014054375686,48.907039281546425,36.75589273398514,42.62480041249168,45.28189910979228,49.14129792731578,48.90704572194131,40.48309445663163,42.68369163071901,36.07770778171129
2026-08-01,kira,3.036492374727673,-1.403922731765328,40.08173627295475,23.175793528428557,35.65060479838329,35.63197109225877,43.09757942511345,39.71180502323934,23.541257444525886,21.32781357768474,35.88396999051784,31.058236793418903
2026-09-01,kira,3.105590062111796,6.774234082719244,42.53098614219994,40.25629381458322,37.48214483984853,44.651340627567215,41.34057971014491,37.03852489098212,41.157858971344055,34.970739685417925,45.12014976602041,37.82302226705236
2005-01-01,enerji,,,,,,,,,,,,
2005-02-01,enerji,0.2564102564102555,0.8057958473837612,,,,,,,,,,
2005-03-01,enerji,1.2787723785166127,1.22357488866649,,,,,,,,,,
2005-04-01,enerji,1.262626262626254,1.181255146661453,11.768407324846365,13.62370464659981,,,,,13.626059548208858,12.842503530846816,,
2005-05-01,enerji,-0.9975062344139585,-0.12752507118215517,6.2808447065702655,9.473797470011158,,,,,9.499324812762723,9.10921985658315,,
2005-06-01,enerji,0.5037783375314797,-0.10412616077417614,3.064912536859543,3.842156783447903,,,,8.890969122586778,3.865246538684586,3.7984156588204865,,
2005-07-01,enerji,0.7518796992481036,2.271580380458871,1.0012437617186398,8.391023699980682,6.248520710059147,10.97652753275895,,7.210249745401098,8.471903162488159,8.159716594010158,11.021566756561763,10.501110062428488
2005-08-01,enerji,0.4975124378109541,0.3115151331636312,7.241636678931407,10.309579691820447,6.760159862899906,9.89089400939649,,7.501663636133893,10.379178681502466,9.915877411393303,9.93844489946114,9.512548633988228
2005-09-01,enerji,2.2277227722772297,0.8407605755573311,14.791207389995463,14.542716687600766,8.770151004999471,9.061279768192199,,11.056590330382177,14.588655357916448,13.695424356719332,9.106245940142244,8.746920007769909
2005-10-01,enerji,1.2106537530266248,0.9652652254796834,16.896340284536258,8.801672895315772,8.658528242983543,8.596154192465399,,11.179744105833244,8.806849852758925,8.470163736802583,8.639258180084264,8.31494016540637
2005-11-01,enerji,0.0,0.2740045610927444,14.598693563077859,8.639022601001134,10.859151444397174,9.471114551952088,,10.605016850052351,8.644848484504575,8.320121448519036,9.508866340375711,9.11799942995617
2005-12-01,enerji,0.23923444976077235,0.23700345700679026,5.939003926729636,6.060507227294409,10.276317359815579,10.220046412071593,,7.822246797913346,6.067565183552581,5.905092974316872,10.252672064993341,9.800258665518102
2006-01-01,enerji,1.4319809069212264,0.5862981524554334,6.868716397474484,4.47708306169774,11.770129452241317,6.61745361963757,8.974358974358987,6.369473040526152,4.478609425521918,4.389224682219872,6.622598946968639,6.4296942095112275
2006-02-01,enerji,0.7058823529411784,1.286949849997221,9.918286332222559,8.763098996190987,12.234094696598374,8.701043095280902,9.462915601023013,6.425845241116579,8.775350607672362,8.441005837837778,8.710081595166885,8.380563643178407
2006-03-01,enerji,0.4672897196261516,0.4327074013364074,10.922009922151755,9.614991396313988,8.401878418704456,7.823103216372784,8.585858585858585,7.605095627261815,9.623932503336064,9.223821615156247,7.832310001486675,7.56445729473656
2006-04-01,enerji,0.6976744186046657,0.7617727835812493,7.74468733583169,10.38189670629983,7.3058080172157425,7.388912792205082,7.980049875311734,9.58736612380191,10.389954447589611,9.92572013965951,7.3970054229768545,7.157472410939691
2006-05-01,enerji,0.6928406466512715,1.5330684995039645,7.688885168333703,11.458687913460297,8.797875506513142,10.102644416549955,9.823677581863976,10.48910156364553,11.472636816418301,10.910194737686485,10.116423462000146,9.675600287762132
2006-06-01,enerji,3.440366972477049,3.02497012600782,21.013088509685083,23.41934412908808,15.857736057552607,16.312554545279912,13.032581453634084,15.006809524293118,23.48231668524281,21.279245636372135,16.36414457851092,15.251533625764191
2006-07-01,enerji,1.9955654101995624,3.4157927291884826,27.37369318605294,36.945415015001885,17.148788927335623,22.94834140641062,14.427860696517424,23.66397306644039,36.996898224211506,31.895325418801068,23.035684449898564,20.910522779230288
2006-08-01,enerji,0.0,-0.1802831472839883,23.904012181059752,27.933059176620787,15.512271814132195,19.41210540217955,13.861386138613852,29.34974978868834,28.125757087156522,25.04191883164926,19.533616310242042,17.976056784667872
2006-09-01,enerji,-1.304347826086949,-2.509430438260829,2.687420349987124,2.580125607185879,11.474310438074653,12.518317722575144,9.927360774818418,21.53292608054329,2.943290844024138,2.9043165745746613,12.78494294646526,12.091781105473398
2006-10-01,enerji,0.4405286343612147,0.025720182621058463,-3.433154684267159,-10.22353249381095,10.905706468112752,10.880456353750168,9.090909090909083,5.506021916635828,-10.150638569767045,-10.655973611695035,11.152128808146067,10.619675903553016
2006-11-01,enerji,0.8771929824561431,1.1561111269517532,0.0,-5.318380478758056,11.312179109502551,10.058662690173325,10.047846889952151,-4.5042603836471296,-5.183032839284785,-5.310396514752069,10.32432662892655,9.865761158448594
2006-12-01,enerji,0.6521739130434856,0.5413791264854639,8.168436578955053,7.101264877328495,5.392303872645665,4.816321266322099,10.50119331742243,-3.101533739512119,7.114825506576072,6.8928417442331025,5.010071561742557,4.898579159403882
2007-01-01,enerji,0.21598272138227959,-0.6971026067077002,7.2043854486183,4.0388475862604745,1.7466918714555746,-3.3550817698661084,9.176470588235297,1.77379206388657,4.0757627022636855,4.001550586918068,-3.276938500883664,-3.327211512388484
2007-02-01,enerji,0.21551724137931494,0.8126054697819463,4.419229636204158,2.6328502260327458,2.18572778827979,-1.4229008568326762,8.644859813084116,4.570826048649446,2.659402941182565,2.62752795823884,-1.3332174723581725,-1.3414342782566147
2007-03-01,enerji,1.0752688172043001,1.0566515901227813,6.18605044724323,4.753044558952335,7.172660055502744,5.920647524526368,9.302325581395365,3.806257077955033,4.79069770642242,4.6886178127881095,5.946919862167976,5.790729778510606
2007-04-01,enerji,0.42553191489360653,0.6249867450461855,7.07696976166472,10.444048489536971,7.140658664204391,7.193617009654574,9.006928406466507,5.9006836789436745,10.446083821484775,9.976975219803652,7.217562134732458,6.98926290336086
2007-05-01,enerji,0.6355932203389925,1.4291318180662982,8.88363898654585,13.17064582098384,6.628071833648419,7.773029754797323,8.944954128440363,9.412415514461125,13.177829181446699,12.44308061294106,7.801074710457456,7.53530428558995
2007-06-01,enerji,0.0,-0.20658942997153762,4.323706047587983,7.617187817101545,5.250759204922328,6.175458890997865,5.3215077605321515,10.383160351837306,7.645640250495855,7.390116532563784,6.209375970809816,6.039367172675947
2007-07-01,enerji,-0.21052631578947212,1.0539515989048232,1.705718484464147,9.464046280397763,4.3567925089179615,9.952955554878894,3.04347826086957,10.053895867120556,9.495799567374096,9.105975947998335,9.970000774541376,9.541475583900993
2007-08-01,enerji,0.21097046413500742,0.03845200447931685,0.0,3.5830074518944155,4.347323389987268,8.270752511519298,3.260869565217406,6.849471761925341,3.6013690548907906,3.5432566936504095,8.292601559885071,7.993168653295735
2007-09-01,enerji,0.42105263157894424,-0.6725936987697967,1.6948775354393986,1.6617156564043611,3.0009053870529545,4.5970742784139595,5.066079295154169,4.844780311902963,1.6922243875403309,1.6792396184573732,4.630123898061234,4.534678075510579
2007-10-01,enerji,0.20964360587003572,-0.3717195192890488,3.418496512224989,-3.9549978669809582,2.5585320310256066,2.5352356923691977,4.824561403508776,0.3780359588331228,-3.9500723611902155,-4.0234448543181145,2.5710747962420344,2.54126554684011
2007-11-01,enerji,6.694560669456062,6.999479979220236,32.894273064203006,25.69951071702765,15.279778393351794,14.106675331907548,10.869565217391308,7.269617207711243,26.601381060697715,23.82066704464556,14.5734038784195,13.681961869147985
2007-12-01,enerji,0.9803921568627638,0.7773044332349821,35.8799567626225,33.201206349613145,17.551246537396125,16.367792644719415,11.23110151187905,17.422743074210743,33.99147525202044,29.620259572664676,16.82253525879296,15.649749595561024
2008-01-01,enerji,4.660194174757271,3.6397158332724278,61.675225104398,55.98486926041344,29.306646014705628,22.39921201067887,16.16379310344829,37.80701259348507,56.546866826233064,45.66600098291058,22.927805574031733,20.821278064296234
2008-02-01,enerji,0.37105751391466324,0.9801768871711136,26.62176299122525,23.737208368983186,29.720110803324108,24.71450015724752,16.344086021505365,36.83103739098337,23.858411632847055,21.588788614714094,25.223011905655788,22.70472782967983
2008-03-01,enerji,0.9242144177449063,0.9202109411607706,26.340227518609936,24.440561195271073,31.023298129029754,28.746389735918253,16.170212765957448,33.63237497948626,24.55569890776632,22.160414646417248,29.194643837135082,25.890337109540962
2008-04-01,enerji,1.6483516483516425,1.9799357067824541,12.413086356056557,16.658407119252793,34.81250328250552,34.89605769860265,17.584745762711872,21.508070677116997,16.67448827127007,15.521294140457353,35.26987045194181,30.59364756168397
2008-05-01,enerji,0.7207207207207134,1.4630154076984647,13.987747348900514,18.905678132890923,20.13879277201078,21.297389384045594,17.68421052631579,19.912786210654044,18.918655900733604,17.452648222566758,21.365498103021775,19.520718418640428
2008-06-01,enerji,1.7889087656529634,1.7674974777226016,17.944717569501357,22.94938934605868,22.07031765482139,23.692728197091007,19.789473684210535,19.50306086679918,22.95259797364242,20.84179436881408,23.751768927710827,21.501104507615665
2008-07-01,enerji,5.799648506151134,7.008249896781016,38.42484074608898,49.05154631914428,24.742789677854592,31.86400559763416,27.004219409282683,29.960711307625676,49.588311783362585,40.95505112880833,32.195337117300824,28.238172634632843
2008-08-01,enerji,0.4983388704318914,0.33820088633031986,37.20636762710097,42.55112994957404,25.059364974152732,30.192698625014923,27.368421052631575,37.96411145259317,43.208294071243735,36.455793043335746,30.546536520139213,26.95422063295125
2008-09-01,enerji,0.0,-0.968545067642701,27.812236114624334,27.828273180461636,22.779387889278002,25.365099324728103,26.834381551362686,39.479270397325706,28.71651163514668,25.51162286187454,25.804298578810325,23.17670861534431
2008-10-01,enerji,3.4710743801652955,2.702836855525592,16.926074024343585,8.464504417672568,27.22214105997891,27.148740081031654,30.962343096234292,25.18486147721952,8.612321266586044,8.289970696852844,27.600362302344084,24.622510912830588
2008-11-01,enerji,1.1182108626198062,1.4214824587160724,19.837665859806354,13.224970113826927,28.22827627919777,27.044667059396012,24.117647058823533,16.04028913549429,13.37964162155676,12.623096986395854,27.496539758353112,24.5394450148658
2008-12-01,enerji,-2.5276461295418717,-2.799272496938565,8.173070540333738,5.081832588438306,17.583340797687153,15.898357203277191,19.805825242718434,8.898455514212667,5.4308567988267775,5.3001872692123975,16.54164715003914,15.405905065543468
2009-01-01,enerji,0.4862236628849326,-0.5553848067611056,-3.7790976953231525,-7.631696943613642,6.069469431904739,0.09336748712345244,15.027829313543606,3.217035411106517,-7.464442843489094,-7.7326993799343935,0.2789917740739334,0.27863565845922533
2009-02-01,enerji,-0.8064516129032251,-0.19430789407514082,-10.898375321469834,-13.378761183590537,3.333105662181568,-0.9662321417051922,13.678373382624764,-5.669403051282085,-13.307686840554744,-14.195860791099246,-0.7835537672236659,-0.786381902351696
2009-03-01,enerji,0.0,0.013513298945344587,-1.2903056883251662,-2.9085330290116063,3.333105662181568,1.0076694019384158,12.637362637362637,-8.09761174770025,-2.90529717281075,-2.9447176075636072,1.1841130300906944,1.1777348308243951
2009-04-01,enerji,-1.4634146341463539,-1.020697075874677,-8.730906162393747,-4.713024926611209,-6.287703253069865,-6.183710418152288,9.189189189189184,-7.151763234027186,-4.701504590060345,-4.805966684017893,-6.0922878729462004,-6.269333031976143
2009-05-01,enerji,-1.9801980198019709,-1.3123248304509394,-12.974742534842843,-8.911411846249873,-11.942678735877443,-11.173166509688315,6.261180679785339,-5.529220710995785,-8.893485826921987,-9.278034429521087,-11.125704923629376,-11.736947610310168
2009-06-01,enerji,1.5151515151515138,1.6698519162312575,-7.579399616598859,-2.725725474442642,-4.486601924405475,-2.817172235908827,5.975395430579966,-5.475987026129959,-2.6206648382290587,-2.6526799603774354,-2.7630764736736313,-2.7986987839705213
2009-07-01,enerji,-0.16583747927032544,0.8591852342751505,-2.614237641501582,4.877483698310403,-5.722164412070785,-0.03271447658169668,0.0,-2.39868495217207,4.976892261260035,4.866849280221874,0.030445545710700017,0.03044129810199081
2009-08-01,enerji,1.82724252491695,1.6817236677199254,13.42169107038087,18.1958380697119,-0.6493489325137269,3.7607440963071115,1.3223140495867813,6.441136529168778,18.20607863940955,16.843043272905334,3.8487736367997627,3.7825044216921233
2009-09-01,enerji,0.6525285481239873,-0.21600836508640642,9.615358248468775,9.66723959053024,0.6514640756163592,3.285048145359859,1.983471074380172,10.778888610152615,9.706400848321772,9.299602147634678,3.3745560989126844,3.3234610936286213
2009-10-01,enerji,2.593192868719618,1.6758828085571942,22.244372347671938,13.262696699514809,9.109401039113818,8.98947943141135,1.1182108626198062,13.64274999841677,13.31603583305414,12.566392444762853,9.073431425690126,8.716620862492363
2009-11-01,enerji,1.2638230647709303,1.5792593958860346,19.561187536815794,12.806848821885275,16.450985727080013,15.469909658343584,1.2638230647709303,11.915068411561291,12.857268666695166,12.15653535742729,15.50329483755062,14.499789315166312
2009-12-01,enerji,0.6240249609984483,0.2707155660878868,19.425811886584967,15.023991158271976,14.415484765228559,12.313683925927933,4.538087520259326,13.696281669818378,15.051764776526543,14.103431082124462,12.349945239570692,11.70151661487957
2010-01-01,enerji,4.031007751937987,2.8766761101753913,26.262749007927244,20.554748476623132,24.23731526142099,16.851854552651634,8.225806451612904,16.116532634607907,20.63413354248731,18.90660428859725,16.92261200999088,15.736498366680053
2010-02-01,enerji,0.44709388971684305,1.0840716557989794,22.23834690299089,18.22111759309135,20.892356740444274,15.48225725139849,9.59349593495935,17.934553129975917,18.302646392686484,16.92585332824903,15.550556902160428,14.54119434283816
2010-03-01,enerji,0.5934718100890191,0.6275503855963205,22.08995029543981,19.912982835376102,20.75053390037538,17.443049506636687,10.243902439024378,19.555061510132955,19.978524180100088,18.353192606282764,17.491474430071285,16.228311844203613
2010-04-01,enerji,0.0,0.573100774279589,4.238629987515319,9.528179854824836,14.723388962512063,14.909278013138461,11.881188118811892,15.756252474641585,9.531574380632012,9.138891262699556,14.960049051768355,14.022747775648403
2010-05-01,enerji,0.0,0.631478076195835,2.3951035021644307,7.5797100640813575,11.877648272857598,12.774968650478602,14.141414141414144,12.156807548235559,7.579755330442017,7.328516944286978,12.824481369533958,12.127185136268004
2010-06-01,enerji,0.2949852507374562,0.6135300747358796,1.1851722558206212,7.519766806937933,11.147166636620366,13.547417194685663,12.76948590381426,8.200060377337092,7.519804800864738,7.2724357008452145,13.592686382732433,12.81281415356399
2010-07-01,enerji,0.14705882352941124,1.0728487404267684,1.781693395515882,9.672812113225927,3.0028362588035984,9.600472126363657,13.122923588039859,8.25807388831683,9.675733153131949,9.271427565433932,9.603632040939814,9.205159414066744
2010-08-01,enerji,-0.1468428781204123,-0.2703529206928956,1.1851722558206212,5.793918043800872,1.7883401280278877,6.683077522610326,10.929853181076666,7.6497202320712665,5.813484668235902,5.664103577879009,6.693269628254783,6.496310261082994
2010-09-01,enerji,0.4411764705882337,-0.319184372553849,1.7764184685775009,1.9251797843366614,1.4803647723218738,4.685106687470597,10.696920583468405,5.745804442208069,1.9504680429640375,1.933245788720095,4.701196209466563,4.602840744782655
2010-10-01,enerji,0.14641288433381305,-0.8849528648281146,1.7737927003278253,-5.745557793616573,1.7777429712585224,1.6717745047148957,8.056872037914697,0.5376809068721622,-5.741108483982938,-5.897960632299437,1.6998346602012049,1.6867334665672473
2010-11-01,enerji,1.023391812865504,1.3265413246264846,6.629295215144215,0.4378884587845189,3.871572645556509,3.081122132527536,7.800312012480504,-1.1821728998057557,0.4907165804568514,0.4896163489780836,3.120623689840407,3.0768599634285465
2010-12-01,enerji,2.749638205499272,2.31351365615331,16.77518934593525,11.476478271246894,9.018166089965419,6.593902684541675,10.077519379844958,1.8549455628714018,11.594448988453433,11.020408463806719,6.67259619835634,6.476827126263407
2011-01-01,enerji,0.9859154929577452,-0.20669271880429108,20.74029032307074,14.559348894007673,10.852141512546321,3.912114450294779,6.85543964232489,8.669300119185008,14.631743095023753,13.733449047902013,3.988863733541126,3.917744207801288
2011-02-01,enerji,-0.1394700139469962,0.5035131086851052,15.27626580336403,10.882403974482301,10.868512110726659,5.53101213591638,6.231454005934722,12.288776800469225,10.955798414265416,10.441336184136496,5.604487009812131,5.46547626655729
2011-03-01,enerji,1.3966480446927276,1.4288377007827924,9.323389419220218,7.096784185048222,12.987873240312208,9.264689333402432,7.079646017699104,10.769736145129528,7.125253280840238,6.902632362654426,9.33892116123307,8.961520413230573
2011-04-01,enerji,0.5509641873278293,1.234585262783927,7.452077788350575,13.419152689294144,13.902568311617225,13.987825157757872,7.669616519174038,10.437743356417739,13.429745767506995,12.667744289007299,14.029292621936996,13.200596668454656
2011-05-01,enerji,0.8219178082191858,1.4460603872766598,11.650113299669162,17.73407376568059,13.44870267089162,14.256890946882006,8.55457227138643,12.690557635866817,17.73470612551684,16.437933403373517,14.299192644785851,13.439634793755006
2011-06-01,enerji,0.0,0.48886004780832604,5.6245263708591064,13.430031986264135,7.4580440388812175,10.217928014166745,8.235294117647074,14.843335347034504,13.44128339383419,12.678022791475652,10.241811962123304,9.790327577065039
2011-07-01,enerji,0.27173913043476716,0.9844645328479729,4.45614808889041,12.313171374817822,5.9435233976995905,12.864807327967931,8.370044052863435,14.45054222721216,12.323270426426758,11.677539871731835,12.875265288983684,12.172642080369567
2011-08-01,enerji,1.2195121951219523,1.1434081500229398,6.113624749624624,10.97886548237026,8.846673012702455,14.306578704521321,9.852941176470598,12.226420877839516,10.983955565185632,10.466930922716955,14.313658766884707,13.452432163045236
2011-09-01,enerji,0.8032128514056325,0.21792020003896795,9.56419380449962,9.786804666185533,7.5763267536370416,11.593551628018162,10.248901903367491,11.014532207503391,9.797411364603391,9.383171531639523,11.605716062577498,11.030597161557587
2011-10-01,enerji,3.585657370517925,2.387303821836362,24.782293432319612,16.01557704605474,14.167761306061188,14.149364373709616,14.035087719298245,12.250545640878263,16.06917948261748,14.994528687593078,14.182144585125878,13.336034279662456
2011-11-01,enerji,-0.12820512820512775,0.15486235069330778,18.26804651231719,11.546031435146453,12.026117970226835,11.262087063533755,12.735166425470323,12.43197468570527,11.616497134945947,11.04034549027455,11.299814438064605,10.753638206495753
2011-12-01,enerji,0.5134788189987249,0.033664005720090984,16.91416800149095,10.727956792480175,13.179532431474472,10.256376520643261,10.281690140845079,12.731656028782258,10.80407837698527,10.303320712999042,10.299692140805083,9.843246122319282
2012-01-01,enerji,2.171136653895278,1.1352849629448603,10.657674001627937,5.410450365241526,17.50795014725217,10.585958538179717,11.576011157601119,9.170466622750183,5.42566944367755,5.295245277433036,10.630147070617468,10.144886982513057
2012-02-01,enerji,0.8750000000000036,1.5117218777627839,15.17131040066737,11.239824032023016,16.70940791277562,11.392822517055357,12.709497206703912,9.090412917713198,11.265672581800136,10.72268338571094,11.440958310060756,10.881514437992745
2012-03-01,enerji,1.9826517967781898,1.945667911649851,22.05407750159585,19.991557392371107,19.456481290420413,15.26673406670669,13.360881542699744,12.099071694349405,19.99921333748933,18.37069900942998,15.317660787116672,14.337009861214511
2012-04-01,enerji,3.037667071688932,3.7245154839567363,26.247696000000033,32.75947904865004,18.1959237343853,18.29723782393675,16.164383561643845,21.134312666906908,32.82887681750029,28.727621093477484,18.40252009082699,17.01143318545526
2012-05-01,enerji,-1.8867924528301883,-1.3792837605878905,12.979374577894752,18.269666118025718,14.070077664495306,14.700901684752644,13.043478260869556,23.535778137787734,18.580291531494588,17.163598540074787,14.86962270701948,13.943140962892864
2012-06-01,enerji,-1.6826923076923128,-1.1587404669807566,-2.408077405614195,4.508436963160101,9.139782315455026,11.982722380963896,11.141304347826075,17.928951350364585,4.850574039447331,4.745965025552357,12.19073444019314,11.55833201749117
2012-07-01,enerji,-0.9779951100244544,-0.5036016784887964,-16.755285822082477,-11.517958777293147,2.515624999999999,8.38279244367044,9.756097560975597,2.928450755123446,-11.510475030230827,-12.166503624229774,8.602169286889282,8.280558734623856
2012-08-01,enerji,2.2222222222222143,2.2550849250964067,-1.909252976274367,2.263859385911182,5.272177001423417,9.975963307953961,10.843373493975905,-1.8722487883626293,2.396906792721265,2.3709711185074145,10.216617432667752,9.7672848292911
2012-09-01,enerji,2.5362318840579823,2.0377874761894788,16.042625500761943,16.148398814152863,6.418151297227781,10.174804814171878,12.749003984063734,1.7099366198880528,16.25566351066119,15.157082891188356,10.418208907852545,9.951523958370357
2012-10-01,enerji,5.300353356890453,4.030166965843196,48.3918330727211,38.81006875663753,11.143311676753264,10.825079408280015,14.615384615384608,18.270991430201278,38.87263797322933,33.29215746851632,11.089510428222994,10.562826922143277
2012-11-01,enerji,-0.22371364653243075,0.15827865814352915,34.69084277902779,27.769949329508314,14.943139792899407,14.30769060731578,14.50577663671373,27.3075347958057,27.953935704626964,24.904932400704816,14.523558373392277,13.637951759606114
2012-12-01,enerji,-0.11210762331838042,-0.4829275908328712,21.305377915404055,15.604557625971992,18.644825174407153,15.876159169499182,13.793103448275868,26.964938623129786,15.871635169674203,14.822072132615416,16.063503743281494,14.989577511901885
2013-01-01,enerji,0.561167227833903,-0.41943617905664254,0.8978619349232719,-2.9409362529324024,22.361835086114958,16.072284858123265,12.00000000000001,12.62197368518574,-2.936072334158324,-2.9763404469839383,16.25661137142933,15.157908510766195
2013-02-01,enerji,0.5580357142856984,1.2334470587596957,4.097367394307061,1.2942492149831564,18.410143760647845,13.764498370840549,11.648079306071857,4.289834832368422,1.3324013175980198,1.324333155480728,13.932372962611783,13.114632778092773
2013-03-01,enerji,-0.221975582685896,-0.3438922086838936,3.6401304100272647,1.8615097212707266,12.12539938207633,8.515689052049735,9.234507897934385,0.05295791200001787,1.8967671586998636,1.8804746840766384,8.678465204253595,8.351273408346028
2013-04-01,enerji,-1.0011123470522798,-0.42563153252652697,-2.6517860470390175,1.836163041413963,-0.8928526743039567,-0.5810750390381259,4.952830188679247,1.6628820022668078,1.87155806673025,1.8556932701971007,-0.5588868308716632,-0.5603235883934188
2013-05-01,enerji,-0.6741573033707926,-0.2508199600973704,-7.336244773924427,-4.006182110522561,-1.7856783768022688,-1.3915738266022326,6.25,-0.14508493250450227,-4.00588635336776,-4.081374805231164,-1.3698442921391774,-1.3785208248752179
2013-06-01,enerji,0.7918552036199067,1.3874856366473232,-3.512278878486552,2.8406923271217632,0.0,2.34993004990931,8.924205378973117,0.17934606677068032,2.8815061520216068,2.844136576093703,2.388051448800521,2.362305630085171
2013-07-01,enerji,1.122334455667784,1.4773922007648377,5.036232862801304,10.93074795581992,1.11918546715557,6.286225519278288,11.23456790123456,3.100779735914916,10.972184185358525,10.456231509259162,6.332656443192031,6.155962389728131
2013-08-01,enerji,0.33296337402886067,0.46229587381134696,9.361551237822074,14.137143518085304,0.6670353941421681,4.67311101376624,9.178743961352653,9.211013214756193,14.151274767993428,13.308694844894031,4.7124813928813625,4.613660019831434
2013-09-01,enerji,1.4380530973451489,0.9305890176764642,12.193197749330897,12.093600418830253,4.044538425465949,7.367515909199729,8.00942285041224,12.378775584978507,12.104953266931663,11.481108369010595,7.402503769490654,7.162622472552149
2013-10-01,enerji,-0.4362050163576825,-1.6161202835980215,5.434792149719447,-0.9625600618451524,5.235323822749671,4.815539343978492,2.1252796420581754,8.19085973327156,-0.8892961215822615,-0.8929415684408415,4.887843361739197,4.78164497040916
2013-11-01,enerji,0.3285870755750153,0.694429593419077,5.4163980381749965,-0.04401705516083876,7.370856452570607,6.811471157672888,2.6905829596412634,3.5245023910566164,0.03559911711452646,0.03559330999007848,6.880011978243528,6.672144077442055
2013-12-01,enerji,2.2925764192139653,2.0190236757185342,9.013685120880965,4.337929755023939,10.592015679931865,8.146263025994728,5.162738496071828,1.103880676287572,4.4787210808687306,4.389331942158359,8.230279305399591,7.935220155584477
2014-01-01,enerji,0.7470651013874008,-0.2233844811168284,14.289114288014758,10.372660114883004,9.772715234398554,4.5515456458779635,5.357142857142838,4.8096993352921835,10.427792725612427,9.960275152083131,4.629069778978967,4.533666791821145
2014-02-01,enerji,0.0,0.7743573488727673,12.79921635964656,10.723517586841158,9.045344192967363,5.202081897189137,4.772475027746936,8.430532041576955,10.778445583276985,10.279986173897893,5.281483137223542,5.1577897419439855
2014-03-01,enerji,-0.5296610169491456,-0.661280314243573,0.8565261609204677,-0.4618749637825381,4.855813311864021,1.9097733192241062,4.449388209121241,6.7235923594760605,-0.44033857828208456,-0.4412297859505365,1.9920100694820198,1.9740510781039111
2014-04-01,enerji,-0.9584664536741228,-0.5098767774280755,-5.801536915759565,-1.6001905232299163,3.75865705178573,4.214436268440203,4.494382022471921,2.7287414023106304,-1.575703390532479,-1.5871989711955248,4.267812221028144,4.186538090443803
2014-05-01,enerji,-0.5376344086021612,-0.16677180686807125,-7.811031909595767,-5.2248311312467655,1.974719208253073,2.4394459035933957,4.638009049773761,-2.4506903525237544,-5.222376996613631,-5.351715594158879,2.4921564922237183,2.464135289869507
2014-06-01,enerji,0.324324324324321,0.9477324401487852,-4.604138186175599,1.0663555552825166,-1.9117987081548438,0.29932968976671415,4.1526374859708115,-1.952531620777409,1.0897406952190103,1.084335423410554,0.322027141593173,0.32155281873000874
2014-07-01,enerji,0.7543103448275801,1.0362140086759286,2.1679429248508963,7.496664020042321,-1.89769013932779,2.8477090603409083,3.7735849056603765,0.9876868836486752,7.515810915543075,7.26869856782657,2.8780300766863,2.8407497983155228
2014-08-01,enerji,-0.42780748663100443,-0.24001242890883123,2.619948642072978,7.181560001702003,-2.735272730537186,0.7876502790779227,2.986725663716827,5.208336837695948,7.203143875557538,6.97573607966353,0.8150391392476086,0.8120102427523257
2014-09-01,enerji,-0.21482277121376292,-0.7839061623890919,0.4317316986272468,0.014346362941242141,-2.118583996525014,0.5389749805825073,1.3086150490730475,4.840192127415732,0.04919275736108286,0.04918166951202174,0.5682331032738519,0.5667585464612879
2014-10-01,enerji,2.6910656620021456,1.5482200577404015,8.37947809612254,2.0571194730208298,5.227887617065519,4.741586215049476,4.490690032858691,3.035354928242162,2.117482513791602,2.0972058657699133,4.784783948546734,4.682952216798242
2014-11-01,enerji,-1.467505241090139,-1.2046634366905007,3.9232429338150743,-1.833447081395867,3.2695398100803574,2.5750665698327957,2.6200873362445476,0.07161406324003305,-1.7472476114906987,-1.7613981653567645,2.638550117596372,2.607168957153383
2014-12-01,enerji,-1.8085106382978666,-2.061106551421499,-2.558502844085664,-6.791436742669699,-1.0746832268133,-3.4484928672226633,-1.4941302027748016,-2.224192572024397,-6.657943771624764,-6.870199721486392,-3.3576994926700743,-3.410509025987185
2015-01-01,enerji,-0.8667388949079147,-1.7190956201020957,-15.376520692120499,-18.220749003382142,-4.232320054905769,-8.642708066755889,-3.072033898305071,-9.17649960398601,-18.214465617877263,-19.93946243285638,-8.565246641551383,-8.921128283543233
2015-02-01,enerji,1.2021857923497192,2.093990324462247,-5.825671471147431,-6.739430708557159,-1.0712295546292494,-4.317877267654769,-1.906779661016944,-10.745028518515088,-6.5401955634992515,-6.74484738824539,-4.17118634469098,-4.253122776801077
2015-03-01,enerji,1.6198704103671746,1.5577593900631515,8.031819239362825,7.827549013845747,2.600108221973252,0.2519372538003273,0.21299254526090383,-6.304136045092957,8.010495606763346,7.730616377693211,0.43105762232766853,0.4302083281034097
2015-04-01,enerji,0.4250797024442088,0.7652647924984324,13.773955659320292,19.1506891664472,-1.877892488430044,-1.2880244561842336,1.612903225806428,6.180113260523612,19.171392013524912,17.668058028095324,-1.1298091397744625,-1.1357022023805285
2015-05-01,enerji,1.1640211640211673,1.5209527763144104,13.602430307367142,16.49803086417352,3.433227704843822,4.233740601231917,3.3513513513513615,14.3899035381015,16.507135696012696,15.375907835503977,4.401920888879252,4.315530223629294
2015-06-01,enerji,-0.20920502092051096,0.45236805065775876,5.641608488024974,11.508213670005452,6.8300292630019355,9.652438983129286,2.8017241379310276,15.640766173650533,11.521415845277684,10.954342477882406,9.753087338503775,9.342479427787808
2015-07-01,enerji,-0.41928721174003813,-0.2834581196866526,2.1332582850869475,6.938057896071581,7.796589925050035,12.879330687413093,1.6042780748663166,11.560112796105692,6.972846416723311,6.759450829142066,12.9212135257331,12.213754428618694
2015-08-01,enerji,-0.736842105263158,-0.49405162337802233,-5.329384247701419,-1.3025969038392482,3.7054098307124583,7.228975151823147,1.2889366272824887,5.563340231248337,-1.2928421203020624,-1.3005667696276646,7.269174455131755,7.037670532938156
2015-09-01,enerji,0.5302226935312904,-0.11550729798202042,-2.492089386010421,-3.5155596950443346,1.493312674128533,3.7246720185505344,2.0452099031216475,0.5951167020291637,-3.51416275159101,-3.5720681641867813,3.75422746979015,3.6911371568478124
2015-10-01,enerji,0.7383966244725704,-0.3537055813080947,2.1219420507823106,-3.7871546828426306,2.1276000111979165,1.4337952699787104,0.10482180293502896,-2.8746767051290423,-3.785736628009473,-3.85305801067255,1.462914577429486,1.4531964092347582
2015-11-01,enerji,-0.3141361256544628,-0.17025000706798465,3.8726048201217944,-2.5286863437461338,-0.835069414050893,-1.9175574618800262,1.2765957446808418,-3.2797219673823097,-2.5280766511336594,-2.557851545432399,-1.9122417727071128,-1.9292091575300319
2015-12-01,enerji,-0.21008403361344463,-0.47883845973394346,0.8465561267199329,-3.93917970464035,-0.8368164058207839,-3.7276027023700586,2.9252437703141787,-3.420295617966884,-3.9382480099284356,-4.011176192440091,-3.726419433234607,-3.7916221783134363
2016-01-01,enerji,0.8421052631578885,0.08084919995343665,1.2624778024526329,-2.252511941036872,1.691301939058154,-3.022868939333423,4.699453551912569,-2.9095320840112904,-2.2494269060513106,-2.272957067393966,-3.0203704103533235,-3.063007539033258
2016-02-01,enerji,-0.6263048016701522,0.348278866513807,0.0,-0.2057809768423402,1.9179105065060709,-1.3740722553795326,2.807775377969768,-2.1446414894998655,-0.19866045742051863,-0.19884157306679917,-1.3696722158682006,-1.3783465592495991
2016-03-01,enerji,0.6302521008403339,0.7612176446025742,3.4112089006069324,4.861790136996458,2.1208317755345485,0.3648821959141735,1.8065887353878818,0.7599716775788412,4.866677161404587,4.761382844279272,0.3757488848159296,0.37510332591959017
2016-04-01,enerji,0.31315240083507057,0.5174025412947314,1.2585057621700368,6.703427636273007,1.2604917628354029,2.127332378394331,1.693121693121702,3.7497278770712406,6.705246756033434,6.507596209644451,2.137988176481098,2.1173195711252424
2016-05-01,enerji,1.1446409989594342,1.4692134600378326,8.671901479700338,11.551607785683249,4.2458159734482415,5.509267743406543,1.673640167364021,7.683287073724188,11.5623036482692,10.991334583740553,5.5317317324973025,5.396246505336877
2016-06-01,enerji,0.5144032921810648,1.2883375772704264,8.172338512872134,13.904263087433332,5.764986149584472,9.289546305141494,2.4109014675052443,10.701852534812684,13.91567357480441,13.099814314411962,9.305366898413258,8.930598579345617
2016-07-01,enerji,-0.4094165813715356,-0.4867833076510619,5.089133323552253,9.420326799395596,3.156040114887948,8.05333832222237,2.421052631578946,11.610480666313538,9.47091099753392,9.083070918628788,8.079969999152814,7.7953335641366195
2016-08-01,enerji,-0.20554984583761593,0.08214971187630038,-0.4108880034132456,3.558877065617949,4.031428747969801,7.480971511935963,2.969247083775195,8.864156374128385,3.5926503850689517,3.5348159259826595,7.509801520295301,7.263075254861606
2016-09-01,enerji,2.0597322348094638,1.380610923709824,5.856215435782475,3.936760251459126,7.008010774011608,8.80643401994976,4.535864978902948,5.588056568989286,3.974524705458271,3.90390931174025,8.841102734161343,8.501861813076106
2016-10-01,enerji,0.908173562058523,-0.21337136606552898,11.570309782069499,5.083738817809569,8.281241032959752,7.230112574533143,4.712041884816753,4.19286847475715,5.113632565461335,4.997557078082382,7.271993579428138,7.040313998355585
2016-11-01,enerji,1.0000000000000009,1.0620505183205564,17.060015018908636,9.260060913468514,7.971769208623325,6.371280035166493,6.0924369747899165,6.07250846003875,9.290787542065516,8.917160303859406,6.406760287314417,6.225988114921033
2016-12-01,enerji,2.17821782178218,1.8898724778007692,17.60456265917929,11.472026691753467,11.575866212550912,7.638475058898098,8.631578947368435,8.595003078930974,11.521265595041852,10.954206520223186,7.687309769873685,7.429057915981718
2017-01-01,enerji,3.5852713178294415,2.8467361785916356,30.590270312099975,25.78780928496702,20.706242229825,14.970662768229337,11.5866388308977,15.357404202064018,25.826427304265565,23.194636698851845,15.043424954394325,14.096096888467113
2017-02-01,enerji,1.4967259120673537,2.589813018687104,33.17829715311209,33.56820322234459,24.85933471285189,20.80426325331366,13.970588235294112,23.377043803913878,33.58070622913674,29.305686700318034,20.877607845210267,19.11142350208872
2017-03-01,enerji,-0.9216589861751112,-0.5750714019225334,17.73756992669757,21.104466309915647,17.671047500155268,16.188468881337272,12.21294363256784,26.709832244673137,21.276191328330896,19.445911181424822,16.305011902527113,15.200058850824005
2017-04-01,enerji,-0.6511627906976791,-0.5224005465290449,-0.3736567612072639,5.998395230597842,14.062400000000007,15.469935151012383,11.134235171696162,19.60520249290245,6.135422261785717,5.969364280942102,15.59715271413471,14.582000489896974
2017-05-01,enerji,-1.1235955056179692,-0.9178362072074009,-10.270195804580307,-7.771686653026899,9.316341535143625,10.989954950808855,8.64197530864197,5.695293211480612,-7.76996132804798,-8.061232622635917,11.154939607379188,10.622227038841059
2017-06-01,enerji,-0.5681818181818232,0.41507566324312517,-8.98282760535054,-4.042528720165405,3.5187939426717163,7.800177865314439,7.471852610030716,-2.128583202962153,-4.024445476671124,-4.100644361973282,7.948285220676743,7.672633409725771
2017-07-01,enerji,0.19047619047618536,-0.10280921846750335,-5.859186144399963,-2.413282317976073,-3.155252935653219,1.7056314572400977,8.1192189105858,-4.7723495429059515,-2.395566763526469,-2.4222790497271163,1.7880305375959082,1.773542615607493
2017-08-01,enerji,1.9961977186311763,2.2684077653717827,6.596566225651035,10.757911826020127,-2.199749410690377,1.0693593407349322,10.504634397528312,1.237987250083017,10.825367020671406,10.322696840589618,1.1366105982222319,1.1307321089768507
2017-09-01,enerji,1.3047530288909481,0.6246725914047957,14.857928682884115,11.685553529708613,2.245018929150877,3.523250022395641,9.687184661957616,6.505749651989645,11.750106524623316,11.1610845532363,3.5879035253201907,3.530220095631509
2017-10-01,enerji,1.7479300827967004,0.5244659041497401,22.16802375871101,14.51727259126352,7.242702240177312,5.71359775392668,10.600000000000009,12.313150657061644,14.560063589826155,13.670185043705274,5.771207273031731,5.623952996989079
2017-11-01,enerji,2.5316455696202445,2.5168312823300454,24.75366994754222,15.634044075308285,15.318310950413206,13.169718819917197,12.277227722772288,13.948389630082225,15.690700410148594,14.663879111538325,13.234082425744909,12.493287976063971
2017-12-01,enerji,0.5291005291005346,0.27718321153586967,20.97655942353367,14.045012677738033,17.877551020408198,12.859117346432392,10.465116279069765,14.730809757577013,14.112022246157707,13.27392159206262,12.925403961267712,12.21750307264946
2018-01-01,enerji,2.368421052631575,1.6343102265590659,23.9546765139772,19.16551017150441,23.058107678295194,16.81827430580862,9.167446211412544,16.273154020947022,19.22453474625292,17.713298881699924,16.87096947510003,15.691741962702599
2018-02-01,enerji,-0.5998286203941716,0.5390940688157819,9.491331883177434,10.232523848999397,16.87363038714387,12.900985475272385,6.912442396313367,14.402410000304977,10.25495919085393,9.80235002764287,12.942856863613738,12.233114569590597
2018-03-01,enerji,0.34482758620690834,0.9054644087671537,8.690732575716908,13.021219419933349,14.669223718631773,13.531962026557597,8.279069767441861,14.052226640249032,13.034972594698836,12.315474816568006,13.57232706331526,12.794698204315313
2018-04-01,enerji,2.749140893470803,2.9176007840094,10.31670825466271,18.838517694674884,16.937042402283797,19.001901619727413,11.985018726591768,14.01815821709549,18.913954329409233,17.448637046369342,19.069151711714927,17.58096796403463
2018-05-01,enerji,1.7558528428093467,1.8890328731385075,21.151935298755497,25.350801589744453,15.174158369337665,17.54886314096238,15.24621212121211,19.03435602830317,25.39968635301568,22.848392263660244,17.604038628093875,16.325371145651555
2018-06-01,enerji,0.9860312243221037,2.306235183489269,24.27838767156556,32.45757075864637,16.223530317020597,22.35406069495336,17.047619047619044,25.489350213919447,32.47109381191506,28.451475362548706,22.39984489218825,20.383475089558356
2018-07-01,enerji,0.5695687550854478,-0.02062145990631148,14.064148926738484,17.966828583176685,12.17478076407108,18.40187095636001,17.490494296577943,25.081895127484554,18.037795270586688,16.69858638688586,18.475132364107736,17.0736117166276
2018-08-01,enerji,5.339805825242716,5.494176139128082,31.003115467372243,35.57015218496211,25.98127229488705,30.360374531636914,21.342031686859265,28.49600813010347,35.96468753187301,31.11915945084416,30.584277227833855,26.9837758572522
2018-09-01,enerji,6.06758832565284,5.323105582285259,59.42894887220369,52.2826046192616,40.76069307164536,42.02458898608652,27.046918123275088,34.96264739093191,52.84845860322258,43.186641046028114,42.32582448943052,35.81905820428841
2018-10-01,enerji,3.692976104272261,2.299257120434728,80.17651765454296,66.9161982600382,43.35857540743389,40.32310767616809,29.475587703435792,51.30303051531293,67.11561660027468,52.466155367392275,40.62609004363627,34.58237087713907
2018-11-01,enerji,-0.7681564245810013,-0.7671974001013604,41.88365734422672,30.6789312034925,36.334886019678756,33.102075831392156,25.308641975308642,49.04205282789314,31.143328293583437,27.420661210474506,33.534062652451894,29.269910330659332
2018-12-01,enerji,-3.096410978184383,-3.2229181849110278,-1.1535567914134015,-6.846100819389401,25.53479414290265,19.103813531152227,20.789473684210513,26.268615270750374,-6.557663134078018,-6.763433858310641,19.81131368315534,18.211603593858737
2019-01-01,enerji,-4.21205519244735,-5.009927538082259,-28.020784280874466,-30.749327676635062,13.881361213225674,7.513064095335542,13.024850042844903,-5.49101919758993,-30.615887284396038,-36.00017249237859,8.550875306598504,8.232991437506843
2019-02-01,enerji,0.7581501137225111,1.9165473026671043,-23.489046893009835,-22.948379874497416,4.190469111682149,0.3445233458118979,14.568965517241384,-20.728528370480404,-22.53543477224231,-25.26519368130473,1.0830733218958555,1.0777337645848872
2019-03-01,enerji,1.956358164033123,2.813602674903648,-6.239175049013179,-1.8491657979247567,-3.729942044746082,-4.380269223590972,16.40893470790379,-19.384130903651364,-1.1133878467646352,-1.1191102420460286,-3.87084998718471,-3.941272050178335
2019-04-01,enerji,0.959409594095928,1.3371007482575026,15.70848501432549,27.132040956300685,-8.738803408133345,-6.17047740681299,14.381270903010023,-1.4799248629903783,27.159055345254558,24.26900290331302,-5.710436073102909,-5.8655847945327855
2019-05-01,enerji,0.29239766081872176,0.35315745869146653,13.583833370281884,19.508934818373923,-6.777645659928644,-4.03981530223696,12.736236647493836,14.157187883424726,19.580010101539603,18.01544352741047,-3.5652536601985196,-3.6248750769471316
2019-06-01,enerji,-1.0204081632653073,0.5640818682363324,0.8885543360746206,9.387988783185985,-2.7405835784379606,3.617191386164076,10.496338486574452,18.367839449090727,9.399538716402379,9.017360300741206,4.02139476504777,3.949125029347589
2019-07-01,enerji,2.945508100147287,1.6422641311197195,9.064721847849855,10.711582850486767,12.337499231216253,18.63806086279802,13.10679611650487,13.068840820055282,10.732353002447903,10.238013832190074,18.685446166544615,17.253508367751547
2019-08-01,enerji,0.3576537911301747,0.4782651411105121,9.348854688514162,11.264701166361867,11.446229591544999,15.31316455321392,7.757296466973895,10.458319974660313,11.283055291713296,10.738444561866256,15.363176484349417,14.376944044638362
2019-09-01,enerji,3.207412687099076,2.362323417336243,29.263278781127244,19.43905919598128,14.19800928636592,14.303099116359409,4.851556842867488,13.767460945343712,19.481047540874187,17.931410758265898,14.338478719968828,13.474385529503552
2019-10-01,enerji,4.765193370165743,3.385251113636212,38.64800902045636,27.84489747848213,22.969941605964216,18.97021038562956,5.935754189944142,19.432869568867783,27.951963032982686,24.903358688331867,19.05708670489952,17.57068626026097
2019-11-01,enerji,0.5932762030322891,1.0103546750467984,39.95468798288169,30.574530120885267,23.70887130362349,20.53354750374856,7.389162561576357,25.92808546400731,30.64551698140825,27.031716824077012,20.608573964956413,18.885080692971634
2019-12-01,enerji,0.1310615989515096,0.012388391899231799,23.999281732857813,18.990729488888334,26.603924596727847,19.214683588878145,10.965867828612929,25.672408003808723,19.129024223257616,17.631976722328968,19.304916865947686,17.78169374029743
2020-01-01,enerji,1.1125654450261813,0.08322428309883723,7.589926765182531,4.501838687021165,22.135699681335087,15.585582376242325,17.134192570128892,17.40738026598749,4.514679539046318,4.42386940017947,15.690397454409567,14.663614044255668
2020-02-01,enerji,-0.5825242718446644,0.45244600032754434,2.647110440708089,2.2121238516201958,19.858017312458955,15.526187700378301,15.57562076749437,8.2482641664412,2.214396398159968,2.1922347013024535,15.631391916373216,14.611975762689733
2020-03-01,enerji,-3.124999999999989,-1.9836402221295235,-10.067160080154869,-5.706556844124567,5.601172125393017,5.924716601634783,9.815498154981551,0.24900594914039065,-5.640574834708745,-5.791879754812568,6.0833515271518035,5.9200484837582
2020-04-01,enerji,-5.040322580645162,-4.430719975144215,-30.039208800506824,-21.601166866657362,-13.241274781220424,-9.485789992116377,3.289473684210531,-8.782627599318227,-21.406254689148206,-23.84765678778478,-9.291042491797874,-9.711893693802654
2020-05-01,enerji,2.1939136588817965,1.9259043676528975,-21.890490580304178,-16.899080703139845,-10.458303344904996,-7.8375268596042496,5.247813411078717,-14.933026380968839,-16.547690756352097,-17.953823318483366,-7.602277925269252,-7.880794308590455
2020-06-01,enerji,2.5623268698061086,4.244858569782894,-1.8684837552850775,6.32371166337462,-6.057219854170648,0.12806230948494424,9.057437407952884,-11.418408104592281,7.186556140863942,6.960171849166308,0.5857125429463039,0.58414604717687
2020-07-01,enerji,2.498311951384191,0.2980004547476378,33.20435956961207,28.98106898432433,-3.46460552361203,0.5582682063598243,8.58369098712446,4.383429032786257,29.175316664107488,25.87505356873372,1.0184214395551727,1.0136983904744712
2020-08-01,enerji,1.3175230566534912,1.501617491329088,28.69348715165472,26.846804212969634,0.26058620876738825,2.669791272635824,9.622238061297228,20.198295471260508,27.04556020409241,24.17790606343848,3.156816014919328,3.1120413724775586
2020-09-01,enerji,0.5201560468140354,-0.2546583410685477,18.7456541372784,6.324032923165435,7.947631229043828,6.32387229314868,6.767955801104986,20.122282854428054,6.357917635602073,6.179838420032713,6.771500011228171,6.57000513459951
2020-10-01,enerji,2.069857697283295,1.4256058991321874,16.772589018279117,11.186685604843994,24.718153993175296,19.753820674485254,4.021094264996705,14.374742484759873,11.229921473107286,10.690260197570911,19.895197822888953,18.282656883152313
2020-11-01,enerji,0.823827629911289,1.5364381770881508,14.513154066985589,11.339336939870881,21.39644608313318,18.84039327608129,4.259501965923995,9.609858202501641,11.383574795127082,10.829542940607162,18.978538221994445,17.503724502022823
2020-12-01,enerji,1.4456316781898293,1.6072858393058942,18.788982736301474,19.88850474501065,18.767316460901796,12.902742772784714,5.628272251308908,14.094259833118139,19.888894933313427,18.27731966210493,12.937786106168936,12.228579041068821
2021-01-01,enerji,3.2837670384138873,1.8750508330147353,24.541589380117323,22.027708053407924,20.5945431284837,16.481141866028914,7.896440129449855,17.697742938408332,22.029213290256934,20.07509939763512,16.51492593850119,15.382679797603016
2021-02-01,enerji,0.23995200959807672,0.9887149201690537,21.681647444883524,19.41589537266284,18.04299742458497,15.306923516644378,8.7890625,20.437357084078545,19.425489460070942,17.884206369958733,15.340299982144945,14.356874655282947
2021-03-01,enerji,0.11968880909634105,1.6218801935987903,15.443541770869306,19.484519326025172,17.10431627586275,19.686341585719358,12.432795698924725,20.291743636856374,19.494201311668412,17.942583787130317,19.691398987866073,18.109951724617623
2021-04-01,enerji,0.0597728631201333,0.6040884692178006,1.690273483374316,13.632564688445271,12.537408376584857,17.75534565004506,18.47133757961781,17.452288142588678,13.644308028601904,12.858734331942578,17.768373012376703,16.46691686478885
2021-05-01,enerji,1.4934289127837452,1.061348662140582,6.87292996216089,13.959827667266334,14.037161421430454,16.655967945926232,17.659279778393344,15.640286810279092,13.971414689662055,13.149269299828692,16.669240215184633,15.516737834893712
2021-06-01,enerji,2.236609770453213,3.3173646423427794,16.202510247770196,21.75762267316934,15.822404333826224,20.61571630340375,17.285617825793388,16.44267351788844,21.856623790887795,19.93120709480465,20.670113130105005,18.936895440967483
2021-07-01,enerji,6.217616580310881,3.8350027300498857,47.55830822846134,38.168407704979465,22.495896741467504,25.301358837147347,21.54150197628457,24.41131173528419,38.2829014190805,32.85486413813299,25.410032081341093,22.856799235037784
2021-08-01,enerji,0.6504065040650486,0.7645604238965653,42.71647141714126,36.552499167019946,23.501123291291815,24.745738494780344,20.741222366710012,32.038068144455714,36.69345580079364,31.66771118515692,24.859427433351943,22.408490242492807
2021-09-01,enerji,2.1540118470651404,1.4005617106357615,42.25582209261594,26.697433187209676,28.570928380105375,24.202972040395853,22.703751617076318,33.639008141351745,26.82480047130249,24.00049945832885,24.317963958749477,21.965853276566747
2021-10-01,enerji,4.586188719030049,4.703289132584865,33.71532655656437,30.988750915623054,40.4663923182442,34.53069219057709,25.72877059569074,31.307154320697485,31.2112769240535,27.473645068468766,34.70455705921136,30.164254603300876
2021-11-01,enerji,5.947580645161299,6.890980490045329,64.16600579551486,65.86967178790952,53.06597621216098,50.4988977323501,32.11816467630422,40.64134278328177,66.33779247855429,51.97932533306382,50.84940900718278,41.82351825911037
2021-12-01,enerji,9.752616555661287,10.331834791233696,118.73639717099907,132.49247668604727,76.39876984020448,71.62808637125617,42.936802973977684,73.14387451729361,133.14133271107855,87.70441765545556,72.61895734355792,55.85245855689221
2022-01-01,enerji,27.438231469440822,25.356451859816787,382.19494184142883,377.6990412958118,153.9229294731972,150.1463586241643,76.36472705458905,173.8406259766602,391.6746927019181,170.31706856438325,158.65151068972114,98.895356816426
2022-02-01,enerji,4.01360544217686,4.382346814911453,347.9392077391719,334.4085393832808,171.1759402560397,168.43100016460463,83.00418910831834,272.4376403279542,350.1678838360645,160.28253386384773,176.48120469962518,106.13092959845578
2022-03-01,enerji,10.987573577501642,13.058953339293144,368.4432375386046,378.9771928536645,220.102461812328,233.7043509495777,102.86909742976688,363.56511511758026,395.4507914371961,171.19100805608554,241.88510641410977,129.44771285577053
2022-04-01,enerji,7.6311137301119825,8.138845265591964,138.34682286036067,165.24974842455117,239.0127318954865,255.96284992448776,118.21983273596182,271.72837846713924,166.9561295391759,102.32058167918626,263.7023316501301,136.31882512178476
2022-05-01,enerji,2.9017246099096727,2.3005996571916265,128.3175936477964,144.7143692077665,219.80056599622858,226.04602695577628,121.24779281930552,207.18011647166935,147.17842442516584,93.99359304830693,234.8253341325457,127.13806345607735
2022-06-01,enerji,16.147911678637918,16.915951957331288,173.83412811978553,179.85605597370164,258.1560351648334,266.12111123695337,151.35290731145653,163.64209825392714,184.95678751555178,109.42158752045951,276.9413193857031,140.30629778827253
2022-07-01,enerji,-3.114979386165828,-5.424658178545505,79.78886082361412,63.72668805672688,107.00749687630152,108.39496831121372,129.2682926829268,122.64545530422795,71.49267721649286,55.16757374390964,114.4019207779556,78.74407771154794
2022-08-01,enerji,-2.6950354609929117,-2.709265359601898,43.751425988339236,33.93457073187112,81.16561391471875,81.04064182321832,121.64781906300482,82.84523073405545,41.373865564767144,35.12811367673554,87.5434270370658,64.56085336252124
2022-09-01,enerji,7.410106899902824,6.459202021352706,5.134955237007532,-7.92739395856763,69.67480308589913,60.52126460371432,133.0521876647338,24.93727640690637,-6.496988245954716,-6.698886067178789,65.35521461981773,51.36135072664037
2022-10-01,enerji,2.3524089572494855,3.1976693601097894,30.95221980584675,30.52638614167553,53.439728953151814,46.187047671775595,128.07459677419354,16.57986576301593,31.618200802069985,27.79042408744239,50.347972416968865,41.478998915676016
2022-11-01,enerji,1.2817679558011053,2.4132325389894405,53.70852838319864,60.26425908285895,48.64662842343219,46.50912853445035,118.03044719314939,24.247458248373242,60.53544279692949,48.280415681807746,50.675666119754496,41.70426467927164
2022-12-01,enerji,-2.1165175649138113,-1.2205749663104393,6.011997429419669,18.787250385644462,5.57256558560939,4.580360046724019,94.45166883398353,35.29444664414116,19.046082500578155,17.56130773115516,5.568470867901154,5.431210831988187
2023-01-01,enerji,1.6049933125278582,-0.31116083196014444,2.94919361647068,3.437121990370895,16.109540655790866,16.19498150220926,55.034013605442176,24.971747550679325,3.5835314586363243,3.525986962875427,16.832286892539262,15.658205525158909
2023-02-01,enerji,0.6362439666520281,0.5800152982910811,0.3495736235836988,-3.772562568885074,24.195753895060747,24.18461645203809,50.0,5.63503295553196,-3.7411561425164663,-3.8068819999180104,24.649107621167875,22.236766840944867
2023-03-01,enerji,0.37061260082842384,2.6124230794252634,10.944092697296126,12.055381181343549,8.450010925933316,15.37222638680027,35.651149086623455,3.725230736912555,12.153823762272054,11.5251101830248,15.55285695018136,14.54320895708998
2023-04-01,enerji,-3.8444830582102463,-3.4245904341998368,-11.010082420242462,-1.300990045992323,-4.284587161564046,1.0402965798375075,21.18806460443472,2.133014253948673,-0.9246661339499029,-0.928608225933969,1.3064475458914426,1.298689368470729
2023-05-01,enerji,-21.00745425796251,-21.60409538624798,-66.21938369607147,-63.571649191782974,-41.77740607941701,-40.79352359651512,-6.969938813514243,-23.91341943561821,-60.62023078308707,-89.66505096409021,-37.91738183255837,-46.73596648200411
2023-06-01,enerji,4.232199027738082,4.567964240489331,-60.71299964470516,-60.71431317273668,-33.97984694643203,-33.65112953184599,-16.513971598717347,-46.738210784397985,-57.15905710559159,-81.84288631983394,-30.011718439204436,-35.15888806840457
2023-07-01,enerji,12.729766803840882,9.796168371932046,-25.782473343203392,-34.36781635399954,-18.731238595867673,-19.515022849106423,-2.8605200945626352,-54.25909729969791,-25.408993415022728,-28.959851095306412,-13.961957839674943,-14.94422966062019
2023-08-01,enerji,14.237040642492072,14.082611397435407,224.63086712904996,194.32094266648562,4.719772549877321,3.5452874333731677,14.042759961127317,-9.927695516493152,196.56812714772255,113.78697603942713,12.75053580569896,12.060962537668463
2023-09-01,enerji,3.8346825734980827,2.777359432240001,219.7068700725448,174.67325585905056,12.072850941386681,3.878426583691752,10.246550554173272,72.1060629080312,177.73770375590803,106.62455680642982,13.119319716426038,12.390835243297937
2023-10-01,enerji,3.6109971276159225,5.210982418354515,128.15024917613488,131.58580769845366,30.1258898143816,23.286180331261196,11.602209944751385,164.32225543266483,134.40326007679872,88.28381299211969,34.04604187456079,29.66198094840664
2023-11-01,enerji,9.980198019801989,11.483240957211805,95.99778375834298,111.1895712917438,152.2437917904877,149.31408645304623,21.186995417848564,135.77229707196784,112.68249420616425,77.88633123122528,151.43641083778596,95.8366536353262
2023-12-01,enerji,2.736766294562476,4.089102545062784,87.83865501435153,122.1793555230982,145.05776558451453,147.03588194065026,27.19572001783326,121.12001680836175,123.40164880916902,83.13330368251641,149.21548203467546,94.87893024447311
2024-01-01,enerji,6.151419558359628,3.874232006034317,106.94969094927869,111.1012002230523,117.2915634740614,121.10640415819827,32.88723124177271,114.74512919199933,112.4828022426895,77.78630203323561,123.19647185004246,83.03505751267765
2024-02-01,enerji,2.955258378735337,2.4651556728283897,58.928185271819466,50.645851487050145,76.49241368968791,78.36712923750781,35.94942228035754,90.4336315355005,50.68978587428445,41.71396089570196,79.2441125857272,59.80014606346362
2024-03-01,enerji,1.3951250801796045,4.020252702091498,50.787610110691126,50.24766736577919,68.29658902075424,82.70722455386827,37.33709817549957,67.34981679964231,50.289217423763866,41.43856152381682,83.53460226875877,62.28593260316662
2024-04-01,enerji,0.0,0.41102483736561446,18.757879013223565,31.190393154511998,56.77023429075581,66.4164939320967,42.82810029365256,43.550906875175,31.35512916524221,27.58573284914201,67.46798905503051,52.68601744118882
2024-05-01,enerji,4.902736043017564,3.9291567805111116,28.001648581500138,38.85030290999665,42.6291334926318,44.62787459930151,89.67686588504434,39.79876644266205,39.0748908310363,33.441737279872896,44.77560130665337,37.57784908778743
2024-06-01,enerji,1.4322327755163622,1.4177692417999932,28.189131136345978,25.46755308700732,39.029970604239075,37.29969840249077,84.58161865569271,31.670084296946023,25.625572275269736,23.031803438706877,37.451125860568,32.235182481261845
2024-07-01,enerji,10.002972651605235,6.869518132240748,87.70199544011714,60.99827924150456,49.30201226044506,45.33212841933092,80.11681674373328,41.26853742781223,61.44114237828033,48.86577661820741,45.68775232920896,38.22575473367471
2024-08-01,enerji,6.836913930549904,6.572230148194702,101.93284591623741,78.0114080756435,60.77231471877376,57.21621396261305,68.44908393694078,53.95483533350358,78.62689568742536,59.43807008894178,57.71796932511259,46.43990368440734
2024-09-01,enerji,0.42999873529783184,-0.7186756782669446,94.06930605229333,63.47896037225571,57.72626833561076,43.21768444963341,62.92572835453425,67.43561730733092,64.61296506927678,50.89229040867402,43.91350237519358,36.96204692369045
2024-10-01,enerji,1.347437350459657,3.6648096478676617,39.826746963301375,44.73443852715657,62.00543022044667,52.64991172567879,59.36633663366337,61.17315970116965,45.472867560906934,38.07345647118168,53.2664800664677,43.46961654469454
2024-11-01,enerji,0.8200795228628266,2.4642106983455925,10.890172301551381,23.675723746100097,49.640796833598074,48.37685038043353,46.09290601368383,42.40445009174121,23.922412843639627,21.641378671785237,48.988640180931675,40.53972438036351
2024-12-01,enerji,0.6408676361843613,2.384030160677364,11.824436471232836,39.8759654372032,47.31493741525643,51.2176491377232,43.11251314405888,35.67497134149604,39.90312750947042,34.05220202756247,51.7977745972928,42.47224621811825
2025-01-01,enerji,6.09845701689935,3.5365047583622022,34.31419193858227,39.1847577253652,37.042754386273316,41.932476061397026,43.04110946012878,34.12044935708038,39.206524743620605,33.538982469540635,42.30808229028354,35.80621947036116
2025-02-01,enerji,3.58956602031395,2.647573191541719,49.69173273484229,40.18373492055025,28.83843384287328,31.671275811129362,43.92238614496473,39.74975790478488,40.2030290902075,34.27243244232514,31.832520833308187,27.956905557055187
2025-03-01,enerji,0.022284122562665765,2.9590216529491453,46.045237191893904,43.35946519142111,27.794469161584125,41.607004057748355,41.97374663925353,40.93415874474739,43.37044320832637,36.572398411412266,41.62705903323369,35.31230021948737
2025-04-01,enerji,4.322156622479678,4.715779117872687,36.50776381560574,50.00332528323676,35.406535995261024,44.492825038291926,48.11007433180454,44.569926405526815,50.07280873499622,41.289495849454205,44.546093218645645,37.41423915949742
2025-05-01,enerji,2.135611318739983,1.020239922185051,29.003670837258788,40.714782719879985,38.96324340193165,40.44900782919929,44.20322629277855,44.63284593330719,40.89668411883589,34.78016277202754,40.54946434020798,34.52629760717634
2025-06-01,enerji,2.268687924725543,1.9027511380352413,40.98916329468811,35.02858990341227,43.49493299367539,39.13168738323025,45.39239001189059,41.67866746615305,35.21900686846029,30.555080712371918,39.24005489666613,33.56373956189209
2025-07-01,enerji,7.350235125741178,4.020162416952933,58.08530704014638,31.476256232563248,46.900890930429085,40.43459556204581,41.88623159032563,35.586205165608305,31.595291778268187,27.7726139086929,40.555963800183356,34.53105487907355
2025-08-01,enerji,0.638034472907334,0.28286871032920935,49.01545766748061,27.679373354055237,38.648985032704616,34.03870813808349,33.65372454786899,31.301191979344622,27.85143094524085,24.823129061269533,34.22885538969223,29.801645916648535
2025-09-01,enerji,1.239591218773639,-0.042972541311880885,43.10740813286231,18.20352720483602,42.044337211744185,26.33627982522928,34.731142173529776,25.62476944651064,18.436149095887664,17.040234343881046,26.572820647204942,23.797657528126482
2025-10-01,enerji,1.280493504065805,4.375776056490066,13.38441182498038,19.828244323823085,33.8820733217051,25.517205811064624,34.642147117296204,21.789214695444393,20.10798121788082,18.462688902029576,25.731429190122835,23.117651405361237
2025-11-01,enerji,1.864156515319304,3.7963442251851776,19.011886797459642,37.524612826455005,33.171358703716166,32.51058971433511,36.036480157752024,25.063612725892103,37.828279837139476,32.51659096145345,32.75396658190273,28.669860011361493
2025-12-01,enerji,-0.08153651023735664,2.0864613134796706,12.920241115280584,49.62346236500199,27.120899272093226,32.98880029590183,35.060004898359054,35.25163859270046,49.703024900872975,41.03432638061966,33.23113442713468,29.03728036225035
2026-01-01,enerji,2.2939523075528045,-0.4550396445157978,17.50826016240341,23.787827743152356,15.427921072376915,21.79194582205255,30.216989843028607,36.47985777034537,24.007264893753867,21.711063576596203,22.043348764606606,20.08687623931289
2026-02-01,enerji,1.9765998936358775,0.5852911304865316,18.027968771599824,9.166056039859827,18.518906754912877,22.527627866831846,28.189415041782716,26.182218362375952,9.23622237872872,8.866851197801617,22.771351583368027,20.691721079627534
2026-03-01,enerji,4.745762711864421,8.185156667314676,42.54362495223138,37.684716370599006,26.87025064628863,43.53001072288782,34.24306561211987,23.221789124781434,38.831397232481855,33.261632613141636,44.17330346465145,37.147979496880644
2026-04-01,enerji,14.397145465106643,14.752305930920029,122.95063574223155,143.1388218225575,61.859634585561096,73.4866755501522,47.20768820074748,56.50898666370865,147.40183100895914,94.09101491488495,76.02840690981829,57.90103924574058
2026-05-01,enerji,-0.1740896561729377,-1.408966536881584,104.72916824418502,124.42233417529289,55.44699378296218,56.522525884219554,43.878724516466285,97.33261398183043,129.7092970693345,86.11398424541248,59.32050270233083,47.490417721607045
2026-06-01,enerji,-0.9082982124691164,-1.6164163843410684,63.97703004439275,53.49205916200388,52.88518656635341,45.373693049532534,39.40911878961359,102.53603119830785,58.4297351448573,46.907692038789506,48.33412710113967,40.084662325965574
2026-07-01,enerji,2.3098922050304393,-1.1020564853393422,4.90417524979192,-15.318357961966878,52.93283677469527,43.49005078794463,32.86353680601848,40.63462040012793,-15.316026652793614,-16.50975762624798,46.487302908023295,38.79062864431848
2026-08-01,enerji,5.4544151376146655,4.973437657111313,30.640768304978682,8.832166113404716,63.54196964039404,56.28297652823069,39.22218016654049,11.511051990617593,9.40225208720349,9.019859149723608,59.43778870703389,47.56692169756804
2026-09-01,enerji,6.252973560796593,4.768540236408092,72.7006410140973,39.95560430882785,68.28231695651957,46.56764273407899,46.11645948219463,9.149118821791348,40.59508540674233,34.559685632720246,49.26842193231984,40.733688835754876
2005-01-01,gida,,,,,,,,,,,,
2005-02-01,gida,0.8000000000000007,-0.7972050532808028,,,,,,,,,,
2005-03-01,gida,0.0,0.17729348817525636,,,,,,,,,,
2005-04-01,gida,-0.7936507936507908,-0.143753144131753,0.0,-3.02187916069091,,,,,-3.0122528392321435,-3.054658836949198,,
2005-05-01,gida,0.0,0.6276756347400214,-3.1370098453236683,2.671024706033487,,,,,2.6771624557388796,2.644863915134099,,
2005-06-01,gida,-1.6000000000000014,1.7802625556065488,-9.189040317563169,9.401931007089836,,,,2.9108342296697787,9.442306469762274,9.056740184859269,,
2005-07-01,gida,-1.2195121951219412,-0.2665591931213074,-10.738319334399971,8.864740591287056,-5.521599999999982,2.7496859761715786,,6.94779321468173,8.909917172896042,8.565515988901051,2.790494742003524,2.7554285759759267
2005-08-01,gida,0.0,0.9727671786964542,-10.738319334399971,10.365798741313093,-7.015306122448973,6.448906284989486,,9.544483183747987,10.412030735312694,9.945882164726783,6.480232701857136,6.295373039930441
2005-09-01,gida,1.2345679012345512,0.3049975121075743,0.0,4.104746080884136,-4.70521541950114,6.720477174024486,,7.72930240984766,4.120656943391743,4.044821990730885,6.751087763823538,6.550781087795077
2005-10-01,gida,2.4390243902439046,0.8538603712953119,15.658370355316942,8.862279663998507,1.6064000000000078,8.863510120688979,,7.736438368635445,8.867733807982003,8.526500248397362,8.888823617944542,8.546008118649207
2005-11-01,gida,3.1746031746031855,1.5121097813147966,31.059436846436682,11.206918643101972,8.16000000000001,10.785560438200491,,8.03411314334015,11.222877353414251,10.683870658870731,10.816774227098392,10.314876411798757
2005-12-01,gida,-0.38461538461539435,0.237963843523481,22.873612821510147,10.90993889578764,10.848370678828712,7.453483082645307,,10.327993280767345,10.927641806129662,10.415735984534358,7.47475967910014,7.230278987632621
2006-01-01,gida,1.1583011583011782,-0.5390143413111503,16.84308151654794,4.908673551019271,16.249216752188843,6.867194963141898,4.800000000000004,8.965256835385404,4.953253056744367,4.844237134108509,6.894069139587788,6.685368691252935
2006-02-01,gida,2.6717557251908275,0.9954846256094108,14.581823137320061,2.789276606699964,22.543988890582376,6.915287592488806,6.746031746031744,6.130934611764416,2.8133749809787334,2.7777365112869656,6.942377274022538,6.730803585078848
2006-03-01,gida,1.115241635687747,1.2335196391737302,21.640041547945255,6.934098100976649,22.255271333201133,8.90387636009784,7.936507936507953,4.868533061782276,6.973387716017432,6.7599596938879625,8.934068851510602,8.58784783921116
2006-04-01,gida,0.7352941176470562,1.4073327988955997,19.61815127278086,15.55337012189677,18.222474174855165,10.102455848351411,9.600000000000009,8.320611639775732,15.555299392858757,14.545348254714963,10.137390242903056,9.694792694411735
2006-05-01,gida,0.7299270072992581,1.650098948787826,10.822312506190212,18.578515539043572,12.686390532544323,10.40199198091769,10.399999999999988,13.611153318097546,18.5805335401978,17.163805547428623,10.439288228894261,9.970771029357795
2006-06-01,gida,-2.898550724637672,0.3124036075412784,-5.753862613893535,14.321314753014391,7.070556491405955,10.566028629192758,8.943089430894325,16.135192646240746,14.344082416112558,13.479341420898816,10.602465202929888,10.11965055739339
2006-07-01,gida,1.4925373134328401,2.4757522345010274,-2.887895699296439,19.215913215238967,7.779266942485852,17.370356326375823,11.934156378600825,17.360446316478328,19.271210578208265,17.753019163320527,17.399778929946553,16.149183709017745
2006-08-01,gida,-1.1029411764705954,-0.313026613430345,-9.765463525754948,10.269815779546821,0.0,14.34872567677552,10.699588477366252,14.535836657694823,10.362364018404291,9.900516914447843,14.403822160637048,13.532161230938232
2006-09-01,gida,2.973977695167296,2.195712705897268,14.124766018755208,18.78697120560977,3.710261678200677,16.532753866686644,12.601626016260159,16.020986035023242,18.89651032254198,17.433753307871804,16.599931773702316,15.45654736438531
2006-10-01,gida,0.7220216606498298,-0.9727428288026863,10.698362579219612,3.5865454921403916,3.682934626245382,11.126795228052044,10.71428571428572,10.691010688935298,3.701110931842022,3.6397730546569473,11.23668636740538,10.696396108988736
2006-11-01,gida,2.508960573476693,1.142829276676638,27.777684096137524,9.771626708601588,7.377651753833225,10.020439260069637,9.999999999999986,10.51986910730285,9.884626854206168,9.463196615084879,10.123257960132403,9.681856764766362
2006-12-01,gida,0.6993006993007089,1.1251751216717398,16.855961932295816,5.243804674979269,15.482290042325687,11.810521846092747,11.196911196911197,6.167188675522817,5.305865762020745,5.181046278182766,11.912214889925,11.307399793027283
2007-01-01,gida,4.513888888888884,2.7376054231893265,35.471883602265095,21.925710574255007,22.460261678200656,12.38266398809742,14.885496183206094,12.137098054315398,21.966024917054305,20.022439286150817,12.494217864980062,11.831106170403881
2007-02-01,gida,1.661129568106312,-0.01511240731403296,31.0453374220748,16.437361050128494,29.401196777269554,13.055378165434316,13.754646840148709,14.352522650412292,16.524121152575646,15.390672550188134,13.159744319379051,12.426934582636507
2007-03-01,gida,0.6535947712418277,0.7112413677371254,30.80758116736204,14.542591220519686,23.635131436614575,9.794799956001432,13.235294117647056,17.576561989194907,14.633430077863906,13.734937534449676,9.878952562208765,9.45799190631622
2007-04-01,gida,0.6493506493506551,1.3319270356805024,12.507323455657748,8.401290932914796,23.456790123456805,14.964796455968155,13.138686131386844,13.032263242534704,8.420746018050473,8.11222398441438,15.010720900146723,14.0673316352826
2007-05-01,gida,-1.6129032258064613,-0.43611681863217067,-1.300795699534163,6.587017429771058,13.728055161621612,11.403370827487013,10.507246376811597,9.76283028974747,6.621021006401717,6.428206339141829,11.471802460084724,10.909439444664981
2007-06-01,gida,-1.967213114754085,1.1328213962013445,-11.185906529661949,8.38295972558214,7.784770447530898,11.42021832287623,11.567164179104484,7.789330371600256,8.42322563515918,8.114526452998705,11.488696933252186,10.92473199372419
2007-07-01,gida,-0.6688963210702337,0.29129732676722586,-15.748232243771376,3.9989121311326814,-2.640147459741038,6.1772872634894505,9.191176470588225,6.300539278190653,4.024383477110072,3.9520076173455987,6.2017131542254855,6.032115800879989
2007-08-01,gida,1.683501683501687,2.3301641492265546,-3.876757030504674,16.047602695590403,-2.597291639967547,11.216760657726565,12.267657992565063,9.387150305062253,16.095093249026537,15.0171314887805,11.265656622318643,10.722668913961163
2007-09-01,gida,2.3178807947019875,1.692461312096194,14.064148926738484,18.63769918543021,0.650404790015191,13.394466235130809,11.552346570397098,12.765183232710587,18.688000119210123,17.255691152359898,13.449238072894953,12.685108802679302
2007-10-01,gida,3.5598705501618255,1.7018488627251083,34.76406919542985,25.454172832159983,6.5556711758584685,14.22389197035676,14.69534050179211,20.017964352015195,25.460619152441243,22.897897296191427,14.282597825832234,13.424952456768512
2007-11-01,gida,0.6250000000000089,-0.43509444071285763,29.239632662955838,12.433459216391629,11.458210158559567,14.226237812661413,12.587412587412604,18.702964458479876,12.50063083598809,11.836862936433779,14.284908793720131,13.426997212607139
2007-12-01,gida,0.31055900621117516,0.5504431554208766,19.392259588217485,7.467338423676595,16.697799800897073,12.914471030807118,12.15277777777779,14.813450942011986,7.515908958766082,7.268790309732509,12.975425120577388,12.262240731046203
2008-01-01,gida,1.8575851393188847,0.0700490522306696,11.733570871353137,0.7343413653250641,22.709700824178935,12.41682913060349,9.302325581395365,6.731477329548663,0.744116905111869,0.7415910677547544,12.481561724174227,11.81974418197309
2008-02-01,gida,4.863221884498481,3.1474140774954362,31.781028738025796,16.034139288858306,30.504144555063363,14.219611571056202,12.745098039215685,7.934229256986836,16.1575911964595,15.07162514058793,14.315707043117287,13.454244038510854
2008-03-01,gida,1.1594202898550732,1.1534502456293616,36.29867015528636,18.842733377587884,27.56569369822268,13.01200045607549,13.311688311688318,11.648347125542768,18.95500349182011,17.48365350142187,13.102959237359846,12.37622190557719
2008-04-01,gida,0.8595988538681931,1.5481811367499931,31.034924291976896,26.02153853610023,20.999999999999975,12.670744571423675,13.548387096774196,20.253973604667674,26.0754411435971,23.396181839499164,12.759381478543851,12.068886453626959
2008-05-01,gida,0.28409090909089496,1.765595607219539,9.602999911634026,19.403020727795006,20.181513058909715,17.706528020494282,15.73770491803279,21.36978401512213,19.40748879242793,17.868907958395575,17.772264540078318,16.470266549491754
2008-06-01,gida,-3.399433427762033,-0.49563787515649604,-8.858576338633261,11.804939531253167,11.456066865396952,15.270137585629918,14.046822742474907,18.870905714985533,11.873589967247078,11.272555475252144,15.364499366923635,14.378104488337007
2008-07-01,gida,0.5865102639296182,1.5485908245585156,-9.841676732489201,11.806743813608245,8.691715708465386,18.701549585936394,15.488215488215484,14.264692339837959,11.875406248944852,11.274194226486234,18.78104925304498,17.335188032992697
2008-08-01,gida,0.0,0.485230765020761,-10.858967806285236,6.2852556189618936,-1.1560596513337518,12.653364706651793,13.576158940397365,9.911144446763398,6.329242088679421,6.152734857691122,12.694576708509263,12.010821408043348
2008-09-01,gida,0.0,-0.4819633201176621,2.366761533904893,6.343693387069704,-3.408839007889908,9.040131184217914,11.003236245954696,8.103989087006624,6.38712004376798,6.207433077846458,9.098744452022656,8.739994276549302
2008-10-01,gida,4.081632653061207,2.1166007976009205,17.353591216765253,8.743056119015847,2.8610860020661155,10.264259925905407,11.562499999999986,7.126329424108224,8.816908367603737,8.479472970016078,10.336443222288993,9.876833598251155
2008-11-01,gida,0.5602240896358524,-0.2078603168701343,20.00554514756363,5.7737583246941115,3.42832379683653,6.029198531906355,11.490683229813659,6.948897082096406,5.858784932775096,5.707108642452496,6.093774470343827,5.929921750071809
2008-12-01,gida,0.557103064066844,0.6307870212215461,22.70219376542506,10.584488821602168,12.074199568287147,8.443362971692725,11.764705882352944,8.349269934523939,10.644653959833917,10.158110007809329,8.496745010437202,8.182771542827894
2009-01-01,gida,1.3850415512465464,-0.4763721786231856,10.471811898596496,-0.22686709401829042,13.86072129809859,4.161583084960818,11.246200607902734,5.268490381260649,-0.21357255072294024,-0.21378189708709527,4.2120364862585635,4.132845536464491
2009-02-01,gida,0.0,-1.6046789609366785,8.030540076976521,-5.696880502511215,13.86072129809859,-0.12610265443665503,6.08695652173914,1.329849690862983,-5.6492755622541635,-5.801056473353272,-0.046963803421595784,-0.04697391545038787
2009-03-01,gida,4.098360655737698,4.016638392259475,24.071232109132843,7.6499515547096,23.384814150566502,9.107354767439046,9.169054441260748,0.4783209154671564,8.02308763890338,7.742349010798444,9.326667948982914,8.950229509303886
2009-04-01,gida,-0.5249343832021025,0.14991388978788933,14.982698901701008,10.385331362107554,12.704689719024875,4.945177768501541,7.670454545454541,3.9410934094362693,10.742761473468176,10.247493284442744,5.133835689737465,5.016855693677824
2009-05-01,gida,0.26385224274405594,2.0214569460358156,16.201047994693862,27.579137762056515,12.041340461355832,9.68641973262594,7.64872521246458,14.881200829950725,27.762409126054454,24.75203691233272,9.898030688168191,9.475490219489725
2009-06-01,gida,-1.5789473684210464,1.2191640700798922,-7.149016960212062,14.398252749899143,7.331895857152748,10.972818142417552,9.677419354838701,17.209260528591663,14.437740754643503,13.562139623614389,11.188017048797306,10.652244317206415
2009-07-01,gida,-0.5347593582887722,0.398279772888932,-7.185694430898682,15.537284797215701,3.3055630206933584,12.931932893308984,8.45481049562682,18.95187107242524,15.567008102366442,14.55560315601856,13.131314893467373,12.401548220230652
2009-08-01,gida,-1.6129032258064502,-1.268165835405577,-13.942256351624028,1.34093157603683,0.0,13.705710808535642,6.705539358600587,10.217302201090295,1.4060931500890383,1.3971120302529894,13.887235175606637,13.074574471292856
2009-09-01,gida,0.2732240437158362,-0.08273787016419565,-7.2790552231937085,-3.7732079016998044,-7.214058872562202,4.919859339275456,6.997084548104948,4.027720624938169,-3.7446456904599135,-3.8104957307233622,4.986273824344534,4.875821946445513
2009-10-01,gida,2.9972752043596618,0.9627176086824729,6.609385438988391,-1.5909477764066704,-0.5270083054281227,6.629802088259407,5.882352941176472,-1.3687935834715392,-1.5417414257671624,-1.5527443875491986,6.698702106361454,6.50142938423468
2009-11-01,gida,2.1164021164021163,1.645278109778081,23.715717187761665,10.549062183041169,3.182825484764562,5.844909875187754,7.520891364902504,1.5554966624771183,10.582045887858182,10.101031393185433,5.903004726234062,5.749071711719211
2009-12-01,gida,2.3316062176165886,2.2496810169774673,34.191227476625485,21.238571040407827,11.545225771397515,8.011104844827521,9.418282548476453,9.713617023676813,21.258047489507902,19.430706941752085,8.095833639093808,7.810105605514361
2010-01-01,gida,1.5189873417721378,-0.44307548492463766,26.65148640963988,14.625850053122624,16.199127066712894,6.208386034491298,9.562841530054644,15.404637795492082,14.715735875213486,13.807534567323643,6.302439045372288,6.127395089887222
2010-02-01,gida,4.987531172069826,3.344051698143158,41.50740429087867,22.482960020544816,32.31284899519247,16.363122868347556,15.02732240437159,19.4222689209961,22.663869162244833,20.60262892078395,16.47944139300115,15.351830156984692
2010-03-01,gida,0.47505938242280443,0.31130532915579767,31.514333091117397,13.455970025414544,32.8460379095546,17.282733946155115,11.023622047244096,16.79050985467354,13.633505134240377,12.849126169497271,17.389044232146823,16.13991655562468
2010-04-01,gida,0.23640661938533203,0.910291566323429,24.99307024051147,19.752147188157142,25.81954592536606,17.160964775513744,11.87335092348285,18.48730783787338,19.87150696022826,18.262594374489538,17.267650459197093,16.03506447090659
2010-05-01,gida,-4.481132075471706,-2.5535173148639068,-14.357032011879166,-5.331380706308487,10.086847969072977,7.681440890013147,6.578947368421062,8.731026899911143,-5.199493646793806,-5.32768167753872,7.91057800390591,7.637473621622615
2010-06-01,gida,-2.4691358024691246,0.13735022672280994,-23.962660457155817,-5.986353804202105,0.0,3.2783105243805677,5.614973262032086,2.122202109826432,-5.859958208818094,-6.023502087270671,3.466704764950701,3.4128120411133
2010-07-01,gida,-0.75949367088608,0.15511301927513266,-26.93980252914876,-8.76918513120344,-4.438405233798282,4.523136052568022,5.376344086021501,-6.712333286601558,-8.678570376753058,-9.044216275463857,4.70781775485325,4.609189049512841
2010-08-01,gida,3.0612244897959107,3.2982428366736816,-0.9840023596686787,15.198975848678952,-7.912954677529472,4.430493571761662,10.382513661202175,-0.37348765235160064,15.347081407135942,14.362824330686497,4.61229386137465,4.517571326573888
2010-09-01,gida,4.702970297029707,4.4858920896782895,31.514333091117397,36.55099137059348,0.0,13.303382960970843,15.258855585831066,12.98565345068785,36.81240613123777,31.756991782508415,13.653315335602677,12.866744847618872
2010-10-01,gida,4.491725768321508,2.3259020532181873,61.63849916772934,48.78004421954583,8.670790316838705,16.50461222786317,16.93121693121693,32.97224339414502,48.84519409710073,40.44014791828063,16.878149672425312,15.697965821408388
2010-11-01,gida,-1.8099547511312264,-1.9678001406077117,33.17829715311209,20.683512288706886,14.833714372809004,17.909359329446307,12.435233160621761,34.80476376866921,21.192755435026612,19.37597600915506,18.23680651322681,16.869400169920777
2010-12-01,gida,-2.7649769585253448,-2.99279408532257,-0.9422784739623213,-10.33286278634683,14.13811889120331,10.653226251598147,6.835443037974676,17.0741555930126,-10.04432957947472,-10.538768690848377,11.140489864715919,10.60911154583002
2011-01-01,gida,1.65876777251186,-0.45853034145943994,-11.255776990218036,-19.701548381213673,19.76845585172846,9.301450962940528,6.982543640897765,-4.675053764822512,-19.647475668323388,-21.676498269558884,9.795944196172846,9.381824824360875
2011-02-01,gida,2.564102564102577,1.0231792673282003,5.645690959671046,-9.44419302148919,18.615821978237435,4.539910294130567,4.513064133016642,-13.301743212878048,-9.291670693764754,-9.712580637815238,4.940146161751602,4.831697685669911
2011-03-01,gida,-0.454545454545463,-0.6735656961285086,16.05039905362593,-0.46869411508825287,7.2179467833609845,-5.529437061926712,3.546099290780136,-10.290260945587782,-0.4347981896977382,-0.4356670810389929,-5.351297717571701,-5.487217885943685
2011-04-01,gida,-0.45662100456620447,0.2368254531795566,6.6882983580855315,2.341722858837314,-2.6965049855653955,-9.347466215424605,2.8301886792452935,-2.7014326630096397,2.371141276751132,2.3457560975169933,-9.248488849344227,-9.665371086020947
2011-05-01,gida,4.816513761467878,7.195398716221746,16.373499507483235,29.739784430487127,10.879929495211215,8.391378237942826,12.83950617283951,9.981316180629939,30.649244092621196,27.034633893091176,9.013245405666526,8.661026627637968
2011-06-01,gida,-6.564551422319487,-4.272938285755279,-9.673525851173615,11.931598592554483,2.383706565441024,5.549505814583022,8.101265822784786,14.30369569496448,13.39540276684188,12.637143534584094,6.274249534218179,6.100738226772551
2011-07-01,gida,-1.1709601873536313,-0.24113789688898768,-12.238538540821652,9.811908032838579,-3.236778761254311,6.011036493833499,7.653061224489788,16.934615522706142,11.26854734486269,10.725290134309917,6.734889273005407,6.535523115913455
2011-08-01,gida,1.4218009478673022,1.5225169132131677,-23.067423781367257,-11.65247934517758,-5.380165289256212,7.06160976150445,5.940594059405946,2.5647865022645044,-11.331278866923967,-11.966237077724395,7.7998900074420785,7.53419840768339
2011-09-01,gida,0.9345794392523477,0.9348621431808812,4.766753718858174,9.199393970196134,-2.7209607806342517,10.55705645693632,2.127659574468077,1.7949495437214358,9.234176705346876,8.864964638020245,11.296963895597667,10.751054086302169
2011-10-01,gida,4.166666666666652,1.8837342008477753,29.30051398451523,18.80472076438753,6.525124147799,14.21984534416949,1.8099547511312153,4.586491060484921,18.815320043375962,17.364453028967297,14.985191336074099,14.044871581638606
2011-11-01,gida,3.3333333333333437,3.3923184354618607,39.32746503699403,27.801893729647542,3.5317382415046117,6.259025244943106,7.142857142857162,18.45734669967587,27.877149327473028,24.84365911796207,6.632162060078484,6.438711020118837
2011-12-01,gida,1.9354838709677358,1.5518477025009414,44.93670353818962,30.955526496175278,23.225597683308763,19.58371181072407,12.322274881516604,25.825639873183846,31.00356706485796,27.31160135524231,19.665851475065054,18.08828299663128
2012-01-01,gida,1.0548523206751037,-1.2486324096625756,28.378411781130964,15.578456276374553,28.838637946137812,17.180485680396696,11.65501165501166,24.575888443421825,15.82593213818937,14.782134913200906,17.311897790915133,16.0732939710841
2012-02-01,gida,2.0876826722338038,0.8306941677809654,22.299202465347246,4.542967177464163,30.535963839636615,15.58888000753489,11.136363636363612,16.426626761543783,4.631124327307967,4.535637842477325,15.72015669929252,14.689648480219697
2012-03-01,gida,-0.4089979550102152,-0.6524581804145502,11.43008919743096,-4.2426747693488975,27.083869170095998,11.981922386809396,11.187214611872154,4.897924073904969,-4.198555448805719,-4.2815856891846416,12.142601887853832,11.515007833028834
2012-04-01,gida,0.0,0.5521009143834021,6.849819093447462,2.9352509440857544,17.120493827160498,9.073816292172786,11.69724770642202,0.9977879358606279,2.960782180929611,2.9213476069992694,9.21983904536907,8.851741260100088
2012-05-01,gida,-2.4640657084188944,-0.06235411905891608,-10.969461131688597,-0.6633386761648374,4.347323389987268,1.9065715461793253,3.93873085339167,-0.7043505929576477,-0.6489075465045624,-0.6508455403602564,1.9597822652524854,1.9423961510585341
2012-06-01,gida,-3.368421052631587,-1.1495094978620557,-21.089481451728698,-2.636456579296942,-6.228969716391619,-3.4429055276367415,7.49414519906324,-0.14429479211734986,-2.6073626259952354,-2.6390508101502785,-3.405962420878983,-3.46031824966746
2012-07-01,gida,0.43572984749455923,1.2541921028643044,-19.70511938806785,0.11146714043941408,-7.374444846387506,1.5135409316497261,9.241706161137465,-1.0648325888395038,0.16944539697474337,0.16931394377333042,1.55632311143592,1.5453307753863
2012-08-01,gida,1.3015184381778733,1.418939955310683,-6.568551102462372,6.180223119380224,-8.795547024309858,2.7014550203604992,9.112149532710268,1.1746186502882061,6.267643309383986,6.094490241251727,2.756035170336024,2.721822350445735
2012-09-01,gida,2.1413276231263323,2.2470949259641104,16.633356495985787,21.543637402433724,-4.064612154202296,8.783818731197513,10.416666666666652,8.956627838988162,21.5569392026137,19.68090793655639,8.861710989021155,8.520928563203057
2012-10-01,gida,1.6771488469601747,-0.38581143855926925,22.507662341042977,13.858375846207638,-0.8196686750798099,6.763893953861699,7.777777777777772,13.701746804437365,13.939429344519505,13.120893770862097,6.851274731979884,6.6451038573177135
2012-11-01,gida,0.0,0.13698709003684417,16.33206362336672,8.209850681708165,4.254847645429338,7.190233179607319,4.301075268817178,14.381205396328657,8.29250867497182,7.993082309766741,7.275696693382394,7.043786275509234
2012-12-01,gida,1.4432989690721598,1.0272026758874953,13.184483905744958,3.1374049194358156,14.895980178563795,11.962919514256543,3.797468354430378,8.27085973228996,3.1583305008426654,3.1135133094602807,12.011826551754922,11.397210623008336
2013-01-01,gida,4.065040650406515,1.2673349990660387,24.197510174740945,10.1561927600891,23.34969250097638,11.991987200270371,6.889352818371619,7.125162143208508,10.171598794444492,9.726099059961513,12.040996218020016,11.423496415411805
2013-02-01,gida,0.78125,-0.10145461923007915,28.124402204960973,9.110738289999354,22.08593739253244,8.659360839882346,5.521472392638049,7.429516102306022,9.13377479967723,8.77233222289382,8.712395790496652,8.38270726633028
2013-03-01,gida,2.1317829457364157,1.8819847419817348,31.638234733807003,12.850573192240722,22.063121624056727,7.88473136972887,8.213552361396292,10.705003911389044,12.896295105784962,12.191460487270778,7.926677558805828,7.652486898365529
2013-04-01,gida,-1.3282732447817747,-1.0265754522713832,6.3980162143707275,2.967610585340563,14.953767669252894,6.501267408818023,6.776180698151957,8.226144954819103,3.057856041622964,3.0158186819210897,6.560324241590831,6.370958870941301
2013-05-01,gida,-2.115384615384619,0.4375314499849514,-5.316931786360324,5.2078382669197065,10.141779147624618,7.141518129987556,7.157894736842096,6.923065028522735,5.296132320811786,5.171762958781212,7.19921261887595,6.972047590837516
2013-06-01,gida,1.7681728880157177,4.020850447364754,-6.658112614484912,14.324710565425192,10.848370678828712,13.585250439241658,12.85403050108933,7.457695187975943,14.624690173532517,13.72722578031329,13.757483637942226,12.959343133792034
2013-07-01,gida,0.19305019305020377,0.8978343623252005,-0.7670146777401854,23.47899897191732,2.7530670166015625,12.757871040597646,12.581344902386116,14.180418131940398,23.659113774043306,21.424865038699625,12.928577405355512,12.220341860310358
2013-08-01,gida,-0.770712909441229,-0.5601281781806744,4.799156421454742,18.645481444507173,-0.3872213208340858,11.724816504277747,10.278372591006434,18.75660012514919,18.897064906561955,17.434226526037122,11.907331216849059,11.302994742409167
2013-09-01,gida,0.7766990291262044,0.8775205378554807,0.7744397540788928,4.941483489910481,-3.0130090843951907,9.53266511087163,8.805031446540902,15.328550725279166,4.970679488980889,4.860906888000027,9.70037456122772,9.294066334156659
2013-10-01,gida,3.8535645472061564,2.0106902093929957,16.328366404618322,9.648467019342988,7.4411982248520525,16.35842447521265,11.134020618556706,10.869037783353065,9.720257841402447,9.312330276271208,16.498726843515186,15.368597657485417
2013-11-01,gida,-1.298701298701288,-1.0789995552415776,13.872174240555225,7.377760227291685,9.241511342012743,12.871103736075295,9.690721649484546,7.316644763595215,7.4817741828706374,7.236844768027595,13.057420037024215,12.335535647032358
2013-12-01,gida,1.5037593984962516,1.120376603959894,17.19406214385055,8.415520107790941,8.67458743906624,6.664359152632637,9.756097560975618,8.479604302464372,8.524224784042556,8.208269032445248,6.733896546524765,6.5345879602226375
2014-01-01,gida,5.185185185185182,1.8367942598987552,23.32135334808323,7.678151626791019,19.773835113472238,8.658843438323128,10.9375,7.823470164855761,7.776845785789188,7.512685234468286,8.744572239233705,8.412507755369747
2014-02-01,gida,0.0,-0.47460004756235685,29.941182206480033,10.333988546230156,21.6416250353473,8.845838537988392,10.077519379844958,8.801974983463555,10.394950460081343,9.93028326518517,8.929435558562027,8.583564016606381
2014-03-01,gida,2.1126760563380254,1.7789850774573734,33.0873982248264,13.23666440495941,24.888161240862615,10.799873044760556,10.056925996204935,10.399285000154546,13.314157153779904,12.564717159175087,10.89548676789176,10.386493095810168
2014-04-01,gida,1.379310344827589,1.3892664348146289,14.846023222548688,11.259246148630076,19.008264462809944,9.454054181079364,13.076923076923075,11.607642571431631,11.322946325851667,10.774605858838582,9.536742575670054,9.143645546653433
2014-05-01,gida,-1.1904761904761973,1.4035140067002683,9.47405039866467,19.898129438320833,19.26939058171744,15.016689398374282,14.145383104125742,14.755018427857447,19.900400280189533,18.287062075889082,15.0577254052636,14.108672670537127
2014-06-01,gida,0.3442340791738552,2.542808231936511,2.085073260309578,23.538058437284292,16.560013717421086,18.275262267741454,12.548262548262556,18.166759959581945,23.558909171346333,21.342354693805632,18.334944180344404,16.95353592649036
2014-07-01,gida,0.17152658662091813,0.8357665006583748,-2.693447936541904,20.862413854009375,5.713152152350709,15.961463655392105,12.524084778420018,21.4319093026764,20.897754881066554,19.128354957180616,16.01983995255376,14.951480408009598
2014-08-01,gida,1.0273972602739878,1.4736224847265555,6.341679983576753,21.197008631180793,7.896498710573319,20.545819622244,14.563106796116498,21.85075153450724,21.23189613934906,19.408788869285765,20.564463290515334,18.847925472587423
2014-09-01,gida,0.16949152542371504,0.2718971528991254,5.602865910778854,10.812308153439343,3.829072532699196,17.002296559639984,13.87283236994219,17.475387350976312,10.828056600824333,10.325144553136223,17.03489826712392,15.833749623470927
2014-10-01,gida,2.7072758037224975,1.1821755795427213,16.70873877890584,12.342901991385858,6.566997547318243,16.52482273766085,12.61595547309835,14.657155716574287,12.360253542350442,11.71078086867361,16.55736919828772,15.419567912927112
2014-11-01,gida,0.16474464579900872,0.40874762819274046,12.773295188614075,7.700862563915356,9.510281104748497,14.249824375114306,14.28571428571428,10.25841968437511,7.711096847580379,7.451281442538349,14.28834233381895,13.430035155912057
2014-12-01,gida,0.164473684210531,-0.15944642029919187,12.750700046684438,5.85958212321489,9.118270964932652,8.307638859094379,12.777777777777777,8.588490929691428,5.878592308352415,5.72590714974508,8.327415280969653,8.025525851440651
2015-01-01,gida,3.4482758620689724,-0.3366246869017542,16.03992341817504,-0.3547759353707769,16.373850628635765,5.803750599883406,10.915492957746476,4.336929717968152,-0.3487352629773288,-0.34929391603282234,5.831010537597536,5.6807434763203934
2015-02-01,gida,2.539682539682553,2.357431906334817,27.44293212890625,7.608805730880763,19.883941396150504,7.654824307546293,13.732394366197198,4.32725328700474,7.704847381445412,7.445443196535484,7.707972072964009,7.448362319536916
2015-03-01,gida,2.4767801857585203,1.9733756438871541,39.62487175549769,17.102744712936534,25.47032332133725,11.339335460532451,14.137931034482754,7.949564371059492,17.20016452924098,15.976731453280868,11.407615525302717,10.851319301512973
2015-04-01,gida,1.6616314199395799,1.4155233021475588,30.22610735911817,25.55744010561036,22.928546420264382,11.853472240716822,14.45578231292517,16.568202144354927,25.56829304591448,22.98532340947812,11.923983993988884,11.31801474672265
2015-05-01,gida,-2.6745913818722267,-0.24981043155219984,5.69029935439509,13.2452114215587,16.058096000692522,10.391041103048892,12.73666092943202,18.508712137349413,13.304779129088828,12.556354057930053,10.472291269057198,10.000898627232768
2015-06-01,gida,-2.7480916030534264,-0.562058962716605,-14.271392086321699,2.3955670769213455,9.406790857444825,9.502520295859362,9.262435677530023,13.2726319651171,2.441518203633186,2.414615631515016,9.593314773043836,9.195673542397941
2015-07-01,gida,0.15698587127157548,0.8701877436557037,-19.235137508545186,0.21084595128153527,2.5558075081884457,12.170483142672506,9.246575342465757,5.095727016333584,0.2335229680881845,0.23327339754759535,12.247381611982044,11.609298403512858
2015-08-01,gida,1.4106583072100332,2.1860538329170343,-4.796717480409784,10.363717787118155,0.30983714978578547,11.795181264987598,9.661016949152534,4.259607051518954,10.445815718164319,9.976730455424532,11.866925551594655,11.266542256677292
2015-09-01,gida,1.2364760432766575,1.4661609712813162,11.791162058418191,19.647256504945677,-2.1036226394428814,10.685810648979665,10.829103214890011,9.832168446661015,19.66741609905458,18.089610191416217,10.747834164765969,10.252112911465616
2015-10-01,gida,0.7633587786259444,-0.47415622898825394,14.523082056495262,13.395259928119941,-3.8259859713112077,6.599413339203508,8.731466227347596,14.40947826379293,13.479693587159991,12.712234300840386,6.668274534198471,6.472753849193991
2015-11-01,gida,0.909090909090926,0.9927856971996496,12.274154704045802,8.190666101082144,3.3869821105996456,9.271790233253508,9.539473684210531,13.614933490170644,8.234517364292348,7.939161757970847,9.335042085261458,8.95794610669769
2015-12-01,gida,1.3513513513513598,1.068646202240453,12.784622784330079,6.505165787616396,12.286793717607791,12.885122536553562,10.83743842364533,9.291829737055357,6.537159520751312,6.349102681807395,12.927475803658073,12.219356436611806
2016-01-01,gida,4.296296296296287,0.18286892628085472,29.45382716049383,9.345535933348991,21.759809750297254,11.35198906684014,11.746031746031749,8.006063933286045,9.355942770812886,8.97720330288383,11.400328184211194,10.844718801862108
2016-02-01,gida,-0.14204545454544748,-0.2515511858979247,24.14361377838745,4.055311601929312,18.05981237861587,6.10284385240758,8.823529411764719,6.61022009674801,4.074004685128352,3.9998557704935322,6.135574850787395,5.96950876423219
2016-03-01,gida,-1.422475106685639,-2.0212889583066773,11.100969086419731,-8.097918572561703,11.939630557659807,-1.0654437587334198,4.682779456193353,1.5065466637580238,-8.046889459902696,-8.35988487169499,-1.0007711241762252,-1.0053910949437972
2016-04-01,gida,-1.5873015873015817,-2.0232178395435674,-11.92617416381836,-15.929394077120584,6.777777777777794,-4.121193891044761,1.3372956909361022,-6.969197927404203,-15.893354325764907,-17.184231934992678,-4.0272093393406205,-4.103514316054424
2016-05-01,gida,-1.6129032258064613,0.5973471592842339,-17.001779597570078,-13.030757526650504,1.5071377683990361,-4.870553321549654,2.442748091603053,-12.399181676375882,-12.949754606590636,-13.788638554264043,-4.78607643334934,-4.8943913918852555
2016-06-01,gida,1.1922503725782407,3.6144293736665167,-7.839216404823468,8.772662311033773,1.1886968449931423,-0.01783124582728224,6.593406593406592,-7.307641331923175,9.114169317913001,8.754234773628733,0.19735323925536008,0.19717495096687188
2016-07-01,gida,3.092783505154628,3.9856857027865233,10.982540349078063,38.01341776633507,-1.1331353305785274,7.716626651150227,9.717868338557988,9.437708577440397,38.19541781109239,32.7898489429491,8.087997042328986,7.802808503978209
2016-08-01,gida,-1.8571428571428572,-0.8503488175710672,9.884609097179453,30.238672517408926,-4.500120394408036,6.427245992620212,6.18238021638331,25.095004832544674,30.60380475382125,26.99906503552789,6.808893538273875,6.605213240631924
2016-09-01,gida,-0.727802037845704,-0.3232769307905725,1.7790520220819284,11.540865491441178,-3.1494079113126627,10.1480680537837,4.122137404580162,26.016592965417516,11.846643302941317,11.248239817699535,10.472662312105596,10.001237295664133
2016-10-01,gida,1.7595307917888547,0.6707623396931206,-3.3847411511869985,-2.0164433690004424,3.5500210696502332,16.288630293530826,5.151515151515174,12.28173457343955,-1.9930129388001205,-2.0114536346740763,16.522424317249353,15.38919765413751
2016-11-01,gida,-0.5763688760806907,-0.8215610490461711,1.7581996649911114,-1.9025970110945534,5.743368551509076,13.031303375128523,3.603603603603611,2.2937266748364937,-1.8799075701623758,-1.896302560574492,13.299203157837969,12.5513812374767
2016-12-01,gida,3.3333333333333215,3.121291855986197,19.45948022676045,12.376598585343789,10.265464459776897,11.957952228475044,5.629629629629629,2.6331345924523353,12.550894068964968,11.881972586532585,12.198262174684938,11.565106202116059
2017-01-01,gida,6.311360448807846,2.0547542820839038,42.31115411526891,18.6848865121489,17.2579591836735,7.838616918091557,7.670454545454541,9.467529391537187,18.877979831102287,17.41794035609572,7.981122785752559,7.703243360710821
2017-02-01,gida,0.923482849604218,0.697804709761507,51.094751126532586,26.12650354071011,23.996491294979137,11.232560185471986,8.819345661450928,18.959101235231678,26.198197607894393,23.49540339132643,11.350471345214741,10.79955041537597
2017-03-01,gida,1.8300653594771177,1.2425369062630587,42.49240325749055,17.183118826850574,30.46864922042292,14.75469622365624,12.409812409812403,20.576909587270542,17.204388673035265,15.980383592433878,14.856039570567736,13.931178089483232
2017-04-01,gida,1.283697047496779,0.6640008736478631,17.390023702413426,10.924846512659926,29.25134333812254,14.739281938369198,15.689149560117288,17.825197620189147,10.929438751494969,10.417369958689715,14.840686852462692,13.917655157392716
2017-05-01,gida,-0.5069708491761693,1.3599475248817328,10.874809426200049,13.871314431887892,29.431842049989477,19.84235788267361,16.989567809239926,13.94995402407857,13.87750935576959,13.065941219170618,19.892854137927007,18.280672305248522
2017-06-01,gida,-1.146496815286624,1.44762194821626,-1.5315607392715758,14.796789410654544,18.452541362671603,15.983817036902481,14.28571428571428,13.200451248978284,14.805075146360913,13.886281386983423,15.999045585287618,14.93333248970865
2017-07-01,gida,-0.6443298969072142,0.475402580863582,-8.817919059673173,13.938897428083719,3.4594927632082717,12.421771508155333,10.142857142857142,14.202524379024828,13.951821480256132,13.131888215846299,12.431320812871371,11.774629087268007
2017-08-01,gida,-0.25940337224383825,0.9691563803411851,-7.906976345785166,12.191877266424367,1.0484856251868901,13.028476645970844,11.935953420669577,13.629530811172685,12.202282197849579,11.568723637684108,13.037051032658798,12.317332428427363
2017-09-01,gida,-0.2600780234070288,0.26076984321654617,-4.55909017238697,7.033091709421679,-3.057143469211876,10.846990436988202,12.463343108504388,10.992936986538826,7.038672387117217,6.821315217685253,10.859546184092839,10.353798302334338
2017-10-01,gida,1.9556714471968828,0.9410677816817037,5.830171530501982,9.03115897025344,-1.766526751707953,11.458019174830092,12.680115273775217,9.389522119866811,9.03808660502461,8.68397602095774,11.4701373655409,10.90793211840202
2017-11-01,gida,2.1739130434782705,1.4941527076232974,16.541809800502485,11.3165677941806,3.598685545052538,11.753365549697525,15.797101449275353,9.126769381224209,11.333268870246505,10.78396133008619,11.767001322940907,11.176342483885149
2017-12-01,gida,1.5018773466833446,1.4660989170222072,24.99768248128591,16.766838215363087,9.224047454564799,11.794077228286849,13.744740532959309,12.351161238520959,16.771261117257886,15.605277625308833,11.80792937423143,11.213296421497043
2018-01-01,gida,1.7262638717632672,-2.344422396636303,23.876458821959858,2.290701026528308,14.498326999651766,5.607166824993826,8.839050131926118,9.976138048465266,2.4913194411137374,2.463316912036806,5.718257812536498,5.573646466497273
2018-02-01,gida,2.1818181818181737,1.697412818445443,23.914800279891523,3.112587232988573,20.171773248489487,7.136078457046069,10.196078431372534,7.190331544560613,3.3260077577322855,3.2763573553253877,7.261164515232488,7.0301593427057885
2018-03-01,gida,2.016607354685651,1.568635965997922,26.447541001425524,3.5300231254361103,25.720521716367315,9.949413189523693,10.397946084723998,2.9828777990375865,3.7494368206436812,3.6865055512282474,10.083975352304563,9.64589158826854
2018-04-01,gida,-0.23255813953487747,-0.8907254585470592,16.98585600000002,9.833617416948105,20.381865634055217,5.995083479655472,8.745247148288971,5.436301022640322,9.92616891082343,9.501293303585223,6.149089884481929,5.9823051078110145
2018-05-01,gida,1.5151515151515138,3.0193715927186116,13.962592820176045,15.656822001564352,18.834556963413295,9.204735005981025,10.955414012738874,9.573777386629722,15.833934095064063,14.789128400677898,9.416242840049605,9.032742878001644
2018-06-01,gida,5.970149253731338,8.97727524812506,32.6823024067868,53.2768457941581,29.527413599383333,25.971248265876532,18.943298969072163,25.43451686411824,54.68359981294759,44.42368552918645,26.89270079761801,24.055095540207347
2018-07-01,gida,-0.3250270855904791,1.0801232593757648,32.19108219336766,65.83737592580935,24.35629017447196,34.961175531579954,19.325551232166017,43.77574499378256,66.86109141130765,52.307080400877744,35.68006233539271,30.904186852231486
2018-08-01,gida,0.10869565217392907,1.5798888986069404,25.016086822180394,56.760906272220325,19.361456921771534,34.649427156338476,19.76592977893368,58.52560356264072,57.88393021284235,46.54914962443107,35.369482520740746,30.66913901255448
2018-09-01,gida,6.4060803474484285,6.839229814262371,27.08593798144183,44.816144111150045,29.853975121687416,48.98644834154997,27.77053455019558,55.20451712921173,45.36505586452326,37.99696788898031,49.95798973344539,41.210326709083375
2018-10-01,gida,3.1632653061224314,2.089939591847201,45.832161533385204,50.69044512058814,38.84419776028167,58.08259864985303,29.283887468030677,50.52864348202617,51.15977362563526,42.03623321886605,58.83267045768235,47.1716568098719
2018-11-01,gida,-0.6923837784371889,-1.653087004656506,41.220040090296315,32.40296524061075,32.87127903712028,44.06807010662506,25.657071339173942,42.418900317839544,33.31838054498777,29.10432960581226,45.125379635001984,37.82673961512166
2018-12-01,gida,1.0956175298804993,1.3544716084390451,15.069404675135312,7.2374238835893,20.928504605430742,24.618258017171613,25.154130702836007,28.544996129416834,7.405359037677739,7.1652967825189595,25.071200290395666,22.58113233574963
2019-01-01,gida,6.403940886699511,2.17812225825198,30.223810627691307,7.608419947277589,37.80718336483935,27.340334146641965,30.909090909090907,14.910830962210241,7.7825677723765585,7.518027448138076,27.793824698948043,24.77713033350206
2019-02-01,gida,0.92592592592593,0.12155146867438571,38.92203630404482,15.588228506530166,40.066325490043475,23.710242911304192,29.300118623962046,10.084712887157554,15.636653454389116,14.616581341461643,24.18935192430154,21.86045547363695
2019-03-01,gida,2.3853211009174258,2.080455636335765,46.147910112663595,18.93573252711529,29.680966264056607,12.935209584590869,29.767441860465116,13.954813706626435,18.99823247642207,17.520517453048523,13.065669509007005,12.342907117783742
2019-04-01,gida,1.4336917562723928,0.9184510162082216,20.695390852418182,13.178253090260883,25.369109919471388,10.358203081764849,31.93473193473193,15.864299264310633,13.221245228432554,12.48183248487349,10.471230016633903,9.999929966505784
2019-05-01,gida,-1.148409893992941,0.1256929963455944,11.074496778191879,13.196980724599472,24.220349676989272,14.386356154238467,28.473019517795617,15.05194760011992,13.239809893901743,12.498398595558324,14.432479369547746,13.557489968509984
2019-06-01,gida,-1.6979445933869464,1.1409971279991549,-5.612613242338538,9.08709271307815,17.450071586303963,13.90501868259928,19.17659804983749,11.788685158428414,9.099362129387734,8.740564562211883,13.950302939091896,13.130541007630203
2019-07-01,gida,-1.0909090909090868,0.20674025536078222,-14.664473163259862,6.042217850545795,1.4869684499313918,9.55214726394753,18.26086956521742,9.376768891259758,6.0555634426135985,5.893721518822126,9.584726813387512,9.187777001847808
2019-08-01,gida,-0.7352941176470562,1.0811165534322154,-13.228985357050849,10.14804278956467,-1.8264455853884254,11.66210582154854,17.26384364820848,8.413943919449318,10.159924014658728,9.71541574716861,11.690135916450028,11.106907171363467
2019-09-01,gida,-0.6481481481481532,-0.43831383896744125,-9.46257316843111,3.4276919937852535,-7.557633509333128,6.219707331670543,9.489795918367339,6.50086238165839,3.4516010405939213,3.3981718793022253,6.241084672879915,6.069368220757054
2019-10-01,gida,1.6775396085740857,0.4837474248530649,1.10751136505296,4.576087014996855,-7.112634069597579,5.306600938411865,7.91295746785361,6.004094772561053,4.600443867359005,4.506200557271356,5.32570019715497,5.199961038046741
2019-11-01,gida,0.18331805682858526,-0.8970683473498386,4.90244869028551,-3.373049617519941,-4.593019587736713,3.1662225021084955,8.864541832669337,1.4783692232932744,-3.353851807059316,-3.40653904585686,3.200446714889549,3.154438350655875
2019-12-01,gida,2.9277218664226945,3.468278776589484,20.840135038885176,12.708896743029708,4.597107438016534,7.968611444703799,10.837438423645306,4.470550548071173,12.928006780635615,12.219831416370841,8.0946480292861,7.809001647836533
2020-01-01,gida,4.71111111111111,0.725917090191297,35.919622433556576,13.799361895967778,17.22838721885809,9.090292748181096,9.074074074074057,7.483627875032295,14.015661076958686,13.18851007772377,9.215083897622511,8.847355317497563
2020-02-01,gida,2.292020373514436,1.1124152525413988,47.729606100261755,23.3138215160116,24.48774005486967,9.157860519074191,10.550458715596323,16.521843496615652,23.41826785143608,21.22644447728872,9.2829686722812,8.90995271571593
2020-03-01,gida,1.9087136929460513,1.6776710323934019,41.965683409123166,14.996657830062743,30.97767883897653,13.847030849126952,10.035842293906793,17.276346874993486,15.006948964342204,14.064013500504391,13.963132424267744,13.141922458437616
2020-04-01,gida,2.6058631921824116,2.3170964395270444,30.88835774923573,22.437125910070854,33.38026902890996,18.039259574695453,11.307420494699638,20.175938764657463,22.45432383871322,20.42873089784738,18.16595826945633,16.808620487785575
2020-05-01,gida,0.23809523809523725,1.4986821748252943,20.688312410918353,24.3187981478701,33.52616542599547,23.815290194271,12.868632707774807,20.560581955189793,24.327664198426625,21.973798586982962,23.872201040101217,21.60012153213584
2020-06-01,gida,-1.6627078384798155,1.1439202179300834,4.6388399071754405,21.728864947816096,21.881600000000013,18.31488761117901,12.909090909090914,22.819908977505143,21.74589988933495,19.838795329129688,18.3324570199626,16.95140441481704
2020-07-01,gida,-1.2882447665056418,-0.27121264170721915,-10.364571231402152,9.8709543604919,8.315437808607706,15.983981104699097,12.683823529411754,18.412169972642122,9.90900989645307,9.485559004192634,16.02633123623267,14.957144951020007
2020-08-01,gida,-0.08156606851549286,1.9593694489051794,-11.50251013525333,11.879327354688506,3.347049809748448,17.935166571837293,13.425925925925908,14.339600550776609,11.935397614492892,11.328308100512174,17.98247024334867,16.651053343747567
2020-09-01,gida,0.6530612244898037,0.8056371253306605,-2.8671966656021453,10.390065900239765,0.8159900900805539,15.92091020842965,14.911463187325257,10.713925259472322,10.444112759547686,9.975175730114483,15.968862618254299,14.906985529622085
2020-10-01,gida,3.081914030819144,1.6016515779739393,15.510196189361114,18.918907285932463,1.7536533131771614,14.305440968539408,16.498625114573784,13.686539079530569,18.935048582498702,17.466632608839117,14.340412525807356,13.476095806515875
2020-11-01,gida,4.169944925255709,3.1155627811220388,36.46069713134179,24.405394168270078,9.892807595934938,17.976234127221314,21.134492223238798,17.833267586325796,24.47132937010501,22.091405937706554,18.05091695947778,16.709857019109364
2020-12-01,gida,2.49244712990937,3.2397401540791737,46.712488738928236,36.86347017333367,19.375857338820303,22.91609940024051,20.62222222222223,26.64198724017457,36.90683687567571,31.827818052700607,23.024770027131925,20.901496891407543
2021-01-01,gida,2.5055268975681555,-1.0256261589456472,43.45851063839834,23.24676488605215,28.7280882669938,21.063498242763302,18.081494057724967,28.04655433183809,23.530204107959698,21.31870710502226,21.21266718462047,19.392669856930688
2021-02-01,gida,2.588066139468004,0.9896180092181073,34.94100864091354,13.39282643037829,35.69872553102873,18.771542332014214,18.4232365145228,24.04442102642912,13.595062232705747,12.814928017406535,18.91926395517356,17.453166977556545
2021-03-01,gida,1.1212333566923638,0.8662475290371896,27.863307321383513,3.3192932509783057,36.964024603216885,18.914410439547535,17.50814332247557,12.892093380105418,3.3719752154362403,3.3209575172385986,19.06143010891035,17.574387784969602
2021-04-01,gida,2.07900207900209,1.8872240056317935,25.748399862178584,16.029733330514027,34.31186901904806,19.583816896673767,16.904761904761912,10.765766162547518,16.04376648030086,14.972358175548361,19.73335986818423,18.14553264028531
2021-05-01,gida,0.33944331296673624,1.7971998894196428,15.080527462331638,19.785901217463,24.615739177261986,16.545535759883222,17.022961203483767,12.864878959404491,19.800789186485712,18.202685696354504,16.660105650975645,15.508806856880518
2021-06-01,gida,0.8795669824086749,3.683187594461401,13.984355891016676,33.73824180955165,20.724548982893353,17.548886104425932,20.048309178743963,23.06468335165064,33.795704555967546,29.47044595805135,17.685666055482272,16.395701737644973
2021-07-01,gida,2.749832327297108,3.7101355387276547,17.010294878308095,43.569271910634356,21.300689809864302,29.067053635879404,24.959216965742257,32.19776080742442,43.63458714057129,36.76209209043479,29.165418051886128,25.867225132991578
2021-08-01,gida,3.198433420365543,5.257592024766011,30.927158791397623,64.10880807441374,22.74838692568837,40.20670979991401,29.06122448979591,46.92053981823629,64.15775126060142,50.60366063182027,40.38134558674275,34.403173164087384
2021-09-01,gida,0.5060088551549713,0.6526442767002871,28.998605351687523,45.7468860435777,21.259321051420855,39.61351040886103,28.87266828872668,50.91558241440286,46.0492320855417,38.48148736077581,39.79945011253649,33.97596665941358
2021-10-01,gida,1.8879798615481391,0.1656199505584821,24.724661465551478,26.82042683886523,20.805916314894635,34.93523018341711,27.380015735641237,44.506683624369295,27.201965123300376,24.303425008099122,35.18957547136841,30.53275854926696
2021-11-01,gida,3.953057442865937,2.990470679519963,28.41299764704861,16.24215708090999,29.663984721334646,38.117203296862726,27.114803625377636,28.756658176358375,16.345078881629107,15.23493962711493,38.36965574453739,32.9193001294676
2021-12-01,gida,15.983363042186571,17.10827600735618,127.73179247821736,113.01650532306589,71.39744345797567,76.2001484866629,43.846720707442884,48.271417009747886,119.10303435764651,81.0574665497385,79.1917564613727,59.76947695525716
2022-01-01,gida,10.860655737704917,7.337121348277087,219.18438051127788,180.89130617246445,99.52484508040823,88.73991454940935,55.571531272465855,94.34988625244094,185.79850866835264,109.74347214061294,91.97332007289572,67.02344857435602
2022-02-01,gida,8.41035120147875,6.287369449171942,277.55094985247763,218.6227344748585,120.18730489073883,92.45101701569563,64.40084092501752,168.58286035895077,222.30840579092632,122.93106721922085,95.75162689576457,69.0830034231679
2022-03-01,gida,4.731457800511496,4.468919737322574,151.01598144002324,101.7784704508045,139.09060917153448,107.32135593050684,70.27027027027029,159.72569938484145,101.93007855366827,72.37364213908641,110.35596951510205,76.71555434441247
2022-04-01,gida,13.39031339031338,13.23948359450089,174.72325444372484,149.95772941638234,196.1205358999313,164.97349509653057,89.13781398506448,150.40064812294423,151.77758911615499,95.98309112398162,168.29413733801658,102.86328163229729
2022-05-01,gida,1.6511127063890907,3.3205263529208606,112.35425375914376,123.19598409682975,183.1511084420805,166.67454842324,91.61028416779433,124.8440902411943,125.4628504791838,84.1157187389773,169.92990403676208,103.52339297909907
2022-06-01,gida,2.083333333333326,4.837437935175171,91.67776675731791,126.36201763115511,119.34945348192691,113.71705988472823,93.89671361502347,132.51944625018032,128.58831666592408,85.58979153038767,114.88053783052065,78.98171683473706
2022-07-01,gida,3.14769975786926,4.046030164917314,31.252053875931686,61.32961360687646,89.88941885534081,100.81231014257357,94.64751958224542,99.69927366820157,61.36390929190885,48.815977812053376,101.97939449418061,72.39953446801749
2022-08-01,gida,0.8383635144198598,2.855295047410422,27.10443847207502,58.44344299244515,64.28989068476642,88.05302492219782,90.19607843137254,78.18956877681227,58.50196073750167,46.955052590011626,89.28515856327724,65.53538566449446
2022-09-01,gida,1.9953441968739716,2.18841169369135,26.666781974855457,43.02609171916876,55.81786127166674,79.93241702219669,93.01447451227187,53.848000328147336,43.07375053838454,36.35894762407634,81.2592415118836,60.97436957723202
2022-10-01,gida,5.086403651776972,2.9250583431560173,36.46166489909655,36.961246748630614,33.831512706595234,48.64691391708285,99.07350216182826,45.62625416120956,36.96985694450483,31.875060337031158,48.708992697354226,40.34551907454227
2022-11-01,gida,5.739993794601306,4.879802144364609,64.99266293162009,48.067083104664434,44.814708417121494,53.16741964579654,102.49554367201425,42.67655113886255,48.17405430112049,39.973088724847905,53.25827742677225,43.464070657429765
2022-12-01,gida,1.848591549295775,3.098283210243058,64.04513329453145,53.41140906080486,44.1494680290375,48.12776330957538,77.81762295081968,46.163790611166824,53.478061275761576,43.61257479105473,48.19222732803598,39.98576120756554
2023-01-01,gida,6.626332469029084,3.508941782057118,73.87418940139614,56.92229315032693,54.03623394739103,46.60243146865908,71.02587800369685,52.84148079787392,56.972837568379006,45.94810854665914,46.659031751718594,38.91158444184514
2023-02-01,gida,7.349365036476629,4.803179789458412,84.70383630399346,56.464222655842875,74.57026609787225,52.207756237615556,69.35208866155156,55.62811491256894,56.5101010260979,45.641619127034346,52.28980134019634,42.80735392594112
2023-03-01,gida,3.8509942109237416,3.6135190944720064,99.66338968803106,59.615480490647755,80.98012978062266,56.48270118446852,67.92836792836792,57.694495815250235,59.64593048026885,47.70256266395015,56.53415079463615,45.657568727502436
2023-04-01,gida,3.9263208919050108,3.836769130712736,80.19501254239614,61.64720572550344,77.00638898069067,59.26722890723211,53.91241923905241,59.28748546685585,61.67102421717683,49.013872058572616,59.30605527715169,47.48099030261588
2023-05-01,gida,0.7229477611940149,2.5879838422462553,39.65566462350456,48.407668462544585,60.608022892834335,52.382710574914256,52.50706214689265,56.308308568188245,48.4323750723052,40.153088269723995,52.42219361546881,42.89735369837917
2023-06-01,gida,3.033109516091703,5.731628969049041,35.30789862886503,60.92011660176049,64.36554898093357,60.26647101624554,53.92597717052923,56.878173464011894,61.068852211469626,48.62552776803213,60.35594458524463,48.16404521599114
2023-07-01,gida,7.685393258426965,8.496441113767128,55.97253501706743,91.80840900405494,67.64686965067315,76.08320007928067,60.69751844399731,66.84278825291143,92.41153645360673,67.2642157002497,76.42849436687713,58.139043879411155
2023-08-01,gida,8.493322203672783,10.708135799368668,109.96478111575483,160.1356150239401,71.23892972758672,96.4844016958421,72.8965746591287,102.2414981549808,160.68869910951068,99.74482352873935,97.3604976890316,69.94895589923168
2023-09-01,gida,3.3083285247162975,3.5315201624590786,112.21719288346894,139.15005525297533,69.45401270544971,96.1735323039942,75.12226931855233,129.50308967334237,140.27880060037043,90.94438830237951,97.05487544008062,69.7849580352058
2023-10-01,gida,3.202383168869849,0.6980411453424873,79.02442060320396,77.45678299675546,67.10144437270267,84.49309801069927,71.9826248836488,121.39643801412876,79.15985960969823,59.750788428680934,85.67735718926981,63.507502064465314
2023-11-01,gida,2.7782789103373506,2.085448131586487,44.18019484474971,28.300932038341607,73.99069817609434,82.69001577518887,67.16549295774648,74.00246168960459,28.399779085786104,25.26003775755221,83.91270093658756,62.50243064314578
2023-12-01,gida,4.809548885378279,6.363783283731772,52.745236489536374,42.927090756755405,80.04212094432523,84.88110139120515,72.02535292422934,47.57080963263833,43.393668306229685,36.58909024264298,86.13502444427287,63.766739272511245
2024-01-01,gida,5.191760174175175,2.3877337149906364,64.86773034155664,52.764409385684566,71.80031985000043,64.64835451951213,69.71088894893273,41.23791871846259,53.08648946196279,43.34786052123558,65.65352780179614,51.549324474958254
2024-02-01,gida,8.247094411717871,5.228594280783616,102.85947017591349,72.46536914826372,71.02139613529623,48.753042342195066,71.1301283664737,55.83720761588622,72.73112909559455,55.9204451180241,49.06146158416102,40.59024143778815
2024-03-01,gida,3.397558464480066,3.1853765018144964,92.1467377065522,52.75639796185707,71.31695447818416,47.76003368695272,70.38293746970432,59.03829554036071,52.878230063574506,43.20681799035499,48.0663491567845,39.897954116498994
2024-04-01,gida,2.788051209103859,2.7398551544602023,75.17682686481099,54.86863992454214,69.94412568146393,53.81292634377945,68.51679104477613,59.56311710788966,54.96966294120325,44.61530374823326,54.025438009753124,43.98158213473442
2024-05-01,gida,1.6883476335455283,3.80926312487857,36.42577382526149,46.68065552101839,66.35882963200825,59.05135460391948,70.13197499421165,51.31231298790397,46.69653052683327,38.93797912461308,59.22672714196238,47.429212121318585
2024-06-01,gida,1.7827980402830734,4.368951764579609,28.101092266373563,53.52726597900623,56.88915506060235,53.14134693114385,68.0674157303371,51.626930254533086,53.56650573403883,43.67228017567353,53.22201363671753,43.43954908301426
2024-07-01,gida,1.8317956946115599,2.4445973501035834,23.400213922879654,51.77000866973434,47.02672515379278,53.31149605955101,58.93155258764607,50.689707748670564,51.825636624766226,42.49124895824705,53.39026586680025,43.55327635324015
2024-08-01,gida,-1.1029411764705954,0.9712538291603012,10.398876786531485,35.84151695373008,22.724293418386598,41.157085382713475,44.87401423350643,46.67962641161403,35.99126483534949,31.139211775373976,41.25095853306306,35.03859544999352
2024-09-01,gida,2.4827403080191157,2.725206662127655,13.467119738805566,27.48389701155094,20.562274260484937,39.900872636780285,43.71625395643268,37.774084518859574,27.5275116552417,24.564231365566158,39.99301524249872,34.11825577061984
2024-10-01,gida,4.32698536079803,1.402434820798093,25.003753804258654,22.374977274078066,24.199395975216053,36.28224888753992,45.282338084070005,28.32542725531666,22.41441611020438,20.395581248344197,36.39503976251728,31.443415103295624
2024-11-01,gida,5.103688066559053,4.568185923500012,59.46352987718488,40.766697740712154,32.68230698498089,38.28218163474843,48.56942250307179,30.092547716774163,40.90099310412578,34.78330962570304,38.42617678400917,32.96126070053851
2024-12-01,gida,1.287807183364853,3.0354341360617765,52.15531629919021,42.47486340311468,31.394921870733093,34.77110525931539,43.577290236141366,35.0772309065434,42.60961777990349,36.02421952143953,34.87544001136722,30.294225443502842
2025-01-01,gida,3.8609588242155546,1.3643528274323469,49.45477977101229,42.26095646467434,36.683607266436,31.943856675303905,41.76086610412355,41.84414396178093,42.39885768153029,35.871891547976546,32.0605144507943,28.13373639816037
2025-02-01,gida,3.1671159029649454,-0.13149882713178185,38.74046494370993,18.359073548223257,48.74153514309918,29.07755781325223,35.10810413296075,33.70953814321827,18.474595993067844,17.073152545449368,29.242575019940364,25.928231085576204
2025-03-01,gida,4.9423035053342,4.741100201902748,59.87363176241902,26.393186065267727,55.96673686626623,34.193337836620955,37.12660028449504,28.50742885806783,26.694701378456244,23.89581680881325,34.436432170284135,29.96001816512639
2025-04-01,gida,2.012448132780076,1.9925584573966537,48.79221553151039,29.555721771671408,49.12312967445018,35.75979115595751,36.09189039579297,24.7875652851151,29.8516468341554,26.408639328670482,35.99266148941085,31.14026543832351
2025-05-01,gida,-0.7118161480577645,1.6165175071229276,27.64544410077796,38.86720633429057,33.077376974782105,28.203720257863772,32.87969515514424,31.54673674587847,39.01938213053131,33.40070466568932,28.370721721908353,25.236928605569343
2025-06-01,gida,-0.2765260139287129,2.177896650547839,4.086054018459695,25.764771650662933,28.99850957181822,26.07858733225936,30.191202032357257,31.221942675073212,25.768735658004193,23.147890460269682,26.230940223176557,23.52185363454147
2025-07-01,gida,0.08216082982437367,0.5271174626487074,-3.5712453521492105,18.69105249101686,19.78250308370646,24.004455457507735,27.954306722689083,27.344210216977793,18.723616022885036,17.286126481277897,24.173408581887657,21.847382904974186
2025-08-01,gida,3.016931759876851,5.233457123106278,11.750823959156431,36.513658137966985,19.434013383518113,37.68540348233673,33.28465215082317,26.890137014444093,36.808265236638874,31.753884945211297,37.90976164357378,32.57729480545031
2025-09-01,gida,4.621974300229104,4.894252657839027,35.37946138953563,51.61949409843272,18.705997873659186,38.08834510225123,36.06684803731053,35.30774627594997,52.013521912172614,42.61930897437605,38.321583818636704,32.883599717322866
2025-10-01,gida,3.408549938112926,0.11317153369181376,54.295010014441615,49.13754981850058,21.977357177757618,33.04620533442244,34.86899292189245,45.715287972618746,49.600570197117854,40.96352525854847,33.345061235671935,29.124825869913185
2025-11-01,gida,-0.6905441487892405,-1.0103303532942531,33.25387493498984,16.769965317162082,22.02962886010711,26.25646568033393,27.43383742911154,38.042588113383815,17.213632604371256,15.988375352946349,26.66403874865444,23.871130149078823
2025-12-01,gida,1.9933246801409288,3.9842881246886064,20.358064950871334,12.770438938179929,27.64799256915753,30.760073803378663,28.321474396360657,24.890875670712532,13.071948189494464,12.348517220344668,31.22444878978761,27.483913097360357
2026-01-01,gida,6.590309971820751,4.301744147738318,35.86897672997515,32.86074239463672,44.78917475144142,40.76407776063864,31.69362084456424,20.636977053553007,33.31639959257764,29.102807676530684,41.24350778191843,35.03316646753958
2026-02-01,gida,6.890670305304458,3.0523875009269563,82.35475726049499,56.052024343759,55.8828984134899,34.98959022937169,36.44676681907251,32.95222485257432,56.07650980108261,45.35367909341552,35.37197490389337,30.671027223180936
2026-03-01,gida,1.795117280995684,1.5991180332899813,80.94137698030264,42.219211519352704,47.572876921524276,26.64171077681814,32.35477178423236,43.42248668233093,42.31745047977529,35.812998727821025,26.924628292397013,24.080757974082843
2026-04-01,gida,3.6993494787992853,3.6885972724604255,62.09555970730105,38.90439278551155,48.404035760162415,35.84896299699638,34.54342078503152,45.35843672633544,38.964893146323234,33.36041122670945,36.11379003518061,31.231609451620066
2026-05-01,gida,-0.4837124933867565,2.134333713486747,21.78353631049843,34.02036271943394,49.02284120974747,44.617249682230245,34.852519459237996,38.25293825379688,34.08033858052815,29.688196076948614,44.69572935295601,37.52093758518207
2026-06-01,gida,0.1670843776106823,2.551473753580913,14.17760350895636,39.11650584740385,43.73396536386798,40.65930389044725,35.45239806922047,37.32582973724683,39.15051994188536,33.49761895811234,40.72581913129103,34.65530884296668
2026-07-01,gida,1.6149821821214827,1.9199895727606497,5.270764440637454,29.86500789407518,30.628953462930887,34.308674573209096,37.5269368907132,34.24074415753282,29.870133131384446,26.423188159313238,34.346982912724066,29.891799693011343
2026-08-01,gida,0.21638561408743318,2.4117365647557953,8.264494921867293,31.28165034146093,14.825228275213975,32.64393841095226,33.78822591891624,33.292678253592435,31.287177156422864,27.532799564389432,32.677020224361144,28.61049782066902
2026-09-01,gida,-0.20102747375475571,0.09537749040118282,6.681767787541992,19.149573171135703,10.366066270754292,28.746542838159183,27.620679805769765,26.58976228369361,19.218796214222024,17.70841451167051,28.83174899412204,25.603016734891426
2005-01-01,islenmemis_gida,,,,,,,,,,,,
2005-02-01,islenmemis_gida,1.4423076923076872,-1.5154383011195538,,,,,,,,,,
2005-03-01,islenmemis_gida,-0.4739336492890933,-0.1824722430996073,,,,,,,,,,
2005-04-01,islenmemis_gida,-1.904761904761909,-0.6591371854436701,-3.7910352171120487,-9.048142418787696,,,,,-9.03125854317668,-9.428190918651325,,
2005-05-01,islenmemis_gida,0.0,0.8768571721051055,-9.14704438338635,0.11637603189569301,,,,,0.14108211952363892,0.14099097424731255,,
2005-06-01,islenmemis_gida,-3.8834951456310662,3.216597899459872,-20.97152852977926,14.465878322891923,,,,1.4399078553813727,14.636075384324831,13.73727154448523,,
2005-07-01,islenmemis_gida,-2.5252525252525304,-0.22102038459324014,-22.95218012331688,16.49856279084114,-13.903014053254449,2.9357114483040236,,10.154637359607065,16.638146494340546,15.48973874788695,3.0732309975852523,3.0307739146178125
2005-08-01,islenmemis_gida,-0.5181347150259086,1.8825440978491592,-24.53665822482547,21.214205447498724,-17.198625367803942,10.1613678790766,,17.372117552533496,21.35566762030445,19.512486450863165,10.281634010472661,9.826738712555239
2005-09-01,islenmemis_gida,2.604166666666674,0.5827168113370584,-2.0049489248867625,9.30720919065038,-11.997732426303854,11.856808943541196,,15.524198750642926,9.355680958254586,8.97696209837191,11.967347375281312,11.35711682142857
2005-10-01,islenmemis_gida,4.5685279187817285,1.4992194589108276,29.789525725779598,17.04244423577319,0.0,16.77018685861025,,15.718019460467048,17.06282240624024,15.857921472388181,16.850307599682356,15.673830110137565
2005-11-01,islenmemis_gida,7.281553398058249,3.1403555061682464,75.53518443931773,22.930246981009784,15.093316995004225,22.06921075057331,,16.360872385964733,23.00986184845417,20.88916710566453,22.180198539719555,20.200826778263846
2005-12-01,islenmemis_gida,-1.3574660633484115,-0.11990239086294707,49.95504095350181,19.531161156299582,21.22232425262729,14.304932690207984,,19.833182513277393,19.65454324183773,18.078690296864508,14.398918116199066,13.527826197618209
2006-01-01,islenmemis_gida,1.8348623853211121,-1.7966656131411796,34.87858971090594,4.74547355660182,32.30959220381757,10.723377150890002,6.730769230769229,15.45873494325054,5.006485304093022,4.895150008656479,10.884539760728519,10.37653574052233
2006-02-01,islenmemis_gida,4.504504504504481,1.3303297878046072,21.445896411569333,-2.4160051875921185,46.00694444444442,9.526364788040297,9.952606635071092,6.839609377418432,-2.319913459140688,-2.3449528647980777,9.676472748112296,9.272107120433226
2006-03-01,islenmemis_gida,2.155172413793105,2.282775183646879,39.690672976746995,7.3180499224495765,44.7318920868871,13.26010383299192,12.857142857142856,3.135549619391753,7.51266781177482,7.265757433241227,13.43477396255437,12.672223865052867
2006-04-01,islenmemis_gida,1.2658227848101111,2.5696229840968865,36.594454798707176,27.71528389389637,35.7338109152606,15.661566182902863,16.50485436893203,10.246182184913488,27.73596717243283,24.73091182219349,15.861287207493246,14.813030915424985
2006-05-01,islenmemis_gida,1.2500000000000178,2.845120998531625,20.357499056300266,35.52512688526357,20.90047296328905,15.000362081701613,17.961165048543705,23.02914921257542,35.5292016676533,30.790076665101562,15.18730785927993,14.222561900151742
2006-06-01,islenmemis_gida,-6.172839506172856,0.41276289268856736,-14.346324465923477,25.882534578589066,9.384731924922086,16.230237590179165,15.151515151515138,29.63723136397196,25.968940172565034,23.310027501268316,16.40592913069363,15.287892467254771
2006-07-01,islenmemis_gida,1.7543859649122862,4.198566787460134,-12.681358024691358,34.071794931333855,9.211914617319984,30.854947754448926,20.207253886010367,31.76653557833662,34.26049844073545,29.825802714721306,30.960991615952693,27.2783572684574
2006-08-01,islenmemis_gida,-4.310344827586188,-2.428781822919124,-30.339465345107218,8.614937988226723,-8.43489892984538,21.32622656494949,15.625000000000021,22.339141313099574,9.088127472314579,8.73019142891831,21.65172390996264,19.760134047009934
2006-09-01,islenmemis_gida,4.954954954954949,3.272479628699543,9.064721847849944,21.526869217629873,-3.347041962648434,23.685529939908378,18.274111675126914,20.953868910644815,22.142031894776927,20.169058372962212,24.041958207479762,21.739542937115264
2006-10-01,islenmemis_gida,0.42918454935620964,-2.8221202589178818,3.493122451507946,-8.062009953471094,-4.937500000000005,11.023832342057238,13.592233009708732,6.619289595636468,-7.63286891013133,-7.913689812549851,11.523310016177323,10.956056451085727
2006-11-01,islenmemis_gida,4.2735042735042805,0.9044478840313008,45.93094927658849,5.159699857863487,0.8247387762705394,6.873356263019859,10.407239819004532,5.490864169581244,5.555879527201291,5.419229015251847,7.308681631656566,7.074710222085079
2006-12-01,islenmemis_gida,0.8196721311475308,1.6372030137297378,24.25582130825625,-1.3444007405341796,16.41274238227148,9.495689909658122,12.844036697247695,-1.5792545847211015,-1.116126759198377,-1.1218774446273727,9.950489248336037,9.52359046416742
2007-01-01,islenmemis_gida,8.943089430894325,5.0774795884711565,72.0583470976357,34.862327485548114,33.442330558858544,11.350668260311924,20.72072072072071,11.975378210139876,35.11545448322413,30.47652194492878,11.883410772603353,11.281416066189465
2007-02-01,islenmemis_gida,1.8656716417910335,-1.2879413409899176,56.708041453792916,23.517998598808255,51.22352081811539,13.969801525205238,17.67241379310345,18.07842054070006,24.002272829588932,21.706965044843905,14.438824149397567,13.563097030047878
2007-03-01,islenmemis_gida,0.73260073260073,0.6979529482631364,56.16738814499009,19.01508029181358,39.30077916336641,8.358221040686665,16.03375527426161,25.604089576141796,19.502891530208565,17.9499647829775,8.746230846270198,8.414043669175063
2007-04-01,islenmemis_gida,1.454545454545464,2.7690715342849392,17.456657269370957,8.896303290254837,42.15976331360947,21.18584453761878,16.250000000000007,16.84839529885851,9.073119239155925,8.716332566232632,21.455942605280654,19.596427255580707
2007-05-01,islenmemis_gida,-3.2258064516129004,-1.0347584346772742,-4.323678725825286,10.017825299033278,22.446922870196182,16.57264512367349,11.111111111111116,12.483474280900841,10.174839306668094,9.729064191483205,16.901281853824557,15.718014618163556
2007-06-01,islenmemis_gida,-4.074074074074085,2.267778706254453,-21.319288053001863,17.04039532407866,10.848370678828712,18.02360800653746,13.596491228070185,11.9401540531898,17.236759782726008,16.008367223448474,18.364854459930147,16.97916600321299
2007-07-01,islenmemis_gida,-2.316602316602323,0.049693736133393784,-32.38154061401413,5.1354317555318385,-10.880764089997797,6.999345152212388,9.051724137931028,10.60067027484033,5.253251754881938,5.13085603084229,7.147582510904571,6.923594298537461
2007-08-01,islenmemis_gida,1.976284584980248,3.557558527030924,-16.627319006249074,26.050785994272154,-10.687115082719467,17.76176523950239,16.216216216216207,15.790718523600077,26.204040502035397,23.500123877675083,17.940050352029235,16.614594034579145
2007-09-01,islenmemis_gida,2.3255813953488413,1.0250568136591198,7.948509740500009,20.034663526679086,-7.83999999999998,18.52807461422492,13.30472103004292,16.80221405233102,20.186722497064345,18.52923630729375,18.70334116513124,17.268801765371112
2007-10-01,islenmemis_gida,4.924242424242431,1.265251153877922,43.69345644506972,25.975300180060245,-1.4285530761423804,15.084610504460393,18.37606837606838,23.981124933685315,26.069609426724515,23.391465978271864,15.231256023379004,14.261161004557078
2007-11-01,islenmemis_gida,-0.7220216606498187,-3.2944669864651166,29.07791792852965,-4.200447150555564,3.737997256515757,9.889075592491414,12.704918032786882,13.12986014997537,-3.943510327838562,-4.016636075712299,10.188697604700913,9.741743900981392
2007-12-01,islenmemis_gida,-0.727272727272732,-0.32575371085328264,14.349660801110687,-9.222355413778317,11.102994886778706,4.38612946005601,10.97560975609757,3.0685963206493305,-9.023636367260934,-9.419878173761909,4.650974080564163,4.554679066765921
2008-01-01,islenmemis_gida,2.930402930402942,-0.7756925985372476,5.902497783293681,-16.32235715370214,23.35921511037511,2.670912024400751,4.850746268656714,-10.065313232057616,-16.233542468273455,-17.583653183422587,2.9428696144461197,2.903906397424638
2008-02-01,islenmemis_gida,8.540925266903908,5.179753119670538,51.31033126152587,17.093485646573203,39.75271918754879,5.912716736587198,11.721611721611724,-3.7712528461336214,17.58994936714844,16.313227241120032,6.324546014862564,6.148295582703867
2008-03-01,islenmemis_gida,-0.6557377049180357,-0.846369922960255,51.746934278241795,14.666186044161611,31.727789256198346,2.0251257425075053,10.18181818181818,4.001566422151415,15.196643489598504,14.230762392692142,2.432139973374303,2.405442109465117
2008-04-01,islenmemis_gida,-1.650165016501648,-0.3857767878992835,26.48521889678317,16.479225344835612,15.737204968134598,-1.2745877829897667,6.810035842293916,16.07625669279806,16.98486420651182,15.790425635243999,-0.8929383193711504,-0.8966137740892943
2008-05-01,islenmemis_gida,-2.0134228187919434,0.872311496741851,-15.989794237850885,-1.461084857584738,12.745785123966936,7.416316478723584,8.148148148148149,9.482516424392372,-1.4298834167346897,-1.43934085647075,7.695749268902596,7.436943192324641
2008-06-01,islenmemis_gida,-9.931506849315074,-4.367380251593844,-43.23868086127979,-14.729754389578787,-7.191831367655544,-1.1181824236836224,1.5444015444015413,-0.7371912576919493,-14.465179008294626,-15.523382171005107,-0.6443987883336222,-0.6463098891564822
2008-07-01,islenmemis_gida,-0.3802281368821214,2.0311738604379848,-40.24969741332916,-6.147977522368809,-13.065943947011815,4.555300560232589,3.5573122529644285,-7.555099045204039,-5.70095542168726,-5.855579577656034,5.082093277374566,4.9674230287939825
2008-08-01,islenmemis_gida,-1.1450381679389388,0.009387564782104008,-38.10327788821057,-9.318474879706006,-27.88927707605483,-5.471384709108074,0.3875968992248069,-10.121891421047168,-8.920330123778475,-9.307275305495022,-5.242931476214907,-5.373308080982886
2008-09-01,islenmemis_gida,1.1583011583011782,0.17581104279027482,-1.512260108817698,9.18074989272155,-25.231731093901445,-3.5123357144431155,-0.7575757575757569,-2.490529548192977,9.23474623439784,8.865489872041454,-3.2786209464869875,-3.328946149481826
2008-10-01,islenmemis_gida,9.160305343511443,5.1239834439247955,41.99039496516534,23.033046145000704,-7.891536417278511,7.456503815693005,3.2490974729241895,6.8500357447293325,23.430739826044423,21.236728205988697,7.967530649258925,7.690574314166332
2008-11-01,islenmemis_gida,2.0979020979021046,0.13573920040614862,61.55944384161995,23.655984127209194,0.0,5.8929328657309155,6.181818181818177,18.54284835337252,24.045115971609498,21.742134748484876,6.397700936347395,6.217429721494927
2008-12-01,islenmemis_gida,1.0273972602739878,1.0610460046721393,60.724801709709084,28.085162929074304,25.815032745883304,18.25579959869936,8.058608058608074,24.911550981085128,28.428751523692597,25.283074596012334,18.47591561873656,17.074282234026896
2009-01-01,islenmemis_gida,3.3898305084745672,-0.44967908754735,29.340705308448456,3.005934340044214,35.51803507954079,12.57501442534914,8.540925266903908,17.59062105712792,3.0296984549626815,2.9884244701237517,12.808165053722465,12.112576338056225
2009-02-01,islenmemis_gida,0.6557377049180246,-2.425510521627572,22.186182469562944,-7.135234999931505,40.500290693340915,7.160085418151252,0.6557377049180246,6.918455807159085,-7.020025180285982,-7.25657441801113,7.488115582501198,7.242780165236873
2009-03-01,islenmemis_gida,8.794788273615639,8.404812866450584,64.3227912216199,22.944771597713356,62.51383951984144,25.488649292957753,10.231023102310232,5.790218007510939,24.504439600316562,22.11849302910265,26.452641539862398,23.700783812557493
2009-04-01,islenmemis_gida,-0.8982035928143617,0.3522792886785808,38.711547775248924,26.954579415251544,33.9442026504964,14.355039554080529,11.073825503355717,13.506906645989414,28.483163808547673,25.32632653400637,15.11312282024091,14.157375502065062
2009-05-01,islenmemis_gida,0.302114803625364,3.9262291507301317,36.772515006204934,63.38188374347005,29.273784950272063,23.17637857603161,13.698630136986289,36.677074019592325,64.36204635594262,50.733285223437186,24.040511385468697,21.73835540271303
2009-06-01,islenmemis_gida,-3.3132530120481896,2.2374216612558895,-14.68325805278523,29.255548942096365,18.403906923297896,26.06067563845236,22.05323193916351,38.77626492005124,29.414085579009843,26.063720402658408,26.93750559261321,24.091106715880528
2009-07-01,islenmemis_gida,-1.5576323987538832,0.7999976201332304,-16.93150247545376,31.57770885365876,7.343187315237887,29.245474535624183,20.610687022900763,40.21147915406551,31.700771776011493,27.854593728477006,30.08284864528097,26.59046013124169
2009-08-01,islenmemis_gida,-3.797468354430378,-3.003477426165524,-29.7021569726413,-0.15960290379369857,-1.9448482212012674,27.718879384663666,17.374517374517385,19.254372294507082,0.13585193639673587,0.13576742089438376,28.619375080043554,25.434526322165787
2009-09-01,islenmemis_gida,0.6578947368421018,-0.031637003730489166,-17.421768776973924,-8.73230803222711,-16.063681021191144,8.613330793105888,16.793893129771,6.146768970463179,-8.583060018360877,-8.94046723905113,8.905711318915221,8.561626581803639
2009-10-01,islenmemis_gida,5.882352941176472,1.7560419760961787,10.517667472886604,-5.220196550845579,-4.1848833070161735,11.673225902361416,13.286713286713292,-4.786881270109955,-4.998003382660087,-5.1162898151993375,11.980697187158707,11.369151956638834
2009-11-01,islenmemis_gida,4.320987654320985,3.0429589122259015,52.81728045107121,20.715886931202277,3.647118594861376,9.78306830760367,15.753424657534243,1.4973135940561377,20.82768269580626,19.069455538366366,10.036720111898711,9.602611479630374
2009-12-01,islenmemis_gida,4.142011834319526,3.8177376579696665,75.0995169486455,40.41074721571714,20.247280208848938,13.203201482329519,19.32203389830507,17.248364698496644,40.46841156974328,34.46695418516698,13.536985113157641,12.763243473057928
2010-01-01,islenmemis_gida,2.556818181818188,-1.4124104756984002,54.11636841957419,23.722452463726217,30.508932863323146,8.288456110332088,18.36065573770491,28.04236960538773,24.10727915745523,21.79314437798867,8.664601529710625,8.338427281394667
2010-02-01,islenmemis_gida,9.418282548476453,6.125576351829998,86.51835708692164,39.20520784915917,68.82899065096954,29.63132388027836,28.664495114006527,34.29568773593683,40.00030937360637,34.12361413640505,30.090579701053844,26.596534837385708
2010-03-01,islenmemis_gida,1.0126582278481067,0.46159656147983785,65.09006131697643,22.058925752503878,70.02114571318725,30.913654632573785,19.46107784431139,28.123872722734845,22.7801968685468,20.69904975044574,31.351622664258592,27.583001967806364
2010-04-01,islenmemis_gida,0.25062656641603454,1.5004301582592916,50.7339769528872,37.136190716593156,52.41579027587255,30.256768872063546,20.84592145015105,32.52946446758778,37.605446547849695,32.35041228627651,30.69671171066586,27.071778332132588
2010-05-01,islenmemis_gida,-8.750000000000002,-4.858134030989191,-27.09067536984072,-11.415345960080604,16.61443927033368,11.047040383221574,9.93975903614459,13.983840418696758,-10.988719746559795,-11.58442924500025,11.87030601311212,11.269592445702404
2010-06-01,islenmemis_gida,-4.657534246575345,0.4026168741614544,-42.13374279824688,-11.623190396184535,-2.2598140495867725,3.861342383368438,8.411214953271017,2.3279597939238617,-11.20052966579469,-11.820347994273783,4.530801664861239,4.439350878085979
2010-07-01,islenmemis_gida,-2.011494252873558,0.2998088718931369,-47.18253530859374,-15.731122274196085,-10.773397994183576,7.50029249857469,7.911392405063289,-12.95678175926569,-15.413068298727762,-16.622833139738404,8.153502625681174,7.863789573269053
2010-08-01,islenmemis_gida,5.8651026392961825,6.417265391239657,-4.312028109064903,31.895181445107767,-16.474282967473187,8.092039567431941,18.75,-0.4997636298579078,32.506411154305994,28.478764549176994,8.782006511926642,8.447167652088373
2010-09-01,islenmemis_gida,9.141274238227147,8.745896721417278,64.31148152721391,81.50989922616418,-2.4905622452120357,26.65411878465873,28.75816993464051,27.137365178071192,82.77871209552012,61.85188393820029,28.092939872152268,25.015767971963253
2010-10-01,islenmemis_gida,7.868020304568524,3.4152162106165784,141.28937818865444,105.13401056414881,12.890625,31.47780365382602,31.17283950617282,70.79801923272528,105.65558588819948,74.31351329309406,32.981666308268046,28.845340076677825
2010-11-01,islenmemis_gida,-4.705882352941182,-5.221326734191423,58.41317019314849,29.07192658551594,23.11878401200975,30.475917994341973,19.82248520710059,68.613695929849,31.577969038253496,27.75914479136974,32.041442064977765,28.118954670273368
2010-12-01,islenmemis_gida,-5.679012345679013,-6.292669402789897,-11.637384092572024,-28.833674409190767,20.4947813449597,13.654707717208847,8.52272727272727,23.206467655042353,-27.99280954075004,-32.39511970545896,15.764445035592978,14.728382116370664
2011-01-01,islenmemis_gida,2.0942408376963373,-2.11484468310017,-29.090780043342402,-42.87790815220368,30.803828656444267,8.24825075977962,8.033240997229928,-19.515006509012387,-42.760441812926175,-54.51536328032596,10.360785726595868,9.89907500638405
2011-02-01,islenmemis_gida,4.102564102564088,1.0720379190263696,0.9913183250357172,-26.12700735511958,26.48460340236798,-2.3530364869835507,2.784810126582271,-33.08940851153817,-25.700495087745757,-29.341904667454788,-0.7885157786450492,-0.7913799380425246
2011-03-01,islenmemis_gida,-1.231527093596052,-1.9048035484517167,21.429453046795576,-11.287995586626387,3.584864335592264,-20.54367621205062,0.5012531328320691,-28.258168703987497,-11.17370472516842,-11.790441250102068,-19.987461168163044,-22.092780477780515
2011-04-01,islenmemis_gida,-0.9975062344139585,0.2900170347506892,7.375104361857576,-2.2434479368385385,-12.742422145328703,-25.273440158964966,-0.7499999999999951,-14.015289326162195,-2.1495218804111427,-2.170994378698632,-24.936268400144503,-28.343178829512294
2011-05-01,islenmemis_gida,9.571788413098226,14.942976680217646,31.781028738025796,63.512720711383984,15.363511659807937,9.90529566156697,19.17808219178081,13.337695189471432,68.47621040791412,53.312760666066474,12.666246568294003,11.985427999305841
2011-06-01,islenmemis_gida,-13.103448275862062,-8.943704060914559,-21.043169065887334,21.394915969941273,-2.083276225980646,3.7746901767793606,8.620689655172399,25.56037638450843,28.270465536106883,25.157158616215103,6.891932483333063,6.683358683056517
2011-07-01,islenmemis_gida,-3.703703703703698,-1.442181002716214,-29.32863046689689,13.222832621412572,-12.888888888888882,5.205863581331505,6.74486803519061,31.578392551521127,19.831098756013677,18.228366466347488,8.330815941544722,8.028686043824429
2011-08-01,islenmemis_gida,2.19780219780219,2.4214374907074676,-46.51712663000982,-28.62144957015058,-16.047465359508827,8.03379555129682,3.0470914127423976,-1.4996974768490268,-27.59415073786332,-31.85779029169322,11.27096813625843,10.727485187186625
2011-09-01,islenmemis_gida,0.5376344086021501,0.6466958949992607,-4.166089595065936,6.543238476303315,-13.0129787750076,13.72689867395598,-5.076142131979688,-5.474269775419982,6.701228035525064,6.503809531962057,17.03112626200327,15.830484074088579
2011-10-01,islenmemis_gida,7.486631016042766,2.72491378272679,48.764284477682665,25.737464266235822,2.534753725992789,19.316184446439898,-5.41176470588236,-1.8969120711290977,25.79872015479403,23.172188673734073,22.781678833480967,20.700277570040782
2011-11-01,islenmemis_gida,5.472636815920406,5.425175086248135,68.76860741273865,41.14924321174822,-4.99352622539303,0.3744408438963953,4.691358024691361,23.906813975207264,41.454960047894595,35.18713905589674,1.6774343587406149,1.6646743821017607
2011-12-01,islenmemis_gida,3.301886792452824,2.3309016686869244,88.10919860247131,50.836924549323136,34.26555807508191,26.77008489107633,14.659685863874339,39.0831164291854,50.995890150045554,41.9239621506474,27.090375357184193,24.213885841304727
2012-01-01,islenmemis_gida,1.3698630136986356,-3.1384212774023035,48.808475717058286,19.236906490103767,48.78637845670815,22.444053628650806,13.846153846153864,36.40848876075897,20.1173653546292,18.470621910131023,22.927959304869148,20.821405291932546
2012-02-01,islenmemis_gida,3.603603603603589,1.1644631496599889,38.53767675886925,1.098637125166091,52.907850618568574,19.45708903182073,13.300492610837434,21.82865030660288,1.437154623118242,1.4277741637784391,19.924488572846766,18.30745660983759
2012-03-01,islenmemis_gida,-1.304347826086949,-2.0383776001268394,15.432199080287234,-15.093297592002642,47.35622980354026,13.168307687474634,13.216957605985048,0.5902113693425193,-14.919843097566353,-16.049342911476614,13.732689137673537,12.937309619585392
2012-04-01,islenmemis_gida,-0.6607929515418554,0.3022399245624863,6.457015598114602,-2.371115305168181,25.863840003960338,7.893309315688279,13.602015113350108,-5.73805932232756,-2.2628834887244986,-2.286698103617457,8.398927243823895,8.091961903256783
2012-05-01,islenmemis_gida,-5.986696230598665,-0.9909717592648026,-27.817470063357376,-10.42937694411602,0.0,-4.839777651574129,-2.5287356321838983,-9.476923422217654,-10.37924131952207,-10.908437739316623,-4.638685035353774,-4.740331787769092
2012-06-01,islenmemis_gida,-8.726415094339623,-4.701510452280688,-47.201638082465855,-19.779421826730616,-21.931882154250314,-17.469613123678673,2.3809523809523947,-11.044838009511704,-19.552886390644918,-21.560969147932017,-17.26608836163691,-18.805156029704317
2012-07-01,islenmemis_gida,0.2583979328165231,2.2668601525258847,-45.220163099782326,-13.307215983999676,-23.634445256066904,-8.001522759493174,6.593406593406592,-14.543960739700967,-12.87385849318159,-13.702488236078425,-7.708065031855638,-7.994593169847941
2012-08-01,islenmemis_gida,2.8350515463917647,3.1195275628466357,-21.5797619356901,2.01109668826569,-24.76323251417768,-4.411310873189711,7.258064516129026,-10.730549088135621,2.7741696616052636,2.7395090523673282,-4.0088622073939595,-4.0844643434746475
2012-09-01,islenmemis_gida,4.010025062656641,4.335459248191875,32.235641610557295,46.56527105665298,-16.442682761163596,8.432240520458901,10.962566844919785,9.088851928922681,46.62466351764809,38.88738785425758,9.015607838323113,8.663209353162783
2012-10-01,islenmemis_gida,2.168674698795181,-2.0090115388395446,42.605581536350726,23.548062960424755,-11.61498714362269,3.4926351863904914,5.472636815920406,22.67683434157537,24.096012650557274,21.783901088795865,4.116386266395966,4.04070642635872
2012-11-01,islenmemis_gida,-1.8867924528301883,-1.651710022413977,18.16306289466374,2.220860933133628,-3.737985048059811,2.115924949087411,-1.8867924528301883,22.72169471189205,2.7325888567487633,2.6989507477534147,2.753377331158835,2.7192299000603715
2012-12-01,islenmemis_gida,2.4038461538461453,1.3154675569879926,11.031449514617231,-9.11026895116388,21.170602728201416,15.417841200738792,-2.73972602739726,4.526156790010649,-8.987994860100645,-9.381016017062116,15.792814053110348,14.753185918597733
2013-01-01,islenmemis_gida,8.450704225352123,2.8169391647201447,40.96278641195952,10.161273458938247,41.781804655117426,16.662813051569536,4.054054054054057,0.7750086131139255,10.38674293911499,9.922786797176641,17.05753382039894,15.853343942986253
2013-02-01,islenmemis_gida,1.5151515151515138,-0.12146732543842909,61.554123851866606,17.179140805741476,38.16558941212682,9.44474704876328,1.9565217391304568,5.456961862658449,17.27771064104422,16.043757585078833,9.78453756501876,9.371354166416124
2013-03-01,islenmemis_gida,3.4115138592750283,2.6432102186078055,68.00745688871031,23.443493183161923,36.58005516040062,5.92330194601387,6.8281938325991165,16.823606384652678,23.57393145577591,21.354728231558084,6.153896865210617,5.986856107247984
2013-04-01,islenmemis_gida,-2.680412371134022,-2.248777090293208,8.943191122427452,0.8552050151067414,23.923104307582754,5.405587230594433,4.656319290465638,13.380061786697306,1.097343908647419,1.0918632115046734,5.6484891832503825,5.507325004340657
2013-05-01,islenmemis_gida,-5.296610169491522,-0.02154435096443086,-17.483894649569955,1.2594114146064816,15.459157729289918,8.928833777189983,5.424528301886777,8.017155976917811,1.5017941845023808,1.4915551094006663,9.128708981173638,8.76765634723975
2013-06-01,islenmemis_gida,3.5794183445190253,7.883416813398325,-16.946677723949865,23.57575257239897,18.125261742599584,23.509605174152483,19.638242894056845,8.312978519212821,24.91323581181193,22.452381488562743,24.241929352829118,21.903554860060417
2013-07-01,islenmemis_gida,0.0,1.6992152575707298,-7.4117299788366235,44.782100763136825,0.43336893986241076,20.838853250864652,19.329896907216494,22.26773230545829,45.714010428420046,38.244350880018494,21.541630799148148,19.668107045761587
2013-08-01,islenmemis_gida,-2.8077753779697567,-2.314275687896472,2.7117106917733835,31.9512722594798,-7.938225412686817,15.591124937875001,12.781954887218049,33.148858965345916,33.27816090323876,29.073425532290333,16.399719969864623,15.282490320845499
2013-09-01,islenmemis_gida,0.4444444444444251,0.7159367039425879,-9.16990358772255,0.2276611670789963,-13.145286427888191,11.291098733426086,8.915662650602396,23.88103106559285,0.4042521731794535,0.40350509446738236,12.045931659565422,11.427943291515064
2013-10-01,islenmemis_gida,7.743362831858414,3.9308952861505153,22.402948883505314,9.319053453215819,6.456926888825065,25.80716280241846,14.85849056603774,12.801795222484035,9.739742598479474,9.330225208786525,26.559951523311078,23.78728804440251
2013-11-01,islenmemis_gida,-3.490759753593431,-2.8906589928797577,18.998469745465663,6.761701446010471,10.555580579453405,18.690110516368776,12.98076923076923,5.4023885871297805,7.255334469044938,7.024691988853382,19.619618664675453,18.049058760571857
2013-12-01,islenmemis_gida,2.3404255319148914,1.2049855898018436,28.240902656441147,8.850475629212395,7.926519226194095,4.450124888580609,12.910798122065724,8.315289295355788,9.35994184505704,8.980887532290405,4.794433108530538,4.6921963133788935
2014-01-01,islenmemis_gida,9.355509355509351,2.661376802388493,36.090287563420006,3.6286867918271737,29.0653032854564,6.435848992162008,13.85281385281385,6.360248005064695,3.9733891415021594,3.902813597242316,6.820904037662068,6.61651940301442
2014-02-01,islenmemis_gida,-1.520912547528519,-2.3755906001716953,47.54605675248029,5.844828839239824,32.505679012345645,6.3022766272623265,10.447761194029837,6.059057066915918,6.12879318838766,5.963087168074566,6.690700857597465,6.493889578463974
2014-03-01,islenmemis_gida,2.895752895752901,1.9938958215968583,50.77471999470697,9.18393397361923,39.05209883311147,9.017077304874466,9.896907216494855,6.187088892666837,9.509658278717236,9.118728095254625,9.434776592324056,9.049807813772516
2014-04-01,islenmemis_gida,1.8761726078799112,1.748826959608718,13.568095205105891,5.353276073970203,24.320210482820247,4.487423399959289,15.042372881355925,6.774932786065313,5.607695971453519,5.468528724135524,4.787621948213938,4.68567116068892
2014-05-01,islenmemis_gida,-3.6832412523020164,1.6802615066952686,3.917267028010518,23.982670018810893,23.82480760525125,14.55533373515605,17.002237136465336,12.572788929647016,23.983970239164385,21.69193715160338,14.738394673680343,13.827512159838973
2014-06-01,islenmemis_gida,-0.19120458891014325,3.8974768268315696,-8.003103677473632,33.500922003985245,17.77438721305664,20.731751637671625,12.742980561555072,20.465594991819238,33.58145532128021,29.306261172542225,20.997919824211642,19.212494633898423
2014-07-01,islenmemis_gida,-0.5747126436781436,0.9630455234534763,-16.541588750094537,29.42446870363242,-2.643886712255461,16.770252128102836,12.095032397408211,28.960609344915667,29.54006379945553,26.163135427921258,17.01420324971177,15.815832076028391
2014-08-01,islenmemis_gida,0.7707129094412402,1.8012933050105318,0.0,30.04179469051047,1.9398190247611247,26.97609585968339,16.22222222222223,30.96028498450323,30.15515553718917,26.64726262118231,27.03521637875925,24.169599886392845
2014-09-01,islenmemis_gida,-0.19120458891014325,-0.026740171921169065,0.0,11.480360651492315,-4.084987451115674,21.994798792042914,15.486725663716827,23.225185475840693,11.51705305038746,10.950394626171356,22.093114186165487,20.12832789935679
2014-10-01,islenmemis_gida,4.406130268199249,1.2438470012079428,21.595240966495368,12.725754428287562,0.7380048770726733,20.78688205304935,11.90965092402465,17.695891844416757,12.764644234052657,12.073600537189222,20.885870832203768,19.11836798255524
2014-11-01,islenmemis_gida,-0.5504587155963359,0.5074185622531147,15.342773648898689,7.103199243131764,7.397753071886326,18.016491418242797,15.319148936170212,10.393125086748057,7.120427512586436,6.8981015661595535,18.124084749500867,16.772682093670934
2014-12-01,islenmemis_gida,-0.36900369003689537,-1.504471419703357,14.523082056495262,0.9097408770440518,7.0154577883472236,6.063444721645306,12.266112266112273,6.797282013233974,0.9916553846383236,0.9871765750308015,6.134811118696315,5.968785600601079
2015-01-01,islenmemis_gida,6.666666666666665,-0.8216724994819069,24.76820428512092,-7.076479179351525,23.171505897290224,2.346831844665731,9.505703422053235,0.15513302811520635,-7.0371678535314,-7.274901427728597,2.425911897492994,2.3993495547303123
2015-02-01,islenmemis_gida,4.513888888888884,4.113468823089117,52.19094681012501,6.994350696743745,32.4919843965356,7.048761135114789,16.216216216216207,0.1590550797871515,7.388280452979368,7.149299615615412,7.254277335011761,7.023700590887483
2015-03-01,islenmemis_gida,4.485049833887045,3.163656655732905,84.08887449524025,28.76614568809479,45.19788317846185,13.990167975669522,18.011257035647276,8.760279341201604,29.10800933578541,25.82181191736046,14.259478466148945,13.40449424619563
2015-04-01,islenmemis_gida,2.5437201907790197,1.9209140733110086,57.23489132928263,43.611035965264875,40.06396767948826,15.519881797867118,18.78453038674035,25.623963311965568,43.67649442688466,36.79215820853212,15.799039660046766,14.758628390401762
2015-05-01,islenmemis_gida,-5.736434108527133,-0.7421350793328729,4.046709967899509,18.6369207109937,25.837066488746107,12.665346491873208,16.252390057361367,29.875182017272216,18.82151536431813,17.369742598844162,12.972383730468252,12.259521107229787
2015-06-01,islenmemis_gida,-6.25,-2.205775200655069,-32.56321756609075,-4.199938022749916,11.41975308641976,11.0666679859043,9.195402298850585,17.576612232030552,-4.03151444668447,-4.1079848267077335,11.413792242702335,10.856913545326364
2015-07-01,islenmemis_gida,-0.17543859649122862,1.3806868826765406,-39.43660574815411,-6.214981663236651,-2.4157865547839275,16.05414099188338,9.633911368015413,2.0803540575173196,-6.0918730341943395,-6.2688935892456055,16.375748876604224,15.26163230964326
2015-08-01,islenmemis_gida,1.7574692442882123,3.517875968010409,-17.756811764090607,10.95200650942665,-7.495226322005266,14.730137274320864,10.707456978967489,-0.034239305544259135,11.31913411960741,10.771150600127521,15.014261982175547,14.070446599485841
2015-09-01,islenmemis_gida,2.0725388601036343,2.307312947693596,15.5714336906561,32.895121929908,-11.717693565631471,12.833332474758485,13.218390804597702,11.498705376554707,32.95331167764945,28.823503193522182,13.08229225049098,12.357759183407225
2015-10-01,islenmemis_gida,0.8460236886632888,-1.7883881763777754,20.374909432999022,17.041391649953418,-14.616669671293803,4.769886236700582,9.35779816513762,19.951403273738432,17.397484431213115,16.14720295730492,5.052514583040502,4.939154684029656
2015-11-01,islenmemis_gida,1.342281879194629,2.6343278862467345,18.42230214646183,13.096362799175164,-1.3114612188365626,12.019053653771671,11.439114391143912,20.64482036890176,13.36832530934753,12.613010630250221,12.339446726903237,11.692080615188871
2015-12-01,islenmemis_gida,1.8211920529801473,0.5758431928965191,17.26017542738827,5.6322800307466725,16.41274238227148,18.48212833343372,13.888888888888884,11.740609865454331,5.837739507537099,5.687131611061913,18.687562811845805,17.255317402292047
2016-01-01,islenmemis_gida,7.96747967479674,-0.16177578616863864,54.05907236248686,12.80612746173575,36.17946571699488,14.90424772289134,15.277777777777768,10.436780410629275,12.89866522386336,12.19358117189846,15.12793275060167,14.170392064601689
2016-02-01,islenmemis_gida,-1.2048192771084376,-1.5418027412258617,39.14499932457256,-4.463431355128167,28.366160463666425,3.9463247452680594,8.97009966777409,4.403623596619521,-4.418835773221086,-4.510941337991925,4.127104053406505,4.051034646129148
2016-03-01,islenmemis_gida,-3.963414634146334,-5.508675103633509,10.1188670945632,-25.567490143524918,13.633435543301786,-11.329397630609916,0.15898251192367763,-6.941877976898159,-25.324230652690872,-28.84901452411204,-10.985584908515278,-11.580941456525062
2016-04-01,islenmemis_gida,-3.650793650793649,-4.621008244119896,-30.163503031440687,-38.000786327106404,3.725338948696022,-16.370512376842683,-5.891472868217051,-23.6154165818652,-37.88506057306692,-46.68594435591706,-15.946199856048437,-17.2461815920093
2016-05-01,islenmemis_gida,-4.1186161449752845,0.5584440735573626,-38.044968646485266,-32.53898946383362,-7.152098592167,-19.719283361812966,-4.276315789473683,-32.172727951538135,-32.23266552671246,-38.28495709678417,-19.41924045507125,-21.397949217388046
2016-06-01,islenmemis_gida,2.577319587628857,7.33369485679447,-19.362858016978535,12.312839653467812,-5.767995240928048,-8.568459793595018,4.73684210526315,-22.22343577571224,13.898443381669656,13.084522744927751,-7.60362801052008,-7.882245889592143
2016-07-01,islenmemis_gida,6.030150753768848,7.881032490195117,18.26604559793288,83.82258794697191,-9.119384163158639,6.756057945339,11.247803163444626,12.073806522272257,84.94716998154878,63.0926856821878,8.518945099482501,8.203370663135367
2016-08-01,islenmemis_gida,-4.423380726698268,-2.281869762706623,16.769537486399,63.917488065207294,-14.944369051160022,5.157212731361782,4.490500863557845,50.302766597854244,65.94299907778802,51.73143033713186,6.934330395913912,6.723236620173845
2016-09-01,islenmemis_gida,-1.8181818181818077,-1.33999401383329,-1.9949498125062748,17.01607343836975,-11.102040816326507,14.640339728047014,0.5076142131979822,51.90235383368527,18.43199246664056,17.036674854620813,16.14494276416334,15.060598799774283
2016-10-01,islenmemis_gida,3.3670033670033517,0.9689228424966556,-11.476486145049192,-10.212467549142701,2.3197240323626467,28.471695639503825,3.0201342281879207,19.01686789138526,-10.110552190764944,-10.61176373617303,29.638128053018352,26.240460973007387
2016-11-01,islenmemis_gida,-1.6286644951139961,-0.5605701506037342,-0.659519598070657,-3.7169266082826002,7.703026652968181,25.62833889520435,0.0,0.18729371280907792,-3.663569511110165,-3.726565287761474,26.827204028012442,24.00243252468519
2016-12-01,islenmemis_gida,6.29139072847682,4.920823089943394,36.456532856096224,23.149357515561665,15.64354435494053,20.043551525806702,4.390243902439028,2.1571836698179636,23.52777182355097,21.31670312734526,20.95528533402311,19.17668899098304
2017-01-01,islenmemis_gida,12.30529595015577,3.890956745050067,90.13741023638443,38.03596028872571,29.736778399207363,11.327931193430562,8.584337349397586,18.134147637832655,38.48489895833207,33.004838737558906,11.789366457361572,11.196537500692937
2017-02-01,islenmemis_gida,0.4160887656033285,-0.17353253180728556,106.44601791923844,40.19759098121145,43.207704391776524,16.18371203308133,10.365853658536594,33.652156974019064,40.58593439690972,34.5529892127447,16.55005506670364,15.413211962491612
2017-03-01,islenmemis_gida,2.900552486187835,1.1157013864471876,81.33639545515652,20.93950598251282,57.3039599133875,22.039429939654642,18.253968253968257,32.65380814999115,21.14091593285532,19.33250239875988,22.329007629958152,20.32460276305257
2017-04-01,islenmemis_gida,1.4765100671140896,0.013742514695258556,20.87768197922857,3.8713850685155204,51.60266952434511,19.741331145317353,24.5469522240527,20.470386180320176,3.8913718770565042,3.8236454773406425,20.050686978861542,18.414242107449773
2017-05-01,islenmemis_gida,-1.851851851851849,2.479240618147016,10.321804367824349,15.360387068095571,50.91553002061311,27.17408683221243,27.491408934707895,13.124262872585145,15.429077425616589,14.43473807715785,27.43960134929464,24.493863644951276
2017-06-01,islenmemis_gida,-2.5606469002695365,2.3123948728078547,-11.29908533956623,20.919212997070225,26.82548694209106,20.92935906412432,21.105527638190956,13.236542728717303,21.008659179309074,19.221512022600518,21.07477100206181,19.277007210680196
2017-07-01,islenmemis_gida,-2.489626556016611,-0.46851315707179264,-24.374321174246216,18.603789003631842,-4.389034339346065,10.993422499629268,11.374407582938396,18.288831443717292,18.73106317372479,17.292489335532313,11.08426935366078,10.558067406436479
2017-08-01,islenmemis_gida,-1.8439716312056764,0.5832817559756176,-24.350030596266905,10.067264886216364,-8.644424773358562,12.682750591208647,14.380165289256208,16.405310239799565,10.152535204596692,9.708653886846719,12.762517980677423,12.071695982002284
2017-09-01,islenmemis_gida,-1.3005780346820761,-0.4132159520523593,-20.360298136544642,-1.2011238778318667,-15.951713886761866,9.300879894388746,14.983164983164986,8.771931101813868,-1.1872791640464841,-1.1937894125941373,9.395739441659035,9.013861305003191
2017-10-01,islenmemis_gida,2.489019033674955,0.275281617349199,-2.806842304185131,1.7854259862799982,-14.266117969821668,9.873277858274232,14.006514657980462,3.422949349767479,1.7960064139673548,1.7813896850898292,9.965051906852217,9.536939510311072
2017-11-01,islenmemis_gida,3.142857142857136,3.7245513041685996,18.501654095397924,15.108833387385534,-5.318182808901417,12.559826115682649,19.5364238410596,5.064670303400054,15.32843924222016,14.346467877861757,12.713255663290512,12.027560882354239
2017-12-01,islenmemis_gida,2.7700831024930705,1.507135513520641,39.294127178506066,24.247629042269246,5.324938926288736,10.794973307547927,15.576323987538942,13.438666345582906,24.393701693225033,22.02787374015376,10.92907826045655,10.41704216377981
2018-01-01,islenmemis_gida,1.6172506738544534,-5.700294231096626,34.61492805331115,-2.825145432995757,14.383783511895775,-0.5465738787379104,4.576976421636614,11.733631768077068,-1.8584097265463284,-1.874429653629539,-0.04651006671880786,-0.04651998426985493
2018-02-01,islenmemis_gida,2.3872679045092715,1.2730455292484066,30.713490228213413,-11.691375143247862,24.457883657990575,0.822134401653174,6.6298342541436295,2.224901187863848,-11.074986318247415,-11.68045275331031,1.341181960981852,1.3330075622757231
2018-03-01,islenmemis_gida,2.590673575129543,0.8701582769621963,29.803112161864487,-13.88721368786876,34.46490699673519,3.4374667589355035,6.308724832214763,-9.662266203466851,-13.33619563866394,-14.22836169954409,3.9702204252981543,3.8997560203048343
2018-04-01,islenmemis_gida,-1.0101010101010055,-2.688842186590379,16.8904060459657,-2.3489650617888658,25.439999999999973,-2.5873462098577105,3.703703703703698,-9.532678014251683,-2.1608524554733832,-2.182553521519104,-2.0097380518043884,-2.0284915875743215
2018-05-01,islenmemis_gida,2.5510204081632626,6.5458319956468,17.639993990838086,19.631962944906146,24.004573322795263,2.7839196400807786,8.355795148247957,0.20638619980613004,20.63649463726356,18.90859234407447,3.674540089988998,3.61406979538208
2018-06-01,islenmemis_gida,10.820895522388074,16.665411650961182,60.1806640625,114.07447654183045,44.19413546835609,35.773891648313594,23.23651452282156,38.029514272474316,121.23080461995355,82.0896058400704,39.737816488183796,33.93062207026316
2018-07-01,islenmemis_gida,-1.5712682379349086,0.8009570739739624,56.579219074138834,146.4750445870734,35.28713351954915,55.14039831832793,24.397163120567367,86.79461160230116,151.93082595576635,96.04880288232778,58.46851657583103,46.93312468040434
2018-08-01,islenmemis_gida,-1.9384264538198415,0.7128554796572484,30.90903154062261,96.77355498748868,24.09729120244839,53.428832488553766,24.277456647398843,117.87858117832131,102.58475777026321,72.71689681836956,56.7683111669661,45.81274458122202
2018-09-01,islenmemis_gida,6.395348837209314,7.793129130232734,11.217610513741993,43.40443334102175,33.47250918273645,75.2119545044146,33.96778916544656,88.20663849967846,44.28492087308386,37.22776673545578,79.0027392667786,59.658686287763096
2018-10-01,islenmemis_gida,2.950819672131133,0.6185449661867848,33.108330910349146,42.369213632981385,44.36758121615991,87.32447324900092,34.57142857142856,57.666852929249046,43.267131303507014,36.49811830430707,90.61413571326176,66.27346059331742
2018-11-01,islenmemis_gida,-2.016985138004246,-1.9454980822872558,32.6823024067868,27.922400325508544,31.79268458701521,58.65606031470401,27.839335180055414,37.721112918888444,29.162230441953163,25.864704056529053,62.10169291256877,49.29080043744931
2018-12-01,islenmemis_gida,2.1668472372697645,1.2143515909853742,12.813843254322466,-0.5623912860309499,12.012883542999496,19.414379077282675,27.088948787061984,21.567724957743017,-0.4494774618582609,-0.45040610046038765,20.020467144537378,18.388680317497695
2019-01-01,islenmemis_gida,12.407211028632027,4.691916638686933,60.33186703870492,16.544328403104448,46.08732735340886,28.811196672237728,40.583554376657816,13.858666827639476,17.04567699171353,15.843080589540204,29.549526702151653,26.170599446923635
2019-02-01,islenmemis_gida,1.3207547169811429,-0.430440712053215,83.32019956427708,23.915984362412136,55.95943753380208,25.90325713951145,39.11917098445596,12.901774849229831,24.2416306736424,21.903310070476365,26.68003196561215,23.88400706350271
2019-03-01,islenmemis_gida,4.562383612662946,2.875205517356161,101.12786989230523,32.251865127544036,50.63202842724477,14.676977708018324,41.7929292929293,24.09436480162146,32.59440328617917,28.546725775959512,14.988928658139923,14.048159837749564
2019-04-01,islenmemis_gida,1.780943900267129,0.11701523544849213,35.19525850206404,10.606532441097816,47.22808227514301,13.53661982084866,45.79081632653062,21.82073185034934,10.742351767898462,10.247120163005752,13.854034169893703,13.045100376272979
2019-05-01,islenmemis_gida,-4.724409448818889,-1.387503095161613,5.7047232644183765,6.414855465069791,39.204205984301524,14.83249351005982,35.44776119402988,15.80489291763496,6.611120636918799,6.41887063057216,15.11734930697195,14.161090350524264
2019-06-01,islenmemis_gida,-5.60146923783289,-0.8313704145819556,-29.781195109338654,-8.112456114498823,18.840054922749406,10.237466683730467,15.375982042648694,2.6324819385569187,-8.090908600808632,-8.407433097180306,10.547634264335958,10.069646339389603
2019-07-01,islenmemis_gida,-4.182879377431902,-1.6684041183499754,-44.84816072798774,-14.49383681580012,-13.650320398718407,-2.7501145905713287,12.314709236031929,-5.806859371466178,-14.487471448536738,-15.549110512374176,-2.619020557633278,-2.650995174684212
2019-08-01,islenmemis_gida,-2.2335025380710527,0.8782893917703261,-38.85039873855284,-6.360209265000183,-19.60222839486906,-0.17683236420322768,11.976744186046528,-9.72286800358486,-6.296563395924704,-6.48594056464642,-0.033529813128030383,-0.03353496703712988
2019-09-01,islenmemis_gida,-2.0768431983385405,-0.4371616598406125,-29.193306834910782,-4.862384223562688,-29.48786365233058,-6.5015409494930125,3.0601092896174853,-8.68529377268995,-4.80014277967703,-4.909105545681047,-6.458790016955962,-6.6582693214306765
2019-10-01,islenmemis_gida,2.8632025450689325,-0.016429162625064553,-5.953634817195819,1.6938022727836621,-27.98034978786007,-6.7506200987996205,2.972399150743099,-3.258866535894811,1.7120839440712965,1.698794277218596,-6.709525387616466,-6.92515811757779
2019-11-01,islenmemis_gida,-0.7216494845360688,-0.7755082986758866,0.0,-4.812662338209206,-21.801789495253043,-5.589606614145182,4.333694474539551,-2.714916743908624,-4.8071120208098,-4.916396484566254,-5.554529165742594,-5.701168524606337
2019-12-01,islenmemis_gida,3.9460020768431914,3.3285667984073175,26.96661434354848,10.426098064959222,-5.183935411588347,2.4971984465686603,6.150583244962893,2.283895864533325,10.631935639498247,10.146517348425466,2.6503664220905776,2.618705901372209
2020-01-01,islenmemis_gida,8.191808191808203,1.2962837105489067,55.391367780452214,16.340574476801862,20.88835064031538,8.770930754250461,2.169811320754711,7.014565759254898,16.531825372250132,15.39736884112135,8.891065418866152,8.548081559169974
2020-02-01,islenmemis_gida,3.878116343490312,1.4323337104175549,86.25371387879022,27.04610160558689,36.47480129268927,9.968996413285414,4.748603351955305,17.76491407980041,27.10887751326809,24.228736877495116,10.095200749171918,9.65617019646443
2020-03-01,islenmemis_gida,3.111111111111109,1.3732310684101412,80.34148728040844,17.699028121830217,51.31869701287264,14.004580704161263,3.2947462154942153,20.253478075456457,17.699241369118624,16.40739395750641,14.115446642720887,13.276955652965938
2020-04-01,islenmemis_gida,3.6206896551724155,2.1492545176804434,51.74138515805533,21.713747016095564,53.555531937506665,18.996837141063082,5.161854768153984,22.05379767297877,21.722525868462284,19.819277186032558,19.101256796814738,17.608323013576953
2020-05-01,islenmemis_gida,-0.24958402662229595,3.0661997417076536,29.022853494639445,29.747504647035818,55.019307309172504,28.389698412523213,10.1010101010101,23.032142757670716,29.783182982891574,26.354741311192953,28.439650040186137,25.291739094344035
2020-06-01,islenmemis_gida,-3.7531276063386243,0.6245759565964404,-2.052968479819217,25.95694280783323,32.905655782778666,21.757996672411295,12.256809338521402,25.794111596870927,26.030853790931417,23.36012086393815,21.79976004475579,19.883757410722282
2020-07-01,islenmemis_gida,-2.772963604852674,-0.11692824418748637,-24.080461923481224,15.146002391755896,7.331895857152748,18.384337667720697,13.908629441624365,23.409979545589408,15.270241118355155,14.29538981646643,18.456118672505717,17.057333501249495
2020-08-01,islenmemis_gida,-1.0695187165775444,2.649557438530481,-26.54604531001441,13.29536370133182,-2.6488888888889006,21.242693504912545,15.264797507788153,17.93242611858046,13.386063651951385,12.62882060375774,21.330944681868182,19.491780957475346
2020-09-01,islenmemis_gida,-0.18018018018017834,1.5836830980033634,-15.016266554692537,17.677031569558665,-8.764565992865636,21.74661857810458,17.497348886532336,15.369316594185944,17.766435595510966,16.465249169385434,21.834424019996757,19.912685016661793
2020-10-01,islenmemis_gida,3.971119133573997,0.2926105118367328,11.13183582534425,19.618922913990655,-8.146433703118205,17.36115534517215,18.762886597938145,16.847556402662622,19.68367889666236,18.10340419348231,17.457959641322574,16.19939700497437
2020-11-01,islenmemis_gida,6.163194444444442,6.288030042587245,47.3716388056731,37.501993238210886,4.043402863520562,24.813213777953713,26.998961578400827,24.80513418040775,38.017211552798045,32.65729460970936,25.147241633735916,22.643057606733553
2020-12-01,islenmemis_gida,3.4341782502044227,3.03588390797771,69.90378757666585,45.53490897481327,20.1626322729471,30.86678752801244,26.37362637362639,34.07145674044547,46.02745568235633,38.466097849606754,31.201051814193683,27.465673509496092
2021-01-01,islenmemis_gida,1.1067193675889264,-4.684798862027206,51.94004880390168,18.724434737747387,29.9437438238948,19.170839582935372,18.097876269621405,33.522574636073955,20.218948603310103,18.556460354150992,19.951040057845027,18.329932273816652
2021-02-01,islenmemis_gida,2.892885066458173,0.03707240563037839,34.06571507959244,-6.836333208653667,40.56131807483161,13.182109368886707,16.97777777777778,17.112231740347127,-6.260218767312365,-6.447370193676472,13.921474641932452,13.104962208016445
2021-03-01,islenmemis_gida,1.3677811550151908,-0.5827261187740573,23.669104569359977,-19.250476221974942,44.954645570775064,8.40606345031809,15.000000000000014,-3.968821708352299,-19.027729168619445,-20.92181030068354,9.133570631491782,8.772143774461604
2021-04-01,islenmemis_gida,3.3733133433283324,2.0463802910509754,35.13719083643498,6.091774261908367,43.29253773630401,12.230503561062967,14.725457570715461,-7.300274077819924,6.170851442637426,6.002906311629186,12.994933189823943,12.27968333289009
2021-05-01,islenmemis_gida,-0.36258158085568093,3.2386972154743177,18.829254851999643,20.33941062542597,26.217784103938623,5.883241135574369,14.595496246872397,1.0106686157046907,20.51874805646414,18.809405551004943,6.35916545118822,6.181017678664236
2021-06-01,islenmemis_gida,-0.29112081513829047,3.924797004914571,11.239480066426566,43.693531671745234,17.289756128044488,7.718077649371313,18.71750433275563,22.618441350062746,43.74250119000125,36.839498045759456,8.255682090045857,7.958843872537957
2021-07-01,islenmemis_gida,2.9927007299270114,5.678352569140865,9.610205080338364,65.2688248412797,21.70626607353652,32.414738067905155,25.757575757575736,42.3106872624122,65.36478674129971,51.367387158119016,32.773788134845574,28.685146734874102
2021-08-01,islenmemis_gida,4.252303330970952,8.446477694445221,31.372286880389776,101.22534490325927,24.943471050710954,55.61278677716781,32.52252252252252,69.34370552089932,101.5968002861507,72.19850907400263,56.30266698101618,45.50395731250378
2021-09-01,islenmemis_gida,-0.5438477226376581,0.9666084823830579,30.045412292147233,79.2738784930012,20.275450730406952,60.50076864971916,32.039711191335755,81.62175258434594,80.21219745932694,60.36575498387657,61.03340549272773,48.60262651481801
2021-10-01,islenmemis_gida,1.708817498291193,-2.224635948476783,23.68119417449006,31.36831920118488,16.43333310546,47.34682804782035,29.166666666666675,67.5001968697907,32.86284213463544,28.753800913405982,48.29958332024076,40.0605940357625
2021-11-01,islenmemis_gida,2.9569892473118253,3.336172117811387,17.6479516855788,8.30245959021736,24.320877006752582,47.62520037213422,25.26573998364676,35.824662248882454,8.636710282666527,8.312578606870646,48.579595307221155,40.25554384043664
2021-12-01,islenmemis_gida,15.404699738903393,15.183548399891666,113.28078876796171,83.43789593064916,66.54185092439666,81.34393584038868,39.76284584980236,38.8292923479574,88.64889095029412,65.18033827690508,84.38631681872096,62.77304663039082
2022-01-01,islenmemis_gida,12.160633484162897,6.1956556854321,215.412667969332,155.2691290520243,97.5110514179116,83.12366430233638,55.04300234558248,74.21246969870914,158.57063011446635,98.86150481254062,86.20734926247029,63.8076528629733
2022-02-01,islenmemis_gida,12.808875441250645,9.230284824336055,354.5994178068909,218.68460293377012,131.26324900951593,85.78031739465592,69.98480243161094,147.9475989778469,220.8697042122314,122.4379556386393,88.99797277077421,65.37526712275496
2022-03-01,islenmemis_gida,5.856057219490385,3.626458588768111,221.80867669936427,108.776634920337,161.98398500445478,95.6975897380137,77.5112443778111,155.45707186251408,109.35778695136852,76.20959639414507,98.7562370781379,70.69496733552508
2022-04-01,islenmemis_gida,16.849662162162172,15.505524616508538,279.0930126957551,192.19038340996693,245.79002088391726,173.10654457636014,100.65264684554025,168.3999131686736,195.6540986368923,113.44907211845081,176.54308633430693,106.1552884654957
2022-05-01,islenmemis_gida,-1.8431514275388583,2.033787232328277,117.29769825749385,122.46909150213475,214.2982773077736,166.26579594531935,97.67103347889375,139.25986833172774,126.61881882489028,84.6630817504197,169.9973171408415,103.5505186945295
2022-06-01,islenmemis_gida,-3.350515463917525,0.5436635648180754,51.00469092719433,97.15412973314808,120.44187388669356,102.88217212543395,91.6058394160584,132.81731703455847,101.85060059132,72.33190165461956,105.57278283325209,74.27074902438231
2022-07-01,islenmemis_gida,2.6285714285714246,5.106342026248956,-10.142624675254009,35.17940723497277,84.56517310909757,98.74134655153858,90.92841956059534,79.01018078007338,35.4566682031854,30.73517129358123,101.39459135897883,72.09212170601603
2022-08-01,islenmemis_gida,-2.0044543429844186,2.0743310308181995,-10.731827280715478,35.3943930486571,39.27587177811138,73.5542209686002,79.46974847042827,52.03927429806685,35.67101461826483,30.897346487540922,75.82561745532617,57.78021411898031
2022-09-01,islenmemis_gida,1.060606060606073,2.6405195776576518,6.715147750404871,47.047357263615794,26.942852903579272,70.26741834792544,82.36500341763498,39.166300004379174,47.19003212956201,39.284770538899224,72.54619496029284,55.80833609675939
2022-10-01,islenmemis_gida,7.233883058470769,2.525077071622639,27.19822931216649,33.12571533154163,6.909770516760783,34.14863132454804,92.27150537634408,38.33866914133417,33.13026421098293,28.95971072039396,34.28884830019463,29.847441006987598
2022-11-01,islenmemis_gida,5.5924501922404835,6.243015473892299,71.46962324354165,56.24183818167437,23.72057203155469,45.445071588604534,97.19321148825067,45.28148087405379,56.49928981533141,45.63444849269036,45.744440061765836,38.26589749011564
2022-12-01,islenmemis_gida,1.4233697451175198,1.4660692390163765,73.94491720133816,49.21253804885508,36.244477097505666,48.12599161079343,73.30316742081449,46.06683101208993,49.5616923113966,40.93664713812526,48.371518416523074,40.11070883851224
2023-01-01,islenmemis_gida,9.236292428198434,3.814773984834474,87.30588303234987,56.863373630533,54.353414803387736,44.50795418897739,68.78466969238528,54.08118242353677,57.19571617184527,46.095434790972604,44.70503934474692,37.52757275568328
2023-02-01,islenmemis_gida,11.024798326859875,7.047236991540129,128.92853032143003,61.667173308704015,98.12695133149676,58.931357294233266,66.11533303531513,56.023405718959566,62.13520467183342,49.31232086156392,59.294400607529575,47.47338467712714
2023-03-01,islenmemis_gida,5.73196986006459,3.3495674747999304,170.37907093366758,74.00957785980304,116.86646837750536,61.13475961837365,65.92060810810811,64.25614249138548,74.26539551130634,56.846313804698134,61.481019802498295,48.8914804714117
2023-04-01,islenmemis_gida,7.508271824891843,6.414311215697688,153.67214934879266,92.10410958518287,117.97771889459194,73.59175878428505,52.65630646910011,75.8663792793192,92.3755498880539,67.24446272815099,73.97217956288765,56.66994875956179
2023-05-01,islenmemis_gida,0.30776515151513806,4.63409668645367,69.0172513587824,75.35886443406699,96.7050354020806,68.37390512689261,56.001472754050056,80.31321988896343,75.509985870919,57.591901507805154,68.70113376494693,53.45211118468454
2023-06-01,islenmemis_gida,4.3426953032806415,8.333888109866061,60.30753803525879,111.71439701179038,108.19174622841521,91.93835690362783,68.41904761904762,92.85065288223826,111.9702965728857,77.52918404806968,92.27226124254373,67.1877489263839
2023-07-01,islenmemis_gida,9.522732413481116,11.877223729851426,72.66467770391223,158.65266726909852,109.28502074866225,122.90859188816108,79.73273942093542,114.55298740157613,159.81398666851817,99.38083410468464,123.77663766281034,83.3126484164178
2023-08-01,islenmemis_gida,5.576208178438646,10.177361923871286,111.89930124757028,217.9753995053547,89.24755602572765,136.1351413390811,93.63636363636363,161.9761990506999,218.30509915724593,121.55389505435511,137.23339079255305,89.57289828108013
2023-09-01,islenmemis_gida,2.386541471048531,4.074021826764107,96.45035302863158,170.83547638285376,77.46118572853437,139.45723954768394,96.17691154422789,181.68812886216608,172.4028810218234,104.51442992194728,140.45177355202236,91.02180698500847
2023-10-01,islenmemis_gida,4.050439434466946,-1.1034351800730868,60.033685737061184,65.37263833395646,66.22925365157255,106.81894013461579,90.35302341838518,139.5188777634757,67.31689449608483,52.591794282249225,108.91866555470725,75.98631419346692
2023-11-01,islenmemis_gida,0.3121557106132933,1.1937057951254104,30.425173000141736,17.681495549670203,66.24380597130077,93.442034113049,80.83416087388282,71.52567097923739,17.989587985519485,16.65716976726572,95.79333118067981,69.10553241081041
2023-12-01,islenmemis_gida,7.248764415156517,7.551918059959362,57.02149892584831,34.218217784505754,75.63293796172685,90.659526257998,91.22062663185379,37.20803954086691,35.237038692336654,30.56875470004674,92.91752175715662,67.54159231099702
2024-01-01,islenmemis_gida,7.014848950332819,2.0522971544071567,75.69508615578728,52.187078867392515,67.68163943437916,58.64292846716677,87.33193904989545,34.30673983067409,52.855899134356974,43.19168403796772,59.93663876123554,47.89173916010847
2024-02-01,islenmemis_gida,9.298245614035094,4.952008087633297,147.6270735535236,76.08679529427744,79.71311556961315,43.951927450726444,84.41872981700756,53.46275696288705,76.57301213012413,58.224893207999266,44.58365400424691,37.44103148763249
2024-03-01,islenmemis_gida,5.574201079819052,3.0430335056346847,132.5199119303052,48.36405402614976,91.07753688333628,41.113992625373385,84.14354797658436,58.3016949923165,48.48447207383748,40.18935499070056,41.7189263782449,35.37905484537365
2024-04-01,islenmemis_gida,3.842432619212155,2.922515850132279,106.1500251098877,53.48966086208573,90.31433583074981,52.836982183460975,77.8645833333333,58.55052175796607,53.56346760029756,43.670229773601044,53.20930893549034,43.430956905784385
2024-05-01,islenmemis_gida,-0.43923865300146137,4.249166896979584,41.933026719004495,49.41922808512924,87.47389164099928,62.2058970224421,76.54000472032098,50.40959397328007,49.44923644688786,40.85886501098619,62.49306981470988,49.541879109492726
2024-06-01,islenmemis_gida,0.7754010695187219,4.419866810379891,17.833937627291263,57.56671695866573,65.5256378918349,52.89616380922881,70.50441076679483,53.5058727481615,57.606090095793135,46.36619822996701,52.982973063793715,43.27777661033379
2024-07-01,islenmemis_gida,1.074555585035819,2.9388690432696984,5.764114810345267,57.66688291805051,47.65932047750228,55.564251639873085,57.352333746385774,54.9291902957735,57.705378036084824,46.431611002516696,55.62179184333611,45.05092038805887
2024-08-01,islenmemis_gida,-4.895655597847492,-0.519041323895153,-11.938327935499016,30.740444419142765,11.798298976554333,39.768151896685836,41.744913928012515,47.89339192061517,31.06400776576823,27.358778119017746,39.980173678669374,34.10882156500197
2024-09-01,islenmemis_gida,3.5329837151531818,5.292361156163761,-1.8966795849136409,35.165195280992734,7.51697790963739,45.936753655489305,43.33205961024071,40.528627663628235,35.60675947464229,30.848755502153224,46.227621213154826,38.607476866060125
2024-10-01,islenmemis_gida,6.758197813916289,0.866050984292488,22.101579040880747,24.602678596232465,13.63962963774632,40.1631761109446,47.06206390011018,30.051217075451465,25.042171514113253,22.557483266244382,40.50609339764812,34.49454713438054
2024-11-01,islenmemis_gida,9.002372331127484,10.281836281978208,110.69957326813125,88.1843427701337,36.21511195630418,56.85440576053822,59.80230642504117,47.53741464069905,89.69048406212086,65.76099368973782,57.900248860593194,46.559885904377786
2024-12-01,islenmemis_gida,0.8591065292096189,1.3654468402907627,89.76197946000329,61.64258397864164,36.441490293699694,47.81221677925465,50.281618023553484,56.507773471373056,63.29300095246151,50.053336426245835,48.86088723777389,40.45104596419953
2025-01-01,islenmemis_gida,2.657580919931868,-1.7982555791434152,62.243897616891616,45.22872418109354,40.74884045266389,34.52095763143266,44.16267942583731,63.87232706503874,47.348796457917096,39.39611017250222,35.776137155714835,30.9767967193733
2025-02-01,islenmemis_gida,1.4050226794999343,-2.9865064817590214,21.52410655127266,-13.03086649518983,60.01586606378775,27.93056409588257,33.75164161681015,26.363898662380404,-12.851622394181705,-13.677260882446696,29.38640736290221,26.041866403645564
2025-03-01,islenmemis_gida,10.168012219070487,7.3480876187888455,72.9912051534644,9.391262430264135,81.18265236797073,32.97475822092548,39.57152729785764,11.024280656208042,10.749140160435688,10.253302231545636,34.690188643543316,30.153319328895734
2025-04-01,islenmemis_gida,1.9805902158843258,1.2120747404976928,68.47288167378538,23.434094205172663,65.3290566279997,33.88867025206481,37.06908026088116,5.770190937864816,24.719931804579744,22.294623510110068,35.602279460119604,30.845366841306145
2025-05-01,islenmemis_gida,-3.010293260827357,1.9746691488618184,40.99208179379603,50.68699693448595,30.896664475436552,14.477585377375203,33.52941176470588,26.657862411539558,51.31040307165009,42.13932603259343,15.196951083270216,14.231032575073366
2025-06-01,islenmemis_gida,-1.6920304365238281,1.6738171554323111,-10.602046985320468,21.264880877372573,24.358592908822317,15.175164022593801,30.260015919342,30.97973515103647,21.27181511738334,19.44224417916729,15.901055496531402,14.847773205356463
2025-07-01,islenmemis_gida,-2.3933190752622457,-0.9054669568348772,-24.980240038789937,11.430612165267927,12.42239609233,17.278884200642608,25.790786192413705,26.422543427373625,11.541016734353015,10.97207738983701,17.961871429990772,16.633350449973538
2025-08-01,islenmemis_gida,2.024207011686152,6.985204392126776,-8.148554151807485,34.99888436926963,13.799501606583453,42.62740436224433,34.94341705768702,22.3652755754578,35.82567650534012,31.01421836289684,43.37652858320431,36.576772197745136
2025-09-01,islenmemis_gida,5.522601759050927,7.3170614174644655,21.930696338992227,67.55938347351575,4.40476359994495,42.54497071732095,37.53665689149561,36.901478222610365,68.91943368574695,53.58719541102546,43.2902154334506,36.514719795096376
2025-10-01,islenmemis_gida,4.526070943981386,-1.8231484542847065,60.35901412352378,61.43822493692548,9.681788584810413,34.123675134540775,34.66100636783618,54.25341935402068,63.07858478642396,49.91646942122614,35.07296706029577,30.444273405531572
2025-11-01,islenmemis_gida,-3.3286972647195046,-1.8688639753135838,29.26196410914177,14.271728571300702,8.962829885249569,24.203687030915376,19.427262313860272,45.47551863781227,15.503758909286303,14.5001959514647,25.287523026087232,22.75720715718077
2025-12-01,islenmemis_gida,2.6376366775369364,3.3468800269383037,15.695205569794023,-1.7227063234444673,18.772037863328105,28.324910823617166,21.533219761499154,21.20693466104275,-1.3718278210177681,-1.3805296106399467,29.464268871551912,26.103332900192754
2026-01-01,islenmemis_gida,11.802635267731976,7.230586839477282,51.4345668532888,39.85935386779047,55.83291643557293,50.26192408338657,32.35977431131762,16.463679872808058,40.970983875925086,34.83441156440801,51.65590971581722,42.37544049281708
2026-02-01,islenmemis_gida,9.027081243731194,3.9721884293294485,145.00349415807597,76.25155292961787,77.95963831294878,41.91747466976543,42.3085315295658,34.78477624547831,76.52877458962897,58.19862118298013,43.06050457226709,36.34940856722242
2026-03-01,islenmemis_gida,3.181539405090472,0.3468125252824805,150.23826270432116,56.6598834922335,70.15101305900171,24.081059704135367,33.28381857793623,56.948076301429126,57.35158255598585,46.198351176356844,24.859942893076425,22.40891078285845
2026-04-01,islenmemis_gida,4.22022438516978,3.569840889799103,88.95290381950318,36.337807116397954,69.1567354425404,38.08735500056066,36.21091474072635,55.083011811219926,36.54391259355254,31.555367377644128,38.74126272245153,33.194889471026066
2026-05-01,islenmemis_gida,-4.049333428388113,1.3323321658691878,13.346473320661879,23.009801001966235,66.64417785826569,47.243568457708186,34.75170204245095,37.5461073285618,23.139020741981042,20.995942323803085,47.63605442490921,39.597281753391606
2026-06-01,islenmemis_gida,-2.8308195259677538,0.3442716732395379,-10.851475489027552,22.99734269559672,49.35987378234938,38.811920873340355,33.19075262246665,27.21615619403228,23.126721390685145,20.985778915631315,39.27842703725568,33.59206504599408
2026-07-01,islenmemis_gida,2.3703930264566297,3.6021263292318473,-17.01423023905566,23.150780430679596,25.221412593961535,29.57664661732786,39.69115191986643,23.053830661803932,23.283087382918623,21.114920673362292,29.75829777309005,26.335144025503208
2026-08-01,islenmemis_gida,-2.0316701523752645,2.9703130155641633,-9.810815608493629,31.308593029447263,1.1070026380177733,27.0914784649249,34.13786050317038,25.831302084517915,31.45931657247163,27.666844072142194,27.23683937746848,24.331393197972638
2026-09-01,islenmemis_gida,-2.333028362305578,-0.7045772463235012,-7.948432799763605,25.904056912579108,-9.411582446630062,24.442213235069076,24.151967435549505,26.76907072067496,26.168550562499824,23.471448393890036,24.63913001168292,22.228613654760675
2005-01-01,islenmis_gida,,,,,,,,,,,,
2005-02-01,islenmis_gida,0.3389830508474523,0.3389830508474745,,,,,,,,,,
2005-03-01,islenmis_gida,0.33783783783785104,0.33783783783782884,,,,,,,,,,
2005-04-01,islenmis_gida,0.0,0.0,2.7395675477523973,2.7395675477523973,,,,,2.7411304801249203,2.7072835547412133,,
2005-05-01,islenmis_gida,0.0,0.0,1.3582148522267579,1.358214852226669,,,,,1.3597527058249126,1.3513513513513153,,
2005-06-01,islenmis_gida,0.0,0.0,0.0,0.0,,,,1.3582148522267579,0.0,0.0,,
2005-07-01,islenmis_gida,0.0,0.0,0.0,0.0,1.360528583740317,1.360528583740317,,0.450196249923529,0.0,0.0,1.3620716888506301,1.3536417773706066
2005-08-01,islenmis_gida,0.33670033670032407,0.33670033670034627,1.3536186549560014,1.3536186549560902,1.3559167275383643,1.3559167275383643,,0.4496901286966004,1.3551461161334766,1.346801346801385,1.3574493869893622,1.3490763490763502
2005-09-01,islenmis_gida,0.3355704697986628,0.3355704697986406,2.7209331536409254,2.7209331536409254,1.3513360314707068,1.3513360314707068,,1.3536186549560902,2.72247490117119,2.6890832259959474,1.3528583509674563,1.3445416129979737
2005-10-01,islenmis_gida,0.33444816053511683,0.33444816053513904,4.1020355685216,4.1020355685218,2.0304050607080626,2.0304050607081514,,2.720933153641014,4.102035620972866,4.0268758681365036,2.032122769238942,2.0134379340682518
2005-11-01,islenmis_gida,0.3333333333333188,0.3333333333333188,4.088062844273277,4.088062844273277,2.711741432280146,2.711741432280146,,3.6359947304424045,4.0880628960205945,4.013407854668394,2.713272834716429,2.6801046007348894
2005-12-01,islenmis_gida,0.6644518272425293,0.6644518272425293,5.45951281394339,5.459512813943479,4.081216202428295,4.081216202428339,,4.549906008347904,5.461034654546415,5.3289332844439485,4.08349879488068,4.009008255219948
2006-01-01,islenmis_gida,0.990099009900991,0.990099009900991,8.243215999999997,8.243215999999908,6.152433425160697,6.152433425160697,3.7288135593220195,5.924347428153687,8.247824021782924,7.951536681907356,6.1563793016339075,5.98920627502193
2006-02-01,islenmis_gida,0.32679738562091387,0.32679738562091387,8.215013892088962,8.215013892088962,6.131480563938574,6.131480563938574,3.716216216216206,7.30299819173903,8.21971357330209,7.9253928910577365,6.1354603784945505,5.969400372863065
2006-03-01,islenmis_gida,0.6514657980456029,0.6514657980456029,8.159184395224472,8.159184395224472,6.800818782787665,6.800818782787665,4.040404040404022,8.205656003476292,8.163881832798815,7.873448774270031,6.804621054899762,6.60119102935699
2006-04-01,islenmis_gida,0.0,0.0,3.979616607104486,3.9796166071045747,6.089999999999995,6.089999999999951,4.040404040404022,6.758229235449442,3.9840011039447454,3.913052734666067,6.096279678785699,5.932294708286712
2006-05-01,islenmis_gida,0.3236245954692629,0.3236245954692629,3.966463995327807,3.966463995327807,6.069469431904739,6.069469431904739,4.377104377104368,5.344049808953821,3.970847983177861,3.9003615740594633,6.0757816175389445,5.9128772325586
2006-06-01,islenmis_gida,0.3225806451612856,0.3225806451612856,2.6142412914015534,2.6142412914015534,5.350237994096463,5.350237994096463,4.713804713804692,3.516149707144578,2.6156645263224254,2.584820962522194,5.356299234695361,5.2291348683961125
2006-07-01,islenmis_gida,1.2861736334405238,1.2861736334405238,7.99615597855694,7.99615597855694,5.968858131487864,5.968858131487909,6.060606060606055,4.8422816990087325,8.00931415637518,7.729515496284289,5.979140269925076,5.821284115475178
2006-08-01,islenmis_gida,1.5873015873016039,1.5873015873016039,13.541110597376772,13.541110597376772,8.648367621937636,8.648367621937636,7.38255033557047,7.9872895720694,13.560556719967853,12.784223463613653,8.668772763860154,8.342292518836558
2006-09-01,islenmis_gida,0.9374999999999911,0.9374999999999689,16.350574818528372,16.350574818528262,9.266765115572762,9.266765115572717,8.026755852842804,12.597887370959636,16.35537457282126,15.243900882968386,9.287750682169627,8.91436092274529
2006-10-01,islenmis_gida,1.238390092879249,1.2383900928792935,16.131168391770956,16.131168391770956,11.989819964181358,11.989819964181404,9.000000000000007,15.340954774650672,16.135959270249046,15.052766720723465,12.005092126426753,11.391141108503877
2006-11-01,islenmis_gida,0.917431192660545,0.9174311926605228,13.098239898681552,13.098239898681552,13.319458896982294,13.319458896982294,9.63455149501662,15.170103510032163,13.099671622159681,12.37328514215914,13.329899406849698,12.578754302886397
2006-12-01,islenmis_gida,0.60606060606061,0.6060606060605878,11.620058422272805,11.620058422272805,13.960773771983327,13.96077377198328,9.570957095709565,13.585561711053318,11.624440695180716,11.047527566401616,13.967406901766278,13.145714224685001
2007-01-01,islenmis_gida,0.6024096385542244,0.6024096385542244,8.84158476447574,8.841584764475652,12.427311665406915,12.427311665406915,9.15032679738561,11.160480819447805,8.842987514972211,8.50360574910134,12.435281363839866,11.778186234912402
2007-02-01,islenmis_gida,0.8982035928143839,0.8982035928143839,8.758658974754653,8.758658974754653,10.907226562499961,10.907226562499961,9.771986970684043,9.72344362808446,8.759894061856532,8.426695349716784,10.91032696821519,10.399990245937962
2007-03-01,islenmis_gida,0.8902077151335286,0.8902077151335286,9.992565897980278,9.992565897980278,10.803324099722978,10.80332409972302,10.032362459546928,9.199199814632774,9.993796428244451,9.563283786008547,10.806368955997335,10.305405676205082
2007-04-01,islenmis_gida,0.2941176470588225,0.2941176470588225,8.650479855188209,8.650479855188209,8.745990330032093,8.74599033003205,10.355987055016191,9.132413105591208,8.655632577467376,8.33011582002694,8.749273061246443,8.41686078456414
2007-05-01,islenmis_gida,0.0,0.0,4.832975458138367,4.832975458138367,6.777777777777794,6.777777777777749,10.000000000000009,7.795306352205977,4.8415263719901125,4.737301448769404,6.784236368270458,6.581998399243094
2007-06-01,islenmis_gida,0.2932551319648091,0.29325513196483133,2.3737839585253884,2.373783958525477,6.114820728697912,6.1148207286980005,9.967845659163999,5.243480989692495,2.3749574633550097,2.3494911160946153,6.121718233959217,5.956387451051581
2007-07-01,islenmis_gida,0.5847953216374213,0.5847953216374213,3.565773782587822,3.565773782587822,6.077665029223023,6.077665029223023,9.206349206349218,3.583519321284667,3.569295045716281,3.5122018144090106,6.084523629644334,5.921158817217975
2007-08-01,islenmis_gida,1.4534883720930258,1.4534883720930258,9.719593992241116,9.719593992241204,7.248456885241605,7.248456885241605,9.062499999999996,5.185969930648593,9.735310834570665,9.326155302781114,7.26283768817968,7.031728375775259
2007-09-01,islenmis_gida,2.005730659025784,2.005730659025784,17.40742622532676,17.407426225326674,9.63321799307959,9.63321799307959,10.216718266253878,10.129109161880478,17.430913434026785,16.176057411024924,9.666315715280938,9.26277426355977
2007-10-01,islenmis_gida,2.2471910112359605,2.2471910112359605,25.36368927293522,25.36368927293522,13.944668518502578,13.944668518502624,11.314984709480136,17.38944421643658,25.371691253503204,22.82564016941908,13.993571211653721,13.168920991914046
2007-11-01,islenmis_gida,1.6483516483516425,1.6483516483516425,26.329619606985343,26.329619606985453,17.732045648042227,17.732045648042316,12.121212121212132,23.011182279673715,26.334032952167586,23.605093274453548,17.766871381373228,16.46562428861733
2007-12-01,islenmis_gida,1.3513513513513375,1.3513513513513375,23.11899989180539,23.11899989180539,20.229301323484172,20.22930132348413,12.95180722891567,24.91777261999337,23.128896121519738,20.987576043755762,20.248970999728357,18.581816727390343
2008-01-01,islenmis_gida,0.8000000000000007,0.7999999999999785,16.295166485767254,16.295166485767144,20.744321254732267,20.744321254732224,13.173652694610771,21.789039171139123,16.303579898122344,15.198811998811834,20.759632917322413,19.012226084115458
2008-02-01,islenmis_gida,1.85185185185186,1.8518518518518823,17.229259519326256,17.229259519326167,21.694403165819654,21.694403165819654,14.243323442136502,18.812752309517357,17.241903138508153,16.012812812812793,21.710163818935,19.80895304363317
2008-03-01,islenmis_gida,2.857142857142847,2.857142857142869,24.352829849600035,24.352829849600035,23.734376972604476,23.734376972604476,16.470588235294127,19.290967046410003,24.403602544164116,22.03597883597892,23.764745004921718,21.51177743986734
2008-04-01,islenmis_gida,3.535353535353525,3.535353535353525,38.41024185709014,38.41024185709014,26.871754619007305,26.871754619007305,20.23460410557183,26.51092201190113,38.44791265054677,32.97739297739311,26.933767203886163,24.08810248810247
2008-05-01,islenmis_gida,2.1951219512195363,2.1951219512195363,40.28562579721056,40.28562579721056,28.24032140248356,28.24032140248356,22.873900293255133,34.26886153938939,40.309443661024915,34.350473374863725,28.301230378485887,25.181643093838257
2008-06-01,islenmis_gida,2.1479713603818507,2.1479713603818507,36.45653285609634,36.456532856096224,30.264177777777768,30.264177777777768,25.14619883040936,38.35898484548845,36.48860262860802,31.513787387819647,30.317744801152724,26.774883111899285
2008-07-01,islenmis_gida,0.9345794392523477,0.9345794392523477,23.25358505549491,23.25358505549491,30.61224489795922,30.61224489795922,25.581395348837212,32.99494432193977,23.277963178861725,21.11069100341494,30.661265392791393,27.044041990404022
2008-08-01,islenmis_gida,0.6944444444444198,0.6944444444444198,16.1718581689843,16.1718581689843,27.660651037274377,27.660651037274377,24.641833810888226,24.892028321532813,16.19930430611516,15.107980976314472,27.73385874192009,24.729227175589095
2008-09-01,islenmis_gida,-0.22988505747125743,-0.22988505747125743,5.726496728121688,5.726496728121688,20.112743597592097,20.112743597592054,21.91011235955056,14.754064142478661,5.742367187790132,5.59655530490204,20.217422578725074,18.555171346360844
2008-10-01,islenmis_gida,0.0,0.0,1.864751671707765,1.864751671707765,12.049970255800124,12.049970255800124,19.23076923076923,7.719786739246914,1.8741459902452462,1.8582375478926494,12.108679807807853,11.484464275653794
2008-11-01,islenmis_gida,-0.23041474654377225,-0.23041474654377225,-1.8264359776260397,-1.8264359776260397,6.79421967293421,6.79421967293421,17.02702702702703,1.8662016340998733,-1.8257408416816556,-1.8411992160601187,6.838828854829071,6.633390880127177
2008-12-01,islenmis_gida,0.0,0.0,-0.9184784192065698,-0.9184784192065698,2.350096078260111,2.350096078260111,15.466666666666672,-0.3071015008243472,-0.9177755998200032,-0.921658986175089,2.3626532612040174,2.3374481593634755
2009-01-01,islenmis_gida,-0.2309468822170868,-0.2309468822170868,-1.8306152433547496,-1.8306152433547496,0.0,0.0,14.285714285714302,-1.526107080462602,-1.8299169221940748,-1.8454465150434363,0.006395703898443017,0.006395516424606562
2009-02-01,islenmis_gida,-0.6944444444444531,-0.6944444444444531,-3.644261721276998,-3.644261721276998,-2.739595719381671,-2.739595719381671,11.428571428571432,-2.134883126908116,-3.639407619201762,-3.7015653066461596,-2.7364492926725825,-2.771382261353139
2009-03-01,islenmis_gida,0.0,0.0,-3.644261721276998,-3.644261721276998,-2.290874726581582,-2.290874726581582,8.333333333333325,-3.0416018346696383,-3.639407619201762,-3.7015653066461596,-2.287277454796488,-2.3116121464106243
2009-04-01,islenmis_gida,0.2331002331002363,0.2331002331002363,-1.8390314152200604,-1.8390314152200604,-1.8348234194822455,-1.8348234194822455,4.878048780487809,-3.0462342046131963,-1.8298484220582112,-1.845376845376867,-1.829882672131622,-1.8454116802101517
2009-05-01,islenmis_gida,0.0,0.0,0.9356661447410763,0.9356661447410763,-1.3808810116860193,-1.3808810116860193,2.6252983293555854,-1.5366598678900445,0.9363958900092895,0.9324009324009452,-1.3758293323069437,-1.3845821871226072
2009-06-01,islenmis_gida,-0.23255813953487747,-0.23255813953487747,0.0,0.0,-1.8390412237517917,-1.8390412237517917,0.2336448598130758,-0.30971715042205084,0.0021683958117524327,0.0021683742614353463,-1.834097413760205,-1.8496984661923621
2009-07-01,islenmis_gida,0.4662004662004504,0.4662004662004504,0.9334825893639431,0.9334825893639431,-0.46242712620030435,-0.46242712620030435,-0.23148148148149916,0.6225662140714183,0.9385828912717331,0.9345693066622918,-0.4544544214008739,-0.45540376935728766
2009-08-01,islenmis_gida,0.23201856148493682,0.23201856148493682,1.873485400290953,1.873485400290953,1.4034916132818376,1.4034916132818376,-0.6896551724137834,0.9342093078950731,1.878627720320103,1.862643552602039,1.406508647338156,1.3975222425014922
2009-09-01,islenmis_gida,0.0,0.0,2.82668111364921,2.82668111364921,1.4034916132818376,1.4034916132818376,-0.4608294930875445,1.8749489815085951,2.828905641707724,2.792876110741549,1.406508647338156,1.3975222425014922
2009-10-01,islenmis_gida,0.4629629629629539,0.4629629629629539,2.813427477291053,2.813427477291053,1.8691184424012963,1.8691184424012963,0.0,2.5037912420101005,2.8156209922792996,2.779926097791563,1.8731391571071176,1.8572477022269274
2009-11-01,islenmis_gida,0.23041474654377225,0.23041474654377225,2.80684715472157,2.80684715472157,2.3391022174148235,2.3391022174148235,0.4618937644341736,2.8156277794536777,2.8090405409103125,2.7735108380269047,2.3428649305456073,2.318077195314472
2009-12-01,islenmis_gida,0.6896551724137945,0.6896551724137945,5.672371690910283,5.672371690910283,4.239816127928031,4.239816127928031,1.1547344110854452,3.758402517344117,5.674580123955697,5.532131527682083,4.242842078365783,4.162503819211816
2010-01-01,islenmis_gida,0.6849315068493178,0.6849315068493178,6.609385438988391,6.609385438988391,4.694203842571909,4.694203842571909,2.083333333333326,5.022581937984483,6.612324318296192,6.420005703227538,4.698197753810729,4.599965900509551
2010-02-01,islenmis_gida,0.9070294784580435,0.9070294784580435,9.517372572037864,9.517372572037864,6.109074931412883,6.109074931412883,3.7296037296037365,7.261225385044279,9.518066933741952,9.126464630884623,6.114960486103471,5.949987734455764
2010-03-01,islenmis_gida,0.22471910112358273,0.22471910112358273,7.508547126711029,7.508547126711029,6.586505486968464,6.586505486968464,3.9627039627039506,7.873445153700875,7.51369683866514,7.266720345723776,6.590502555788724,6.399425936702929
2010-04-01,islenmis_gida,0.0,0.0,4.612860382520401,4.612860382520401,5.606404892862482,5.606404892862482,3.7209302325581506,7.187506523150788,4.622114920569498,4.526994318326505,5.6129223347197055,5.4735000107770215
2010-05-01,islenmis_gida,-0.22421524663677195,-0.22421524663677195,0.0,0.0,4.650548289073897,4.650548289073897,3.488372093023262,3.9857165046812026,0.002015436564395401,0.0020154179472431366,4.660942317586914,4.564240024415933
2010-06-01,islenmis_gida,-0.44943820224719877,-0.44943820224717657,-2.663557353485557,-2.663557353485513,2.296136444194241,2.2961364441942855,3.263403263403264,0.6019546592223701,-2.66158231411866,-2.694613795535794,2.3101587135167634,2.286053275093991
2010-07-01,islenmis_gida,0.4514672686230403,0.4514672686230181,-0.8938491441526142,-0.8938491441526142,1.822285981664007,1.822285981664007,3.2482598607888713,-1.1913493314235413,-0.8851334189732163,-0.8887447210437216,1.8343689381881578,1.8191247986413916
2010-08-01,islenmis_gida,0.44943820224718767,0.44943820224718767,1.809908845302477,1.809908845302477,0.9008963514707702,0.9008963514707702,3.47222222222221,-0.5970132579626752,1.8208913052580433,1.8058690744921169,0.9076967606877373,0.90394224621968
2010-09-01,islenmis_gida,0.8948545861297452,0.8948545861297674,7.42151241345157,7.42151241345157,2.2547205855737884,2.254720585573833,4.39814814814814,2.7260838992378744,7.42430486265675,7.183040227999893,2.267441653123403,2.2442132162320494
2010-10-01,islenmis_gida,1.1086474501108556,1.1086474501108334,10.260339846005785,10.260339846005785,4.534577409559781,4.534577409559781,5.069124423963123,6.452057466604089,10.265251573141288,9.811760953951154,4.553879770826352,4.461508116453716
2010-11-01,islenmis_gida,1.0964912280701844,1.0964912280701844,13.128911647350815,13.128911647350815,7.320287842444118,7.320287842444118,5.977011494252893,10.260339846005785,13.129551131418161,12.399973057243141,7.338780755657326,7.102921065867629
2010-12-01,islenmis_gida,0.2169197396963085,0.2169197396963085,10.1188670945632,10.118867094563111,8.761828085748213,8.761828085748169,5.47945205479452,11.161145642433645,10.13022441436111,9.688233671509305,8.769551515348283,8.435636949754599
2011-01-01,islenmis_gida,1.298701298701288,1.298701298701288,10.949165905725122,10.949165905725122,10.604216639313213,10.604216639313213,6.122448979591821,11.386834668202983,10.963622743681478,10.448449065871124,10.61393193513469,10.130105009911139
2011-02-01,islenmis_gida,0.8547008547008517,0.8547008547008517,9.891548458249598,9.891548458249598,11.498481049402166,11.498481049402166,6.067415730337067,10.31832647497437,9.904352117275028,9.481287572393793,11.5062631226462,10.940630314818467
2011-03-01,islenmis_gida,0.6355932203389925,0.6355932203389925,11.739451779059129,11.739451779059129,10.926199969518336,10.92619996951829,6.502242152466375,10.858422598979844,11.744456533739012,11.155981494964529,10.934649053581257,10.422107583236917
2011-04-01,islenmis_gida,0.0,0.0,6.118481347341276,6.118481347341276,8.506944444444464,8.506944444444464,6.502242152466375,9.21690507922872,6.126775252608874,5.9611763001593765,8.52049934944279,8.20481268301525
2011-05-01,islenmis_gida,0.21052631578946102,0.21052631578946102,3.433165542398209,3.433165542398209,6.613464081196652,6.613464081196652,6.966292134831442,7.025199866795395,3.4374755400255363,3.384478144513814,6.6259806970825785,6.432882858453803
2011-06-01,islenmis_gida,0.21008403361344463,0.21008403361344463,1.6948775354393986,1.6948775354393986,6.598920559959498,6.598920559959498,7.674943566591419,3.725866217100493,1.6954758457154995,1.6824413976116226,6.611482051708406,6.419211446288076
2011-07-01,islenmis_gida,1.048218029350112,1.048218029350112,6.02632645433967,6.02632645433967,6.072393892906747,6.072393892906747,8.314606741573026,3.707273988255144,6.036137777336781,5.8753135150120706,6.081447641418958,5.9182449075857235
2011-08-01,islenmis_gida,0.6224066390041472,0.6224066390041472,7.780239304953396,7.780239304953396,5.584332806664749,5.584332806664749,8.501118568232657,5.145495234278674,7.787717120811166,7.522834807870815,5.5920620442516,5.4536564761923145
2011-09-01,islenmis_gida,1.4432989690721598,1.4432989690721598,13.184483905744958,13.184483905744958,7.285983379501393,7.285983379501393,9.090909090909104,8.970347995413785,13.191959655975683,12.455694549705676,7.302662650367209,7.069067973658649
2011-10-01,islenmis_gida,1.0162601626016121,1.0162601626016121,13.041367317041598,13.041367317041598,9.477673130193875,9.477673130193875,8.991228070175449,11.322340811770859,13.048834194821213,12.327863082711676,9.491031552943173,9.101588298861873
2011-11-01,islenmis_gida,1.4084507042253502,1.4084507042253502,16.615208034503336,16.615208034503336,12.110726643598625,12.110726643598625,9.327548806941422,14.280059536603629,16.617766952011248,15.472039343596489,12.123086422414264,11.497437075733652
2011-12-01,islenmis_gida,0.7936507936507908,0.793650793650813,13.656541886164497,13.656541886164586,13.42026730658512,13.420267306585165,9.956709956709965,14.428918028124137,13.660851572786559,12.873446641911102,13.426183511982304,12.664570595808389
2012-01-01,islenmis_gida,0.9842519685039353,0.9842519685039353,13.51255667325335,13.512556673253439,13.276716998674253,13.276716998674253,9.615384615384626,14.574887803841019,13.516956575320883,12.745413865520394,13.282673730651307,12.536638474116035
2012-02-01,islenmis_gida,0.7797270955165692,0.779727095516547,10.723556368786058,10.723556368786058,13.631204166223831,13.631204166223831,9.533898305084755,12.612373211473948,10.724124758684717,10.230519430685181,13.635926012999233,12.851279387140835
2012-03-01,islenmis_gida,0.3868471953578423,0.3868471953578423,8.946826000119756,8.946826000119756,11.276769779892938,11.276769779892938,9.263157894736839,11.032140403453905,8.950788535944799,8.603305037513298,11.282979493916457,10.7383758397122
2012-04-01,islenmis_gida,0.5780346820809079,0.5780346820809079,7.2043854486183,7.204385448618211,10.313389390669968,10.313389390669968,9.894736842105267,8.940769510134828,7.206021466911872,6.978435891821189,10.32012886468645,9.861924878670791
2012-05-01,islenmis_gida,0.5747126436781658,0.5747126436781658,6.334707615920476,6.334707615920476,8.506944444444464,8.506944444444464,10.294117647058831,7.4834725394362644,6.33521203377565,6.158378084467664,8.5093292700817,8.194448757576422
2012-06-01,islenmis_gida,0.3809523809523707,0.3809523809523707,6.309733501306791,6.309733501306791,7.620202740405468,7.620202740405424,10.482180293501052,6.613755325310522,6.310269679567937,6.134798826845778,7.623106077352393,7.369051932179538
2012-07-01,islenmis_gida,0.569259962049351,0.569259962049351,6.272639275598824,6.272639275598824,6.7374956776824035,6.737495677682359,9.958506224066376,6.305590275606443,6.273151696458967,6.09969994671955,6.738652381181631,6.539067919270369
2012-08-01,islenmis_gida,0.5660377358490676,0.5660377358490676,6.235978526313635,6.235978526313635,6.285331607361333,6.285331607361333,9.896907216494855,6.272639275598824,6.23646760751162,6.065000315403157,6.285829308985136,6.111689199935411
2012-09-01,islenmis_gida,0.7504690431519689,0.7504690431519689,7.808916655858811,7.808916655858811,7.056700858698894,7.056700858698894,9.146341463414643,6.772895086443209,7.809391035608626,7.54306696420155,7.0574250316826515,6.838932895523664
2012-10-01,islenmis_gida,1.3035381750465591,1.3035381750465591,10.992113276744565,10.992113276744565,8.606743882209633,8.606743882209633,9.456740442655942,8.33984374864556,10.99853344174937,10.480179816190383,8.612288026901705,8.289939881454966
2012-11-01,islenmis_gida,1.1029411764705843,1.1029411764705843,13.381427841270078,13.381427841270078,9.75056689342404,9.75056689342404,9.126984126984116,10.720323717594816,13.384911281628241,12.62779357867645,9.75735379734819,9.346396947039803
2012-12-01,islenmis_gida,0.9090909090909038,0.9090909090909038,14.097148228264444,14.097148228264444,10.908475528302786,10.908475528302786,9.251968503937015,12.824311499038753,14.098884999479022,13.262281042432189,10.913277993073534,10.40267400331687
2013-01-01,islenmis_gida,0.7207207207207134,0.7207207207207134,11.494034941292464,11.494034941292464,11.242791028835896,11.242791028835896,8.966861598440534,12.979374577894864,11.495634606005801,10.931011225128806,11.246829503281885,10.705595520659594
2013-02-01,islenmis_gida,0.3577817531305927,0.3577817531305927,8.243215999999997,8.243215999999997,10.782536458645042,10.782536458645042,8.510638297872353,11.235497449105235,8.246573231821097,7.9503735317688395,10.788438333109829,10.289083555222645
2013-03-01,islenmis_gida,0.7130124777183555,0.7130124777183777,7.404346943301543,7.404346943301632,10.700179284181011,10.700179284181077,8.863198458574173,9.022716295419242,7.406173704494101,7.166059806278735,10.70617682336783,10.214170424355462
2013-04-01,islenmis_gida,0.0,0.0,4.363001195152916,4.3630011951530046,7.869606942041507,7.869606942041574,8.23754789272031,6.650069444150319,4.36826943219244,4.283176923395882,7.87800709371822,7.607094074262344
2013-05-01,islenmis_gida,0.5309734513274211,0.5309734513273989,5.08528292099284,5.085282920992751,6.652561983471061,6.652561983471017,8.190476190476193,5.606706358306246,5.091010429559484,4.975943716183107,6.658094829647432,6.463158623975973
2013-06-01,islenmis_gida,0.35211267605634866,0.35211267605637087,3.587089643235619,3.587089643235619,5.478451424397401,5.478451424397401,8.159392789373832,4.34195533935684,3.590097727495767,3.532344509535079,5.482317881252596,5.349202157906907
2013-07-01,islenmis_gida,0.35087719298245723,0.3508771929824128,5.0486133103374575,5.048613310337258,4.705246078961611,4.705246078961567,7.924528301886791,4.570699028745162,5.0490606451707,4.9358532814647305,4.708157851946249,4.609515102430306
2013-08-01,islenmis_gida,0.8741258741258751,0.8741258741258973,6.490265491464897,6.490265491465008,5.785441708687977,5.785441708688022,8.255159474671657,5.039528375636926,6.494098980086571,6.308462972658724,5.790422438764398,5.642203344420915
2013-09-01,islenmis_gida,1.0398613518197708,1.0398613518197486,9.439675423486626,9.439675423486538,6.47317722609444,6.473177226094395,8.566108007448792,6.987480166566207,9.445258312799364,9.059457675712235,6.480792040575634,6.295901092623657
2013-10-01,islenmis_gida,0.8576329331046351,0.8576329331046351,11.667087528680064,11.667087528680153,8.307306758555866,8.307306758555821,8.088235294117641,9.18959914647164,11.667532816557348,11.086480636201124,8.311965011028466,8.011166958832927
2013-11-01,islenmis_gida,0.5102040816326481,0.5102040816326481,10.064349431348706,10.064349431348706,8.26255951200161,8.262559512001655,7.454545454545447,10.387553830066087,10.067488406359715,9.630793466228127,8.267280407290901,7.969628219443425
2013-12-01,islenmis_gida,0.6768189509306355,0.6768189509306133,8.490982916722745,8.490982916722745,8.964296706678955,8.964296706678908,7.207207207207222,10.058328129215322,8.492275475097234,8.178623862671586,8.967811919615931,8.61904076919191
2014-01-01,islenmis_gida,1.3445378151260456,1.3445378151260678,10.60122680568243,10.60122680568243,11.13287935840388,11.13287935840388,7.871198568872995,9.717435773899252,10.609696277698966,10.126243390757317,11.137460838561175,10.60636201347922
2014-02-01,islenmis_gida,1.6583747927031434,1.6583747927031434,15.742264355210223,15.742264355210223,12.867608409000141,12.867608409000098,9.269162210338667,11.596400019512965,15.753631675120495,14.718926235039298,12.877743489701277,12.174859850633712
2014-03-01,islenmis_gida,1.4681892332789603,1.4681892332789603,19.42456714323153,19.42456714323162,13.826572792882374,13.826572792882374,10.088495575221224,15.23053180456968,19.425725974036222,17.884407364432686,13.838734642026097,13.031515613552136
2014-04-01,islenmis_gida,1.12540192926045,1.12540192926045,18.394992192162142,18.394992192162142,14.431776111805306,14.431776111805306,11.327433628318584,17.853441689001535,18.398353014777392,17.007863820970215,14.443301483994198,13.567053605863766
2014-05-01,islenmis_gida,0.6359300476947549,0.6359300476947549,13.703266655140855,13.703266655140855,14.718235460846717,14.718235460846717,11.443661971830998,17.125050883923223,13.711059378288093,12.918084840936661,14.72817875931096,13.81850553798798
2014-06-01,islenmis_gida,1.1058451816745807,1.1058451816745807,12.087803103849314,12.087803103849314,15.698043923451731,15.698043923451777,12.280701754385959,14.672695773936685,12.091185061418042,11.468708634519142,15.705192455213602,14.676557999475914
2014-07-01,islenmis_gida,0.9374999999999911,0.9374999999999911,11.257037148889527,11.257037148889527,14.770536482870344,14.770536482870344,12.937062937062937,12.335304503224421,11.259516377679258,10.717100917477307,14.778068134626498,13.86248236922376
2014-08-01,islenmis_gida,1.0835913312693624,1.0835913312693624,13.249915079968645,13.249915079968645,13.476364468596413,13.476364468596413,13.171577123050282,12.198652859137704,13.250286269447976,12.507746051775737,13.48045844880823,12.712915446356199
2014-09-01,islenmis_gida,0.7656967840734996,0.7656967840735218,11.733570871353137,11.733570871353226,11.910546830574553,11.910546830574553,12.86449399656946,12.078227034210753,11.73468184555313,11.147152461371501,11.912803326203791,11.307930547945322
2014-10-01,islenmis_gida,1.0638297872340496,1.0638297872340274,12.293988936914113,12.293988936914113,11.774310549210032,11.774310549210032,13.095238095238093,12.421108198497155,12.295387476032339,11.652471610307646,11.7763519562895,11.184786263892477
2014-11-01,islenmis_gida,0.9022556390977376,0.9022556390977376,11.490369700295,11.490369700295,12.366698362071338,12.366698362071338,13.53637901861251,11.837996809102203,11.491345068359138,10.927128841621148,12.367660828695538,11.717437446698442
2014-12-01,islenmis_gida,0.29806259314457684,0.29806259314457684,9.435110920054711,9.435110920054711,10.578369140625,10.578369140625,13.10924369747899,11.059686794589574,9.442145592392205,9.056592077905368,10.582967987995051,10.101872269638434
2015-01-01,islenmis_gida,0.8915304606240682,0.891530460624046,8.690732575716819,8.690732575716819,10.47767159658386,10.47767159658386,12.603648424543934,9.85903252363629,8.695865842047358,8.367394771465442,10.482189872634716,10.009933190886544
2015-02-01,islenmis_gida,0.7363770250368162,0.7363770250368384,7.977763088048095,7.977763088048095,9.720010600151486,9.720010600151486,11.582381729200652,8.695228224247087,7.981806191347274,7.703880315221845,9.723713924036016,9.315504578421496
2015-03-01,islenmis_gida,0.7309941520467822,0.7309941520467822,9.854191146707581,9.854191146707581,9.644450808843219,9.644450808843175,10.771704180064301,8.840287117681012,9.854550599773937,9.435606550830666,9.648170363271369,9.246099314368017
2015-04-01,islenmis_gida,0.5805515239477588,0.5805515239477588,8.506021866369817,8.506021866369906,8.59833795013849,8.59833795013849,10.174880763116057,8.77716545211118,8.506356967844697,8.191690804125518,8.601073513047087,8.27954278779548
2015-05-01,islenmis_gida,0.43290043290042934,0.43290043290042934,7.2043854486183,7.2043854486183,7.590379374601608,7.590379374601608,9.952606635071092,8.51032849401523,7.205327106624604,6.977784435579881,7.592924558672198,7.340832375400863
2015-06-01,islenmis_gida,0.4310344827586299,0.4310344827586299,5.933132635852245,5.933132635852245,7.875848090981119,7.8758480909811635,9.218749999999986,7.2043854486183,5.933441418110963,5.777945758427272,7.8776662892930505,7.606776154628969
2015-07-01,islenmis_gida,0.7153075822603716,0.7153075822603494,6.501983976218795,6.501983976218795,7.499333031118716,7.499333031118716,8.978328173374607,6.543874404304373,6.503111425835195,6.3169699916776345,7.500456875527761,7.254330397901576
2015-08-01,islenmis_gida,0.8522727272727293,0.8522727272727293,8.292015420358045,8.292015420358045,7.746828083854851,7.746828083854895,8.728943338437967,6.909381077373822,8.293989853916539,7.994459169166834,7.748398118826261,7.486121802373358
2015-09-01,islenmis_gida,0.5633802816901401,0.5633802816901179,8.86396403545444,8.863964035454352,7.38855032745549,7.38855032745549,8.51063829787233,7.8858573474595905,8.86486068021446,8.523842364892786,7.389982572804632,7.150894061660029
2015-10-01,islenmis_gida,0.5602240896358524,0.5602240896358746,8.194987333078952,8.194987333079041,7.34514803778874,7.34514803778874,7.969924812030071,8.449639237711427,8.19618796821957,7.903508394394887,7.346589982461937,7.110239193036261
2015-11-01,islenmis_gida,0.6963788300835771,0.696378830083555,7.527560825669188,7.5275608256691,7.909111177170058,7.909111177170058,7.749627421758576,8.190993727092778,7.527817389430602,7.27993280563819,7.9102803023329615,7.637195987402512
2015-12-01,islenmis_gida,0.8298755186721962,0.8298755186721962,8.671901479700338,8.671901479700338,8.767890364530562,8.767890364530562,8.320950965824657,8.131553117218782,8.672680811664502,8.345913753566503,8.76873183845952,8.434878059229645
2016-01-01,islenmis_gida,0.9602194787380114,0.9602194787379892,10.41128907294353,10.41128907294353,9.29752066115701,9.29752066115701,8.39469808541975,8.870797609768367,10.412045129942825,9.945895309974961,9.29896924446374,8.924701852184924
2016-02-01,islenmis_gida,1.0869565217391353,1.0869565217391353,12.134319803167969,12.134319803168058,9.806784368180942,9.806784368180942,8.771929824561408,10.40627704486976,12.135046952691365,11.508206076597283,9.80928473856466,9.394069441117736
2016-03-01,islenmis_gida,0.8064516129032251,0.8064516129032029,12.03015589032972,12.030155890329631,10.338252948238136,10.338252948238091,8.853410740203206,11.527127543951977,12.031023602646673,11.41451045352131,10.34014057037249,9.880212103543906
2016-04-01,islenmis_gida,0.40000000000000036,0.40000000000000036,9.56419380449962,9.564193804499531,9.986925923914347,9.986925923914303,8.658008658008676,11.230277069601424,9.569345406574303,9.173632538569354,9.989955470795575,9.559763924272158
2016-05-01,islenmis_gida,0.5312084993359889,0.5312084993360111,7.174576436821445,7.174576436821356,9.626402973624959,9.626402973624959,8.764367816091955,9.559714813288679,7.176399117142496,6.950640448956857,9.630026564094042,9.22942326277707
2016-06-01,islenmis_gida,0.0,0.0,3.7859259736494177,3.7859259736495066,7.829279261479671,7.829279261479671,8.29756795422032,6.803781179472046,3.7890875222273745,3.724833997344046,7.837898288325906,7.569672225432678
2016-07-01,islenmis_gida,0.7926023778071389,0.7926023778070945,5.418843390739414,5.418843390739414,7.471533849243839,7.471533849243839,8.380681818181813,5.448360747880865,5.4256675870373305,5.2952435085724225,7.479202906200788,7.234438023570888
2016-08-01,islenmis_gida,0.2621231979030192,0.2621231979030192,4.294696014450228,4.294696014450139,5.724830905306999,5.724830905306888,7.7464788732394485,4.4987417054276335,4.301445327378173,4.218902302840455,5.729965093002809,5.584771375898656
2016-09-01,islenmis_gida,0.2614379084967311,0.2614379084967311,5.389644073432942,5.389644073432853,4.584711111111095,4.584711111111095,7.422969187675066,5.032736098843604,5.3935644894184565,5.264653936827379,4.588505679941446,4.4947439670857126
2016-10-01,islenmis_gida,0.39113428943937656,0.39113428943939876,3.7205351520554153,3.720535152055504,4.566241452957542,4.566241452957587,7.2423398328690824,4.464602175706012,3.720765085651623,3.658781583356596,4.570031350809467,4.477012545964509
2016-11-01,islenmis_gida,0.2597402597402487,0.2597402597402265,3.710674965482985,3.7106749654828963,4.002275547117251,4.002275547117162,6.777316735822958,4.267968974829994,3.7109091600268984,3.6492498307054255,4.005793044715622,3.93407606677294
2016-12-01,islenmis_gida,0.7772020725388629,0.7772020725389073,5.86122912671907,5.861229126719181,5.625173414489848,5.625173414489848,6.721536351165991,4.429014619822902,5.8642613925635745,5.71230648687413,5.6286726033051515,5.488480211850755
2017-01-01,islenmis_gida,1.0282776349614497,1.0282776349614275,8.574361352123127,8.574361352123127,6.119700636756709,6.119700636756709,6.7934782608695565,6.040087295602348,8.580945976910236,8.260879868962245,6.125354305839226,5.959830726159421
2017-02-01,islenmis_gida,1.3994910941475647,1.399491094147609,13.596273386180124,13.596273386180414,8.540988508693204,8.540988508693292,7.123655913978477,9.317128841077405,13.6006317321552,12.819883206591776,8.552573432675747,8.2345665186486
2017-03-01,islenmis_gida,0.8782936010037545,0.8782936010037101,14.052762011946186,14.052762011946097,9.88068789319534,9.880687893195294,7.199999999999984,12.061836741749698,14.055972968853258,13.224249320450987,9.89016684983035,9.468277903662559
2017-04-01,islenmis_gida,0.995024875621886,0.9950248756219082,13.902677417813436,13.902677417813436,11.206611570247915,11.206611570247915,7.835325365205836,13.851284256419172,13.906010003304669,13.09123828309291,11.21426606278726,10.676059076027578
2017-05-01,islenmis_gida,0.8620689655172376,0.8620689655172376,11.507048733127533,11.507048733127444,12.546813337270791,12.546813337270834,8.19022457067371,13.138890079166154,11.507279112474444,10.941549768571424,12.549494187551712,11.8807164875816
2017-06-01,islenmis_gida,0.3663003663003872,0.3663003663003872,9.260472717622093,9.260472717622182,11.630903840180839,11.630903840180796,8.58652575957728,11.527127543952066,9.265205839542311,8.893576829758132,11.637034421481074,11.05891307510456
2017-07-01,islenmis_gida,0.9732360097323589,0.9732360097323589,9.166214946497341,9.166214946497341,11.509300804796396,11.509300804796396,8.781127129750988,9.96682698454543,9.17071330882604,8.806421366199935,11.515323822020406,10.948829824646422
2017-08-01,islenmis_gida,1.3253012048192625,1.3253012048192403,11.185557020034409,11.18555702003432,11.346186845589411,11.346186845589301,9.934640522875803,9.873574052626122,11.195848809729391,10.659350323407946,11.35146415730035,10.800450045989685
2017-09-01,islenmis_gida,0.7134363852556502,0.7134363852556502,12.731781747257287,12.731781747257198,10.982556124848465,10.982556124848465,10.430247718383324,11.028049475971669,12.735948893469784,12.047894399228998,10.988141722102318,10.470735614493565
2017-10-01,islenmis_gida,1.5348288075560657,1.5348288075560657,15.2607484786492,15.260748478649111,12.172098328035164,12.17209832803512,11.688311688311682,13.059409551878588,15.268960482984163,14.294265590523825,12.181857863172652,11.55034347836188
2017-11-01,islenmis_gida,1.1627906976744207,1.1627906976744207,14.523082056495152,14.523082056495152,12.841980973849099,12.841980973849054,12.694300518134716,14.174353249809624,14.530660552776586,13.644223561944546,12.851963593716253,12.151786942676246
2017-12-01,islenmis_gida,0.34482758620690834,0.34482758620695275,12.855657027309197,12.855657027309398,12.793702381586636,12.79370238158668,12.210796915167087,14.20201568516326,12.872076539003707,12.169788365749756,12.803993893203636,12.108841382489377
2018-01-01,islenmis_gida,1.7182130584192379,1.7182130584192379,13.67319272458396,13.673192724584048,14.464218319059352,14.464218319059352,12.977099236641232,13.680427391245065,13.694456085444084,12.903325369202445,14.479226989445348,13.598795479863135
2018-02-01,islenmis_gida,2.1396396396396344,2.1396396396396344,18.127805979326773,18.12780597932686,16.31148016135031,16.311480161350357,13.801756587202018,14.890898748396154,18.16840625597731,16.8107211370633,16.336500277308286,15.227472349503923
2018-03-01,islenmis_gida,1.4332965821389099,1.4332965821389099,23.33727091545168,23.33727091545159,17.9801201267338,17.980120126733844,14.427860696517424,18.353924494493135,23.343284530712793,21.16459712079113,18.001252672239044,16.667192743270444
2018-04-01,islenmis_gida,0.6521739130434856,0.6521739130435078,18.247531584458045,18.247531584458155,15.937804218496488,15.937804218496598,14.039408866995085,19.878542261935685,18.273003946669995,16.90044053928821,15.96301796149302,14.901882954245327
2018-05-01,islenmis_gida,0.3239740820734305,0.3239740820734305,10.06106419193542,10.06106419193551,14.023120623596231,14.023120623596341,13.431013431013428,17.03308382577644,10.0751154792595,9.637778309023393,14.0559734230288,13.224249723043346
2018-06-01,islenmis_gida,1.2917115177610405,1.2917115177610183,9.447837309986973,9.447837309986973,16.185186497299007,16.185186497298965,14.476885644768856,12.478452496002813,9.458272727696016,9.071438051511826,16.21082229544937,15.118017586151478
2018-07-01,islenmis_gida,1.0626992561105109,1.0626992561105109,11.244390531343228,11.24439053134314,14.692521913805678,14.692521913805678,14.578313253012043,10.252259607786108,11.255589016066558,10.713539423779839,14.71511825763885,13.806989981534024
2018-08-01,islenmis_gida,2.208201892744488,2.2082018927444658,19.84011130811303,19.840111308112828,14.846550594481966,14.846550594481922,15.576694411414982,13.459301280262114,19.857169117629205,18.25045066646398,14.87072815179813,13.944114487743686
2018-09-01,islenmis_gida,6.378600823045266,6.378600823045288,45.78863217596558,45.78863217596558,26.318052930056734,26.318052930056734,22.077922077922075,25.099804157395678,46.214207104129066,38.598007887601064,26.618830793005642,23.83472296955644
2018-10-01,islenmis_gida,3.578336557059969,3.578336557059947,60.85546318809916,60.85546318809902,33.7694582705522,33.769458270552086,24.534883720930246,41.546012834758116,61.12308467849521,48.66055709139881,34.0788367440263,29.68704825758932
2018-11-01,islenmis_gida,0.37348272642390157,0.37348272642390157,49.61281601094336,49.61281601094336,33.901518004359055,33.90151800435894,23.563218390804618,51.990493596604814,50.11950906091356,41.321680426116544,34.20845024969752,29.786065546290263
2018-12-01,islenmis_gida,0.09302325581395099,0.0930232558139954,17.26460102855869,17.2646010285588,30.751083309523295,30.75108330952334,23.253150057273754,40.96031001902425,17.434751937184846,16.179370157191375,31.10234147980222,27.388689022396218
2019-01-01,islenmis_gida,0.8364312267657992,0.8364312267657548,5.3321792209175545,5.3321792209175545,30.166264743183604,30.166264743183557,22.18468468468466,22.327490591500386,5.338062874610783,5.211748836014607,30.523469834375128,26.936152963706704
2019-02-01,islenmis_gida,0.4608294930875667,0.4608294930875889,5.699305739058835,5.699305739058924,25.75361140747514,25.753611407475184,20.176405733186332,9.23439258176666,5.705093760403912,5.561135902669356,26.13138137055586,23.441408164392953
2019-03-01,islenmis_gida,0.18348623853210455,0.18348623853212676,6.081943603156126,6.081943603156126,11.53320937262663,11.533209372626697,18.695652173913047,5.7047232644183765,6.086454421977527,5.922987833541882,11.628479467887631,11.051178995366628
2019-04-01,islenmis_gida,1.0073260073260037,1.0073260073259815,6.802912751024404,6.802912751024492,6.064996804822131,6.064996804822176,19.114470842332597,6.195825162695279,6.810331520222368,6.606566955782789,6.071855713521446,5.909157895898698
2019-05-01,islenmis_gida,2.7198549410698103,2.7198549410698325,16.738376091553043,16.738376091553132,11.081795565170394,11.081795565170438,21.95909580193758,9.815942301316994,16.814369984892608,15.642668747711763,11.132547977641384,10.60190232519056
2019-06-01,islenmis_gida,2.471315092674309,2.4713150926742866,27.772774550183478,27.772774550183364,16.42329777089866,16.42329777089866,23.379383634431438,16.892231522290402,27.81492873617646,24.793984164280403,16.487096382270995,15.358485998911142
2019-07-01,islenmis_gida,1.7226528854435985,1.7226528854435763,31.43091781433005,31.430917814329938,18.478710526874643,18.478710526874686,24.18506834910621,25.2211650512546,31.444472889950468,27.65529167675078,18.542104182542385,17.130929316266787
2019-08-01,islenmis_gida,0.592718035563089,0.592718035563089,20.87768197922857,20.877681979228456,18.790000841679987,18.790000841679987,22.222222222222232,26.58013399587469,20.919639878290972,19.146744054723808,18.85075780029828,17.394706401217785
2019-09-01,islenmis_gida,0.6734006734006703,0.6734006734007147,12.614895885846856,12.614895885846945,19.95464852607711,19.95464852607711,15.66731141199227,21.298644939715473,12.632404518075946,11.95508637762952,20.003747487936096,18.37453527095496
2019-10-01,islenmis_gida,0.6688963210702115,0.6688963210701893,8.020543288924276,8.020543288924276,19.15216803426574,19.152168034265692,12.418300653594748,13.65551175049955,8.02063098453878,7.740060120135972,19.20618055911476,17.69767589844338
2019-11-01,islenmis_gida,0.996677740863805,0.996677740863805,9.76617663511008,9.76617663511008,15.18802451372565,15.188024513725606,13.116279069767444,10.106983710160078,9.767702780791732,9.355898941338836,15.220051499660947,14.251321498031322
2019-12-01,islenmis_gida,2.0559210526315708,2.0559210526315708,15.921076988949956,15.921076988949757,14.256028357745043,14.256028357744999,15.334572490706332,11.214337413004682,15.944804454400717,14.88598045826226,14.277603607242773,13.42053341794589
2020-01-01,islenmis_gida,1.450443190975026,1.4504431909750481,19.563046580015666,19.563046580015776,13.645348557924986,13.645348557925029,16.03686635944701,15.051711557149172,19.576151143223687,18.012167937881696,13.663851204680721,12.876114029008834
2020-02-01,islenmis_gida,0.9531374106433788,0.9531374106433788,19.357002214087913,19.357002214088116,14.46118026505232,14.461180265052365,16.605504587155973,18.280306817413884,19.37113673516866,17.83800661699999,14.477141135140537,13.596952779169413
2020-03-01,islenmis_gida,0.7867820613689958,0.7867820613689958,13.529674575821705,13.529674575821815,14.719144640440263,14.719144640440263,17.307692307692314,17.4240024893749,13.534971036465304,12.76145065194969,14.73408820837978,13.823715555105975
2020-04-01,islenmis_gida,1.4051522248243575,1.4051522248243575,13.32707609518733,13.32707609518733,16.403309566119596,16.403309566119685,17.769718948322755,15.343002722853605,13.331618165484272,12.580286787346928,16.415509752801484,15.296227362614312
2020-05-01,islenmis_gida,0.7698229407236301,0.7698229407236079,12.506181282665718,12.506181282665608,15.880975696849031,15.880975696849076,15.533980582524265,13.116417708015927,12.511956429207105,11.847028907667845,15.895038970861775,14.842517762333918
2020-06-01,islenmis_gida,0.6111535523300127,0.6111535523300127,11.724026941468345,11.724026941468257,12.623232154672381,12.623232154672426,13.436692506459957,12.513037448235043,11.73176190242371,11.144514871511912,12.630058559309475,11.952982761730802
2020-07-01,islenmis_gida,0.15186028853455547,0.15186028853455547,6.302279609558137,6.302279609558048,9.758491837325645,9.758491837325645,11.68501270110076,10.127037286414552,6.306618889275684,6.131347126352704,9.767613484540583,9.355816956849816
2020-08-01,islenmis_gida,0.7581501137225111,0.7581501137225111,6.253033416726472,6.253033416726472,9.334912262348126,9.334912262348126,11.86868686868685,8.049060259524987,6.257245774995868,6.084655818348317,9.343611798044149,8.96584236300808
2020-09-01,islenmis_gida,1.5048908954100826,1.5048908954100826,10.079056581120916,10.079056581120804,10.898491798403498,10.898491798403409,12.792642140468224,7.5419603199856855,10.098952383319348,9.659605190668596,10.91260287081479,10.402060031090254
2020-10-01,islenmis_gida,2.1497405485544796,2.1497405485544796,19.129052634590636,19.12905263459055,12.533061198849582,12.533061198849493,14.451827242524917,11.738736218948965,19.151508451301602,17.651126230748293,12.561219091064913,11.891236678550499
2020-11-01,islenmis_gida,2.322206095791013,2.322206095791013,26.69997431751634,26.69997431751634,16.026964991149573,16.026964991149573,15.95394736842104,18.513907381491144,26.70902897147225,23.9073501590223,16.070869584649095,14.996002988685309
2020-12-01,islenmis_gida,1.7021276595744705,1.7021276595744483,27.68762426776865,27.68762426776865,18.556877558750728,18.556877558750685,15.551974214343268,24.490531994482524,27.692651440450323,24.696297215679763,18.597072053302853,17.17795120317418
2021-01-01,islenmis_gida,3.695955369595527,3.6959553695955494,35.59603918564485,35.596039185644955,27.096135618628068,27.096135618628068,18.109610802223976,30.005267616621545,35.64960240378441,30.881156499844042,27.155488817383212,24.266141365296168
2021-02-01,islenmis_gida,2.286482851378624,2.286482851378646,35.40677843695119,35.40677843695119,30.98104958496606,30.9810495849661,19.66955153422503,32.914430034130284,35.46075228674741,30.738263522194575,31.0179207035133,27.32280684060844
2021-03-01,islenmis_gida,0.9861932938855844,0.9861932938855622,31.63405423260306,31.63405423260306,29.645823911515578,29.645823911515535,19.906323185011708,34.17770981172066,31.72642958054559,27.87452605943903,29.695165756917596,26.285411637559395
2021-04-01,islenmis_gida,0.9765625,0.9765625000000222,18.3595532299099,18.359553229909785,26.68498970974531,26.68498970974531,19.39953810623556,28.14366670444617,18.385617790312093,16.996954581056922,26.74842342916939,23.939055540450482
2021-05-01,islenmis_gida,0.8381689232753065,0.8381689232753509,11.79699716510314,11.79699716510314,23.03686937276799,23.03686937276803,19.480519480519476,20.190776562392987,11.797298357388408,11.203698868643741,23.10881579314794,20.970981195419157
2021-06-01,islenmis_gida,2.0460358056265893,2.046035805626567,16.56460203230381,16.56460203230401,23.870380420510884,23.870380420510884,21.184510250569488,15.531157927106754,16.58441671119062,15.44306891560776,23.943617930510808,21.658797487523398
2021-07-01,islenmis_gida,2.5689223057644206,2.5689223057644206,24.09306927752923,24.093069277529345,21.192409987658124,21.192409987658124,24.109173616376054,17.443501834350283,24.13088439525064,21.812508138665354,21.227055525797578,19.404731359861138
2021-08-01,islenmis_gida,2.199144777031159,2.199144777031159,30.9292767806439,30.92927678064379,20.98553626394619,20.98553626394619,25.884123401053436,23.801189490344843,30.93289285667924,27.256411553688586,21.01883458673839,19.230055211166164
2021-09-01,islenmis_gida,1.4345487148834435,1.4345487148834435,27.819119408085925,27.819119408085925,22.06221686469183,22.062216864691877,25.796886582653798,27.602137266478422,27.835566539632794,24.810463190716092,22.09123875074861,20.126766053161926
2021-10-01,islenmis_gida,2.121390689451963,2.121390689451963,25.602861367876528,25.602861367876528,24.845683053839718,24.845683053839785,25.761973875181422,28.062919819863108,25.61143915333728,23.02033672546626,24.86915031081074,22.416422432065808
2021-11-01,islenmis_gida,4.847085978072729,4.847085978072729,39.134856803045516,39.134856803045516,34.969723183391025,34.969723183390975,28.865248226950378,30.838055573864875,39.305576037136206,33.61210152963254,35.05977234381046,30.434256541660567
2021-12-01,islenmis_gida,16.455696202531644,16.455696202531644,141.7326339397072,141.73263393970737,75.77841847727085,75.77841847727089,47.559274755927476,63.981900385419536,146.49871360208527,93.69669148022534,78.31314786672078,59.25357733547072
2022-01-01,islenmis_gida,9.782608695652172,9.782608695652172,222.85133632244495,222.85133632244515,101.37291684469818,101.37291684469822,56.22057834566241,125.8835928370377,226.45637873029196,124.34156350502619,104.43388744847124,73.68095011524622
2022-02-01,islenmis_gida,4.390873869995704,4.3908738699956595,217.2687244239618,217.2687244239616,110.10268570585393,110.10268570585384,59.434582511505575,192.86322639352292,221.09909686485477,122.51671507271791,113.03842179721424,78.06440830117522
2022-03-01,islenmis_gida,3.628865979381435,3.628865979381435,98.93321477472348,98.93321477472334,119.29124466240646,119.29124466240641,63.60677083333333,169.6990808104434,99.7239611857762,71.20939418011707,121.98453290338969,82.45304283017121
2022-04-01,islenmis_gida,9.868682849184252,9.868682849184296,99.55783670833362,99.55783670833362,153.8257556965048,153.8257556965049,78.01418439716312,129.37723765369475,100.37405212850233,71.55369079424557,156.39589825594192,97.94762714963588
2022-05-01,islenmis_gida,5.360376675117706,5.360376675117706,107.0751159616672,107.07511596166736,156.31710419147234,156.31710419147237,85.99744245524296,101.99522599350934,107.83157952167271,75.43170201473376,158.83999635326114,98.97420854372582
2022-06-01,islenmis_gida,7.52836026125816,7.528360261258138,140.04740927377446,140.04740927377446,118.52551984877131,118.52551984877118,95.98997493734336,115.55102061196956,140.46936833755063,91.02967914224055,119.23046072089507,81.11953666117881
2022-07-01,islenmis_gida,3.6125319693094404,3.6125319693094404,89.86744121108717,89.86744121108687,94.65234606711337,94.65234606711319,97.9841172877214,110.9017552516414,90.12989551877901,66.00507562274113,95.19037748394747,68.77938320849336
2022-08-01,islenmis_gida,3.424868867633468,3.424868867633468,76.29547073688276,76.29547073688263,91.06649378254868,91.0664937825486,100.35863717872088,99.15607925311811,76.63727021175121,58.26304439280419,91.65342749297194,66.84737320376897
2022-09-01,islenmis_gida,2.7147971360381717,2.7147971360381717,46.78480940834291,46.784809408342774,87.71071684700757,87.71071684700757,102.88744843842075,69.31942306779662,46.79717724484909,39.00879189192432,88.36083164138597,65.01923551708244
2022-10-01,islenmis_gida,3.3401103688643685,3.3401103688643907,45.24716047638928,45.24716047638939,66.0653687643158,66.06536876431575,105.30871321407962,55.041293606959684,45.255382986530314,37.919105490144126,66.31031683966779,51.96209055644263
2022-11-01,islenmis_gida,5.874086565486247,5.874086565486247,59.50211308968938,59.50211308968949,67.68870000889832,67.68870000889827,107.31975784259768,50.55542702095344,59.666527274588454,47.71597628155524,67.95551544916734,52.98951033717971
2022-12-01,islenmis_gida,2.2298911600743265,2.2298911600743487,56.51140267883341,56.511402678833655,51.57010395340165,51.570103953401734,81.99432892249527,53.78109955953367,56.71336652663352,45.77635237769995,51.68100659125621,42.392572134812134
2023-01-01,islenmis_gida,4.70007790184368,4.700077901843658,64.9143011643539,64.9143011643539,54.76864658602696,54.768646586027,73.56866121394748,60.33887991424416,65.12523398980368,51.21622250961702,54.89849722406779,44.56766399988057
2023-02-01,islenmis_gida,4.563492063492047,4.563492063492047,56.89891054756582,56.89891054756582,58.19515723879445,58.19515723879449,73.85567010309278,59.38877006942034,57.01175063229309,45.973844501640215,58.33403863894766,46.84491039159773
2023-03-01,islenmis_gida,2.324478178368139,2.3244781783681168,57.480392511409065,57.480392511408816,56.99515000908113,56.99515000908113,71.6673298846001,59.620837025586184,57.584838812213256,46.35219257481529,57.148548914550254,46.064272476257614
2023-04-01,islenmis_gida,0.9735744089012455,0.9735744089012899,36.22894414212998,36.22894414212998,49.8869611459154,49.886961145915464,57.76892430278886,49.681734328441806,36.39871284052627,31.446178603045816,50.133325472069615,41.33120055633142
2023-05-01,islenmis_gida,1.0789715335169925,1.0789715335169925,18.957638188562132,18.957638188562242,36.61743605080912,36.61743605080916,51.35785493296665,36.3022854113004,18.983665258762382,17.508096483145597,36.7910536618749,31.740970492392904
2023-06-01,islenmis_gida,1.8623665682489188,1.8623665682488966,16.82323450449794,16.823234504498032,35.63690067316016,35.6369006731601,43.38235294117647,23.54965358663632,16.833952828437692,15.659650042668716,35.81469130759232,31.005921308742
2023-07-01,islenmis_gida,6.0869565217391175,6.08695652173914,42.34632734680861,42.34632734680861,39.25404797335599,39.25404797335603,46.80654119099044,25.761862269669102,42.732833114385095,36.11317849402012,39.532829279144785,33.779678548532964
2023-08-01,islenmis_gida,11.160151324085765,11.160151324085742,108.2090133913182,108.2090133913182,57.37869132319637,57.37869132319637,57.786396181384234,52.686455023619125,109.80765382683,76.43789765629512,58.529334237518135,46.97299706972036
2023-09-01,islenmis_gida,4.140669313669876,4.140669313669898,127.47094760717195,127.47094760717212,63.0150050003772,63.015005000377315,59.97676444960789,90.28448249443863,128.5057927308302,85.55110863797913,64.16045851116685,50.605379340323914
2023-10-01,islenmis_gida,2.4509803921568762,2.4509803921568762,97.85291367562503,97.85291367562519,67.82024793388427,67.82024793388435,58.600337268128165,110.66179725743876,99.34309339840217,71.00720411965007,68.87577359474335,53.560191306835094
2023-11-01,islenmis_gida,4.944178628389162,4.94417862838914,57.173507174844374,57.17350717484449,80.90036169153348,80.90036169153348,57.207326785240234,90.51878558671334,57.268210391520725,46.143313336863656,81.80548398372926,61.29060549657939
2023-12-01,islenmis_gida,2.7693346842283084,2.769334684228242,49.056893468145944,49.05689346814557,84.13612574554843,84.1361257455483,58.03687353934044,65.80483776325757,49.15915188217901,40.657974819097035,84.96800318358,63.104541728538074
2024-01-01,islenmis_gida,3.581991455800204,3.5819914558002264,55.74876686902619,55.74876686902592,75.54300705645464,75.54300705645458,56.34920634920635,53.934464720511514,55.818541692711676,45.18201907367043,76.35374016560255,58.09461159666025
2024-02-01,islenmis_gida,7.296954314720816,7.296954314720838,70.1926433110662,70.1926433110662,63.55358340482058,63.55358340482062,60.43643263757117,58.4158277780213,70.55320076670482,54.593121818997226,63.78727602198104,50.36821757793044
2024-03-01,islenmis_gida,1.389710230632768,1.3897102306327014,61.23604289694917,61.23604289694917,55.02691272587468,55.02691272587445,58.97079276773296,62.40643908604726,61.76541347114084,49.07462400461506,55.34510314276175,44.86629941185605
2024-04-01,islenmis_gida,1.7497812773403343,1.7497812773403787,50.12708171133009,50.12708171133009,52.912091903110124,52.91209190311002,60.19283746556474,60.14956479520907,50.7361345763647,41.74578329077568,53.25802677095306,43.46390118222305
2024-05-01,islenmis_gida,3.797649756377197,3.797649756377175,31.479954494713304,31.47995449471308,49.589174066420874,49.58917406642072,64.50147626618217,46.677021730721926,31.564363823182084,27.74856505740102,49.900757246507645,41.17084343819912
2024-06-01,islenmis_gida,2.7060610244373784,2.706061024437445,38.44214249946163,38.44214249946207,49.405030794778625,49.405030794778824,65.8639910813824,39.62182334390996,38.497204006771454,33.013968232619995,49.71745704847794,41.04429611861753
2024-07-01,islenmis_gida,2.5541067347761848,2.5541067347761848,42.87182724541589,42.871827245416114,46.45453384282641,46.454533842826564,60.34047919293823,37.59646081717474,42.896550196079495,36.23127006236322,46.76836767871224,38.98852667656945
2024-08-01,islenmis_gida,2.3725258880586964,2.372525888058674,35.18552584815859,35.185525848158704,33.319866437301,33.31986643730096,47.66496502174322,38.76252926116008,35.18695993736689,30.530774589089216,33.364387175278985,29.139669823245118
2024-09-01,islenmis_gida,1.5877080665813281,1.5877080665813281,29.392930741529288,29.39293074152909,33.84107947914112,33.84107947914128,44.04502541757444,35.58886556251228,29.406033025118884,26.057362757664748,33.88089870081063,29.53566549514237
2024-10-01,islenmis_gida,2.2183009831106437,2.2183009831106437,27.706486689630296,27.706486689630072,35.07649353029514,35.07649353029514,43.71788055998582,30.667840834057426,27.714977398855577,24.714139751002584,35.1104248994917,30.4727049066829
2024-11-01,islenmis_gida,1.5782983970406894,1.5782983970406894,23.78927373778106,23.78927373778106,29.361965293526595,29.36196529352666,39.10840932117527,26.901161310480926,23.79569482630881,21.537229786930645,29.376448616080665,26.03400218800993
2024-12-01,islenmis_gida,1.7115804806992152,1.7115804806992374,24.39415580526032,24.394155805260432,26.868926009330842,26.86892600933073,37.67663489976998,25.264462457423598,24.39962091772245,22.032719443402282,26.880193739338388,24.045041100533513
2025-01-01,islenmis_gida,4.917054541114685,4.9170545411146405,38.06058312244283,38.060583122442715,32.78264954763039,32.78264954763031,39.45114213197969,28.717342080046837,38.24638884818023,32.827733675418266,32.88507818254558,28.770936713210425
2025-02-01,islenmis_gida,4.686611307018551,4.686611307018573,55.75089022155015,55.750890221550264,38.853482435762324,38.853482435762366,36.058545239503246,39.155482016529945,55.93716239615101,45.260985315329805,39.01722197319965,33.39910755113023
2025-03-01,islenmis_gida,0.5758991633163069,0.5758991633162847,48.910260060653975,48.910260060653975,36.10130818984376,36.10130818984376,34.96646252551765,47.49602323900888,49.246149236959134,40.71826004579799,36.304785950823494,31.375489744600138
2025-04-01,islenmis_gida,2.0311149524632643,2.0311149524632643,33.18974683163003,33.18974683163014,35.60329683862917,35.60329683862917,35.33963886500429,45.452661832334186,33.40974626602433,29.17450169119249,35.80833173879283,31.001117683305377
2025-05-01,islenmis_gida,1.3977128335451061,1.3977128335451505,17.22462753084386,17.22462753084395,35.12157523437389,35.121575234374006,32.210410051083805,32.139832773312136,17.248955109733544,16.018907797298798,35.33095467881893,30.6399465563143
2025-06-01,islenmis_gida,0.9711779448621449,0.9711779448621671,19.07836340914695,19.078363409147148,33.161518701361814,33.16151870136193,29.977147466057264,22.85578621474409,19.091514608809646,17.600022923482328,33.38974200703368,29.159141484640163
2025-07-01,islenmis_gida,2.1718895439031938,2.1718895439031494,19.73690498218026,19.73690498218026,26.284314390107543,26.28431439010759,29.492725127801812,18.686273232363515,19.754107293460386,18.163121289241868,26.41300044063193,23.66881149021718
2025-08-01,islenmis_gida,3.8364206903532594,3.836420690353237,31.678305540146077,31.678305540145747,24.24145975010228,24.24145975010219,31.34443021766966,23.464725879230542,31.78234621923921,27.917952716474215,24.321110056439686,21.968430256886506
2025-09-01,islenmis_gida,3.899395593682975,3.8993955936830416,47.63068086150679,47.63068086150666,32.58815884522377,32.58815884522388,34.33324930678094,32.757538592713246,47.68399916080861,39.63082331175771,32.68340292871914,28.61542311762002
2025-10-01,islenmis_gida,2.5051604428598218,2.505160442859755,49.56633124158674,49.56633124158649,33.8230532920512,33.823053292051085,34.71023427866833,42.87054634361587,49.60112230046738,40.96390690758413,33.917291566492395,29.563514098413002
2025-11-01,islenmis_gida,1.5011441647597268,1.5011441647597712,36.558505429705065,36.55850542970531,34.096206516360496,34.096206516360496,34.60791454236467,44.37370215177352,36.63365664572631,31.62280080521027,34.187905994964865,29.770376760842243
2025-12-01,islenmis_gida,1.4699251510505773,1.4699251510506217,24.22700941920335,24.22700941920335,35.42421490245313,35.42421490245309,34.288101205394426,36.17001930467967,24.24359385795478,21.904919034680592,35.499862523311634,30.767871173219152
2026-01-01,islenmis_gida,2.692854603626027,2.6928546036259826,25.139385113185497,25.139385113185607,36.808766989572696,36.808766989572646,31.44124672960984,28.424241377673543,25.16276580136081,22.655695677745502,36.882809953944104,31.80980129266482
2026-02-01,islenmis_gida,5.166594547814807,5.166594547814829,44.21867776667794,44.21867776667805,40.33633560438219,40.3363356043823,32.04389872867544,31.07900107791506,44.41054288391024,37.31749720996574,40.47277404879179,34.470149007588006
2026-03-01,islenmis_gida,0.6171823568136947,0.6171823568136947,39.431453554023264,39.431453554023264,31.609849532581947,31.60984953258199,32.0980985306828,36.15071335114439,39.7050746213069,33.906526033018025,31.766596301720607,27.905722533849307
2026-04-01,islenmis_gida,3.2469125705406165,3.2469125705405277,42.46498746183238,42.46498746183214,33.521462436311644,33.521462436311644,33.67217280813215,42.02144885151227,42.74610718172751,36.122757900676206,33.689680093998305,29.389226789210852
2026-05-01,islenmis_gida,2.6378326996197687,2.6378326996198354,29.248880959941935,29.248880959941935,36.52876149319451,36.52876149319455,35.30701754385963,36.80400522622704,29.343159591155853,26.00771050789623,36.68665407519798,31.662603858930982
2026-06-01,islenmis_gida,2.600910704638415,2.6009107046383706,39.74717872504519,39.74717872504483,39.58922687552548,39.589226875525306,37.49095046023374,36.980691500674936,39.754127282907014,33.942623899194935,39.72959897896564,33.924574966106476
2026-07-01,islenmis_gida,1.0305400932751674,1.0305400932751452,28.128414754731914,28.128414754731914,35.106672675842866,35.10667267584275,35.95505617977528,32.259375665106745,28.169961441622693,25.077133990133404,35.27817869115921,30.599945945404805
2026-08-01,islenmis_gida,1.995383813565632,1.995383813565721,24.95039334289988,24.95039334289999,27.081464089277784,27.08146408927783,33.54455059465784,30.683971351767102,24.98064014559114,22.507338445916947,27.144749561884176,24.25752447690659
2026-09-01,islenmis_gida,1.3942623549164201,1.3942623549163757,19.17530860223289,19.175308602232978,29.051978484828588,29.051978484828478,30.324638768999822,23.965551257368855,19.186292787257344,17.680745047028967,29.09521000647093,25.811684473111953
2005-01-01,alkol_tutun_altin,,,,,,,,,,,,
2005-02-01,alkol_tutun_altin,0.0,1.8328225225632044,,,,,,,,,,
2005-03-01,alkol_tutun_altin,1.0309278350515427,0.12335183895912927,,,,,,,,,,
2005-04-01,alkol_tutun_altin,0.5102040816326481,1.1575745732192777,6.330531547522655,13.158264274273467,,,,,13.191176786894987,12.454995738966446,,
2005-05-01,alkol_tutun_altin,0.0,1.504704696377357,6.330531547522655,11.706858902784823,,,,,11.72955843567982,11.142524434223056,,
2005-06-01,alkol_tutun_altin,0.0,0.374915259786901,2.0564880107092787,12.833766662865198,,,,12.561544344093889,12.848602161326728,12.148778117534142,,
2005-07-01,alkol_tutun_altin,1.0152284263959421,-1.7383075536809955,4.123174647179084,0.45751136919505164,5.221064937825504,6.618936497468408,,8.19016830870174,0.5667163193340041,0.5652496099330495,6.707928116577455,6.510122674449748
2005-08-01,alkol_tutun_altin,13.56783919597988,14.57581571461728,73.20836091166831,63.08332535426404,35.710489956424674,34.97231573454507,,23.61041552094363,67.7307547024644,52.849693682892735,37.13145440090688,31.9961090585579
2005-09-01,alkol_tutun_altin,0.8849557522123908,2.487361606757532,79.42150008714897,77.25155084912636,35.318617242815485,41.42121527246652,,44.058201187998655,81.82083327947261,61.29947907077526,43.58168819759736,36.724128594154706
2005-10-01,alkol_tutun_altin,0.8771929824561431,1.4365806543935378,78.44280376460242,101.29430479016159,36.308588214074035,42.2024082496913,,79.93573704606736,105.04737942984472,73.9990319030734,44.361032142062264,37.282140756503225
2005-11-01,alkol_tutun_altin,0.43478260869567187,0.3124773241130807,9.14759304966617,18.271329777812806,37.496457007395215,38.881538565197715,,60.424278567327946,18.32577577198622,16.945678341056603,41.057690647258994,34.89768601197467
2005-12-01,alkol_tutun_altin,5.1948051948051965,4.165215619587959,29.028517204633218,26.208642824277927,52.15285114277617,49.56830436682345,,43.00429084087203,26.398475770462525,23.65709439237831,51.80663075666545,42.47828673157679
2006-01-01,alkol_tutun_altin,4.526748971193406,1.934686076849812,48.73854281538448,28.70595797871589,62.91507790207318,60.95892747430125,30.927835051546392,24.405823564944697,28.89041571449038,25.649516082203405,62.934296725513164,49.8242739926384
2006-02-01,alkol_tutun_altin,0.3937007874015741,1.9732590870837896,48.49533216770625,37.44344321031414,27.310282715952727,27.49752467293296,31.443298969072163,30.748822376601904,37.528059784932786,32.29264313408624,27.59617348032526,24.61916073757142
2006-03-01,alkol_tutun_altin,0.39215686274509665,-0.5554060928504079,23.17845906297542,14.171543465037795,26.069559864573755,20.039308353036912,30.612244897959194,26.319182345806635,14.265876577887603,13.410156284332775,20.1919174191993,18.53362533835554
2006-04-01,alkol_tutun_altin,1.953125,2.7200669483457673,11.487753100591425,17.731069215386476,28.773156899810992,23.096263335752077,32.487309644670034,22.5837007397222,17.866883370733632,16.551679770316596,23.265736302717666,21.10059792626
2006-05-01,alkol_tutun_altin,3.4482758620689724,4.940413796568577,25.688150285557043,32.04348527972203,36.61663012312361,34.716410545766216,37.05583756345179,21.249207037118033,32.43075578580814,28.420298608255745,34.95734935454622,30.356470871170995
2006-06-01,alkol_tutun_altin,-0.7407407407407418,-0.32010443299658187,20.11004090309143,33.297671116583615,21.634574675269704,23.36450401827639,36.040609137055846,27.596008264547798,33.65350969966039,29.36150524767105,23.61169936121541,21.385830766001913
2006-07-01,alkol_tutun_altin,1.1194029850746245,-1.335540288536563,16.22916937230554,13.460411612971225,13.833777667555314,15.576016425610351,36.18090452261307,25.908972642235707,13.959924032008765,13.139076300141728,15.898313427194788,14.845378035229162
2006-08-01,alkol_tutun_altin,-1.1070110701106972,-0.21866459092306778,-2.930203428038114,-7.259269338573937,10.455978469819316,10.660784851376714,18.584070796460207,11.732690508874711,-7.244905142934888,-7.497237249824851,10.978014132203274,10.461530679215448
2006-09-01,alkol_tutun_altin,-1.1194029850746356,0.31024158424357573,-4.402987660556235,-4.891064399507017,7.15484619140625,12.595735345184522,16.228070175438614,-0.07026993035716966,-4.863927856882366,-4.97585318086422,12.897821261274922,12.192826033403414
2006-10-01,alkol_tutun_altin,0.0,0.5496631591832335,-8.566292050848157,2.5890087328017453,3.0886217172384267,7.887863811414819,15.217391304347828,-3.2843644623414048,2.5953303448201126,2.564960610014966,8.140855311258122,7.852018455078347
2006-11-01,alkol_tutun_altin,0.7547169811320753,0.7002863862103137,-1.4842043209097655,6.420772788382179,-2.2098765432098877,-0.6544403309932778,15.58441558441559,1.2582803730167846,6.422403278201716,6.240764518548492,-0.6264305644630319,-0.6282363656381795
2006-12-01,alkol_tutun_altin,-0.3745318352059823,-1.0006903702522774,1.517999442619522,0.965724760921205,-1.4869681443528626,-2.006415443950871,9.465020576131678,3.3033299516901815,1.0016055528232704,0.9970367005650793,-1.9713684441904022,-1.9894082401495705
2007-01-01,alkol_tutun_altin,0.0,-2.8937188499093436,1.517999442619522,-12.170425960247433,-3.6559959695537825,-5.077142172380644,4.7244094488189115,-1.8602313960516814,-12.054241430272416,-12.776491335805229,-4.987961644762162,-5.105765362895132
2007-02-01,alkol_tutun_altin,2.631578947368407,3.9954845460139943,9.29632079925231,-0.09760844281149206,3.766150590331896,3.1100854083806473,7.058823529411762,-3.909405436402713,0.4050513350081886,0.40430130340949333,3.3735992483358013,3.3225329109789925
2007-03-01,alkol_tutun_altin,5.860805860805862,4.8672693425807045,39.33647665276556,25.778687505450204,18.933428266286924,12.691332157647327,12.890625,3.5981824216679836,26.670260990426044,23.87614015474142,13.170557089483449,12.43658842765325
2007-04-01,alkol_tutun_altin,0.34602076124565784,1.1946725821375903,41.275041996467635,48.336616008248214,19.75792096831612,14.141761851229461,11.111111111111116,23.160287323322095,48.542455669859194,40.22970588292916,14.623989232386524,13.726607273561964
2007-05-01,alkol_tutun_altin,-0.6896551724137945,0.6724488111809146,23.856659575788907,30.2665667486538,16.34894584017168,14.078663904056343,6.666666666666665,34.3922063059652,30.525269797286537,26.937562943596838,14.560909807851207,13.670932123503166
2007-06-01,alkol_tutun_altin,-0.3472222222222099,0.11667245027853212,-2.739563145885482,8.217813741507761,16.41274238227148,16.66831008082752,7.089552238805963,27.55892411518357,8.230231156985802,7.935175374388148,17.117986930094986,15.905657764564785
2007-07-01,alkol_tutun_altin,0.0,-2.1117971010468084,-4.074163437162848,-5.247739522098849,16.41274238227148,18.55475392587145,5.904059040590415,10.00720572431777,-5.1642756860789,-5.290703358349447,18.93841151187963,17.469501262289853
2007-08-01,alkol_tutun_altin,0.0,0.8904497361773123,-1.3816718229558766,-4.4243455516505765,10.519395134779753,11.580967775612084,7.089552238805963,-0.6669098482216751,-4.33029986054958,-4.418699658363856,11.85904536842488,11.25943164261649
2007-09-01,alkol_tutun_altin,0.34843205574912606,1.6575160824560342,1.4010294521272781,1.5967064740981973,-0.690844218819231,4.855011601566295,8.679245283018865,-2.719907592673587,1.7586938681798614,1.7446748703461523,4.948745744637395,4.83992512236715
2007-10-01,alkol_tutun_altin,0.3472222222222321,0.9001015204846974,2.816729221558667,14.689753732440103,-0.6884661117716795,4.245447957224968,9.056603773584904,3.6565191484839277,14.698424674969246,13.792269356472175,4.334585683233816,4.250782999061364
2007-11-01,alkol_tutun_altin,6.22837370242213,6.257667583352666,30.926004608771795,41.11250549079972,13.62967785493825,16.133199659397548,14.981273408239693,18.238923006694986,41.556690601860225,35.26114074517359,16.559271037353575,15.421220543404868
2007-12-01,alkol_tutun_altin,-0.32573289902279035,-0.6154856034514045,27.44293212890625,28.908753119079144,13.678689798346454,14.440835162021926,15.037593984962406,27.939311550818545,29.54766875669883,26.16913400154384,14.885252139687676,13.956904435944995
2008-01-01,alkol_tutun_altin,1.3071895424836555,-2.0625451676776874,32.39006771823907,14.422451675131542,16.670106472095082,14.556024739351292,16.541353383458635,27.684894213497202,15.296623260748454,14.318547248894298,14.997167414544377,14.055408302683237
2008-02-01,alkol_tutun_altin,0.9677419354838568,2.071291169710232,8.049770377464572,-2.571824835831338,18.939164005875988,17.25328951808711,14.652014652014644,12.651733076494276,-2.400143161989643,-2.426958405675439,17.710501457558724,16.417091169749078
2008-03-01,alkol_tutun_altin,1.5974440894568787,0.6731482822629031,16.633356495985897,2.5803765490642006,21.91840277777779,14.993514753769844,10.034602076124566,4.446545494850662,2.7619353339759956,2.7275771371817914,15.444610098936584,14.448355569362814
2008-04-01,alkol_tutun_altin,0.3144654088050203,1.2384038918186624,12.128485665187917,17.12515885995092,21.838818979657827,15.765918255740718,10.000000000000009,5.375055687893404,17.147714015094785,15.93137337516719,16.218790363338687,15.124960312030744
2008-05-01,alkol_tutun_altin,-1.2539184952978122,0.021867273595432835,2.580512610865404,7.9979696529447475,5.279631614128544,2.577020354081605,9.375,9.0579796672851,8.013781134273135,7.733677790707993,2.68586683290688,2.6533596925162772
2008-06-01,alkol_tutun_altin,-0.31746031746030523,0.18793776690153585,-4.93730716734021,5.930918840761579,5.29710794993381,4.242186963214101,9.40766550522647,10.216721511013915,5.949140358311933,5.792835729262524,4.344383301092214,4.260206433222158
2008-07-01,alkol_tutun_altin,0.9554140127388422,-0.8224051396119925,-2.4843507397219744,-2.4345909793756726,4.567117585848046,6.898849529715334,10.45296167247387,3.7213903120692615,-2.4230664098751853,-2.450400396460095,6.952675098523908,6.740486489353548
2008-08-01,alkol_tutun_altin,-1.8927444794952675,-1.0394708051385537,-4.983431714202835,-6.510233782516883,-1.2738723473751823,0.48236131190706466,8.362369337979093,-1.1336028768375805,-6.49404197433554,-6.695752711396041,0.5201987138823139,0.518962539655976
2008-09-01,alkol_tutun_altin,0.0,1.1623462433662413,-3.767235108432676,-2.819775567022942,-4.35406036153635,1.461275703278453,7.986111111111116,-3.9342241499470076,-2.762511200627882,-2.7981188055372197,1.5076775350773675,1.4973584618626523
2008-10-01,alkol_tutun_altin,2.5723472668810254,3.137280598617531,2.547643130684585,13.654415921056096,0.0,5.303084362890309,10.380622837370247,1.1373566157532267,13.848992711429453,13.040624147380875,5.425529421715947,5.29511187546039
2008-11-01,alkol_tutun_altin,-0.31347962382444194,-0.2064214371641948,9.31176931539268,17.529980615423657,1.913832199546528,4.822947923063459,3.583061889250816,9.116946861319807,17.659105125510454,16.372821619278312,4.947292127663161,4.838534453941135
2008-12-01,alkol_tutun_altin,0.943396226415083,0.9834545278991413,13.49548198064321,16.70084067392148,4.508296482615903,6.494196500132254,4.90196078431373,15.947545061493184,16.831190401185637,15.65725475740991,6.622465070846384,6.4295679759363455
2009-01-01,alkol_tutun_altin,1.2461059190031154,-2.5447424731341317,7.73844714544254,-6.967996610302906,5.1110071749146835,2.827515807889358,4.8387096774193505,8.418469587928534,-6.8461274955075035,-7.070837529596741,3.0260694065426197,2.984893308892067
2009-02-01,alkol_tutun_altin,2.1538461538461506,3.0222169644069874,18.80749932093908,5.66850243737842,13.960773771983327,11.441540922251846,6.070287539936103,4.6797394778951285,6.00280112166256,5.843716076687988,11.691642836636529,11.10826884798315
2009-03-01,alkol_tutun_altin,6.325301204819267,5.387834320820173,46.24421374626975,25.34487434146302,28.833448785682524,20.945658085835284,11.006289308176086,7.453490027360399,26.155912569759753,23.461235248372116,21.41151562980785,19.55924500289101
2009-04-01,alkol_tutun_altin,-1.6997167138810054,-0.7321509360589395,29.952445080214286,34.93354557695165,18.32529161466574,12.040787526234498,8.777429467084641,21.45755879357736,35.4255417983069,30.711601396672883,12.482272082294688,11.820381933538071
2009-05-01,alkol_tutun_altin,0.0,1.210428650102191,19.334375401536597,25.6890441927331,19.070645939638474,15.244839678970369,10.158730158730167,28.54202886531285,26.159888153610254,23.464448139453697,15.679503515919624,14.654082108070844
2009-06-01,alkol_tutun_altin,0.5763688760807018,1.1339894514176496,-4.456117261223735,6.5918649219668835,18.20634504711718,15.588684197312919,11.146496815286632,21.55831972191118,6.643148211705818,6.449068661843604,16.02404732439029,14.955151955107858
2009-07-01,alkol_tutun_altin,8.595988538681954,7.081321690984099,42.31115411526891,44.32597692271707,35.99147928994082,39.55076418651213,19.558359621451118,24.759973127904345,44.95132806261035,37.70295917001576,40.114245982272955,34.207280283344325
2009-08-01,alkol_tutun_altin,1.319261213720302,2.17584492024665,49.970900191323864,49.91200057200267,33.77848744375089,37.26724323346586,23.4726688102894,32.49978109085083,50.472454394307164,41.564624250593596,37.825522529096965,32.514536195023645
2009-09-01,alkol_tutun_altin,0.78125,1.8079974964110734,51.19664423671389,53.9484864938268,20.191157942042736,28.10018062942463,24.437299035369776,49.39377200680531,54.44059802356227,44.260656430567295,28.519074569987414,25.354862546205446
2009-10-01,alkol_tutun_altin,0.5167958656330685,1.0616839426649483,10.979193759244033,22.142457368876144,25.67249956398605,32.771719441695744,21.943573667711604,40.948662887744305,22.1577053491395,20.182105437290687,33.107935166399514,28.942532303653223
2009-11-01,alkol_tutun_altin,1.285347043701801,1.4762486223794502,10.830677953767221,18.83142846906427,28.92391764735194,33.47006095985068,23.899371069182386,30.381483337188197,18.837887876533,17.383720245821888,33.8005707478728,29.474172248207744
2009-12-01,alkol_tutun_altin,0.2538071065989911,0.6182515566344859,8.528680393437792,13.37330371507377,28.09829147543943,32.11225725019062,23.052959501557634,18.0166671861955,13.381481144568408,12.624736486715538,32.459734092938895,28.442696458641414
2010-01-01,alkol_tutun_altin,18.734177215189884,13.874435192773383,111.29682221503323,82.7551500754893,53.13246218001824,49.40603443983791,44.307692307692314,36.077419484950624,86.3277697370721,63.87574148714927,51.149098522623106,42.02892346221998
2010-02-01,alkol_tutun_altin,3.198294243070343,3.7877763963239053,127.7175797090599,99.98473136109133,58.865017361111136,54.15729402023302,45.783132530120476,62.216081037475156,103.35961902452775,73.12185258292709,55.924842404749576,45.25278641437449
2010-03-01,alkol_tutun_altin,0.4132231404958775,-0.4732319526285278,129.16943527177781,91.44735877423204,57.70686857760951,47.32623511024674,37.677053824362616,91.34129293863045,95.14706394426165,68.75591854587505,49.205834140982006,40.69032751629529
2010-04-01,alkol_tutun_altin,0.0,1.0618111256692986,15.306477797062868,18.766167757156317,56.08937292246288,47.32660592150302,40.05763688760806,64.3591285354856,18.980529184828598,17.505422277458706,49.20620122309241,40.69058188230399
2010-05-01,alkol_tutun_altin,1.0288065843621297,2.18639391649349,5.911842155682012,11.604114812370758,55.29967275631944,49.39584639321257,41.498559077809794,35.07321398647263,11.682373161771542,11.099892358137042,51.268815683082195,42.11087247053207
2010-06-01,alkol_tutun_altin,0.6109979633401208,1.2225221873497283,6.748730432902916,19.40684401903734,56.40826790578433,51.19565108498132,41.54727793696276,16.519986130969656,19.423962734421373,17.882908918050067,53.044464815808354,43.31941373196255
2010-07-01,alkol_tutun_altin,-0.6072874493927127,-1.6895550841791174,4.1791696102778,6.925073709743246,9.601702119921217,12.690200291141895,29.551451187335086,12.535984596162209,7.098427670970109,6.877444078656403,12.89626458477846,12.191433178057554
2010-08-01,alkol_tutun_altin,-0.20366598778003286,0.6151608857065449,-0.8121785385374447,0.4988213264862873,2.4947066457209344,5.906005466305397,27.604166666666675,8.636782316576785,0.5941236795185434,0.5925119555086233,6.005423694815981,5.846202156822833
2010-09-01,alkol_tutun_altin,-0.612244897959191,0.25962205532121807,-5.5486762154858145,-3.2710212246995884,0.41194601094005634,7.471401222572105,25.839793281653755,1.2608124964778256,-3.2108440151855766,-3.2590885726054175,7.561999593745905,7.311910172722325
2010-10-01,alkol_tutun_altin,-0.8213552361396315,-0.29095507215157745,-6.359752153545706,2.3519642890403203,-1.2307575064776755,4.613533187358909,24.164524421593825,-0.17757839516973073,2.3604703682911232,2.335311475504742,4.7048854336405155,4.6063777770805725
2010-11-01,alkol_tutun_altin,0.8281573498964745,1.1200491128287693,-2.4265806209095797,4.421893821047029,-1.6226911287077872,2.4415796915233434,23.604060913705595,1.1092648474063216,4.442846705016534,4.35486438399364,2.5019278077720974,2.4736881697511315
2010-12-01,alkol_tutun_altin,1.0266940451745254,1.7075088450417386,4.170456227119357,10.58580440874235,-0.8080774967627824,3.4255864257136226,24.55696202531645,5.754747681149808,10.63181956627579,10.146411542875722,3.498537635818577,3.443661485135152
2011-01-01,alkol_tutun_altin,0.20325203252031798,-4.214624654543453,8.542333517133759,-5.820153640066872,0.8163231445032615,-1.8190839756565658,5.117270788912576,2.901154036799114,-5.409328828342397,-5.54826678669178,-1.5947017497612737,-1.606477655593519
2011-02-01,alkol_tutun_altin,0.20283975659229903,0.46953825763984547,5.874641024772531,-8.220325018456764,1.639316951270331,-2.103077291199218,2.066115702479343,-1.423542706197356,-7.852639263452343,-8.150310207447475,-1.8813034167285747,-1.8977229117269179
2011-03-01,alkol_tutun_altin,0.4048582995951344,-0.39801710147712166,3.2919068439647203,-15.587573407102928,3.730251424090003,-3.3831479664679143,2.0576131687242816,-9.996746298707215,-15.369811080056628,-16.572413993522915,-3.166105505606631,-3.2130012253235973
2011-04-01,alkol_tutun_altin,0.0,1.2247331194126243,2.4563850911557994,5.282484509766339,5.455465109799462,-0.42345549517277536,2.0576131687242816,-6.620134956653123,5.310029371965741,5.1850171023013925,-0.18147372535801676,-0.18162484219519381
2011-05-01,alkol_tutun_altin,0.6048387096774244,1.746896524722108,4.110465139096875,10.739659795833534,4.9888476149918315,0.8149293687610193,1.6293279022403295,-0.5759913805678418,10.79433352078183,10.294450170630443,1.0773534815171182,1.0720699815914836
2011-06-01,alkol_tutun_altin,0.4008016032064132,1.0183455147124487,4.09364049696006,17.17426881394093,3.691998810232011,-0.5466724295603353,1.4170040485829816,10.986867689096048,17.180699441650194,15.959900635388724,-0.30582715927940374,-0.3062566790670962
2011-07-01,alkol_tutun_altin,0.7984031936127733,-0.21513893314527577,7.458013178514866,10.6481911001705,4.92740147048536,7.931999265914547,2.851323828920571,12.81168517301563,10.691075361486257,10.200412425157124,7.9698269457916915,7.692714763729258
2011-08-01,alkol_tutun_altin,2.3762376237623783,3.1131626793200473,15.22852160740975,16.712148559218456,9.528512186726545,13.686690625985932,5.5102040816326525,14.817219927427283,16.840673224173266,15.665477043548881,13.780692519663852,12.979963607089662
2011-09-01,alkol_tutun_altin,1.1605415860735047,1.9341547208856058,18.756079561107054,21.00239390429404,11.183418964620184,19.072948357181918,7.392197125256672,16.110520516989958,21.13639931531237,19.328713868241508,19.143501560818144,17.644307251815118
2011-10-01,alkol_tutun_altin,10.898661567877621,11.55088911652269,73.99888359069455,88.98506277595632,36.739073881373585,44.60586205652841,20.082815734989644,39.60796232365371,90.82986680786466,66.39282606691337,45.78783755332596,38.29661924603524
2011-11-01,alkol_tutun_altin,3.2758620689655293,3.82501632751997,80.19598793526062,94.2580749768662,44.096208448962045,50.573162633743586,22.997946611909658,65.58810046303765,96.04286484767321,69.24024065971307,51.76935345669931,42.45285885163097
2011-12-01,alkol_tutun_altin,0.0,0.8843143163398626,72.06816770947795,86.37804987119031,42.94803606360136,50.17386658679308,21.747967479674802,89.83872916377614,88.39950782086174,65.04087904153009,51.37688385850841,42.18479645488579
2012-01-01,alkol_tutun_altin,-0.16694490818029983,-5.196390795026362,13.003725548968582,-2.7695929047349077,40.223115380845066,35.55476601223011,21.298174442190685,51.30363530292621,-1.9309377186968346,-1.9482406046661183,37.43387322471141,32.22229273112362
2012-02-01,alkol_tutun_altin,0.0,0.2308236997086821,-0.6661092569444471,-15.550074757110233,33.789269292787964,28.082316927919535,21.052631578947366,14.49756239691844,-15.157257202940722,-16.32501111591127,29.913886502713694,26.457614771900896
2012-03-01,alkol_tutun_altin,-0.16722408026756952,-0.5043853017399402,-1.3288851975824412,-20.10484544743536,30.300260667059042,22.027468627618262,20.36290322580645,-13.178282379073014,-19.813688937154083,-21.879809588230483,23.848369541909253,21.5805347266498
2012-04-01,alkol_tutun_altin,-0.16750418760468344,1.0648024929014621,-1.3310962592598563,3.185977359568448,5.593341260404294,0.16393854673271147,20.161290322580648,-11.46299371010009,3.2112808245667868,3.164963563480816,0.6100606578373968,0.6083614794073489
2012-05-01,alkol_tutun_altin,-0.1677852348993203,0.8737552090501532,-1.9916389009907998,5.859110039601001,-1.3310999690636316,-5.449516505079977,19.238476953907814,-4.541654658092986,5.889954959417376,5.7366896008467005,-5.167569003419681,-5.294160757532285
2012-06-01,alkol_tutun_altin,0.1680672268907557,0.7609916121138038,-0.6683351703693385,11.347946452246838,-0.9991610948687613,-5.680535461056879,18.962075848303407,6.752590991623175,11.348978044570623,10.798197256261677,-5.402238753347022,-5.540806165984402
2012-07-01,alkol_tutun_altin,-0.1677852348993203,-1.1386622049422868,-0.669453715089996,1.950278782530579,-1.0008277312334335,2.566267155707158,17.821782178217838,6.317077824163597,2.002485643200269,1.9843384648866813,2.6052514815178673,2.5746510141837486
2012-08-01,alkol_tutun_altin,0.0,0.48593212118877016,0.0,0.3914496149877378,-1.0008277312334335,3.0890368168606352,15.087040618955516,4.44497761433329,0.4339066558128657,0.43304611344114896,3.1288606620915926,3.0848678571439248
2012-09-01,alkol_tutun_altin,1.17647058823529,1.9273677623971253,4.088062844273277,5.121180518881663,1.6820562892631674,8.18977576191482,15.10516252390055,2.4816941314927288,5.219399115917978,5.098550714574435,8.244423056701077,7.948373985418056
2012-10-01,alkol_tutun_altin,0.4983388704318914,1.220873498028907,6.894075541464106,15.521979047531676,3.042937255078604,8.52418149613252,4.31034482758621,6.858115920245389,15.54541855452769,14.53669352645921,8.580553581779116,8.260515995672947
2012-11-01,alkol_tutun_altin,-0.33057851239668423,0.4622898420254762,5.487593697227888,15.41329760018304,2.7071534496151406,7.6406440473502535,0.6677796327211993,11.916565816787262,15.437502343558428,14.442124409806034,7.69643649322691,7.437585261623592
2012-12-01,alkol_tutun_altin,-0.16583747927032544,0.6621950503933549,0.0,9.788840948993926,2.0235574974100112,7.4296633540196,0.5008347245408995,13.523304148909698,9.795517939062393,9.381433561790953,7.485136801701775,7.239992138182694
2013-01-01,alkol_tutun_altin,11.960132890365461,5.816652249595755,54.0345299160244,31.127550080407353,28.31749170256337,23.077675038745248,12.70903010033444,18.593578265934973,31.584918627774485,27.764548568058345,23.326345818489578,21.150621047258777
2013-02-01,alkol_tutun_altin,0.4451038575667532,0.6977742096441641,58.885924814239246,32.36133549896159,29.462326106913352,23.597160989641374,13.210702341137104,24.16297821809925,32.801462311729644,28.706486038533097,23.840790913422772,21.574305224169567
2013-03-01,alkol_tutun_altin,0.0,0.15441626439136602,59.944278691846755,29.71075015915574,26.469078707740557,19.334793411637662,13.400335008375208,31.060094769580004,30.190949668836218,26.67537089452514,19.59527781184882,18.028402228158047
2013-04-01,alkol_tutun_altin,-0.738552437223039,0.3828317287460026,-1.181670931883727,5.0503906042446145,23.375179291032033,17.36694745508396,12.751677852348987,21.529260532948193,5.053491888675921,4.940088811126131,17.635308480070822,16.352318689592238
2013-05-01,alkol_tutun_altin,-0.44642857142855874,0.4939748609842809,-4.643611068461906,4.202534937443292,23.08853741244028,17.44099236083283,12.436974789915967,12.21841822712375,4.2037760861252105,4.124891416486598,17.708872926026586,16.415688727509846
2013-06-01,alkol_tutun_altin,-0.1494768310911887,0.44425590336301113,-5.212476828385137,5.413999516734536,23.128883787154653,16.933010542757,12.080536912751683,4.88794802326058,5.414129075534224,5.284249972373178,17.2037257356213,15.97981043344916
2013-07-01,alkol_tutun_altin,-0.44910179640718084,-1.2059126498154993,-4.102013434892804,-1.1027227741661094,-2.6527925754387116,1.927413399291722,11.764705882352944,2.8026631046831785,-1.0654885422575644,-1.070727541872829,1.9519285317830315,1.934680634626651
2013-08-01,alkol_tutun_altin,0.7518796992481258,0.9564658931988212,0.5992492601696098,0.7304547041838028,-2.057255814054959,2.4517873225121445,12.605042016806722,1.646770661704866,0.7820256640917123,0.7792365869853324,2.479810403809646,2.452064001735965
2013-09-01,alkol_tutun_altin,0.29850746268655914,0.9831820407038672,2.41680945158389,2.909762726101084,-1.4716502774207996,4.154355061497461,11.627906976744185,0.8420858092748507,2.9747450629648675,2.9349411363487565,4.187892930650738,4.1095955543609675
2013-10-01,alkol_tutun_altin,-1.041666666666663,-0.2219865945815691,0.0,7.071077628885414,-2.072482638888884,2.903051690086733,9.917355371900838,3.5356522191555273,7.091188064530707,6.870645357284477,2.9388158384177077,2.899958907705824
2013-11-01,alkol_tutun_altin,-0.7518796992481258,0.14009123557832126,-5.837814184133993,3.649580346502024,-2.6724848679845037,2.1795936486389333,9.45273631840795,4.522368909675323,3.66531729339723,3.6051467268024773,2.2143524808171833,2.192191656893905
2013-12-01,alkol_tutun_altin,-2.5757575757575757,-1.874607810688389,-16.176305271354842,-7.594682312639412,-7.344965757108546,-2.4837997159637637,6.810631229235886,0.8453497305976221,-7.551313451740604,-7.826012678766547,-2.4183098387521307,-2.4455357712088954
2014-01-01,alkol_tutun_altin,7.46500777604977,1.4127755581621493,16.580418035406154,-1.3883491461823216,7.972412233591486,2.7543464953267094,2.522255192878342,-1.8768493988780333,-1.2793998730956213,-1.2869640677916738,2.8278433607474174,2.7918406447464017
2014-02-01,alkol_tutun_altin,0.4341534008683201,0.7133267187592329,22.253735965549247,0.889057508134683,7.292492760080171,2.260004264972837,2.511078286558366,-2.7500765222577717,1.0106291447959714,1.0059778649319728,2.3300822498392826,2.305562295867225
2014-03-01,alkol_tutun_altin,0.28818443804032867,0.8084421000120523,37.27551028100007,12.384406246868318,7.270408163265318,1.9064117823174964,2.8064992614475592,3.783546671942606,12.390742759952268,11.738177507733738,1.9737150710824825,1.9560824144835953
2014-04-01,alkol_tutun_altin,-0.5747126436781658,0.3997847566563184,0.5801290084435751,7.960902456690344,8.28514896263215,3.1804381601581166,2.976190476190488,6.964136924719133,7.962853321060681,7.6862143017104145,3.2469670055943256,3.1996251169593704
2014-05-01,alkol_tutun_altin,-0.43352601156069204,0.38692412141541066,-2.8508498458244103,6.56812627537724,8.980945821854913,3.689718971220568,2.9895366218235964,8.928613557272014,6.570548200578474,6.3806039123351255,3.7564552270921148,3.693290888633549
2014-06-01,alkol_tutun_altin,0.0,0.6224574760389068,-3.9627027818825544,5.7838566240674405,14.819723835346089,9.034196090949687,3.143712574850288,6.76265563375531,5.784591405928308,5.636665416442543,9.041816514968914,8.68742146208814
2014-07-01,alkol_tutun_altin,2.0319303338171446,1.5299982564595416,6.511603339583116,10.628184224171843,3.5033854750241566,9.286406318382468,5.714285714285716,7.651300483165291,10.644005988082949,10.157519415655436,9.295893540536637,8.921866858682925
2014-08-01,alkol_tutun_altin,-0.2844950213371278,-0.4339361150709098,7.150742354083173,7.053913604990392,2.027464724397654,6.810743763583749,4.626865671641789,7.8091667237131235,7.094843752159652,6.874078469710154,6.832401147315381,6.62734119102264
2014-09-01,alkol_tutun_altin,-1.2838801711840153,-0.7281263995697396,1.7530627293796286,1.4209662418549929,-1.1461223411282973,3.5794427075313884,2.976190476190488,6.3009551617046355,1.481711290770149,1.4717429672755689,3.6126779882933002,3.554204191859056
2014-10-01,alkol_tutun_altin,0.14450867052022698,1.0690671006284402,-5.569641521314372,-0.4082744683744588,0.2892261685990105,4.965002545209463,4.210526315789465,2.627737961252241,-0.3713481134484331,-0.3719816560488365,5.003995149616758,4.8927688798033
2014-11-01,alkol_tutun_altin,-0.43290043290041824,0.5573527972344117,-6.130546146644978,3.617528705692896,0.2904864120188755,5.321707002981335,4.545454545454564,1.5309706254659883,3.6529435743409833,3.5931739931724493,5.36101073468167,5.233626231441302
2014-12-01,alkol_tutun_altin,0.28985507246375164,0.9041625057181646,0.0,10.602433970870017,0.8727231363264032,5.9122548245791995,7.62052877138415,4.5084921444837445,10.605403562707604,10.122329614324066,5.953569521245283,5.797036290799817
2015-01-01,alkol_tutun_altin,4.335260115606943,-1.2132018704217207,17.819140942901246,0.9455767125664538,5.478451424397357,0.2663660934690615,4.486251808972508,4.978691399003976,0.9977879300575809,0.9932537301234223,0.3110786864753523,0.3106360370372929
2015-02-01,alkol_tutun_altin,0.13850415512466352,0.4825456599642841,20.547116433974978,0.6455279537913361,6.375241401625198,2.1207172020035525,4.17867435158501,3.959668597558008,0.6962371011454804,0.6940251810429121,2.1647860007802944,2.1435995871076807
2015-03-01,alkol_tutun_altin,0.0,0.6114963721036482,19.1595381733636,-0.5170656811004481,9.160220856025925,4.895446394180958,3.8793103448276023,0.3527999589971298,-0.47559946589783575,-0.4766393534151536,4.9308939061967205,4.822845130454456
2015-04-01,alkol_tutun_altin,0.5532503457814641,1.419972153241722,2.7989912830123753,10.521532214295393,10.053118278226503,5.625090809563504,5.0578034682080775,3.443290663239895,10.532737219612276,10.056056741238617,5.666716107228598,5.52465523568102
2015-05-01,alkol_tutun_altin,0.0,0.5363777682726001,2.23143437038289,10.758564024688798,11.012182314639741,5.581031211428367,5.515239477503631,6.797416079653673,10.768998829300337,10.271385174471881,5.622600444610737,5.4827051777573965
2015-06-01,alkol_tutun_altin,0.13755158184320937,0.8063894904394298,2.7950798135516486,11.619256286995805,10.675264793344263,5.376520828520559,5.660377358490565,10.967740612607123,11.628234635964475,11.050957647815007,5.417182352320848,5.287159147199927
2015-07-01,alkol_tutun_altin,0.4120879120879106,0.05304356658095699,2.2190556462205135,5.722249068815866,2.508613347043065,8.095258712983755,3.982930298719767,9.32312676627227,5.728356955623526,5.583243301171947,8.106084486385656,7.819650021205282
2015-08-01,alkol_tutun_altin,0.8207934336525335,0.2553396865465185,5.616630494014796,4.545058243823874,3.910247948745904,7.606972483029151,5.135520684736106,7.23738194604393,4.551361943873022,4.459090974267621,7.61902660794469,7.365238074369751
2015-09-01,alkol_tutun_altin,1.085481682496603,1.5564778595670736,9.672962220943315,7.6915901792772745,6.178344801991065,9.63783655369561,7.658959537572252,5.985376737636727,7.719835379179618,7.4594444507781965,9.658074351196188,9.255201049296602
2015-10-01,alkol_tutun_altin,0.0,1.019287404756386,7.883638016126571,11.91228820595649,5.013159164397818,8.773244906876055,7.503607503607501,8.02818666699312,11.931086013211534,11.324419803479913,8.789205182534786,8.45383155232593
2015-11-01,alkol_tutun_altin,-0.9395973154362469,0.08333070328816472,0.5438464693767964,11.146226878064368,3.049028530127962,7.795124020284416,6.956521739130417,10.239723732290118,11.170538557462372,10.636383870446497,7.814394881596187,7.547737422357059
2015-12-01,alkol_tutun_altin,0.0,0.510713817349906,-3.7057497022309094,6.6384027823291225,2.766121241395947,7.163702669361349,6.647398843930641,9.861707924502717,6.6476659943755845,6.453327701577827,7.182521771099393,6.956386076178012
2016-01-01,alkol_tutun_altin,9.07859078590787,4.070580954776171,36.319639987957395,20.11806978936306,21.271013416024044,15.942606685421667,11.495844875346272,12.56307346269583,20.339809436345526,18.658501901656965,16.065662665308068,14.991460852568439
2016-02-01,alkol_tutun_altin,1.6149068322981242,2.1189509101728454,50.934238298553105,30.19272683882992,23.188915420430845,20.29310186000879,13.139695712309818,18.731661988310776,30.351018791310146,26.800982729195688,20.41114215518627,18.71868329982109
2016-03-01,alkol_tutun_altin,0.24449877750609694,0.8612609444008434,52.41579027587249,32.01852225985435,21.147696049727482,18.65177770043833,13.416320885200527,27.371087004897433,32.15013777603202,28.203171237399438,18.772925173250332,17.328249469488632
2016-04-01,alkol_tutun_altin,-0.12195121951219523,0.5207458237767248,7.140109419277341,14.906807949697832,20.852394036304677,17.483547684664092,12.654745529573596,25.3710747529974,14.938555022520351,14.003830713401655,17.61076267398325,16.331166307529312
2016-05-01,alkol_tutun_altin,0.48840048840050887,0.6794419415063535,2.4674966345551663,8.563436113372225,24.361784945762754,18.887214546363396,13.204951856946368,17.947937161515814,8.564679611811709,8.245794838735687,19.00160018380166,17.523388783965686
2016-06-01,alkol_tutun_altin,0.0,0.6933788460564472,1.4714651736736695,7.84242974280438,24.361784945762754,19.319731023654253,13.049450549450547,10.365480373736101,7.842821645372999,7.574266445358102,19.430799473164683,17.88871884137877
2016-07-01,alkol_tutun_altin,6.925880923450789,6.565707143706656,33.28923689679382,36.21870270599506,19.5015624397207,25.109777039985026,20.383036935704535,17.063846042475795,36.808567492392456,31.754111725077827,25.4373209664003,22.87897121923974
2016-08-01,alkol_tutun_altin,3.1818181818181746,2.1388251217363097,48.1644636520165,44.29024581431662,23.21542793264031,25.15847907051816,23.20217096336499,28.781368757697166,44.79496836692278,37.59164444599765,25.48625624717813,22.91871964236667
2016-09-01,alkol_tutun_altin,-0.11013215859030367,0.31923541087035545,47.51283423250352,42.15762869960717,22.3451814396193,23.816897414856285,21.74496644295303,40.87114555849851,42.707744462540155,36.095070705253285,24.157903948614013,21.83466857530569
2016-10-01,alkol_tutun_altin,-0.11025358324144863,0.9251078606378194,12.352334841476843,14.366063989228994,22.373841055159758,24.81505065577465,21.610738255033567,32.61052979862489,14.40440176479334,13.532673572977938,25.1476531652806,22.64339264902788
2016-11-01,alkol_tutun_altin,0.44150110375273943,1.3773277821984564,0.8839725278116495,10.993386054281507,22.259640440613037,26.551424162415536,23.306233062330616,21.454117185727604,11.005690932396007,10.486684214826525,26.872883949087843,24.03916433041209
2016-12-01,alkol_tutun_altin,6.373626373626373,6.840998282883581,29.739518256676355,42.794669488176986,38.34104253619732,42.47579305055087,31.165311653116532,22.198095478896683,43.37230379532626,36.573735702879425,43.03967034997438,36.334403204066355
2017-01-01,alkol_tutun_altin,3.8223140495867947,0.1352521908644766,51.40891814437847,38.37673856558909,30.426782024793408,25.79985269233418,24.84472049689441,30.173623767376377,39.03778919320651,33.41431302378606,26.171081116109683,23.473493298381996
2017-02-01,alkol_tutun_altin,0.29850746268655914,1.0058114648405336,50.54854381849378,36.359431181763924,23.239340953637754,23.02436745336165,23.227383863080696,39.13366370972531,37.04083949846666,31.928247754354366,23.395254011402123,21.207465984590446
2017-03-01,alkol_tutun_altin,0.0,0.552355549376049,17.581961066497676,6.979959070784414,23.511242340293357,23.596795659804126,22.926829268292703,26.082798416747323,6.987980104965974,6.773676820324237,23.961770017840056,21.673706261601833
2017-04-01,alkol_tutun_altin,0.49603174603174427,0.8963025754095355,3.222300622884622,10.269511225161509,25.015106549907664,23.52625359234155,23.687423687423713,16.946923303411165,10.27194242472822,9.817878358504473,23.891640100594678,21.616095691145265
2017-05-01,alkol_tutun_altin,-0.7897334649555776,-0.8623030426546219,-1.1851721016725048,2.335261619715734,21.96896510083326,18.128650480319266,22.114216281895516,6.476479489201359,2.3707982173401643,2.3454203285238506,18.5490054340669,17.13683404143911
2017-06-01,alkol_tutun_altin,0.09950248756218638,0.7243075538104993,-0.7912918605801122,3.037062880542707,8.005344580288254,4.990003189514702,22.23572296476306,5.1480914647847875,3.0757545144636467,3.0332283462616516,5.01516845522163,4.903452583292944
2017-07-01,alkol_tutun_altin,0.09940357852882276,-0.22954873410233612,-2.3482342235238707,-1.4854879053074588,0.3984059800499873,4.226422260706086,14.43181818181818,1.270619656286498,-1.4603107281675243,-1.4701768917858349,4.254630147305605,4.173850733359319
2017-08-01,alkol_tutun_altin,0.3972194637537063,-1.0714840720475682,2.4095305546524504,-2.3143244391202744,0.5961238662131496,-0.01655554532389303,11.343612334801744,-0.278666874658251,-2.2826650899276713,-2.3069010093576203,0.019261359790512245,0.019259659583115152
2017-09-01,alkol_tutun_altin,0.29673590504453173,0.7592863514394921,3.2190593845056403,-2.1785594830716404,1.1940192743764122,0.39538792996429706,11.797133406835725,-1.992277589596314,-2.14559230398923,-2.166985818841649,0.43398210496234935,0.43312126371000126
2017-10-01,alkol_tutun_altin,0.4930966469427922,1.4777837561302132,4.8525154505402845,4.691206042079044,1.1881083915027402,1.5559111221023159,12.472406181015439,0.028693268095980606,4.763275788325183,4.662344142088548,1.6078115100182089,1.5960836251513566
2017-11-01,alkol_tutun_altin,1.1776251226693013,1.9628264858951194,8.150875323676154,18.13856474009361,5.241058389643816,7.426465577290453,13.296703296703317,6.590898325955097,18.155430916635762,16.7995863738593,7.491921953136127,7.246342682250839
2017-12-01,alkol_tutun_altin,-0.4849660523763455,-0.05882349267098963,4.8184234071527055,14.348162325244896,4.015667426850444,5.762478975858998,5.991735537190079,12.26127310556302,14.398149782480395,13.527146997417372,5.830312305073626,5.680080589287861
2018-01-01,alkol_tutun_altin,0.8771929824561431,-1.799613084224727,6.430147282418397,0.27625130936557163,5.638386310720667,2.459951624798684,2.985074626865658,10.644854753408017,0.41835969552104224,0.4175596359976108,2.56973021885607,2.5399518890430794
2018-02-01,alkol_tutun_altin,0.09661835748790981,1.118066048635069,1.954021413206375,-3.005826720696292,5.006745776674171,7.045562352527668,2.777777777777768,3.578555084409385,-2.9216134047654774,-2.9614821130425906,7.14274370656216,6.919052130408354
2018-03-01,alkol_tutun_altin,0.38610038610038533,0.8476301478927528,5.570824674392805,0.5612361483393391,5.193951347797476,7.23335560690801,3.1746031746031855,-0.7394882458666485,0.6663589840187889,0.6643324492123792,7.33111799896804,7.095739723314876
2018-04-01,alkol_tutun_altin,1.057692307692304,1.2208525766117528,6.328445576816066,13.516180944430566,6.379284275892516,6.691035649969823,3.75123395853898,3.4525032814502143,13.517834083449841,12.746195092558299,6.7841078271263955,6.581877364277955
2018-05-01,alkol_tutun_altin,1.3320647002854402,1.007377790799735,11.675886708190575,13.019957363443702,6.704291126391282,4.7008945927845325,5.970149253731338,8.868922761136332,13.021510277803783,12.303442061216963,4.772288309307915,4.670979974087186
2018-06-01,alkol_tutun_altin,0.7511737089201942,1.242192365267747,13.309293239774256,14.799108464783517,9.37163951681239,7.444591562097336,6.660039761431413,13.780410191515301,14.799865465121332,13.881690930716939,7.520420374268255,7.273011689964659
2018-07-01,alkol_tutun_altin,0.37278657968311535,0.03489548402602072,10.268622442463137,9.51273925047551,8.280613316530117,11.496492879718945,6.95134061569016,12.414159121290137,9.530456148221944,9.13786256037401,11.50780847138806,10.942028826466155
2018-08-01,alkol_tutun_altin,3.9925719591457742,2.298396610190445,22.313293249803312,15.219918152843427,16.873630387143912,14.114636384005719,10.781404549950535,13.155010033402625,15.277700401226134,14.301937837936851,14.144495476295615,13.302689949576907
2018-09-01,alkol_tutun_altin,2.3214285714285854,2.8543524653622754,30.118660155908493,22.736036766399458,21.42344674556216,18.701253562393138,13.017751479289942,15.777728954145221,22.84240529191286,20.750578238314965,18.75874157172528,17.316134584515954
2018-10-01,alkol_tutun_altin,-1.3961605584642212,-0.4332117106074618,21.18558418440124,20.454768731166762,15.598302011314491,14.853522712769252,10.893032384690882,19.456624583519822,20.600344083215717,18.878149459781035,14.943298779986636,14.008006010077523
2018-11-01,alkol_tutun_altin,-1.7699115044247926,-1.2837091744876017,-3.5238810153565447,4.448932593191102,8.629240230113066,9.70231294070032,7.662463627546057,15.570017692788007,4.645810699113229,4.549726321068848,9.843897143686231,9.42583207950285
2018-12-01,alkol_tutun_altin,0.45045045045044585,1.0215555404077925,-10.38906701434643,-2.7992726386694367,7.981732415321785,9.224686070233435,8.674463937621834,6.852078766440384,-2.7462748381751556,-2.781461378749084,9.363926581404947,8.98455842978294
2019-01-01,alkol_tutun_altin,1.3452914798206317,-0.8754514779665823,0.0,-4.514723432535406,10.084324126735345,7.2457780342212175,9.178743961352676,-1.0562522612524772,-4.456705871600597,-4.550420448185566,7.403829836743614,7.163864505797735
2019-02-01,alkol_tutun_altin,0.08849557522123686,1.5210036589247355,7.7850442998226965,6.808226971333742,1.9739317602041062,5.621992498376471,9.16988416988418,-0.2934877978117645,6.876065329222558,6.668430885463783,5.755548899707064,5.609078603266315
2019-03-01,alkol_tutun_altin,0.5305039787798282,0.9734059824170416,8.129050455807052,6.60474195118681,-1.5645130341822022,1.7941965822330541,9.326923076923066,2.8417211878905224,6.671541068164544,6.475832653500779,1.8629049273509501,1.8471856373758477
2019-04-01,alkol_tutun_altin,5.98065083553212,5.797713880336142,29.310685416429404,38.34286573371533,13.7148562925836,14.933488573693921,14.652711703139886,16.547467955502526,38.70563139218186,33.168494086711675,15.28578781866965,14.309036819263055
2019-05-01,alkol_tutun_altin,7.883817427385886,7.239618854144236,74.5512605646932,72.24800645985714,37.16419121824528,35.637399596586874,22.065727699530502,37.167133378377734,72.93342793568745,56.04295486758968,36.278491752532595,31.35569287652673
2019-06-01,alkol_tutun_altin,0.4615384615384688,0.9756049414699763,74.07277350844639,72.26301154689307,37.194474049347434,35.51403578113543,21.7148182665424,60.48241960676497,72.94796074466936,56.05175070380142,36.156489471891184,31.263791678651096
2019-07-01,alkol_tutun_altin,0.7656967840734996,0.2661190264807711,42.257564604297414,38.96445305107046,35.62972824810085,38.65331106830243,22.191272051996293,60.09091713306074,39.73068108906348,33.925371288379935,39.217291438149424,33.546932687545805
2019-08-01,alkol_tutun_altin,15.653495440729493,13.902026098260878,87.88201121305276,76.85138813652055,81.09401396696738,74.5345210729788,35.892857142857146,62.168407070436075,80.57155031626631,60.5750002648465,76.7146639454576,58.30897756621809
2019-09-01,alkol_tutun_altin,1.905387647831791,2.245260853212816,98.9181829739971,85.91540083340645,86.08127206020566,78.95906470617892,35.34031413612564,67.0026918909433,89.49748529715053,65.65362391181786,81.04945770578507,60.85268730780964
2019-10-01,alkol_tutun_altin,0.06447453255964408,1.2153405141050788,93.43867582130625,93.05626900963675,65.88584907284651,63.7924260489614,37.34513274336282,85.21929232959656,96.43295040517287,69.45050986231509,65.87382664267771,51.68794057534752
2019-11-01,alkol_tutun_altin,-0.45103092783504994,-0.28362235133521096,6.18308165094652,13.402880477773449,41.244082840236686,41.61729001493486,39.189189189189186,58.432833282192085,13.474844727647394,12.707916063930735,43.46655568076259,36.64145816438862
2019-12-01,alkol_tutun_altin,0.3883495145631022,1.2632693924940597,0.0,9.108633509959386,41.03835753935776,42.425332484742114,39.1031390134529,32.50019044697821,9.142028559548642,8.77995022105571,44.26955629692257,37.21678706643679
2020-01-01,alkol_tutun_altin,1.2250161186331265,-0.7114604860327334,4.72050839413134,1.0346274672261124,42.327075692205355,39.66162042451473,38.938053097345126,7.687665680964306,1.0780363979182805,1.0727462205044613,41.5573607130449,35.26162804140978
2020-02-01,alkol_tutun_altin,-0.1273885350318471,1.7314798659470831,6.088985978690542,9.452508187449737,6.136023387167766,11.410186715461013,38.63837312113174,6.464551740956259,9.52533911011173,9.133155089633638,11.484060699863786,10.920535576782186
2020-03-01,alkol_tutun_altin,0.7015306122448939,1.1070920469816725,7.4190553341106025,8.778838570879888,3.6431644316742284,8.943611245768658,38.874230430958654,6.37469239310231,8.84821851776394,8.50844570758409,8.995032788400902,8.644197964319899
2020-04-01,alkol_tutun_altin,3.0398986700443276,2.3539041911579517,15.332472385348073,22.84728984011666,9.898476525135514,11.408393599201204,35.020746887966794,13.553347254449877,22.865744515810405,20.76990441634683,11.484933198943859,10.921325318425644
2020-05-01,alkol_tutun_altin,1.4751075599262586,0.6584530938278599,22.9147662718473,17.7457225378709,14.192394298342093,13.523410185360053,27.0,16.336828145903382,17.781013923076983,16.477797327869936,13.584439347901945,12.805476208751788
2020-06-01,alkol_tutun_altin,0.3634161114475898,1.1519741018790386,21.272271893833626,17.954933969557672,14.135677529232836,13.274007260771526,26.875957120980097,19.474113909343416,17.989769273602143,16.6573255474594,13.334532950467581,12.582885627521744
2020-07-01,alkol_tutun_altin,1.8105009052504561,1.0131741828420582,15.587299847940116,11.894961967405315,15.459815814028977,17.243306096589883,28.191489361702125,15.801309423917132,11.897809304082552,11.294405514195827,17.264283585231066,16.032154965271328
2020-08-01,alkol_tutun_altin,3.734439834024883,2.2168759899243495,26.230383514215628,18.98711646552591,24.56154336734695,18.364792066438174,14.980289093298293,16.240009073016083,19.007122629407426,17.528097098581785,18.392613311601338,17.00294721322586
2020-09-01,alkol_tutun_altin,0.0,0.08808807399425245,24.411968309374977,14.05965695842941,22.83208883537533,15.990944927274132,12.83043197936815,14.955325635125138,14.11047759925037,13.27255298704264,16.03526367797661,14.96493926725102
2020-10-01,alkol_tutun_altin,1.1428571428571344,2.496601765343609,21.18049860327009,20.90878436590897,18.350862387137145,16.314589919530697,14.046391752577314,17.964534964179624,20.99049908153514,19.206263317048844,16.36276664841725,15.250334415622335
2020-11-01,alkol_tutun_altin,0.2259887005649608,0.3587158517334599,5.599598564875241,12.353814739332503,15.455090081777723,15.622906206923727,14.8220064724919,15.710754160783203,12.430200389624702,11.773622764285285,15.675821140558433,14.650859931433535
2020-12-01,alkol_tutun_altin,-1.0710259301014546,0.043333749019414114,1.147764438150789,12.152993737576745,12.178395708992662,13.102307635913801,13.152804642166348,15.042565249289751,12.231048287849667,11.594605464385932,13.167186537182607,12.433579225714286
2021-01-01,alkol_tutun_altin,0.056980056980049376,-1.6851394260056551,-3.126502246092211,-5.059902280714357,8.347490784333878,7.140523625841189,11.847133757961782,6.140632052456851,-5.013333948887078,-5.132359301011125,7.268408195806608,7.03695200801886
2021-02-01,alkol_tutun_altin,-0.6833712984054552,1.385724275364253,-6.594712742459475,-1.1136097006481216,-0.6845387755101906,5.405233152508626,11.22448979591837,1.7129552834634465,-1.01953023343333,-1.0243256064879525,5.509043339532216,5.374648578898666
2021-03-01,alkol_tutun_altin,0.4013761467889898,0.3536477825641704,-0.9085687871309034,0.11901223431687313,0.1143183673469661,5.9653101355708005,10.892970234325539,-2.0330220997712756,0.2171463441266619,0.21693052769107268,6.068277658833954,5.905767996038502
2021-04-01,alkol_tutun_altin,1.6561964591661926,0.7877712617745836,5.580074218215314,10.578642051701358,1.1331354336238109,2.461441928436825,9.403810694529824,3.056051282628336,10.590316526849719,10.108573278812027,2.516677944091783,2.4881069889004515
2021-05-01,alkol_tutun_altin,1.2359550561797716,0.7694061502383054,13.981199802955647,7.914255063129105,3.1816200180739163,3.301748025076501,9.145972138098113,6.106815810127508,7.9168265201838395,7.643300778308237,3.3601518631476424,3.3094875859101425
2021-06-01,alkol_tutun_altin,0.33296337402886067,1.333500505404972,13.67085331872675,12.19108418217727,6.131086598323066,5.983303070892609,9.112854556427274,10.218053011915206,12.19560122523462,11.562711669671444,6.051447120690034,5.889821098681258
2021-07-01,alkol_tutun_altin,-0.27654867256635685,-1.3554417853588574,5.269581804555301,2.948377594466711,5.424713705304596,6.695322277136029,6.876111440426791,7.621956524153717,3.0311732793488977,2.98985948113768,6.749426501921674,6.549216379974854
2021-08-01,alkol_tutun_altin,-0.2773155851358844,-1.8990182146775836,-0.8849503137325132,-7.530581811199822,6.288533162191734,-0.10621450778165453,2.7428571428571358,2.2463359566706975,-7.418925168690283,-7.683837978525876,-0.020266717307471094,-0.020268600108819257
2021-09-01,alkol_tutun_altin,0.22246941045604984,0.3456662510746167,-1.320840435075854,-11.083895621805251,5.910076350268634,-0.12210378945045619,2.971428571428558,-5.406403294468587,-11.034318781438579,-11.635174995847297,-0.03622564699858888,-0.03623166308792669
2021-10-01,alkol_tutun_altin,5.937846836847949,7.213230442498242,25.672659764673057,24.074183585130005,15.019599798005267,13.018741372602172,7.8531073446327815,0.8891198982696746,25.142889003417878,22.6395139155811,13.59479100297547,12.81468669835939
2021-11-01,alkol_tutun_altin,2.8287061288632787,2.9247216969901624,42.07656507620139,50.337324337897286,18.667290382741577,17.905067378744597,10.653889515219838,18.72994207058585,51.01122687487438,41.93447356225208,18.53554595587812,17.125317791863104
2021-12-01,alkol_tutun_altin,14.31482424859909,15.884528742067516,140.47629035542965,167.40786044842767,54.04544208630282,54.197487758984344,27.863247863247874,72.91647743131158,171.34106040913468,104.08992352622369,57.395563490190725,46.22737426518819
2022-01-01,alkol_tutun_altin,17.290552584670227,15.525329896869987,261.34315000246147,260.48691970301456,113.0984625673178,111.48787259620785,49.886104783599095,150.23310023910764,267.0460215002736,137.33832134371067,116.91998264515031,79.98891762964588
2022-02-01,alkol_tutun_altin,1.0638297872340496,3.240242397374038,237.16722233314437,264.9276476987184,118.86882099873671,134.22691163047017,52.52293577981651,230.34649056125542,271.22436145167563,138.6004041452462,138.77117592178885,90.26743885374913
2022-03-01,alkol_tutun_altin,4.96240601503759,4.381672980460083,139.64603366743074,140.21600758540833,140.06080307858704,153.44752639131696,59.45174186179325,212.93910291156087,143.97787256076643,92.58898109881643,157.32625321740534,98.33945231252005
2022-04-01,alkol_tutun_altin,3.5100286532951275,2.6676704499197346,45.36097632029714,49.84004914140279,129.1837539421356,132.41208609522147,62.35955056179774,129.73279697421077,49.88264201521364,41.15834331101542,136.51788519585165,89.24833232736304
2022-05-01,alkol_tutun_altin,5.674740484429064,5.590758966588294,73.75991055773244,63.95908675989228,142.04575269069738,144.60826611158825,69.47835738068812,79.04132383441502,64.08963717473387,50.56040958787244,148.52690133512976,94.5804068665593
2022-06-01,alkol_tutun_altin,3.2416502946954973,4.3120430825030365,62.64256962157224,63.5220354703359,97.4250407503789,98.19336647053458,74.391592920354,59.166683470124084,63.651629660652965,50.28188999604426,100.15054760766344,71.43543554743034
2022-07-01,alkol_tutun_altin,5.359974627339037,4.064457440626956,74.58508610413712,72.60411683681983,59.304295507247694,60.819803969652654,84.24847476428174,66.74677373493734,72.64630571756699,55.86903795887315,60.89581771536048,48.51369063494428
2022-08-01,alkol_tutun_altin,0.8428657435280096,-0.997186523660154,44.7781748113409,33.39441611082772,58.60845723330883,47.889237757182215,86.31813125695216,55.304473005904555,33.85684594185978,29.517255997879353,48.26835705460295,40.0388327928759
2022-09-01,alkol_tutun_altin,-0.4179104477611939,-0.17767593123444447,25.31650808685533,11.869204878573436,42.764837727112216,35.25191343634422,85.1276359600444,36.65778833991398,12.190787695157223,11.558379942929431,35.7011589806314,30.920134969486845
2022-10-01,alkol_tutun_altin,2.7278177458033737,3.7483521092745553,13.255135826195374,10.516133755297119,40.61528238407108,38.11422686694124,79.51807228915663,17.950681162716585,10.793793541331986,10.293958617519827,38.58825447580316,33.081498288196485
2022-11-01,alkol_tutun_altin,3.2389845345783375,3.2725525146058976,24.409082189034372,30.850438420049443,34.207748842168215,32.11630418267202,80.23433520122265,17.511084824345623,31.082123970624597,27.372914770584032,32.462825224504655,28.445085384231696
2022-12-01,alkol_tutun_altin,0.7914075749010596,2.4359925864694487,30.563320777090542,45.10246642578706,27.913015147048004,27.40681906779048,58.91265597147948,28.153161985548003,45.12657442015633,37.82758884139961,27.6885065735879,24.69298439216452
2023-01-01,alkol_tutun_altin,10.600112170499166,9.152782624366406,75.42488777038474,77.78258302848462,40.953075495818815,40.17076630074552,49.84802431610942,50.6189723003327,78.63921970570536,59.445310901767016,41.01924518955742,34.86963475964342
2023-02-01,alkol_tutun_altin,-0.5070993914807143,1.6754493537612047,51.315940151778875,67.03749499004763,37.20450879928716,47.84089235402546,47.51879699248121,63.14216408969442,68.06394274044925,53.05689825838824,48.5211868008838,40.21490651448614
2023-03-01,alkol_tutun_altin,0.3058103975535076,-0.7162082701608008,48.42088049570352,47.406647058618304,39.20604523575384,46.2500189940535,40.97421203438394,63.425331147784235,48.85663746978377,40.448094831867245,46.980759706534016,39.13784183663343
2023-04-01,alkol_tutun_altin,0.7876016260162766,0.019208266359327375,2.353141481674337,3.9229511173914933,33.9973445907382,35.9253128949601,37.26643598615917,36.14664597088826,3.984772922415103,3.9137973998389253,36.70922896592654,31.679554150802968
2023-05-01,alkol_tutun_altin,0.6806150743634998,0.9718381487510142,7.328793473403561,1.0760168428976868,27.43844510109248,29.936463923755774,30.779305828421744,15.216353435605168,1.1049088375167937,1.099352579798163,30.704824360726878,27.0781254190932
2023-06-01,alkol_tutun_altin,10.61592388582875,11.820239201394301,58.73857857808793,62.635881304935516,53.49306043335058,54.83413691619803,40.12052013954963,20.26891449778352,65.17103923048728,51.245142466018564,56.81946981469714,45.8466186489429
2023-07-01,alkol_tutun_altin,11.905839746491619,10.341353958975175,141.24873591646661,140.8995299544447,57.1386839690762,58.22449265413481,48.82600842865743,60.547808899555314,143.85274658103282,92.53372523648196,60.44803202039737,48.22376131816044
2023-08-01,alkol_tutun_altin,3.580097087378653,1.5383275603781055,170.2631667428913,146.35133841538965,70.31447268748418,57.79801022492115,52.86567164179105,113.97504796539985,149.03251799857867,94.79968288299031,60.025524011162965,47.94951773139424
2023-09-01,alkol_tutun_altin,8.92403827377466,9.302647615530923,154.10381978479046,124.90338185335905,100.83844045376429,91.2520842139543,67.20623501199042,136.76239577642667,126.75906702237808,84.72931653953682,93.73299944658866,67.9872295027777
2023-10-01,alkol_tutun_altin,0.3047687343133765,1.1076953561555136,64.0161129055438,58.554873651850855,98.91877716393422,95.43744404467951,63.26232856726,104.13526420169123,59.787430271020206,47.794682128258174,97.76228738468862,70.16420368237006
2023-11-01,alkol_tutun_altin,8.650580875781944,8.615095438619003,98.56809539198454,107.59664237764399,131.65846039966317,126.14533092742289,71.82023742227246,94.60350764721248,109.14559080598707,76.10175364122176,128.29175286440488,85.45071826210604
2023-12-01,alkol_tutun_altin,0.4277019246586633,2.3245275561289525,43.49231208121338,59.44708722791587,90.95011026335528,89.36786724316721,71.20022434099833,73.74975863103997,60.394842737728325,48.189273403613875,90.95009409525798,66.45929497157535
2024-01-01,alkol_tutun_altin,4.832104832104833,3.627498418602282,71.20621752978222,75.94616392326267,67.57260606822304,67.0243149675542,62.27180527383369,79.41405609354304,76.64643667928195,58.26848565340095,68.02320435347285,53.03158389082956
2024-02-01,alkol_tutun_altin,0.5468749999999911,2.77588598898566,25.56414143140153,41.05353262273221,57.90197089828606,71.12054163070162,63.99082568807337,57.82393260236607,41.076829539248074,34.91164785486758,72.04952046528588,55.50670074804467
2024-03-01,alkol_tutun_altin,1.118881118881121,-0.3693014096481928,29.056699368987093,26.77618447021719,36.08322520438008,42.1762756005553,65.3201219512195,45.979047174455665,26.993795034141232,24.136331991758997,42.80160902360917,36.16280269768644
2024-04-01,alkol_tutun_altin,8.759797141539893,7.98962666477383,49.51228762132169,49.50846357131746,59.991978667279966,62.18952074481932,78.39677338038817,38.98035250109517,50.501865040381475,41.58484497644519,63.09454879575513,49.92666531492306
2024-05-01,alkol_tutun_altin,4.111911827045378,4.808816831247742,71.87165692401459,61.693340875011906,46.904448666663235,51.02124662441394,84.47671507260894,45.81624895501084,62.765883015593424,49.71656834549352,51.56609247310553,42.31410810018055
2024-06-01,alkol_tutun_altin,0.10857763300760048,1.2777543234420374,65.10506832218184,72.65361829869931,45.972309589017236,47.94717625857674,66.95337256677232,61.170744554463255,73.36652350226704,56.304791277854434,48.52931371090181,40.22056163480672
2024-07-01,alkol_tutun_altin,5.504338394793917,3.8276228074032304,46.2069856828994,47.53639522392743,47.85040039062498,48.51915624181298,57.402912621359214,60.03769798224414,47.721105844678036,39.65677584837204,49.10554324918821,40.62081041240861
2024-08-01,alkol_tutun_altin,4.394757131842719,2.205377896075933,47.80229927368629,33.41445549791311,59.38326785879233,46.87487542285162,58.64089045108376,49.74841346078453,33.49901425136495,29.243020107684803,47.46822873364089,39.47979422658916
2024-09-01,alkol_tutun_altin,4.172821270310201,4.627184158862696,73.30605295501924,51.958425581008186,69.15586810331507,61.975837727528635,51.721046970240224,44.11841840248736,52.044984784018354,42.64073944936744,62.38525024565122,49.47276536361094
2024-10-01,alkol_tutun_altin,0.24813895781639062,0.8724219417352019,41.266027772984295,35.38262661760654,43.71527441467305,41.32892381642408,51.63538873994638,40.039145209669954,35.56866266212153,30.819935986695324,41.52536102302764,35.23835591753368
2024-11-01,alkol_tutun_altin,-0.08250825082508628,-0.17405313896173835,18.54659210507885,23.208790800218427,32.36864766322303,28.210115580508788,39.44727751274881,36.18660404981819,23.510184652497635,21.302211846544637,28.41559742724169,25.27261597711472
2024-12-01,alkol_tutun_altin,0.04718650465966867,2.185948861416964,0.8534802275739883,12.105849561932258,32.20634850497128,30.519839096792456,38.91891891891892,23.03114163804565,12.167333203330678,11.537270656761711,30.718731445834546,27.089005053064575
2025-01-01,alkol_tutun_altin,1.2144794245961599,0.2037303183256789,4.798772652990446,9.162642144397214,21.673770091059552,21.567780361518164,34.12500000000001,14.56829287402197,9.231508765266483,8.862504163123619,21.748803939465034,19.84122007490947
2025-02-01,alkol_tutun_altin,0.5475302889095923,2.7720064532836375,7.467150533062816,22.630818721544422,12.871008053167099,22.919465055467402,34.125874125874134,14.527932811279843,22.717077849633526,20.646742532105122,23.11304581454121,20.974477189324883
2025-03-01,alkol_tutun_altin,8.90974394624029,6.802351747780722,50.9117869273197,46.338353051124614,23.36927866767433,28.08350944711937,44.459812509605044,25.486039914775272,46.94448493914065,39.11235407756015,28.481258582613165,25.32481236716093
2025-04-01,alkol_tutun_altin,0.7446808510638281,0.10668120443646512,48.12933739710363,45.77225083453356,24.59443307434399,26.146280374942023,33.8137628938816,38.024104042841536,46.393008158466166,38.7241576220033,26.56745089855157,23.79333089256346
2025-05-01,alkol_tutun_altin,0.36958817317844783,1.4437782959244583,47.083521191255116,38.381228767427444,25.724488119035694,30.26819788207311,29.003800217155252,43.41347993849676,39.03363908950559,33.41124499256658,30.64203783939259,27.02899376233585
2025-06-01,alkol_tutun_altin,0.6417674907943205,1.914802043356545,7.253158785158442,14.736865299810397,27.22329128688592,29.577790929707515,29.690889370932737,31.920253607900317,14.776438534472302,13.861046174869873,29.950862107209076,26.486700126215013
2025-07-01,alkol_tutun_altin,5.216391386159325,3.340327729351178,27.601329937386353,30.295694172626565,37.48272784104283,37.81689523999512,29.336931380107956,27.2894389496553,30.344196946554703,26.795632274528725,38.15512917634525,32.75989494826601
2025-08-01,alkol_tutun_altin,5.3154495777446575,2.961496437281519,54.67316638229307,38.26994270868349,50.83061342217143,38.325574546536465,30.477597242737573,27.53661269047425,38.29857035465481,32.86650483995697,38.66565823610806,33.13887491626177
2025-09-01,alkol_tutun_altin,0.6415094339622618,1.1695129938299242,54.671579990686546,34.26949624382085,28.798352195563616,24.119543603739825,26.054590570719615,34.26784044739186,34.3385270053848,29.885348641850484,24.204893830468734,21.87319740836018
2025-10-01,alkol_tutun_altin,2.7934008248968745,3.2474359258102714,40.908713334328105,33.787371643661835,34.09004146925376,32.02999075907758,29.25506836397924,35.39530949247729,33.85230671859072,29.513781427686858,32.08757628111232,28.15470685110779
2025-11-01,alkol_tutun_altin,2.3800838956775427,2.247032300274321,25.843685740528954,30.1123689588745,39.5157386917542,34.12915343665852,32.440721953521304,32.670692684332515,30.166185420909898,26.655924879658066,34.17590994142539,29.761214859807517
2025-12-01,alkol_tutun_altin,0.8016389062082574,3.1925325716030573,26.646512638507392,40.835788956050045,39.95933770244984,37.513455473382294,33.4394528947058,34.89058112835417,40.85265494360668,34.7480031907506,37.56024892257097,32.31667591630054
2026-01-01,alkol_tutun_altin,2.87178580895997,2.0096954131846756,27.03325130122085,34.20284850921733,33.79122539064878,33.99494904339011,35.62441752096923,35.00678457908322,34.2228243572358,29.797041140248215,34.037448179856945,29.655411283967535
2026-02-01,alkol_tutun_altin,3.7708297543377345,6.017332985184387,34.07772944112437,55.119496627876075,29.895479708081176,42.066763100878426,39.972193256864784,43.301322018165365,55.36299048577116,44.87824387988848,42.25401294154436,35.76708437977327
2026-03-01,alkol_tutun_altin,3.3275391110007435,0.8161710807336853,48.03029973191051,41.31689912181906,36.921587873787985,41.076138948597254,32.79787234042553,43.3984346744247,41.71031330793853,35.37279791641099,41.28088754962938,35.06040055358079
2026-04-01,alkol_tutun_altin,0.20828326524073848,-0.3021553377340891,33.28460531697153,28.93516313618956,30.121392406532777,31.542640105318178,32.090813093980984,41.264616270905606,29.492225976942255,26.125394912735935,31.838076741946963,27.961218026492073
2026-05-01,alkol_tutun_altin,-0.0719481972979441,1.4264761532604586,14.611583985648057,8.011307559000858,23.963143508247732,29.439791635613076,31.509731720147304,25.048512551242652,8.044146252759777,7.761967585040219,29.73920467236333,26.32010573246435
2026-06-01,alkol_tutun_altin,2.3760000000000003,3.771779528524366,10.447730857676207,21.245459490630036,27.865596246884095,30.897029637100438,33.775872883127754,18.982455609785397,21.441571930470825,19.58440137620294,31.21763252365286,27.478599646306968
2026-07-01,alkol_tutun_altin,1.4065796671094866,-0.5784607574279343,15.826210699030852,19.906944407651707,24.24914799861093,24.33913880336549,28.931942374565335,16.290810219877905,20.12748931054842,18.47917969742756,24.72931606526747,22.302287305081748
2026-08-01,alkol_tutun_altin,7.089465978269227,4.510903839887526,52.7721455773241,35.17158371591744,32.323307068343475,20.83070595662837,31.10377358490566,25.343093549187422,35.56463730119261,30.81689044393583,21.08957372187803,19.28942901448802
2026-09-01,alkol_tutun_altin,0.8562999208462152,1.4933414590940997,43.90095478672962,23.685431630827637,26.069559864573712,22.459368732557984,31.383577052868382,26.130119954151574,23.99761180871223,21.703138166214764,22.713491518245597,20.643769771208852
2005-01-01,yonetilen_haric,,,,,,,,,,,,
2005-02-01,yonetilen_haric,-0.14869617610380192,0.2925938226508329,,,,,,,,,,
2005-03-01,yonetilen_haric,0.14016105330161288,0.4224271194368745,,,,,,,,,,
2005-04-01,yonetilen_haric,1.0321919217228137,0.3762499179497336,4.156698037501139,4.453302004640292,,,,,4.453481681377225,4.365083440149764,,
2005-05-01,yonetilen_haric,1.1601814990677806,0.3402216671041014,9.7262766598875,4.651858262091646,,,,,4.651928803405392,4.555594817962838,,
2005-06-01,yonetilen_haric,0.0941401654651175,0.7584240904572548,9.524710347728416,6.059494995904102,,,,5.055060876206308,6.061749338058076,5.899582702044359,,
2005-07-01,yonetilen_haric,-0.8550670758218248,0.41670975118435205,1.5675801574005277,6.230600997861679,2.853992517811643,5.338203175125855,,5.647668169323561,6.232685346999256,6.061422034982833,5.3396402156573375,5.2132527375662985
2005-08-01,yonetilen_haric,-0.02586412711886865,1.0186177185063983,-3.1125909950252995,9.132750341348705,3.1071997745042657,6.868822022491949,,7.137624805337395,9.1366719129367,8.77500624059202,6.872738264021794,6.665300529277429
2005-09-01,yonetilen_haric,1.2335902725722825,0.7640906115986112,1.375097995155361,9.157302341315866,5.371145217236606,7.597250715040027,,8.171664698728609,9.161231879737697,8.797672325157446,7.60126087740336,7.348627513600903
2005-10-01,yonetilen_haric,2.3519585912438856,0.8870523754560322,15.142014778635504,11.216847091395078,8.142016882956549,8.695135620717576,,9.836065858378218,11.217555196733176,10.679042822244167,8.698928939438177,8.3702324286135
2005-11-01,yonetilen_haric,1.7150783594531482,0.7858365338271334,23.37425426737707,10.19525953945526,9.331659796634906,9.662718132095826,,10.18885054996792,10.195446260611485,9.747918083527107,9.664887812445656,9.261462162059564
2005-12-01,yonetilen_haric,0.2210045307633468,0.860063969501712,18.511634639726026,10.615684240499279,9.6089803582182,9.884073861191167,,10.673364734379142,10.615803780647305,10.13181151513951,9.886311632683453,9.464741920148478
2006-01-01,yonetilen_haric,0.3593642343485026,0.3734493871408562,9.548885476129332,8.380306076197353,12.310637922128876,9.789416286794417,7.478358344893299,9.722011153338572,8.383248594334546,8.077399561878806,9.792018312203531,9.378221192061487
2006-02-01,yonetilen_haric,0.23599787651451543,0.5787858675818658,3.3145490705530856,7.4924369272064695,12.899758398987826,8.835458310800725,7.892436916299661,8.814819835649445,7.494971627391078,7.249196896897736,8.837531627680661,8.498557490212422
2006-03-01,yonetilen_haric,0.25170026442054017,0.44531024329612645,3.4411801360309857,5.73520452003915,10.720293293431027,8.14791720737511,8.012610852238677,7.191139995493256,5.735659375750846,5.590181992075394,8.150501796713439,7.860996753607452
2006-04-01,yonetilen_haric,1.7249660152192536,1.097837685730263,9.187286877299927,8.820741392300135,9.367936734541193,8.600300457854226,8.753249426400478,7.345284720404099,8.82583630730107,8.48773518643302,8.604335783106842,8.282567374155914
2006-05-01,yonetilen_haric,2.245045798781242,1.5364002828257561,18.207844145825682,13.024651216596972,10.510588246231812,10.223841305407078,9.919543476412862,9.17460793564464,13.038013746971577,12.318192847408582,10.234559339817984,9.78369487215316
2006-06-01,yonetilen_haric,0.25695878056841703,1.0154091327635673,18.23264758614449,15.612562212236814,10.589893737711131,10.56363737954995,10.098344631126132,12.471460398165735,15.616099082460778,14.598588405278345,10.574757958340086,10.09438519867687
2006-07-01,yonetilen_haric,0.9241985953256426,2.1663455254578246,14.553520116098762,20.578255078563636,11.838222731412419,14.5487455777634,12.07418141142973,16.393822592045492,20.593778702894248,18.87261976418859,14.571382501198471,13.680177475310806
2006-08-01,yonetilen_haric,-0.9080428199551016,0.03005965259927912,1.0631822843371719,13.58057314237695,9.299866881657714,13.30227122347698,11.085231079476475,16.550903416793084,13.631403924794272,12.847257243282684,13.334352844089171,12.582725045345633
2006-09-01,yonetilen_haric,1.3512440915572466,0.89898500840917,5.548289474216417,13.057853865056357,11.710580128855263,14.328072508705446,11.214334489067479,15.667952959127263,13.10893612720323,12.381560745865094,14.356219408172443,13.49007457557172
2006-10-01,yonetilen_haric,1.3868703453477238,-0.10026198350030491,7.497120362413745,3.353859353662636,10.969245919121429,11.634349626357965,10.165681893964674,9.860267483782659,3.3659687129309113,3.3151307100325766,11.67571487043817,11.093875237110584
2006-11-01,yonetilen_haric,1.4434713630274931,0.6480882880827155,18.07001382793667,5.9318869465345925,9.23612648664809,9.689582155466692,9.871509481663466,7.3499909390359,5.943245901394034,5.787245251966322,9.725615686350375,9.317251247624503
2006-12-01,yonetilen_haric,0.12662763050701464,0.7307177637563722,12.466099551046828,5.227010598308834,8.952303470142088,9.072177877221922,9.768044818343501,4.834662581174443,5.235771843193637,5.114176273355131,9.107273330607079,8.747868509610113
2007-01-01,yonetilen_haric,1.0714335095693306,1.0907822506407872,11.07299082345181,10.33570241260897,9.270429044466887,6.787736509584108,10.546870518491325,7.149705557725516,10.338106231615175,9.8783532099195,6.799895335718498,6.596741959976038
2007-02-01,yonetilen_haric,0.33863261015290025,0.5934028347051923,6.3126075686245064,10.09610155056726,12.037185995148537,7.99392474907501,10.66006287304042,8.535857082311482,10.098959161215525,9.659611396409407,8.002781703046292,7.723428324187864
2007-03-01,yonetilen_haric,0.6309744467337675,0.7435260210117534,8.47087095169572,10.152108623748601,10.450422230257516,7.6614002397203285,11.078714175214866,10.19419579171672,10.154928796946837,9.710844425430931,7.6696011158795985,7.412510349393031
2007-04-01,yonetilen_haric,1.5237694343031238,0.9281054728918825,10.42575115971518,9.444784678199047,10.748898167141219,9.889340669902257,10.859017296660301,9.895187157797093,9.445996573917137,9.060137314435313,9.891221564450102,9.469245262177406
2007-05-01,yonetilen_haric,0.6462994187009574,0.06664704669927524,11.786380449410672,7.170304616607215,9.015143884852804,8.62335264700318,9.125579248707405,8.908894271782897,7.179035115801913,6.953114162411644,8.63000425688709,8.306362779410525
2007-06-01,yonetilen_haric,-0.32106317542088814,0.5169457934718347,7.615733545757641,6.209414116826695,8.042456218904759,8.162798228695056,8.496426105294574,7.594709936424393,6.2172239334247426,6.04679325225197,8.169652582046938,7.87881883884145
2007-07-01,yonetilen_haric,-0.9663607384385875,0.19498826622847965,-2.560333571417084,3.156957230971136,3.729688894396821,6.254369191115261,6.464020261024395,5.4903774697447005,3.1591650724368314,3.114324425598358,6.259968182015174,6.087230870016835
2007-08-01,yonetilen_haric,-0.03615067769203728,0.8136628640299293,-5.1764024408496585,6.271964383818518,2.956237073472101,6.720189257792564,7.400777848026774,5.2023616701141195,6.275993640353961,6.102387694920974,6.726638865398904,6.527750928666309
2007-09-01,yonetilen_haric,1.1713719313227067,0.7384450993158653,0.6313726498190064,7.211789482530162,4.064974825475076,6.709424829094157,7.210169335072125,5.539573781623375,7.216626235356527,6.988384918297097,6.715852648658793,6.517589085274533
2007-10-01,yonetilen_haric,2.2441292601234064,0.7186095464749132,14.32888414520197,9.470584310009134,5.546995856161541,6.266892227622001,8.116666133957873,7.64873801706516,9.47069274528538,9.082870039282831,6.271985739788111,6.098597232440595
2007-11-01,yonetilen_haric,1.5378358227841504,0.8746884659759369,21.701432557628266,9.73588869181825,7.425172390909474,7.990038682665501,8.217238114129088,8.805203987980391,9.73620061850584,9.326972447066861,7.993394142781263,7.714680070993918
2007-12-01,yonetilen_haric,0.2134015747823126,0.7835077655783396,17.15702861434194,9.932370213041075,8.580258818237073,8.563558032132157,8.311023721534095,9.714017861750035,9.932636290874175,9.507223112116758,8.566846001423368,8.247804015206928
2008-01-01,yonetilen_haric,0.020601397945729794,0.03452833574926206,7.293316954786322,6.976016176748723,10.755249102145026,8.216112469565594,7.184922133604821,8.868442469160742,6.985024112682092,6.770898269214154,8.221316836273207,7.9268841542484925
2008-02-01,yonetilen_haric,1.5659338906154563,1.7445898545432659,7.412129276648538,10.714090400290853,14.333765821970989,10.223904398194072,8.495964438635607,9.201201274497372,10.74606724327265,10.25050382348347,10.24007392531363,9.788738135275166
2008-03-01,yonetilen_haric,1.0278675361468315,1.0628126167008256,10.946819103915306,11.946505020403375,14.009647225257327,10.9348666288424,8.923877402329449,9.877369646338362,11.979112312781481,11.367723227973414,10.951549224057988,10.437473170045086
2008-04-01,yonetilen_haric,1.9678660512867818,1.393832187310462,19.842354197203772,18.156324954324376,13.394372406607303,12.427278405638663,9.400344398508276,13.578997142764138,18.16166774250947,16.804938634218214,12.446117929974987,11.787918451716184
2008-05-01,yonetilen_haric,1.8248760852204837,1.358482029604935,21.06918755863736,16.372955490483765,14.036394302289157,13.508263638919438,10.681431671085374,15.475274053022181,16.3744561262156,15.26050733446489,13.52829250469274,12.75550557897418
2008-06-01,yonetilen_haric,-0.6769052055935476,0.23184785847716327,13.101888455061662,12.592507069497017,12.019171389253414,12.269041404633207,10.28631203394912,15.664613344760546,12.611843844450043,11.93664830157024,12.295069572068984,11.652185764771827
2008-07-01,yonetilen_haric,-0.2725907391517901,0.8333905583272294,3.484351354824633,10.123707012817862,11.363406417605514,14.06933203530787,11.058911477851762,12.98271295331248,10.137487579313342,9.69488178563731,14.084925092572774,13.249910209927762
2008-08-01,yonetilen_haric,-0.8135431771765789,-0.06121845431555917,-6.831602247408597,4.082240382234037,6.206507437379805,10.056158061925613,10.195235605332776,8.849520490403041,4.090834887160333,4.016079849955334,10.075678159990865,9.638293592210111
2008-09-01,yonetilen_haric,0.4461845471257275,0.038201676849469735,-2.5456043079168267,3.2802280472854495,4.9870286798394226,7.835892941790257,9.405365969939815,5.77494061272219,3.290089811521546,3.24149512344456,7.858688987013629,7.5890717125074
2008-10-01,yonetilen_haric,2.5215712334716534,0.9752297527825249,8.843951178401376,3.862579710476166,6.130324067125459,6.94733422405589,9.702240136204798,3.7413425165969905,3.87605247995102,3.808851901265742,6.964779332655335,6.751866843451526
2008-11-01,yonetilen_haric,0.5097330679324275,-0.012971454201859967,14.76970655576495,4.063290094761451,3.4065262463433887,4.072764807172846,8.591470201199659,3.7361583566261736,4.0760628085070305,4.001839901720539,4.0834486076059,4.008959875837936
2008-12-01,yonetilen_haric,-0.4881360118524136,0.04473171598160519,10.558703535975745,4.090463869727645,3.7999597379435146,3.6845545200113072,7.831282474439183,4.005388960030398,4.10316051569708,4.02796005824908,3.6958946721147523,3.63472759084682
2009-01-01,yonetilen_haric,0.12740892058393793,0.1285611533884401,0.5874582646053117,0.6429702480968524,4.634298375399748,2.2401023067369463,7.94643067374039,2.9150377600989374,0.6431739058007091,0.6412856606727413,2.247901387356155,2.2250687809692415
2009-02-01,yonetilen_haric,-0.069983699689391,0.03467232987706126,-1.713201556521149,0.8349327590130295,6.20897803699878,2.436394213125914,6.207742730005417,1.8398241497752155,0.8350397689661948,0.8318607969884262,2.4438029086794044,2.4168503493544824
2009-03-01,yonetilen_haric,1.063281378295966,1.01917775864655,4.560902719537996,4.821274127374098,7.517988472736037,4.455229870668753,6.244972301684859,2.086544962626702,4.833531044457828,4.7296449676482055,4.467760687520972,4.378802512948643
2009-04-01,yonetilen_haric,0.07561387831573896,-0.47040119432576466,4.344716737579257,2.3355543885037466,2.4488645128549313,1.4857337542803828,4.273348421628453,2.654211367203252,2.3589217118269223,2.3337955767913865,1.497724537746259,1.487540618732064
2009-05-01,yonetilen_haric,1.2275651828217216,0.8842484390725547,9.870675628713244,5.85656149482312,3.9174525783238323,3.315242149601616,3.6616746319177995,4.329885588425353,5.88511827141267,5.73210001357336,3.3318021596563607,3.281980405280893
2009-06-01,yonetilen_haric,0.01243343925667606,0.9904535024587435,5.37174992247087,5.736213877040841,4.965543360814206,5.277750070924103,4.381124609403764,4.6371546314252,5.764101231120189,5.617202988822134,5.297873817803889,5.17342397823517
2009-07-01,yonetilen_haric,-0.453923497633546,0.5819321695224922,3.1591443227849236,10.279461828035895,3.750237075642593,6.233280396671814,4.191330074489641,7.275384574670585,10.281412757674957,9.826536444215161,6.252499194274841,6.080166010503274
2009-08-01,yonetilen_haric,-0.6746236013388418,-0.0034051476595520214,-4.378963838321459,6.449109256051733,2.4985260742867776,6.152421922593843,4.337259426576234,7.468707918716455,6.459631207965577,6.275922097286735,6.172018526202172,6.004011055430047
2009-09-01,yonetilen_haric,0.3773432072177618,-0.001813384518678518,-2.9757589634518467,2.326763968569723,1.1118888307437569,4.017520641121619,4.265751317297273,6.289779245617,2.331402085932277,2.3068545493770465,4.034774175578981,3.9620287690995903
2009-10-01,yonetilen_haric,2.6063602674089914,1.0462524734021983,9.516812049629731,4.229388297891212,6.290454039857529,7.211757042578237,4.35198285101821,4.317808611512097,4.244537396966908,4.164135764895871,7.224036146063062,6.995336104555516
2009-11-01,yonetilen_haric,1.5997899605608712,1.209043821644018,19.897783836687346,9.377157039034056,7.0735743493837155,7.903201712296148,5.48371004493402,5.28548783237619,9.395815813808728,9.013931642110151,7.918570252843193,7.644926869698443
2009-12-01,yonetilen_haric,0.6490804404920114,1.1563130037866243,21.201394054758538,14.53285830476494,8.441105078906986,8.257917763077828,6.689172446198199,9.319010261347206,14.533167364236865,13.646437195331362,8.274828343478724,7.976645872354204
2010-01-01,yonetilen_haric,0.6210180755289008,0.6019591645275879,12.089598816845527,12.53173309436708,10.795737852784182,8.301032795294416,7.215129852074087,12.133511946829456,12.536731454119487,11.86926395983292,8.317918215105546,8.016699862364396
2010-02-01,yonetilen_haric,1.6200827438922705,1.659218654252581,12.179177407688147,14.547282292362818,15.974284924738358,11.932372813616055,9.028405781727633,13.868104238141466,14.5598124105907,13.669963290267173,11.950523050222838,11.341947466188662
2010-03-01,yonetilen_haric,0.7241185300886022,0.5952117300489501,12.514088742811769,12.026833268489344,16.776985773865526,13.272915655382533,8.662512411394395,13.029470513187569,12.043284494952644,11.425558195316476,13.281955346514508,12.53599769532392
2010-04-01,yonetilen_haric,0.7189313257300212,0.1874108814950759,12.952673483953037,10.191709189417608,12.520308638513944,11.355574659357103,9.361029136948718,12.231765244006843,10.21670514982036,9.767365063186428,11.371180659617352,10.818314511509675
2010-05-01,yonetilen_haric,-0.587148213656663,-0.8033118127417027,3.4542810701625903,-0.1034381344872437,7.728437052407844,6.971396513485706,7.400506582948174,7.219162375654742,-0.082725422182095,-0.0827568047907068,7.00918124331642,6.793603242738233
2010-06-01,yonetilen_haric,-0.8164545043862548,0.20533558874846758,-2.7313068772648608,-1.6431316561646758,4.614044802353101,4.969559829340975,6.510387404897999,2.6676858690307226,-1.6299562345098662,-1.642261369992637,5.002823397963074,4.89164841266192
2010-07-01,yonetilen_haric,-0.6830552285794877,0.282404511294998,-8.03511138512114,-1.2695688450031772,1.9199687779804853,4.303762913795306,6.265225462938129,-1.0089479190301898,-1.2550094598639983,-1.2622868507929486,4.336411457557365,4.25253910619674
2010-08-01,yonetilen_haric,0.47026052760936743,1.073588899313993,-4.059487568009401,6.417509095458396,-0.3734134924086696,3.105495881297382,7.490102473253302,1.105632798828693,6.427222110936137,6.2453159974298345,3.1251696787852223,3.081279596319564
2010-09-01,yonetilen_haric,1.7435115310880267,1.3948443519670173,6.235681608715837,11.561204199396169,1.6533615434471516,4.751184593396052,8.953077766645666,5.455661780613141,11.575588544557291,11.003351050304033,4.782271217690215,4.680544840155698
2010-10-01,yonetilen_haric,2.564693561854736,0.9880539955340772,20.828268310392684,14.734559628663234,5.4132735318183745,6.432102960134212,8.908833766578805,10.871173158327174,14.736621558735008,13.82594898726035,6.465889316627038,6.281831068233701
2010-11-01,yonetilen_haric,-0.10652460511796358,-0.3552214102041651,18.07744015528079,8.383130742107658,6.435004181685189,7.39582301720354,7.079767688202621,11.525624751271458,8.419113154317381,8.110707749187718,7.418935451909636,7.178011873308776
2010-12-01,yonetilen_haric,-0.4995271414002689,-0.028874348312846188,8.004193330719112,2.4227728342981036,7.116287720815229,6.894377189988332,5.85777308581128,8.375847599706066,2.4427627438969424,2.415832948068264,6.919821806417303,6.709591999186149
2011-01-01,yonetilen_haric,0.28203093357932474,0.20812146417539257,-1.2944543663872654,-0.7048130432824262,9.208150572848117,6.736074261351654,5.501143579990031,3.279536217578749,-0.7016307019203749,-0.7038971773664748,6.761965347765386,6.561025904946938
2011-02-01,yonetilen_haric,0.9956231078853683,0.984587855800445,3.134335264600252,4.744300605256946,10.353243269785706,6.548182654563339,4.852834663687444,2.131729380910885,4.755966534084766,4.655339886651966,6.573113495568839,6.383023817919842
2011-03-01,yonetilen_haric,0.46226487482892153,0.2579687333755798,7.1801979295469165,5.951638680781568,7.591406805597267,4.172264159052053,4.580247537369497,3.2945534967721013,5.959554606417972,5.80271221340567,4.187557580196044,4.109272580736967
2011-04-01,yonetilen_haric,1.114313296926106,0.6195789469090496,10.782871663050253,7.702547914979929,4.569994713396941,3.413464456678761,4.990787481302927,6.1285769307016125,7.708164563986131,7.448542144340298,3.424938090247709,3.3723224834869114
2011-05-01,yonetilen_haric,3.1745069756730304,3.084554052470012,20.656859084136393,16.944546504704693,11.552072848320227,10.676441636123402,8.963504624652273,10.146410080799795,17.05183015679288,15.848406931018566,10.747571167972914,10.251873408835266
2011-06-01,yonetilen_haric,-2.0140194235588993,-0.9616778549917049,9.193284207649555,11.356985328352586,8.18205865092947,8.620693581336969,7.647854231670892,11.96674929067052,11.538522296422048,10.969820577549427,8.716238226064664,8.386266395477548
2011-07-01,yonetilen_haric,-0.623684728612095,0.2793700980565861,1.877185919312785,9.858552316677226,6.2367507649398135,8.775208548442958,7.712204851203763,12.679880796168174,10.043678049703587,9.608985182139573,8.870180576500308,8.528763663239936
2011-08-01,yonetilen_haric,0.8677242460262136,1.3806674559815546,-6.932891470306979,2.773245238909783,5.967848894064054,9.630153503865447,8.138317944115169,7.886372722559387,2.8294829029651414,2.793438796185743,9.729613416977934,9.320922863602155
2011-09-01,yonetilen_haric,0.8440168051028429,0.5276878539748786,4.409734928976983,9.096231523903665,6.774724818868716,10.220812250617573,7.18228797027336,7.174337167658673,9.110558782886713,8.750901632052077,10.318417781744781,9.860361104800752
2011-10-01,yonetilen_haric,2.5484179995472367,0.9448143836294776,18.39280065870352,12.020992245357265,9.82497604923427,10.934503366412951,7.165279661219426,7.898167618859575,12.028990905977576,11.412678774343643,11.032267019400543,10.510831978241608
2011-11-01,yonetilen_haric,1.8677381314572639,1.750287207946255,23.158121772132432,13.663599637528922,7.060591653886306,8.081344367494903,9.283260014325133,11.59337725422338,13.680770138694797,12.891157782202445,8.130412636035999,7.842298289194094
2011-12-01,yonetilen_haric,0.68307386695734,1.1269076880072282,22.373780577606684,16.398005776126467,13.03545458113884,12.687993091868321,10.58213317318144,14.030155677871425,16.40609539504114,15.288037118331843,12.704226298037957,12.01946937519196
2012-01-01,yonetilen_haric,0.3417612430558048,0.16539564071027524,12.175857000107925,12.844482080086594,15.24241353136011,12.43198322552499,10.647998463059526,14.291010475921006,12.872717677017608,12.170362146655034,12.450128914273794,11.791520460499338
2012-02-01,yonetilen_haric,0.665948911232328,0.7089984499346613,6.975200740996734,8.295612084253134,14.781813888167793,10.947145499312793,10.286816573369052,12.439228184102745,8.305552769742185,8.005207114608659,10.963329449366643,10.448182448405552
2012-03-01,yonetilen_haric,0.48480712239151735,0.2828358700354583,6.135057241680775,4.725002122438582,13.965557106018522,10.407343061738716,10.31156330514127,8.544821969475414,4.728400241968722,4.628919842721579,10.42582504923839,9.958478480526711
2012-04-01,yonetilen_haric,1.2714884920501435,0.7677983002265076,10.12368942243167,7.267118250923699,11.145036942613817,10.020463565869786,10.48303498824521,6.749207623974729,7.270091539257484,7.038530480786509,10.03872309179732,9.604446313720771
2012-05-01,yonetilen_haric,-0.37220222271936443,-0.3805679406667095,5.650731508914575,2.6998363195686936,6.31090354050845,5.4606165124228,6.685089081399154,4.879745618255638,2.713437135385899,2.6802649183810257,5.475527714962669,5.342736016494842
2012-06-01,yonetilen_haric,-1.2651945111279872,-0.23459533617344874,-1.5191031077743333,0.596575848505787,2.2363713600420887,2.640034193509644,7.500394005829025,3.4817519761222826,0.6122514740454443,0.6105400935453975,2.6514153462767087,2.6197299681334885
2012-07-01,yonetilen_haric,-0.25728028696684335,0.5333472844080145,-7.332372068804849,-0.33637243737194567,1.0193104203764847,3.395503398728339,7.896752250092587,0.9757253054774928,-0.3267735328814525,-0.3272639697285751,3.407726951050183,3.355633255528967
2012-08-01,yonetilen_haric,0.6929336134302577,1.169945199240141,-3.3054716063007583,6.014801327891961,1.0734765292251813,4.3441552930785665,7.709781227182999,2.0619565237531834,6.035583880285467,5.874788589898827,4.362393573272505,4.2775267541399264
2012-09-01,yonetilen_haric,1.3311220121413392,1.0728081588995853,7.273439564897344,11.682199474719912,2.783191919034378,5.994560475463184,8.23005002395394,5.688764676678826,11.687364210052277,11.104402570190963,6.017312326157609,5.85747133186818
2012-10-01,yonetilen_haric,1.8440520130510674,0.32000955119708685,16.603090593277493,10.737227690324458,3.9486979943726075,5.054623019867321,7.486659073213131,9.45638083053295,10.746668788640479,10.251051637347253,5.076307181830209,4.961893833809339
2012-11-01,yonetilen_haric,0.38939262610229175,0.3625961238299835,15.203425522370107,7.2445262914413,5.544023517318286,6.627891043061651,5.926769531723086,9.861978841624698,7.252096496422289,7.0216553357066225,6.642250095356261,6.448221962802725
2012-12-01,yonetilen_haric,0.4557527011091578,0.8561160561118442,11.273880916389567,6.327784584361362,9.255351995386963,8.972110412048572,5.687609205963651,8.0742769601712,6.331518714625117,6.154886924555658,8.97928499446554,8.62964474737331
2013-01-01,yonetilen_haric,0.8591066620625032,0.5276379031025291,7.031355071619894,7.210770707679703,11.714756374157442,8.95973351064827,6.232516927246645,6.926239422142144,7.2134448337142,6.985400332177427,8.966930401675732,8.61822598476234
2013-02-01,yonetilen_haric,0.2679942031438731,0.3850220688291994,6.514571877627051,7.306627487778661,10.77383963892986,7.275572395858032,5.812556347522069,6.948806228830673,7.309101833339238,7.075104112174291,7.280595694067049,7.048379723940457
2013-03-01,yonetilen_haric,0.7731471251835931,0.6126091999984595,7.867115290693283,6.274050753324212,9.557256910033418,6.300914273617342,6.116184265676106,6.927510817169846,6.27460741217305,6.101076687720752,6.303059572215153,6.127981806138205
2013-04-01,yonetilen_haric,0.47833175219673674,-0.05534575623126203,6.247387275093996,3.8301787889348127,6.638650745742702,5.50693574679284,5.285083943057134,5.788318203638765,3.83494142556573,3.7691420503855877,5.511798127533418,5.377271191281507
2013-05-01,yonetilen_haric,0.16497226777518748,0.22415993222213437,5.811397568360865,3.16624546957196,6.162402533888334,5.216072307970587,5.852761464648237,4.412263792245441,3.1708635675667507,3.1256935039573275,5.221335458070953,5.100398808065809
2013-06-01,yonetilen_haric,0.9176130842561525,1.9132619073843893,6.41945825391248,8.605241857017054,7.1408417581638295,7.433323439190298,8.192931281901416,5.188454246439078,8.653677880595634,8.328304333501046,7.458107523773627,7.214690510610899
2013-07-01,yonetilen_haric,0.3683570864591923,1.0625002690300756,5.954313427776325,13.546214816426993,6.100749159596641,8.57957351728922,8.871572706009555,8.386817077314124,13.577934919816158,12.799688434546397,8.60632890826385,8.284415242465993
2013-08-01,yonetilen_haric,-0.16260402214237635,0.28932729187167716,4.575059640920864,13.841821267776243,5.191412251193417,8.37265927167492,7.946545253223647,11.979022819221585,13.871219823544534,13.060357873144568,8.400072657386314,8.093025688550949
2013-09-01,yonetilen_haric,0.8655277873735434,0.7037540788509267,4.359334852541119,8.532965395028436,5.384362591164704,8.569097611550225,7.450554613274796,11.930495282599086,8.539377931145786,8.222326559010718,8.596514121161025,8.275315446255883
2013-10-01,yonetilen_haric,2.2282710718978693,0.7918507866344404,12.312502648383084,7.3750046226499055,9.087094137962715,10.417504684711343,7.855924884292564,9.856318582545232,7.37806365281688,7.139728629428177,10.438124489510603,9.969708531987287
2013-11-01,yonetilen_haric,-0.009022505512179535,0.0027171346767884685,13.005187671997366,6.152816969188346,8.708436841546874,9.93011423844381,7.427877344765954,7.34499532480779,6.160690875345098,5.993288000648622,9.954015435192298,9.526822936896595
2013-12-01,yonetilen_haric,0.7311347185960715,1.0666539165059108,12.404118572801238,7.691253133725162,8.30705909101075,8.111290112133274,7.722372232336605,7.072637965252149,7.704252402234757,7.444887351268559,8.12107604950465,7.833606955139638
2014-01-01,yonetilen_haric,1.8280424738758683,1.3756301085819045,10.654158810147907,10.207973611189347,11.480247149077183,8.782267286329049,8.757242237076213,8.017782361530346,10.23052439311256,9.780004639058415,8.795724949680196,8.459866634243296
2014-02-01,yonetilen_haric,0.47520786114592095,0.6786906702784812,12.813257149884482,13.218149402738778,12.90918162891801,9.62857971869906,8.98199975992544,10.362218980342952,13.223560653139232,12.483898781465186,9.640003463294743,9.238593391056904
2014-03-01,yonetilen_haric,1.3488096365594338,1.2345778849852662,15.605858234513882,13.972482348984915,13.993748059719223,10.787361404284578,9.604555008682603,12.462700314230268,13.97854585229461,13.155594655382608,10.800695030574925,10.300241003325583
2014-04-01,yonetilen_haric,1.5901084775281626,1.0087727733502083,14.529129094991266,12.331645129367086,12.57497252615738,11.264742763009949,10.817311939694218,13.168578901527095,12.335090819242932,11.688165314455823,11.278246936827973,10.734084976757119
2014-05-01,yonetilen_haric,0.41682957411757204,0.5222869776842387,14.263185298898652,11.635244086672426,13.535906681056398,12.423910906960067,11.09595375478525,12.634975953006977,11.64105816915788,11.062550544078853,12.429757152856613,11.77322466277202
2014-06-01,yonetilen_haric,0.2753169598884275,1.1234989276680762,9.498429836714383,11.146085839165675,12.510710408409832,12.55041228917413,10.388876978503792,11.699831184024623,11.150540958705268,10.618234714810093,12.556402031957802,11.88691468509635
2014-07-01,yonetilen_haric,0.23654448539935924,0.8472353870240035,3.7782974561877847,10.436792028061358,9.021273275531572,11.380189133085539,10.243904544710958,11.067460627139326,10.440727604849108,9.972085169505274,11.384217584003743,10.830125241980548
2014-08-01,yonetilen_haric,0.08427888290110097,0.5363302232587408,2.4103799499348044,10.498518280559432,8.174563649455123,11.065426931452826,10.516521184505635,10.691603436244845,10.502269877610871,10.028258151803282,11.070326174441835,10.545404347941068
2014-09-01,yonetilen_haric,0.16842931735874256,0.18402508841903753,1.9744236445901509,6.449103364203523,5.669481273386356,8.772244529659279,9.752723090953964,9.10338244796618,6.453743736158368,6.270362794807127,8.778907523379953,8.44429875480861
2014-10-01,yonetilen_haric,1.7738505526532444,0.42980305342268377,8.37565557474893,4.697536669645297,6.052067501042369,7.528880227759949,9.264855215535949,7.175298793596729,4.698894010154175,4.600633460401848,7.534686206510299,7.286359314953561
2014-11-01,yonetilen_haric,0.16520220199025548,0.1903054042267316,8.726590216288121,3.263573783917595,5.521236794831674,6.819810407424454,9.45523876730463,4.789974943462583,3.2643800249332333,3.2165341842738115,6.827147394941102,6.622396168038547
2014-12-01,yonetilen_haric,-0.5525225371382558,-0.32386555796672933,5.6300289067449105,1.1854330328682217,3.7861325868090656,3.783903471913619,8.060406754200699,3.0371899568173433,1.1914285523630053,1.184971598730744,3.792019012695391,3.7276671967689357
2015-01-01,yonetilen_haric,0.8002298782777029,0.2731836988935088,1.6456188606958078,0.5557169931286854,4.956708124488007,2.605730187112676,6.969687101253186,1.6607562841127743,0.5599260146552654,0.5584941806140442,2.6102815997314233,2.5795638205079463
2015-02-01,yonetilen_haric,0.8226736458575967,1.129744893145701,4.340764903907357,4.38055748718833,6.511105470562084,3.8205634721981463,7.339612250553351,2.0330154696485137,4.4026718812738785,4.316252136289922,3.8320960900468215,3.7663931602818668
2015-03-01,yonetilen_haric,1.3871283865967587,1.307718857234308,12.72239835783835,11.38456399240173,9.118606098942061,6.162589176924205,7.380196050063992,5.366057418511105,11.397977730522445,10.842589797094071,6.182339973253925,6.0137806979124075
2015-04-01,yonetilen_haric,1.923471146707989,1.3268908636691723,17.831377122276958,16.14075907397259,9.439678585062916,8.067651500389017,7.732558591149563,10.553843889443627,16.14129479296953,15.057418456196725,8.093525395039158,7.807956318405385
2015-05-01,yonetilen_haric,0.6356266397754329,0.7636583500756355,16.95940068465489,14.468164832842767,10.470056260234962,9.308054871484629,7.96729581393909,13.989203714414522,14.472748702979366,13.593072283916463,9.331478292728512,8.954662210103193
2015-06-01,yonetilen_haric,-0.6708417989872872,-0.028321502597394854,7.74840834336028,8.548170905865415,10.207345525165824,9.957222084420291,6.948558544354122,12.98555397288752,8.56803945442357,8.248910844589652,9.974664710142767,9.545750320841861
2015-07-01,yonetilen_haric,0.007896429219522716,0.5330797854785185,-0.12628373897280998,5.186399836024602,8.481599939143525,10.527952669061413,6.704599815050916,9.31043222872534,5.193329864586249,5.073666531827037,10.543135396650328,10.065542494011881
2015-08-01,yonetilen_haric,0.3909815726572452,0.8863507675554994,-1.0939195564259374,5.699646943966852,7.554618184198336,9.99656635166064,7.031590109010266,6.45942049042425,5.708566304423246,5.564436201746492,10.010679619164708,9.578754242831478
2015-09-01,yonetilen_haric,0.9402017613437286,1.1482742871215645,5.4806131816813375,10.764224595556193,6.608480813713125,9.650599549907168,7.856241473167347,7.19958776495222,10.76837740366079,10.27081936062233,9.66314982529446,9.25986510260599
2015-10-01,yonetilen_haric,1.8239171432377965,0.5478961753327516,13.353432865019421,10.829535984487016,6.400322326458907,7.9711067170533445,7.909300232902794,9.08053563411524,10.833485326064629,10.330084920039262,7.9796554270793685,7.701875725933149
2015-11-01,yonetilen_haric,0.7654923851767803,0.7772864262193924,15.054391641034437,10.351058438325778,6.6751091634530635,8.000314429283462,8.55600080536021,10.64703839174621,10.355042116179503,9.893827554694834,8.008902465667811,7.729131878220663
2015-12-01,yonetilen_haric,0.22030173865801306,0.35324062253845323,11.807091569191574,6.922276837935559,8.597792688335627,8.826297768256964,9.39960905813939,9.343499804461008,6.924182180053218,6.713692896362389,8.830721805856022,8.49225612849236
2016-01-01,yonetilen_haric,1.2696639009964095,0.7020917704164242,9.392519221849094,7.579671331202231,11.355366209039186,9.192513731486018,9.909091016920947,8.267638983920577,7.581849330191837,7.330475276697079,9.1965731077293,8.83028009836817
2016-02-01,yonetilen_haric,-0.21706152510720944,0.16673635123123365,5.187820136557342,4.996220787649941,10.010547920906877,7.640346041534629,8.775652045242154,6.490469254953801,4.999295630049594,4.8882749767444444,7.646640295562612,7.391051265719639
2016-03-01,yonetilen_haric,-0.12002688467624978,-0.15490068771262244,3.76629211730779,2.8857138545325567,7.711686109517912,4.884578367951464,7.158663774886764,5.131838083238627,2.893385268216564,2.8557097357401418,4.891036418112882,4.784701316051265
2016-04-01,yonetilen_haric,0.942551634299571,0.3711860862033012,2.432067474210964,1.5400406972350567,5.855098649551893,4.5162389543626835,6.127360356372891,3.1274021516265904,1.542891331439078,1.5320869988876495,4.522397701594261,4.431281137792364
2016-05-01,yonetilen_haric,0.677058545110798,0.7928412967327381,6.153142516311605,4.10269910447052,5.6693790174623615,4.548505392297608,6.1710532203674395,2.8394131528308053,4.112028504877818,4.036506780893667,4.55479931804279,4.462390878819056
2016-06-01,yonetilen_haric,0.5284003966081086,0.9955779296658918,8.936715468311718,8.984418522542681,6.320078252345507,5.891169125253026,7.452900457157674,4.841567729916552,8.988781652733868,8.638421250407724,5.900890230175038,5.747065493073933
2016-07-01,yonetilen_haric,0.911561150486917,1.3806362007652284,8.80299793983772,13.435303005229615,5.569484352107579,7.32299512990775,8.423837741192198,8.793857854462361,13.439261599354936,12.676221708655433,7.340096769675575,7.104154353771541
2016-08-01,yonetilen_haric,-0.6629274589025513,-0.13301173850023273,3.125060718344397,9.324448504639026,4.628147586764131,6.6816299436816,7.28559942494349,10.566279504598342,9.35117373352574,8.97280956772355,6.702128669540142,6.5046581743086085
2016-09-01,yonetilen_haric,0.10633403572615219,0.45220854089809137,1.4040635367501997,6.990648201963867,5.102928678669816,7.982931899633838,6.39931232403681,9.873797053451284,7.0152772018857945,6.799332012652348,7.997897287289413,7.718876631530036
2016-10-01,yonetilen_haric,1.912014765564285,0.692401229973072,5.485607640456847,4.114821864437679,7.131462935904809,8.675187441881071,6.491368558916633,6.773347196481816,4.122286301847677,4.046392129483722,8.689294601666964,8.361306919069577
2016-11-01,yonetilen_haric,0.5678831962125486,0.5071831819352557,10.811546501307422,6.810305063447619,6.899239759883113,8.060065221494582,6.282530468867131,5.960738468144777,6.810974032772377,6.607171811225676,8.074232831594275,7.789990689474613
2016-12-01,yonetilen_haric,1.4545509508490762,1.5254606681584848,16.902801235801256,11.448716730753915,8.878000919098739,9.196934225739216,7.591438217348512,7.4305690945118075,11.46157456511574,10.90018032026725,9.217686824623117,8.849756166459798
2017-01-01,yonetilen_haric,2.511622237496569,1.9670870937866125,19.67840505851004,17.200194715444894,12.358129563630804,10.463918974821595,8.910925993675223,11.779178764161834,17.225834805768624,15.998923775521412,10.496132973171823,10.022657952502566
2017-02-01,yonetilen_haric,0.8659535750586977,1.2826520962341714,21.103571562787838,20.85933108812812,15.843316819332621,13.61787721695551,10.093013625358683,16.473202341924107,20.864967649911392,19.100799432717075,13.638968720182621,12.853985621971376
2017-03-01,yonetilen_haric,1.0833658248844413,1.1327012834520422,19.340979282938477,18.99993969650826,18.115599225501235,15.162452953264927,11.419457013737988,19.01578171692948,19.009075346457816,17.529761893891305,15.178666943031072,14.214971107079277
2017-04-01,yonetilen_haric,1.5705557961805283,1.0477800989285635,15.018708817134785,14.766145982388036,17.32542615786179,15.9767849868113,12.112642212509673,18.151839160464476,14.766780401799796,13.852533914459109,15.990334142640727,14.92572884499026
2017-05-01,yonetilen_haric,0.5076838843085074,0.5533716289235269,13.39323721729031,11.496205563886708,17.185007650638905,16.08340459908888,11.924028828082234,15.016226834167924,11.50049713275667,10.93541204521653,16.09621033120179,15.018105738966803
2017-06-01,yonetilen_haric,-0.336742790176614,0.004028309019998844,7.154072941922673,6.601578396284347,13.083473589399762,12.630286338579634,10.960815342180785,10.883833305949707,6.613081953059918,6.420720147488357,12.654883307037146,11.97524102068983
2017-07-01,yonetilen_haric,0.08280647949556741,0.5248520762847431,1.0125345246722484,4.411971912227397,7.788363450671487,9.466705489786653,10.049529331307339,7.447232066033482,4.415942446480425,4.329008056913075,9.479277299916667,9.090770985686092
2017-08-01,yonetilen_haric,0.5759101229404262,1.115739489234202,1.2870896828887535,6.767432134634066,7.169356569220664,9.10620312709758,11.42196249560612,5.922109844339474,6.780499294732212,6.578479498155776,9.11710601364295,8.756945771686153
2017-09-01,yonetilen_haric,0.6713462996979169,1.0997753006119826,5.447743801877691,11.52431939759464,6.297484593510383,9.035170827375394,12.050841536000823,7.543438618979104,11.529290107263401,10.961467464523711,9.045792190428358,8.691093806006034
2017-10-01,yonetilen_haric,2.4026608159327223,1.2410670447327021,15.569798734045737,14.736782225352908,8.046278439528987,9.45270066568893,12.59030003818593,10.979695541338197,14.737050722039392,13.826327338315547,9.4650406218451,9.077667697614311
2017-11-01,yonetilen_haric,1.768501407567924,1.5917050421519585,21.149601354807256,16.91241019809171,10.774051733565182,11.724830818942177,13.934446502759235,14.389408221287358,16.915331265112133,15.730189549986573,11.742633100650979,11.154334524071174
2017-12-01,yonetilen_haric,0.7998748147874934,0.7909633765467605,21.76948076399341,15.490493595425203,13.315122602807318,13.490081924025654,13.199238840789729,15.713381594643284,15.497762826936512,14.494941853725685,13.497628024548526,12.728204659124698
2018-01-01,yonetilen_haric,0.7997491436636084,0.37604099138008884,14.322389603698959,11.593688253642354,14.944402026782754,13.1543225284924,11.308889951714818,14.627998162465673,11.610405662827716,11.034837640315232,13.163830038754721,12.43058248931539
2018-02-01,yonetilen_haric,0.7440164583930375,1.1107252814263946,9.787986796082237,9.495314945628408,15.328967887049982,13.143100433444687,11.174328341786977,12.144923468603764,9.501170923021807,9.110918597412976,13.152598362705547,12.420554073699774
2018-03-01,yonetilen_haric,1.072530042976605,1.2550042513211679,10.980684400126762,11.525745994955283,16.24999059886443,13.49080779321028,11.16241084412717,10.866310848805716,11.535495542253305,10.967082096510605,13.500780860560901,12.731011975118145
2018-04-01,yonetilen_haric,2.1162459198349692,1.6842759957502507,16.89312137548662,17.454616322963613,15.600609703759115,14.48665353610421,11.7596334274217,12.802144971125085,17.4586841038153,16.200022113991253,14.500322246646702,13.617429877153242
2018-05-01,yonetilen_haric,1.8793936587955695,1.8696774361383062,22.25237832714948,21.021048681947697,15.85267583258807,15.114021042095871,13.284907671547641,16.640020442537384,21.025713995027484,19.2358307328389,15.131326527364797,14.173374665125937
2018-06-01,yonetilen_haric,3.0424944340343707,3.273618851595872,32.065756154928415,30.964174330332117,21.065056906996116,20.8547774843993,17.1260080696517,23.101541801948343,31.00188627252507,27.310289133937715,20.910049024525335,19.13868561522416
2018-07-01,yonetilen_haric,0.5288713999950234,0.9873128794177344,24.043521727881977,27.41030988302915,20.415258340378607,22.331226851123652,17.648033833274845,26.442834961065607,27.47529089140921,24.52243666860765,22.373073663931862,20.361229391299453
2018-08-01,yonetilen_haric,2.2759905205896658,2.758897809437433,25.986339700091165,31.91755626785435,24.105316828362877,26.351893531895996,19.63669211036563,30.092962076405083,31.99031282085507,28.079318161804157,26.399070822893343,23.65757444732153
2018-09-01,yonetilen_haric,6.992354251149857,7.424668833667769,46.44312229816086,54.44046812724195,39.06876601162199,42.2187343196184,27.148506642613523,37.792657158052975,55.07161580038931,44.683518090091745,42.57180261854747,35.996903612014734
2018-10-01,yonetilen_haric,2.653227366898969,1.5776344769117268,59.21947364492901,58.08338360848988,40.53520640244097,41.92058657191162,27.459623194821226,48.0066758317848,58.63891659810678,47.04480448006771,42.27685718006271,35.78362057433768
2018-11-01,yonetilen_haric,-1.748142099497385,-1.9663673051017794,35.6014997085969,30.951011488652913,30.70553395372786,31.43339540005354,23.0552146585693,47.2657745030286,32.07342839788085,28.143744021910866,32.031864614114866,28.11153109185751
2018-12-01,yonetilen_haric,-0.48177631217870553,-0.5366127346405847,1.4995180441341738,-3.7621872214454344,21.917621097778618,21.91395677715422,21.490591142557868,25.419098042219535,-3.639230680065997,-3.701382251322549,22.529401546542417,20.491067919384598
2019-01-01,yonetilen_haric,1.6597928203150092,1.335354804202371,-2.3728908563391826,-4.6770806605791915,24.676128153426813,22.755731534681487,22.527173233014075,6.006552954465683,-4.5718078374316296,-4.670500942159972,23.370624796020433,21.18715176895387
2019-02-01,yonetilen_haric,0.18644869326882585,0.47170623916290566,5.546363218060102,5.165202184137274,19.633795982394698,17.351990180914555,21.849046585415756,-1.1920822652924712,5.201842937496282,5.081793234898768,17.93792688528213,16.612768628404815
2019-03-01,yonetilen_haric,1.109068203826813,1.4160341500396134,12.458747734439935,13.669925271140526,6.838704105265703,4.591323668822134,21.893095547697495,4.437801839032751,13.682145675581125,12.89238077361956,4.693539215866771,4.595499261148506
2019-04-01,yonetilen_haric,1.6316787824857126,1.3454749320797488,12.334397365367767,13.715339885539501,4.7228841857219095,4.1137751287700475,21.314682310507436,10.797172124965982,13.727683990272709,12.932861285129071,4.21030694530411,4.13118017148455
2019-05-01,yonetilen_haric,0.6705820414995678,0.615759637384472,14.521531763820361,14.368910747035812,9.94239940911239,9.670550387474464,19.875268587486584,13.919526140530936,14.377707740955303,13.509074878015337,9.701863435632752,9.295434056457053
2019-06-01,yonetilen_haric,0.046189844154076454,0.06790051614391501,9.781441872041107,8.40782798185411,11.112031200095318,11.007701108995205,16.38949488359238,12.11974525756563,8.425394512883777,8.116540342432543,11.025254316336452,10.504460558026052
2019-07-01,yonetilen_haric,1.0060065788193073,1.5574699696512262,7.102926230212336,9.317750512295731,9.687477289517155,11.494866047851371,16.94190855024531,10.651975430516991,9.342177145078278,8.964520492718453,11.515170288342237,10.948690888923762
2019-08-01,yonetilen_haric,-0.3849241806197612,-0.05444343179503708,2.6812856661234896,6.434054850026305,8.439928614707593,10.330172299275308,13.89943062297272,8.043236043160507,6.467877448206871,6.2837082160004165,10.357848505677891,9.896391547007877
2019-09-01,yonetilen_haric,0.44195368972832494,0.8036914316212229,4.315703078786215,9.599153660372227,7.013682741436722,9.001863272929578,6.926157630521512,8.44168671615324,9.627250861092884,9.226871877909648,9.024804593259294,8.671706110171096
2019-10-01,yonetilen_haric,1.8586214765032416,0.8774009536908656,7.882763495708178,6.692832673600191,7.492137666865095,7.997316928073461,6.0984763498646455,7.5639276410453204,6.704185043994415,6.506595814068206,8.01579919663078,7.735558153393329
2019-11-01,yonetilen_haric,0.44378634452242327,0.2658106366930646,11.517772387670512,8.06691656347791,7.008355951243983,7.247378173037089,8.465457220739792,8.107167869818287,8.07167878416939,7.787612088020612,7.267030529397855,7.035660152010514
2019-12-01,yonetilen_haric,0.8812943410603902,0.9301843342761629,13.481759921446312,8.610366879665033,8.802249851846788,9.10364012604623,9.951075393462894,7.789760777446553,8.616218572439571,8.293583698640372,9.120661363639027,8.76022778827501
2020-01-01,yonetilen_haric,1.3208762958737186,0.9566519665217266,11.104240320563052,8.9520739454098,9.481653631435583,7.816535813850578,9.584517137763914,8.545121423805702,8.958666888331223,8.610587749963816,7.826024872255322,7.558591782016011
2020-02-01,yonetilen_haric,0.44374830703874935,0.6650230850124395,11.104072022513666,10.69765321918863,11.310730009060777,9.374375674610702,9.865952943728406,9.420658577393425,10.698786243368176,10.207437543241316,9.37800257776753,8.997524815630964
2020-03-01,yonetilen_haric,0.608896748502219,0.947028667154659,9.90891991220202,10.771569460131891,11.681053284350673,9.685645363927243,9.322462487820825,10.141023229820977,10.772765690775632,10.2748148747553,9.689634044837758,9.284199286697836
2020-04-01,yonetilen_haric,1.0443184739061806,0.8416293446867673,8.713827715099987,10.267611455105952,9.90253518744122,9.607869047073514,8.690654806684828,10.577418955647811,10.268492753125912,9.814724387415463,9.611786375241916,9.21265606868964
2020-05-01,yonetilen_haric,1.5964529232303626,1.4658947891202256,13.790845595363477,13.818782521760964,12.439433939032284,12.247370202709584,9.690286579552465,11.61862063742911,13.823752682003999,13.018211203846608,12.251301561150774,11.612824373543962
2020-06-01,yonetilen_haric,1.2455627205325115,1.1330936358332488,16.698633910792672,14.6602659156585,13.252906401401887,12.699146448380683,11.005274733830305,12.914804448316719,14.664639446578121,13.762471078560967,12.703304151879923,12.018642976658134
2020-07-01,yonetilen_haric,0.6392012229099908,1.3476380677614141,14.838338539889872,16.979040610618547,11.734127960591856,13.573761927844696,10.602156833363852,15.156184429069919,16.98033842708093,15.786505970859555,13.578976392833141,12.800615179137509
2020-08-01,yonetilen_haric,0.9418401970153756,1.2045510575881435,11.90708664638398,15.778486387599312,12.84503541408304,14.794452665835834,12.075257170527598,15.806093141000076,15.779025656261236,14.741131044731226,14.79757326759401,13.879671124288917
2020-09-01,yonetilen_haric,1.1011265821255334,1.3368244129336126,11.26986869926987,16.7142438625558,13.95192702468031,15.68269636132127,12.810776231252664,16.488228342326906,16.71453276556565,15.556054153132681,15.68542414106673,14.659262615846824
2020-10-01,yonetilen_haric,2.342380744358463,1.4292044800273018,18.995602796526278,17.090432641618424,16.898491515954774,17.034723373444937,13.346550795297784,16.532065418217655,17.091014377132474,15.882319802196232,17.035664409606753,15.834412886527893
2020-11-01,yonetilen_haric,2.717793149613734,2.686354996257334,27.593562377034566,24.10011752041239,19.493195791424146,19.867108778999707,15.912670982743226,19.296283543927938,24.12726042577642,21.809535556872994,19.88654925530906,18.27533330080211
2020-12-01,yonetilen_haric,1.4091058943898283,1.726726694977354,29.155408533708616,26.021112998834784,19.879545166580925,21.278435487833924,16.519126791241522,22.395632658104937,26.042009878164805,23.36914468504796,21.296108947239855,19.46259941909032
2021-01-01,yonetilen_haric,1.4095185823703504,0.7645437817916267,24.510340079383532,22.75019918929402,21.721744040030643,19.886921429817694,16.62106552486644,24.278518842626752,22.794020116101432,20.71050189210526,19.911441704773903,18.296410847150746
2021-02-01,yonetilen_haric,0.9561912996591149,1.10062931047048,16.18619527567504,15.341790357832474,21.75635734637087,19.640836416425046,17.21604180589349,21.232830151090965,15.352523997290435,14.367599148957844,19.666186699836796,18.08856735291542
2021-03-01,yonetilen_haric,1.1248513267978488,1.3393186498410037,14.888960530754858,13.594767605382119,21.81350759814269,19.6467260081705,17.817163131879465,17.110311736056616,13.598477902267625,12.817966968412442,19.672067701605766,18.093555826730203
2021-04-01,yonetilen_haric,1.9021682805265616,1.4773368308138357,17.137814330792402,16.843242358004517,20.767831389334155,19.76030758714682,18.81741165783042,15.257740939277298,16.844897002260527,15.669139164501278,19.78560779392462,18.18982052830327
2021-05-01,yonetilen_haric,1.0043957265001513,1.017013790784782,17.361697842429578,16.45717968599485,16.77246740308822,15.89814323364478,18.124998668549864,15.633092196801247,16.459715499456973,15.334677085758486,15.904907858638406,14.851138117358165
2021-06-01,yonetilen_haric,2.2439854033914353,2.4681017108064918,22.64387895777318,21.73322034890337,18.703107663271744,17.593608990405805,19.289876169491848,18.346861698180007,21.759091560211075,19.849809329620438,17.61392091050924,16.333888149016442
2021-07-01,yonetilen_haric,1.4313527914277868,2.1434046270283558,20.392947885524237,24.96091169710708,18.75422845587982,20.833927730179624,20.22883098399455,21.05173311183206,24.988911542358984,22.51408051447852,20.854035128093074,19.091609839489898
2021-08-01,yonetilen_haric,1.257370931032753,1.5635770598043663,21.603629585051486,27.687397178552086,19.463837339604773,21.943077527425213,20.60465027970375,24.8007473130059,27.697701751334346,24.700333590556856,21.960106068814824,20.017505338157672
2021-09-01,yonetilen_haric,1.2596239120682862,1.2163238864510761,16.987833771440908,21.561349112158478,19.782476700879315,21.647254376662197,20.79372349475328,24.69074050928357,21.571667434659503,19.693222293135193,21.665346414389084,19.771515811377817
2021-10-01,yonetilen_haric,2.445565637118574,1.6072509099292587,21.737530374566628,19.029058354984187,21.063372454667807,21.958926079590356,20.915511627042637,22.653202638055014,19.031182207873478,17.548607424738805,21.976707793785046,20.031343969608663
2021-11-01,yonetilen_haric,4.049259953416695,4.165343568238966,35.729385072300786,31.702508603867898,28.47251015738297,29.679414424625428,22.482864126154077,24.064892661234637,31.83093351605606,27.955673458477204,29.74923164215808,26.32800352451703
2021-12-01,yonetilen_haric,15.200872093501205,15.803641992223373,127.37971014116391,125.67355983288118,63.097086831717796,65.62965432623606,39.140688002292755,54.352255338962216,130.11891709210116,86.30494588156638,67.97091572225462,52.999084087350795
2022-01-01,yonetilen_haric,8.839843281342707,7.87515593551964,189.6881170323954,186.7263595731888,87.7922148183525,84.73973201655696,49.335593817329084,107.67596670096044,190.10423665392975,111.3765659839279,87.36861797578382,64.46258670433336
2022-02-01,yonetilen_haric,5.559369776170375,5.586607519670195,206.87524270932792,202.69828708886962,104.08818678906955,99.66502888512525,56.14466993626224,170.7822055361706,205.56118556026922,117.06162178965282,102.18733867513743,72.508647624065
2022-03-01,yonetilen_haric,6.188327114561165,6.405208337463186,121.53681201232675,115.76084620939602,124.43924812955585,120.66154680104373,63.96307209198477,163.2711797720516,115.86276200556873,79.46788717061207,122.88637887908997,82.88641652608923
2022-04-01,yonetilen_haric,7.016078763836875,6.420480556340613,107.0572327529498,104.35616949729317,144.91226975008917,142.0625963181433,72.19147868426334,134.44441429976592,104.37271506450783,73.64918565389597,143.8055487097326,92.51287581891194
2022-05-01,yonetilen_haric,2.733814329689377,2.868536095079355,85.76201054812644,84.11223344664268,138.7587947555629,136.0729923062035,75.13977756180512,100.40890996802693,84.39306874321153,62.77689995553261,137.99913513740515,89.91926087259273
2022-06-01,yonetilen_haric,4.406187067072254,4.8144089606313,73.6020019341174,73.34649298894735,96.11025997494916,93.39437948070368,78.8435408387036,86.3521036131752,73.54696273813532,56.41370244820507,93.6478807274705,67.94079480940857
2022-07-01,yonetilen_haric,2.021362487921996,2.7673900308768484,43.39138879390156,50.74242751077773,72.30851448569679,75.51394550526726,79.88384465351292,68.26363162610384,50.81708367539801,41.80134034635001,75.73345992571869,57.72526300012299
2022-08-01,yonetilen_haric,1.3788753206088078,1.6888897528789304,35.97507113458474,43.94589671811464,58.93081072713671,62.79496472634476,80.0996973518227,55.17948589256336,44.08211720442139,37.08275497754832,63.099500160166855,49.929827466540466
2022-09-01,yonetilen_haric,2.264879520320262,1.9527295752999718,25.15851358011638,28.857814459046203,47.403420979998344,49.455847094371386,81.88763832782928,40.66859927144482,28.873407623476254,25.636037436223003,49.689336981915154,41.02486994221404
2022-10-01,yonetilen_haric,3.8076126953349165,3.0443628311270787,34.15681337689791,30.252601425314673,38.697266686397484,40.12349313532588,84.30589353653082,34.04218647464887,30.278291522993904,26.743928637223924,40.203304504011015,34.27263449178697
2022-11-01,yonetilen_haric,3.134345273036132,3.4093820631437843,43.693168682502616,39.293918207619136,39.78086003869481,41.600804954546234,82.68527492037994,32.813521277787075,39.324272609732525,33.62589787828334,41.684888899949414,35.35432642791583
2022-12-01,yonetilen_haric,0.907921431151304,1.6434414111156537,36.21693974441775,37.61132221681618,30.570707675357234,33.162660778757754,60.01954701637984,35.7192135779117,37.65681885042176,32.38874522154607,33.19876152947978,29.012391328884533
2023-01-01,yonetilen_haric,6.679896316753209,5.483846839098394,51.93038725275356,51.11273050595793,42.767281297037705,40.295496210261604,56.84392929742028,42.68478552568757,51.321155079761674,42.146681253431325,40.43885315007019,34.44530494532763
2023-02-01,yonetilen_haric,3.712028044338922,3.609551689360968,55.36310361809473,52.28616830073571,49.414245154978545,45.645243902553844,54.09908214088719,47.04208604899773,52.495799567094295,42.94735975830007,45.77372379537441,38.286628818291696
2023-03-01,yonetilen_haric,2.512720195637752,2.725494918084559,65.48471178061234,58.87515431173003,50.139338659932854,47.86148941572943,48.76509046866011,54.122228772652335,58.991554539031135,47.275573786175684,47.97209179972073,39.83215950386088
2023-04-01,yonetilen_haric,3.2531338129134335,2.5597091289964125,45.224705690785136,41.97741652297011,48.53971110200854,46.47387166647752,43.5341489828665,50.75288352607337,41.994448366592316,35.57902294576776,46.589821077889916,38.86285209959954
2023-05-01,yonetilen_haric,2.8009943710954444,3.047325860623773,40.18878117120654,38.92071035873808,47.581042600994515,45.450000612404764,43.62800931633868,46.09547175650284,38.92394258775702,33.33011963081898,45.564943122797466,38.13873969455952
2023-06-01,yonetilen_haric,3.9210550590920823,4.464820951534376,48.05272932076983,48.57108092668183,56.52623818382854,53.63675799914258,42.9606298580977,43.176486684155016,48.62543143472096,40.28742376461825,53.728417412919384,43.78149877539697
2023-07-01,yonetilen_haric,9.799179590862451,10.656323091161823,89.32145416115543,101.3409448817447,65.81360758847651,69.07355557450082,53.859539702485314,61.82494355526349,102.50260586121387,72.6738796132799,69.79346897188073,54.12645127952382
2023-08-01,yonetilen_haric,9.179572333708098,9.50275006178154,140.8663462263918,156.73513249388398,83.7573386361473,88.85398322538789,65.6984129193992,99.52801155529396,157.69781779165618,98.49557641791097,89.9637521138857,65.91284802436498
2023-09-01,yonetilen_haric,4.5873636487958835,3.999838271764,147.10344427022255,152.19455274876466,91.27033055016445,93.56863719545336,69.4615028083619,136.30553421024675,153.30311258443766,96.63564569882945,94.60440749535701,68.46153473172386
2023-10-01,yonetilen_haric,3.35287405200857,2.6814793586064534,93.98701067294535,86.98175373381463,91.64003482826229,94.0285622593022,68.71916135688008,128.24930279126843,87.85585321552725,64.73627076860797,95.0532421641738,68.70507519094393
2023-11-01,yonetilen_haric,2.109745188673595,2.553663428713482,48.41434001096538,43.84800376810265,89.07146745620457,92.17397406096524,67.04300132985723,87.15532533203645,43.882619226208355,36.93992423633574,93.2394989429121,67.71775032712335
2023-12-01,yonetilen_haric,2.7664477384851116,3.7323893527203333,38.34529099007638,42.37400748047007,84.89347717595138,89.48865174354476,70.11960629827247,55.73493005599302,42.396420094109644,35.87012856016108,90.57697556358167,66.25288712949526
2024-01-01,yonetilen_haric,6.729937407033981,5.2741206601698565,57.33276237351568,57.307247284924955,74.70120850685362,71.50389200357556,70.19940550010169,47.864969364351204,57.41575133408083,46.24069376641469,72.01956382049026,55.48848226751133
2024-02-01,yonetilen_haric,5.172055246583196,4.938294666681764,77.07279468300197,72.45668153691378,62.111510870680966,57.504124947750036,72.59542230279806,57.278282680385196,72.4981928688044,55.779218718287815,57.59603475857531,46.35957147731178
2024-03-01,yonetilen_haric,3.60810723609446,3.820147728611878,82.94536962914182,73.04102110859758,59.09000721802333,56.96032503070212,74.4396694213199,67.6349258837937,73.07771347476044,56.13025222185399,57.0515950833214,46.00019039100753
2024-04-01,yonetilen_haric,3.3875984910263446,2.5735979174367873,61.08317949973943,55.95702293003049,59.196927114196775,56.63068017433561,74.66683902995726,66.74574240894604,56.03813721298101,45.32816125092172,56.72555676678475,45.7844275086682
2024-05-01,yonetilen_haric,2.8859039833565303,3.2509828055624856,47.527254683470524,46.165778531996324,61.62630750813158,58.76795999157878,74.81110702724301,57.65605297048164,46.18716114520265,38.5789138064446,58.84399433511567,47.17906626236621
2024-06-01,yonetilen_haric,1.5279182568982197,2.185094892893935,36.03141857487082,37.17322346943017,57.75397983048245,54.066851262392056,70.78548494881758,46.01382247927916,37.18835723987554,32.03870246357283,54.178389065923184,44.08447734271341
2024-07-01,yonetilen_haric,2.5555573194584458,3.4146733841528665,31.70499100761104,41.727995823815924,45.655273531343774,48.672379057181026,59.51850147027486,41.5990578616684,41.751898838468904,35.40300433043715,48.7378613030766,40.36558279067943
2024-08-01,yonetilen_haric,1.4440675466623976,1.7316766770055114,24.47591867138119,33.5683860220916,35.51232621349178,39.72518430899006,48.21642265305739,37.41939693030667,33.606909253601344,29.325779816209252,39.76734225056611,33.952346811326926
2024-09-01,yonetilen_haric,3.084138768707523,2.241546143568418,32.285061036194726,33.86378538322718,34.145162078313284,35.50840175737171,46.08612118644868,36.27380371024813,33.90170114072275,29.551584818907184,35.53589725735671,30.79514364124001
2024-10-01,yonetilen_haric,3.162324470103095,2.578542986356469,35.44359812380213,29.586734948322714,33.561213954253375,35.52146778122578,45.8167851900422,32.28870554120835,29.59576468814049,26.207063227721594,35.54896712969822,30.805033779079373
2024-11-01,yonetilen_haric,2.497131925488394,3.1258493606773463,41.15579645585888,36.83773982266088,32.55375301979768,35.19318050487503,46.3699888875269,33.4191091167231,36.848080399554384,31.783753962408934,35.21859305732071,30.554766889309093
2024-12-01,yonetilen_haric,1.1447695779378764,2.3143447350953528,30.82930870571945,37.22788412383415,31.555171268404592,35.535397697233684,44.060236827764385,34.56439055412399,37.23679710128691,32.07494832851667,35.559847694864885,30.81326657371193
2025-01-01,yonetilen_haric,4.149857470791551,2.459906663787348,35.911213375075015,36.59414573304025,35.67720429346997,33.044313514708534,40.57773758078973,36.88424776487449,36.603842491006546,31.600403038240188,33.057515420785876,28.90373313298089
2025-02-01,yonetilen_haric,2.429191699215494,2.080186696799191,35.551216505010515,31.137758191232766,38.32512398810752,33.95743516617109,36.911501800974065,34.90663973756103,31.139598830079752,27.417752382727567,33.9659701749416,29.60075317256825
2025-03-01,yonetilen_haric,2.3904705193243503,2.5918516431499894,42.35340415047606,32.56629528195525,36.46976755645439,34.87695209960131,35.30247258513168,33.37932541937598,32.569868064858596,28.527780014946114,34.884831616912,30.301364171731393
2025-04-01,yonetilen_haric,2.956902686600915,2.021331598144527,35.94242508742178,30.31105077135665,35.926818335388575,33.41561625120315,34.7388246416517,31.328964840492326,30.31595590083953,26.77347975237483,33.42594904419081,29.18694139530751
2025-05-01,yonetilen_haric,1.4850243134008512,1.9720888693576244,30.99896704677041,29.75995529917188,33.25565407925293,30.44703768552195,32.90424018560465,30.853642757355782,29.765845706585047,26.341088442608562,30.451064633854163,26.879420412668065
2025-06-01,yonetilen_haric,1.4809511310463597,2.262895387227193,26.406041772420743,28.103664517547244,34.142947453421414,30.315878607074186,32.84275827715808,29.37164100165304,28.104854999473194,25.025263418917376,30.31983360375996,26.776521716931747
2025-07-01,yonetilen_haric,1.4504812053700356,2.360548505222382,19.168754900660833,29.815939308600715,27.279572343107738,30.063259447756497,31.411325764491572,29.224159566076715,29.817970605367794,26.382131047228796,30.066744785071542,26.577805399801814
2025-08-01,yonetilen_haric,2.0424905012285777,2.3210389935243603,21.808826735536634,31.602010061838072,26.320348636054412,30.677736982644753,32.18652687510628,29.857697537946603,31.602131407214664,27.77793154389574,30.6810320080491,27.059509993252153
2025-09-01,yonetilen_haric,3.352921943345688,2.244760814141755,31.048387439348325,31.50868543941239,28.70628553752399,29.795009613906707,32.531192065719175,30.985116250503086,31.508859564584846,27.70539325155399,29.79662851744045,26.36532833523568
2025-10-01,yonetilen_haric,2.6950791463031143,2.1977781419523224,37.59852286110266,30.67419547527703,28.052507376965117,30.24436044995875,31.930928548311787,31.253998312316966,30.674388910869375,27.05431179847375,30.24553450584715,26.718221422851276
2025-11-01,yonetilen_haric,0.7779475862287777,1.585239262602034,30.903606108911053,26.955786565890747,26.274362701132993,29.258023739545578,29.718051153955805,29.666274037947126,26.962403349181674,24.111112874784446,29.263186282102428,25.944522209340093
2025-12-01,yonetilen_haric,0.9279307869880737,2.3170447571749575,19.043599844252523,27.31518301830953,24.90184864350229,29.394947178072183,29.439955652883796,28.281681850228523,27.322734358065937,24.400248646917255,29.400280679870928,26.05282094923562
2026-01-01,yonetilen_haric,4.8028526909998925,2.812546162629914,29.121907159624485,30.406380552337176,33.292849373748304,30.54021933304487,30.2515138671523,28.24400402517444,30.42542114750153,26.859320729627623,30.549850625135775,26.956816264050687
2026-02-01,yonetilen_haric,3.055497505237259,2.5857745713878666,41.19605128213695,35.62038646050476,35.95246331409545,31.21658750883387,31.04793994476576,31.131605624973012,35.623559394691526,30.861461964770953,31.22749475197255,27.4862874197777
2026-03-01,yonetilen_haric,1.667448366142299,1.857815820847919,45.38003487947391,33.2019132773453,31.55440964686651,30.22528927706094,30.122555353520465,33.0783823513789,33.21457036381188,29.0245462194628,30.238114426879047,26.712397433190027
2026-04-01,yonetilen_haric,3.7542876722641783,2.678124368950874,39.64859304125026,32.506661338466984,34.282138297111175,31.452326355313275,31.13033403787806,33.745608641472714,32.51688861432789,28.486859044746637,31.467342465389358,27.673089887187132
2026-05-01,yonetilen_haric,1.6568503694790904,2.2814632934027745,32.22041229790569,30.94136816739983,36.63454949375131,33.26034276756911,31.35235308238624,32.19410702513588,30.949796199343062,27.26961393280627,33.26789750809507,29.06553794878861
2026-06-01,yonetilen_haric,0.7861895659405649,1.6930061096216198,27.695300983297557,30.095950914813695,36.25104517359383,31.639771997253096,30.45308513711438,31.160599494137074,30.10819525337809,26.610375087901073,31.652984606991332,27.817460653681934
2026-07-01,yonetilen_haric,1.3886437833407594,2.3568259396046676,16.44154491882295,28.475203125035307,27.518225832479224,30.475362543584517,30.37356966922502,29.81564227400981,28.48172288491306,25.325181370516248,30.485008168841432,26.906020207631443
2026-08-01,yonetilen_haric,1.718268924910915,1.9895563455746945,16.723204457190178,27.014818756472113,24.230391684412034,28.96315033957095,29.959331207769523,28.49888030753811,27.020216276619013,24.157553579203928,28.971287939313296,25.7135837560051
2005-01-01,yi_ufe,,,,,,,,,,,,
2005-02-01,yi_ufe,-0.022453245454268078,-0.022453245454256976,,,,,,,,,,
2005-03-01,yi_ufe,2.1263308340608633,2.126330834060819,,,,,,,,,,
2005-04-01,yi_ufe,2.020673596055045,2.0206735960550226,17.73716275189774,17.73716275189754,,,,,17.804726585887142,16.498204738646336,,
2005-05-01,yi_ufe,-0.32032994295396744,-0.32032994295395634,16.34025990549455,16.340259905494257,,,,,16.42754628854144,15.30669794864754,,
2005-06-01,yi_ufe,0.34124917632532004,0.34124917632532004,8.41693547038993,8.41693547038993,,,,14.06811935562815,8.479073132515147,8.166371317705545,,
2005-07-01,yi_ufe,-0.25457667637770465,-0.25457667637771575,-0.9359014390642129,-0.9359014390642129,7.99780504778298,7.997805047782824,,7.6479444903003735,-0.9306364561439517,-0.9346297720254082,8.065424789439923,7.781787483310465
2005-08-01,yi_ufe,1.7313571527317384,1.7313571527317606,7.475451417530099,7.475451417530188,11.820042708701383,11.820042708701273,,4.895600544395107,7.5194659204094405,7.27211861071746,11.89226977310609,11.289408279682501
2005-09-01,yi_ufe,1.6505563329777484,1.6505563329777484,13.19579758414362,13.195797584143708,10.780600658235361,10.780600658235407,,6.458251036632534,13.252080923936926,12.509347237327173,10.842028677215488,10.337859277516358
2005-10-01,yi_ufe,0.6577477280859778,0.6577477280859556,17.394358488811324,17.394358488811324,7.8404668936175925,7.840466893617637,,12.635269798468652,17.410739269452268,16.15864485518186,7.883274372385962,7.612007541578225
2005-11-01,yi_ufe,-2.263375629228892,-2.2633756292288365,0.01317510587508508,0.013175105875173898,3.6771968284463163,3.6771968284464496,,9.95344887545584,0.17986182928653172,0.17971372733947,3.7902072282982147,3.725916169028465
2005-12-01,yi_ufe,-0.22100577081393125,-0.22100577081393125,-7.151548889838,-7.151548889837878,2.5185567488498872,2.518556748849976,,2.9064020031494886,-7.066750078580474,-7.306534687827249,2.6326483622045593,2.601406274749962
2006-01-01,yi_ufe,1.9623875722743822,1.9623875722742934,-2.243461587342932,-2.2434615873429764,7.126402511429086,7.126402511429086,7.561221329527701,-3.177204864965688,-2.068109063581125,-2.0879753110738974,7.266683538920526,7.0353347720539805
2006-02-01,yi_ufe,0.25661588143945924,0.25661588143952585,8.23522840644264,8.23522840644253,4.043014427869829,4.043014427869873,7.861458903847751,-0.5893463190528747,8.291334405161589,7.991990731599552,4.1632423632972815,4.085852229469511
2006-03-01,yi_ufe,0.24796032602611984,0.24796032602614204,10.28446242738481,10.284462427384899,1.1916079420597914,1.1916079420598802,5.877604380690649,5.252986274665483,10.326617960641627,9.867855118959845,1.2882041029365077,1.2806602155662983
2006-04-01,yi_ufe,1.9388813486395318,1.9388813486394652,10.182798471649491,10.18279847164958,3.783856987528944,3.783856987528944,5.792719945918567,9.56747074297839,10.223773514216262,9.773830224420532,3.9113423215021426,3.8429274566733174
2006-05-01,yi_ufe,2.7708202914618063,2.7708202914618063,21.65807100550039,21.65807100550017,14.75055164471999,14.750551644719835,9.0734409883654,13.978561042744108,21.73614236421111,19.830647864509654,14.833494336084607,13.911319298054604
2006-06-01,yi_ufe,4.0213252077597295,4.021325207759774,41.0354455287476,41.03544552874738,24.715749981085523,24.715749981085523,13.073775438477742,23.835195335771164,41.09391107992231,34.92410739144418,24.84409595846424,22.395981255202013
2006-07-01,yi_ufe,0.8639625138651574,0.8639625138650908,35.18014998454741,35.180149984547306,22.04313673089011,22.04313673089011,14.341777969343772,32.4617359764334,35.31048291957531,30.624432052346684,22.17816111739448,20.199131138383606
2006-08-01,yi_ufe,-0.7476771224564138,-0.7476771224563472,17.597029277538347,17.597029277538546,19.61031618502924,19.61031618502924,11.555447435618603,30.790080941493294,17.865444767888693,16.55044239667407,19.786462805595594,18.19054513059186
2006-09-01,yi_ufe,-0.23403788054123797,-0.23403788054128238,-0.4969479087274742,-0.4969479087276518,18.46289411947857,18.462894119478435,9.487217232972078,16.34394673865074,-0.46999447147830775,-0.4710099565301551,18.653906359647966,17.226548717457014
2006-10-01,yi_ufe,0.454512131954532,0.4545121319545764,-2.102839685072422,-2.1028396850721998,15.038049420325228,15.038049420325317,9.266154270951255,4.542402080792773,-2.088547933139895,-2.1088114841722128,15.227440351290134,14.257810284087235
2006-11-01,yi_ufe,-0.2919068818047488,-0.29190688180472657,-0.29222655810027254,-0.2922265581001837,8.283599647616269,8.283599647616402,11.470187914257913,-0.9695252790049569,-0.28535662621798075,-0.2857305215657302,8.442428653783928,8.13235593755417
2006-12-01,yi_ufe,-0.1244236233073237,-0.12442362330736811,0.14669745594926287,0.14669745594926287,-0.17564398540693693,-0.17564398540698134,11.578086678069809,-0.7571494984162097,0.1528334607570292,0.15272650736992688,-0.15902569797268118,-0.1591417245801141
2007-01-01,yi_ufe,-0.051297084520496306,-0.051297084520496306,-1.8551565437250672,-1.855156543725156,-1.9790763463105487,-1.97907634631046,9.374498800933306,-0.6711956848726608,-1.8545571810327677,-1.870510358530364,-1.9716165551557419,-1.9896609213512884
2007-02-01,yi_ufe,0.9458171427008777,0.9458171427008777,3.1096127972707777,3.1096127972706,1.394427423168998,1.3944274231689535,10.126379780165484,0.4494594585725098,3.1242502520243853,3.080385739492053,1.4063115060292564,1.3973276089631614
2007-03-01,yi_ufe,0.9732713490449685,0.9732713490449685,7.717848096467228,7.717848096467228,3.8633079769886836,3.863307976988728,10.923162846074685,2.9283313948481826,7.732384081794574,7.4711656289013995,3.8792564542369012,3.811946068135663
2007-04-01,yi_ufe,0.798446266656816,0.798446266656816,11.42800895712317,11.42800895712317,4.5757356930433035,4.575735693043259,9.6822166571372,7.375474238285817,11.428396019339026,10.870139033610648,4.593789037960727,4.499814337540142
2007-05-01,yi_ufe,0.39249268370802337,0.39249268370802337,9.004897077727136,9.004897077727136,6.0162852145404955,6.016285214540407,7.143945159298681,9.374046201271868,9.008715514082176,8.656841197639231,6.029068137581639,5.868613468565642
2007-06-01,yi_ufe,-0.10662496270549271,-0.1066249627054594,4.4159990957560735,4.415999095756251,6.054074553679989,6.054074553680078,2.8920779022600263,8.231091045009586,4.424523929088409,4.33725595063752,6.066634057635034,5.90421078976946
2007-07-01,yi_ufe,0.06404326516622483,0.06404326516613601,1.4060546942568308,1.4060546942566532,6.298987628190367,6.298987628190278,2.0760743307036034,4.885143889367782,1.408657709532668,1.3996439446748,6.310367688095275,6.134891489142724
2007-08-01,yi_ufe,0.8533636754653795,0.8533636754654461,3.281012213806367,3.2810122138065667,6.104364219618441,6.10436421961853,3.7226651081989415,3.0254179986977325,3.2917717891335796,3.243127911704491,6.114957128525034,5.949984554671861
2007-09-01,yi_ufe,1.015371596744874,1.0153715967448074,7.999961891601415,7.999961891601215,6.1928619221421455,6.192861922142101,5.021625976640087,4.203867272031547,8.011029812334947,7.731114149505558,6.203899761497467,6.034185050071539
2007-10-01,yi_ufe,-0.13262599157317645,-0.13262599157318755,7.153394672179769,7.153394672179769,4.240121838006039,4.24012183800595,4.40779391377808,6.128968111482269,7.169789089812917,6.944437122548264,4.2527494871859695,4.172040533611532
2007-11-01,yi_ufe,0.8946669437335908,0.8946669437336352,7.329036010330281,7.329036010330081,5.285571086825502,5.285571086825502,5.650296418498857,7.493092277372626,7.34596143975903,7.10965019562102,5.300982618812977,5.1763890536627555
2007-12-01,yi_ufe,0.15240734261945388,0.15240734261945388,3.7081618521815463,3.7081618521815463,5.832308525722141,5.832308525722052,5.943133513102183,6.04255268595022,3.7197430260887954,3.657793179119606,5.845452707046195,5.694453664312582
2008-01-01,yi_ufe,0.4219409315702638,0.4219409315702638,6.031000564257205,6.031000564257316,6.590720285341778,6.590720285341822,6.444754013015808,5.675752711448379,6.0369263870904355,5.8760608716934115,6.601978281151677,6.410248997120838
2008-02-01,yi_ufe,2.562336406674448,2.562336406674426,13.216998767871502,13.216998767871303,10.233712346715397,10.233712346715219,8.149331778409707,7.610269055177898,13.29399778274789,12.546738723456574,10.283226402639677,9.828194459538798
2008-03-01,yi_ufe,3.1699126969769065,3.169912696976951,27.49064522757454,27.49064522757454,14.986175125100809,14.986175125100853,10.502086034676662,15.359563267840759,27.593172021666646,24.616760140886562,15.090258273488399,14.137276660003085
2008-04-01,yi_ufe,4.498112226149775,4.498112226149753,49.48501334083461,49.48501334083461,25.896963958190945,25.89696395819101,14.557910517069406,29.465010481438835,49.539707724954795,40.921445319204516,26.07862090806212,23.398753095448964
2008-05-01,yi_ufe,2.1179841718091286,2.1179841718091064,46.91121973650374,46.91121973650374,28.96839684160708,28.968396841606967,16.52686949206583,41.10089498800764,46.9895771632095,39.14403637974324,29.137809345866383,25.84538755159991
2008-06-01,yi_ufe,0.3233087346930841,0.3233087346930841,31.356056134424804,31.35605613442458,29.408919132829926,29.408919132829816,17.028392519276615,42.23380713296021,31.57600880590572,27.757620530607774,29.57056294380187,26.187190335747168
2008-07-01,yi_ufe,1.2465037049099736,1.246503704910018,15.754120726214982,15.75412072621507,31.54279258482704,31.542792584827104,18.41132129134455,30.484300298549627,15.790526946500583,14.751186445648834,31.6772477264891,27.836315882426675
2008-08-01,yi_ufe,-2.3361960254229763,-2.336196025422954,-3.15837430579603,-3.158374305795819,19.277497257451937,19.277497257452026,14.666478633095249,13.622177101155785,-3.0228271381128713,-3.065534343279408,19.608061037153114,18.039251018231916
2008-09-01,yi_ufe,-0.8977985472414685,-0.8977985472414574,-7.787904558650494,-7.787904558650249,10.057335898461783,10.057335898461872,12.494764764510569,1.125557600553062,-7.666590627056724,-7.949963471017574,10.365988943217186,9.9038285297951
2008-10-01,yi_ufe,0.5708612586080353,0.5708612586079687,-10.224790169438492,-10.224790169438613,1.9404261171597437,1.9404261171596993,13.287202069583671,-7.108758333012288,-10.147519687562523,-10.652533256225771,2.0686853981600084,2.0493265947115313
2008-11-01,yi_ufe,-0.030848965042473697,-0.03084896504242929,-1.4433572628263502,-1.4433572628263502,-2.3046290470692066,-2.3046290470690955,12.24800831482753,-6.573868929672444,-1.4217947601649517,-1.431145014703672,-2.2253148760344343,-2.24833967899154
2008-12-01,yi_ufe,-3.5425538511692722,-3.5425538511693277,-11.550429209476231,-11.550429209476476,-9.688758930672536,-9.68875893067256,8.106799473141857,-7.827821281639114,-11.370614614987772,-12.010166230415154,-9.53597888005735,-9.980064850716364
2009-01-01,yi_ufe,0.23034103407610917,0.23034103407615358,-12.742275209648458,-12.742275209648302,-11.492483074084603,-11.492483074084603,7.900537260867058,-8.668595735932616,-12.582362700358662,-13.372247128542414,-11.37260560528791,-12.012390192384093
2009-02-01,yi_ufe,1.1682093866657084,1.1682093866656862,-8.479976675364542,-8.479976675364664,-5.02681303597371,-5.026813035973776,6.43384822335944,-10.936811290015836,-8.246821371569201,-8.576013721709952,-4.890411914072401,-5.003579368206812
2009-03-01,yi_ufe,0.29025744392316977,0.29025744392319197,6.956718508477122,6.956718508477411,-2.7360506393161454,-2.73605063931619,3.463090740610286,-5.167347498706021,6.968358204357594,6.755231458660127,-2.5960557571529486,-2.6274673858775133
2009-04-01,yi_ufe,0.6480432892327581,0.6480432892327803,8.75083054565442,8.750830545654619,-2.5867050014482196,-2.5867050014480863,-0.3488444541210889,2.053652209853851,8.759186794200868,8.426040479286634,-2.4452622452351913,-2.47310332462789
2009-05-01,yi_ufe,-0.05000938056175519,-0.050009380561832906,3.606585197677603,3.6065851976775143,-2.6240425265184775,-2.6240425265185663,-2.4644665402982935,6.41051690247223,3.6116048625136177,3.5531654103765575,-2.4827166431176106,-2.511424155666697
2009-06-01,yi_ufe,0.9443992745403085,0.9443992745403085,6.3362368167221295,6.336236816721952,6.646026407254957,6.646026407254957,-1.8606348097183756,6.206029689513359,6.347224998057888,6.1697327328450235,6.657377125289821,6.462482095752575
2009-07-01,yi_ufe,-0.7063196984886222,-0.7063196984885667,0.7271101817849512,0.7271101817848624,4.662108189796932,4.662108189796976,-3.753528313447041,3.5314457673776722,0.7548800390751564,0.7522807819596355,4.686928587235473,4.589160630623135
2009-08-01,yi_ufe,0.41807063630232566,0.41807063630228125,2.627283899455213,2.627283899455213,3.115771989231364,3.1157719892313196,-1.039232561215575,3.2040419888188287,2.656404594168227,2.624600849416092,3.132991025125409,3.088883129896325
2009-09-01,yi_ufe,0.615174296760479,0.6151742967605012,1.2949650988917316,1.2949650988918204,3.784996011453212,3.7849960114531234,0.47158103890254655,1.5465192933783456,1.3155673539884338,1.307700938296863,3.803452717402145,3.7387168355709433
2009-10-01,yi_ufe,0.2840909073195341,0.28409090731960074,5.397326466630692,5.397326466630781,3.0357613446412524,3.0357613446412524,0.18509377779667435,3.092014629172213,5.3984853581380055,5.269343361529533,3.052709389091457,3.010812071744584
2009-11-01,yi_ufe,1.293262720666588,1.293262720666588,9.119996683301856,9.119996683302123,5.823857795512377,5.82385779551251,1.5120656689418865,5.230209370756644,9.131369069157348,8.77011169898676,5.848510517835059,5.697356274201426
2009-12-01,yi_ufe,0.6566147837546055,0.6566147837545389,9.299881290782096,9.299881290782096,5.221327023863331,5.221327023863376,5.931281595161186,7.934088097981085,9.311090373753084,8.93587364696291,5.243747644915464,5.121787292629887
2010-01-01,yi_ufe,0.5798502067883238,0.5798502067883238,10.594991767032225,10.594991767031935,7.964885276853928,7.964885276853773,6.300670287374488,9.67214915062684,10.601653907051034,10.118910844837803,7.971342142749727,7.694127103183668
2010-02-01,yi_ufe,1.663463846629143,1.663463846629143,12.220663121292063,12.220663121291775,10.659470392702165,10.659470392702165,6.821049973602911,10.708168873493618,12.236728415233955,11.599715348688022,10.674065261020171,10.184913523837391
2010-03-01,yi_ufe,1.943410716328331,1.943410716328331,18.070169773180567,18.070169773180456,13.60042051062631,13.600420510626265,8.581854789807108,13.617508758597818,18.09405212166255,16.74689907898319,13.624803602050516,12.84138636297305
2010-04-01,yi_ufe,2.352532158055687,2.3525321580557534,26.61659065812545,26.61659065812576,18.334951731959027,18.334951731959027,10.420703880131876,18.888984351236516,26.622436133333593,23.83762688405291,18.36380738265484,16.978268864445354
2010-05-01,yi_ufe,-1.1492300748714879,-1.1492300748715545,13.175189241213769,13.175189241213769,12.696915598993797,12.696915598993662,9.20632935109933,19.159340933939784,13.338980753646258,12.58685119805012,12.78662027563664,12.093283273369071
2010-06-01,yi_ufe,-0.5039802968299867,-0.5039802968299201,2.6921910204484423,2.6921910204487087,10.11305294180267,10.113052941802758,7.639405206389882,13.705909528482096,2.8334310195324175,2.7972871454171155,10.221874287629774,9.772093112200153
2010-07-01,yi_ufe,-0.155413573712615,-0.1554135737126372,-7.008951613761216,-7.008951613761294,8.509029616849539,8.50902961684965,8.236615496263134,2.562300242996063,-6.99936947154508,-7.234495781656447,8.624828964679686,8.30156555119823
2010-08-01,yi_ufe,1.1530035747338685,1.1530035747338907,1.9614612206281246,1.9614612206283022,7.4221004679915215,7.42210046799161,9.028770268491915,-0.8980156267596073,1.9924048831527097,1.9744388167653337,7.528578589031953,7.280645007407727
2010-09-01,yi_ufe,0.5072381174213048,0.5072381174213048,6.170185804665573,6.1701858046654845,4.416708439450523,4.416708439450656,8.911808299454126,0.2211439551866201,6.188184600230895,6.019312473770233,4.498467953190333,4.408299809593674
2010-10-01,yi_ufe,1.207825346894098,1.207825346894098,12.088449295522242,12.088449295522352,2.0941840262136635,2.094184026213619,9.915014164834357,6.668810148251358,12.095137263713518,11.472268156197174,2.139585479828554,2.1188861872703635
2010-11-01,yi_ufe,-0.3137606466953935,-0.3137606466954157,5.727163158738757,5.727163158738668,3.8272413501233116,3.8272413501234226,8.171206221023564,7.956802901319282,5.751478080800432,5.605211270479948,3.8563523783294418,3.789825043622641
2010-12-01,yi_ufe,1.3095773377687747,1.3095773377687747,9.143842022736992,9.143842022736903,7.646746290768358,7.646746290768314,8.872916160669519,8.951733609333544,9.179542746080816,8.814568151869828,7.674341653346306,7.416940312820031
2011-01-01,yi_ufe,2.3633841934412425,2.363384193441287,14.214542994975531,14.21454299497562,13.146502426294937,13.146502426294981,10.803507087175612,9.678503354578005,14.295992425394367,13.436803538058584,13.190661578429452,12.454535847127879
2011-02-01,yi_ufe,1.7234838176609868,1.7234838176609202,23.841287270624356,23.841287270624136,14.42634305547623,14.426343055476142,10.868923147517906,15.632010844522126,23.85475281386238,21.585781395483927,14.475492528213296,13.595496332981938
2011-03-01,yi_ufe,1.2200969691304353,1.220096969130413,23.404341751164147,23.404341751163948,16.055262616603926,16.055262616603795,10.082280679052968,20.430649878922335,23.419984414816184,21.22785992093048,16.099774392955712,15.021214036400155
2011-04-01,yi_ufe,0.610590589769755,0.6105905897698216,15.166638622900997,15.166638622900997,14.689602835575899,14.689602835575965,8.208786231935171,20.696208175742314,15.180618463135476,14.21668550624462,14.737523935042196,13.826744522151602
2011-05-01,yi_ufe,0.1517212517565314,0.15172125175648699,8.212009047443146,8.212009047443146,15.763182828461497,15.763182828461408,9.632896171674332,15.367043827563442,8.224274599433468,7.929635242626887,15.797987175064176,14.757708319055407
2011-06-01,yi_ufe,0.005223838714241147,0.00522383871430776,3.1096253977679345,3.1096253977682897,12.801486915823368,12.801486915823478,10.19397916061051,8.686666554371625,3.1137147550788447,3.0701427209624654,12.84885151901982,12.149001320946473
2011-07-01,yi_ufe,-0.026117839765438244,-0.026117839765482653,0.5242040569720441,0.5242040569719553,7.5966295080103885,7.596629508010344,10.336677046616071,3.8879974205510592,0.5245659855855012,0.5233090028212484,7.624117257480378,7.369997254532934
2011-08-01,yi_ufe,1.7608025485202905,1.760802548520335,7.141831530316489,7.141831530316756,7.67559074794173,7.675590747941885,10.999658042829319,3.56785608029222,7.185983167129306,6.95963418987664,7.703981981601182,7.444634716251763
2011-09-01,yi_ufe,1.5454918851449007,1.5454918851449007,13.896639827371438,13.896639827371438,8.368998641976821,8.368998641976955,12.146299969695896,7.086708220453164,13.93921813696748,13.120706375599012,8.402655631412825,8.09542454828074
2011-10-01,yi_ufe,1.6028720269767094,1.6028720269767094,21.503453462857692,21.503453462857692,10.517138713989095,10.517138713989048,12.584043032890136,14.067208730555226,21.504038211510146,19.63666584256778,10.558971489748137,10.079987422694515
2011-11-01,yi_ufe,0.6469592890363307,0.6469592890363307,16.270399022561,16.270399022560888,11.612828581834167,11.6128285818343,13.669064749916027,17.185720847445964,16.283460884574886,15.181292804631763,11.649811892532181,11.0704634972542
2011-12-01,yi_ufe,1.003757913500447,1.0037579135003805,13.809024670359559,13.809024670359161,13.85282382086257,13.852823820862392,13.325936204200728,17.11937416507281,13.819412747760108,13.014356918053682,13.879301000297017,13.067531646826346
2012-01-01,yi_ufe,0.38184755533052783,0.38184755533061665,8.436003473026975,8.436003473027064,14.783922662031346,14.783922662031458,11.132187957147277,12.761594196865467,8.440170046107465,8.130259031469311,14.801875911302131,13.883462437018546
2012-02-01,yi_ufe,-0.09266032948840319,-0.0926603294884476,5.283532267406166,5.283532267406077,10.640672029936571,10.64067202993646,9.148063297397503,9.10114847787089,5.296150771926156,5.171780557370198,10.664872643139756,10.17653668100098
2012-03-01,yi_ufe,0.36122229976327525,0.36122229976329745,2.629942525355,2.6299425253552666,8.07503717688791,8.07503717688791,8.22191809912518,5.414003368756659,2.6328857786556803,2.601638102421866,8.093569632911791,7.807997510237774
2012-04-01,yi_ufe,0.0826848232124533,0.08268482321243109,1.4119504997731624,1.4119504997729848,4.86518305233552,4.8651830523354755,7.654075545995109,3.089649076218337,1.4140700263995276,1.4049871739491238,4.873195436160027,4.7676231027092175
2012-05-01,yi_ufe,0.5297176463517017,0.5297176463516795,3.9626659837776357,3.962665983777547,4.621014613263141,4.6210146132630525,8.06038760844654,2.66386785638304,3.964772605647293,3.894499077309632,4.628520487063259,4.533139817339915
2012-06-01,yi_ufe,-1.4937638990649482,-1.493763899064926,-3.513058414218495,-3.5130584142186616,-0.4889490086853021,-0.4889490086852355,6.440660260743525,0.5796378304753214,-3.4690347179438086,-3.5254457180032617,-0.46092718371804065,-0.46190380779069784
2012-07-01,yi_ufe,-0.3140795986719569,-0.3140795986719014,-5.034022302733099,-5.034022302732932,-1.8639463326663441,-1.8639463326663441,6.1340717889791785,-1.5936835940107752,-4.994390752470446,-5.112503405540592,-1.838088683374628,-1.853758115795734
2012-08-01,yi_ufe,0.25599370069571137,0.25599370069566696,-6.064105271017805,-6.064105271017761,-1.1778058956568582,-1.1778058956568804,4.564592320619498,-4.877196894985259,-6.033805077829224,-6.207399188164642,-1.1503400600769709,-1.1564500554275048
2012-09-01,yi_ufe,1.0311809455706866,1.031180945570731,3.9437530728641645,3.9437530728643644,0.14596762200835833,0.14596762200835833,4.03499014208617,-2.487804181794473,3.962576857108635,3.8923801903779864,0.18362159087756957,0.18346723618736238
2012-10-01,yi_ufe,0.17496962437291153,0.17496962437288932,5.998563357215625,5.998563357215336,0.3307390769332841,0.3307390769332841,2.5729073346306253,1.145398102602324,6.0079290664166285,5.848577082557149,0.3686582912316494,0.36803683850827884
2012-11-01,yi_ufe,1.6593081365151807,1.6593081365151807,12.059116549090486,12.059116549090486,2.5981158480900657,2.59811584809011,3.604628166102186,7.293175056023449,12.083553306887396,11.461834825835204,2.6590852499929873,2.6272178188352813
2012-12-01,yi_ufe,-0.11931465785813833,-0.11931465785813833,7.041338484680337,7.0413384846801375,5.481175837399976,5.481175837399976,2.4526362148839187,8.339852515415602,7.079696137280234,6.859852412119727,5.510585024700587,5.376116301248857
2013-01-01,yi_ufe,-0.1815749240946407,-0.1815749240946296,5.525521408780598,5.525521408780598,5.761777910792665,5.76177791079262,1.877590828435749,8.16723715921086,5.571059739084361,5.433674218249651,5.789287682752553,5.6411256504034
2013-02-01,yi_ufe,-0.12924844500348254,-0.12924844500350474,-1.7070928268081098,-1.7070928268081098,4.950542356243437,4.950542356243437,1.8402811665638286,3.534866152403482,-1.7070487053652772,-1.7205521078250907,4.980857056576848,4.870641359005057
2013-03-01,yi_ufe,0.8148396710335959,0.8148396710335737,2.0220347093174995,2.022034709317322,4.501555731079243,4.50155573107911,2.3005836576417638,1.89516254106743,2.0347989742542705,2.0160652077417573,4.529351897464062,4.437958809930742
2013-04-01,yi_ufe,-0.5087243863840851,-0.508724386384074,0.691108971852894,0.6911089718528052,3.0799775683091557,3.0799775683091113,1.6960684267693926,0.3253871255104013,0.7097658771753057,0.7074673585839797,3.1141550257851147,3.0705707884168154
2013-05-01,yi_ufe,0.998757527115024,0.9987575271150684,5.317848012057924,5.317848012058013,1.744766245392393,1.7447662453924373,2.1705501315404163,2.6617303201130316,5.346183599277787,5.219491247058272,1.7635659151498118,1.7494695696165907
2013-06-01,yi_ufe,1.4572983189156785,1.4572983189156785,8.02823860334727,8.028238603347472,4.982192339354041,4.982192339354086,5.231388330398579,4.653332793521225,8.073518935642078,7.7893258385866915,5.014376665419329,4.902695523164224
2013-07-01,yi_ufe,0.9933311566724612,0.9933311566724834,14.701233171516371,14.701233171516659,7.468108611248314,7.468108611248403,6.61152956146811,9.29815618008487,14.70441055411429,13.797548010812921,7.498509240765849,7.25250768469845
2013-08-01,yi_ufe,0.04155892156332275,0.04155892156332275,10.414412200960822,10.41441220096091,7.836024975522471,7.83602497552256,6.383501102015332,11.015191041371185,10.437078562186851,9.968753588605939,7.864102500592374,7.594122417832105
2013-09-01,yi_ufe,0.8816062774913425,0.8816062774912758,7.929594567705389,7.9295945677051005,7.978905321005225,7.978905321005225,6.226002429649746,10.96170986577274,7.941154642105852,7.665985422908328,8.00731820184688,7.72765563074751
2013-10-01,yi_ufe,0.6863103978717477,0.6863103978718144,6.623138859171007,6.623138859171007,10.588451077699524,10.588451077699656,6.768230557611665,8.298208264702446,6.631304402870852,6.437902387705652,10.600353535782325,10.117725199259286
2013-11-01,yi_ufe,0.6180132656451232,0.6180132656451232,9.101974956762948,9.101974956762948,9.756231872340337,9.756231872340337,5.674605065864102,7.881348405719635,9.102779591743726,8.743719764032853,9.768070637267412,9.356236676319396
2013-12-01,yi_ufe,1.1064944464948434,1.1064944464948212,10.078085863888052,10.078085863888141,8.998546678744734,8.998546678744667,6.971521407045711,8.598337852780059,10.081115115436589,9.643272440047035,9.006321247752203,8.654628931477681
2014-01-01,yi_ufe,3.319202669793442,3.319202669793486,22.05156331499314,22.05156331499325,14.07681965812959,14.07681965812959,10.723168510685488,13.664004397058104,22.14897897821777,20.174841527733722,14.14865227555282,13.306371957719687
2014-02-01,yi_ufe,1.3836752509821082,1.3836752509820638,25.809234057649654,25.809234057649544,17.15816618352828,17.158166183528166,12.400493480470832,19.203490831109992,25.87933515614209,23.237489469081485,17.216211274291602,15.99060461655717
2014-03-01,yi_ufe,0.736212166874739,0.736212166874739,23.97632935558207,23.97632935558207,16.820704619914963,16.820704619915027,12.312830093836169,23.94260373049393,24.062449214936276,21.756360350601156,16.88028467771816,15.699816395324095
2014-04-01,yi_ufe,0.08547739123003772,0.08547739123001552,9.168878779686352,9.168878779686063,15.430638568820632,15.430638568820543,12.98360733414221,19.333474873930754,9.187011772964638,8.821459236347273,15.501424430266608,14.498150382040498
2014-05-01,yi_ufe,-0.5209667776923776,-0.5209667776923554,1.1935777297633177,1.1935777297633177,12.832116463951703,12.832116463951637,11.283547468906608,10.970323367175405,1.2095451717521355,1.2028911216495963,12.92840797079402,12.22019029536554
2014-06-01,yi_ufe,0.05580357142855874,0.055803571428580945,-1.5128384760605629,-1.5128384760605185,10.499216170922798,10.499216170922798,9.746316438279745,2.8369096950474626,-1.508215903100818,-1.518743260135036,10.601541708157637,10.11880854523306
2014-07-01,yi_ufe,0.7293320176755769,0.7293320176755769,1.0460117254259327,1.0460117254260215,5.028947463181699,5.028947463181699,9.459436772900244,0.23434754859172902,1.0618078750801452,1.0566752456472095,5.052423098519765,4.939067240997241
2014-08-01,yi_ufe,0.4216533923931953,0.4216533923931953,4.930664444142652,4.9306644441427405,3.0451811035531406,3.0451811035531406,9.875313206114878,1.4570037306740558,4.9353992443773365,4.827155925989413,3.0570386260248217,3.0150235238195044
2014-09-01,yi_ufe,0.8524896089574963,0.8524896089574963,8.312799279676186,8.312799279676186,3.28320365755268,3.28320365755268,9.843600754333792,4.7256980259278825,8.31490570887128,8.013900076105074,3.2963564884749497,3.247578407985019
2014-10-01,yi_ufe,0.9167753059422301,0.9167753059422301,9.12127273635923,9.12127273635923,5.00604460892502,5.006044608925064,10.095026149205655,7.44786052819042,9.124393862523682,8.763673229171687,5.022198701132741,4.910174237409448
2014-11-01,yi_ufe,-0.966787515106049,-0.9667875151060712,3.2103904642323933,3.2103904642323045,4.06697290183522,4.06697290183522,8.360956098175798,6.848534465919975,3.2575576822635455,3.2099095991746207,4.093379656338381,4.018532762582017
2014-12-01,yi_ufe,-0.7616242373237991,-0.7616242373238213,-3.2400763108151542,-3.2400763108152764,2.3735229093121646,2.3735229093120758,6.358798592946702,2.9111427897735576,-3.198670195050468,-3.2465457859506497,2.409892469899444,2.383677145077212
2015-01-01,yi_ufe,0.32649253731342753,0.32649253731342753,-5.484164850179008,-5.484164850179218,1.5563303063299117,1.5563303063298228,3.278044522042789,-1.9145126138732205,-5.465770807911518,-5.60767686046586,1.5894612177231648,1.5779981843529134
2015-02-01,yi_ufe,1.2045137568150066,1.204513756815051,3.0814782931099405,3.0814782931099405,3.145914239305503,3.145914239305503,3.095535368321345,-1.942605832258426,3.121311047314834,3.077528227218629,3.189413751949033,3.1437189131966248
2015-03-01,yi_ufe,1.0481917648041295,1.0481917648041295,10.809305573189466,10.809305573189665,3.54660762822403,3.54660762822403,3.414821779639299,2.5925997035258552,10.818879206031617,10.316792235730432,3.5929677896262557,3.535123224889891
2015-04-01,yi_ufe,1.425796586353667,1.4257965863536448,15.746382047602658,15.746382047602658,4.593814180377853,4.593814180377764,4.799726705952678,9.77441427262027,15.748008241880296,14.714008431891301,4.649396416272622,4.553165785712721
2015-05-01,yi_ufe,1.112378779235601,1.112378779235601,15.325462629842889,15.32546262984269,9.031734704722583,9.031734704722538,6.520432692307687,13.952749410192823,15.32730032166658,14.345468521573501,9.0678845738831,8.711498374396065
2015-06-01,yi_ufe,0.25387870239774735,0.25387870239779176,11.741823942923425,11.741823942923514,11.274587910254441,11.274587910254574,6.7313055043116465,14.245814558343618,11.758003041249898,11.16821627194815,11.287533054123532,10.742504253839291
2015-07-01,yi_ufe,-0.3175496422542001,-0.31754964225422233,4.254993924064698,4.254993924064787,9.850527341043215,9.850527341043303,5.622045231909367,10.321297069312774,4.276429692242512,4.194831357516682,9.875058429249428,9.454419894703992
2015-08-01,yi_ufe,0.9839106415581167,0.9839106415581167,3.7261589321440525,3.7261589321441413,9.372150320207728,9.372150320207728,6.213419289167876,6.493296585228681,3.7436998747963024,3.6809588068067445,9.395036234466868,9.013213664190122
2015-09-01,yi_ufe,1.525376352673402,1.5253763526733577,9.089259168597819,9.089259168597529,10.407575791163005,10.407575791162916,6.922074098994924,5.677753735089275,9.12794310566789,8.766949407909008,10.435796280720776,9.967582839928578
2015-10-01,yi_ufe,-0.20058997050147465,-0.20058997050148575,9.602148536003629,9.602148536003451,6.895141749686151,6.895141749686151,5.738217277159641,7.4485526851958195,9.63586328322117,9.234788094919955,6.925369703432449,6.714809726218318
2015-11-01,yi_ufe,-1.4227161661543364,-1.422716166154292,-0.47831546954283377,-0.47831546954283377,1.6021755023035933,1.6021755023036377,5.251420155691133,5.975228792138898,-0.391016616161155,-0.3917191359296801,1.6570735269179293,1.6446198354385322
2015-12-01,yi_ufe,-0.32782952864510717,-0.3278295286451516,-7.54828997366851,-7.548289973668543,0.42653312567610957,0.42653312567597634,5.711499321573954,0.27131071457648925,-7.531332426564063,-7.804542661203717,0.4822660947295887,0.4812033733526455
2016-01-01,yi_ufe,0.5455055954434185,0.5455055954434629,-4.75247443007164,-4.752474430071462,2.1730563563706617,2.1730563563706617,5.942267866954043,-4.311287178530554,-4.715084489040866,-4.820160397423923,2.2297824129150046,2.207313848748016
2016-02-01,yi_ufe,-0.20345474129332963,-0.20345474129336294,0.047983684684038685,0.04798368468386105,-0.21551287812595632,-0.21551287812602293,4.468387204543545,-4.144402026697902,0.05690013574422004,0.05688530201979347,-0.16728851306747616,-0.16741691695494332
2016-03-01,yi_ufe,0.403741605372554,0.4037416053726206,3.0177991593060893,3.017799159306356,-2.4081371454206857,-2.4081371454205747,3.8021242302764824,-0.6252050521243668,3.0242982020239673,2.983169838090882,-2.3842283449674095,-2.4106864115564175
2016-04-01,yi_ufe,0.5175777361946077,0.5175777361945855,2.9033885515174607,2.903388551517372,-0.9985195449435103,-0.9985195449434436,2.8726265178062205,1.9822786587395225,2.9095522964436515,2.8714584010953725,-0.9700115206948468,-0.9743509981642751
2016-05-01,yi_ufe,1.481364122469997,1.4813641224699747,10.030435756690936,10.030435756690936,4.920556810398624,4.920556810398535,3.2480354624219165,5.2791026836091826,10.04558708363501,9.610733856148723,4.942353519415965,4.833809579084258
2016-06-01,yi_ufe,0.4137231177549605,0.4137231177549605,10.07419643432974,10.07419643432954,6.487564818122249,6.487564818122293,3.4126537503014642,7.629251408760007,10.089182761055572,9.650659905678083,6.5030530289645005,6.3169148718844825
2016-07-01,yi_ufe,0.20989621798110925,0.20989621798115365,8.732635639036769,8.732635639036857,5.777864666452648,5.777864666452648,3.9598370902052427,9.609013772751762,8.752591748194604,8.419933832824356,5.794100224119725,5.645696116959864
2016-08-01,yi_ufe,0.07757650983282183,0.07757650983284403,2.839948189572006,2.8399481895722722,6.37445328881423,6.3744532888143635,3.0267939144671185,7.154089754825832,2.841121993114637,2.804783382275833,6.3874645960447785,6.207758619212278
2016-09-01,yi_ufe,0.2945622262702896,0.2945622262702674,2.3526560876570457,2.3526560876572233,6.14323516724069,6.143235167240646,1.777777777777767,4.588964126992678,2.3531439230009665,2.3281398163370604,6.156583785110437,5.989399861007572
2016-10-01,yi_ufe,0.8385825250222245,0.8385825250221801,4.945445795948755,4.945445795948555,6.822258540564352,6.822258540564308,2.8375502482856474,3.376605490969453,4.951839708969152,4.842885044501166,6.836723562781288,6.631409438662761
2016-11-01,yi_ufe,2.000459875833527,2.0004598758335934,13.246554197416248,13.246554197416248,7.917884367281047,7.917884367281203,6.408667492903697,6.778205586366881,13.280184920666137,12.534418508504164,7.945032569633614,7.669600945389998
2016-12-01,yi_ufe,2.979410880673261,2.9794108806731723,25.868501023352408,25.868501023352096,13.503195538769308,13.503195538769264,9.939432834623553,14.460209498219957,25.92419785545097,23.273813126115783,13.579382414258646,12.800976471226422
2017-01-01,yi_ufe,3.9767959429384714,3.976795942938538,42.283930296338276,42.28393029633863,22.19676957493155,22.19676957493162,13.691307296445544,26.77336307598319,42.336339970687156,35.826666797781215,22.341245646549247,20.33477592114119
2017-02-01,yi_ufe,1.2632022176216617,1.2632022176216395,38.21461274594851,38.21461274594837,25.109266775922535,25.10926677592249,15.362168212344084,35.364384269953476,38.31355516710511,32.8776361649334,25.22460897941803,22.70602733671878
2017-03-01,yi_ufe,1.036071935964511,1.036071935964511,28.07317115818144,28.073171158181754,26.966050875765823,26.966050875765823,16.088704861249358,35.97017224393368,28.20404690287466,25.104280386098754,27.05943511276527,24.189046756107267
2017-04-01,yi_ufe,0.7579395020234747,0.7579395020234969,12.935258834452434,12.935258834452434,26.76305651095725,26.76305651095745,16.36630094664713,25.78971769354659,12.938094202406635,12.22885462243859,26.858700716018813,24.027760710109902
2017-05-01,yi_ufe,0.5173763572619894,0.5173763572619228,9.64466417487062,9.644664174870531,23.103593767969777,23.103593767969578,15.26091877756528,16.51055793249496,9.647573942035258,9.245551180999723,23.218496524625042,21.06159367296656
2017-06-01,yi_ufe,0.07111171311502407,0.07111171311502407,5.515578875958327,5.515578875958149,16.248504477413395,16.24850447741344,14.867648773661912,9.305316937666074,5.520662990819103,5.385710289601775,16.356632062006106,15.244995337850265
2017-07-01,yi_ufe,0.720763400108293,0.7207634001083374,5.359939033180794,5.359939033180794,9.08185910358512,9.08185910358512,15.45324075869825,6.813070702225943,5.364556160664002,5.237005881941137,9.09109366107419,8.732930252189863
2017-08-01,yi_ufe,0.849991600873512,0.8499916008734898,6.761434030170488,6.761434030170688,8.193445185305226,8.193445185305226,16.34432773923491,5.880024221747782,6.768804642021986,6.567466856387405,8.19941333061831,7.906509018693564
2017-09-01,yi_ufe,0.239856086348178,0.2398560863481336,7.483361057597904,7.483361057597904,6.494925050567946,6.49492505056779,16.280867179348448,6.53441852226313,7.487756786419841,7.242444349319843,6.500046813107407,6.314077319460809
2017-10-01,yi_ufe,1.7082087072117114,1.708208707211778,11.760728911870011,11.760728911869922,8.513149361994232,8.513149361994188,17.283666743312654,8.659660714663243,11.784590839042508,11.192225577733605,8.53106589247037,8.214615729837371
2017-11-01,yi_ufe,2.016076329891514,2.0160763298914697,17.020035104464924,17.020035104464725,11.773103911511583,11.773103911511583,17.30162308385932,12.062162560323731,17.061254616797793,15.856564493805525,11.806510663547808,11.212015675096465
2017-12-01,yi_ufe,1.3676691970148314,1.367669197014898,22.376021141743085,22.376021141743397,14.68821240724878,14.68821240724887,15.465722937721193,17.01129089144753,22.38100077992351,20.367816936472583,14.71300959499513,13.805130642896213
2018-01-01,yi_ufe,0.9858442871587547,0.9858442871586881,18.9362686518598,18.9362686518596,15.292688747334871,15.292688747334715,12.1442857644128,19.42787753819033,18.948796309773684,17.478359256260223,15.315703668713665,14.335292416996914
2018-02-01,yi_ufe,2.6814768460575733,2.6814768460575955,22.069810698154456,22.069810698154548,19.518256066148453,19.51825606614841,13.71495893828616,21.119208475729078,22.107084210024208,20.139961320924726,19.559770955780454,17.998262907365124
2018-03-01,yi_ufe,1.5357893774567977,1.5357893774568199,22.881647861327092,22.881647861327092,22.628573899438265,22.628573899438422,14.277385280197553,21.309799967693156,22.917129323273855,20.812442042692414,22.648796519874747,20.590129489582498
2018-04-01,yi_ufe,2.6019627262086953,2.601962726208673,30.938601646560592,30.938601646560592,24.79322378372224,24.79322378372215,16.368834882058604,25.28218113931382,30.9591458237928,27.276915798892354,24.821616332001064,22.37763752757629
2018-05-01,yi_ufe,3.793728793728812,3.7937287937288566,36.70478936059403,36.704789360594134,29.18021426975106,29.18021426975117,20.161863804138026,30.163467915086727,36.77100259476913,31.7259235895774,29.248535457792556,25.932942455251062
2018-06-01,yi_ufe,3.0294490629843684,3.0294490629843684,44.928114427326534,44.92811442732665,33.450385995188704,33.450385995188704,23.714131023281016,37.529914024453404,44.94795968221621,37.70056233168759,33.51658558139761,29.25650218719
2018-07-01,yi_ufe,1.7669584245076475,1.766958424507603,40.2675288044682,40.2675288044682,35.52281755511035,35.52281755511035,24.999160087350923,40.62019453247465,40.32318262829602,34.360545124883316,35.56706928033648,30.81873046188783
2018-08-01,yi_ufe,6.60108584636887,6.60108584636887,56.069918122639926,56.069918122639685,46.06678363844618,46.06678363844612,32.127390232527155,47.10701971195073,56.43224962854947,45.58997333544337,46.29914019796644,38.65794846251038
2018-09-01,yi_ufe,10.881952498613279,10.881952498613323,109.37130091478818,109.37130091478818,74.19468377874404,74.19468377874414,46.154868727151886,67.45238410483853,110.91902828841201,76.99998707795919,75.10575491540735,57.35027470482339
2018-10-01,yi_ufe,0.909545681931867,0.9095456819318004,102.40394658922027,102.40394658922014,68.49540470986592,68.49540470986581,45.007188602797,88.53086869044738,104.22093816860763,73.57033610765598,69.5320669759847,53.965440616269646
2018-11-01,yi_ufe,-2.5305331470548365,-2.530533147054803,41.46429013025992,41.464290130260025,48.58775244920777,48.587752449207656,38.54456936036643,81.25402429619986,44.02776595833191,37.04386013396128,50.1125960300629,41.316916734702325
2018-12-01,yi_ufe,-2.2217084730088987,-2.221708473008943,-14.45923220985672,-14.459232209856998,33.82743303774496,33.82743303774476,33.63877654196157,33.61909428724643,-14.332849867951536,-15.370783752527784,35.56161224076335,30.8146016627157
2019-01-01,yi_ufe,0.4539651014328294,0.4539651014328516,-15.993580293372888,-15.993580293372855,30.396437403219643,30.3964374032196,32.93491864831037,0.053128111804090494,-15.900926189431551,-17.19310607452358,32.13134465205834,28.1886150165662
2019-02-01,yi_ufe,0.09414866073529371,0.09414866073531591,-6.572898808394467,-6.572898808394512,14.963466149026816,14.963466149026816,29.585275924063748,-12.455929735857707,-6.492750109394462,-6.694378843363102,16.27593721540459,15.174740645299089
2019-03-01,yi_ufe,1.5802097540328353,1.5802097540328575,8.827716523424488,8.827716523424666,-3.5157710904948125,-3.515771090494879,29.641967527985358,-5.1821818131122965,8.853458828920058,8.5132940648041,-3.3753717556462615,-3.4287448438618418
2019-04-01,yi_ufe,2.979304597435073,2.979304597435073,20.19073763468109,20.190737634681287,0.48280226281574024,0.48280226281578464,30.118755118755125,6.966846115016856,20.28785881605586,18.614652048812985,0.713093056809555,0.7107729871447033
2019-05-01,yi_ufe,2.6728110599078203,2.6728110599078203,33.06322676726536,33.063226767265476,11.497585409132771,11.497585409132771,28.713540932788504,20.411447577571472,33.09073988249831,28.929301645503003,11.701816403234734,11.11746140106995
2019-06-01,yi_ufe,0.09195603625695714,0.09195603625693494,25.434884911865986,25.434884911865872,16.83660426996727,16.83660426996727,25.0437636761488,26.14517036503281,25.557159613253667,22.976286774399313,16.932182158050434,15.744790419601706
2019-07-01,yi_ufe,-0.9909003412372108,-0.9909003412371553,7.181285518863589,7.181285518863678,13.499769899086523,13.499769899086612,21.65510939095845,21.31448735046031,7.330827024072639,7.0954670197104,13.640176175136954,12.855059534261693
2019-08-01,yi_ufe,-0.5898857786713285,-0.5898857786713729,-5.806823667677086,-5.806823667677163,11.953776096373335,11.953776096373335,13.44864101659018,8.086885219849549,-5.795427799246711,-5.955320334606373,12.111485281855373,11.486990655448315
2019-09-01,yi_ufe,0.13112276646813914,0.13112276646811694,-5.659303132509308,-5.659303132509352,8.782417945543596,8.782417945543553,2.44895174860158,-1.6413178954220897,-5.646997219029126,-5.798653413761645,8.935116754841088,8.588816680318834
2019-10-01,yi_ufe,0.16868272111862925,0.16868272111869587,-1.1614227650620257,-1.1614227650620257,2.9254378999484354,2.92543789994848,1.6967866961106859,-4.236769460659485,-1.1541702613100502,-1.1603211643382405,3.0082705845722257,2.9675729276860796
2019-11-01,yi_ufe,-0.07533624338037503,-0.07533624338044165,0.9008851695959885,0.9008851695959885,-2.5106422789275773,-2.510642278927644,4.258467229222052,-2.020181181739622,0.901581213799596,0.8978769768254846,-2.499618751442989,-2.5287216788904443
2019-12-01,yi_ufe,0.6896245870013473,0.6896245870013917,3.1709712509064847,3.1709712509066623,-1.3429104204550124,-1.342910420454968,7.3627464888636585,0.9552631526021482,3.1772342098273176,3.131884258958584,-1.3252659094076025,-1.3333845774015307
2020-01-01,yi_ufe,1.836680761099374,1.8366807610993519,10.216498852994803,10.216498852994604,4.3726110358756065,4.372611035875518,8.840559243044765,4.711832436871055,10.256628488700859,9.803876418881208,4.408420111391176,4.321777627271484
2020-02-01,yi_ufe,0.48008304139093294,0.48008304139093294,12.687506765451317,12.687506765451406,6.63146430668986,6.631464306689905,9.260217278841187,8.637036803843866,12.71101561516006,12.025553557966706,6.656563630135048,6.461715267396095
2020-03-01,yi_ufe,0.8716425619834656,0.8716425619834656,13.504545714679894,13.504545714679782,8.214482500155395,8.214482500155441,8.498078614750671,12.132279661351465,13.526180503239527,12.753625457895001,8.238380842207182,7.942754858426793
2020-04-01,yi_ufe,1.2801638609742039,1.2801638609742705,11.043692225083547,11.043692225083745,10.629322409378528,10.629322409378572,6.707879060357413,12.399418705554321,11.05067828877495,10.527557857394676,10.653000479811435,10.165717138137943
2020-05-01,yi_ufe,1.5441656660136083,1.5441656660135195,15.822745345002298,15.82274534500221,14.244371413466572,14.244371413466572,5.534877610894595,13.447832977118757,15.827938381842488,14.783888355885022,14.259734643308697,13.404720956925864
2020-06-01,yi_ufe,0.694991909049425,0.694991909049425,15.013539516810702,15.013539516810614,14.256551470333534,14.25655147033349,6.170706098521306,13.95329009928723,15.022037052062377,14.07728574414886,14.271865111364646,13.41545560102193
2020-07-01,yi_ufe,1.0219008179326972,1.0219008179327194,13.844887240762404,13.844887240762006,12.435566526622477,12.435566526622477,8.329098822437754,14.884424913375028,13.853057895121545,13.044233571982655,12.443865586956115,11.785895714688666
2020-08-01,yi_ufe,2.3494381335019243,2.3494381335019687,17.49935440746484,17.49935440746504,16.6580378873997,16.658037887399747,11.532136189883557,15.457387712997495,17.534386850868167,16.265323441936452,16.67830296557382,15.524605898910737
2020-09-01,yi_ufe,2.646209026601576,2.646209026601576,26.874882440965962,26.874882440966164,20.7987140052192,20.79871400521929,14.333592276106977,19.358377550017302,26.91148180863554,24.070191912145056,20.832777237163857,19.073738828146958
2020-10-01,yi_ufe,3.5544425678954994,3.554442567895477,40.08397286598204,40.083972865982155,26.28477380573535,26.284773805735195,18.19813432009041,27.96788690242056,40.10481723073038,34.20035891199609,26.355348538458333,23.62229624198937
2020-11-01,yi_ufe,4.075434913017384,4.075434913017362,49.77507173248288,49.775071732482765,32.659241045991536,32.659241045991585,23.107967270550134,38.7963139392806,49.80441200792245,41.10434603005766,32.77338355391548,28.684834735997057
2020-12-01,yi_ufe,2.3577938686552224,2.3577938686552447,48.098802216216654,48.09880221621654,37.07668700705584,37.07668700705595,25.147551092318544,46.003876109614716,48.14193171486507,39.950685398272334,37.15059567052765,32.010438655208695
2021-01-01,yi_ufe,2.658947331374173,2.6589473313741285,43.04208503942311,43.04208503942286,41.555302123784934,41.555302123784934,26.158038147138953,46.880324158683486,43.08730006541792,36.36870445218694,41.58886020599195,35.28453168209151
2021-02-01,yi_ufe,1.223902087832962,1.2239020878330509,27.998003058911515,27.998003058911824,38.45905564376435,38.45905564376444,27.09194214876034,39.256490590680436,28.026208448824107,24.962573151449696,38.52347848595248,33.03345959075368
2021-03-01,yi_ufe,4.133644923118607,4.133644923118607,37.114633274870414,37.114633274870656,42.50092264376435,42.50092264376442,31.201860504811265,35.86311623279536,37.2248066319486,32.06597736930314,42.58762169580748,36.00833138378774
2021-04-01,yi_ufe,4.341957621192671,4.341957621192627,46.32970660000198,46.32970660000222,44.676557656281425,44.676557656281425,35.16821504560872,37.145560242455076,46.49778952011256,38.79801852857714,44.783339786640795,37.58336149038204
2021-05-01,yi_ufe,3.9212630332122744,3.9212630332122744,62.561563507771226,62.56156350777098,44.24824263445688,44.24824263445688,38.332434338824115,48.54948940391712,62.56421691875549,49.58746231009403,44.35105943086728,37.275017730771864
2021-06-01,yi_ufe,4.011757824802409,4.011757824802453,61.80179384445441,61.80179384445441,48.947620411333006,48.94762041133311,42.88893009456702,56.87195341747859,61.804720862013276,49.09991391682942,49.050942526894616,40.58294564306628
2021-07-01,yi_ufe,2.4612855783372245,2.4612855783372023,50.4480671913111,50.4480671913111,48.37459867053364,48.37459867053375,44.92484653192748,58.02552535778438,50.49078240080285,41.57722574540772,48.48198245507413,40.18762213699243
2021-08-01,yi_ufe,2.7680443562573043,2.7680443562573487,43.8802936719799,43.88029367198036,52.93595227177408,52.93595227177408,45.517584935737766,51.668146159980964,43.916719254795055,36.96435103758802,52.980211980955175,43.27590667384103
2021-09-01,yi_ufe,1.5473517007175364,1.5473517007174697,30.721185560775744,30.72118556077543,45.43356667979819,45.433566679798034,43.95977714363366,41.24450053809659,30.741387156613232,27.106726541248083,45.51498082518661,38.10332022903875
2021-10-01,yi_ufe,5.241511367620477,5.241511367620477,45.497349099096596,45.49734909909646,47.952002194693264,47.95200219469322,46.305113977204556,39.908014718898556,45.69039961708261,38.22762969838118,48.07276004143253,39.902427721894455
2021-11-01,yi_ufe,9.991671471586884,9.991671471586884,90.92461319072723,90.92461319072665,65.74163452521822,65.74163452521815,54.62192442090854,54.70910981377026,92.15283263849608,67.12213815969932,66.43972875190889,52.04324459864367
2021-12-01,yi_ufe,19.083676013186878,19.083676013186878,261.0741873269177,261.07418732691747,117.25571532820096,117.2557153282007,79.88808136977141,121.04018392936248,266.8126252152857,137.26743540957696,121.43272675206109,82.18708097541251
2022-01-01,yi_ufe,10.445585717779405,10.445585717779405,337.96720113013396,337.9672011301337,152.434282055321,152.43428205532078,93.5325173986081,218.84965014495793,341.5131208053692,158.08373281021267,156.88952008574972,98.15568125429692
2022-02-01,yi_ufe,7.2247858781431695,7.224785878143192,295.53337164921936,295.5333716492196,174.80366807259207,174.80366807259165,105.00575763733657,297.8187764168733,300.2200449579335,147.0161904364379,178.87390428712143,107.06916429806861
2022-03-01,yi_ufe,9.193788204196274,9.193788204196295,179.61852047600394,179.61852047600394,217.74680178158872,217.74680178158857,114.9675572829428,258.414873125893,179.86757467929402,107.45663920047556,220.64872867400993,122.36203730502626
2022-04-01,yi_ufe,7.668507451395712,7.66850745139569,152.53830049983463,152.53830049983463,232.57103398833956,232.57103398833942,121.82098717329302,198.41835018966285,152.63038413811302,96.3483261349407,235.06145214960947,127.21602947257668
2022-05-01,yi_ufe,8.764324407877645,8.764324407877645,167.357498489724,167.35749848972384,225.19042546382204,225.19042546382204,132.15855066812642,165.9423854020161,167.4137656527244,102.50648025387852,227.7002543308679,124.76133534515822
2022-06-01,yi_ufe,6.76610616210489,6.7661061621049345,144.362327471629,144.36232747162916,161.3966955944349,161.39669559443507,138.30637021657006,154.35025950767414,144.44662438592917,92.79575208551307,161.60807959103295,100.12619564299433
2022-07-01,yi_ufe,5.170775979428233,5.17077597942821,122.46402740185624,122.46402740185643,137.02465568462162,137.0246556846217,144.60815355821057,143.0084765345339,122.71633408484828,82.80482619764315,137.24151004692735,89.57657616629193
2022-08-01,yi_ufe,2.4070739438847966,2.407073943884841,74.83716600670253,74.83716600670296,116.20367098313706,116.20367098313733,143.74897299665884,110.46753785112374,75.14845794172524,57.375824341671944,116.82286497324567,79.94115229777523
2022-09-01,yi_ufe,4.777393893429949,4.7773938934299265,62.16999781831729,62.16999781831729,99.06842570571814,99.06842570571821,151.50219800965505,83.70792585196023,62.30449908983504,49.42097526697191,99.53356553941131,71.10836367624249
2022-10-01,yi_ufe,7.830185138518786,7.830185138518808,79.20561007706064,79.20561007706092,99.66672669914134,99.66672669914152,157.68851303735025,72.01842853681855,79.68590449887867,60.0586119033343,100.1435270677121,71.43171905048872
2022-11-01,yi_ufe,0.7433631838816845,0.7433631838816623,67.8408044644635,67.84080446446323,71.30327081772812,71.30327081772816,136.0215742693056,69.7397698622374,68.62307406427223,53.40376886332159,71.85737807466165,55.389796602496766
2022-12-01,yi_ufe,-0.24135276000947226,-0.24135276000942785,37.92067985435257,37.92067985435279,49.55466007811729,49.554660078117394,97.71973587674248,60.40625859993052,38.92213486573068,33.32878224956417,50.19672988415649,41.374878758268046
2023-01-01,yi_ufe,4.154978008005195,4.15497800800515,20.057172789759157,20.057172789759072,46.679647170000614,46.679647170000614,86.4582872022887,39.98097673483596,20.3036156577185,18.62795372750954,47.273447927700495,39.34328281542192
2023-02-01,yi_ufe,1.5613940916885616,1.5613940916885394,24.004357375720332,24.004357375720218,44.267082520718205,44.26708252071805,76.6099454815794,26.891579688304002,24.237686353035247,21.900077358737047,44.87962038536097,37.65192311102931
2023-03-01,yi_ufe,0.439655011131701,0.43965501113172323,27.425278089816118,27.42527808981592,32.569155480365744,32.569155480365744,62.45101747484681,23.80789981754836,27.602359785757713,24.62410844330165,33.152019704125244,28.97644534643291
2023-04-01,yi_ufe,0.8149238162649564,0.8149238162649564,11.84968592076876,11.84968592076876,15.880788179361428,15.88078817936136,52.1102812537326,20.826563934496754,11.863988044175567,11.263891676340876,16.013471422206216,14.945922701925207
2023-05-01,yi_ufe,0.6503644442802159,0.6503644442802159,7.890091511079778,7.890091511079889,15.666941971503245,15.66694197150329,40.762656571985964,15.301660335447199,7.891599583410902,7.619773086707582,15.80052314309157,14.759925222722314
2023-06-01,yi_ufe,6.50292333250726,6.50292333250726,36.397630742770914,36.397630742770914,31.835147165653964,31.835147165653854,40.415670851610926,18.28701590115218,36.96690297499492,31.87284637220973,32.20864697054082,28.24847740775569
2023-07-01,yi_ufe,8.231497121582976,8.231497121582997,81.18497697603652,81.18497697603682,42.35688521575413,42.35688521575429,44.502102737874026,39.60124853403582,82.23584187281689,61.53913959348189,43.1328743235654,36.401515634911384
2023-08-01,yi_ufe,5.886334229123125,5.88633422912308,121.93225783134957,121.93225783134957,54.73943132467836,54.73943132467846,49.411533383893705,77.4409365270839,122.0468045846518,82.48301873285335,55.622505083541476,45.05139590978047
2023-09-01,yi_ufe,3.3982553767483825,3.3982553767483603,97.16379150502176,97.1637915050216,63.98985953267547,63.989859532675354,47.44489542059633,99.5607912924697,97.57579779184182,70.06434690981776,64.73350504310697,50.96859664101374
2023-10-01,yi_ufe,1.9385595531603794,1.9385595531604238,55.155247151300976,55.15524715130087,67.66573854792077,67.66573854792082,39.38880132065057,88.2515315631413,55.384486838998235,44.89259663612746,68.3199798055139,53.21586811480468
2023-11-01,yi_ufe,2.8091991909506397,2.8091991909506397,37.89061842092873,37.89061842092873,74.93534885756449,74.93534885756449,42.24709784411278,60.69297269519123,37.91884046927687,32.58405648343769,75.41226736989046,57.53353760814552
2023-12-01,yi_ufe,1.1443283229934265,1.144328322993493,26.254833637296503,26.254833637296926,57.774781558286904,57.77478155828706,44.22295776250624,38.95432782351087,26.288514558862452,23.568348268418227,58.290518607812515,46.816347589117996
2024-01-01,yi_ufe,4.1361637312951505,4.136163731295217,37.49925426360499,37.49925426360554,46.06070922184793,46.06070922184815,44.19690571307782,33.77787470610247,37.61663900529677,32.3587649809574,46.25341276800885,38.62568080854243
2024-02-01,yi_ufe,3.7370000560023042,3.73700005600226,42.530292304344975,42.53029230434531,40.19126274330318,40.19126274330338,47.28583188340725,35.4230696436104,42.67297153136307,36.06996844116388,40.277445194760396,34.327012462300786
2024-03-01,yi_ufe,3.294982899496035,3.294982899496035,55.04506569337173,55.045065693371996,39.91136113768734,39.91136113768765,51.47291658905486,44.99291773030127,55.055273726865984,44.672586747174044,39.9960259504931,34.120467507796135
2024-04-01,yi_ufe,3.602753328680919,3.6027533286808078,51.892678246863746,51.892678246863014,44.51688478183251,44.51688478183251,55.661588773822835,49.80771935198278,51.895589939331785,42.538945136716414,44.59462373760559,37.448855058836905
2024-05-01,yi_ufe,1.9578751209206047,1.957875120920649,41.737642517591645,41.737642517591425,42.13341485576532,42.13341485576536,57.68372938293362,49.30548372107213,41.77866950232021,35.42244539638997,42.22517618063748,35.74620691877693
2024-06-01,yi_ufe,1.3763256848158933,1.3763256848158711,31.496586299777917,31.496586299777473,42.78619282445768,42.7861928244575,50.093505463821586,41.29066066973779,31.563401298493797,27.747816537669312,42.867329233089,36.21020164242168
2024-07-01,yi_ufe,1.9415775497021448,1.9415775497021004,23.263555154262438,23.263555154262328,36.831398160696004,36.83139816069565,41.370757440031845,31.79634933147415,23.26878350048045,21.103113421754482,36.89778299996931,31.821029279235447
2024-08-01,yi_ufe,1.679302032172303,1.679302032172325,21.921925135160226,21.921925135160024,31.45693682671866,31.45693682671846,35.753872762821494,25.415527672805194,21.925701141768528,19.988821066761187,31.509168037934355,27.705633231575575
2024-09-01,yi_ufe,1.3662889730259753,1.3662889730259753,21.87364903123974,21.87364903123963,26.593715513469608,26.593715513469295,33.08605880770041,22.343743087636646,21.877562536956784,19.948674219601603,26.635620272661264,23.848245378635458
2024-10-01,yi_ufe,1.291313281454931,1.291313281454931,18.793648869310807,18.793648869310896,21.007964570016547,21.007964570016547,32.241045343150375,20.838189929738384,18.795603266558626,17.347617146612926,21.013248528674765,19.225365284183702
2024-11-01,yi_ufe,0.6563081654123115,0.6563081654124225,14.084590181917523,14.08459018191801,17.93817390156245,17.938173901562603,29.471832452013146,18.1715370203966,14.091392593810292,13.255641679573316,17.94893512986082,16.62223137316725
2024-12-01,yi_ufe,0.40440260168355113,0.4044026016833957,9.81554559230755,9.815545592307462,15.687602022390411,15.687602022390323,28.524675645450117,14.141929025148304,9.82456874915918,9.408096194202997,15.707281101459824,14.6783852069023
2025-01-01,yi_ufe,3.064443803849981,3.064443803850092,17.709217141652168,17.709217141652477,18.25018989332272,18.250189893322922,27.201960739098485,13.850789628883419,17.807531326180047,16.50061828378364,18.300621690795204,16.924117715198285
2025-02-01,yi_ufe,2.1153333177946543,2.1153333177945655,24.68388289652492,24.683882896524413,19.266548883332103,19.266548883332103,25.213478436216864,17.333083247678815,24.77148527921871,22.336718893312213,19.321948778406938,17.796180286442763
2025-03-01,yi_ufe,1.884093623906602,1.8840936239065798,32.19798566087948,32.19798566087937,20.488148469272804,20.488148469272716,23.50320801527306,24.784085294132986,32.21769621351065,28.25548298220495,20.54531137609994,18.83178958820397
2025-04-01,yi_ufe,2.760311652104641,2.7603116521046855,30.644470508357458,30.644470508357124,24.008299510252208,24.008299510252208,22.498946581285328,29.16586051202794,30.654764510454303,27.038954375223323,24.07881019055351,21.769786329503482
2025-05-01,yi_ufe,2.4829283535883873,2.4829283535883873,32.53582989203196,32.535829892032076,28.549919851596428,28.54991985159616,23.129780323403047,31.792042342778505,32.54598469652981,28.50933451839861,28.604892082263444,25.423026705855413
2025-06-01,yi_ufe,2.464137055657578,2.464137055657556,35.579898377456345,35.57989837745645,33.878263589002636,33.878263589002636,24.451015574535262,32.94084149243621,35.581315240616476,30.829508245402515,33.88982353696343,29.542495613803734
2025-07-01,yi_ufe,1.7252833949258806,1.7252833949258806,30.199491125356293,30.19949112535607,30.421791041718826,30.421791041718514,24.186962105168284,32.73577970436057,30.208812141773112,26.689395216687295,30.43161361711386,26.864174795955307
2025-08-01,yi_ufe,2.4754350039571715,2.475435003957238,30.16141558144092,30.16141558144103,31.343257284140513,31.343257284140623,25.159326521737935,31.914931644254054,30.170638408323324,26.6594218181627,31.353389719811297,27.584378168280654
2025-09-01,yi_ufe,2.522743417078077,2.5227434170781438,30.45946461210263,30.459464612103183,32.99504108983247,32.995041089832824,26.587227856955508,30.27553083870327,30.469473482703503,26.89384726384505,33.00288398741653,28.861677754623784
2025-10-01,yi_ufe,1.6255512218075419,1.625551221807453,29.948603050118415,29.94860305011853,30.073986598306224,30.073986598306178,27.004936473254016,30.188537947003958,29.961311793073442,26.49491857137134,30.08500801067693,26.592156894029316
2025-11-01,yi_ufe,0.8374750435410583,0.8374750435410361,21.837332731503256,21.837332731503032,25.930614621701476,25.930614621701388,27.23352709283038,27.30507783033076,21.87085457475515,19.94307872970653,25.958094702136904,23.301250273934613
2025-12-01,yi_ufe,0.7458458220206632,0.745845822020641,13.607786003315848,13.607786003315248,21.742395810822224,21.74239581082218,27.666207573961966,21.526196503133164,13.618173128763589,12.83548834947652,21.77688990743547,19.864667806660787
2026-01-01,yi_ufe,2.665459624004818,2.6654596240048622,18.329727000267624,18.329727000267717,24.00315610091004,24.00315610091015,27.171984782445424,17.85899036381995,18.38347854698641,16.995121958266157,24.048631661354513,21.74502026481875
2026-02-01,yi_ufe,2.4280474816364084,2.4280474816365194,25.97419424052849,25.974194240529137,23.8884975260669,23.8884975260671,27.561431495228273,19.27187120750986,26.027504660243793,23.35741171064809,23.93320626912301,21.65024522017731
2026-03-01,yi_ufe,2.2983203969970667,2.2983203969969113,33.92048472703175,33.92048472703175,23.34670555117775,23.34670555117746,28.080053767455748,25.995202868489553,33.92225280906478,29.56731001055317,23.387898067798552,21.201399180014846
2026-04-01,yi_ufe,3.1698462303901165,3.169846230390272,36.57170220694515,36.57170220694581,27.12392472744729,27.12392472744758,28.590496076973217,32.1515917843912,36.583151577156656,31.58485643609481,27.18521478153488,24.289989197180482
2026-05-01,yi_ufe,2.7525873793906364,2.752587379390614,38.31083778452382,38.31083778452382,31.998470993560456,31.99847099356081,28.928850849388652,36.29559643064297,38.32079798538217,32.88301602711119,32.04306666985974,28.120213868879638
2026-06-01,yi_ufe,1.7955552948164755,1.7955552948164533,35.61179429460877,35.61179429460945,34.76348625141947,34.76348625141983,28.08758598734933,36.82070654982428,35.63743507542934,30.871955618389357,34.77734289695788,30.219632814471264
2026-07-01,yi_ufe,1.5239927096165395,1.5239927096164951,27.163094005833276,27.163094005832946,31.783459532213044,31.7834595322132,27.83413043428964,33.527386377138924,27.183410111149755,24.28854153529425,31.806490843364664,27.93669898569453
2026-08-01,yi_ufe,2.565130544921712,2.5651305449217343,26.237669595423398,26.237669595423284,32.13643646515112,32.13643646515108,27.9460221426058,29.528300899268146,26.25181588811687,23.53871419741873,32.16007210949283,28.210865112264962
