dt,MK.F.BILESIK,MK.F.MALI
1990-01-01,,
1990-01-02,0.2218,
1990-01-03,0.2425,
1990-01-04,0.2468,
1990-01-05,0.2454,
1990-01-08,0.2543,
1990-01-09,0.274,
1990-01-10,0.2909,
1990-01-11,0.2821,
1990-01-12,0.2975,
1990-01-15,0.3131,
1990-01-16,0.331,
1990-01-17,0.3309,
1990-01-18,0.3261,
1990-01-19,0.3394,
1990-01-22,0.3599,
1990-01-23,0.3771,
1990-01-24,0.3811,
1990-01-25,0.3595,
1990-01-26,0.3294,
1990-01-29,0.3362,
1990-01-30,0.347,
1990-01-31,0.3641,
1990-02-01,0.3762,
1990-02-02,0.3856,
1990-02-05,0.4026,
1990-02-06,0.4079,
1990-02-07,0.3998,
1990-02-08,0.4086,
1990-02-09,0.4194,
1990-02-12,0.4125,
1990-02-13,0.4046,
1990-02-14,0.4039,
1990-02-15,0.3984,
1990-02-16,0.3926,
1990-02-19,0.3797,
1990-02-20,0.3619,
1990-02-21,0.3709,
1990-02-22,0.3624,
1990-02-23,0.3389,
1990-02-26,0.318,
1990-02-27,0.3247,
1990-02-28,0.3516,
1990-03-01,0.3749,
1990-03-02,0.3761,
1990-03-05,0.3484,
1990-03-06,0.3379,
1990-03-07,0.3408,
1990-03-08,0.3286,
1990-03-09,0.3414,
1990-03-12,0.3483,
1990-03-13,0.3461,
1990-03-14,0.3439,
1990-03-15,0.3422,
1990-03-16,0.3409,
1990-03-19,0.3474,
1990-03-20,0.3542,
1990-03-21,0.3583,
1990-03-22,0.3632,
1990-03-23,0.3569,
1990-03-26,0.3547,
1990-03-27,0.3587,
1990-03-28,0.3555,
1990-03-29,0.3337,
1990-03-30,0.3294,
1990-04-02,0.3427,
1990-04-03,0.347,
1990-04-04,0.3376,
1990-04-05,0.3326,
1990-04-06,0.3352,
1990-04-09,0.3354,
1990-04-10,0.3343,
1990-04-11,0.3287,
1990-04-12,0.3222,
1990-04-13,0.3265,
1990-04-16,0.3249,
1990-04-17,0.3245,
1990-04-18,0.3272,
1990-04-19,0.3306,
1990-04-20,0.3288,
1990-04-23,,
1990-04-24,,
1990-04-25,,
1990-04-26,,
1990-04-27,,
1990-04-30,0.3308,
1990-05-01,0.3299,
1990-05-02,0.3448,
1990-05-03,0.3553,
1990-05-04,0.3756,
1990-05-07,0.3971,
1990-05-08,0.4052,
1990-05-09,0.3881,
1990-05-10,0.399,
1990-05-11,0.3958,
1990-05-14,0.4016,
1990-05-15,0.3977,
1990-05-16,0.392,
1990-05-17,0.3954,
1990-05-18,0.3997,
1990-05-21,0.3954,
1990-05-22,0.4021,
1990-05-23,0.3998,
1990-05-24,0.3954,
1990-05-25,0.3912,
1990-05-28,0.3925,
1990-05-29,0.3931,
1990-05-30,0.3847,
1990-05-31,0.3852,
1990-06-01,0.3971,
1990-06-04,0.4071,
1990-06-05,0.4025,
1990-06-06,0.3949,
1990-06-07,0.3916,
1990-06-08,0.3926,
1990-06-11,0.3801,
1990-06-12,0.3725,
1990-06-13,0.371,
1990-06-14,0.3648,
1990-06-15,0.3602,
1990-06-18,0.3619,
1990-06-19,0.3756,
1990-06-20,0.3692,
1990-06-21,0.3639,
1990-06-22,0.3629,
1990-06-25,0.3599,
1990-06-26,0.3693,
1990-06-27,0.3888,
1990-06-28,0.4046,
1990-06-29,0.4133,
1990-07-02,,
1990-07-03,,
1990-07-04,,
1990-07-05,,
1990-07-06,,
1990-07-09,0.4117,
1990-07-10,0.418,
1990-07-11,0.4177,
1990-07-12,0.4299,
1990-07-13,0.4226,
1990-07-16,0.4344,
1990-07-17,0.4344,
1990-07-18,0.4403,
1990-07-19,0.432,
1990-07-20,0.4424,
1990-07-23,0.4594,
1990-07-24,0.4729,
1990-07-25,0.4866,
1990-07-26,0.4933,
1990-07-27,0.4987,
1990-07-30,0.5166,
1990-07-31,0.5384,
1990-08-01,0.5642,
1990-08-02,0.575,
1990-08-03,0.5615,
1990-08-06,0.5432,
1990-08-07,0.4983,
1990-08-08,0.455,
1990-08-09,0.4207,
1990-08-10,0.4427,
1990-08-13,0.4774,
1990-08-14,0.5046,
1990-08-15,0.5025,
1990-08-16,0.5103,
1990-08-17,0.5089,
1990-08-20,0.492,
1990-08-21,0.4719,
1990-08-22,0.46,
1990-08-23,0.4439,
1990-08-24,0.4325,
1990-08-27,0.4476,
1990-08-28,0.4868,
1990-08-29,0.4818,
1990-08-30,,
1990-08-31,0.4939,
1990-09-03,0.4973,
1990-09-04,0.4827,
1990-09-05,0.472,
1990-09-06,0.453,
1990-09-07,0.4673,
1990-09-10,0.4866,
1990-09-11,0.4822,
1990-09-12,0.4916,
1990-09-13,0.4995,
1990-09-14,0.5058,
1990-09-17,0.5007,
1990-09-18,0.5005,
1990-09-19,0.5069,
1990-09-20,0.5156,
1990-09-21,0.5115,
1990-09-24,0.506,
1990-09-25,0.4953,
1990-09-26,0.4931,
1990-09-27,0.5009,
1990-09-28,0.5085,
1990-10-01,0.5136,
1990-10-02,0.5324,
1990-10-03,0.5357,
1990-10-04,0.5501,
1990-10-05,0.531,
1990-10-08,0.5233,
1990-10-09,0.5107,
1990-10-10,0.5077,
1990-10-11,0.5051,
1990-10-12,0.5149,
1990-10-15,0.5264,
1990-10-16,0.5155,
1990-10-17,0.5007,
1990-10-18,0.5009,
1990-10-19,0.494,
1990-10-22,0.495,
1990-10-23,0.4983,
1990-10-24,0.4968,
1990-10-25,0.4957,
1990-10-26,0.4953,
1990-10-29,,
1990-10-30,0.4748,
1990-10-31,0.457,
1990-11-01,0.465,
1990-11-02,0.4596,
1990-11-05,0.467,
1990-11-06,0.459,
1990-11-07,0.4729,
1990-11-08,0.462,
1990-11-09,0.4615,
1990-11-12,0.422,
1990-11-13,0.428,
1990-11-14,0.421,
1990-11-15,0.429,
1990-11-16,0.4301,
1990-11-19,0.413,
1990-11-20,0.408,
1990-11-21,0.4093,
1990-11-22,0.401,
1990-11-23,0.411,
1990-11-26,0.391,
1990-11-27,0.384,
1990-11-28,0.3745,
1990-11-29,0.361,
1990-11-30,0.3623,
1990-12-03,0.3579,
1990-12-04,0.3459,
1990-12-05,0.3642,
1990-12-06,0.363,
1990-12-07,0.4023,
1990-12-10,0.4021,
1990-12-11,0.3772,
1990-12-12,0.3903,
1990-12-13,0.3842,
1990-12-14,0.3865,
1990-12-17,0.3407,
1990-12-18,0.3434,
1990-12-19,0.3455,
1990-12-20,0.3342,
1990-12-21,0.3336,
1990-12-24,0.304,
1990-12-25,0.2824,
1990-12-26,0.2952,
1990-12-27,0.3161,
1990-12-28,0.3256,
1990-12-31,,
1991-01-01,,
1991-01-02,0.3115,0.3099
1991-01-03,0.3231,0.3202
1991-01-04,0.3518,0.3474
1991-01-07,0.3292,0.3231
1991-01-08,0.3274,0.3169
1991-01-09,0.336,0.3237
1991-01-10,0.3018,0.2959
1991-01-11,0.3275,0.3162
1991-01-14,0.3368,0.3229
1991-01-15,0.3409,0.3224
1991-01-16,0.3362,0.3128
1991-01-17,0.3641,0.3364
1991-01-18,0.4002,0.3673
1991-01-21,0.4012,0.3657
1991-01-22,0.3711,0.3436
1991-01-23,0.3639,0.3406
1991-01-24,0.3705,0.346
1991-01-25,0.3817,0.3543
1991-01-28,0.4032,0.3721
1991-01-29,0.4007,0.3614
1991-01-30,0.4089,0.3709
1991-01-31,0.4213,0.3835
1991-02-01,0.4432,0.4074
1991-02-04,0.462,0.4222
1991-02-05,0.4972,0.4477
1991-02-06,0.4869,0.443
1991-02-07,0.4725,0.4239
1991-02-08,0.4768,0.4338
1991-02-11,0.4934,0.4513
1991-02-12,0.4866,0.4499
1991-02-13,0.4811,0.4453
1991-02-14,0.4928,0.4508
1991-02-15,0.4904,0.4473
1991-02-18,0.5245,0.4801
1991-02-19,0.5326,0.4891
1991-02-20,0.5277,0.4794
1991-02-21,0.5258,0.4772
1991-02-22,0.5399,0.4887
1991-02-25,0.5293,0.4779
1991-02-26,0.5434,0.4906
1991-02-27,0.5271,0.4748
1991-02-28,0.5103,0.4588
1991-03-01,0.5075,0.4567
1991-03-04,0.4739,0.4262
1991-03-05,0.4465,0.4034
1991-03-06,0.4691,0.4214
1991-03-07,0.4711,0.4213
1991-03-08,0.4689,0.4201
1991-03-11,0.4626,0.4146
1991-03-12,0.4728,0.4247
1991-03-13,0.4731,0.4237
1991-03-14,0.4762,0.431
1991-03-15,0.4731,0.4237
1991-03-18,0.469,0.4158
1991-03-19,0.4743,0.4175
1991-03-20,0.4701,0.4115
1991-03-21,0.4562,0.3963
1991-03-22,0.4625,0.4058
1991-03-25,0.4679,0.4103
1991-03-26,0.4576,0.3953
1991-03-27,0.4597,0.3925
1991-03-28,0.4534,0.398
1991-03-29,0.452,0.3926
1991-04-01,0.4314,0.3727
1991-04-02,0.4303,0.3706
1991-04-03,0.4396,0.3821
1991-04-04,0.4376,0.3801
1991-04-05,0.4341,0.378
1991-04-08,0.4274,0.3761
1991-04-09,0.4299,0.3797
1991-04-10,0.4349,0.3902
1991-04-11,0.4371,0.3932
1991-04-12,0.4381,0.3939
1991-04-15,,
1991-04-16,,
1991-04-17,,
1991-04-18,,
1991-04-19,,
1991-04-22,,
1991-04-23,,
1991-04-24,0.4174,0.3728
1991-04-25,0.4134,0.3685
1991-04-26,0.4037,0.3573
1991-04-29,0.378,0.3481
1991-04-30,0.3554,0.3285
1991-05-01,0.3789,0.3444
1991-05-02,0.3986,0.3627
1991-05-03,0.3881,0.3517
1991-05-06,0.3692,0.3344
1991-05-07,0.3728,0.3393
1991-05-08,0.3695,0.3364
1991-05-09,0.3608,0.3274
1991-05-10,0.36,0.3269
1991-05-13,0.3602,0.3237
1991-05-14,0.3572,0.3199
1991-05-15,0.3516,0.317
1991-05-16,0.3421,0.3047
1991-05-17,0.3475,0.304
1991-05-20,0.3652,0.3116
1991-05-21,0.3945,0.3333
1991-05-22,0.4044,0.3449
1991-05-23,0.3961,0.3352
1991-05-24,0.3946,0.3316
1991-05-27,0.384,0.3213
1991-05-28,0.3643,0.3074
1991-05-29,0.3679,0.3119
1991-05-30,0.358,0.3041
1991-05-31,0.3626,0.3053
1991-06-03,0.3617,0.3011
1991-06-04,0.3586,0.3024
1991-06-05,0.359,0.3028
1991-06-06,0.3588,0.3005
1991-06-07,0.3566,0.2936
1991-06-10,0.3544,0.2963
1991-06-11,0.365,0.3066
1991-06-12,0.3739,0.3157
1991-06-13,0.3786,0.324
1991-06-14,0.3737,0.3213
1991-06-17,0.3744,0.3223
1991-06-18,0.3617,0.3122
1991-06-19,0.3479,0.2994
1991-06-20,0.3533,0.3048
1991-06-21,0.359,0.3082
1991-06-24,,
1991-06-25,,
1991-06-26,,
1991-06-27,0.3518,0.3035
1991-06-28,0.3587,0.3108
1991-07-01,0.3646,0.3153
1991-07-02,0.3597,0.3123
1991-07-03,0.3578,0.3112
1991-07-04,0.3614,0.3154
1991-07-05,0.3746,0.3276
1991-07-08,0.3695,0.3229
1991-07-09,0.3633,0.3158
1991-07-10,0.3636,0.3175
1991-07-11,0.354,0.3108
1991-07-12,0.3504,0.305
1991-07-15,0.346,0.3048
1991-07-16,0.3455,0.3006
1991-07-17,0.3451,0.2985
1991-07-18,0.3384,0.2939
1991-07-19,0.3413,0.2954
1991-07-22,0.3291,0.2874
1991-07-23,0.3138,0.2755
1991-07-24,0.3082,0.2709
1991-07-25,0.3011,0.2622
1991-07-26,0.3092,0.2697
1991-07-29,0.2984,0.2602
1991-07-30,0.2893,0.2522
1991-07-31,0.3041,0.2667
1991-08-01,0.3278,0.2844
1991-08-02,0.3211,0.2803
1991-08-05,0.3144,0.2724
1991-08-06,0.3222,0.2785
1991-08-07,0.3248,0.2787
1991-08-08,0.3236,0.2758
1991-08-09,0.3316,0.2789
1991-08-12,0.3622,0.3049
1991-08-13,0.3611,0.2978
1991-08-14,0.3707,0.3008
1991-08-15,0.3731,0.2972
1991-08-16,0.3633,0.289
1991-08-19,0.3283,0.2592
1991-08-20,0.3305,0.2576
1991-08-21,0.3254,0.2572
1991-08-22,0.3366,0.2805
1991-08-23,0.3475,0.2744
1991-08-26,0.3425,0.2713
1991-08-27,0.3464,0.2729
1991-08-28,0.3349,0.2635
1991-08-29,0.3301,0.2589
1991-08-30,,
1991-09-02,0.3138,0.2461
1991-09-03,0.3152,0.2506
1991-09-04,0.3081,0.2442
1991-09-05,0.2988,0.2377
1991-09-06,0.3013,0.2399
1991-09-09,0.2971,0.2365
1991-09-10,0.2971,0.2354
1991-09-11,0.3136,0.2459
1991-09-12,0.2947,0.2312
1991-09-13,0.2812,0.2203
1991-09-16,0.2864,0.2271
1991-09-17,0.285,0.2245
1991-09-18,0.2838,0.2242
1991-09-19,0.2816,0.222
1991-09-20,0.2847,0.2231
1991-09-23,0.294,0.2293
1991-09-24,0.2884,0.2266
1991-09-25,0.2882,0.2257
1991-09-26,0.2891,0.2258
1991-09-27,0.2887,0.2256
1991-09-30,0.2938,0.2271
1991-10-01,0.2874,0.2213
1991-10-02,0.2786,0.2164
1991-10-03,0.2772,0.2138
1991-10-04,0.2786,0.2137
1991-10-07,0.2779,0.2147
1991-10-08,0.2775,0.2121
1991-10-09,0.2722,0.2079
1991-10-10,0.2578,0.2
1991-10-11,0.2546,0.1987
1991-10-14,0.2518,0.1985
1991-10-15,0.2632,0.2072
1991-10-16,0.2581,0.2044
1991-10-17,0.2577,0.2054
1991-10-18,0.2655,0.2128
1991-10-21,0.2597,0.2092
1991-10-22,0.2672,0.2147
1991-10-23,0.281,0.2248
1991-10-24,0.277,0.2176
1991-10-25,0.2783,0.2166
1991-10-28,,
1991-10-29,,
1991-10-30,0.2791,0.2207
1991-10-31,0.2747,0.2221
1991-11-01,0.2682,0.2145
1991-11-04,0.2668,0.2141
1991-11-05,0.2675,0.2153
1991-11-06,0.272,0.2171
1991-11-07,0.2718,0.2185
1991-11-08,0.2718,0.2141
1991-11-11,0.279,0.2167
1991-11-12,0.287,0.223
1991-11-13,0.2806,0.2201
1991-11-14,0.2939,0.2338
1991-11-15,0.3138,0.2479
1991-11-18,0.3379,0.266
1991-11-19,0.3312,0.2611
1991-11-20,0.3445,0.271
1991-11-21,0.3447,0.2734
1991-11-22,0.3755,0.2942
1991-11-25,0.4119,0.3248
1991-11-26,0.4544,0.358
1991-11-27,0.4459,0.3424
1991-11-28,0.4175,0.3246
1991-11-29,0.4058,0.3115
1991-12-02,0.4416,0.3414
1991-12-03,0.4338,0.3294
1991-12-04,0.436,0.3345
1991-12-05,0.426,0.3255
1991-12-06,0.4346,0.334
1991-12-09,0.434,0.3381
1991-12-10,0.4115,0.3174
1991-12-11,0.4206,0.3238
1991-12-12,0.409,0.3124
1991-12-13,0.3989,0.3043
1991-12-16,0.402,0.3046
1991-12-17,0.3868,0.2928
1991-12-18,0.3815,0.2903
1991-12-19,0.4014,0.3069
1991-12-20,0.4108,0.3145
1991-12-23,0.4469,0.3404
1991-12-24,0.4268,0.3249
1991-12-25,0.4346,0.3289
1991-12-26,0.4339,0.3331
1991-12-27,0.4238,0.3266
1991-12-30,0.4298,0.3304
1991-12-31,0.4369,0.3355
1992-01-01,,
1992-01-02,0.4326,0.3283
1992-01-03,0.4323,0.331
1992-01-06,0.441,0.3389
1992-01-07,0.442,0.3411
1992-01-08,0.4581,0.35
1992-01-09,0.4609,0.3492
1992-01-10,0.4636,0.3585
1992-01-13,0.4691,0.3655
1992-01-14,0.4523,0.3519
1992-01-15,0.4697,0.366
1992-01-16,0.5129,0.3955
1992-01-17,0.5,0.3871
1992-01-20,0.4817,0.3828
1992-01-21,0.4859,0.3865
1992-01-22,0.4798,0.3781
1992-01-23,0.4873,0.3816
1992-01-24,0.5022,0.393
1992-01-27,0.5113,0.3957
1992-01-28,0.502,0.3847
1992-01-29,0.4983,0.3813
1992-01-30,0.494,0.3786
1992-01-31,0.4926,0.3765
1992-02-03,0.4728,0.3572
1992-02-04,0.4567,0.3445
1992-02-05,0.4374,0.3279
1992-02-06,0.4381,0.3326
1992-02-07,0.4576,0.3479
1992-02-10,0.4459,0.3401
1992-02-11,0.4183,0.3182
1992-02-12,0.4267,0.3252
1992-02-13,0.4394,0.3318
1992-02-14,0.4425,0.3351
1992-02-17,0.4325,0.3269
1992-02-18,0.4182,0.3159
1992-02-19,0.4174,0.3162
1992-02-20,0.3994,0.3035
1992-02-21,0.3986,0.3072
1992-02-24,0.3604,0.2763
1992-02-25,0.362,0.2776
1992-02-26,0.3656,0.2811
1992-02-27,0.3756,0.2848
1992-02-28,0.3664,0.279
1992-03-02,0.3532,0.2704
1992-03-03,0.3485,0.2654
1992-03-04,0.3624,0.2749
1992-03-05,0.3627,0.2775
1992-03-06,0.3621,0.2781
1992-03-09,0.3679,0.2817
1992-03-10,0.372,0.2854
1992-03-11,0.3813,0.2938
1992-03-12,0.387,0.2963
1992-03-13,0.3853,0.295
1992-03-16,0.378,0.2913
1992-03-17,0.3771,0.2938
1992-03-18,0.3899,0.3052
1992-03-19,0.3923,0.3047
1992-03-20,0.3959,0.3029
1992-03-23,0.3882,0.2989
1992-03-24,0.3895,0.2992
1992-03-25,0.4011,0.3101
1992-03-26,0.4222,0.3231
1992-03-27,0.4129,0.3155
1992-03-30,0.4138,0.3155
1992-03-31,0.4077,0.3102
1992-04-01,0.4062,0.2996
1992-04-02,0.3988,0.2941
1992-04-03,,
1992-04-06,,
1992-04-07,0.3883,0.2823
1992-04-08,0.39,0.2861
1992-04-09,0.401,0.2966
1992-04-10,0.3986,0.2935
1992-04-13,0.4028,0.2964
1992-04-14,0.4027,0.2928
1992-04-15,0.405,0.2943
1992-04-16,0.4021,0.29
1992-04-17,0.395,0.2868
1992-04-20,0.3897,0.2862
1992-04-21,0.394,0.2865
1992-04-22,0.3858,0.2819
1992-04-23,,
1992-04-24,0.3814,0.2775
1992-04-27,0.3718,0.2713
1992-04-28,0.368,0.2682
1992-04-29,0.3692,0.2702
1992-04-30,0.3686,0.2699
1992-05-01,0.3758,0.2715
1992-05-04,0.3761,0.2727
1992-05-05,0.3705,0.269
1992-05-06,0.3676,0.2682
1992-05-07,0.3577,0.2608
1992-05-08,0.3597,0.2619
1992-05-11,0.3532,0.2571
1992-05-12,0.3602,0.2604
1992-05-13,0.3701,0.2622
1992-05-14,0.3714,0.2603
1992-05-15,0.3648,0.2558
1992-05-18,0.3415,0.2567
1992-05-19,,
1992-05-20,0.3554,0.2537
1992-05-21,0.3499,0.2512
1992-05-22,0.3487,0.2526
1992-05-25,0.331,0.2344
1992-05-26,0.322,0.2276
1992-05-27,0.3292,0.2293
1992-05-28,0.3233,0.2249
1992-05-29,0.3297,0.2283
1992-06-01,0.3235,0.2256
1992-06-02,0.3198,0.2222
1992-06-03,0.3142,0.2176
1992-06-04,0.3192,0.2208
1992-06-05,0.3263,0.2273
1992-06-08,0.3242,0.2418
1992-06-09,0.3434,0.2391
1992-06-10,,
1992-06-11,,
1992-06-12,,
1992-06-15,0.3482,0.2402
1992-06-16,0.3454,0.2386
1992-06-17,0.3519,0.2413
1992-06-18,0.3615,0.2447
1992-06-19,0.3613,0.2442
1992-06-22,0.3805,0.2558
1992-06-23,0.384,0.2555
1992-06-24,0.3983,0.2589
1992-06-25,0.4292,0.277
1992-06-26,0.4313,0.2793
1992-06-29,0.4365,0.2776
1992-06-30,0.4407,0.2816
1992-07-01,0.4443,0.2794
1992-07-02,0.4245,0.2662
1992-07-03,0.4176,0.2606
1992-07-06,0.4387,0.2688
1992-07-07,0.4513,0.2724
1992-07-08,0.4427,0.2653
1992-07-09,0.4274,0.259
1992-07-10,0.4384,0.2621
1992-07-13,0.4356,0.2637
1992-07-14,0.4255,0.2579
1992-07-15,0.4223,0.2542
1992-07-16,0.4236,0.2533
1992-07-17,0.4305,0.2525
1992-07-20,0.424,0.2464
1992-07-21,0.4144,0.2418
1992-07-22,0.4092,0.2373
1992-07-23,0.4002,0.2374
1992-07-24,0.406,0.2397
1992-07-27,0.421,0.246
1992-07-28,0.4166,0.241
1992-07-29,0.42,0.2437
1992-07-30,0.4245,0.2442
1992-07-31,0.4264,0.2498
1992-08-03,0.4256,0.2497
1992-08-04,0.4191,0.2447
1992-08-05,0.4174,0.2431
1992-08-06,0.4069,0.2377
1992-08-07,0.3933,0.2302
1992-08-10,0.394,0.2298
1992-08-11,0.4013,0.2344
1992-08-12,0.4062,0.235
1992-08-13,0.4067,0.2399
1992-08-14,0.4104,0.2456
1992-08-17,0.4077,0.2426
1992-08-18,0.4052,0.2408
1992-08-19,0.4036,0.2433
1992-08-20,0.4014,0.2414
1992-08-21,0.4077,0.2418
1992-08-24,0.4031,0.2385
1992-08-25,0.4036,0.2416
1992-08-26,0.4091,0.2402
1992-08-27,0.4049,0.2395
1992-08-28,0.4117,0.241
1992-08-31,0.4158,0.241
1992-09-01,0.4169,0.2371
1992-09-02,0.4204,0.2436
1992-09-03,0.4208,0.243
1992-09-04,0.4143,0.24
1992-09-07,0.4135,0.2395
1992-09-08,0.4255,0.2443
1992-09-09,0.4284,0.2511
1992-09-10,0.4297,0.2559
1992-09-11,0.4322,0.2639
1992-09-14,0.4514,0.272
1992-09-15,0.4438,0.2627
1992-09-16,0.4416,0.261
1992-09-17,0.4313,0.2544
1992-09-18,0.4247,0.2501
1992-09-21,0.4171,0.2512
1992-09-22,0.4212,0.2545
1992-09-23,0.4182,0.2548
1992-09-24,0.4091,0.2445
1992-09-25,0.4144,0.2491
1992-09-28,0.4088,0.2465
1992-09-29,0.4005,0.2424
1992-09-30,0.3976,0.2402
1992-10-01,0.4033,0.2435
1992-10-02,0.3955,0.2418
1992-10-05,0.3919,0.2387
1992-10-06,0.3814,0.2331
1992-10-07,0.3871,0.2364
1992-10-08,0.3904,0.2419
1992-10-09,0.3941,0.2434
1992-10-12,0.4022,0.2469
1992-10-13,0.3933,0.2398
1992-10-14,0.3917,0.2374
1992-10-15,0.3902,0.2359
1992-10-16,0.3895,0.2365
1992-10-19,0.379,0.2312
1992-10-20,0.3712,0.2283
1992-10-21,0.3622,0.2236
1992-10-22,0.3539,0.2229
1992-10-23,0.3602,0.2213
1992-10-26,0.3634,0.22
1992-10-27,0.3643,0.2246
1992-10-28,,
1992-10-29,,
1992-10-30,,
1992-11-02,0.338,0.2091
1992-11-03,0.3443,0.2104
1992-11-04,0.3526,0.2167
1992-11-05,0.3548,0.216
1992-11-06,0.3552,0.2177
1992-11-09,0.3502,0.2139
1992-11-10,0.3566,0.2186
1992-11-11,0.3508,0.2157
1992-11-12,0.3536,0.2187
1992-11-13,0.3535,0.2222
1992-11-16,0.3472,0.2153
1992-11-17,0.3479,0.2177
1992-11-18,0.353,0.2217
1992-11-19,0.356,0.2242
1992-11-20,0.3598,0.2277
1992-11-23,0.3709,0.2324
1992-11-24,0.3709,0.2309
1992-11-25,0.3652,0.2284
1992-11-26,0.3755,0.2339
1992-11-27,0.3843,0.2415
1992-11-30,0.3786,0.2384
1992-12-01,0.3883,0.2446
1992-12-02,0.3944,0.2478
1992-12-03,0.3922,0.2444
1992-12-04,0.3892,0.2442
1992-12-07,0.3833,0.2414
1992-12-08,0.3856,0.2423
1992-12-09,0.3816,0.239
1992-12-10,0.3775,0.2361
1992-12-11,0.3802,0.239
1992-12-14,0.3823,0.2383
1992-12-15,0.3902,0.2427
1992-12-16,0.389,0.2396
1992-12-17,0.4005,0.2463
1992-12-18,0.4022,0.2463
1992-12-21,0.4031,0.2452
1992-12-22,0.4076,0.2442
1992-12-23,0.4094,0.2501
1992-12-24,0.4059,0.248
1992-12-25,0.4023,0.2449
1992-12-28,0.3939,0.2425
1992-12-29,0.3917,0.2404
1992-12-30,0.3956,0.2417
1992-12-31,0.4004,0.2434
1993-01-01,,
1993-01-04,0.4072,0.2443
1993-01-05,0.4078,0.245
1993-01-06,0.4125,0.2456
1993-01-07,0.4106,0.244
1993-01-08,0.4138,0.2423
1993-01-11,0.4163,0.2434
1993-01-12,0.4146,0.2433
1993-01-13,0.4044,0.241
1993-01-14,0.4011,0.2418
1993-01-15,0.4086,0.2424
1993-01-18,0.4017,0.2384
1993-01-19,0.3996,0.2443
1993-01-20,0.4047,0.2475
1993-01-21,0.4095,0.2553
1993-01-22,0.4062,0.2522
1993-01-25,0.4118,0.2537
1993-01-26,0.4207,0.259
1993-01-27,0.4287,0.2647
1993-01-28,0.428,0.2623
1993-01-29,0.4383,0.2679
1993-02-01,0.4551,0.2774
1993-02-02,0.4748,0.2883
1993-02-03,0.4787,0.3036
1993-02-04,0.4816,0.3114
1993-02-05,0.4672,0.2995
1993-02-08,0.4863,0.3107
1993-02-09,0.4972,0.316
1993-02-10,0.4943,0.3159
1993-02-11,0.5129,0.3102
1993-02-12,0.5245,0.3141
1993-02-15,0.5341,0.3148
1993-02-16,0.5302,0.3088
1993-02-17,0.5756,0.3344
1993-02-18,0.576,0.3371
1993-02-19,0.5656,0.3285
1993-02-22,0.5922,0.3323
1993-02-23,0.5876,0.338
1993-02-24,0.6092,0.3536
1993-02-25,0.6078,0.3607
1993-02-26,0.5924,0.3537
1993-03-01,0.565,0.3374
1993-03-02,0.5637,0.3349
1993-03-03,0.5814,0.3492
1993-03-04,0.6027,0.3615
1993-03-05,0.5982,0.3607
1993-03-08,0.5883,0.3372
1993-03-09,0.5933,0.3461
1993-03-10,0.5864,0.3455
1993-03-11,0.5655,0.3396
1993-03-12,0.5757,0.3451
1993-03-15,0.5792,0.3517
1993-03-16,0.5717,0.3497
1993-03-17,0.562,0.3451
1993-03-18,0.5611,0.336
1993-03-19,0.5588,0.3337
1993-03-22,0.5656,0.3389
1993-03-23,,
1993-03-24,,
1993-03-25,,
1993-03-26,,
1993-03-29,0.5765,0.3399
1993-03-30,0.5862,0.3465
1993-03-31,0.5864,0.35
1993-04-01,0.6071,0.3541
1993-04-02,0.6307,0.3689
1993-04-05,0.6544,0.3859
1993-04-06,0.6741,0.3952
1993-04-07,0.6733,0.3982
1993-04-08,0.6737,0.3903
1993-04-09,0.6754,0.383
1993-04-12,0.6925,0.402
1993-04-13,0.6933,0.406
1993-04-14,0.686,0.4125
1993-04-15,0.6967,0.4372
1993-04-16,0.7341,0.4599
1993-04-19,0.6574,0.423
1993-04-20,0.6609,0.4392
1993-04-21,0.6921,0.4592
1993-04-22,0.6914,0.4663
1993-04-23,,
1993-04-26,0.7013,0.4737
1993-04-27,0.7229,0.4966
1993-04-28,0.7571,0.525
1993-04-29,0.7897,0.5592
1993-04-30,0.7808,0.5663
1993-05-03,0.7805,0.574
1993-05-04,0.7581,0.5488
1993-05-05,0.7557,0.5333
1993-05-06,0.7505,0.5375
1993-05-07,0.7383,0.5239
1993-05-10,0.7865,0.5553
1993-05-11,0.7812,0.5613
1993-05-12,0.7953,0.5622
1993-05-13,0.8349,0.574
1993-05-14,0.8276,0.5593
1993-05-17,0.823,0.5603
1993-05-18,0.8025,0.5386
1993-05-19,,
1993-05-20,0.792,0.5391
1993-05-21,0.7927,0.5348
1993-05-24,0.8009,0.535
1993-05-25,0.8201,0.5481
1993-05-26,0.8045,0.5496
1993-05-27,0.8096,0.5507
1993-05-28,0.8376,0.5668
1993-05-31,,
1993-06-01,,
1993-06-02,,
1993-06-03,,
1993-06-04,,
1993-06-07,0.8584,0.5689
1993-06-08,0.8526,0.5755
1993-06-09,0.8538,0.5872
1993-06-10,0.8687,0.6155
1993-06-11,0.8836,0.6302
1993-06-14,0.9761,0.694
1993-06-15,0.9804,0.6966
1993-06-16,0.966,0.7202
1993-06-17,0.9922,0.7397
1993-06-18,1.0461,0.7914
1993-06-21,1.114,0.8464
1993-06-22,1.1277,0.8521
1993-06-23,1.1412,0.8471
1993-06-24,1.1608,0.8588
1993-06-25,1.1338,0.8631
1993-06-28,1.0967,0.8649
1993-06-29,1.111,0.8881
1993-06-30,1.0779,0.8498
1993-07-01,1.1146,0.8739
1993-07-02,1.1795,0.9273
1993-07-05,1.1697,0.9288
1993-07-06,1.1328,0.8887
1993-07-07,1.1264,0.8713
1993-07-08,1.0789,0.8398
1993-07-09,1.0282,0.8057
1993-07-12,1.0745,0.8405
1993-07-13,1.0366,0.8187
1993-07-14,1.0144,0.8138
1993-07-15,1.0443,0.8458
1993-07-16,1.0617,0.8631
1993-07-19,1.045,0.8293
1993-07-20,1.0304,0.8038
1993-07-21,1.0167,0.8053
1993-07-22,0.9898,0.7763
1993-07-23,0.9759,0.7639
1993-07-26,0.937,0.7233
1993-07-27,0.9071,0.7142
1993-07-28,0.9715,0.762
1993-07-29,0.9957,0.777
1993-07-30,1.0078,0.8025
1993-08-02,1.0296,0.8245
1993-08-03,1.0033,0.7988
1993-08-04,0.9869,0.797
1993-08-05,0.9716,0.7877
1993-08-06,0.963,0.785
1993-08-09,0.9487,0.7741
1993-08-10,0.9644,0.7912
1993-08-11,0.9822,0.8212
1993-08-12,0.9549,0.7993
1993-08-13,0.9741,0.8169
1993-08-16,1.02,0.8726
1993-08-17,1.0354,0.9074
1993-08-18,1.0448,0.9226
1993-08-19,1.0915,0.9727
1993-08-20,1.1149,1.0025
1993-08-23,1.1189,1.0122
1993-08-24,1.1371,1.0853
1993-08-25,1.1672,1.1324
1993-08-26,1.1777,1.1548
1993-08-27,1.2021,1.1919
1993-08-30,,
1993-08-31,1.2357,1.2641
1993-09-01,1.2172,1.2668
1993-09-02,1.2223,1.2866
1993-09-03,1.1655,1.2
1993-09-06,1.1895,1.1884
1993-09-07,1.2527,1.2328
1993-09-08,1.2725,1.2402
1993-09-09,1.2839,1.2597
1993-09-10,1.2949,1.2986
1993-09-13,1.3555,1.3911
1993-09-14,1.3363,1.3431
1993-09-15,1.3826,1.3958
1993-09-16,1.4027,1.4051
1993-09-17,1.446,1.4566
1993-09-20,1.4127,1.4508
1993-09-21,1.4189,1.4842
1993-09-22,1.4502,1.5081
1993-09-23,1.4887,1.537
1993-09-24,1.5047,1.553
1993-09-27,1.5386,1.5827
1993-09-28,1.5777,1.6563
1993-09-29,1.5328,1.6145
1993-09-30,1.508,1.5877
1993-10-01,1.5953,1.708
1993-10-04,1.6243,1.7563
1993-10-05,1.5863,1.6799
1993-10-06,1.5699,1.6608
1993-10-07,1.5596,1.6354
1993-10-08,1.5439,1.6113
1993-10-11,1.4618,1.5109
1993-10-12,1.5241,1.5552
1993-10-13,1.5361,1.5668
1993-10-14,1.5055,1.5133
1993-10-15,1.5194,1.5182
1993-10-18,1.4928,1.4673
1993-10-19,1.4958,1.4526
1993-10-20,1.4981,1.5079
1993-10-21,1.4827,1.5014
1993-10-22,1.4321,1.447
1993-10-25,1.4069,1.4008
1993-10-26,1.3955,1.3858
1993-10-27,1.4501,1.4439
1993-10-28,,
1993-10-29,,
1993-11-01,1.3935,1.3573
1993-11-02,1.3639,1.3186
1993-11-03,1.3634,1.3155
1993-11-04,1.4137,1.3487
1993-11-05,1.4486,1.3987
1993-11-08,1.5086,1.4645
1993-11-09,1.4715,1.4239
1993-11-10,1.4872,1.4606
1993-11-11,1.5197,1.4951
1993-11-12,1.5178,1.491
1993-11-15,1.5806,1.5422
1993-11-16,1.5703,1.5267
1993-11-17,1.579,1.5504
1993-11-18,1.6091,1.6035
1993-11-19,1.6531,1.6438
1993-11-22,1.6727,1.6317
1993-11-23,1.6444,1.5929
1993-11-24,1.6722,1.5993
1993-11-25,1.7195,1.6262
1993-11-26,1.7426,1.635
1993-11-29,1.8426,1.7032
1993-11-30,1.8977,1.7704
1993-12-01,1.8884,1.7791
1993-12-02,1.8676,1.7862
1993-12-03,1.7893,1.7209
1993-12-06,1.8028,1.7791
1993-12-07,1.7382,1.7032
1993-12-08,1.7936,1.7369
1993-12-09,1.7827,1.734
1993-12-10,1.7592,1.6858
1993-12-13,1.7345,1.6759
1993-12-14,1.8144,1.7527
1993-12-15,1.8583,1.786
1993-12-16,1.8722,1.7843
1993-12-17,1.9089,1.8173
1993-12-20,1.9218,1.8474
1993-12-21,1.9411,1.8259
1993-12-22,1.9778,1.8501
1993-12-23,1.9594,1.8239
1993-12-24,1.9797,1.8497
1993-12-27,1.9586,1.8351
1993-12-28,1.958,1.8321
1993-12-29,1.9452,1.7996
1993-12-30,2.0175,1.8775
1993-12-31,2.0683,1.919
1994-01-03,2.1788,2.0409
1994-01-04,2.2394,2.1492
1994-01-05,2.2116,2.1234
1994-01-06,2.2929,2.1978
1994-01-07,2.3685,2.2851
1994-01-10,2.5447,2.4836
1994-01-11,2.5657,2.5287
1994-01-12,2.7267,2.7003
1994-01-13,2.8884,2.856
1994-01-14,2.8664,2.8433
1994-01-17,2.7593,2.6958
1994-01-18,2.5907,2.5256
1994-01-19,2.5505,2.4058
1994-01-20,2.7025,2.5842
1994-01-21,2.6073,2.4236
1994-01-24,2.4261,2.2625
1994-01-25,2.2727,2.0707
1994-01-26,2.1129,1.9178
1994-01-27,1.9514,1.7276
1994-01-28,1.8562,1.6248
1994-01-31,2.0105,1.7423
1994-02-01,2.0979,1.7792
1994-02-02,1.9463,1.6507
1994-02-03,1.8488,1.5619
1994-02-04,1.7895,1.4716
1994-02-07,1.8212,1.4823
1994-02-08,1.7081,1.3559
1994-02-09,1.5696,1.2455
1994-02-10,1.4088,1.1186
1994-02-11,1.3864,1.1371
1994-02-14,1.5096,1.2294
1994-02-15,1.6433,1.3382
1994-02-16,1.7681,1.458
1994-02-17,1.9131,1.586
1994-02-18,1.9275,1.6435
1994-02-21,1.725,1.4573
1994-02-22,1.6318,1.401
1994-02-23,1.6065,1.3694
1994-02-24,1.6927,1.4508
1994-02-25,1.62,1.3946
1994-02-28,1.5004,1.2747
1994-03-01,1.4603,1.2146
1994-03-02,1.5641,1.2964
1994-03-03,1.5409,1.2732
1994-03-04,1.5592,1.2821
1994-03-07,1.5089,1.2409
1994-03-08,1.4506,1.1943
1994-03-09,1.3705,1.1405
1994-03-10,1.3731,1.1451
1994-03-11,1.4511,1.2008
1994-03-14,,
1994-03-15,,
1994-03-16,1.5127,1.2577
1994-03-17,1.513,1.2455
1994-03-18,1.492,1.2201
1994-03-21,1.5586,1.2735
1994-03-22,1.4839,1.1872
1994-03-23,1.3667,1.0829
1994-03-24,1.2981,1.002
1994-03-25,1.3536,1.0068
1994-03-28,1.4214,1.0662
1994-03-29,1.3842,1.0266
1994-03-30,1.365,0.9919
1994-03-31,1.4087,1.0199
1994-04-01,1.5028,1.0863
1994-04-04,1.6356,1.1623
1994-04-05,1.7501,1.2349
1994-04-06,1.8859,1.3279
1994-04-07,1.8611,1.271
1994-04-08,2.0035,1.3805
1994-04-11,2.0492,1.4514
1994-04-12,2.03,1.4573
1994-04-13,2.0759,1.5143
1994-04-14,2.2104,1.6127
1994-04-15,2.2591,1.6529
1994-04-18,2.1472,1.5785
1994-04-19,2.1282,1.5459
1994-04-20,2.064,1.4918
1994-04-21,1.9428,1.3879
1994-04-22,1.8473,1.2853
1994-04-25,1.7451,1.2555
1994-04-26,1.6867,1.2007
1994-04-27,1.5977,1.1263
1994-04-28,1.5826,1.1424
1994-04-29,1.5097,1.0874
1994-05-02,1.4193,1.0488
1994-05-03,1.4846,1.1031
1994-05-04,1.5131,1.1185
1994-05-05,1.5901,1.1872
1994-05-06,1.714,1.2843
1994-05-09,1.6504,1.2126
1994-05-10,1.5828,1.1413
1994-05-11,1.5733,1.1374
1994-05-12,1.6336,1.179
1994-05-13,1.5653,1.1443
1994-05-16,1.5484,1.1421
1994-05-17,1.6033,1.1749
1994-05-18,1.6228,1.1801
1994-05-19,,
1994-05-20,,
1994-05-23,,
1994-05-24,,
1994-05-25,1.6413,1.2071
1994-05-26,1.6425,1.2474
1994-05-27,1.5825,1.1881
1994-05-30,1.4737,1.1133
1994-05-31,1.4749,1.1361
1994-06-01,1.5523,1.1841
1994-06-02,1.5748,1.2074
1994-06-03,1.6073,1.24
1994-06-06,1.6808,1.2833
1994-06-07,1.6536,1.2701
1994-06-08,1.71,1.3546
1994-06-09,1.7142,1.4034
1994-06-10,1.739,1.3911
1994-06-13,1.7642,1.4392
1994-06-14,1.7391,1.47
1994-06-15,1.8001,1.5359
1994-06-16,1.9322,1.6591
1994-06-17,2.0233,1.7583
1994-06-20,1.9929,1.7207
1994-06-21,2.0195,1.7929
1994-06-22,1.9704,1.7878
1994-06-23,1.9341,1.7011
1994-06-24,1.9427,1.625
1994-06-27,1.9183,1.5741
1994-06-28,1.9105,1.6055
1994-06-29,1.9472,1.5961
1994-06-30,1.9766,1.5946
1994-07-01,1.9375,1.5501
1994-07-04,1.9576,1.5915
1994-07-05,1.9811,1.6157
1994-07-06,2.0509,1.6308
1994-07-07,2.141,1.7093
1994-07-08,2.0424,1.6582
1994-07-11,2.1106,1.752
1994-07-12,2.1438,1.783
1994-07-13,2.2013,1.8109
1994-07-14,2.2246,1.8159
1994-07-15,2.268,1.8486
1994-07-18,2.2028,1.8017
1994-07-19,2.1613,1.7719
1994-07-20,2.1765,1.7581
1994-07-21,2.1434,1.7618
1994-07-22,2.1452,1.7428
1994-07-25,2.0826,1.6726
1994-07-26,2.1021,1.6745
1994-07-27,2.1674,1.7606
1994-07-28,2.2427,1.9209
1994-07-29,2.1752,1.8557
1994-08-01,2.2191,1.8839
1994-08-02,2.2252,1.8821
1994-08-03,2.2348,1.8488
1994-08-04,2.2262,1.8381
1994-08-05,2.2136,1.8235
1994-08-08,2.2327,1.812
1994-08-09,2.2705,1.8546
1994-08-10,2.3955,1.9794
1994-08-11,2.395,1.9717
1994-08-12,2.4439,2.0007
1994-08-15,2.5516,2.0687
1994-08-16,2.5984,2.0997
1994-08-17,2.6208,2.1171
1994-08-18,2.6061,2.0801
1994-08-19,2.6413,2.1009
1994-08-22,2.6783,2.1269
1994-08-23,2.5205,1.9969
1994-08-24,2.5158,1.9914
1994-08-25,2.5642,2.0362
1994-08-26,2.6384,2.078
1994-08-29,2.6322,2.063
1994-08-30,,
1994-08-31,2.5282,1.945
1994-09-01,2.5796,1.9562
1994-09-02,2.5457,1.9354
1994-09-05,2.5942,1.9812
1994-09-06,2.6117,2.0092
1994-09-07,2.4348,1.9028
1994-09-08,2.42,1.8878
1994-09-09,2.4516,1.9107
1994-09-12,2.4163,1.9042
1994-09-13,2.3317,1.8279
1994-09-14,2.4105,1.8606
1994-09-15,2.4217,1.8849
1994-09-16,2.3686,1.8047
1994-09-19,2.2785,1.6979
1994-09-20,2.3908,1.7842
1994-09-21,2.4343,1.7903
1994-09-22,2.5172,1.8954
1994-09-23,2.577,1.9203
1994-09-26,2.5972,1.9323
1994-09-27,2.6289,1.99
1994-09-28,2.6106,1.9613
1994-09-29,2.6212,1.9833
1994-09-30,2.6826,2.0334
1994-10-03,2.6374,1.9716
1994-10-04,2.7065,2.0143
1994-10-05,2.6783,2.0083
1994-10-06,2.7522,2.1095
1994-10-07,2.7227,2.0754
1994-10-10,2.6137,1.9935
1994-10-11,2.6465,2.017
1994-10-12,2.6847,2.0068
1994-10-13,2.675,2.0188
1994-10-14,2.707,2.0422
1994-10-17,2.6125,1.9633
1994-10-18,2.5819,1.9179
1994-10-19,2.4894,1.8546
1994-10-20,2.4927,1.8058
1994-10-21,2.4803,1.8062
1994-10-24,2.3905,1.7419
1994-10-25,2.4735,1.7709
1994-10-26,2.491,1.802
1994-10-27,2.4856,1.7955
1994-10-28,2.5148,1.8337
1994-10-31,2.489,1.8197
1994-11-01,2.5116,1.8571
1994-11-02,2.5291,1.8489
1994-11-03,2.5221,1.8608
1994-11-04,2.545,1.8718
1994-11-07,2.5746,1.8663
1994-11-08,2.592,1.8897
1994-11-09,2.5535,1.9187
1994-11-10,2.6537,1.9618
1994-11-11,2.6964,2.0193
1994-11-14,2.7003,2.0299
1994-11-15,2.7007,2.0336
1994-11-16,2.7421,2.0629
1994-11-17,2.7001,2.0318
1994-11-18,2.7236,2.0464
1994-11-21,2.68,2.043
1994-11-22,2.6604,2.0483
1994-11-23,2.6828,2.056
1994-11-24,2.6696,2.0494
1994-11-25,2.701,2.0795
1994-11-28,2.7332,2.0812
1994-11-29,2.7552,2.1372
1994-11-30,2.8181,2.2093
1994-12-01,2.8427,2.2249
1994-12-02,2.9145,2.2796
1994-12-05,2.8652,2.2371
1994-12-06,2.84,2.269
1994-12-07,2.8487,2.2696
1994-12-08,2.8867,2.3065
1994-12-09,2.8683,2.2912
1994-12-12,2.8814,2.3062
1994-12-13,2.8414,2.3008
1994-12-14,2.7942,2.2689
1994-12-15,2.7825,2.2824
1994-12-16,2.7875,2.2963
1994-12-19,2.7742,2.2917
1994-12-20,2.8304,2.3372
1994-12-21,2.8182,2.326
1994-12-22,2.8203,2.3263
1994-12-23,2.8248,2.3123
1994-12-26,2.7738,2.2487
1994-12-27,2.7171,2.244
1994-12-28,2.7337,2.2788
1994-12-29,2.7785,2.3073
1994-12-30,2.7257,2.2964
1995-01-02,2.5081,2.1349
1995-01-03,2.608,2.2331
1995-01-04,2.6385,2.2557
1995-01-05,2.7163,2.3169
1995-01-06,2.695,2.3101
1995-01-09,2.6868,2.3101
1995-01-10,2.6873,2.308
1995-01-11,2.7097,2.2933
1995-01-12,2.6673,2.2605
1995-01-13,2.6548,2.2778
1995-01-16,2.5534,2.1947
1995-01-17,2.5486,2.1719
1995-01-18,2.5828,2.1458
1995-01-19,2.591,2.1733
1995-01-20,2.552,2.1632
1995-01-23,2.4644,2.0926
1995-01-24,2.4948,2.0926
1995-01-25,2.4806,2.089
1995-01-26,2.4781,2.0925
1995-01-27,2.5246,2.1005
1995-01-30,2.5031,2.0834
1995-01-31,2.5229,2.1063
1995-02-01,2.5342,2.104
1995-02-02,2.5815,2.1271
1995-02-03,2.5463,2.097
1995-02-06,2.599,2.1027
1995-02-07,2.638,2.154
1995-02-08,2.6321,2.1419
1995-02-09,2.6704,2.1762
1995-02-10,2.6918,2.191
1995-02-13,2.6997,2.2087
1995-02-14,2.7349,2.2781
1995-02-15,2.7704,2.2889
1995-02-16,2.7977,2.3199
1995-02-17,2.8214,2.353
1995-02-20,2.903,2.4042
1995-02-21,2.9149,2.4186
1995-02-22,2.9674,2.4699
1995-02-23,2.9489,2.4415
1995-02-24,2.972,2.4807
1995-02-27,2.9724,2.486
1995-02-28,2.9123,2.4022
1995-03-01,2.9782,2.4728
1995-03-02,3.0195,2.5295
1995-03-03,,
1995-03-06,3.1386,2.6151
1995-03-07,3.149,2.5825
1995-03-08,3.2475,2.6466
1995-03-09,3.2396,2.5906
1995-03-10,3.3233,2.655
1995-03-13,3.2813,2.6891
1995-03-14,3.2972,2.7488
1995-03-15,3.2286,2.6884
1995-03-16,3.2096,2.6545
1995-03-17,3.3802,2.7927
1995-03-20,3.4912,2.947
1995-03-21,3.5317,2.9689
1995-03-22,3.6008,2.9958
1995-03-23,3.5928,3.0002
1995-03-24,3.6693,3.0883
1995-03-27,3.7397,3.218
1995-03-28,3.6689,3.1204
1995-03-29,3.7779,3.2123
1995-03-30,3.9496,3.3521
1995-03-31,3.9837,3.3668
1995-04-03,4.1472,3.3982
1995-04-04,4.309,3.405
1995-04-05,4.3483,3.4766
1995-04-06,4.4294,3.5069
1995-04-07,4.4623,3.5435
1995-04-10,4.5114,3.6378
1995-04-11,4.4305,3.461
1995-04-12,4.5176,3.5481
1995-04-13,4.6632,3.7368
1995-04-14,4.8203,3.838
1995-04-17,4.9579,3.9838
1995-04-18,4.947,4.0345
1995-04-19,5.0864,4.1183
1995-04-20,5.2711,4.2364
1995-04-21,5.4654,4.4933
1995-04-24,4.9676,4.272
1995-04-25,5.0661,4.498
1995-04-26,5.1227,4.7436
1995-04-27,4.7706,4.5326
1995-04-28,4.6615,4.2572
1995-05-01,4.7079,4.3601
1995-05-02,4.6077,4.2539
1995-05-03,4.8647,4.4533
1995-05-04,5.1462,4.8238
1995-05-05,5.1227,4.8055
1995-05-08,,
1995-05-09,,
1995-05-10,,
1995-05-11,,
1995-05-12,,
1995-05-15,5.0253,4.6065
1995-05-16,4.8865,4.4725
1995-05-17,4.9815,4.66
1995-05-18,4.7182,4.4121
1995-05-19,,
1995-05-22,4.329,4.0672
1995-05-23,4.5569,4.2733
1995-05-24,4.7296,4.5886
1995-05-25,4.5837,4.4179
1995-05-26,4.65,4.4078
1995-05-29,4.7325,4.3839
1995-05-30,4.7139,4.3725
1995-05-31,4.7371,4.3719
1995-06-01,4.8465,4.4784
1995-06-02,4.8653,4.4753
1995-06-05,5.0676,4.6146
1995-06-06,5.2082,4.7234
1995-06-07,5.2946,4.7827
1995-06-08,5.2722,4.7229
1995-06-09,5.3781,4.8419
1995-06-12,5.3995,4.8514
1995-06-13,5.3083,4.747
1995-06-14,5.2345,4.6064
1995-06-15,5.0467,4.4709
1995-06-16,5.2489,4.6489
1995-06-19,5.1761,4.5967
1995-06-20,5.1378,4.556
1995-06-21,5.1919,4.5785
1995-06-22,5.2114,4.581
1995-06-23,5.3043,4.716
1995-06-26,5.2183,4.5995
1995-06-27,5.1561,4.5577
1995-06-28,5.0433,4.51
1995-06-29,4.8087,4.3016
1995-06-30,4.8233,4.2681
1995-07-03,4.6499,4.1151
1995-07-04,4.6471,4.0962
1995-07-05,4.8541,4.1856
1995-07-06,4.9413,4.2868
1995-07-07,4.6357,4.0095
1995-07-10,,
1995-07-11,4.6328,3.9758
1995-07-12,4.6085,3.9836
1995-07-13,4.7659,4.0577
1995-07-14,4.7884,4.0882
1995-07-17,4.8271,4.0465
1995-07-18,4.7576,4.0045
1995-07-19,4.6545,3.8913
1995-07-20,4.6683,3.8868
1995-07-21,4.7487,3.9496
1995-07-24,4.9782,4.0964
1995-07-25,5.0544,4.2095
1995-07-26,5.116,4.1872
1995-07-27,5.2808,4.26
1995-07-28,5.2778,4.2999
1995-07-31,5.1944,4.2396
1995-08-01,5.1028,4.1569
1995-08-02,5.1244,4.1688
1995-08-03,4.994,4.001
1995-08-04,4.9104,3.9547
1995-08-07,4.7687,3.8171
1995-08-08,4.8864,3.8864
1995-08-09,4.6087,3.6608
1995-08-10,4.6469,3.6832
1995-08-11,4.5888,3.6302
1995-08-14,4.514,3.5368
1995-08-15,4.725,3.6556
1995-08-16,4.7464,3.7367
1995-08-17,4.6216,3.6115
1995-08-18,4.5802,3.6257
1995-08-21,4.4579,3.5161
1995-08-22,4.517,3.6191
1995-08-23,4.5405,3.6587
1995-08-24,4.6033,3.665
1995-08-25,4.5543,3.5978
1995-08-28,4.5717,3.5903
1995-08-29,4.5552,3.5836
1995-08-30,,
1995-08-31,4.514,3.5714
1995-09-01,4.5691,3.588
1995-09-04,4.7131,3.7063
1995-09-05,4.6969,3.7515
1995-09-06,4.6457,3.7237
1995-09-07,4.5894,3.6338
1995-09-08,4.6195,3.6868
1995-09-11,4.53,3.621
1995-09-12,4.5345,3.697
1995-09-13,4.4231,3.5681
1995-09-14,4.4685,3.6117
1995-09-15,4.4782,3.633
1995-09-18,4.3205,3.4874
1995-09-19,4.3433,3.4808
1995-09-20,4.1039,3.2649
1995-09-21,4.0636,3.2039
1995-09-22,4.1608,3.288
1995-09-25,4.2299,3.2967
1995-09-26,4.1835,3.2378
1995-09-27,4.1116,3.1599
1995-09-28,4.1064,3.1547
1995-09-29,4.1708,3.2013
1995-10-02,4.297,3.3409
1995-10-03,4.3246,3.3709
1995-10-04,4.4351,3.4536
1995-10-05,4.5418,3.5425
1995-10-06,4.5768,3.6042
1995-10-09,4.5422,3.5346
1995-10-10,4.4429,3.4045
1995-10-11,4.5395,3.4227
1995-10-12,4.3102,3.2814
1995-10-13,4.3578,3.2732
1995-10-16,4.7296,3.5846
1995-10-17,4.7558,3.5735
1995-10-18,4.9118,3.7915
1995-10-19,4.9003,3.8883
1995-10-20,4.903,3.8405
1995-10-23,4.8623,3.7831
1995-10-24,4.8202,3.7987
1995-10-25,4.7625,3.7662
1995-10-26,4.7602,3.7536
1995-10-27,4.7146,3.7815
1995-10-30,4.6532,3.7112
1995-10-31,4.6325,3.7111
1995-11-01,4.4824,3.5772
1995-11-02,4.5768,3.6812
1995-11-03,4.4928,3.6406
1995-11-06,4.3632,3.507
1995-11-07,4.3989,3.5763
1995-11-08,4.3,3.4588
1995-11-09,4.2863,3.4698
1995-11-10,4.2371,3.4368
1995-11-13,4.1419,3.3319
1995-11-14,4.2617,3.4065
1995-11-15,4.2655,3.387
1995-11-16,4.2716,3.4051
1995-11-17,4.2833,3.4053
1995-11-20,4.2472,3.3268
1995-11-21,4.3728,3.4242
1995-11-22,4.3238,3.3228
1995-11-23,4.2821,3.254
1995-11-24,4.2159,3.2017
1995-11-27,3.9896,2.996
1995-11-28,3.847,2.905
1995-11-29,3.7758,2.8827
1995-11-30,3.9114,3.0734
1995-12-01,3.9337,3.0687
1995-12-04,4.0436,3.1373
1995-12-05,4.1884,3.3479
1995-12-06,4.0863,3.2237
1995-12-07,4.1357,3.2618
1995-12-08,4.1846,3.2614
1995-12-11,3.9953,3.0994
1995-12-12,3.9753,3.033
1995-12-13,3.8748,2.9541
1995-12-14,3.9626,3.0327
1995-12-15,3.9669,3.0379
1995-12-18,4.0486,3.034
1995-12-19,3.9557,2.9643
1995-12-20,4.1118,3.0708
1995-12-21,4.1335,3.0703
1995-12-22,4.2236,3.1937
1995-12-25,3.9482,2.9626
1995-12-26,4.1585,3.1262
1995-12-27,4.0721,3.084
1995-12-28,3.9521,2.9631
1995-12-29,4.0025,3.0004
1996-01-01,,
1996-01-02,3.8779,2.8977
1996-01-03,3.8961,2.89
1996-01-04,3.984,2.9689
1996-01-05,4.0367,3.0036
1996-01-08,3.9845,2.9952
1996-01-09,3.9999,3.0416
1996-01-10,4.2498,3.2613
1996-01-11,4.4501,3.449
1996-01-12,4.6318,3.6396
1996-01-15,4.5237,3.6418
1996-01-16,4.7002,3.7669
1996-01-17,4.646,3.656
1996-01-18,4.699,3.6774
1996-01-19,4.8918,3.7892
1996-01-22,4.9694,3.7867
1996-01-23,4.9167,3.7481
1996-01-24,4.7838,3.6378
1996-01-25,4.7582,3.6655
1996-01-26,4.6692,3.5916
1996-01-29,4.5814,3.5625
1996-01-30,4.6279,3.5788
1996-01-31,4.949,3.7757
1996-02-01,5.1437,3.9864
1996-02-02,5.0912,3.9827
1996-02-05,5.2298,4.085
1996-02-06,5.1693,4.0855
1996-02-07,5.2047,4.0979
1996-02-08,5.0921,3.981
1996-02-09,5.0926,3.9222
1996-02-12,5.113,3.936
1996-02-13,5.1632,3.9201
1996-02-14,5.153,3.9389
1996-02-15,5.4045,4.1533
1996-02-16,5.3859,4.203
1996-02-19,,
1996-02-20,,
1996-02-21,,
1996-02-22,,
1996-02-23,,
1996-02-26,5.9232,4.6148
1996-02-27,6.1674,4.9124
1996-02-28,6.135,4.8322
1996-02-29,6.0547,4.8056
1996-03-01,6.2136,4.9027
1996-03-04,6.6309,5.3136
1996-03-05,6.4827,5.3445
1996-03-06,6.6328,5.6868
1996-03-07,6.5482,5.6769
1996-03-08,6.3791,5.5612
1996-03-11,6.2652,5.3113
1996-03-12,6.1384,5.2117
1996-03-13,6.2165,5.3004
1996-03-14,6.385,5.4576
1996-03-15,6.4182,5.5196
1996-03-18,6.5436,5.8336
1996-03-19,6.5996,5.7672
1996-03-20,6.5991,5.7635
1996-03-21,6.7773,5.9237
1996-03-22,6.8097,6.0332
1996-03-25,6.938,6.176
1996-03-26,6.8626,6.1302
1996-03-27,6.8459,6.0989
1996-03-28,6.6909,5.9468
1996-03-29,6.7045,5.9793
1996-04-01,6.6934,5.9107
1996-04-02,6.8484,5.9945
1996-04-03,6.8744,6.1024
1996-04-04,6.9834,6.1571
1996-04-05,7.094,6.4321
1996-04-08,7.2087,6.7466
1996-04-09,7.0417,6.4407
1996-04-10,7.1019,6.5613
1996-04-11,7.065,6.4831
1996-04-12,7.0071,6.358
1996-04-15,6.8043,6.171
1996-04-16,6.6119,5.8978
1996-04-17,6.6754,5.9328
1996-04-18,6.6613,5.9388
1996-04-19,6.636,5.9174
1996-04-22,6.4151,5.6757
1996-04-23,,
1996-04-24,6.6013,5.8549
1996-04-25,6.4631,5.5703
1996-04-26,6.4723,5.6197
1996-04-29,,
1996-04-30,,
1996-05-01,,
1996-05-02,6.6979,5.9643
1996-05-03,6.6445,5.811
1996-05-06,6.5523,5.747
1996-05-07,6.5656,5.7369
1996-05-08,6.5225,5.8153
1996-05-09,6.4776,5.73
1996-05-10,6.7242,6.002
1996-05-13,6.7704,5.9214
1996-05-14,6.7769,5.8443
1996-05-15,6.4562,5.4953
1996-05-16,6.6485,5.6584
1996-05-17,6.5745,5.5506
1996-05-20,6.6648,5.5846
1996-05-21,6.6225,5.5825
1996-05-22,6.3282,5.3092
1996-05-23,6.3613,5.2754
1996-05-24,6.1124,5.2038
1996-05-27,5.8752,4.9619
1996-05-28,5.8076,4.9391
1996-05-29,6.0415,5.1382
1996-05-30,6.1942,5.1771
1996-05-31,6.115,5.1062
1996-06-03,6.2296,5.2401
1996-06-04,6.3181,5.2983
1996-06-05,6.231,5.2846
1996-06-06,6.3848,5.3903
1996-06-07,6.5567,5.5587
1996-06-10,6.6446,5.6192
1996-06-11,6.7437,5.716
1996-06-12,6.9028,5.9108
1996-06-13,6.8562,5.8849
1996-06-14,6.7393,5.7448
1996-06-17,6.7644,5.7239
1996-06-18,6.7724,5.77
1996-06-19,6.7884,5.8043
1996-06-20,6.7591,5.7466
1996-06-21,6.8751,5.861
1996-06-24,6.8598,5.8055
1996-06-25,6.7857,5.7449
1996-06-26,6.8083,5.7894
1996-06-27,6.822,5.8524
1996-06-28,7.0489,5.994
1996-07-01,7.0329,5.955
1996-07-02,7.0982,5.9354
1996-07-03,7.2494,6.0384
1996-07-04,7.2418,6.0477
1996-07-05,7.2536,6.0448
1996-07-08,7.3531,6.111
1996-07-09,7.2544,6.0245
1996-07-10,7.2003,5.9768
1996-07-11,7.2758,6.0734
1996-07-12,7.1195,5.9185
1996-07-15,6.8655,5.6899
1996-07-16,6.8404,5.5417
1996-07-17,6.6684,5.4192
1996-07-18,6.6391,5.3848
1996-07-19,6.5205,5.3363
1996-07-22,6.6343,5.4401
1996-07-23,6.5018,5.3036
1996-07-24,6.3706,5.1939
1996-07-25,6.3068,5.1778
1996-07-26,6.4425,5.28
1996-07-29,6.3821,5.2186
1996-07-30,6.3649,5.1731
1996-07-31,6.3366,5.1634
1996-08-01,6.6504,5.4001
1996-08-02,6.6454,5.4494
1996-08-05,6.7005,5.5349
1996-08-06,6.5885,5.4501
1996-08-07,6.5525,5.4377
1996-08-08,6.4748,5.3726
1996-08-09,6.5064,5.4018
1996-08-12,6.4203,5.3405
1996-08-13,6.3492,5.2923
1996-08-14,6.2441,5.2332
1996-08-15,6.2469,5.2207
1996-08-16,6.2357,5.2568
1996-08-19,6.2422,5.3268
1996-08-20,6.337,5.4457
1996-08-21,6.4303,5.5623
1996-08-22,6.4179,5.593
1996-08-23,6.4982,5.7603
1996-08-26,6.4667,5.6641
1996-08-27,6.412,5.5912
1996-08-28,6.4067,5.6168
1996-08-29,6.4533,5.7199
1996-08-30,,
1996-09-02,6.3276,5.6302
1996-09-03,6.2561,5.576
1996-09-04,6.3486,5.6504
1996-09-05,6.3225,5.5647
1996-09-06,6.3439,5.6011
1996-09-09,6.2905,5.56
1996-09-10,6.3642,5.5668
1996-09-11,6.4617,5.6534
1996-09-12,6.5139,5.7482
1996-09-13,6.4779,5.7431
1996-09-16,6.5819,5.9022
1996-09-17,6.6945,5.9732
1996-09-18,6.7674,5.9851
1996-09-19,6.8296,6.0926
1996-09-20,6.9494,6.2608
1996-09-23,6.9187,6.1212
1996-09-24,7.0847,6.2688
1996-09-25,7.2051,6.3606
1996-09-26,7.1533,6.3111
1996-09-27,7.1577,6.3742
1996-09-30,7.2453,6.4593
1996-10-01,7.1332,6.3284
1996-10-02,7.3847,6.5436
1996-10-03,7.5264,6.7682
1996-10-04,7.6695,7.12
1996-10-07,7.848,7.2904
1996-10-08,7.8712,7.3114
1996-10-09,7.9512,7.4902
1996-10-10,7.6572,7.1677
1996-10-11,7.6211,7.0277
1996-10-14,7.8016,7.3272
1996-10-15,7.7412,7.2038
1996-10-16,7.783,7.1785
1996-10-17,7.9719,7.2883
1996-10-18,8.1744,7.6932
1996-10-21,8.3301,8.1055
1996-10-22,8.1504,7.9387
1996-10-23,8.3772,8.2486
1996-10-24,8.3346,8.1144
1996-10-25,8.2421,7.9805
1996-10-28,,
1996-10-29,,
1996-10-30,8.3693,8.0724
1996-10-31,8.2006,7.9832
1996-11-01,8.2567,8.1147
1996-11-04,8.1171,7.7749
1996-11-05,8.1895,7.9169
1996-11-06,8.1464,7.827
1996-11-07,8.3505,8.1624
1996-11-08,8.3829,8.1644
1996-11-11,8.4692,8.2445
1996-11-12,8.3723,8.0707
1996-11-13,8.2215,7.9481
1996-11-14,8.1441,7.8293
1996-11-15,8.2542,7.9306
1996-11-18,8.3173,7.8894
1996-11-19,7.9861,7.4937
1996-11-20,8.4595,8.057
1996-11-21,8.7299,8.2982
1996-11-22,8.6984,8.3602
1996-11-25,8.808,8.5908
1996-11-26,8.8335,8.6973
1996-11-27,8.8749,8.789
1996-11-28,9.0741,8.9951
1996-11-29,9.1759,8.8912
1996-12-02,9.2134,8.8667
1996-12-03,9.2798,8.9906
1996-12-04,9.1603,8.7
1996-12-05,9.3923,9.1186
1996-12-06,9.4407,9.2849
1996-12-09,9.3917,9.191
1996-12-10,9.3217,9.1577
1996-12-11,9.1829,9.0276
1996-12-12,9.0823,8.8028
1996-12-13,8.9337,8.6366
1996-12-16,8.7157,8.3211
1996-12-17,9.0396,8.5906
1996-12-18,9.4304,8.9333
1996-12-19,9.4451,9.0263
1996-12-20,9.4879,8.831
1996-12-23,9.4107,8.6996
1996-12-24,9.3667,8.7062
1996-12-25,9.4735,8.8048
1996-12-26,9.7426,9.1641
1996-12-27,9.7589,9.1447
1996-12-30,,
1996-12-31,,
1997-01-01,,
1997-01-02,9.95,9.34
1997-01-03,10.35,9.69
1997-01-06,10.54,9.98
1997-01-07,10.94,10.5
1997-01-08,11.44,11.13
1997-01-09,11.46,11.04
1997-01-10,11.53,11.06
1997-01-13,11.36,10.9
1997-01-14,11.65,11.19
1997-01-15,11.78,11.45
1997-01-16,11.8,11.44
1997-01-17,11.94,11.43
1997-01-20,12.01,11.55
1997-01-21,12.28,11.78
1997-01-22,12.51,12.21
1997-01-23,13.52,13.36
1997-01-24,15.03,15.05
1997-01-27,17.0,17.06
1997-01-28,15.51,15.19
1997-01-29,15.87,15.66
1997-01-30,16.43,16.0
1997-01-31,16.05,15.65
1997-02-03,15.75,15.55
1997-02-04,14.65,14.33
1997-02-05,14.92,14.62
1997-02-06,15.56,15.15
1997-02-07,15.53,15.44
1997-02-10,,
1997-02-11,,
1997-02-12,15.78,15.91
1997-02-13,15.99,16.12
1997-02-14,15.55,15.73
1997-02-17,15.54,15.74
1997-02-18,15.96,16.26
1997-02-19,16.14,16.53
1997-02-20,16.42,17.04
1997-02-21,16.15,16.72
1997-02-24,16.28,16.86
1997-02-25,16.41,17.13
1997-02-26,16.23,16.89
1997-02-27,15.99,16.81
1997-02-28,16.12,16.99
1997-03-03,15.22,15.93
1997-03-04,14.43,15.28
1997-03-05,13.72,14.55
1997-03-06,14.82,15.75
1997-03-07,14.43,15.36
1997-03-10,14.61,15.34
1997-03-11,14.71,15.4
1997-03-12,14.37,15.11
1997-03-13,15.04,15.81
1997-03-14,14.99,15.59
1997-03-17,15.86,16.56
1997-03-18,16.07,16.62
1997-03-19,16.36,16.9
1997-03-20,16.49,17.16
1997-03-21,16.54,17.33
1997-03-24,16.51,17.72
1997-03-25,15.77,16.77
1997-03-26,15.82,16.72
1997-03-27,15.11,16.17
1997-03-28,15.52,16.92
1997-03-31,16.13,17.69
1997-04-01,15.9,17.27
1997-04-02,15.92,17.16
1997-04-03,15.65,16.84
1997-04-04,15.7,16.82
1997-04-07,15.32,16.43
1997-04-08,15.48,16.66
1997-04-09,15.3,16.28
1997-04-10,15.14,16.15
1997-04-11,15.05,16.13
1997-04-14,15.02,16.1
1997-04-15,15.35,16.44
1997-04-16,15.23,16.36
1997-04-17,15.32,16.55
1997-04-18,,
1997-04-21,,
1997-04-22,,
1997-04-23,,
1997-04-24,14.57,15.71
1997-04-25,14.66,15.8
1997-04-28,14.41,15.59
1997-04-29,14.35,15.56
1997-04-30,14.27,15.48
1997-05-01,14.69,15.76
1997-05-02,14.31,15.38
1997-05-05,13.92,15.12
1997-05-06,14.33,15.58
1997-05-07,14.78,16.19
1997-05-08,14.59,16.0
1997-05-09,14.43,15.73
1997-05-12,13.95,15.02
1997-05-13,14.08,15.13
1997-05-14,14.37,15.43
1997-05-15,15.15,16.71
1997-05-16,14.92,16.46
1997-05-19,,
1997-05-20,15.1,16.7
1997-05-21,15.09,16.76
1997-05-22,14.71,16.23
1997-05-23,14.67,16.11
1997-05-26,14.7,16.14
1997-05-27,15.23,16.84
1997-05-28,15.65,17.1
1997-05-29,15.29,16.72
1997-05-30,15.95,17.7
1997-06-02,16.55,18.42
1997-06-03,16.59,18.45
1997-06-04,16.49,18.13
1997-06-05,16.75,18.38
1997-06-06,16.69,18.25
1997-06-09,16.47,18.04
1997-06-10,16.44,18.1
1997-06-11,16.6,18.2
1997-06-12,16.27,17.9
1997-06-13,15.83,17.23
1997-06-16,15.82,17.15
1997-06-17,15.51,16.89
1997-06-18,15.65,17.0
1997-06-19,16.01,17.47
1997-06-20,16.42,17.76
1997-06-23,17.74,18.93
1997-06-24,16.84,17.88
1997-06-25,16.73,17.84
1997-06-26,17.05,18.11
1997-06-27,18.15,19.43
1997-06-30,18.57,20.11
1997-07-01,18.51,20.14
1997-07-02,18.73,20.53
1997-07-03,19.12,20.99
1997-07-04,19.18,20.91
1997-07-07,19.53,21.59
1997-07-08,19.11,20.94
1997-07-09,19.51,21.43
1997-07-10,19.99,21.7
1997-07-11,20.27,22.04
1997-07-14,20.43,22.07
1997-07-15,20.36,21.91
1997-07-16,20.09,21.59
1997-07-17,20.06,21.55
1997-07-18,20.1,21.51
1997-07-21,19.55,20.96
1997-07-22,19.53,20.86
1997-07-23,19.19,20.65
1997-07-24,19.25,20.67
1997-07-25,18.89,20.36
1997-07-28,18.36,19.66
1997-07-29,18.5,19.84
1997-07-30,19.03,20.17
1997-07-31,19.53,20.65
1997-08-01,19.73,21.23
1997-08-04,20.36,21.99
1997-08-05,20.03,21.79
1997-08-06,20.34,22.12
1997-08-07,20.5,22.17
1997-08-08,20.4,22.13
1997-08-11,20.32,22.03
1997-08-12,20.36,22.1
1997-08-13,20.05,21.72
1997-08-14,20.16,22.02
1997-08-15,20.04,21.68
1997-08-18,19.52,20.97
1997-08-19,19.4,20.82
1997-08-20,19.3,20.81
1997-08-21,19.75,21.25
1997-08-22,19.66,21.23
1997-08-25,19.51,21.03
1997-08-26,19.25,20.8
1997-08-27,19.25,20.76
1997-08-28,19.73,21.43
1997-08-29,19.8,21.43
1997-09-01,19.78,21.62
1997-09-02,20.2,22.11
1997-09-03,20.54,22.56
1997-09-04,21.04,22.8
1997-09-05,21.24,22.85
1997-09-08,21.98,23.7
1997-09-09,22.35,24.02
1997-09-10,22.59,24.47
1997-09-11,22.93,25.31
1997-09-12,23.07,25.58
1997-09-15,23.62,26.4
1997-09-16,23.59,26.75
1997-09-17,24.1,26.85
1997-09-18,24.07,26.63
1997-09-19,23.9,26.14
1997-09-22,24.02,26.29
1997-09-23,24.13,26.53
1997-09-24,24.87,27.24
1997-09-25,25.55,28.31
1997-09-26,25.92,28.6
1997-09-29,26.44,29.44
1997-09-30,25.93,28.84
1997-10-01,25.84,29.04
1997-10-02,26.97,30.27
1997-10-03,27.52,31.12
1997-10-06,28.49,31.91
1997-10-07,28.54,32.08
1997-10-08,29.39,33.24
1997-10-09,29.54,33.78
1997-10-10,29.43,33.73
1997-10-13,30.48,35.13
1997-10-14,32.12,37.25
1997-10-15,32.23,37.48
1997-10-16,32.58,38.13
1997-10-17,34.51,40.72
1997-10-20,34.16,40.33
1997-10-21,34.42,40.89
1997-10-22,34.97,42.17
1997-10-23,35.43,42.12
1997-10-24,35.12,41.78
1997-10-27,31.19,36.7
1997-10-28,28.24,33.22
1997-10-29,,
1997-10-30,27.17,31.7
1997-10-31,28.46,33.21
1997-11-03,28.46,34.35
1997-11-04,29.72,36.58
1997-11-05,31.68,39.14
1997-11-06,31.63,39.07
1997-11-07,29.58,35.71
1997-11-10,29.83,36.1
1997-11-11,29.18,35.12
1997-11-12,28.01,33.5
1997-11-13,26.94,32.57
1997-11-14,26.92,32.58
1997-11-17,28.9,35.29
1997-11-18,29.62,36.3
1997-11-19,29.15,35.86
1997-11-20,29.69,36.88
1997-11-21,30.77,38.19
1997-11-24,27.87,34.22
1997-11-25,28.42,34.95
1997-11-26,29.02,36.03
1997-11-27,29.04,35.99
1997-11-28,28.79,35.65
1997-12-01,28.14,34.74
1997-12-02,29.23,36.31
1997-12-03,29.98,37.18
1997-12-04,30.53,38.34
1997-12-05,29.68,36.94
1997-12-08,28.57,35.43
1997-12-09,29.25,36.74
1997-12-10,29.4,37.53
1997-12-11,28.67,36.27
1997-12-12,28.43,35.93
1997-12-15,29.7,37.11
1997-12-16,29.53,37.0
1997-12-17,30.07,37.84
1997-12-18,30.58,38.29
1997-12-19,31.45,39.33
1997-12-22,31.77,39.93
1997-12-23,31.75,39.93
1997-12-24,31.29,39.4
1997-12-25,30.75,38.92
1997-12-26,31.83,40.88
1997-12-29,33.35,43.99
1997-12-30,34.59,45.87
1997-12-31,34.51,45.22
1998-01-01,,
1998-01-02,,
1998-01-05,37.114,48.7859
1998-01-06,36.5196,47.6663
1998-01-07,36.826,47.8589
1998-01-08,35.9011,45.7914
1998-01-09,35.8711,46.0998
1998-01-12,31.9967,41.088
1998-01-13,34.1393,44.3561
1998-01-14,32.8493,42.5295
1998-01-15,32.9459,42.803
1998-01-16,33.8483,43.9981
1998-01-19,35.1309,45.4995
1998-01-20,34.7793,44.6208
1998-01-21,35.2393,45.1374
1998-01-22,34.5221,44.0062
1998-01-23,34.5982,43.9295
1998-01-26,35.1716,45.0473
1998-01-27,35.1537,44.6429
1998-01-28,35.4718,44.9644
1998-01-29,,
1998-01-30,,
1998-02-02,33.6721,42.757
1998-02-03,32.4907,41.4272
1998-02-04,30.3483,38.6848
1998-02-05,29.815,38.496
1998-02-06,29.8657,38.5075
1998-02-09,28.4751,36.8315
1998-02-10,27.7708,36.2805
1998-02-11,29.2687,38.4493
1998-02-12,30.0804,39.6677
1998-02-13,30.1458,39.6234
1998-02-16,30.3711,39.6842
1998-02-17,31.0319,40.3805
1998-02-18,31.0514,40.25
1998-02-19,29.0843,38.3264
1998-02-20,29.73,39.0414
1998-02-23,33.0681,43.8094
1998-02-24,32.2572,42.8139
1998-02-25,33.3344,43.4969
1998-02-26,34.0242,44.044
1998-02-27,32.7221,42.6987
1998-03-02,33.4665,43.4583
1998-03-03,33.5356,43.618
1998-03-04,33.2056,43.188
1998-03-05,34.0614,44.2305
1998-03-06,34.6981,44.8848
1998-03-09,35.1401,45.0171
1998-03-10,35.2937,45.7706
1998-03-11,35.193,45.9079
1998-03-12,34.9287,45.655
1998-03-13,33.8923,43.4634
1998-03-16,33.7741,43.3955
1998-03-17,33.9745,43.6096
1998-03-18,33.0568,42.5207
1998-03-19,32.4767,41.5348
1998-03-20,32.6979,41.8154
1998-03-23,32.6681,41.3042
1998-03-24,32.4109,41.0508
1998-03-25,33.0091,41.6132
1998-03-26,33.3822,41.7337
1998-03-27,33.1376,40.9145
1998-03-30,32.2279,39.6499
1998-03-31,32.5906,40.2412
1998-04-01,32.6031,40.0666
1998-04-02,33.4442,41.1389
1998-04-03,34.4304,42.082
1998-04-06,,
1998-04-07,,
1998-04-08,,
1998-04-09,,
1998-04-10,,
1998-04-13,36.4541,44.6186
1998-04-14,36.6299,44.2006
1998-04-15,38.2175,46.1597
1998-04-16,40.5438,49.404
1998-04-17,41.209,50.088
1998-04-20,41.0128,50.2208
1998-04-21,42.6568,52.1427
1998-04-22,43.6577,53.8939
1998-04-23,,
1998-04-24,40.8957,50.8532
1998-04-27,40.2086,50.2128
1998-04-28,38.7356,48.2239
1998-04-29,39.8316,49.9281
1998-04-30,41.945,52.5653
1998-05-01,42.3111,53.2162
1998-05-04,42.6549,53.9483
1998-05-05,42.5877,53.8421
1998-05-06,42.1795,52.9305
1998-05-07,40.9353,51.2395
1998-05-08,42.1008,52.7409
1998-05-11,42.5408,52.8167
1998-05-12,42.2355,52.6173
1998-05-13,42.605,52.9985
1998-05-14,42.2999,52.6003
1998-05-15,41.37,51.3414
1998-05-18,39.7024,49.2652
1998-05-19,,
1998-05-20,40.9413,51.2404
1998-05-21,41.2225,51.1187
1998-05-22,41.0802,50.7314
1998-05-25,40.7738,50.2049
1998-05-26,39.9494,48.8652
1998-05-27,36.6685,44.3391
1998-05-28,37.5133,45.5719
1998-05-29,37.2775,45.1964
1998-06-01,36.0463,43.8189
1998-06-02,37.5321,46.1252
1998-06-03,37.7351,46.1871
1998-06-04,40.1228,49.2854
1998-06-05,40.8003,49.9858
1998-06-08,41.9303,51.5687
1998-06-09,41.0849,50.2609
1998-06-10,40.3288,49.1431
1998-06-11,40.2113,49.0387
1998-06-12,40.2768,49.2843
1998-06-15,37.9348,46.3261
1998-06-16,39.1094,47.4122
1998-06-17,40.4711,49.7317
1998-06-18,39.6551,48.707
1998-06-19,40.0711,49.1278
1998-06-22,39.0773,47.5328
1998-06-23,40.0479,48.4698
1998-06-24,39.8041,47.9202
1998-06-25,40.5579,49.2289
1998-06-26,40.1408,48.5607
1998-06-29,41.1992,49.8067
1998-06-30,41.0,49.5742
1998-07-01,41.2456,50.2158
1998-07-02,42.9288,52.5003
1998-07-03,44.8505,55.3145
1998-07-06,44.9681,55.5327
1998-07-07,44.7071,54.8995
1998-07-08,45.0593,55.2508
1998-07-09,44.0304,53.9337
1998-07-10,43.4431,52.8369
1998-07-13,42.2401,51.3111
1998-07-14,43.726,53.7948
1998-07-15,44.3537,55.3291
1998-07-16,45.3099,56.5995
1998-07-17,45.1479,55.8102
1998-07-20,44.7796,55.0879
1998-07-21,43.7753,54.3685
1998-07-22,43.6471,54.3674
1998-07-23,43.6556,54.264
1998-07-24,42.7,52.3914
1998-07-27,43.2611,53.1474
1998-07-28,42.7628,52.2416
1998-07-29,42.3125,51.5613
1998-07-30,43.1724,52.6095
1998-07-31,43.2232,52.7845
1998-08-03,42.5485,52.0764
1998-08-04,41.2836,50.3214
1998-08-05,39.7738,48.5932
1998-08-06,38.8931,47.5636
1998-08-07,39.4194,48.4503
1998-08-10,37.156,45.5638
1998-08-11,34.3248,42.1773
1998-08-12,35.5451,43.2123
1998-08-13,33.116,40.0145
1998-08-14,33.5174,40.1898
1998-08-17,31.7061,37.9278
1998-08-18,32.3091,38.7344
1998-08-19,33.5858,40.8512
1998-08-20,35.3302,43.6812
1998-08-21,33.7229,41.6161
1998-08-24,32.9275,40.618
1998-08-25,32.5324,39.7718
1998-08-26,29.9725,36.4877
1998-08-27,26.0399,31.5955
1998-08-28,26.7201,33.344
1998-08-31,26.3514,32.3122
1998-09-01,25.2456,31.2233
1998-09-02,26.6553,33.1341
1998-09-03,25.4022,31.45
1998-09-04,26.3771,32.8542
1998-09-07,26.4019,32.7803
1998-09-08,26.5839,33.1344
1998-09-09,26.0004,32.3254
1998-09-10,24.8797,30.7706
1998-09-11,23.2868,28.71
1998-09-14,23.0497,28.7145
1998-09-15,21.9895,27.5505
1998-09-16,21.2701,26.8352
1998-09-17,19.4842,24.4037
1998-09-18,22.7833,28.6556
1998-09-21,21.4165,26.6514
1998-09-22,23.4275,28.8821
1998-09-23,24.0108,29.6063
1998-09-24,26.3571,32.4342
1998-09-25,23.369,28.531
1998-09-28,23.2292,28.0182
1998-09-29,23.8623,28.5872
1998-09-30,22.6594,26.877
1998-10-01,20.855,24.6559
1998-10-02,20.7975,24.6298
1998-10-05,18.9245,22.1448
1998-10-06,19.2395,22.6776
1998-10-07,18.5828,21.9541
1998-10-08,18.5228,21.9096
1998-10-09,19.4605,23.1555
1998-10-12,21.6072,26.0871
1998-10-13,21.0266,25.4113
1998-10-14,19.9734,24.0909
1998-10-15,19.8536,24.2121
1998-10-16,19.9073,24.2796
1998-10-19,20.2206,24.7702
1998-10-20,21.774,26.5713
1998-10-21,22.2643,27.2854
1998-10-22,22.1021,26.8295
1998-10-23,22.7478,27.8642
1998-10-26,22.2615,27.2966
1998-10-27,22.1866,27.4194
1998-10-28,21.9638,27.0246
1998-10-29,,
1998-10-30,,
1998-11-02,22.7655,28.2981
1998-11-03,24.0772,30.0632
1998-11-04,25.9526,32.7792
1998-11-05,24.4785,30.5254
1998-11-06,25.5471,31.6248
1998-11-09,25.3364,32.0071
1998-11-10,25.1679,31.5622
1998-11-11,21.4109,26.7537
1998-11-12,21.0277,26.269
1998-11-13,21.1541,26.3469
1998-11-16,23.0816,28.8628
1998-11-17,22.217,27.5353
1998-11-18,21.8243,26.8165
1998-11-19,22.4309,27.5605
1998-11-20,23.3353,28.9381
1998-11-23,25.6181,32.1231
1998-11-24,23.6835,29.6292
1998-11-25,24.7062,30.9468
1998-11-26,25.6413,32.1726
1998-11-27,26.0452,32.5895
1998-11-30,25.7754,32.4129
1998-12-01,25.0476,31.4539
1998-12-02,25.984,32.8369
1998-12-03,26.045,32.9846
1998-12-04,25.3457,31.8475
1998-12-07,24.9305,31.2139
1998-12-08,24.8795,31.1457
1998-12-09,23.8542,29.925
1998-12-10,24.0223,30.176
1998-12-11,24.1294,30.4892
1998-12-14,24.5855,31.1973
1998-12-15,24.3597,30.9752
1998-12-16,22.7746,29.009
1998-12-17,22.4013,28.5509
1998-12-18,23.3968,29.8503
1998-12-21,24.186,30.9349
1998-12-22,24.2106,30.7156
1998-12-23,24.7039,31.3918
1998-12-24,24.9255,31.5419
1998-12-25,26.0783,32.8217
1998-12-28,25.8473,32.7729
1998-12-29,25.7948,32.5064
1998-12-30,25.3479,31.8596
1998-12-31,25.9791,32.6958
1999-01-01,,
1999-01-04,27.5836,34.5359
1999-01-05,28.2345,35.1885
1999-01-06,28.8598,36.4814
1999-01-07,27.6347,35.1059
1999-01-08,27.2151,34.3915
1999-01-11,26.7055,33.5035
1999-01-12,26.6778,33.7735
1999-01-13,24.4753,30.7915
1999-01-14,25.5459,32.049
1999-01-15,24.823,30.9313
1999-01-18,,
1999-01-19,,
1999-01-20,,
1999-01-21,,
1999-01-22,,
1999-01-25,24.0887,30.032
1999-01-26,24.402,30.6434
1999-01-27,25.5209,32.374
1999-01-28,25.1375,31.7831
1999-01-29,25.6816,32.4075
1999-02-01,26.5615,33.8244
1999-02-02,26.2138,33.1524
1999-02-03,26.713,33.7618
1999-02-04,27.9158,35.5482
1999-02-05,27.4782,34.9072
1999-02-08,28.1467,35.695
1999-02-09,29.242,37.9476
1999-02-10,29.7032,39.2946
1999-02-11,30.3535,40.0428
1999-02-12,30.8885,40.5631
1999-02-15,30.9502,40.3148
1999-02-16,33.5538,44.8292
1999-02-17,36.2133,49.5582
1999-02-18,36.529,49.487
1999-02-19,37.1824,50.0545
1999-02-22,36.3635,48.2297
1999-02-23,35.5713,46.106
1999-02-24,35.9907,46.7502
1999-02-25,37.6848,49.4951
1999-02-26,38.9083,50.9984
1999-03-01,38.9317,50.598
1999-03-02,38.1747,49.4383
1999-03-03,39.1641,51.1944
1999-03-04,37.8769,49.857
1999-03-05,38.581,50.8131
1999-03-08,38.4744,50.4576
1999-03-09,39.6228,52.4156
1999-03-10,38.8731,51.4349
1999-03-11,40.8861,54.4043
1999-03-12,41.2411,54.9314
1999-03-15,40.4721,53.887
1999-03-16,39.0905,51.7969
1999-03-17,40.6784,54.0058
1999-03-18,41.6988,55.5688
1999-03-19,43.0885,57.1467
1999-03-22,43.1627,57.3478
1999-03-23,43.1509,56.9848
1999-03-24,42.2014,55.6821
1999-03-25,44.1563,58.5569
1999-03-26,45.5407,60.7384
1999-03-29,,
1999-03-30,,
1999-03-31,,
1999-04-01,,
1999-04-02,,
1999-04-05,47.0609,63.5075
1999-04-06,48.9666,66.8562
1999-04-07,49.2692,66.6624
1999-04-08,47.3781,63.5189
1999-04-09,46.0696,62.0313
1999-04-12,43.7557,59.1791
1999-04-13,39.8602,53.5419
1999-04-14,43.8157,59.538
1999-04-15,43.5087,59.4096
1999-04-16,45.8215,63.0464
1999-04-19,45.6264,62.8227
1999-04-20,50.187,69.4559
1999-04-21,49.8106,68.6274
1999-04-22,51.542,71.3107
1999-04-23,,
1999-04-26,53.0513,72.6325
1999-04-27,52.9564,72.5495
1999-04-28,54.8368,75.0024
1999-04-29,54.4027,74.4394
1999-04-30,53.5403,73.0482
1999-05-03,53.9378,73.6199
1999-05-04,54.5184,75.0604
1999-05-05,55.8036,76.4598
1999-05-06,55.9071,76.4069
1999-05-07,56.0647,77.4655
1999-05-10,56.6861,78.5915
1999-05-11,58.1113,80.4596
1999-05-12,54.5768,74.7959
1999-05-13,54.0544,73.8791
1999-05-14,56.5623,76.9128
1999-05-17,55.4369,75.8854
1999-05-18,57.0315,78.1828
1999-05-19,,
1999-05-20,56.5335,76.8845
1999-05-21,54.965,74.0461
1999-05-24,52.7215,70.3241
1999-05-25,50.8623,67.312
1999-05-26,50.7779,67.2482
1999-05-27,52.651,71.0159
1999-05-28,52.4737,70.378
1999-05-31,50.6922,68.2241
1999-06-01,51.2661,69.0323
1999-06-02,49.6407,67.1226
1999-06-03,49.8617,67.5427
1999-06-04,53.6695,73.4662
1999-06-07,52.9855,72.2195
1999-06-08,52.8829,71.8655
1999-06-09,52.8912,72.1111
1999-06-10,55.6028,76.0811
1999-06-11,55.3182,75.334
1999-06-14,54.0209,73.1226
1999-06-15,52.4107,70.8964
1999-06-16,50.8153,68.9118
1999-06-17,52.6255,71.8125
1999-06-18,53.2158,73.1142
1999-06-21,52.8915,72.8936
1999-06-22,52.1917,71.7778
1999-06-23,51.2959,70.7945
1999-06-24,50.9007,70.2124
1999-06-25,49.4156,67.9711
1999-06-28,46.8097,64.4568
1999-06-29,46.7639,64.6319
1999-06-30,49.5021,67.8144
1999-07-01,51.5998,70.5814
1999-07-02,48.6088,66.9375
1999-07-05,50.3067,69.4552
1999-07-06,48.1979,66.3292
1999-07-07,47.5523,65.3623
1999-07-08,48.772,66.8602
1999-07-09,51.2879,70.0244
1999-07-12,56.2078,77.8853
1999-07-13,55.7499,77.8601
1999-07-14,57.8271,80.8222
1999-07-15,57.6343,80.2608
1999-07-16,56.7626,79.1125
1999-07-19,59.2483,82.5124
1999-07-20,59.9079,83.7789
1999-07-21,60.0366,83.6016
1999-07-22,58.6534,81.4319
1999-07-23,57.8291,79.9644
1999-07-26,55.2945,75.7409
1999-07-27,57.5954,78.9157
1999-07-28,56.9405,77.8408
1999-07-29,57.1042,78.0202
1999-07-30,58.0545,79.3852
1999-08-02,56.8179,77.5056
1999-08-03,57.0664,77.761
1999-08-04,56.8728,77.4137
1999-08-05,55.9669,76.1471
1999-08-06,56.0373,76.0801
1999-08-09,58.0716,78.4027
1999-08-10,57.5546,77.7519
1999-08-11,56.7504,76.4969
1999-08-12,56.2761,75.7743
1999-08-13,57.8655,77.9554
1999-08-16,58.0711,78.5323
1999-08-17,,
1999-08-18,,
1999-08-19,,
1999-08-20,,
1999-08-23,,
1999-08-24,,
1999-08-25,,
1999-08-26,52.0407,69.0211
1999-08-27,52.7731,69.2404
1999-08-30,,
1999-08-31,50.1828,65.3048
1999-09-01,51.3775,66.7016
1999-09-02,52.3009,68.193
1999-09-03,53.5864,69.9248
1999-09-06,58.2386,76.7141
1999-09-07,57.9978,76.0822
1999-09-08,60.9496,79.124
1999-09-09,61.1818,78.2451
1999-09-10,61.7829,78.3279
1999-09-13,60.5078,76.769
1999-09-14,61.4283,78.035
1999-09-15,61.0829,77.9641
1999-09-16,61.5069,78.2779
1999-09-17,61.6584,78.1637
1999-09-20,62.2199,78.4377
1999-09-21,61.7383,77.7397
1999-09-22,61.2125,77.4104
1999-09-23,62.5206,79.3763
1999-09-24,61.7927,78.5432
1999-09-27,60.9278,77.2877
1999-09-28,60.8693,77.8144
1999-09-29,60.9666,77.8723
1999-09-30,60.7112,77.5594
1999-10-01,59.6153,76.088
1999-10-04,58.5046,74.8941
1999-10-05,58.2221,73.9736
1999-10-06,59.2337,75.2913
1999-10-07,58.5524,74.5065
1999-10-08,57.9482,73.7547
1999-10-11,56.9977,72.4404
1999-10-12,57.8241,73.7464
1999-10-13,57.0153,72.6391
1999-10-14,57.189,73.8292
1999-10-15,59.3082,76.9618
1999-10-18,59.9802,77.567
1999-10-19,59.7006,77.0548
1999-10-20,59.1219,76.1183
1999-10-21,58.399,75.1034
1999-10-22,61.6052,79.5555
1999-10-25,64.0343,83.6069
1999-10-26,65.4555,86.1529
1999-10-27,65.0992,86.2795
1999-10-28,65.0992,86.2795
1999-10-29,,
1999-11-01,65.3473,88.2618
1999-11-02,65.4223,89.2764
1999-11-03,68.4369,93.8267
1999-11-04,70.4306,96.1494
1999-11-05,71.3254,96.9168
1999-11-08,71.7619,97.6054
1999-11-09,75.9354,105.3011
1999-11-10,79.1844,110.8682
1999-11-11,80.5758,112.6241
1999-11-12,82.9862,115.3044
1999-11-15,83.6485,116.1374
1999-11-16,83.3477,115.7015
1999-11-17,82.4489,113.1631
1999-11-18,83.2907,114.5243
1999-11-19,85.0937,117.4828
1999-11-22,88.7979,123.4504
1999-11-23,86.5679,119.5933
1999-11-24,85.5466,118.5575
1999-11-25,85.2582,117.5058
1999-11-26,79.9487,109.0708
1999-11-29,81.0475,109.38
1999-11-30,84.5948,113.9588
1999-12-01,87.762,117.4292
1999-12-02,92.1181,124.0875
1999-12-03,94.082,127.7749
1999-12-06,98.6108,135.1931
1999-12-07,100.7625,138.225
1999-12-08,98.4961,133.7672
1999-12-09,103.3675,141.697
1999-12-10,114.6784,159.9983
1999-12-13,129.1124,182.5514
1999-12-14,120.642,167.8492
1999-12-15,125.6005,173.2111
1999-12-16,129.7952,176.8044
1999-12-17,132.0608,179.0937
1999-12-20,134.3395,179.7068
1999-12-21,134.7997,179.6047
1999-12-22,135.8399,183.8575
1999-12-23,134.2858,182.1606
1999-12-24,144.0377,196.5868
1999-12-27,157.4794,218.1925
1999-12-28,152.0878,211.8077
1999-12-29,,
1999-12-30,,
1999-12-31,,
2000-01-03,,
2000-01-04,175.12,244.43
2000-01-05,169.32,230.62
2000-01-06,162.0,212.32
2000-01-07,158.37,208.4189
2000-01-10,,
2000-01-11,163.47,215.73
2000-01-12,169.34,221.87
2000-01-13,181.38,238.22
2000-01-14,191.1,250.8
2000-01-17,184.58,241.41
2000-01-18,195.77,260.57
2000-01-19,192.8836,256.6603
2000-01-20,,
2000-01-21,175.9365,234.4564
2000-01-24,165.7357,222.9699
2000-01-25,173.9941,234.268
2000-01-26,180.14,243.72
2000-01-27,180.99,244.74
2000-01-28,181.72,246.7
2000-01-31,167.15,224.89
2000-02-01,163.42,220.02
2000-02-02,160.4,216.76
2000-02-03,160.97,216.64
2000-02-04,168.71,226.79
2000-02-07,163.78,220.82
2000-02-08,160.5,216.44
2000-02-09,154.33,207.33
2000-02-10,158.3,212.69
2000-02-11,155.98,210.03
2000-02-14,152.37,206.36
2000-02-15,158.59,214.86
2000-02-16,158.34,214.36
2000-02-17,153.42,208.67
2000-02-18,153.64,209.45
2000-02-21,145.69,198.78
2000-02-22,139.94,192.64
2000-02-23,134.47,185.18
2000-02-24,146.52,200.95
2000-02-25,156.18,213.91
2000-02-28,153.15,210.75
2000-02-29,159.46,218.56
2000-03-01,171.99,236.53
2000-03-02,169.4,230.03
2000-03-03,167.84,227.63
2000-03-06,165.63,226.07
2000-03-07,172.23,235.05
2000-03-08,173.44,237.52
2000-03-09,183.15,251.51
2000-03-10,178.41,243.93
2000-03-13,,
2000-03-14,,
2000-03-15,,
2000-03-16,,
2000-03-17,,
2000-03-20,174.44,237.78
2000-03-21,175.46,239.65
2000-03-22,168.23,228.89
2000-03-23,174.39,239.01
2000-03-24,176.69,242.2
2000-03-27,176.12,240.35
2000-03-28,172.77,235.89
2000-03-29,169.51,232.02
2000-03-30,156.86,214.56
2000-03-31,159.2,218.14
2000-04-03,157.61,214.44
2000-04-04,162.16,221.1
2000-04-05,158.63,216.35
2000-04-06,169.17,230.29
2000-04-07,169.01,228.54
2000-04-10,168.55,229.69
2000-04-11,165.59,226.19
2000-04-12,169.03,232.85
2000-04-13,177.46,242.5
2000-04-14,183.67,248.91
2000-04-17,172.46,232.36
2000-04-18,167.09,224.31
2000-04-19,168.09,225.36
2000-04-20,169.39,227.26
2000-04-21,169.86,226.98
2000-04-24,170.02,227.47
2000-04-25,179.56,239.68
2000-04-26,185.82,248.56
2000-04-27,184.7,247.41
2000-04-28,192.06,257.34
2000-05-01,190.59,255.07
2000-05-02,194.06,262.59
2000-05-03,190.92,258.37
2000-05-04,180.28,243.53
2000-05-05,180.86,242.4
2000-05-08,173.45,203.74
2000-05-09,179.74,241.55
2000-05-10,177.77,239.49
2000-05-11,178.97,241.1
2000-05-12,175.57,236.51
2000-05-15,170.13,229.96
2000-05-16,174.93,237.54
2000-05-17,169.25,230.12
2000-05-18,164.49,222.79
2000-05-19,,
2000-05-22,162.41,219.91
2000-05-23,155.84,211.33
2000-05-24,158.2,214.36
2000-05-25,163.29,222.38
2000-05-26,159.22,216.96
2000-05-29,158.84,215.74
2000-05-30,157.69,214.23
2000-05-31,162.06,221.0
2000-06-01,167.7,229.54
2000-06-02,165.2,226.34
2000-06-05,166.29,228.06
2000-06-06,167.2,229.21
2000-06-07,161.92,220.86
2000-06-08,166.63,226.45
2000-06-09,164.61,221.98
2000-06-12,159.03,213.46
2000-06-13,156.14,207.77
2000-06-14,151.84,201.86
2000-06-15,149.66,198.52
2000-06-16,143.51,189.72
2000-06-19,145.44,192.89
2000-06-20,147.48,195.05
2000-06-21,146.59,193.2
2000-06-22,148.85,197.21
2000-06-23,149.31,199.43
2000-06-26,146.33,194.03
2000-06-27,146.63,194.82
2000-06-28,147.9,197.47
2000-06-29,144.05,191.37
2000-06-30,144.66,193.49
2000-07-03,145.54,194.7
2000-07-04,142.54,190.84
2000-07-05,143.01,190.72
2000-07-06,145.44,193.89
2000-07-07,143.77,191.59
2000-07-10,145.77,194.68
2000-07-11,145.09,192.66
2000-07-12,138.31,183.31
2000-07-13,137.92,182.6
2000-07-14,134.36,177.04
2000-07-17,129.48,170.5
2000-07-18,127.66,169.52
2000-07-19,128.03,170.02
2000-07-20,131.54,175.57
2000-07-21,133.07,178.14
2000-07-24,135.87,182.76
2000-07-25,137.67,185.61
2000-07-26,136.73,184.16
2000-07-27,135.72,182.65
2000-07-28,138.29,186.07
2000-07-31,139.61,188.81
2000-08-01,139.86,188.96
2000-08-02,142.15,191.48
2000-08-03,140.31,188.09
2000-08-04,138.99,186.01
2000-08-07,134.89,181.4
2000-08-08,133.1,179.47
2000-08-09,130.64,174.96
2000-08-10,128.16,172.07
2000-08-11,126.11,168.52
2000-08-14,135.2,183.82
2000-08-15,134.76,182.95
2000-08-16,130.66,176.75
2000-08-17,128.9,173.59
2000-08-18,130.1,175.59
2000-08-21,130.94,176.6
2000-08-22,124.47,167.69
2000-08-23,130.59,176.53
2000-08-24,133.44,180.66
2000-08-25,131.71,178.17
2000-08-28,130.76,177.1
2000-08-29,131.27,178.81
2000-08-30,,
2000-08-31,131.2,178.43
2000-09-01,130.92,178.0
2000-09-04,131.7,179.9
2000-09-05,131.73,179.93
2000-09-06,132.56,181.08
2000-09-07,127.82,174.53
2000-09-08,123.5,168.84
2000-09-11,119.99,162.19
2000-09-12,112.98,152.91
2000-09-13,118.53,160.03
2000-09-14,116.06,156.49
2000-09-15,114.34,153.16
2000-09-18,109.64,146.67
2000-09-19,107.29,143.24
2000-09-20,108.25,144.99
2000-09-21,112.77,152.42
2000-09-22,109.07,147.18
2000-09-25,111.53,150.74
2000-09-26,112.07,152.01
2000-09-27,112.41,152.02
2000-09-28,114.07,154.21
2000-09-29,112.01,151.57
2000-10-02,112.55,152.05
2000-10-03,114.24,154.16
2000-10-04,114.73,154.8
2000-10-05,118.34,160.7
2000-10-06,120.67,163.94
2000-10-09,122.77,166.82
2000-10-10,124.92,168.75
2000-10-11,132.63,181.4
2000-10-12,131.23,179.84
2000-10-13,126.07,172.43
2000-10-16,134.35,184.63
2000-10-17,137.43,188.68
2000-10-18,135.39,184.94
2000-10-19,134.44,184.61
2000-10-20,139.46,190.81
2000-10-23,133.43,181.64
2000-10-24,132.1,180.36
2000-10-25,135.45,185.05
2000-10-26,132.81,180.85
2000-10-27,133.78,183.62
2000-10-30,132.53,181.05
2000-10-31,135.24,185.34
2000-11-01,138.08,189.31
2000-11-02,142.14,195.0
2000-11-03,146.36,200.66
2000-11-06,145.76,198.91
2000-11-07,141.39,191.72
2000-11-08,137.11,185.67
2000-11-09,135.98,183.85
2000-11-10,138.79,187.76
2000-11-13,136.2,183.87
2000-11-14,129.57,174.3
2000-11-15,132.2,179.16
2000-11-16,132.21,179.98
2000-11-17,129.85,176.91
2000-11-20,123.49,168.45
2000-11-21,119.35,162.37
2000-11-22,109.24,148.65
2000-11-23,114.11,155.08
2000-11-24,109.67,148.21
2000-11-27,108.51,145.47
2000-11-28,96.44,129.02
2000-11-29,94.35,125.24
2000-11-30,96.36,128.47
2000-12-01,83.78,111.1
2000-12-04,73.4,97.55
2000-12-05,80.67,107.97
2000-12-06,94.73,127.04
2000-12-07,102.34,139.03
2000-12-08,90.88,123.53
2000-12-11,96.16,131.33
2000-12-12,94.82,129.77
2000-12-13,86.77,119.95
2000-12-14,89.28,121.9
2000-12-15,97.93,133.01
2000-12-18,92.72,126.87
2000-12-19,92.09,126.76
2000-12-20,90.66,125.13
2000-12-21,91.57,125.42
2000-12-22,94.06,127.94
2000-12-25,,
2000-12-26,,
2000-12-27,,
2000-12-28,,
2000-12-29,,
2001-01-01,,
2001-01-02,93.71,127.15
2001-01-03,94.14,128.55
2001-01-04,98.6,134.88
2001-01-05,101.45,139.57
2001-01-08,101.35,138.95
2001-01-09,105.61,145.97
2001-01-10,112.21,155.75
2001-01-11,114.25,157.19
2001-01-12,110.29,152.88
2001-01-15,106.26,147.78
2001-01-16,104.04,144.38
2001-01-17,107.14,150.13
2001-01-18,111.65,157.02
2001-01-19,111.39,157.56
2001-01-22,114.07,161.58
2001-01-23,107.47,152.61
2001-01-24,112.81,160.91
2001-01-25,108.48,155.95
2001-01-26,109.26,156.42
2001-01-29,104.95,150.75
2001-01-30,104.84,150.7
2001-01-31,104.38,149.71
2001-02-01,106.02,152.19
2001-02-02,106.19,152.42
2001-02-05,101.71,145.73
2001-02-06,98.56,141.41
2001-02-07,98.97,142.18
2001-02-08,99.3,143.12
2001-02-09,93.33,133.55
2001-02-12,91.5,131.16
2001-02-13,90.32,129.85
2001-02-14,96.58,139.52
2001-02-15,98.87,143.15
2001-02-16,99.15,143.6
2001-02-19,89.96,130.61
2001-02-20,87.09,126.57
2001-02-21,77.16,111.91
2001-02-22,79.46,113.84
2001-02-23,80.39,110.63
2001-02-26,89.59,122.22
2001-02-27,87.84,120.37
2001-02-28,85.12,115.09
2001-03-01,92.43,125.86
2001-03-02,94.71,128.78
2001-03-05,,
2001-03-06,,
2001-03-07,,
2001-03-08,,
2001-03-09,,
2001-03-12,92.35,125.17
2001-03-13,81.5,108.66
2001-03-14,84.81,113.14
2001-03-15,81.93,109.79
2001-03-16,87.74,117.09
2001-03-19,87.43,117.16
2001-03-20,88.17,118.7
2001-03-21,89.35,120.16
2001-03-22,83.32,112.0
2001-03-23,83.49,112.43
2001-03-26,83.73,112.82
2001-03-27,79.87,107.43
2001-03-28,74.09,99.99
2001-03-29,73.41,98.97
2001-03-30,75.49,101.8
2001-04-02,79.04,107.17
2001-04-03,78.65,106.61
2001-04-04,78.49,106.82
2001-04-05,83.8,114.65
2001-04-06,83.97,115.76
2001-04-09,83.58,114.4
2001-04-10,83.43,114.88
2001-04-11,84.49,117.13
2001-04-12,88.72,121.59
2001-04-13,91.03,125.63
2001-04-16,91.25,125.92
2001-04-17,90.03,123.64
2001-04-18,90.12,123.36
2001-04-19,92.66,126.69
2001-04-20,95.75,130.46
2001-04-23,,
2001-04-24,98.4,134.31
2001-04-25,101.54,139.46
2001-04-26,104.05,143.14
2001-04-27,117.94,163.21
2001-04-30,125.91,176.92
2001-05-01,122.35,171.51
2001-05-02,120.4,168.77
2001-05-03,123.85,173.55
2001-05-04,131.4,187.06
2001-05-07,126.08,178.99
2001-05-08,123.29,175.27
2001-05-09,124.75,177.08
2001-05-10,123.83,175.46
2001-05-11,117.68,165.48
2001-05-14,118.6,168.65
2001-05-15,119.4,169.63
2001-05-16,120.87,172.28
2001-05-17,125.12,179.99
2001-05-18,123.93,178.63
2001-05-21,126.04,181.93
2001-05-22,129.11,186.21
2001-05-23,122.94,177.13
2001-05-24,119.22,171.02
2001-05-25,118.36,169.96
2001-05-28,116.92,167.64
2001-05-29,110.72,158.45
2001-05-30,110.23,158.06
2001-05-31,101.39,145.15
2001-06-01,112.77,163.52
2001-06-04,115.9,168.47
2001-06-05,114.27,167.93
2001-06-06,111.24,162.99
2001-06-07,118.71,175.44
2001-06-08,121.7,179.91
2001-06-11,118.32,174.35
2001-06-12,112.79,165.33
2001-06-13,115.61,169.7
2001-06-14,116.31,170.43
2001-06-15,120.17,175.78
2001-06-18,117.12,171.07
2001-06-19,111.92,163.52
2001-06-20,107.96,156.86
2001-06-21,107.75,156.14
2001-06-22,108.8,157.94
2001-06-25,109.38,158.56
2001-06-26,110.12,158.93
2001-06-27,112.51,162.06
2001-06-28,112.16,160.54
2001-06-29,112.76,161.6
2001-07-02,111.31,159.65
2001-07-03,110.2,158.01
2001-07-04,108.83,155.54
2001-07-05,111.56,159.05
2001-07-06,106.56,152.18
2001-07-09,103.83,146.21
2001-07-10,101.55,143.3
2001-07-11,94.45,132.19
2001-07-12,90.87,126.57
2001-07-13,91.09,126.67
2001-07-16,86.92,120.09
2001-07-17,88.17,122.01
2001-07-18,93.13,129.74
2001-07-19,94.01,131.2
2001-07-20,96.19,135.02
2001-07-23,96.06,134.69
2001-07-24,102.25,143.97
2001-07-25,98.79,139.36
2001-07-26,95.47,133.57
2001-07-27,98.43,138.05
2001-07-30,98.85,138.54
2001-07-31,98.82,138.48
2001-08-01,102.05,143.36
2001-08-02,101.21,142.13
2001-08-03,99.73,139.39
2001-08-06,101.39,141.86
2001-08-07,97.98,137.01
2001-08-08,95.12,131.67
2001-08-09,94.7,130.95
2001-08-10,91.86,126.1
2001-08-13,90.37,125.14
2001-08-14,89.65,123.58
2001-08-15,89.47,123.11
2001-08-16,92.86,128.7
2001-08-17,97.08,135.14
2001-08-20,95.12,131.22
2001-08-21,97.49,134.17
2001-08-22,95.38,131.07
2001-08-23,96.25,131.95
2001-08-24,96.51,131.26
2001-08-27,101.81,138.3
2001-08-28,102.96,140.24
2001-08-29,100.9,137.78
2001-08-30,,
2001-08-31,97.72,133.26
2001-09-03,97.43,132.64
2001-09-04,93.98,127.68
2001-09-05,96.81,131.6
2001-09-06,96.81,130.63
2001-09-07,99.0,133.9
2001-09-10,94.74,128.28
2001-09-11,95.8,130.56
2001-09-12,,
2001-09-13,85.9,116.7
2001-09-14,80.89,109.5
2001-09-17,71.3,96.22
2001-09-18,77.65,104.42
2001-09-19,79.23,105.91
2001-09-20,77.63,103.76
2001-09-21,73.98,98.46
2001-09-24,75.04,99.4
2001-09-25,76.45,101.49
2001-09-26,75.12,99.58
2001-09-27,72.63,95.51
2001-09-28,75.46,98.98
2001-10-01,77.35,100.68
2001-10-02,77.31,100.71
2001-10-03,76.91,100.04
2001-10-04,77.95,100.88
2001-10-05,75.76,97.21
2001-10-08,73.39,93.25
2001-10-09,74.96,95.01
2001-10-10,77.54,97.88
2001-10-11,84.65,107.22
2001-10-12,83.05,104.26
2001-10-15,85.67,107.8
2001-10-16,87.43,110.63
2001-10-17,88.88,112.05
2001-10-18,88.06,111.08
2001-10-19,87.22,109.64
2001-10-22,89.57,112.55
2001-10-23,96.37,123.04
2001-10-24,96.89,123.25
2001-10-25,94.44,119.81
2001-10-26,98.24,124.53
2001-10-29,,
2001-10-30,98.5,123.99
2001-10-31,97.22,121.44
2001-11-01,98.35,123.25
2001-11-02,98.79,121.98
2001-11-05,100.02,124.18
2001-11-06,103.72,129.21
2001-11-07,105.22,130.18
2001-11-08,103.43,127.67
2001-11-09,103.15,127.81
2001-11-12,101.22,124.89
2001-11-13,103.53,128.39
2001-11-14,104.5,129.66
2001-11-15,109.59,138.17
2001-11-16,114.05,145.75
2001-11-19,120.31,154.9
2001-11-20,122.34,159.4
2001-11-21,116.5,151.84
2001-11-22,118.85,154.57
2001-11-23,116.8,151.45
2001-11-26,118.51,154.37
2001-11-27,120.21,157.16
2001-11-28,110.03,143.12
2001-11-29,108.5,140.05
2001-11-30,109.86,141.65
2001-12-03,113.58,147.23
2001-12-04,114.16,147.84
2001-12-05,117.23,152.4
2001-12-06,122.6,160.47
2001-12-07,127.06,165.6
2001-12-10,128.75,169.38
2001-12-11,125.03,164.03
2001-12-12,126.07,165.07
2001-12-13,129.85,170.98
2001-12-14,126.55,165.54
2001-12-17,,
2001-12-18,,
2001-12-19,127.48,168.06
2001-12-20,126.96,166.5
2001-12-21,125.82,164.91
2001-12-24,127.3,166.98
2001-12-25,127.66,166.95
2001-12-26,132.02,172.83
2001-12-27,132.81,173.57
2001-12-28,138.09,183.72
2001-12-31,,
2002-01-01,,
2002-01-02,137.16,183.14
2002-01-03,141.37,188.26
2002-01-04,,
2002-01-07,148.64,198.8
2002-01-08,149.31,199.61
2002-01-09,146.71,198.37
2002-01-10,140.69,190.39
2002-01-11,137.19,186.01
2002-01-14,137.15,185.05
2002-01-15,132.25,178.36
2002-01-16,130.35,174.06
2002-01-17,129.35,171.05
2002-01-18,129.9,171.61
2002-01-21,127.29,168.18
2002-01-22,126.41,167.94
2002-01-23,128.36,170.49
2002-01-24,129.8,174.01
2002-01-25,127.46,170.95
2002-01-28,126.61,169.06
2002-01-29,126.11,169.1
2002-01-30,122.37,164.41
2002-01-31,129.09,173.65
2002-02-01,133.37,180.94
2002-02-04,132.04,177.1
2002-02-05,128.01,171.85
2002-02-06,122.79,164.21
2002-02-07,119.47,159.97
2002-02-08,113.65,151.09
2002-02-11,115.42,154.46
2002-02-12,115.16,154.5
2002-02-13,118.68,159.82
2002-02-14,116.84,156.86
2002-02-15,115.51,153.99
2002-02-18,111.46,149.26
2002-02-19,112.13,151.26
2002-02-20,112.1,150.54
2002-02-21,111.66,149.2
2002-02-22,,
2002-02-25,,
2002-02-26,111.65,149.1
2002-02-27,109.99,147.34
2002-02-28,108.5,145.14
2002-03-01,113.12,151.75
2002-03-04,116.93,157.46
2002-03-05,116.73,158.18
2002-03-06,114.92,155.49
2002-03-07,118.14,159.97
2002-03-08,116.28,157.31
2002-03-11,115.22,155.94
2002-03-12,109.18,147.55
2002-03-13,107.31,146.18
2002-03-14,106.38,144.55
2002-03-15,106.5,144.42
2002-03-18,106.15,144.63
2002-03-19,106.75,145.85
2002-03-20,107.95,148.92
2002-03-21,109.85,151.57
2002-03-22,116.33,162.5
2002-03-25,116.82,163.21
2002-03-26,118.07,163.8
2002-03-27,118.3,165.24
2002-03-28,121.47,170.03
2002-03-29,117.7,164.45
2002-04-01,115.26,161.85
2002-04-02,116.59,164.47
2002-04-03,115.95,164.2
2002-04-04,114.4,162.09
2002-04-05,118.05,166.93
2002-04-08,118.79,169.52
2002-04-09,117.2,165.96
2002-04-10,118.06,168.44
2002-04-11,124.39,178.77
2002-04-12,123.45,176.23
2002-04-15,124.24,178.01
2002-04-16,125.84,179.97
2002-04-17,122.2,174.49
2002-04-18,122.05,173.57
2002-04-19,118.09,167.19
2002-04-22,117.58,166.32
2002-04-23,,
2002-04-24,117.23,165.22
2002-04-25,118.41,166.89
2002-04-26,119.05,167.95
2002-04-29,116.44,162.67
2002-04-30,116.24,163.29
2002-05-01,114.33,160.56
2002-05-02,114.41,160.64
2002-05-03,113.71,159.87
2002-05-06,113.01,159.36
2002-05-07,115.82,164.51
2002-05-08,118.39,167.78
2002-05-09,119.54,168.97
2002-05-10,116.39,164.51
2002-05-13,115.86,163.31
2002-05-14,116.43,164.2
2002-05-15,115.57,163.69
2002-05-16,114.37,161.19
2002-05-17,110.97,155.48
2002-05-20,105.25,146.75
2002-05-21,108.42,151.46
2002-05-22,108.16,151.62
2002-05-23,107.74,150.59
2002-05-24,108.5,151.52
2002-05-27,109.98,153.06
2002-05-28,109.03,152.09
2002-05-29,107.41,149.95
2002-05-30,106.69,148.52
2002-05-31,102.68,143.04
2002-06-03,101.88,142.39
2002-06-04,101.85,141.92
2002-06-05,104.01,144.01
2002-06-06,105.57,146.59
2002-06-07,101.81,140.8
2002-06-10,99.13,136.55
2002-06-11,96.41,131.04
2002-06-12,97.83,131.95
2002-06-13,99.63,134.81
2002-06-14,95.5,128.15
2002-06-17,94.2,125.74
2002-06-18,92.92,124.51
2002-06-19,91.93,121.92
2002-06-20,94.29,125.74
2002-06-21,91.64,122.28
2002-06-24,91.23,120.92
2002-06-25,89.79,116.41
2002-06-26,87.31,111.4
2002-06-27,89.72,114.36
2002-06-28,93.58,119.88
2002-07-01,94.39,121.15
2002-07-02,92.65,118.3
2002-07-03,87.99,110.19
2002-07-04,91.11,113.07
2002-07-05,91.56,112.93
2002-07-08,89.2,110.28
2002-07-09,88.66,109.02
2002-07-10,87.76,106.47
2002-07-11,91.15,109.31
2002-07-12,91.71,109.93
2002-07-15,93.88,112.39
2002-07-16,95.32,114.76
2002-07-17,101.66,122.36
2002-07-18,104.35,127.5
2002-07-19,104.22,127.24
2002-07-22,101.16,122.59
2002-07-23,102.25,123.78
2002-07-24,98.06,118.14
2002-07-25,99.42,119.74
2002-07-26,97.78,116.94
2002-07-29,100.29,120.32
2002-07-30,103.94,124.47
2002-07-31,102.46,122.96
2002-08-01,104.43,125.92
2002-08-02,108.61,131.92
2002-08-05,107.67,131.52
2002-08-06,104.6,126.68
2002-08-07,105.67,127.84
2002-08-08,105.3,127.25
2002-08-09,104.52,125.57
2002-08-12,102.78,124.21
2002-08-13,102.47,124.16
2002-08-14,100.82,122.65
2002-08-15,98.37,118.98
2002-08-16,97.66,117.87
2002-08-19,97.9,117.75
2002-08-20,98.02,117.79
2002-08-21,96.83,116.2
2002-08-22,95.71,114.92
2002-08-23,94.42,112.33
2002-08-26,91.86,109.32
2002-08-27,93.26,110.32
2002-08-28,93.41,110.57
2002-08-29,95.87,114.35
2002-08-30,,
2002-09-02,93.82,111.39
2002-09-03,93.05,110.43
2002-09-04,93.09,110.52
2002-09-05,93.97,110.86
2002-09-06,95.82,114.04
2002-09-09,94.92,113.44
2002-09-10,91.12,108.78
2002-09-11,90.0,106.69
2002-09-12,92.94,111.63
2002-09-13,90.94,107.81
2002-09-16,91.16,108.44
2002-09-17,92.05,110.0
2002-09-18,92.92,111.13
2002-09-19,92.37,110.61
2002-09-20,92.46,110.3
2002-09-23,93.77,112.35
2002-09-24,91.41,109.09
2002-09-25,90.02,107.78
2002-09-26,90.18,108.4
2002-09-27,88.48,105.87
2002-09-30,87.57,105.56
2002-10-01,87.46,105.1
2002-10-02,90.42,108.99
2002-10-03,89.18,107.33
2002-10-04,89.45,106.8
2002-10-07,88.14,105.54
2002-10-08,88.58,106.01
2002-10-09,88.86,105.26
2002-10-10,91.74,109.53
2002-10-11,92.71,110.63
2002-10-14,91.02,108.85
2002-10-15,90.67,108.56
2002-10-16,92.65,110.61
2002-10-17,95.2,113.48
2002-10-18,95.31,113.24
2002-10-21,98.5,118.21
2002-10-22,101.36,122.25
2002-10-23,100.2,121.21
2002-10-24,102.93,125.47
2002-10-25,104.03,126.7
2002-10-28,104.38,127.23
2002-10-29,,
2002-10-30,101.75,124.0
2002-10-31,104.09,126.53
2002-11-01,101.66,123.36
2002-11-04,109.53,133.28
2002-11-05,115.71,142.62
2002-11-06,121.35,151.66
2002-11-07,126.79,159.46
2002-11-08,137.11,177.92
2002-11-11,129.93,168.06
2002-11-12,125.23,160.75
2002-11-13,123.85,159.85
2002-11-14,134.06,174.01
2002-11-15,130.95,170.53
2002-11-18,142.1,183.81
2002-11-19,139.0,177.91
2002-11-20,132.71,170.45
2002-11-21,134.37,173.23
2002-11-22,137.34,177.14
2002-11-25,130.2,167.33
2002-11-26,130.2,167.33
2002-11-27,125.31,158.42
2002-11-28,130.07,164.15
2002-11-29,130.18,163.74
2002-12-02,131.73,166.0
2002-12-03,131.42,166.17
2002-12-04,132.87,168.31
2002-12-05,,
2002-12-06,,
2002-12-09,127.04,160.09
2002-12-10,127.82,161.18
2002-12-11,128.79,162.76
2002-12-12,127.53,160.81
2002-12-13,129.21,163.73
2002-12-16,127.97,160.63
2002-12-17,120.07,150.58
2002-12-18,114.86,143.53
2002-12-19,113.23,141.13
2002-12-20,112.61,139.82
2002-12-23,109.06,135.93
2002-12-24,101.37,125.25
2002-12-25,105.02,129.84
2002-12-26,108.19,134.09
2002-12-27,104.72,130.39
2002-12-30,102.5,126.69
2002-12-31,102.89,127.93
2003-01-01,,
2003-01-02,105.72,131.74
2003-01-03,105.92,131.56
2003-01-06,104.45,129.52
2003-01-07,99.8,123.78
2003-01-08,100.07,124.01
2003-01-09,99.65,123.1
2003-01-10,102.39,126.82
2003-01-13,102.11,126.45
2003-01-14,104.54,129.17
2003-01-15,103.56,127.83
2003-01-16,103.94,128.45
2003-01-17,102.98,127.41
2003-01-20,101.81,125.35
2003-01-21,107.64,132.69
2003-01-22,105.12,129.22
2003-01-23,106.29,130.24
2003-01-24,107.12,130.86
2003-01-27,109.02,133.68
2003-01-28,108.25,132.78
2003-01-29,106.44,130.77
2003-01-30,108.28,133.23
2003-01-31,108.31,133.55
2003-02-03,110.62,136.94
2003-02-04,108.05,134.01
2003-02-05,105.67,130.59
2003-02-06,107.5,133.58
2003-02-07,109.77,135.85
2003-02-10,,
2003-02-11,,
2003-02-12,,
2003-02-13,,
2003-02-14,,
2003-02-17,109.29,134.84
2003-02-18,114.97,142.73
2003-02-19,118.83,149.35
2003-02-20,119.11,149.81
2003-02-21,115.41,144.58
2003-02-24,116.83,147.47
2003-02-25,111.92,141.32
2003-02-26,113.1,142.37
2003-02-27,114.98,144.62
2003-02-28,113.53,143.0
2003-03-03,102.65,129.55
2003-03-04,102.94,127.91
2003-03-05,105.38,131.68
2003-03-06,108.27,136.52
2003-03-07,108.75,136.52
2003-03-10,109.73,137.68
2003-03-11,107.27,133.51
2003-03-12,106.41,132.35
2003-03-13,106.05,132.3
2003-03-14,106.38,132.51
2003-03-17,97.44,120.26
2003-03-18,104.46,128.15
2003-03-19,98.74,120.25
2003-03-20,97.85,118.49
2003-03-21,90.76,108.25
2003-03-24,91.14,107.92
2003-03-25,90.73,106.8
2003-03-26,94.87,112.85
2003-03-27,94.79,112.21
2003-03-28,94.62,112.27
2003-03-31,95.34,113.49
2003-04-01,95.52,113.54
2003-04-02,97.54,114.95
2003-04-03,100.21,117.9
2003-04-04,103.88,122.94
2003-04-07,106.4,126.73
2003-04-08,106.3,126.78
2003-04-09,103.69,122.49
2003-04-10,105.15,124.58
2003-04-11,106.33,125.71
2003-04-14,109.71,130.67
2003-04-15,112.9,134.0
2003-04-16,112.3,132.32
2003-04-17,114.08,133.4
2003-04-18,112.3,131.72
2003-04-21,115.13,135.29
2003-04-22,114.95,135.52
2003-04-23,,
2003-04-24,112.85,132.35
2003-04-25,112.82,132.19
2003-04-28,114.06,133.59
2003-04-29,112.68,131.8
2003-04-30,115.65,136.2
2003-05-01,114.71,135.03
2003-05-02,113.83,134.01
2003-05-05,112.91,133.58
2003-05-06,110.72,130.52
2003-05-07,107.3,125.47
2003-05-08,107.97,126.05
2003-05-09,106.88,125.04
2003-05-12,106.64,125.36
2003-05-13,107.08,126.54
2003-05-14,104.89,124.49
2003-05-15,102.66,121.08
2003-05-16,103.0,121.25
2003-05-19,,
2003-05-20,102.6,119.84
2003-05-21,104.29,121.8
2003-05-22,106.25,124.52
2003-05-23,108.53,127.96
2003-05-26,111.97,132.81
2003-05-27,110.93,131.21
2003-05-28,112.12,132.62
2003-05-29,115.43,135.86
2003-05-30,114.01,134.19
2003-06-02,115.35,135.5
2003-06-03,114.51,134.58
2003-06-04,112.6,132.46
2003-06-05,110.95,130.0
2003-06-06,110.82,130.26
2003-06-09,107.63,126.31
2003-06-10,108.59,127.55
2003-06-11,105.35,124.05
2003-06-12,104.44,122.68
2003-06-13,105.37,123.91
2003-06-16,108.28,128.13
2003-06-17,111.64,133.12
2003-06-18,112.6,134.67
2003-06-19,110.82,132.51
2003-06-20,109.69,130.9
2003-06-23,107.46,128.3
2003-06-24,108.5,129.87
2003-06-25,106.67,127.25
2003-06-26,108.79,131.09
2003-06-27,110.01,132.44
2003-06-30,109.05,131.83
2003-07-01,108.37,131.37
2003-07-02,107.42,130.22
2003-07-03,107.02,129.36
2003-07-04,105.96,128.18
2003-07-07,102.77,124.19
2003-07-08,103.68,125.73
2003-07-09,103.41,125.85
2003-07-10,104.37,126.93
2003-07-11,104.15,126.94
2003-07-14,106.07,129.09
2003-07-15,107.18,130.08
2003-07-16,107.77,130.95
2003-07-17,107.58,131.32
2003-07-18,107.38,130.63
2003-07-21,108.46,132.06
2003-07-22,106.61,129.17
2003-07-23,104.18,125.64
2003-07-24,103.79,124.86
2003-07-25,104.76,126.14
2003-07-28,105.45,126.19
2003-07-29,104.56,125.15
2003-07-30,104.88,125.6
2003-07-31,105.38,126.22
2003-08-01,105.74,126.47
2003-08-04,109.98,132.21
2003-08-05,113.22,137.56
2003-08-06,113.64,138.58
2003-08-07,114.1,139.55
2003-08-08,115.73,141.42
2003-08-11,115.45,141.17
2003-08-12,117.95,144.72
2003-08-13,120.07,147.84
2003-08-14,117.95,144.91
2003-08-15,117.6,144.27
2003-08-18,117.76,144.33
2003-08-19,115.43,141.34
2003-08-20,117.04,143.35
2003-08-21,115.95,141.26
2003-08-22,117.93,144.15
2003-08-25,119.39,146.3
2003-08-26,117.61,143.7
2003-08-27,115.27,140.02
2003-08-28,115.08,139.62
2003-08-29,116.2,140.87
2003-09-01,116.51,141.38
2003-09-02,117.02,142.51
2003-09-03,116.19,141.84
2003-09-04,116.32,142.47
2003-09-05,116.05,142.88
2003-09-08,115.61,142.98
2003-09-09,116.59,145.31
2003-09-10,123.82,157.28
2003-09-11,123.09,155.14
2003-09-12,127.4,160.93
2003-09-15,127.39,160.39
2003-09-16,127.14,159.8
2003-09-17,131.31,166.38
2003-09-18,131.81,167.92
2003-09-19,136.23,174.45
2003-09-22,140.98,181.31
2003-09-23,137.89,175.8
2003-09-24,139.54,179.02
2003-09-25,138.28,177.39
2003-09-26,138.15,177.33
2003-09-29,135.67,174.18
2003-09-30,131.18,167.92
2003-10-01,130.58,167.55
2003-10-02,134.59,173.18
2003-10-03,143.54,186.24
2003-10-06,153.37,201.82
2003-10-07,160.94,215.56
2003-10-08,153.68,204.71
2003-10-09,148.44,194.28
2003-10-10,151.01,198.13
2003-10-13,153.34,201.73
2003-10-14,149.21,196.53
2003-10-15,153.08,203.54
2003-10-16,156.41,208.82
2003-10-17,152.96,203.12
2003-10-20,153.22,202.98
2003-10-21,153.61,203.69
2003-10-22,154.2,203.77
2003-10-23,150.58,198.0
2003-10-24,148.5,195.0
2003-10-27,145.0,191.15
2003-10-28,146.73,193.83
2003-10-29,,
2003-10-30,147.96,196.81
2003-10-31,156.31,208.82
2003-11-03,161.03,216.37
2003-11-04,163.2,220.87
2003-11-05,163.43,221.21
2003-11-06,158.77,213.75
2003-11-07,155.25,208.28
2003-11-10,156.98,211.02
2003-11-11,155.17,208.6
2003-11-12,154.17,207.09
2003-11-13,159.44,215.39
2003-11-14,159.97,215.97
2003-11-17,159.53,214.93
2003-11-18,158.11,212.6
2003-11-19,158.17,213.13
2003-11-20,146.18,194.81
2003-11-21,,
2003-11-24,,
2003-11-25,,
2003-11-26,,
2003-11-27,,
2003-11-28,,
2003-12-01,156.68,210.4
2003-12-02,162.11,219.15
2003-12-03,161.8,217.89
2003-12-04,165.47,223.84
2003-12-05,163.03,218.89
2003-12-08,168.19,228.5
2003-12-09,169.41,230.89
2003-12-10,166.86,227.99
2003-12-11,165.32,225.14
2003-12-12,166.69,226.96
2003-12-15,174.69,240.96
2003-12-16,174.21,239.68
2003-12-17,172.8,237.35
2003-12-18,174.46,239.42
2003-12-19,179.58,247.54
2003-12-22,183.67,250.81
2003-12-23,184.17,250.77
2003-12-24,182.85,249.28
2003-12-25,179.95,245.29
2003-12-26,177.48,242.19
2003-12-29,179.83,245.35
2003-12-30,181.87,248.82
2003-12-31,185.33,254.54
2004-01-01,,
2004-01-02,189.27,260.74
2004-01-05,194.46,268.99
2004-01-06,196.06,272.55
2004-01-07,188.95,260.78
2004-01-08,197.62,274.67
2004-01-09,196.67,272.29
2004-01-12,198.13,274.31
2004-01-13,195.49,270.24
2004-01-14,194.4,267.5
2004-01-15,187.41,255.15
2004-01-16,186.05,252.93
2004-01-19,178.99,242.84
2004-01-20,183.09,249.03
2004-01-21,186.86,256.41
2004-01-22,186.28,253.35
2004-01-23,,
2004-01-26,183.25,249.07
2004-01-27,184.64,251.12
2004-01-28,177.57,240.64
2004-01-29,175.65,237.73
2004-01-30,172.35,234.28
2004-02-02,,
2004-02-03,,
2004-02-04,,
2004-02-05,171.92,233.99
2004-02-06,170.76,232.16
2004-02-09,169.31,229.43
2004-02-10,175.56,240.76
2004-02-11,179.06,248.23
2004-02-12,187.52,262.65
2004-02-13,191.88,269.04
2004-02-16,196.8,276.92
2004-02-17,192.79,269.19
2004-02-18,189.04,262.81
2004-02-19,190.88,265.16
2004-02-20,184.8,255.14
2004-02-23,184.74,255.03
2004-02-24,185.44,255.93
2004-02-25,186.42,255.94
2004-02-26,189.51,260.26
2004-02-27,188.35,258.47
2004-03-01,189.0,259.03
2004-03-02,190.29,261.11
2004-03-03,192.09,263.31
2004-03-04,191.96,262.87
2004-03-05,190.21,259.06
2004-03-08,193.2,262.91
2004-03-09,197.68,271.1
2004-03-10,195.25,266.99
2004-03-11,194.78,266.44
2004-03-12,194.84,266.52
2004-03-15,194.94,266.14
2004-03-16,194.25,265.48
2004-03-17,193.73,263.93
2004-03-18,193.69,264.38
2004-03-19,196.79,269.43
2004-03-22,203.38,278.76
2004-03-23,201.7,274.37
2004-03-24,204.52,278.56
2004-03-25,202.98,275.86
2004-03-26,207.89,283.16
2004-03-29,211.23,290.44
2004-03-30,206.7,281.21
2004-03-31,201.27,271.42
2004-04-01,203.64,275.19
2004-04-02,204.62,275.93
2004-04-05,205.77,276.27
2004-04-06,203.69,273.58
2004-04-07,202.74,271.12
2004-04-08,194.09,258.29
2004-04-09,195.9,261.68
2004-04-12,193.21,257.29
2004-04-13,189.97,252.43
2004-04-14,192.29,255.2
2004-04-15,187.07,247.42
2004-04-16,190.07,251.91
2004-04-19,196.77,262.41
2004-04-20,197.14,265.07
2004-04-21,194.27,261.4
2004-04-22,193.41,259.61
2004-04-23,,
2004-04-26,190.97,255.79
2004-04-27,179.25,239.27
2004-04-28,182.18,243.54
2004-04-29,177.43,237.82
2004-04-30,178.2,238.39
2004-05-03,177.13,239.91
2004-05-04,178.3,245.34
2004-05-05,181.54,249.7
2004-05-06,182.52,250.24
2004-05-07,173.96,237.58
2004-05-10,168.13,226.84
2004-05-11,170.07,229.58
2004-05-12,172.36,233.71
2004-05-13,169.72,228.68
2004-05-14,165.82,222.64
2004-05-17,163.65,218.43
2004-05-18,160.93,214.71
2004-05-19,,
2004-05-20,162.88,218.22
2004-05-21,164.2,220.02
2004-05-24,169.04,226.69
2004-05-25,169.96,226.95
2004-05-26,170.94,228.77
2004-05-27,170.67,228.34
2004-05-28,174.25,233.94
2004-05-31,170.98,228.67
2004-06-01,171.86,230.32
2004-06-02,167.63,223.88
2004-06-03,168.97,225.36
2004-06-04,174.37,233.78
2004-06-07,179.43,244.07
2004-06-08,179.13,242.68
2004-06-09,177.79,240.49
2004-06-10,177.09,238.74
2004-06-11,176.01,236.58
2004-06-14,172.4,231.94
2004-06-15,171.66,232.35
2004-06-16,172.86,233.87
2004-06-17,169.56,229.05
2004-06-18,168.77,228.49
2004-06-21,168.78,228.15
2004-06-22,170.33,230.81
2004-06-23,167.69,227.67
2004-06-24,169.06,229.61
2004-06-25,171.8,233.81
2004-06-28,174.9,238.46
2004-06-29,176.61,241.25
2004-06-30,177.58,242.99
2004-07-01,180.74,249.1
2004-07-02,183.98,254.29
2004-07-05,185.46,255.53
2004-07-06,185.34,255.79
2004-07-07,181.08,250.02
2004-07-08,182.71,253.18
2004-07-09,180.96,251.19
2004-07-12,183.29,254.98
2004-07-13,185.96,259.14
2004-07-14,185.87,258.53
2004-07-15,186.23,259.15
2004-07-16,190.97,265.34
2004-07-19,189.5,261.11
2004-07-20,189.22,260.48
2004-07-21,189.82,261.84
2004-07-22,186.43,257.56
2004-07-23,187.56,260.13
2004-07-26,188.48,262.1
2004-07-27,186.35,258.36
2004-07-28,189.58,264.32
2004-07-29,190.99,265.9
2004-07-30,192.21,267.49
2004-08-02,195.65,272.3
2004-08-03,194.67,270.1
2004-08-04,192.11,266.48
2004-08-05,192.1,267.14
2004-08-06,191.15,264.86
2004-08-09,194.08,269.26
2004-08-10,193.4,267.53
2004-08-11,191.49,264.13
2004-08-12,188.17,258.77
2004-08-13,187.81,259.31
2004-08-16,187.5,259.47
2004-08-17,190.17,263.3
2004-08-18,193.5,269.09
2004-08-19,192.11,266.15
2004-08-20,191.72,265.29
2004-08-23,191.93,266.31
2004-08-24,194.7,270.31
2004-08-25,196.63,271.5
2004-08-26,194.67,268.33
2004-08-27,197.7,272.69
2004-08-30,,
2004-08-31,199.49,274.7
2004-09-01,203.47,281.89
2004-09-02,206.82,286.37
2004-09-03,205.65,283.72
2004-09-06,207.01,285.47
2004-09-07,210.99,290.5
2004-09-08,215.47,297.71
2004-09-09,212.6,292.48
2004-09-10,213.64,294.25
2004-09-13,209.96,289.14
2004-09-14,215.0,296.56
2004-09-15,217.75,300.41
2004-09-16,216.71,298.67
2004-09-17,215.66,296.21
2004-09-20,201.24,274.07
2004-09-21,208.1,285.45
2004-09-22,212.75,292.14
2004-09-23,214.59,294.7
2004-09-24,225.5,311.56
2004-09-27,221.95,306.55
2004-09-28,219.52,303.02
2004-09-29,223.44,308.09
2004-09-30,220.19,303.35
2004-10-01,218.49,300.46
2004-10-04,217.91,299.07
2004-10-05,219.26,300.19
2004-10-06,221.14,303.17
2004-10-07,224.67,307.68
2004-10-08,227.68,311.04
2004-10-11,230.55,313.88
2004-10-12,225.68,305.82
2004-10-13,224.24,303.44
2004-10-14,225.07,304.59
2004-10-15,224.68,302.75
2004-10-18,224.82,303.65
2004-10-19,225.35,305.81
2004-10-20,223.89,303.92
2004-10-21,222.34,301.71
2004-10-22,221.57,299.06
2004-10-25,218.15,293.28
2004-10-26,218.48,293.55
2004-10-27,225.75,304.19
2004-10-28,229.0,308.3
2004-10-29,,
2004-11-01,230.11,308.25
2004-11-02,229.49,309.97
2004-11-03,236.3,321.85
2004-11-04,236.56,323.55
2004-11-05,231.09,314.32
2004-11-08,226.47,308.41
2004-11-09,223.61,302.82
2004-11-10,227.25,307.98
2004-11-11,223.61,301.07
2004-11-12,221.34,298.46
2004-11-15,,
2004-11-16,,
2004-11-17,223.48,301.39
2004-11-18,227.64,307.89
2004-11-19,231.45,314.93
2004-11-22,230.15,313.16
2004-11-23,234.93,321.31
2004-11-24,236.62,323.75
2004-11-25,235.01,319.62
2004-11-26,233.53,317.27
2004-11-29,230.39,313.14
2004-11-30,225.55,306.64
2004-12-01,226.66,308.61
2004-12-02,228.97,312.71
2004-12-03,230.89,317.15
2004-12-06,231.81,319.62
2004-12-07,229.17,315.71
2004-12-08,228.5,314.49
2004-12-09,227.43,313.57
2004-12-10,228.16,315.16
2004-12-13,234.34,325.93
2004-12-14,237.95,333.42
2004-12-15,232.83,325.96
2004-12-16,238.35,335.6
2004-12-17,237.47,335.97
2004-12-20,245.03,347.31
2004-12-21,243.69,343.6
2004-12-22,242.38,342.7
2004-12-23,246.07,350.14
2004-12-24,246.31,351.19
2004-12-27,244.83,348.88
2004-12-28,247.66,353.38
2004-12-29,250.38,355.26
2004-12-30,,
2004-12-31,,
2005-01-03,252.88,358.9
2005-01-04,255.4,364.6
2005-01-05,245.34,348.2
2005-01-06,243.18,344.57
2005-01-07,249.53,354.37
2005-01-10,255.9,368.4
2005-01-11,257.98,371.1
2005-01-12,262.16,378.34
2005-01-13,263.82,379.84
2005-01-14,266.03,382.94
2005-01-17,266.68,384.7
2005-01-18,268.53,387.0
2005-01-19,269.18,390.54
2005-01-20,,
2005-01-21,,
2005-01-24,267.42,389.01
2005-01-25,265.4,383.97
2005-01-26,269.88,391.82
2005-01-27,274.64,402.29
2005-01-28,273.8,398.67
2005-01-31,271.24,394.11
2005-02-01,276.49,404.08
2005-02-02,278.54,406.69
2005-02-03,279.0,409.96
2005-02-04,275.3,405.05
2005-02-07,282.58,417.78
2005-02-08,282.71,418.2
2005-02-09,280.58,414.87
2005-02-10,275.16,406.55
2005-02-11,278.24,410.78
2005-02-14,279.76,411.78
2005-02-15,281.14,413.41
2005-02-16,279.21,409.8
2005-02-17,275.68,403.11
2005-02-18,269.51,392.77
2005-02-21,271.33,395.93
2005-02-22,269.8,392.61
2005-02-23,267.24,389.32
2005-02-24,271.73,397.56
2005-02-25,278.79,411.76
2005-02-28,281.52,415.84
2005-03-01,282.59,418.04
2005-03-02,278.55,410.65
2005-03-03,277.09,406.7
2005-03-04,275.33,403.49
2005-03-07,276.82,405.44
2005-03-08,278.24,406.89
2005-03-09,275.84,401.65
2005-03-10,275.73,400.41
2005-03-11,276.92,401.52
2005-03-14,271.87,394.58
2005-03-15,267.86,388.57
2005-03-16,261.37,378.12
2005-03-17,252.9,364.98
2005-03-18,251.45,364.86
2005-03-21,248.12,356.43
2005-03-22,247.44,355.68
2005-03-23,243.11,348.3
2005-03-24,247.47,354.75
2005-03-25,254.1,362.9
2005-03-28,253.52,361.7
2005-03-29,245.64,350.84
2005-03-30,245.88,350.01
2005-03-31,252.53,362.3
2005-04-01,259.36,372.26
2005-04-04,255.85,368.12
2005-04-05,255.99,369.5
2005-04-06,262.27,380.08
2005-04-07,259.72,376.59
2005-04-08,260.02,378.09
2005-04-11,255.15,370.54
2005-04-12,256.62,374.35
2005-04-13,248.39,362.6
2005-04-14,250.08,365.86
2005-04-15,239.21,350.78
2005-04-18,230.54,338.44
2005-04-19,233.38,341.42
2005-04-20,244.77,357.6
2005-04-21,243.24,356.38
2005-04-22,246.91,360.84
2005-04-25,246.96,359.75
2005-04-26,246.48,359.48
2005-04-27,242.42,353.22
2005-04-28,240.57,351.42
2005-04-29,237.01,347.18
2005-05-02,238.37,347.79
2005-05-03,241.42,353.31
2005-05-04,245.86,361.58
2005-05-05,249.49,369.7
2005-05-06,250.05,369.37
2005-05-09,247.14,364.81
2005-05-10,247.84,366.08
2005-05-11,245.91,363.53
2005-05-12,250.28,369.36
2005-05-13,252.36,372.77
2005-05-16,251.73,371.82
2005-05-17,250.96,371.76
2005-05-18,250.37,369.07
2005-05-19,,
2005-05-20,255.59,377.57
2005-05-23,245.92,361.76
2005-05-24,244.65,358.06
2005-05-25,241.85,352.0
2005-05-26,240.56,349.28
2005-05-27,242.4,354.23
2005-05-30,247.43,365.37
2005-05-31,253.3,374.48
2005-06-01,251.89,372.36
2005-06-02,257.02,381.22
2005-06-03,257.62,382.8
2005-06-06,259.02,385.48
2005-06-07,255.09,378.31
2005-06-08,256.79,381.12
2005-06-09,257.58,381.73
2005-06-10,256.09,378.19
2005-06-13,256.77,377.75
2005-06-14,259.24,381.24
2005-06-15,261.18,384.6
2005-06-16,263.81,389.39
2005-06-17,267.52,395.5
2005-06-20,265.58,393.03
2005-06-21,268.75,396.85
2005-06-22,267.71,395.03
2005-06-23,270.41,399.91
2005-06-24,268.4,397.37
2005-06-27,268.66,397.28
2005-06-28,267.55,395.49
2005-06-29,270.2,401.13
2005-06-30,272.88,405.12
2005-07-01,271.79,405.62
2005-07-04,276.76,413.52
2005-07-05,276.39,413.25
2005-07-06,276.53,413.1
2005-07-07,277.24,416.49
2005-07-08,277.77,417.0
2005-07-11,278.62,417.58
2005-07-12,277.36,414.47
2005-07-13,280.18,419.92
2005-07-14,281.76,423.03
2005-07-15,286.66,431.65
2005-07-18,285.03,430.0
2005-07-19,284.59,429.9
2005-07-20,288.92,435.65
2005-07-21,289.95,437.54
2005-07-22,294.05,446.65
2005-07-25,293.12,442.95
2005-07-26,291.44,439.91
2005-07-27,287.27,432.25
2005-07-28,293.13,443.06
2005-07-29,297.2,450.48
2005-08-01,297.62,450.68
2005-08-02,296.73,448.47
2005-08-03,298.78,450.32
2005-08-04,299.77,453.34
2005-08-05,299.48,452.63
2005-08-08,299.36,452.14
2005-08-09,298.23,452.18
2005-08-10,297.27,451.91
2005-08-11,294.96,447.32
2005-08-12,285.11,429.56
2005-08-15,281.41,425.07
2005-08-16,284.99,431.62
2005-08-17,277.26,416.93
2005-08-18,282.66,426.78
2005-08-19,282.34,425.47
2005-08-22,287.83,434.01
2005-08-23,289.04,434.97
2005-08-24,291.76,439.3
2005-08-25,293.76,443.67
2005-08-26,300.25,453.4
2005-08-29,300.26,452.86
2005-08-30,,
2005-08-31,305.25,464.08
2005-09-01,312.5,478.44
2005-09-02,319.05,485.81
2005-09-05,318.63,487.08
2005-09-06,320.06,489.63
2005-09-07,316.28,482.36
2005-09-08,315.4,479.26
2005-09-09,318.49,483.85
2005-09-12,325.87,494.09
2005-09-13,334.38,501.29
2005-09-14,325.4,485.86
2005-09-15,326.77,486.98
2005-09-16,333.41,499.11
2005-09-19,332.65,500.77
2005-09-20,336.76,507.43
2005-09-21,338.85,511.37
2005-09-22,336.29,507.18
2005-09-23,332.07,499.84
2005-09-26,335.08,507.78
2005-09-27,334.65,510.76
2005-09-28,332.95,509.66
2005-09-29,331.75,508.75
2005-09-30,333.83,514.4
2005-10-03,324.51,498.61
2005-10-04,354.87,553.32
2005-10-05,351.33,544.09
2005-10-06,340.46,524.95
2005-10-07,333.66,512.63
2005-10-10,332.06,509.09
2005-10-11,334.35,513.66
2005-10-12,337.76,522.11
2005-10-13,325.83,501.91
2005-10-14,317.26,488.38
2005-10-17,313.34,477.8
2005-10-18,318.04,483.56
2005-10-19,308.62,468.73
2005-10-20,314.4,478.82
2005-10-21,314.38,479.22
2005-10-24,318.08,485.45
2005-10-25,322.72,495.78
2005-10-26,320.59,494.0
2005-10-27,311.76,479.07
2005-10-28,310.39,474.89
2005-10-31,316.56,484.9
2005-11-01,324.56,499.46
2005-11-02,331.52,511.82
2005-11-03,,
2005-11-04,,
2005-11-07,334.56,517.84
2005-11-08,335.6,518.86
2005-11-09,337.93,521.94
2005-11-10,345.04,534.72
2005-11-11,342.64,530.46
2005-11-14,343.1,531.29
2005-11-15,347.0,538.3
2005-11-16,344.33,533.97
2005-11-17,351.89,547.05
2005-11-18,350.79,545.09
2005-11-21,354.74,549.6
2005-11-22,357.75,554.6
2005-11-23,357.71,555.12
2005-11-24,364.89,568.02
2005-11-25,370.76,580.03
2005-11-28,366.38,574.0
2005-11-29,367.51,575.76
2005-11-30,377.78,595.95
2005-12-01,380.07,597.4
2005-12-02,388.41,608.53
2005-12-05,388.92,606.99
2005-12-06,389.96,605.56
2005-12-07,386.59,597.81
2005-12-08,379.84,588.75
2005-12-09,380.38,589.99
2005-12-12,382.16,595.3
2005-12-13,378.62,588.77
2005-12-14,381.04,595.17
2005-12-15,376.45,588.15
2005-12-16,375.79,587.6
2005-12-19,377.93,588.69
2005-12-20,377.27,587.6
2005-12-21,379.53,593.03
2005-12-22,382.63,600.59
2005-12-23,390.55,614.14
2005-12-26,392.18,615.83
2005-12-27,391.78,615.45
2005-12-28,390.98,615.73
2005-12-29,396.25,623.59
2005-12-30,398.58,628.58
2006-01-02,396.96,627.04
2006-01-03,403.42,641.22
2006-01-04,413.67,667.12
2006-01-05,413.6,665.59
2006-01-06,417.73,673.19
2006-01-09,,
2006-01-10,,
2006-01-11,,
2006-01-12,,
2006-01-13,,
2006-01-16,429.37,699.93
2006-01-17,441.45,726.36
2006-01-18,424.51,696.04
2006-01-19,433.12,716.16
2006-01-20,443.77,731.64
2006-01-23,438.01,718.52
2006-01-24,445.16,732.62
2006-01-25,450.86,743.0
2006-01-26,457.19,753.46
2006-01-27,457.87,747.53
2006-01-30,449.12,732.43
2006-01-31,449.87,727.83
2006-02-01,450.04,726.01
2006-02-02,451.29,730.43
2006-02-03,443.77,715.01
2006-02-06,444.52,715.73
2006-02-07,450.29,725.09
2006-02-08,437.44,699.84
2006-02-09,441.37,708.86
2006-02-10,441.71,709.09
2006-02-13,444.77,718.07
2006-02-14,430.02,691.34
2006-02-15,432.76,700.28
2006-02-16,448.95,730.78
2006-02-17,460.18,749.79
2006-02-20,462.44,755.09
2006-02-21,467.86,761.53
2006-02-22,463.7,754.03
2006-02-23,464.04,752.21
2006-02-24,468.18,758.9
2006-02-27,471.11,764.48
2006-02-28,480.5,782.6
2006-03-01,471.49,766.8
2006-03-02,473.92,769.54
2006-03-03,469.04,757.89
2006-03-06,464.05,746.52
2006-03-07,439.18,704.8
2006-03-08,432.66,695.99
2006-03-09,433.48,697.65
2006-03-10,425.43,684.9
2006-03-13,436.13,702.14
2006-03-14,433.51,696.88
2006-03-15,438.69,708.34
2006-03-16,436.68,705.93
2006-03-17,443.98,718.01
2006-03-20,444.85,716.26
2006-03-21,438.71,705.51
2006-03-22,436.5,700.07
2006-03-23,442.91,709.81
2006-03-24,443.8,707.36
2006-03-27,426.25,678.79
2006-03-28,423.55,676.26
2006-03-29,415.16,660.97
2006-03-30,430.17,687.43
2006-03-31,429.23,685.97
2006-04-03,439.82,708.65
2006-04-04,434.8,697.6
2006-04-05,444.13,715.76
2006-04-06,439.05,703.76
2006-04-07,437.61,700.18
2006-04-10,435.52,694.84
2006-04-11,428.61,682.9
2006-04-12,420.94,667.87
2006-04-13,429.14,681.6
2006-04-14,421.54,669.99
2006-04-17,422.38,671.76
2006-04-18,421.46,669.74
2006-04-19,440.34,702.17
2006-04-20,436.15,694.73
2006-04-21,444.19,705.04
2006-04-24,452.85,723.52
2006-04-25,454.2,726.54
2006-04-26,453.4,727.19
2006-04-27,448.94,717.11
2006-04-28,438.54,698.69
2006-05-01,442.0,705.15
2006-05-02,438.06,697.16
2006-05-03,449.43,716.55
2006-05-04,444.59,704.61
2006-05-05,443.17,703.53
2006-05-08,446.68,707.48
2006-05-09,447.99,707.98
2006-05-10,437.89,690.08
2006-05-11,436.99,687.35
2006-05-12,423.62,663.05
2006-05-15,400.72,631.93
2006-05-16,400.14,631.54
2006-05-17,416.67,661.01
2006-05-18,397.31,632.66
2006-05-19,,
2006-05-22,377.93,600.63
2006-05-23,354.46,563.41
2006-05-24,364.43,573.17
2006-05-25,363.76,573.87
2006-05-26,378.1,595.95
2006-05-29,386.32,607.69
2006-05-30,378.84,595.27
2006-05-31,373.28,586.39
2006-06-01,381.83,603.55
2006-06-02,392.12,618.25
2006-06-05,380.13,599.74
2006-06-06,377.11,594.1
2006-06-07,377.42,591.25
2006-06-08,357.49,556.17
2006-06-09,353.8,548.41
2006-06-12,347.88,537.48
2006-06-13,321.14,497.81
2006-06-14,326.31,504.97
2006-06-15,340.63,526.13
2006-06-16,349.23,536.83
2006-06-19,343.3,527.75
2006-06-20,344.35,531.51
2006-06-21,342.5,530.63
2006-06-22,346.89,535.28
2006-06-23,337.67,519.99
2006-06-26,325.77,500.65
2006-06-27,316.14,481.04
2006-06-28,326.63,499.94
2006-06-29,337.44,520.24
2006-06-30,354.4,545.11
2006-07-03,353.92,541.86
2006-07-04,362.15,556.79
2006-07-05,357.55,550.11
2006-07-06,350.4,540.25
2006-07-07,360.36,555.39
2006-07-10,360.72,555.28
2006-07-11,362.55,560.66
2006-07-12,363.68,564.39
2006-07-13,347.69,541.05
2006-07-14,343.74,530.7
2006-07-17,325.44,498.32
2006-07-18,328.11,501.72
2006-07-19,338.66,521.44
2006-07-20,351.13,541.75
2006-07-21,349.99,540.35
2006-07-24,348.83,536.95
2006-07-25,352.22,545.54
2006-07-26,357.12,553.42
2006-07-27,366.49,568.63
2006-07-28,362.93,560.5
2006-07-31,365.39,564.59
2006-08-01,361.48,557.15
2006-08-02,357.4,552.18
2006-08-03,357.75,551.62
2006-08-04,355.75,548.3
2006-08-07,358.07,552.83
2006-08-08,366.12,568.28
2006-08-09,367.41,572.33
2006-08-10,370.31,577.9
2006-08-11,378.33,590.56
2006-08-14,376.01,585.25
2006-08-15,370.25,574.83
2006-08-16,380.07,593.16
2006-08-17,384.53,599.46
2006-08-18,378.09,589.09
2006-08-21,371.92,581.28
2006-08-22,374.21,584.17
2006-08-23,371.38,579.98
2006-08-24,364.49,569.86
2006-08-25,366.48,573.83
2006-08-28,367.2,575.46
2006-08-29,369.6,579.23
2006-08-30,,
2006-08-31,371.76,583.36
2006-09-01,373.57,587.62
2006-09-04,376.84,592.98
2006-09-05,382.69,603.2
2006-09-06,379.55,600.01
2006-09-07,374.69,588.89
2006-09-08,377.15,594.03
2006-09-11,371.05,582.61
2006-09-12,372.0,584.38
2006-09-13,381.55,601.96
2006-09-14,378.8,596.66
2006-09-15,376.39,591.73
2006-09-18,384.69,603.48
2006-09-19,380.33,596.93
2006-09-20,381.52,598.87
2006-09-21,380.15,598.51
2006-09-22,365.31,576.03
2006-09-25,366.06,575.4
2006-09-26,364.27,570.78
2006-09-27,371.54,583.47
2006-09-28,369.41,579.48
2006-09-29,370.83,582.96
2006-10-02,365.06,571.99
2006-10-03,368.25,577.21
2006-10-04,363.04,568.12
2006-10-05,370.3,579.47
2006-10-06,369.38,578.33
2006-10-09,367.18,574.25
2006-10-10,374.7,587.0
2006-10-11,376.91,591.29
2006-10-12,375.24,586.92
2006-10-13,383.96,602.36
2006-10-16,386.32,607.43
2006-10-17,388.89,613.57
2006-10-18,389.86,615.86
2006-10-19,396.9,629.03
2006-10-20,398.78,631.08
2006-10-23,,
2006-10-24,,
2006-10-25,,
2006-10-26,406.14,643.58
2006-10-27,406.85,646.98
2006-10-30,401.12,636.83
2006-10-31,402.88,639.1
2006-11-01,404.81,641.12
2006-11-02,400.09,631.84
2006-11-03,391.79,616.85
2006-11-06,395.99,620.55
2006-11-07,403.51,634.44
2006-11-08,399.4,625.7
2006-11-09,400.34,628.26
2006-11-10,395.74,620.27
2006-11-13,394.23,615.59
2006-11-14,394.31,613.44
2006-11-15,397.97,620.69
2006-11-16,395.85,618.56
2006-11-17,388.25,604.36
2006-11-20,378.31,587.15
2006-11-21,384.66,598.48
2006-11-22,382.16,593.7
2006-11-23,377.58,586.36
2006-11-24,376.55,585.21
2006-11-27,379.13,590.38
2006-11-28,376.29,589.02
2006-11-29,379.73,593.59
2006-11-30,384.45,598.79
2006-12-01,383.21,596.18
2006-12-04,379.41,589.36
2006-12-05,377.67,586.1
2006-12-06,382.76,594.59
2006-12-07,389.79,607.14
2006-12-08,393.8,614.87
2006-12-11,391.84,609.11
2006-12-12,395.83,616.28
2006-12-13,391.21,607.39
2006-12-14,390.55,603.53
2006-12-15,399.59,620.49
2006-12-18,401.94,626.74
2006-12-19,394.49,613.15
2006-12-20,393.84,611.47
2006-12-21,389.77,603.13
2006-12-22,389.16,601.48
2006-12-25,389.58,603.79
2006-12-26,388.56,600.86
2006-12-27,385.35,592.68
2006-12-28,390.61,600.45
2006-12-29,392.26,603.2
2007-01-01,,
2007-01-02,,
2007-01-03,,
2007-01-04,391.92,605.0
2007-01-05,385.55,593.27
2007-01-08,376.16,576.15
2007-01-09,377.63,575.93
2007-01-10,368.13,559.8
2007-01-11,372.49,567.98
2007-01-12,379.46,581.1
2007-01-15,384.39,592.1
2007-01-16,390.76,603.3
2007-01-17,391.12,601.83
2007-01-18,397.85,613.91
2007-01-19,402.32,620.6
2007-01-22,409.37,631.86
2007-01-23,410.65,635.85
2007-01-24,417.18,647.85
2007-01-25,421.78,656.46
2007-01-26,415.94,641.66
2007-01-29,414.74,639.1
2007-01-30,409.64,630.4
2007-01-31,415.09,636.47
2007-02-01,423.62,650.22
2007-02-02,427.6,656.26
2007-02-05,426.39,656.99
2007-02-06,426.46,655.6
2007-02-07,421.42,647.06
2007-02-08,415.78,635.1
2007-02-09,422.89,648.2
2007-02-12,421.4,643.05
2007-02-13,425.4,650.49
2007-02-14,433.26,661.15
2007-02-15,440.43,674.31
2007-02-16,437.72,670.82
2007-02-19,441.52,679.33
2007-02-20,442.01,681.36
2007-02-21,435.77,668.84
2007-02-22,432.15,662.07
2007-02-23,433.63,663.96
2007-02-26,435.31,664.9
2007-02-27,424.2,643.36
2007-02-28,410.51,621.59
2007-03-01,415.37,629.97
2007-03-02,400.59,607.34
2007-03-05,392.72,595.38
2007-03-06,399.78,605.09
2007-03-07,407.42,615.97
2007-03-08,412.21,625.01
2007-03-09,411.1,623.19
2007-03-12,421.62,640.98
2007-03-13,422.26,641.35
2007-03-14,404.98,614.78
2007-03-15,413.02,625.06
2007-03-16,410.44,621.5
2007-03-19,416.38,631.71
2007-03-20,420.09,639.27
2007-03-21,422.34,644.84
2007-03-22,434.78,666.5
2007-03-23,433.48,663.88
2007-03-26,433.0,664.07
2007-03-27,430.56,656.2
2007-03-28,429.76,651.06
2007-03-29,433.04,657.23
2007-03-30,436.56,662.99
2007-04-02,435.39,659.59
2007-04-03,439.32,666.79
2007-04-04,448.08,683.1
2007-04-05,455.25,700.1
2007-04-06,457.61,702.92
2007-04-09,457.49,704.04
2007-04-10,453.14,696.01
2007-04-11,462.72,710.64
2007-04-12,454.34,697.88
2007-04-13,459.42,707.6
2007-04-16,466.66,721.98
2007-04-17,465.38,715.78
2007-04-18,465.63,715.02
2007-04-19,454.89,695.64
2007-04-20,471.9,730.78
2007-04-23,,
2007-04-24,469.05,725.31
2007-04-25,473.33,731.68
2007-04-26,482.98,749.72
2007-04-27,477.42,737.32
2007-04-30,439.4,675.55
2007-05-01,438.65,667.21
2007-05-02,445.51,675.07
2007-05-03,446.12,668.89
2007-05-04,442.03,660.88
2007-05-07,450.7,674.88
2007-05-08,449.72,678.25
2007-05-09,454.69,684.93
2007-05-10,452.69,677.8
2007-05-11,443.18,659.53
2007-05-14,451.9,672.62
2007-05-15,451.19,669.95
2007-05-16,450.29,669.55
2007-05-17,460.21,684.27
2007-05-18,461.33,685.98
2007-05-21,463.04,686.95
2007-05-22,465.81,689.66
2007-05-23,462.62,685.38
2007-05-24,462.15,684.12
2007-05-25,460.14,680.96
2007-05-28,466.43,690.0
2007-05-29,467.93,693.11
2007-05-30,465.86,690.55
2007-05-31,465.68,695.38
2007-06-01,464.0,689.53
2007-06-04,465.72,695.64
2007-06-05,466.88,699.37
2007-06-06,465.42,697.33
2007-06-07,455.08,677.94
2007-06-08,440.87,658.92
2007-06-11,449.3,668.59
2007-06-12,450.55,669.82
2007-06-13,439.76,652.33
2007-06-14,448.92,664.43
2007-06-15,452.41,669.05
2007-06-18,462.24,684.83
2007-06-19,463.86,688.8
2007-06-20,463.29,687.5
2007-06-21,461.0,682.89
2007-06-22,459.18,678.53
2007-06-25,453.04,667.23
2007-06-26,453.81,666.84
2007-06-27,455.6,669.99
2007-06-28,457.43,674.9
2007-06-29,460.5,680.8
2007-07-02,474.14,699.14
2007-07-03,487.79,728.11
2007-07-04,494.26,743.78
2007-07-05,497.78,749.69
2007-07-06,497.68,748.42
2007-07-09,508.91,767.21
2007-07-10,509.82,765.17
2007-07-11,497.94,746.41
2007-07-12,513.63,774.78
2007-07-13,526.34,800.16
2007-07-16,520.47,788.47
2007-07-17,514.92,779.67
2007-07-18,509.23,771.84
2007-07-19,519.75,790.02
2007-07-20,528.35,811.42
2007-07-23,544.25,840.57
2007-07-24,561.23,867.44
2007-07-25,543.7,836.59
2007-07-26,537.71,822.14
2007-07-27,518.03,790.81
2007-07-30,514.8,783.89
2007-07-31,524.3,801.84
2007-08-01,506.02,768.01
2007-08-02,515.76,783.58
2007-08-03,512.71,777.26
2007-08-06,500.12,757.47
2007-08-07,511.37,776.04
2007-08-08,515.25,780.02
2007-08-09,517.58,782.36
2007-08-10,496.83,747.22
2007-08-13,493.49,742.81
2007-08-14,496.78,748.41
2007-08-15,483.08,725.08
2007-08-16,452.84,678.95
2007-08-17,450.74,673.88
2007-08-20,467.34,704.24
2007-08-21,452.97,677.8
2007-08-22,463.08,692.56
2007-08-23,478.1,721.08
2007-08-24,471.39,708.41
2007-08-27,474.6,714.54
2007-08-28,475.97,712.35
2007-08-29,474.98,709.25
2007-08-30,,
2007-08-31,493.99,741.97
2007-09-03,501.94,760.1
2007-09-04,500.14,757.59
2007-09-05,504.72,763.14
2007-09-06,495.63,748.17
2007-09-07,495.39,748.39
2007-09-10,490.68,739.75
2007-09-11,487.87,734.55
2007-09-12,491.61,738.31
2007-09-13,491.06,738.46
2007-09-14,502.2,759.67
2007-09-17,500.08,757.91
2007-09-18,503.55,765.22
2007-09-19,527.77,808.55
2007-09-20,535.02,820.89
2007-09-21,536.63,821.34
2007-09-24,539.33,820.65
2007-09-25,530.96,805.25
2007-09-26,535.45,812.45
2007-09-27,544.46,833.38
2007-09-28,545.24,833.16
2007-10-01,537.96,822.82
2007-10-02,553.16,844.42
2007-10-03,541.24,825.47
2007-10-04,546.4,833.74
2007-10-05,561.53,861.93
2007-10-08,572.25,881.75
2007-10-09,566.32,869.92
2007-10-10,575.76,891.72
2007-10-11,580.53,903.54
2007-10-12,,
2007-10-15,577.35,899.44
2007-10-16,575.32,900.12
2007-10-17,576.47,903.54
2007-10-18,574.22,895.84
2007-10-19,563.63,872.94
2007-10-22,533.92,822.43
2007-10-23,552.02,854.83
2007-10-24,552.86,858.54
2007-10-25,557.84,868.42
2007-10-26,559.56,866.35
2007-10-29,,
2007-10-30,568.28,882.06
2007-10-31,571.54,885.91
2007-11-01,585.22,917.3
2007-11-02,568.56,885.28
2007-11-05,566.09,881.28
2007-11-06,565.03,876.44
2007-11-07,563.48,877.49
2007-11-08,547.04,841.86
2007-11-09,551.07,840.44
2007-11-12,538.01,816.45
2007-11-13,538.23,817.33
2007-11-14,554.41,850.05
2007-11-15,554.24,847.51
2007-11-16,544.76,825.55
2007-11-19,542.4,819.31
2007-11-20,528.69,797.35
2007-11-21,523.72,787.7
2007-11-22,518.75,783.13
2007-11-23,525.04,794.97
2007-11-26,530.21,804.84
2007-11-27,522.51,789.97
2007-11-28,532.03,805.63
2007-11-29,535.07,810.33
2007-11-30,538.26,814.45
2007-12-03,543.52,826.12
2007-12-04,543.72,826.38
2007-12-05,545.4,829.46
2007-12-06,557.22,846.82
2007-12-07,566.42,863.81
2007-12-10,565.4,864.0
2007-12-11,566.25,864.59
2007-12-12,557.35,848.34
2007-12-13,559.63,852.09
2007-12-14,558.19,847.15
2007-12-17,541.32,816.62
2007-12-18,535.38,804.69
2007-12-19,538.47,812.18
2007-12-20,,
2007-12-21,,
2007-12-24,548.31,831.64
2007-12-25,553.9,839.37
2007-12-26,558.05,846.9
2007-12-27,557.47,848.17
2007-12-28,556.08,842.69
2007-12-31,557.82,844.75
2008-01-01,,
2008-01-02,545.28,818.71
2008-01-03,536.86,801.14
2008-01-04,539.61,806.91
2008-01-07,524.88,785.28
2008-01-08,528.86,794.27
2008-01-09,526.37,791.47
2008-01-10,525.27,788.11
2008-01-11,521.18,777.78
2008-01-14,514.18,764.0
2008-01-15,509.92,755.82
2008-01-16,490.07,725.7
2008-01-17,486.49,723.65
2008-01-18,482.35,716.04
2008-01-21,468.14,693.98
2008-01-22,443.05,662.46
2008-01-23,450.89,674.42
2008-01-24,437.62,656.39
2008-01-25,455.98,678.43
2008-01-28,437.38,652.0
2008-01-29,440.0,654.3
2008-01-30,443.11,658.54
2008-01-31,434.37,646.24
2008-02-01,437.07,646.38
2008-02-04,455.24,676.45
2008-02-05,456.52,676.99
2008-02-06,430.4,635.06
2008-02-07,432.69,638.28
2008-02-08,422.66,619.68
2008-02-11,413.55,600.92
2008-02-12,419.0,607.25
2008-02-13,438.74,638.09
2008-02-14,453.27,664.77
2008-02-15,453.05,667.59
2008-02-18,449.61,658.03
2008-02-19,454.59,666.75
2008-02-20,458.65,672.96
2008-02-21,460.83,675.26
2008-02-22,455.92,660.98
2008-02-25,459.46,664.09
2008-02-26,458.82,658.49
2008-02-27,462.61,659.17
2008-02-28,463.57,658.95
2008-02-29,454.89,638.75
2008-03-03,432.77,603.2
2008-03-04,432.24,601.35
2008-03-05,429.93,600.79
2008-03-06,429.7,599.34
2008-03-07,416.19,578.11
2008-03-10,412.36,571.55
2008-03-11,422.59,586.33
2008-03-12,446.28,625.32
2008-03-13,426.76,593.41
2008-03-14,430.43,598.48
2008-03-17,393.86,546.29
2008-03-18,399.31,553.22
2008-03-19,408.47,566.23
2008-03-20,402.33,555.87
2008-03-21,401.8,554.39
2008-03-24,400.69,557.53
2008-03-25,411.23,574.42
2008-03-26,409.57,570.0
2008-03-27,412.32,570.57
2008-03-28,406.62,558.33
2008-03-31,385.18,527.5
2008-04-01,395.93,540.55
2008-04-02,414.29,572.43
2008-04-03,416.09,578.2
2008-04-04,407.93,559.85
2008-04-07,423.23,587.62
2008-04-08,421.67,583.1
2008-04-09,425.3,588.25
2008-04-10,422.63,585.32
2008-04-11,428.31,594.65
2008-04-14,414.18,577.22
2008-04-15,415.96,581.9
2008-04-16,415.93,580.26
2008-04-17,416.29,582.56
2008-04-18,415.41,580.03
2008-04-21,426.36,596.46
2008-04-22,429.27,600.06
2008-04-23,,
2008-04-24,425.25,594.17
2008-04-25,437.21,618.32
2008-04-28,437.49,616.77
2008-04-29,433.14,609.39
2008-04-30,425.59,595.95
2008-05-01,432.09,605.93
2008-05-02,429.66,601.45
2008-05-05,435.39,609.61
2008-05-06,432.29,603.74
2008-05-07,430.19,597.0
2008-05-08,426.14,589.76
2008-05-09,417.7,575.97
2008-05-12,418.82,578.22
2008-05-13,417.43,573.71
2008-05-14,421.44,579.49
2008-05-15,423.6,581.85
2008-05-16,428.74,589.12
2008-05-19,,
2008-05-20,422.64,577.64
2008-05-21,414.06,564.86
2008-05-22,407.65,550.26
2008-05-23,403.98,538.27
2008-05-26,393.21,521.44
2008-05-27,397.09,527.47
2008-05-28,397.81,534.91
2008-05-29,393.58,529.58
2008-05-30,398.46,535.67
2008-06-02,396.53,534.09
2008-06-03,400.17,538.05
2008-06-04,399.29,537.13
2008-06-05,403.27,538.74
2008-06-06,399.69,533.67
2008-06-09,391.54,524.01
2008-06-10,385.61,516.34
2008-06-11,387.6,517.26
2008-06-12,382.62,513.9
2008-06-13,383.63,515.44
2008-06-16,388.74,517.71
2008-06-17,386.09,505.05
2008-06-18,385.97,511.27
2008-06-19,381.85,508.78
2008-06-20,382.7,508.69
2008-06-23,376.94,501.88
2008-06-24,371.79,494.84
2008-06-25,372.95,494.11
2008-06-26,369.89,485.68
2008-06-27,358.09,466.59
2008-06-30,353.25,454.26
2008-07-01,336.16,429.68
2008-07-02,334.39,427.17
2008-07-03,328.8,424.06
2008-07-04,344.93,447.59
2008-07-07,346.88,448.88
2008-07-08,343.59,446.96
2008-07-09,355.48,467.88
2008-07-10,355.08,472.06
2008-07-11,357.98,478.97
2008-07-14,354.93,476.04
2008-07-15,353.42,478.53
2008-07-16,356.31,481.05
2008-07-17,372.56,508.18
2008-07-18,383.07,530.37
2008-07-21,383.5,531.72
2008-07-22,379.66,528.48
2008-07-23,386.06,540.94
2008-07-24,386.21,540.47
2008-07-25,382.12,533.43
2008-07-28,377.82,521.9
2008-07-29,376.94,526.73
2008-07-30,407.83,581.26
2008-07-31,424.78,602.8
2008-08-01,419.63,585.44
2008-08-04,431.37,606.89
2008-08-05,430.55,615.11
2008-08-06,428.06,608.74
2008-08-07,421.22,594.72
2008-08-08,415.0,589.32
2008-08-11,412.25,583.9
2008-08-12,416.27,593.17
2008-08-13,414.67,590.57
2008-08-14,416.91,595.62
2008-08-15,421.8,606.4
2008-08-18,419.77,602.39
2008-08-19,414.08,591.19
2008-08-20,402.45,574.14
2008-08-21,398.04,565.18
2008-08-22,401.2,567.6
2008-08-25,408.98,582.98
2008-08-26,402.71,573.83
2008-08-27,399.07,571.46
2008-08-28,397.03,567.48
2008-08-29,402.44,579.3
2008-09-01,392.13,561.27
2008-09-02,395.95,571.84
2008-09-03,401.78,583.36
2008-09-04,397.33,578.75
2008-09-05,385.37,559.05
2008-09-08,404.72,591.92
2008-09-09,407.12,601.12
2008-09-10,396.7,583.47
2008-09-11,381.0,557.13
2008-09-12,378.69,555.99
2008-09-15,352.91,511.09
2008-09-16,345.17,498.88
2008-09-17,343.99,491.77
2008-09-18,321.68,460.03
2008-09-19,350.87,507.71
2008-09-22,361.13,524.36
2008-09-23,352.88,510.3
2008-09-24,354.61,513.92
2008-09-25,355.06,515.6
2008-09-26,361.83,529.1
2008-09-29,360.51,523.18
2008-09-30,,
2008-10-01,,
2008-10-02,,
2008-10-03,338.21,488.64
2008-10-06,321.48,460.67
2008-10-07,315.83,448.13
2008-10-08,296.75,418.19
2008-10-09,315.28,449.06
2008-10-10,290.29,411.13
2008-10-13,295.09,415.72
2008-10-14,303.99,427.32
2008-10-15,299.48,417.37
2008-10-16,279.67,382.86
2008-10-17,266.78,361.13
2008-10-20,265.9,355.42
2008-10-21,279.22,377.6
2008-10-22,263.81,353.73
2008-10-23,249.47,331.11
2008-10-24,240.82,322.28
2008-10-27,235.5,317.1
2008-10-28,248.95,344.37
2008-10-29,,
2008-10-30,268.45,376.0
2008-10-31,265.8,377.86
2008-11-03,284.0,405.21
2008-11-04,283.21,403.73
2008-11-05,286.41,402.82
2008-11-06,269.61,371.71
2008-11-07,273.83,378.81
2008-11-10,273.04,376.13
2008-11-11,261.63,356.15
2008-11-12,254.27,345.01
2008-11-13,248.47,338.33
2008-11-14,253.66,349.44
2008-11-17,249.09,346.4
2008-11-18,232.79,319.88
2008-11-19,230.49,318.97
2008-11-20,210.28,289.75
2008-11-21,216.87,296.96
2008-11-24,231.91,320.09
2008-11-25,242.57,338.57
2008-11-26,240.46,334.59
2008-11-27,251.36,349.39
2008-11-28,252.45,351.43
2008-12-01,248.84,343.81
2008-12-02,239.19,328.66
2008-12-03,241.91,333.61
2008-12-04,247.05,342.72
2008-12-05,244.66,337.87
2008-12-08,,
2008-12-09,,
2008-12-10,,
2008-12-11,,
2008-12-12,248.11,340.9
2008-12-15,255.62,354.47
2008-12-16,260.05,363.44
2008-12-17,266.51,373.83
2008-12-18,266.14,375.79
2008-12-19,263.27,374.21
2008-12-22,260.94,375.2
2008-12-23,261.66,374.55
2008-12-24,261.46,373.3
2008-12-25,259.83,371.01
2008-12-26,262.43,374.25
2008-12-29,267.29,380.78
2008-12-30,265.69,377.69
2008-12-31,266.54,376.96
2009-01-01,,
2009-01-02,270.74,383.45
2009-01-05,277.22,390.87
2009-01-06,285.12,402.33
2009-01-07,282.84,399.63
2009-01-08,271.68,380.91
2009-01-09,264.58,367.75
2009-01-12,260.14,362.17
2009-01-13,253.61,350.44
2009-01-14,259.03,358.02
2009-01-15,254.02,349.59
2009-01-16,258.04,354.78
2009-01-19,257.42,353.33
2009-01-20,249.65,343.52
2009-01-21,242.39,330.78
2009-01-22,251.21,343.27
2009-01-23,244.56,333.65
2009-01-26,252.99,345.94
2009-01-27,257.21,353.57
2009-01-28,264.43,360.82
2009-01-29,263.32,359.49
2009-01-30,258.49,352.38
2009-02-02,256.25,348.62
2009-02-03,254.89,346.61
2009-02-04,261.46,360.11
2009-02-05,259.49,356.42
2009-02-06,266.2,365.48
2009-02-09,269.67,370.18
2009-02-10,264.84,360.46
2009-02-11,252.93,339.26
2009-02-12,253.65,338.8
2009-02-13,253.47,336.95
2009-02-16,249.06,332.73
2009-02-17,244.84,325.16
2009-02-18,234.05,307.24
2009-02-19,242.16,317.41
2009-02-20,237.96,311.16
2009-02-23,241.13,316.8
2009-02-24,236.82,307.67
2009-02-25,242.64,317.3
2009-02-26,241.9,316.61
2009-02-27,239.94,315.83
2009-03-02,235.34,307.43
2009-03-03,235.29,309.27
2009-03-04,239.54,312.02
2009-03-05,237.84,308.74
2009-03-06,227.43,294.53
2009-03-09,230.53,297.92
2009-03-10,230.47,298.44
2009-03-11,235.93,311.02
2009-03-12,226.95,298.9
2009-03-13,238.61,319.75
2009-03-16,238.18,320.15
2009-03-17,235.35,315.84
2009-03-18,235.08,317.65
2009-03-19,237.08,320.81
2009-03-20,238.67,322.63
2009-03-23,247.95,341.92
2009-03-24,252.49,352.05
2009-03-25,252.21,353.16
2009-03-26,256.83,361.87
2009-03-27,255.39,356.85
2009-03-30,250.79,348.84
2009-03-31,254.07,352.22
2009-04-01,257.7,359.09
2009-04-02,266.77,377.34
2009-04-03,270.94,388.45
2009-04-06,270.56,390.33
2009-04-07,263.88,377.85
2009-04-08,265.32,379.22
2009-04-09,278.39,404.95
2009-04-10,287.05,416.55
2009-04-13,288.55,417.44
2009-04-14,285.99,412.9
2009-04-15,281.55,406.13
2009-04-16,291.63,423.18
2009-04-17,298.14,437.38
2009-04-20,294.1,428.59
2009-04-21,285.62,414.63
2009-04-22,290.37,423.5
2009-04-23,,
2009-04-24,292.87,429.18
2009-04-27,294.68,431.28
2009-04-28,291.71,422.96
2009-04-29,302.0,440.48
2009-04-30,314.83,464.14
2009-05-01,,
2009-05-04,320.47,472.44
2009-05-05,332.26,492.18
2009-05-06,331.48,489.54
2009-05-07,347.3,525.26
2009-05-08,325.71,483.87
2009-05-11,327.77,483.15
2009-05-12,330.88,484.89
2009-05-13,336.1,493.31
2009-05-14,326.95,476.37
2009-05-15,336.05,495.65
2009-05-18,332.84,491.84
2009-05-19,,
2009-05-20,344.63,514.55
2009-05-21,351.98,531.25
2009-05-22,350.97,527.77
2009-05-25,350.58,526.97
2009-05-26,348.7,524.29
2009-05-27,353.12,531.01
2009-05-28,349.35,523.85
2009-05-29,353.23,530.24
2009-06-01,357.31,535.25
2009-06-02,359.06,534.77
2009-06-03,356.08,529.01
2009-06-04,347.66,510.66
2009-06-05,343.38,501.62
2009-06-08,340.35,495.64
2009-06-09,334.27,484.33
2009-06-10,343.61,500.91
2009-06-11,346.56,507.67
2009-06-12,349.34,513.76
2009-06-15,346.77,510.63
2009-06-16,345.87,507.56
2009-06-17,345.53,505.31
2009-06-18,347.15,506.63
2009-06-19,357.17,525.41
2009-06-22,358.46,526.69
2009-06-23,349.18,511.6
2009-06-24,355.17,521.12
2009-06-25,361.0,531.61
2009-06-26,369.98,550.16
2009-06-29,374.44,557.88
2009-06-30,375.01,556.99
2009-07-01,370.45,547.58
2009-07-02,376.36,560.24
2009-07-03,370.08,550.92
2009-07-06,365.27,541.68
2009-07-07,372.18,554.89
2009-07-08,370.5,554.89
2009-07-09,372.98,560.97
2009-07-10,367.67,552.63
2009-07-13,365.06,546.6
2009-07-14,371.28,559.37
2009-07-15,373.07,563.16
2009-07-16,379.46,574.28
2009-07-17,380.49,574.2
2009-07-20,382.19,573.0
2009-07-21,380.1,571.54
2009-07-22,382.59,576.09
2009-07-23,383.94,578.59
2009-07-24,397.1,606.23
2009-07-27,397.73,607.52
2009-07-28,397.39,606.61
2009-07-29,401.06,614.97
2009-07-30,410.77,634.22
2009-07-31,425.7,659.99
2009-08-03,437.94,684.05
2009-08-04,443.6,691.2
2009-08-05,450.1,700.75
2009-08-06,428.24,657.79
2009-08-07,435.33,670.97
2009-08-10,450.23,693.69
2009-08-11,446.31,685.44
2009-08-12,434.29,666.25
2009-08-13,451.03,692.77
2009-08-14,449.81,693.45
2009-08-17,433.81,663.98
2009-08-18,447.44,691.31
2009-08-19,446.12,688.56
2009-08-20,463.83,721.36
2009-08-21,465.37,726.06
2009-08-24,473.32,739.06
2009-08-25,478.99,743.18
2009-08-26,473.73,729.69
2009-08-27,473.71,732.19
2009-08-28,476.37,733.34
2009-08-31,472.38,729.09
2009-09-01,464.49,717.92
2009-09-02,460.59,711.4
2009-09-03,455.05,705.59
2009-09-04,459.55,709.98
2009-09-07,456.6,701.0
2009-09-08,451.61,693.27
2009-09-09,445.82,683.22
2009-09-10,445.53,674.02
2009-09-11,458.55,698.42
2009-09-14,464.33,707.48
2009-09-15,458.78,696.92
2009-09-16,466.14,709.8
2009-09-17,470.03,716.12
2009-09-18,468.74,711.71
2009-09-21,,
2009-09-22,,
2009-09-23,475.8,715.79
2009-09-24,476.66,721.65
2009-09-25,479.55,730.02
2009-09-28,476.32,723.21
2009-09-29,480.3,727.32
2009-09-30,489.9,745.01
2009-10-01,478.7,724.9
2009-10-02,471.75,712.44
2009-10-05,470.5,712.5
2009-10-06,492.54,754.31
2009-10-07,492.98,756.93
2009-10-08,497.83,769.61
2009-10-09,499.79,774.27
2009-10-12,508.34,789.9
2009-10-13,501.98,776.54
2009-10-14,509.97,787.12
2009-10-15,512.2,787.94
2009-10-16,506.71,775.88
2009-10-19,501.07,763.04
2009-10-20,506.95,770.76
2009-10-21,508.35,774.93
2009-10-22,510.38,776.21
2009-10-23,517.21,790.99
2009-10-26,512.71,784.61
2009-10-27,510.64,778.24
2009-10-28,489.07,741.4
2009-10-29,,
2009-10-30,495.77,754.92
2009-11-02,465.47,701.41
2009-11-03,463.52,700.95
2009-11-04,465.69,701.28
2009-11-05,466.42,695.98
2009-11-06,475.49,714.1
2009-11-09,478.89,721.83
2009-11-10,480.18,723.06
2009-11-11,489.87,743.95
2009-11-12,487.07,738.43
2009-11-13,486.32,735.7
2009-11-16,486.9,735.41
2009-11-17,482.24,726.04
2009-11-18,471.46,708.82
2009-11-19,462.44,692.15
2009-11-20,463.07,696.11
2009-11-23,450.02,675.26
2009-11-24,458.99,688.69
2009-11-25,455.84,682.68
2009-11-26,453.5,674.93
2009-11-27,,
2009-11-30,,
2009-12-01,456.69,679.84
2009-12-02,470.3,703.21
2009-12-03,483.29,724.52
2009-12-04,494.88,744.91
2009-12-07,497.43,745.88
2009-12-08,507.64,765.34
2009-12-09,494.71,742.78
2009-12-10,493.92,742.34
2009-12-11,495.45,745.56
2009-12-14,499.86,751.8
2009-12-15,501.51,753.26
2009-12-16,507.58,767.19
2009-12-17,505.22,763.75
2009-12-18,502.05,757.44
2009-12-21,504.29,756.1
2009-12-22,512.22,770.03
2009-12-23,515.46,775.73
2009-12-24,513.39,773.69
2009-12-25,511.22,768.83
2009-12-28,518.69,781.97
2009-12-29,516.96,777.95
2009-12-30,514.32,773.52
2009-12-31,529.62,802.6
2010-01-01,,
2010-01-04,524.9,791.23
2010-01-05,541.52,814.66
2010-01-06,539.79,807.17
2010-01-07,542.89,810.51
2010-01-08,550.42,825.64
2010-01-11,544.49,811.56
2010-01-12,540.2,806.19
2010-01-13,541.68,806.08
2010-01-14,549.59,817.68
2010-01-15,541.17,800.72
2010-01-18,541.3,801.67
2010-01-19,543.81,802.61
2010-01-20,554.57,819.31
2010-01-21,553.32,824.91
2010-01-22,544.43,809.3
2010-01-25,541.4,804.13
2010-01-26,535.23,794.46
2010-01-27,547.91,815.97
2010-01-28,547.28,816.35
2010-01-29,540.28,808.34
2010-02-01,550.53,824.46
2010-02-02,554.67,832.72
2010-02-03,555.48,833.86
2010-02-04,546.06,820.43
2010-02-05,513.62,772.32
2010-02-08,513.47,773.61
2010-02-09,506.88,758.04
2010-02-10,514.76,765.29
2010-02-11,511.88,761.24
2010-02-12,509.27,761.22
2010-02-15,514.93,768.53
2010-02-16,518.51,776.39
2010-02-17,526.97,789.81
2010-02-18,527.99,791.57
2010-02-19,516.85,772.19
2010-02-22,535.05,805.95
2010-02-23,521.3,782.25
2010-02-24,504.43,753.64
2010-02-25,503.56,753.99
2010-02-26,493.84,741.83
2010-03-01,507.94,761.68
2010-03-02,514.57,769.84
2010-03-03,514.79,773.18
2010-03-04,515.41,775.39
2010-03-05,516.17,775.76
2010-03-08,527.64,795.15
2010-03-09,529.46,798.62
2010-03-10,526.42,795.08
2010-03-11,527.85,794.12
2010-03-12,527.76,794.56
2010-03-15,521.62,783.25
2010-03-16,526.8,792.68
2010-03-17,540.85,819.14
2010-03-18,536.21,808.42
2010-03-19,533.7,806.69
2010-03-22,533.6,808.54
2010-03-23,543.72,828.58
2010-03-24,543.74,830.85
2010-03-25,559.57,865.58
2010-03-26,568.53,884.5
2010-03-29,570.87,886.47
2010-03-30,566.25,875.99
2010-03-31,569.89,883.81
2010-04-01,568.65,878.62
2010-04-02,579.11,898.12
2010-04-05,583.77,907.34
2010-04-06,585.77,915.3
2010-04-07,583.84,907.54
2010-04-08,580.2,902.28
2010-04-09,590.34,921.8
2010-04-12,593.11,927.01
2010-04-13,583.3,905.28
2010-04-14,586.84,912.72
2010-04-15,590.44,919.96
2010-04-16,589.02,913.93
2010-04-19,573.01,884.3
2010-04-20,585.86,905.76
2010-04-21,585.95,903.75
2010-04-22,585.07,902.2
2010-04-23,,
2010-04-26,588.71,907.46
2010-04-27,584.81,899.65
2010-04-28,572.31,878.49
2010-04-29,583.45,895.37
2010-04-30,587.63,902.02
2010-05-03,587.58,902.24
2010-05-04,579.22,887.77
2010-05-05,570.78,871.99
2010-05-06,564.83,865.54
2010-05-07,537.21,818.76
2010-05-10,562.08,864.59
2010-05-11,556.79,855.76
2010-05-12,570.16,879.75
2010-05-13,578.83,895.82
2010-05-14,564.62,870.64
2010-05-17,554.42,861.2
2010-05-18,561.84,874.6
2010-05-19,,
2010-05-20,559.0,874.64
2010-05-21,543.36,847.95
2010-05-24,540.53,840.66
2010-05-25,529.87,819.76
2010-05-26,531.74,822.19
2010-05-27,542.94,842.95
2010-05-28,548.72,854.43
2010-05-31,540.34,842.47
2010-06-01,533.38,828.78
2010-06-02,549.18,856.9
2010-06-03,561.5,876.71
2010-06-04,555.98,864.83
2010-06-07,536.31,832.88
2010-06-08,535.68,829.16
2010-06-09,535.35,827.76
2010-06-10,543.74,845.68
2010-06-11,552.8,859.64
2010-06-14,556.26,866.78
2010-06-15,558.76,872.06
2010-06-16,565.24,884.56
2010-06-17,574.01,901.2
2010-06-18,570.76,894.94
2010-06-21,571.78,898.26
2010-06-22,565.79,888.86
2010-06-23,562.84,883.74
2010-06-24,557.46,873.24
2010-06-25,558.01,873.86
2010-06-28,564.64,885.65
2010-06-29,555.57,868.69
2010-06-30,555.86,869.08
2010-07-01,544.18,848.25
2010-07-02,549.71,858.89
2010-07-05,559.62,880.2
2010-07-06,562.24,885.56
2010-07-07,560.45,883.19
2010-07-08,572.26,904.13
2010-07-09,567.7,892.32
2010-07-12,568.28,895.03
2010-07-13,580.99,919.84
2010-07-14,584.16,927.38
2010-07-15,586.82,930.95
2010-07-16,582.48,923.45
2010-07-19,582.06,920.78
2010-07-20,583.31,920.68
2010-07-21,589.33,934.43
2010-07-22,598.13,954.83
2010-07-23,595.57,944.18
2010-07-26,591.42,936.15
2010-07-27,605.78,963.75
2010-07-28,604.19,955.42
2010-07-29,607.34,963.23
2010-07-30,597.31,942.29
2010-08-02,600.51,944.37
2010-08-03,602.59,945.35
2010-08-04,601.59,940.69
2010-08-05,598.24,929.63
2010-08-06,599.14,928.92
2010-08-09,602.7,933.88
2010-08-10,594.39,919.68
2010-08-11,585.61,906.09
2010-08-12,581.64,896.68
2010-08-13,586.18,905.91
2010-08-16,584.85,904.73
2010-08-17,591.76,918.57
2010-08-18,592.09,921.12
2010-08-19,596.0,928.06
2010-08-20,587.74,911.01
2010-08-23,586.91,909.27
2010-08-24,584.51,902.14
2010-08-25,588.22,907.07
2010-08-26,586.15,903.95
2010-08-27,592.56,915.51
2010-08-30,,
2010-08-31,593.02,914.68
2010-09-01,602.23,930.96
2010-09-02,608.61,942.0
2010-09-03,608.82,942.51
2010-09-06,607.86,940.77
2010-09-07,607.37,941.11
2010-09-08,606.08,939.68
2010-09-09,,
2010-09-10,,
2010-09-13,618.31,957.45
2010-09-14,621.93,960.19
2010-09-15,629.15,973.21
2010-09-16,630.06,975.61
2010-09-17,641.39,995.74
2010-09-20,638.05,990.85
2010-09-21,641.9,996.3
2010-09-22,641.65,997.47
2010-09-23,635.35,982.27
2010-09-24,637.8,986.8
2010-09-27,645.18,999.73
2010-09-28,649.45,1011.24
2010-09-29,653.49,1017.33
2010-09-30,653.42,1016.37
2010-10-01,653.17,1011.13
2010-10-04,649.42,1001.27
2010-10-05,659.02,1019.2
2010-10-06,671.48,1040.99
2010-10-07,667.58,1032.6
2010-10-08,664.24,1023.41
2010-10-11,681.48,1058.73
2010-10-12,689.63,1075.66
2010-10-13,700.04,1095.63
2010-10-14,696.57,1089.9
2010-10-15,692.56,1082.19
2010-10-18,706.06,1106.92
2010-10-19,703.46,1100.89
2010-10-20,699.15,1093.4
2010-10-21,695.54,1085.14
2010-10-22,703.98,1100.6
2010-10-25,714.9,1122.38
2010-10-26,705.3,1100.25
2010-10-27,698.75,1089.21
2010-10-28,687.6,1067.2
2010-10-29,,
2010-11-01,694.44,1083.07
2010-11-02,690.23,1079.02
2010-11-03,687.71,1070.33
2010-11-04,696.89,1086.66
2010-11-05,710.49,1111.92
2010-11-08,705.01,1100.88
2010-11-09,714.61,1117.49
2010-11-10,713.98,1113.91
2010-11-11,705.36,1097.65
2010-11-12,691.92,1073.78
2010-11-15,699.98,1084.36
2010-11-16,,
2010-11-17,,
2010-11-18,,
2010-11-19,,
2010-11-22,700.04,1086.84
2010-11-23,673.97,1045.08
2010-11-24,658.87,1023.88
2010-11-25,666.88,1034.45
2010-11-26,658.81,1020.04
2010-11-29,651.65,1003.69
2010-11-30,644.81,992.89
2010-12-01,658.77,1017.59
2010-12-02,671.3,1040.05
2010-12-03,674.11,1045.13
2010-12-06,673.28,1040.65
2010-12-07,682.97,1056.48
2010-12-08,678.88,1051.02
2010-12-09,671.34,1035.24
2010-12-10,658.95,1010.48
2010-12-13,657.17,1003.57
2010-12-14,665.84,1017.38
2010-12-15,656.88,999.77
2010-12-16,654.38,993.32
2010-12-17,655.33,993.28
2010-12-20,626.67,943.14
2010-12-21,639.74,968.51
2010-12-22,653.6,992.43
2010-12-23,656.39,994.39
2010-12-24,661.23,1002.76
2010-12-27,659.13,999.31
2010-12-28,670.93,1016.61
2010-12-29,665.08,1007.99
2010-12-30,668.49,1011.09
2010-12-31,670.26,1013.15
2011-01-03,667.41,1005.7
2011-01-04,684.4,1033.24
2011-01-05,681.4,1026.64
2011-01-06,696.07,1052.71
2011-01-07,689.5,1038.06
2011-01-10,678.92,1016.05
2011-01-11,681.16,1017.28
2011-01-12,681.91,1017.26
2011-01-13,683.77,1020.94
2011-01-14,677.83,1008.25
2011-01-17,671.22,1000.11
2011-01-18,675.58,1004.44
2011-01-19,666.41,983.89
2011-01-20,665.73,982.68
2011-01-21,649.7,953.38
2011-01-24,655.65,967.23
2011-01-25,652.78,960.52
2011-01-26,657.11,968.44
2011-01-27,660.74,975.01
2011-01-28,636.91,937.74
2011-01-31,626.05,928.17
2011-02-01,641.84,951.61
2011-02-02,656.84,979.01
2011-02-03,653.5,974.68
2011-02-04,633.55,943.58
2011-02-07,655.41,985.37
2011-02-08,655.0,980.59
2011-02-09,656.36,980.51
2011-02-10,648.95,967.51
2011-02-11,640.77,952.75
2011-02-14,652.57,969.62
2011-02-15,651.0,967.23
2011-02-16,648.55,961.76
2011-02-17,657.04,977.29
2011-02-18,659.88,983.07
2011-02-21,654.2,975.65
2011-02-22,644.16,957.7
2011-02-23,643.5,958.68
2011-02-24,610.55,910.25
2011-02-25,613.69,912.45
2011-02-28,611.49,904.86
2011-03-01,611.46,902.1
2011-03-02,586.34,860.23
2011-03-03,598.73,877.23
2011-03-04,608.35,895.26
2011-03-07,604.91,892.65
2011-03-08,608.99,896.27
2011-03-09,617.12,913.94
2011-03-10,625.45,932.82
2011-03-11,630.05,947.74
2011-03-14,644.65,967.41
2011-03-15,629.37,940.84
2011-03-16,645.79,966.96
2011-03-17,633.0,945.05
2011-03-18,629.09,936.18
2011-03-21,641.58,954.2
2011-03-22,646.99,961.15
2011-03-23,650.59,969.76
2011-03-24,633.4,931.98
2011-03-25,648.11,959.76
2011-03-28,642.84,949.39
2011-03-29,635.61,935.6
2011-03-30,643.34,946.1
2011-03-31,646.18,948.35
2011-04-01,645.37,945.09
2011-04-04,665.28,985.83
2011-04-05,679.69,1014.76
2011-04-06,687.37,1026.6
2011-04-07,681.11,1017.81
2011-04-08,691.21,1037.48
2011-04-11,678.39,1011.46
2011-04-12,679.18,1014.44
2011-04-13,686.26,1025.42
2011-04-14,679.76,1013.68
2011-04-15,682.09,1017.32
2011-04-18,686.5,1024.71
2011-04-19,674.01,1004.01
2011-04-20,687.09,1021.66
2011-04-21,683.75,1012.92
2011-04-22,685.14,1015.55
2011-04-25,687.19,1019.88
2011-04-26,686.29,1017.81
2011-04-27,681.74,1007.61
2011-04-28,675.97,996.4
2011-04-29,683.91,1008.77
2011-05-02,697.74,1031.65
2011-05-03,694.32,1024.97
2011-05-04,700.78,1042.32
2011-05-05,696.1,1035.09
2011-05-06,690.01,1028.3
2011-05-09,685.3,1018.19
2011-05-10,683.44,1016.15
2011-05-11,664.19,980.49
2011-05-12,653.97,959.23
2011-05-13,656.94,965.16
2011-05-16,641.9,942.59
2011-05-17,650.55,957.71
2011-05-18,650.56,958.46
2011-05-19,,
2011-05-20,635.03,931.23
2011-05-23,628.31,920.2
2011-05-24,633.13,924.7
2011-05-25,642.48,942.06
2011-05-26,641.96,939.03
2011-05-27,623.89,908.18
2011-05-30,623.26,912.69
2011-05-31,624.87,920.15
2011-06-01,632.97,931.38
2011-06-02,627.2,920.59
2011-06-03,627.87,920.61
2011-06-06,633.09,926.75
2011-06-07,640.28,940.72
2011-06-08,641.43,944.81
2011-06-09,640.11,944.0
2011-06-10,637.57,942.19
2011-06-13,637.86,943.17
2011-06-14,626.13,921.94
2011-06-15,612.84,894.9
2011-06-16,606.57,888.29
2011-06-17,610.72,895.64
2011-06-20,606.17,886.72
2011-06-21,616.13,898.76
2011-06-22,617.67,901.09
2011-06-23,608.41,886.64
2011-06-24,625.91,921.15
2011-06-27,618.06,906.62
2011-06-28,626.5,921.74
2011-06-29,629.1,921.06
2011-06-30,632.08,927.09
2011-07-01,630.83,925.17
2011-07-04,635.1,933.87
2011-07-05,640.13,942.5
2011-07-06,635.21,933.05
2011-07-07,632.13,926.16
2011-07-08,642.09,945.79
2011-07-11,635.76,934.73
2011-07-12,623.02,911.92
2011-07-13,631.93,926.79
2011-07-14,632.42,926.75
2011-07-15,626.87,918.11
2011-07-18,624.74,914.89
2011-07-19,622.79,911.58
2011-07-20,618.2,906.26
2011-07-21,596.58,876.59
2011-07-22,606.11,889.45
2011-07-25,601.05,879.65
2011-07-26,608.11,888.23
2011-07-27,617.7,905.84
2011-07-28,616.52,903.67
2011-07-29,622.19,913.39
2011-08-01,625.96,920.05
2011-08-02,616.03,900.87
2011-08-03,614.35,901.99
2011-08-04,607.53,896.07
2011-08-05,573.67,845.2
2011-08-08,536.01,786.56
2011-08-09,504.69,739.6
2011-08-10,533.46,779.41
2011-08-11,514.97,741.09
2011-08-12,516.88,743.1
2011-08-15,531.31,766.12
2011-08-16,527.69,761.72
2011-08-17,543.23,788.57
2011-08-18,527.87,760.02
2011-08-19,506.93,725.24
2011-08-22,530.14,767.91
2011-08-23,531.57,772.4
2011-08-24,526.12,766.08
2011-08-25,531.06,774.15
2011-08-26,534.16,779.57
2011-08-29,539.46,789.07
2011-08-30,,
2011-08-31,,
2011-09-01,,
2011-09-02,552.81,807.42
2011-09-05,545.34,794.77
2011-09-06,550.47,801.33
2011-09-07,556.34,812.56
2011-09-08,558.73,815.4
2011-09-09,565.54,827.01
2011-09-12,552.05,808.82
2011-09-13,558.67,814.34
2011-09-14,568.42,829.63
2011-09-15,564.33,823.65
2011-09-16,576.15,843.14
2011-09-19,575.55,843.82
2011-09-20,581.37,851.8
2011-09-21,614.88,911.49
2011-09-22,590.24,868.66
2011-09-23,574.74,846.33
2011-09-26,569.36,834.09
2011-09-27,579.34,850.66
2011-09-28,591.65,874.41
2011-09-29,600.06,892.64
2011-09-30,595.55,887.58
2011-10-03,597.24,887.97
2011-10-04,586.62,868.04
2011-10-05,579.69,855.6
2011-10-06,578.99,852.48
2011-10-07,571.83,837.8
2011-10-10,577.89,848.05
2011-10-11,583.7,860.49
2011-10-12,593.23,876.07
2011-10-13,595.29,879.85
2011-10-14,588.9,868.28
2011-10-17,596.92,881.48
2011-10-18,583.76,859.08
2011-10-19,591.57,868.83
2011-10-20,569.38,829.12
2011-10-21,558.6,807.8
2011-10-24,563.3,814.43
2011-10-25,567.13,818.51
2011-10-26,558.46,800.04
2011-10-27,563.63,805.09
2011-10-28,570.42,812.62
2011-10-31,565.87,802.87
2011-11-01,548.72,778.26
2011-11-02,547.3,777.08
2011-11-03,560.26,797.88
2011-11-04,568.46,809.6
2011-11-07,,
2011-11-08,,
2011-11-09,,
2011-11-10,553.91,788.68
2011-11-11,560.71,799.44
2011-11-14,565.26,807.99
2011-11-15,556.66,791.32
2011-11-16,562.59,800.07
2011-11-17,553.99,785.55
2011-11-18,545.77,770.27
2011-11-21,535.64,756.64
2011-11-22,530.34,746.87
2011-11-23,515.18,721.25
2011-11-24,512.51,718.67
2011-11-25,494.99,692.07
2011-11-28,519.29,726.99
2011-11-29,522.1,731.44
2011-11-30,529.97,742.08
2011-12-01,545.33,768.88
2011-12-02,543.35,765.76
2011-12-05,550.93,780.38
2011-12-06,549.67,777.35
2011-12-07,552.56,780.33
2011-12-08,547.85,773.16
2011-12-09,531.44,744.27
2011-12-12,531.1,742.93
2011-12-13,525.45,732.28
2011-12-14,522.38,728.09
2011-12-15,512.23,711.45
2011-12-16,520.78,730.62
2011-12-19,517.9,726.14
2011-12-20,509.46,712.22
2011-12-21,527.99,738.03
2011-12-22,517.87,721.1
2011-12-23,521.72,725.19
2011-12-26,521.64,722.92
2011-12-27,524.91,728.01
2011-12-28,524.71,727.97
2011-12-29,512.21,709.41
2011-12-30,521.31,721.89
2012-01-02,513.46,711.68
2012-01-03,518.13,719.34
2012-01-04,523.52,729.07
2012-01-05,511.76,709.03
2012-01-06,513.07,709.64
2012-01-09,496.94,678.33
2012-01-10,504.15,688.5
2012-01-11,512.17,702.32
2012-01-12,522.18,720.23
2012-01-13,523.98,716.19
2012-01-16,520.65,710.22
2012-01-17,537.56,741.35
2012-01-18,539.11,743.59
2012-01-19,544.46,758.19
2012-01-20,545.73,762.18
2012-01-23,548.13,764.94
2012-01-24,545.84,762.47
2012-01-25,550.0,771.02
2012-01-26,566.64,803.72
2012-01-27,573.95,812.6
2012-01-30,572.34,809.7
2012-01-31,583.23,826.55
2012-02-01,579.49,815.86
2012-02-02,594.49,840.22
2012-02-03,602.82,856.17
2012-02-06,600.33,852.31
2012-02-07,606.69,858.32
2012-02-08,609.76,860.31
2012-02-09,614.12,866.8
2012-02-10,599.84,845.37
2012-02-13,601.24,843.65
2012-02-14,606.63,854.87
2012-02-15,603.28,852.45
2012-02-16,595.6,841.24
2012-02-17,604.72,855.45
2012-02-20,615.7,875.41
2012-02-21,611.54,866.68
2012-02-22,616.23,872.25
2012-02-23,604.18,853.2
2012-02-24,597.81,838.65
2012-02-27,588.38,824.25
2012-02-28,593.55,834.16
2012-02-29,602.36,849.77
2012-03-01,608.05,859.55
2012-03-02,609.02,861.95
2012-03-05,602.73,852.38
2012-03-06,593.29,835.61
2012-03-07,592.76,834.96
2012-03-08,603.67,853.11
2012-03-09,595.61,839.66
2012-03-12,593.08,838.07
2012-03-13,599.2,848.91
2012-03-14,605.18,856.99
2012-03-15,611.57,867.34
2012-03-16,619.69,884.83
2012-03-19,626.86,899.35
2012-03-20,618.65,883.39
2012-03-21,625.4,895.54
2012-03-22,620.04,886.54
2012-03-23,616.49,880.71
2012-03-26,612.98,867.55
2012-03-27,628.16,893.18
2012-03-28,621.24,885.48
2012-03-29,616.14,876.45
2012-03-30,623.23,890.8
2012-04-02,625.8,894.52
2012-04-03,634.9,913.32
2012-04-04,626.64,898.91
2012-04-05,620.49,889.42
2012-04-06,614.67,881.24
2012-04-09,610.4,874.61
2012-04-10,605.78,869.28
2012-04-11,596.13,854.1
2012-04-12,603.7,864.44
2012-04-13,608.56,869.49
2012-04-16,602.22,859.55
2012-04-17,608.13,868.3
2012-04-18,609.93,871.98
2012-04-19,604.55,859.92
2012-04-20,600.56,852.47
2012-04-23,,
2012-04-24,599.68,844.55
2012-04-25,600.47,845.12
2012-04-26,602.8,848.04
2012-04-27,607.32,852.68
2012-04-30,602.2,840.35
2012-05-01,,
2012-05-02,598.71,832.61
2012-05-03,593.6,825.07
2012-05-04,594.57,827.84
2012-05-07,582.75,808.58
2012-05-08,588.25,817.15
2012-05-09,588.76,820.74
2012-05-10,584.84,813.88
2012-05-11,587.28,816.14
2012-05-14,584.55,811.84
2012-05-15,577.27,801.56
2012-05-16,575.16,798.62
2012-05-17,582.36,813.55
2012-05-18,568.2,789.07
2012-05-21,572.31,797.44
2012-05-22,567.26,787.5
2012-05-23,560.0,775.44
2012-05-24,557.55,770.64
2012-05-25,548.85,755.62
2012-05-28,547.45,751.37
2012-05-29,555.01,767.12
2012-05-30,548.09,757.23
2012-05-31,556.35,771.33
2012-06-01,547.74,761.18
2012-06-04,554.32,774.12
2012-06-05,558.78,780.34
2012-06-06,560.58,784.05
2012-06-07,566.58,795.49
2012-06-08,563.62,792.74
2012-06-11,582.34,823.53
2012-06-12,578.92,816.79
2012-06-13,583.07,822.07
2012-06-14,581.99,820.6
2012-06-15,585.84,827.34
2012-06-18,586.53,828.92
2012-06-19,586.56,828.89
2012-06-20,599.61,852.17
2012-06-21,598.55,853.79
2012-06-22,605.02,867.05
2012-06-25,600.09,859.24
2012-06-26,597.29,854.17
2012-06-27,608.45,872.79
2012-06-28,608.89,874.58
2012-06-29,615.25,882.42
2012-07-02,623.31,893.32
2012-07-03,623.25,892.74
2012-07-04,629.19,904.07
2012-07-05,630.06,908.26
2012-07-06,623.36,892.87
2012-07-09,626.1,894.99
2012-07-10,630.65,905.36
2012-07-11,632.12,908.76
2012-07-12,625.11,896.52
2012-07-13,627.28,897.49
2012-07-16,626.03,895.13
2012-07-17,627.09,895.06
2012-07-18,627.96,896.13
2012-07-19,626.15,891.39
2012-07-20,619.19,876.08
2012-07-23,608.41,857.83
2012-07-24,609.97,862.4
2012-07-25,615.36,873.23
2012-07-26,623.37,885.68
2012-07-27,638.81,910.89
2012-07-30,646.04,919.68
2012-07-31,648.9,922.57
2012-08-01,640.68,911.73
2012-08-02,642.83,917.02
2012-08-03,641.9,913.88
2012-08-06,659.14,949.21
2012-08-07,654.0,938.23
2012-08-08,648.9,929.6
2012-08-09,651.96,935.22
2012-08-10,643.3,918.58
2012-08-13,653.62,938.0
2012-08-14,646.46,927.59
2012-08-15,642.87,920.54
2012-08-16,650.67,936.77
2012-08-17,655.11,945.97
2012-08-20,,
2012-08-21,,
2012-08-22,656.77,947.63
2012-08-23,664.64,961.81
2012-08-24,662.21,958.78
2012-08-27,658.19,950.25
2012-08-28,665.19,961.67
2012-08-29,662.25,957.62
2012-08-30,,
2012-08-31,663.05,957.54
2012-09-03,671.67,972.4
2012-09-04,672.42,972.75
2012-09-05,671.61,972.12
2012-09-06,676.43,979.95
2012-09-07,680.94,984.02
2012-09-10,682.24,983.92
2012-09-11,681.15,982.0
2012-09-12,681.85,981.99
2012-09-13,682.32,979.0
2012-09-14,683.98,978.48
2012-09-17,681.68,972.6
2012-09-18,677.82,966.39
2012-09-19,673.17,954.56
2012-09-20,666.15,942.45
2012-09-21,676.23,961.29
2012-09-24,675.73,962.01
2012-09-25,670.93,954.1
2012-09-26,679.51,972.13
2012-09-27,670.54,957.22
2012-09-28,667.25,955.81
2012-10-01,662.59,946.68
2012-10-02,672.0,965.58
2012-10-03,677.24,975.25
2012-10-04,658.28,942.56
2012-10-05,675.68,973.94
2012-10-08,674.29,976.18
2012-10-09,674.43,976.48
2012-10-10,681.94,991.84
2012-10-11,691.96,1013.22
2012-10-12,695.74,1018.37
2012-10-15,693.97,1014.28
2012-10-16,704.13,1033.63
2012-10-17,706.14,1035.52
2012-10-18,708.97,1039.64
2012-10-19,705.14,1031.27
2012-10-22,712.49,1044.91
2012-10-23,711.45,1041.38
2012-10-24,707.08,1033.19
2012-10-25,,
2012-10-26,,
2012-10-29,,
2012-10-30,710.67,1040.09
2012-10-31,724.6,1065.61
2012-11-01,727.55,1075.36
2012-11-02,720.45,1060.16
2012-11-05,718.13,1056.82
2012-11-06,725.95,1074.17
2012-11-07,725.69,1072.74
2012-11-08,716.73,1060.11
2012-11-09,725.41,1075.68
2012-11-12,717.78,1057.84
2012-11-13,711.62,1045.56
2012-11-14,723.0,1067.91
2012-11-15,714.81,1053.29
2012-11-16,712.78,1048.88
2012-11-19,703.51,1022.69
2012-11-20,707.56,1027.87
2012-11-21,709.61,1032.66
2012-11-22,706.4,1028.97
2012-11-23,703.08,1023.09
2012-11-26,715.27,1044.45
2012-11-27,720.2,1050.35
2012-11-28,722.8,1052.37
2012-11-29,726.42,1057.14
2012-11-30,724.85,1052.57
2012-12-03,735.41,1071.32
2012-12-04,748.63,1092.58
2012-12-05,759.89,1110.94
2012-12-06,759.65,1109.97
2012-12-07,757.85,1104.57
2012-12-10,762.99,1112.92
2012-12-11,773.26,1131.27
2012-12-12,768.56,1124.48
2012-12-13,775.22,1138.34
2012-12-14,772.8,1134.33
2012-12-17,763.26,1116.44
2012-12-18,780.54,1147.46
2012-12-19,775.21,1136.41
2012-12-20,772.91,1131.08
2012-12-21,766.45,1115.29
2012-12-24,772.81,1126.73
2012-12-25,776.81,1135.16
2012-12-26,780.47,1140.31
2012-12-27,785.76,1148.8
2012-12-28,784.59,1145.96
2012-12-31,784.77,1146.45
2013-01-01,,
2013-01-02,791.68,1150.87
2013-01-03,798.81,1165.72
2013-01-04,797.97,1163.4
2013-01-07,800.73,1166.46
2013-01-08,809.47,1182.35
2013-01-09,800.78,1166.21
2013-01-10,809.12,1178.06
2013-01-11,811.39,1179.25
2013-01-14,819.11,1196.44
2013-01-15,822.68,1203.17
2013-01-16,830.79,1217.16
2013-01-17,848.58,1250.95
2013-01-18,845.88,1245.07
2013-01-21,856.29,1266.19
2013-01-22,848.79,1253.01
2013-01-23,862.24,1280.72
2013-01-24,862.39,1279.72
2013-01-25,857.93,1264.11
2013-01-28,835.52,1221.33
2013-01-29,813.01,1186.78
2013-01-30,819.11,1195.03
2013-01-31,789.57,1148.22
2013-02-01,796.78,1164.82
2013-02-04,808.44,1183.65
2013-02-05,810.6,1183.13
2013-02-06,804.28,1169.88
2013-02-07,797.05,1159.56
2013-02-08,777.33,1124.46
2013-02-11,783.66,1136.4
2013-02-12,777.37,1128.34
2013-02-13,789.66,1150.66
2013-02-14,769.57,1113.44
2013-02-15,779.47,1129.39
2013-02-18,778.5,1130.09
2013-02-19,776.5,1128.09
2013-02-20,785.75,1144.16
2013-02-21,786.66,1140.91
2013-02-22,765.83,1101.24
2013-02-25,761.4,1088.84
2013-02-26,762.21,1088.6
2013-02-27,775.74,1112.69
2013-02-28,786.92,1130.92
2013-03-01,796.15,1143.89
2013-03-04,801.99,1154.22
2013-03-05,811.27,1171.56
2013-03-06,814.91,1179.86
2013-03-07,819.77,1189.92
2013-03-08,820.49,1191.55
2013-03-11,835.67,1219.14
2013-03-12,835.94,1218.63
2013-03-13,829.87,1199.74
2013-03-14,825.32,1192.6
2013-03-15,831.26,1205.12
2013-03-18,829.93,1205.08
2013-03-19,837.05,1214.77
2013-03-20,827.35,1198.92
2013-03-21,825.83,1194.36
2013-03-22,821.69,1190.32
2013-03-25,830.91,1201.63
2013-03-26,830.75,1199.51
2013-03-27,837.23,1208.86
2013-03-28,848.52,1228.04
2013-03-29,857.35,1240.41
2013-04-01,861.29,1247.25
2013-04-02,858.08,1238.58
2013-04-03,856.87,1235.56
2013-04-04,843.78,1216.24
2013-04-05,832.72,1197.15
2013-04-08,823.41,1183.69
2013-04-09,833.07,1204.95
2013-04-10,829.79,1197.32
2013-04-11,835.81,1208.91
2013-04-12,843.88,1224.38
2013-04-15,844.69,1229.16
2013-04-16,846.25,1233.47
2013-04-17,846.45,1228.76
2013-04-18,843.62,1221.74
2013-04-19,827.83,1195.21
2013-04-22,836.68,1214.1
2013-04-23,,
2013-04-24,849.13,1239.08
2013-04-25,854.99,1249.64
2013-04-26,845.59,1229.04
2013-04-29,853.42,1243.29
2013-04-30,854.24,1248.12
2013-05-01,,
2013-05-02,876.83,1290.54
2013-05-03,893.03,1322.0
2013-05-06,895.08,1325.1
2013-05-07,901.98,1336.45
2013-05-08,902.0,1334.88
2013-05-09,907.76,1348.3
2013-05-10,891.29,1320.6
2013-05-13,896.75,1335.02
2013-05-14,905.33,1344.95
2013-05-15,919.75,1372.19
2013-05-16,922.06,1377.15
2013-05-17,921.33,1379.99
2013-05-20,916.07,1361.86
2013-05-21,907.81,1345.57
2013-05-22,918.81,1363.32
2013-05-23,916.72,1361.32
2013-05-24,918.19,1365.78
2013-05-27,906.99,1339.21
2013-05-28,907.66,1332.88
2013-05-29,878.76,1281.73
2013-05-30,871.06,1274.8
2013-05-31,854.25,1249.02
2013-06-03,801.04,1164.28
2013-06-04,796.81,1156.75
2013-06-05,802.95,1160.89
2013-06-06,788.56,1143.11
2013-06-07,769.75,1117.33
2013-06-10,769.97,1116.31
2013-06-11,770.28,1115.87
2013-06-12,766.31,1108.36
2013-06-13,774.57,1116.17
2013-06-14,785.42,1133.89
2013-06-17,796.84,1154.79
2013-06-18,793.48,1144.68
2013-06-19,786.66,1132.45
2013-06-20,753.97,1081.32
2013-06-21,735.3,1050.48
2013-06-24,728.63,1035.04
2013-06-25,723.86,1022.72
2013-06-26,729.35,1029.59
2013-06-27,750.86,1061.9
2013-06-28,769.11,1088.75
2013-07-01,759.95,1065.84
2013-07-02,765.26,1078.71
2013-07-03,740.32,1035.88
2013-07-04,737.03,1027.38
2013-07-05,753.66,1060.11
2013-07-08,727.29,1012.63
2013-07-09,727.65,1007.15
2013-07-10,718.64,986.38
2013-07-11,725.15,994.82
2013-07-12,727.26,989.56
2013-07-15,753.01,1037.29
2013-07-16,761.35,1053.53
2013-07-17,756.08,1046.32
2013-07-18,773.45,1079.82
2013-07-19,762.58,1058.0
2013-07-22,757.86,1049.9
2013-07-23,765.42,1056.91
2013-07-24,752.77,1032.99
2013-07-25,728.6,998.54
2013-07-26,732.7,1005.15
2013-07-29,725.86,991.81
2013-07-30,742.63,1024.34
2013-07-31,743.44,1024.18
2013-08-01,741.91,1020.22
2013-08-02,731.93,999.55
2013-08-05,747.33,1026.66
2013-08-06,740.17,1011.11
2013-08-07,735.45,1001.35
2013-08-08,,
2013-08-09,,
2013-08-12,741.59,1009.88
2013-08-13,757.76,1039.29
2013-08-14,757.73,1039.2
2013-08-15,756.83,1037.95
2013-08-16,738.22,1002.93
2013-08-19,730.88,988.09
2013-08-20,718.68,969.59
2013-08-21,707.63,955.67
2013-08-22,682.14,921.48
2013-08-23,687.41,930.67
2013-08-26,678.86,920.15
2013-08-27,671.2,912.06
2013-08-28,647.74,893.91
2013-08-29,663.06,918.2
2013-08-30,,
2013-09-02,680.45,939.49
2013-09-03,677.36,936.33
2013-09-04,670.27,928.42
2013-09-05,662.43,918.82
2013-09-06,670.77,932.9
2013-09-09,688.83,961.95
2013-09-10,707.93,985.29
2013-09-11,719.64,995.76
2013-09-12,714.22,985.38
2013-09-13,725.89,1004.93
2013-09-16,737.78,1026.17
2013-09-17,742.83,1038.54
2013-09-18,750.07,1052.5
2013-09-19,801.68,1143.29
2013-09-20,786.98,1114.83
2013-09-23,772.29,1087.98
2013-09-24,768.95,1075.3
2013-09-25,761.45,1059.21
2013-09-26,761.86,1060.71
2013-09-27,752.0,1045.95
2013-09-30,743.6,1027.89
2013-10-01,760.48,1051.78
2013-10-02,756.51,1047.77
2013-10-03,758.92,1052.1
2013-10-04,761.12,1053.65
2013-10-07,756.3,1042.94
2013-10-08,757.55,1045.2
2013-10-09,743.17,1019.1
2013-10-10,754.19,1038.8
2013-10-11,761.56,1048.78
2013-10-14,762.35,1049.6
2013-10-15,,
2013-10-16,,
2013-10-17,,
2013-10-18,,
2013-10-21,783.37,1079.3
2013-10-22,787.48,1085.51
2013-10-23,788.71,1087.81
2013-10-24,790.69,1087.92
2013-10-25,789.46,1082.89
2013-10-28,795.65,1094.61
2013-10-29,,
2013-10-30,803.23,1104.97
2013-10-31,783.07,1079.72
2013-11-01,768.65,1053.5
2013-11-04,767.22,1051.01
2013-11-05,766.91,1044.93
2013-11-06,749.27,1014.75
2013-11-07,758.27,1024.17
2013-11-08,754.88,1023.22
2013-11-11,734.64,991.27
2013-11-12,714.23,969.17
2013-11-13,722.02,981.98
2013-11-14,738.87,1006.44
2013-11-15,746.41,1016.42
2013-11-18,749.94,1020.66
2013-11-19,753.21,1024.0
2013-11-20,741.81,1003.07
2013-11-21,748.07,1014.27
2013-11-22,751.02,1017.63
2013-11-25,768.35,1046.81
2013-11-26,763.08,1038.98
2013-11-27,755.26,1023.58
2013-11-28,751.83,1019.1
2013-11-29,748.83,1011.52
2013-12-02,758.39,1023.8
2013-12-03,737.1,990.98
2013-12-04,726.72,980.77
2013-12-05,728.49,984.56
2013-12-06,720.7,973.15
2013-12-09,741.92,999.44
2013-12-10,741.57,996.39
2013-12-11,745.38,1001.88
2013-12-12,736.4,989.6
2013-12-13,737.17,991.77
2013-12-16,744.17,1002.79
2013-12-17,731.29,982.8
2013-12-18,695.5,932.71
2013-12-19,707.55,952.07
2013-12-20,692.13,927.87
2013-12-23,687.27,929.78
2013-12-24,688.06,928.9
2013-12-25,697.94,940.2
2013-12-26,653.79,879.98
2013-12-27,620.55,830.68
2013-12-30,659.44,874.76
2013-12-31,678.02,905.59
2014-01-01,,
2014-01-02,665.11,886.59
2014-01-03,667.26,889.56
2014-01-06,660.86,880.28
2014-01-07,681.38,912.47
2014-01-08,679.17,911.35
2014-01-09,665.37,892.03
2014-01-10,666.66,894.74
2014-01-13,683.83,919.4
2014-01-14,672.22,901.38
2014-01-15,677.43,911.21
2014-01-16,673.59,906.07
2014-01-17,669.43,902.09
2014-01-20,658.78,884.36
2014-01-21,666.79,893.75
2014-01-22,669.1,899.68
2014-01-23,667.84,900.17
2014-01-24,638.95,852.06
2014-01-27,635.54,840.54
2014-01-28,649.99,864.77
2014-01-29,629.04,830.34
2014-01-30,616.17,808.1
2014-01-31,618.1,814.68
2014-02-03,619.0,812.61
2014-02-04,617.93,811.02
2014-02-05,632.84,834.01
2014-02-06,635.32,835.85
2014-02-07,643.73,850.89
2014-02-10,640.48,847.08
2014-02-11,646.55,859.37
2014-02-12,649.1,862.38
2014-02-13,639.09,844.87
2014-02-14,645.35,853.35
2014-02-17,655.58,868.6
2014-02-18,650.84,864.91
2014-02-19,637.76,844.92
2014-02-20,635.54,839.9
2014-02-21,638.47,844.72
2014-02-24,637.97,841.78
2014-02-25,625.56,822.51
2014-02-26,625.87,824.31
2014-02-27,612.62,806.21
2014-02-28,626.04,822.35
2014-03-03,616.28,810.38
2014-03-04,624.95,826.62
2014-03-05,634.79,838.56
2014-03-06,638.0,843.23
2014-03-07,640.24,843.82
2014-03-10,630.15,828.34
2014-03-11,629.18,827.1
2014-03-12,624.21,816.12
2014-03-13,639.76,838.42
2014-03-14,633.69,830.29
2014-03-17,639.62,839.41
2014-03-18,644.19,845.77
2014-03-19,655.16,863.61
2014-03-20,652.58,861.54
2014-03-21,648.51,856.69
2014-03-24,646.76,856.38
2014-03-25,639.87,846.59
2014-03-26,657.73,875.69
2014-03-27,679.45,910.56
2014-03-28,683.22,918.69
2014-03-31,694.98,939.58
2014-04-01,702.06,943.93
2014-04-02,710.25,958.65
2014-04-03,714.45,964.61
2014-04-04,718.12,970.36
2014-04-07,728.31,986.02
2014-04-08,734.1,999.11
2014-04-09,730.26,995.34
2014-04-10,729.14,991.24
2014-04-11,726.68,986.18
2014-04-14,726.18,982.11
2014-04-15,743.32,1010.12
2014-04-16,724.56,983.93
2014-04-17,729.71,988.88
2014-04-18,736.01,997.81
2014-04-21,733.29,991.37
2014-04-22,735.06,992.74
2014-04-23,,
2014-04-24,732.85,988.87
2014-04-25,718.96,964.6
2014-04-28,720.68,966.04
2014-04-29,728.53,981.13
2014-04-30,734.35,990.22
2014-05-01,,
2014-05-02,751.46,1025.91
2014-05-05,748.24,1022.82
2014-05-06,751.81,1028.92
2014-05-07,751.9,1030.5
2014-05-08,759.12,1038.66
2014-05-09,755.8,1032.33
2014-05-12,763.48,1050.5
2014-05-13,758.65,1042.61
2014-05-14,762.03,1041.8
2014-05-15,764.29,1044.55
2014-05-16,749.13,1021.21
2014-05-19,,
2014-05-20,747.56,1019.67
2014-05-21,761.01,1042.49
2014-05-22,765.81,1049.24
2014-05-23,782.36,1080.06
2014-05-26,784.82,1085.2
2014-05-27,783.33,1081.97
2014-05-28,784.52,1085.05
2014-05-29,790.88,1095.74
2014-05-30,794.46,1100.86
2014-06-02,793.59,1098.96
2014-06-03,792.45,1090.69
2014-06-04,786.68,1076.72
2014-06-05,789.34,1082.08
2014-06-06,803.04,1107.94
2014-06-09,813.58,1122.57
2014-06-10,810.27,1119.78
2014-06-11,810.75,1122.17
2014-06-12,788.44,1087.8
2014-06-13,795.39,1096.32
2014-06-16,781.28,1071.38
2014-06-17,784.87,1070.21
2014-06-18,781.65,1064.33
2014-06-19,791.8,1080.89
2014-06-20,786.9,1073.37
2014-06-23,786.7,1078.14
2014-06-24,799.01,1100.83
2014-06-25,783.67,1072.55
2014-06-26,789.08,1081.59
2014-06-27,784.7,1073.39
2014-06-30,790.4,1080.42
2014-07-01,783.19,1070.22
2014-07-02,762.37,1039.4
2014-07-03,769.67,1045.43
2014-07-04,776.09,1050.61
2014-07-07,778.69,1051.37
2014-07-08,794.81,1079.37
2014-07-09,795.41,1082.65
2014-07-10,795.5,1077.57
2014-07-11,791.81,1070.25
2014-07-14,799.3,1085.71
2014-07-15,808.5,1103.43
2014-07-16,817.11,1115.7
2014-07-17,821.31,1118.12
2014-07-18,815.46,1106.02
2014-07-21,828.39,1128.99
2014-07-22,828.2,1130.75
2014-07-23,828.46,1130.71
2014-07-24,837.44,1150.18
2014-07-25,835.36,1145.41
2014-07-28,,
2014-07-29,,
2014-07-30,,
2014-07-31,832.64,1140.51
2014-08-01,812.05,1108.8
2014-08-04,824.09,1126.65
2014-08-05,824.78,1124.54
2014-08-06,797.39,1075.27
2014-08-07,795.43,1075.23
2014-08-08,783.07,1058.52
2014-08-11,783.58,1061.43
2014-08-12,777.02,1048.98
2014-08-13,771.92,1040.65
2014-08-14,777.7,1044.05
2014-08-15,776.1,1045.27
2014-08-18,768.59,1037.45
2014-08-19,785.52,1068.75
2014-08-20,787.73,1070.18
2014-08-21,790.25,1073.21
2014-08-22,788.3,1070.65
2014-08-25,790.97,1076.01
2014-08-26,805.11,1098.74
2014-08-27,807.36,1102.89
2014-08-28,805.84,1097.96
2014-08-29,814.32,1113.05
2014-09-01,803.95,1092.4
2014-09-02,808.21,1099.58
2014-09-03,812.26,1106.59
2014-09-04,812.9,1106.82
2014-09-05,818.44,1119.2
2014-09-08,822.79,1127.67
2014-09-09,811.47,1111.7
2014-09-10,794.0,1080.5
2014-09-11,795.52,1080.11
2014-09-12,790.36,1069.74
2014-09-15,779.87,1053.21
2014-09-16,779.82,1053.33
2014-09-17,789.34,1068.93
2014-09-18,779.21,1050.68
2014-09-19,777.75,1046.88
2014-09-22,770.54,1044.45
2014-09-23,775.51,1052.55
2014-09-24,768.45,1042.75
2014-09-25,752.24,1020.01
2014-09-26,747.78,1007.68
2014-09-29,743.44,998.55
2014-09-30,747.14,1003.88
2014-10-01,750.46,1006.88
2014-10-02,744.09,997.15
2014-10-03,743.84,994.87
2014-10-06,,
2014-10-07,,
2014-10-08,729.17,978.39
2014-10-09,750.31,1010.27
2014-10-10,742.76,996.81
2014-10-13,746.92,1004.53
2014-10-14,743.56,999.65
2014-10-15,754.99,1017.97
2014-10-16,745.12,1001.81
2014-10-17,754.38,1015.92
2014-10-20,763.86,1034.3
2014-10-21,769.25,1039.61
2014-10-22,776.35,1051.51
2014-10-23,787.46,1070.26
2014-10-24,795.65,1079.55
2014-10-27,789.31,1067.38
2014-10-28,795.89,1077.3
2014-10-29,,
2014-10-30,794.55,1068.77
2014-10-31,810.64,1091.33
2014-11-03,806.09,1085.33
2014-11-04,804.76,1078.41
2014-11-05,803.16,1075.48
2014-11-06,786.96,1052.92
2014-11-07,777.42,1036.99
2014-11-10,784.08,1047.75
2014-11-11,779.27,1037.26
2014-11-12,796.83,1068.93
2014-11-13,811.11,1091.24
2014-11-14,810.78,1092.18
2014-11-17,813.23,1100.0
2014-11-18,810.58,1097.49
2014-11-19,819.62,1112.15
2014-11-20,818.11,1104.71
2014-11-21,829.84,1127.49
2014-11-24,829.46,1124.33
2014-11-25,829.28,1119.82
2014-11-26,836.83,1132.55
2014-11-27,843.66,1148.19
2014-11-28,854.79,1168.18
2014-12-01,866.68,1188.31
2014-12-02,856.52,1164.44
2014-12-03,854.1,1153.24
2014-12-04,855.55,1154.45
2014-12-05,865.48,1169.75
2014-12-08,853.13,1145.92
2014-12-09,848.77,1140.09
2014-12-10,841.43,1129.15
2014-12-11,854.77,1147.94
2014-12-12,838.48,1120.43
2014-12-15,829.37,1110.19
2014-12-16,819.48,1101.14
2014-12-17,791.3,1058.75
2014-12-18,823.7,1109.07
2014-12-19,831.55,1117.53
2014-12-22,844.0,1132.35
2014-12-23,845.48,1135.09
2014-12-24,847.76,1137.81
2014-12-25,850.05,1141.92
2014-12-26,851.75,1143.23
2014-12-29,844.09,1132.05
2014-12-30,847.52,1138.07
2014-12-31,848.38,1136.17
2015-01-01,,
2015-01-02,852.98,1145.23
2015-01-05,862.41,1155.59
2015-01-06,858.21,1151.32
2015-01-07,870.54,1170.21
2015-01-08,874.06,1178.21
2015-01-09,877.41,1181.53
2015-01-12,886.7,1195.47
2015-01-13,882.64,1191.04
2015-01-14,883.37,1194.62
2015-01-15,878.55,1193.5
2015-01-16,875.61,1192.8
2015-01-19,878.52,1197.06
2015-01-20,889.32,1213.1
2015-01-21,900.7,1236.47
2015-01-22,901.4,1237.42
2015-01-23,911.37,1259.71
2015-01-26,904.5,1248.71
2015-01-27,912.36,1263.15
2015-01-28,912.87,1261.37
2015-01-29,898.83,1243.86
2015-01-30,886.56,1223.57
2015-02-02,892.35,1235.5
2015-02-03,890.66,1232.88
2015-02-04,865.35,1182.25
2015-02-05,862.55,1177.86
2015-02-06,860.83,1175.38
2015-02-09,837.7,1136.26
2015-02-10,845.84,1147.35
2015-02-11,839.52,1135.83
2015-02-12,848.08,1145.37
2015-02-13,861.77,1170.09
2015-02-16,862.1,1176.27
2015-02-17,853.18,1161.86
2015-02-18,845.36,1147.96
2015-02-19,863.76,1179.76
2015-02-20,861.87,1174.78
2015-02-23,853.86,1159.23
2015-02-24,866.93,1181.33
2015-02-25,876.21,1194.87
2015-02-26,873.6,1189.4
2015-02-27,841.37,1138.37
2015-03-02,845.31,1147.82
2015-03-03,844.65,1147.78
2015-03-04,836.18,1136.6
2015-03-05,802.6,1080.25
2015-03-06,813.8,1097.01
2015-03-09,813.62,1095.35
2015-03-10,788.51,1057.24
2015-03-11,784.53,1055.41
2015-03-12,786.81,1059.57
2015-03-13,776.03,1039.73
2015-03-16,779.0,1046.83
2015-03-17,792.01,1064.73
2015-03-18,794.78,1061.73
2015-03-19,819.17,1103.84
2015-03-20,818.2,1101.27
2015-03-23,834.0,1125.95
2015-03-24,824.01,1109.5
2015-03-25,826.04,1107.66
2015-03-26,811.59,1084.72
2015-03-27,804.07,1071.97
2015-03-30,816.97,1088.22
2015-03-31,812.2,1077.58
2015-04-01,811.67,1076.01
2015-04-02,815.66,1079.04
2015-04-03,815.96,1074.95
2015-04-06,826.63,1107.82
2015-04-07,824.87,1103.12
2015-04-08,826.66,1105.02
2015-04-09,827.88,1103.09
2015-04-10,829.97,1105.39
2015-04-13,825.66,1093.97
2015-04-14,809.48,1071.83
2015-04-15,818.26,1086.14
2015-04-16,818.68,1087.23
2015-04-17,831.37,1103.36
2015-04-20,826.52,1097.56
2015-04-21,827.07,1094.28
2015-04-22,846.59,1123.39
2015-04-23,,
2015-04-24,844.18,1114.46
2015-04-27,861.09,1138.61
2015-04-28,865.35,1149.42
2015-04-29,863.52,1147.6
2015-04-30,852.32,1132.76
2015-05-01,,
2015-05-04,841.65,1115.91
2015-05-05,843.91,1117.36
2015-05-06,827.55,1094.78
2015-05-07,819.23,1081.93
2015-05-08,827.33,1093.17
2015-05-11,848.53,1121.54
2015-05-12,846.09,1116.09
2015-05-13,856.81,1132.87
2015-05-14,866.24,1152.2
2015-05-15,877.95,1171.46
2015-05-18,881.72,1179.04
2015-05-19,,
2015-05-20,876.99,1169.83
2015-05-21,881.96,1174.53
2015-05-22,863.98,1141.02
2015-05-25,855.02,1126.1
2015-05-26,844.84,1118.47
2015-05-27,836.01,1107.17
2015-05-28,839.4,1112.91
2015-05-29,837.63,1108.16
2015-06-01,821.05,1084.43
2015-06-02,806.12,1064.09
2015-06-03,817.15,1078.84
2015-06-04,818.76,1080.14
2015-06-05,826.0,1091.6
2015-06-08,768.76,1006.09
2015-06-09,782.34,1022.76
2015-06-10,791.54,1042.19
2015-06-11,796.87,1049.53
2015-06-12,809.37,1068.79
2015-06-15,799.37,1051.12
2015-06-16,796.67,1049.27
2015-06-17,805.51,1064.59
2015-06-18,816.06,1078.14
2015-06-19,824.32,1086.55
2015-06-22,837.16,1107.28
2015-06-23,833.48,1100.28
2015-06-24,838.83,1107.13
2015-06-25,838.41,1106.09
2015-06-26,832.6,1096.86
2015-06-29,823.44,1083.38
2015-06-30,820.87,1080.72
2015-07-01,826.78,1085.55
2015-07-02,811.88,1057.77
2015-07-03,817.62,1067.93
2015-07-06,816.52,1067.29
2015-07-07,826.89,1082.93
2015-07-08,808.84,1056.55
2015-07-09,814.74,1060.24
2015-07-10,830.31,1087.34
2015-07-13,834.87,1095.0
2015-07-14,840.75,1100.16
2015-07-15,828.55,1082.46
2015-07-16,827.9,1079.53
2015-07-17,,
2015-07-20,817.9,1062.46
2015-07-21,810.96,1051.1
2015-07-22,809.79,1049.2
2015-07-23,803.83,1044.93
2015-07-24,784.83,1022.81
2015-07-27,783.24,1017.33
2015-07-28,784.1,1018.21
2015-07-29,780.06,1012.41
2015-07-30,782.21,1017.68
2015-07-31,789.93,1027.82
2015-08-03,789.22,1031.8
2015-08-04,784.53,1024.23
2015-08-05,777.85,1011.97
2015-08-06,786.29,1023.43
2015-08-07,786.93,1025.69
2015-08-10,776.11,1010.86
2015-08-11,792.09,1034.75
2015-08-12,784.41,1023.42
2015-08-13,771.64,1002.82
2015-08-14,772.09,995.07
2015-08-17,767.73,989.21
2015-08-18,767.77,980.08
2015-08-19,762.47,973.02
2015-08-20,740.56,946.84
2015-08-21,738.89,946.34
2015-08-24,722.79,927.45
2015-08-25,728.6,942.1
2015-08-26,730.75,942.75
2015-08-27,751.5,969.09
2015-08-28,747.52,961.58
2015-08-31,748.93,962.78
2015-09-01,741.21,952.95
2015-09-02,736.14,945.73
2015-09-03,739.13,948.84
2015-09-04,733.24,942.51
2015-09-07,719.88,922.53
2015-09-08,718.05,923.03
2015-09-09,725.36,933.4
2015-09-10,716.54,920.95
2015-09-11,716.8,920.08
2015-09-14,714.22,911.73
2015-09-15,719.63,916.49
2015-09-16,733.78,936.78
2015-09-17,740.7,943.55
2015-09-18,745.03,945.9
2015-09-21,753.02,956.09
2015-09-22,754.48,961.18
2015-09-23,746.1,953.27
2015-09-24,,
2015-09-25,,
2015-09-28,740.6,945.07
2015-09-29,733.52,938.93
2015-09-30,740.02,948.24
2015-10-01,745.7,956.64
2015-10-02,743.22,951.32
2015-10-05,761.86,977.02
2015-10-06,772.78,993.55
2015-10-07,784.71,1013.16
2015-10-08,784.03,1011.24
2015-10-09,790.89,1021.12
2015-10-12,790.02,1017.04
2015-10-13,783.92,1008.69
2015-10-14,785.48,1012.27
2015-10-15,801.9,1036.63
2015-10-16,789.35,1015.61
2015-10-19,796.61,1026.66
2015-10-20,800.07,1029.43
2015-10-21,798.65,1028.95
2015-10-22,800.81,1030.45
2015-10-23,806.86,1037.82
2015-10-26,798.76,1025.13
2015-10-27,789.81,1011.43
2015-10-28,785.36,1004.11
2015-10-29,,
2015-10-30,780.34,998.57
2015-11-02,838.6,1089.88
2015-11-03,830.95,1086.5
2015-11-04,835.04,1091.25
2015-11-05,828.91,1082.97
2015-11-06,828.24,1079.72
2015-11-09,819.61,1064.4
2015-11-10,817.18,1062.57
2015-11-11,820.34,1068.97
2015-11-12,820.53,1067.95
2015-11-13,819.21,1066.66
2015-11-16,812.11,1058.73
2015-11-17,815.22,1062.71
2015-11-18,812.87,1058.97
2015-11-19,808.41,1053.84
2015-11-20,810.11,1054.96
2015-11-23,804.14,1042.84
2015-11-24,786.56,1019.67
2015-11-25,761.38,985.84
2015-11-26,764.22,985.52
2015-11-27,761.63,979.87
2015-11-30,752.33,968.36
2015-12-01,767.85,993.78
2015-12-02,763.95,988.76
2015-12-03,754.53,977.12
2015-12-04,742.65,962.64
2015-12-07,739.09,959.22
2015-12-08,731.01,948.2
2015-12-09,745.84,972.37
2015-12-10,723.54,939.43
2015-12-11,702.8,908.27
2015-12-14,693.09,898.52
2015-12-15,721.57,936.4
2015-12-16,728.32,946.04
2015-12-17,737.12,958.55
2015-12-18,724.6,943.79
2015-12-21,733.28,958.37
2015-12-22,731.02,953.4
2015-12-23,740.45,966.52
2015-12-24,740.5,967.38
2015-12-25,741.9,968.8
2015-12-28,742.43,971.3
2015-12-29,739.13,969.56
2015-12-30,732.01,959.91
2015-12-31,717.27,942.77
2016-01-01,,
2016-01-04,705.18,923.06
2016-01-05,706.88,923.68
2016-01-06,711.98,929.17
2016-01-07,714.96,932.37
2016-01-08,706.13,923.83
2016-01-11,710.49,932.26
2016-01-12,717.4,941.72
2016-01-13,725.09,949.3
2016-01-14,719.41,946.55
2016-01-15,710.62,937.93
2016-01-18,710.4,939.09
2016-01-19,710.73,938.09
2016-01-20,696.04,918.36
2016-01-21,685.68,903.75
2016-01-22,702.44,924.38
2016-01-25,705.39,926.76
2016-01-26,718.09,948.99
2016-01-27,720.53,948.55
2016-01-28,724.27,953.94
2016-01-29,734.81,969.58
2016-02-01,734.48,969.05
2016-02-02,725.06,948.91
2016-02-03,732.67,963.02
2016-02-04,745.05,981.51
2016-02-05,742.04,976.27
2016-02-08,720.05,944.55
2016-02-09,714.15,939.15
2016-02-10,716.14,941.78
2016-02-11,709.42,936.61
2016-02-12,709.37,933.36
2016-02-15,710.08,930.67
2016-02-16,709.49,929.46
2016-02-17,728.05,954.42
2016-02-18,734.46,958.68
2016-02-19,730.15,947.9
2016-02-22,748.94,977.64
2016-02-23,755.0,987.95
2016-02-24,740.67,965.18
2016-02-25,752.02,981.3
2016-02-26,749.29,982.48
2016-02-29,758.14,988.53
2016-03-01,759.55,988.39
2016-03-02,767.88,1002.38
2016-03-03,768.28,1006.13
2016-03-04,771.91,1009.95
2016-03-07,774.84,1011.34
2016-03-08,776.83,1015.44
2016-03-09,787.38,1032.62
2016-03-10,790.25,1034.9
2016-03-11,793.8,1041.24
2016-03-14,801.11,1047.63
2016-03-15,790.31,1027.72
2016-03-16,793.69,1026.81
2016-03-17,813.77,1055.87
2016-03-18,829.43,1073.51
2016-03-21,834.03,1076.75
2016-03-22,817.66,1047.11
2016-03-23,803.84,1031.55
2016-03-24,813.58,1049.97
2016-03-25,813.56,1048.89
2016-03-28,813.45,1046.18
2016-03-29,817.34,1049.64
2016-03-30,829.18,1065.07
2016-03-31,832.68,1069.64
2016-04-01,823.59,1053.48
2016-04-04,838.73,1077.28
2016-04-05,829.64,1068.24
2016-04-06,815.11,1051.87
2016-04-07,811.65,1047.45
2016-04-08,825.02,1061.75
2016-04-11,839.88,1083.64
2016-04-12,837.2,1076.86
2016-04-13,856.97,1103.8
2016-04-14,857.85,1107.4
2016-04-15,855.73,1110.77
2016-04-18,863.44,1129.37
2016-04-19,862.51,1128.98
2016-04-20,855.5,1119.07
2016-04-21,856.71,1121.33
2016-04-22,858.29,1117.37
2016-04-25,851.09,1102.57
2016-04-26,857.56,1119.94
2016-04-27,853.74,1116.2
2016-04-28,854.78,1119.05
2016-04-29,853.28,1117.46
2016-05-02,838.3,1095.66
2016-05-03,810.7,1055.57
2016-05-04,793.83,1032.63
2016-05-05,786.99,1014.27
2016-05-06,783.68,1006.13
2016-05-09,790.62,1018.14
2016-05-10,788.02,1014.47
2016-05-11,790.28,1020.45
2016-05-12,783.04,1012.45
2016-05-13,778.08,1008.21
2016-05-16,770.0,992.52
2016-05-17,772.77,997.7
2016-05-18,772.44,998.85
2016-05-19,,
2016-05-20,763.58,981.43
2016-05-23,767.66,992.4
2016-05-24,794.35,1031.39
2016-05-25,786.09,1021.74
2016-05-26,780.36,1015.83
2016-05-27,780.29,1017.07
2016-05-30,785.35,1024.13
2016-05-31,778.03,1016.84
2016-06-01,770.35,1006.82
2016-06-02,762.72,995.07
2016-06-03,781.39,1020.6
2016-06-06,785.93,1028.28
2016-06-07,781.58,1019.33
2016-06-08,788.33,1031.73
2016-06-09,777.12,1017.25
2016-06-10,768.87,1006.99
2016-06-13,765.34,1004.36
2016-06-14,757.6,996.2
2016-06-15,762.37,1006.54
2016-06-16,746.72,985.77
2016-06-17,754.31,1001.87
2016-06-20,775.23,1029.48
2016-06-21,775.31,1032.03
2016-06-22,772.67,1032.18
2016-06-23,779.9,1044.8
2016-06-24,753.66,1005.51
2016-06-27,751.61,1003.31
2016-06-28,769.29,1025.82
2016-06-29,767.12,1017.34
2016-06-30,768.17,1019.33
2016-07-01,779.52,1030.0
2016-07-04,783.88,1036.41
2016-07-05,,
2016-07-06,,
2016-07-07,,
2016-07-08,780.19,1035.28
2016-07-11,792.35,1053.34
2016-07-12,811.42,1085.22
2016-07-13,813.22,1085.17
2016-07-14,825.9,1096.99
2016-07-15,828.25,1101.34
2016-07-18,769.58,1012.72
2016-07-19,761.78,999.15
2016-07-20,749.03,976.61
2016-07-21,715.95,929.14
2016-07-22,717.38,927.77
2016-07-25,741.74,958.66
2016-07-26,736.89,948.48
2016-07-27,750.76,968.88
2016-07-28,752.44,968.6
2016-07-29,754.06,977.06
2016-08-01,767.12,992.15
2016-08-02,758.04,980.46
2016-08-03,745.52,963.07
2016-08-04,761.26,989.02
2016-08-05,760.66,986.22
2016-08-08,777.79,1015.96
2016-08-09,785.25,1029.93
2016-08-10,779.56,1021.3
2016-08-11,790.34,1037.8
2016-08-12,782.29,1028.4
2016-08-15,784.73,1035.19
2016-08-16,777.07,1024.73
2016-08-17,781.48,1035.77
2016-08-18,779.71,1037.74
2016-08-19,781.46,1039.76
2016-08-22,779.53,1034.63
2016-08-23,773.34,1030.2
2016-08-24,761.16,1007.38
2016-08-25,767.9,1019.14
2016-08-26,771.2,1027.3
2016-08-29,761.19,1010.17
2016-08-30,,
2016-08-31,759.68,1011.3
2016-09-01,758.53,1007.77
2016-09-02,768.84,1026.12
2016-09-05,777.92,1040.26
2016-09-06,779.95,1040.74
2016-09-07,776.43,1037.13
2016-09-08,778.43,1045.35
2016-09-09,770.54,1034.04
2016-09-12,,
2016-09-13,,
2016-09-14,,
2016-09-15,,
2016-09-16,760.2,1024.88
2016-09-19,776.71,1049.11
2016-09-20,773.13,1043.36
2016-09-21,779.16,1051.93
2016-09-22,797.96,1082.18
2016-09-23,797.56,1077.99
2016-09-26,767.26,1028.61
2016-09-27,771.61,1040.94
2016-09-28,776.78,1053.93
2016-09-29,770.77,1040.26
2016-09-30,764.88,1031.97
2016-10-03,772.25,1041.77
2016-10-04,770.58,1034.98
2016-10-05,778.54,1040.95
2016-10-06,778.95,1043.83
2016-10-07,779.76,1043.58
2016-10-10,778.35,1041.2
2016-10-11,776.44,1036.68
2016-10-12,774.61,1036.28
2016-10-13,768.1,1023.86
2016-10-14,775.54,1036.76
2016-10-17,774.38,1034.49
2016-10-18,783.4,1052.74
2016-10-19,792.1,1065.85
2016-10-20,792.52,1066.0
2016-10-21,788.44,1061.54
2016-10-24,799.33,1079.95
2016-10-25,794.33,1069.85
2016-10-26,793.98,1071.6
2016-10-27,787.39,1060.38
2016-10-28,783.33,1057.88
2016-10-31,785.36,1063.12
2016-11-01,774.29,1047.33
2016-11-02,771.72,1045.22
2016-11-03,766.81,1035.63
2016-11-04,742.67,1001.4
2016-11-07,756.82,1018.42
2016-11-08,763.68,1025.82
2016-11-09,762.09,1023.29
2016-11-10,763.6,1024.47
2016-11-11,751.74,1005.43
2016-11-14,744.19,996.38
2016-11-15,751.51,1010.21
2016-11-16,747.59,998.8
2016-11-17,751.36,1003.08
2016-11-18,756.39,1010.96
2016-11-21,755.44,1007.09
2016-11-22,758.12,1013.02
2016-11-23,750.37,998.85
2016-11-24,741.93,983.29
2016-11-25,743.63,985.8
2016-11-28,749.9,996.0
2016-11-29,742.05,986.24
2016-11-30,739.95,979.76
2016-12-01,725.2,963.59
2016-12-02,733.91,972.65
2016-12-05,736.0,973.6
2016-12-06,754.33,999.37
2016-12-07,760.31,1009.26
2016-12-08,759.29,1006.79
2016-12-09,757.27,1004.16
2016-12-12,762.4,1010.34
2016-12-13,769.95,1025.37
2016-12-14,768.81,1024.26
2016-12-15,776.79,1035.85
2016-12-16,775.9,1029.23
2016-12-19,771.58,1023.5
2016-12-20,778.08,1033.7
2016-12-21,776.19,1032.03
2016-12-22,774.05,1029.39
2016-12-23,769.72,1023.57
2016-12-26,770.28,1023.5
2016-12-27,766.99,1019.47
2016-12-28,775.48,1031.7
2016-12-29,778.36,1032.11
2016-12-30,781.39,1035.95
2017-01-02,777.54,1031.12
2017-01-03,766.18,1015.15
2017-01-04,761.44,1007.41
2017-01-05,763.86,1007.66
2017-01-06,771.07,1018.39
2017-01-09,773.94,1021.86
2017-01-10,773.94,1015.94
2017-01-11,776.67,1012.18
2017-01-12,808.91,1062.78
2017-01-13,815.24,1065.81
2017-01-16,817.12,1062.19
2017-01-17,823.63,1075.89
2017-01-18,827.79,1083.37
2017-01-19,823.0,1072.1
2017-01-20,830.67,1081.98
2017-01-23,830.48,1078.23
2017-01-24,842.08,1093.29
2017-01-25,831.28,1079.18
2017-01-26,838.27,1091.33
2017-01-27,838.27,1090.12
2017-01-30,862.38,1131.71
2017-01-31,862.96,1132.82
2017-02-01,868.48,1142.12
2017-02-02,873.94,1154.27
2017-02-03,883.9,1174.63
2017-02-06,873.58,1155.05
2017-02-07,874.77,1163.56
2017-02-08,882.49,1177.17
2017-02-09,888.3,1186.59
2017-02-10,874.73,1158.49
2017-02-13,885.78,1179.6
2017-02-14,880.82,1174.73
2017-02-15,878.82,1165.71
2017-02-16,881.87,1172.23
2017-02-17,888.3,1184.01
2017-02-20,885.88,1179.26
2017-02-21,889.65,1185.44
2017-02-22,885.31,1174.13
2017-02-23,891.38,1181.6
2017-02-24,882.58,1169.82
2017-02-27,877.65,1164.08
2017-02-28,874.78,1157.62
2017-03-01,893.2,1186.78
2017-03-02,899.34,1194.42
2017-03-03,897.22,1188.29
2017-03-06,910.45,1209.83
2017-03-07,908.14,1199.39
2017-03-08,894.85,1176.93
2017-03-09,890.03,1170.25
2017-03-10,896.11,1181.66
2017-03-13,894.3,1180.39
2017-03-14,891.37,1172.72
2017-03-15,894.46,1177.45
2017-03-16,902.68,1187.18
2017-03-17,904.91,1187.55
2017-03-20,909.02,1194.47
2017-03-21,906.06,1187.22
2017-03-22,898.09,1178.01
2017-03-23,897.64,1176.78
2017-03-24,903.83,1189.09
2017-03-27,896.95,1176.51
2017-03-28,901.82,1185.81
2017-03-29,892.7,1166.78
2017-03-30,892.82,1164.43
2017-03-31,889.47,1159.54
2017-04-03,886.69,1158.21
2017-04-04,886.13,1159.01
2017-04-05,890.37,1171.8
2017-04-06,886.79,1167.06
2017-04-07,884.97,1165.08
2017-04-10,912.4,1216.59
2017-04-11,909.04,1207.92
2017-04-12,909.52,1211.02
2017-04-13,898.71,1193.78
2017-04-14,900.64,1204.72
2017-04-17,906.54,1211.63
2017-04-18,913.74,1224.85
2017-04-19,908.04,1212.93
2017-04-20,920.39,1229.15
2017-04-21,924.24,1233.22
2017-04-24,938.03,1252.72
2017-04-25,946.35,1261.77
2017-04-26,945.22,1253.68
2017-04-27,942.82,1245.82
2017-04-28,946.55,1250.48
2017-05-01,,
2017-05-02,943.56,1246.25
2017-05-03,938.63,1239.44
2017-05-04,930.38,1229.68
2017-05-05,939.28,1240.22
2017-05-08,938.33,1234.59
2017-05-09,953.23,1252.26
2017-05-10,961.94,1259.92
2017-05-11,951.14,1241.11
2017-05-12,949.96,1237.59
2017-05-15,955.88,1244.69
2017-05-16,961.62,1255.02
2017-05-17,957.25,1251.68
2017-05-18,951.47,1244.87
2017-05-19,,
2017-05-22,964.0,1257.93
2017-05-23,977.17,1280.28
2017-05-24,983.14,1289.86
2017-05-25,977.13,1275.49
2017-05-26,975.33,1269.88
2017-05-29,977.26,1273.29
2017-05-30,973.48,1265.1
2017-05-31,975.42,1271.18
2017-06-01,973.66,1263.86
2017-06-02,988.68,1281.96
2017-06-05,981.92,1271.66
2017-06-06,983.32,1272.27
2017-06-07,976.17,1267.95
2017-06-08,979.78,1269.44
2017-06-09,989.43,1284.73
2017-06-12,994.42,1293.16
2017-06-13,993.0,1290.04
2017-06-14,996.36,1295.31
2017-06-15,987.37,1286.0
2017-06-16,981.93,1280.72
2017-06-19,993.32,1301.94
2017-06-20,992.69,1298.86
2017-06-21,993.9,1298.26
2017-06-22,1000.72,1304.86
2017-06-23,996.39,1296.26
2017-06-26,,
2017-06-27,,
2017-06-28,1006.18,1306.94
2017-06-29,1001.9,1301.36
2017-06-30,1004.4,1297.9
2017-07-03,1005.22,1300.72
2017-07-04,1012.08,1315.07
2017-07-05,1007.44,1303.74
2017-07-06,1006.27,1302.72
2017-07-07,1000.84,1297.19
2017-07-10,1010.97,1309.73
2017-07-11,1031.83,1347.58
2017-07-12,1038.1,1357.17
2017-07-13,1042.1,1351.56
2017-07-14,1051.76,1365.34
2017-07-17,1062.17,1379.8
2017-07-18,1057.18,1369.79
2017-07-19,1074.18,1393.8
2017-07-20,1067.36,1382.51
2017-07-21,1068.43,1375.35
2017-07-24,1067.11,1374.27
2017-07-25,1070.41,1374.97
2017-07-26,1072.06,1374.85
2017-07-27,1083.92,1389.24
2017-07-28,1077.0,1380.18
2017-07-31,1075.31,1380.26
2017-08-01,1061.47,1363.79
2017-08-02,1065.25,1365.91
2017-08-03,1071.54,1368.8
2017-08-04,1085.45,1390.83
2017-08-07,1097.81,1406.22
2017-08-08,1096.39,1405.07
2017-08-09,1087.15,1390.91
2017-08-10,1078.0,1375.61
2017-08-11,1069.63,1359.44
2017-08-14,1095.37,1397.6
2017-08-15,1069.13,1361.89
2017-08-16,1068.62,1360.93
2017-08-17,1068.25,1357.57
2017-08-18,1072.02,1355.86
2017-08-21,1086.15,1377.0
2017-08-22,1085.94,1371.69
2017-08-23,1089.53,1373.56
2017-08-24,1091.54,1383.58
2017-08-25,1097.55,1393.36
2017-08-28,1103.4,1400.34
2017-08-29,1104.23,1398.82
2017-08-30,,
2017-08-31,1100.1,1391.4
2017-09-01,,
2017-09-04,,
2017-09-05,1088.73,1367.87
2017-09-06,1096.12,1369.16
2017-09-07,1097.43,1363.57
2017-09-08,1084.52,1342.7
2017-09-11,1094.58,1356.26
2017-09-12,1091.3,1353.24
2017-09-13,1081.56,1346.25
2017-09-14,1082.44,1351.24
2017-09-15,1077.42,1350.69
2017-09-18,1065.35,1336.59
2017-09-19,1049.18,1311.47
2017-09-20,1053.24,1317.05
2017-09-21,1040.01,1296.01
2017-09-22,1041.23,1301.98
2017-09-25,1022.7,1274.03
2017-09-26,1039.29,1296.42
2017-09-27,1012.18,1249.25
2017-09-28,1026.51,1268.6
2017-09-29,1029.08,1261.17
2017-10-02,1039.31,1272.91
2017-10-03,1039.08,1270.1
2017-10-04,1045.48,1284.75
2017-10-05,1043.34,1275.64
2017-10-06,1041.37,1270.17
2017-10-09,1012.98,1232.48
2017-10-10,1033.94,1263.02
2017-10-11,1038.16,1264.34
2017-10-12,1059.32,1283.15
2017-10-13,1062.26,1286.78
2017-10-16,1064.74,1286.45
2017-10-17,1069.91,1288.38
2017-10-18,1069.26,1285.53
2017-10-19,1084.34,1314.74
2017-10-20,1084.89,1312.01
2017-10-23,1073.03,1283.69
2017-10-24,1072.06,1279.94
2017-10-25,1083.55,1302.43
2017-10-26,1073.35,1282.88
2017-10-27,1078.84,1287.47
2017-10-30,1084.67,1294.65
2017-10-31,1101.43,1318.34
2017-11-01,1130.24,1357.58
2017-11-02,1129.95,1363.24
2017-11-03,1112.93,1327.79
2017-11-06,1141.66,1359.34
2017-11-07,1122.72,1321.71
2017-11-08,1118.95,1316.29
2017-11-09,1102.46,1296.35
2017-11-10,1089.49,1286.38
2017-11-13,1088.6,1287.09
2017-11-14,1101.48,1309.27
2017-11-15,1077.17,1287.07
2017-11-16,1069.77,1286.23
2017-11-17,1062.39,1266.45
2017-11-20,1039.12,1226.42
2017-11-21,1052.68,1235.01
2017-11-22,1059.64,1252.74
2017-11-23,1050.26,1228.81
2017-11-24,1045.39,1222.74
2017-11-27,1047.6,1227.65
2017-11-28,1020.68,1196.0
2017-11-29,1023.42,1199.0
2017-11-30,1039.84,1215.87
2017-12-01,1035.59,1209.44
2017-12-04,1052.15,1234.57
2017-12-05,1062.6,1254.79
2017-12-06,1053.04,1240.47
2017-12-07,1064.48,1254.52
2017-12-08,1079.21,1279.13
2017-12-11,1091.56,1296.67
2017-12-12,1090.49,1290.59
2017-12-13,1081.53,1272.28
2017-12-14,1096.66,1294.34
2017-12-15,1093.3,1289.83
2017-12-18,1102.48,1301.68
2017-12-19,1101.77,1295.85
2017-12-20,1104.55,1296.21
2017-12-21,1112.72,1306.56
2017-12-22,1110.99,1301.07
2017-12-25,1117.65,1309.44
2017-12-26,1120.07,1311.96
2017-12-27,1121.5,1319.7
2017-12-28,1144.8,1353.2
2017-12-29,1153.33,1362.56
2018-01-01,,
2018-01-02,1175.24,1387.83
2018-01-03,1160.52,1365.78
2018-01-04,1154.91,1355.1
2018-01-05,1166.38,1367.33
2018-01-08,1163.05,1361.58
2018-01-09,1150.23,1348.71
2018-01-10,1135.89,1337.63
2018-01-11,1147.19,1354.34
2018-01-12,1146.45,1356.95
2018-01-15,1121.59,1328.9
2018-01-16,1144.18,1357.8
2018-01-17,1165.93,1387.51
2018-01-18,1168.56,1387.84
2018-01-19,1151.47,1367.7
2018-01-22,1172.35,1396.11
2018-01-23,1184.0,1404.5
2018-01-24,1196.48,1433.84
2018-01-25,1186.04,1428.31
2018-01-26,1207.02,1468.99
2018-01-29,1208.45,1464.2
2018-01-30,1193.03,1443.38
2018-01-31,1195.29,1455.45
2018-02-01,1190.44,1436.19
2018-02-02,1181.19,1429.23
2018-02-05,1168.53,1410.39
2018-02-06,1154.57,1390.69
2018-02-07,1155.7,1395.01
2018-02-08,1142.64,1375.36
2018-02-09,1135.9,1368.31
2018-02-12,1148.22,1391.86
2018-02-13,1144.94,1383.75
2018-02-14,1134.55,1361.53
2018-02-15,1162.26,1401.32
2018-02-16,1165.11,1407.53
2018-02-19,1158.82,1391.15
2018-02-20,1134.33,1358.76
2018-02-21,1163.16,1394.62
2018-02-22,1168.41,1397.04
2018-02-23,1175.21,1400.1
2018-02-26,1187.92,1413.2
2018-02-27,1188.32,1418.68
2018-02-28,1189.51,1414.41
2018-03-01,1176.32,1399.09
2018-03-02,1168.59,1394.04
2018-03-05,1169.46,1392.27
2018-03-06,1167.1,1400.83
2018-03-07,1168.42,1405.49
2018-03-08,1165.67,1398.46
2018-03-09,1169.15,1392.0
2018-03-12,1184.11,1413.2
2018-03-13,1182.67,1402.49
2018-03-14,1175.93,1384.21
2018-03-15,1172.02,1368.13
2018-03-16,1172.16,1368.61
2018-03-19,1154.5,1340.29
2018-03-20,1164.32,1354.68
2018-03-21,1176.51,1369.75
2018-03-22,1171.1,1359.15
2018-03-23,1166.03,1352.38
2018-03-26,1164.2,1344.29
2018-03-27,1161.97,1343.58
2018-03-28,1141.29,1317.88
2018-03-29,1148.45,1335.61
2018-03-30,1149.3,1338.07
2018-04-02,1144.42,1330.05
2018-04-03,1145.94,1324.45
2018-04-04,1139.76,1321.78
2018-04-05,1149.48,1341.21
2018-04-06,1147.38,1332.61
2018-04-09,1131.56,1317.16
2018-04-10,1107.13,1281.37
2018-04-11,1092.53,1258.26
2018-04-12,1102.35,1268.69
2018-04-13,1096.04,1259.36
2018-04-16,1106.88,1270.29
2018-04-17,1087.45,1248.2
2018-04-18,1120.99,1292.37
2018-04-19,1121.22,1290.44
2018-04-20,1109.32,1278.03
2018-04-23,,
2018-04-24,1100.59,1269.85
2018-04-25,1074.01,1232.16
2018-04-26,1070.15,1225.26
2018-04-27,1076.14,1236.29
2018-04-30,1042.83,1196.03
2018-05-01,,
2018-05-02,1047.26,1196.65
2018-05-03,1029.09,1170.19
2018-05-04,1025.99,1184.7
2018-05-07,1008.66,1166.87
2018-05-08,993.64,1146.29
2018-05-09,1007.81,1164.75
2018-05-10,1023.81,1193.89
2018-05-11,1018.52,1172.97
2018-05-14,1033.7,1190.02
2018-05-15,1015.4,1162.8
2018-05-16,1021.58,1163.13
2018-05-17,1018.69,1156.81
2018-05-18,1024.1,1169.48
2018-05-21,1022.58,1163.08
2018-05-22,1033.28,1180.19
2018-05-23,1018.92,1168.74
2018-05-24,1011.38,1156.57
2018-05-25,1032.0,1177.32
2018-05-28,1065.25,1210.3
2018-05-29,1051.13,1192.05
2018-05-30,1038.69,1182.55
2018-05-31,1006.52,1132.51
2018-06-01,991.71,1108.46
2018-06-04,992.5,1111.58
2018-06-05,978.23,1089.68
2018-06-06,966.58,1088.32
2018-06-07,986.24,1114.37
2018-06-08,958.76,1090.83
2018-06-11,966.61,1094.82
2018-06-12,953.07,1081.91
2018-06-13,935.05,1064.84
2018-06-14,945.41,1069.99
2018-06-15,,
2018-06-18,930.43,1057.38
2018-06-19,944.37,1072.51
2018-06-20,945.52,1078.77
2018-06-21,950.57,1081.07
2018-06-22,958.52,1091.65
2018-06-25,940.08,1059.26
2018-06-26,944.08,1063.51
2018-06-27,959.55,1090.85
2018-06-28,962.27,1091.27
2018-06-29,965.2,1097.47
2018-07-02,967.73,1101.04
2018-07-03,965.88,1088.64
2018-07-04,972.3,1098.17
2018-07-05,990.97,1112.46
2018-07-06,987.34,1107.46
2018-07-09,992.53,1112.95
2018-07-10,962.75,1060.02
2018-07-11,912.89,985.94
2018-07-12,895.71,977.03
2018-07-13,898.98,979.55
2018-07-16,897.44,966.37
2018-07-17,916.3,977.16
2018-07-18,923.22,978.95
2018-07-19,930.03,982.96
2018-07-20,940.82,993.91
2018-07-23,953.05,1014.41
2018-07-24,921.34,975.64
2018-07-25,953.69,1021.98
2018-07-26,948.17,1014.07
2018-07-27,955.85,1024.52
2018-07-30,961.58,1029.52
2018-07-31,969.52,1038.46
2018-08-01,972.11,1027.87
2018-08-02,945.43,989.98
2018-08-03,956.1,1006.01
2018-08-06,941.74,985.89
2018-08-07,961.61,1014.63
2018-08-08,969.74,1027.8
2018-08-09,971.85,1021.98
2018-08-10,949.4,983.59
2018-08-13,926.85,931.89
2018-08-14,934.19,951.21
2018-08-15,902.63,926.57
2018-08-16,871.43,897.86
2018-08-17,887.35,914.71
2018-08-20,901.86,934.27
2018-08-21,,
2018-08-22,,
2018-08-23,,
2018-08-24,,
2018-08-27,912.84,937.59
2018-08-28,938.67,965.47
2018-08-29,932.81,960.64
2018-08-30,,
2018-08-31,927.23,952.49
2018-09-03,939.16,958.04
2018-09-04,931.89,955.69
2018-09-05,927.91,948.92
2018-09-06,927.63,944.79
2018-09-07,932.74,953.56
2018-09-10,916.98,929.41
2018-09-11,923.89,930.3
2018-09-12,922.27,924.58
2018-09-13,944.19,949.88
2018-09-14,947.6,965.18
2018-09-17,943.48,953.01
2018-09-18,948.87,960.34
2018-09-19,966.04,994.99
2018-09-20,961.21,981.37
2018-09-21,979.88,1000.27
2018-09-24,995.47,1036.48
2018-09-25,992.92,1029.53
2018-09-26,991.49,1026.89
2018-09-27,1002.99,1047.62
2018-09-28,999.57,1051.0
2018-10-01,985.37,1026.57
2018-10-02,981.61,1018.27
2018-10-03,971.88,1001.49
2018-10-04,944.97,955.94
2018-10-05,948.83,964.27
2018-10-08,960.87,995.3
2018-10-09,967.32,1003.92
2018-10-10,944.41,990.46
2018-10-11,947.48,992.83
2018-10-12,966.57,1010.91
2018-10-15,986.31,1040.95
2018-10-16,984.66,1041.6
2018-10-17,989.91,1062.96
2018-10-18,974.54,1045.43
2018-10-19,964.55,1030.17
2018-10-22,946.82,1014.0
2018-10-23,934.69,995.85
2018-10-24,926.92,990.2
2018-10-25,937.48,992.74
2018-10-26,905.42,960.2
2018-10-29,,
2018-10-30,900.0,962.14
2018-10-31,902.01,953.59
2018-11-01,923.87,990.02
2018-11-02,941.23,1005.55
2018-11-05,959.48,1034.22
2018-11-06,947.28,1021.73
2018-11-07,954.93,1033.29
2018-11-08,935.06,1019.37
2018-11-09,928.39,1009.52
2018-11-12,914.45,990.11
2018-11-13,927.09,1009.72
2018-11-14,932.87,1017.48
2018-11-15,932.97,1009.74
2018-11-16,936.16,1020.27
2018-11-19,945.71,1034.28
2018-11-20,916.86,1005.91
2018-11-21,927.08,1009.77
2018-11-22,926.29,1007.82
2018-11-23,930.03,1012.11
2018-11-26,939.62,1026.53
2018-11-27,935.17,1017.68
2018-11-28,940.71,1023.75
2018-11-29,951.26,1040.11
2018-11-30,954.16,1050.98
2018-12-03,949.74,1041.82
2018-12-04,938.8,1031.27
2018-12-05,939.7,1014.29
2018-12-06,928.27,1003.88
2018-12-07,936.99,1017.48
2018-12-10,922.27,1000.38
2018-12-11,918.01,991.87
2018-12-12,900.51,963.22
2018-12-13,913.87,978.24
2018-12-14,905.29,973.43
2018-12-17,899.62,971.1
2018-12-18,910.74,992.55
2018-12-19,925.53,1011.64
2018-12-20,918.54,1004.9
2018-12-21,918.61,1009.33
2018-12-24,915.27,1004.39
2018-12-25,908.3,998.29
2018-12-26,910.02,1003.48
2018-12-27,909.75,1004.19
2018-12-28,904.35,998.58
2018-12-31,912.7,1006.55
2019-01-01,,
2019-01-02,888.65,976.88
2019-01-03,873.99,950.92
2019-01-04,888.31,977.77
2019-01-07,899.51,990.76
2019-01-08,906.97,994.57
2019-01-09,911.57,985.44
2019-01-10,911.96,984.14
2019-01-11,916.87,994.09
2019-01-14,920.54,1007.1
2019-01-15,931.73,1025.87
2019-01-16,954.11,1074.65
2019-01-17,968.17,1096.76
2019-01-18,984.55,1104.84
2019-01-21,979.55,1091.46
2019-01-22,996.77,1114.68
2019-01-23,1001.41,1113.02
2019-01-24,1017.74,1133.49
2019-01-25,1018.01,1132.12
2019-01-28,1012.9,1122.41
2019-01-29,1040.98,1165.28
2019-01-30,1041.89,1171.83
2019-01-31,1040.74,1172.7
2019-02-01,1029.37,1159.42
2019-02-04,1022.55,1153.6
2019-02-05,1024.48,1158.3
2019-02-06,1025.84,1151.8
2019-02-07,1027.84,1150.2
2019-02-08,1024.52,1147.2
2019-02-11,1043.95,1167.8
2019-02-12,1037.62,1165.9
2019-02-13,1016.46,1133.6
2019-02-14,1021.3,1140.88
2019-02-15,1027.15,1152.27
2019-02-18,1017.29,1133.39
2019-02-19,1017.42,1135.39
2019-02-20,1019.71,1134.41
2019-02-21,1024.94,1148.61
2019-02-22,1031.86,1154.44
2019-02-25,1043.3,1177.04
2019-02-26,1050.82,1180.48
2019-02-27,1041.41,1170.07
2019-02-28,1045.3,1185.47
2019-03-01,1032.67,1165.96
2019-03-04,1041.93,1185.11
2019-03-05,1037.31,1178.24
2019-03-06,1034.53,1170.91
2019-03-07,1022.83,1156.46
2019-03-08,1015.38,1144.19
2019-03-11,1008.5,1140.04
2019-03-12,1017.21,1153.51
2019-03-13,1021.97,1167.14
2019-03-14,1024.32,1166.21
2019-03-15,1033.04,1181.81
2019-03-18,1045.95,1208.33
2019-03-19,1048.62,1207.57
2019-03-20,1033.1,1194.63
2019-03-21,1034.08,1205.8
2019-03-22,998.35,1148.77
2019-03-25,993.26,1119.76
2019-03-26,973.79,1093.41
2019-03-27,918.55,1024.98
2019-03-28,921.2,1045.47
2019-03-29,937.84,1077.54
2019-04-01,941.01,1067.67
2019-04-02,935.33,1054.6
2019-04-03,944.41,1064.03
2019-04-04,983.37,1114.46
2019-04-05,987.83,1126.3
2019-04-08,969.78,1103.31
2019-04-09,981.35,1117.95
2019-04-10,970.15,1104.11
2019-04-11,960.73,1093.54
2019-04-12,959.77,1084.97
2019-04-15,951.92,1075.5
2019-04-16,968.09,1097.51
2019-04-17,982.03,1120.84
2019-04-18,968.86,1098.59
2019-04-19,968.61,1096.84
2019-04-22,959.53,1084.84
2019-04-23,,
2019-04-24,961.42,1095.36
2019-04-25,944.99,1066.55
2019-04-26,947.83,1068.83
2019-04-29,945.35,1055.06
2019-04-30,954.16,1069.87
2019-05-01,,
2019-05-02,941.79,1052.48
2019-05-03,939.46,1056.91
2019-05-06,929.82,1046.9
2019-05-07,914.82,1023.74
2019-05-08,902.72,1024.62
2019-05-09,886.86,1005.81
2019-05-10,885.33,1000.5
2019-05-13,862.83,970.74
2019-05-14,880.23,998.09
2019-05-15,873.8,986.8
2019-05-16,872.04,987.84
2019-05-17,867.96,984.56
2019-05-20,867.71,982.2
2019-05-21,853.1,962.02
2019-05-22,836.75,939.39
2019-05-23,845.96,944.78
2019-05-24,860.72,971.68
2019-05-27,855.45,966.37
2019-05-28,867.78,978.07
2019-05-29,871.86,977.28
2019-05-30,900.12,1012.87
2019-05-31,905.9,1019.23
2019-06-03,903.46,1012.53
2019-06-04,,
2019-06-05,,
2019-06-06,,
2019-06-07,938.09,1062.81
2019-06-10,941.03,1066.67
2019-06-11,928.26,1053.05
2019-06-12,926.06,1048.63
2019-06-13,905.01,1022.44
2019-06-14,907.87,1024.26
2019-06-17,922.5,1047.67
2019-06-18,942.19,1073.45
2019-06-19,942.44,1083.87
2019-06-20,941.58,1087.39
2019-06-21,940.22,1089.49
2019-06-24,951.82,1111.36
2019-06-25,954.21,1115.24
2019-06-26,948.31,1107.64
2019-06-27,955.73,1110.14
2019-06-28,964.85,1122.18
2019-07-01,997.36,1172.68
2019-07-02,1002.01,1177.63
2019-07-03,993.63,1166.34
2019-07-04,993.82,1168.2
2019-07-05,996.35,1190.85
2019-07-08,986.95,1179.62
2019-07-09,968.11,1145.05
2019-07-10,985.85,1174.23
2019-07-11,994.06,1170.21
2019-07-12,970.98,1138.2
2019-07-15,,
2019-07-16,980.28,1143.92
2019-07-17,998.06,1169.69
2019-07-18,1015.66,1195.08
2019-07-19,1018.49,1192.02
2019-07-22,1010.89,1181.88
2019-07-23,1025.56,1204.97
2019-07-24,1034.57,1211.9
2019-07-25,1020.45,1193.34
2019-07-26,1028.37,1203.96
2019-07-29,1033.73,1209.73
2019-07-30,1026.86,1195.39
2019-07-31,1020.82,1194.39
2019-08-01,1019.0,1185.93
2019-08-02,996.79,1163.45
2019-08-05,986.73,1151.21
2019-08-06,995.84,1165.16
2019-08-07,980.56,1150.11
2019-08-08,992.08,1158.78
2019-08-09,994.05,1160.26
2019-08-12,,
2019-08-13,,
2019-08-14,,
2019-08-15,965.79,1113.88
2019-08-16,957.34,1094.89
2019-08-19,952.86,1083.85
2019-08-20,960.32,1091.51
2019-08-21,955.22,1086.06
2019-08-22,953.94,1078.59
2019-08-23,971.49,1109.79
2019-08-26,971.01,1106.94
2019-08-27,960.3,1098.45
2019-08-28,959.08,1098.21
2019-08-29,967.18,1103.4
2019-08-30,,
2019-09-02,983.43,1134.16
2019-09-03,988.26,1143.93
2019-09-04,1000.77,1156.46
2019-09-05,1002.78,1156.79
2019-09-06,989.87,1136.01
2019-09-09,1006.05,1161.92
2019-09-10,1012.13,1167.72
2019-09-11,1019.22,1179.48
2019-09-12,1024.47,1194.12
2019-09-13,1030.72,1199.51
2019-09-16,1025.9,1190.9
2019-09-17,1014.47,1176.53
2019-09-18,1019.3,1182.36
2019-09-19,1003.39,1158.74
2019-09-20,1002.37,1157.65
2019-09-23,1000.21,1155.57
2019-09-24,1018.47,1185.97
2019-09-25,1026.18,1197.31
2019-09-26,1019.4,1187.24
2019-09-27,1051.52,1244.66
2019-09-30,1050.33,1235.44
2019-10-01,1038.77,1218.26
2019-10-02,1035.09,1211.06
2019-10-03,1027.84,1200.91
2019-10-04,1034.64,1209.63
2019-10-07,1029.93,1199.24
2019-10-08,1018.59,1187.67
2019-10-09,996.49,1155.34
2019-10-10,987.8,1149.06
2019-10-11,990.28,1149.99
2019-10-14,939.81,1074.48
2019-10-15,952.58,1096.59
2019-10-16,941.37,1090.4
2019-10-17,948.96,1101.38
2019-10-18,984.15,1151.32
2019-10-21,973.24,1132.89
2019-10-22,978.86,1142.78
2019-10-23,997.85,1164.28
2019-10-24,1003.46,1171.38
2019-10-25,1002.16,1164.96
2019-10-28,998.38,1164.21
2019-10-29,,
2019-10-30,986.92,1146.91
2019-10-31,984.69,1140.55
2019-11-01,984.63,1142.05
2019-11-04,1000.88,1161.98
2019-11-05,1005.25,1166.55
2019-11-06,1011.44,1176.53
2019-11-07,1035.44,1204.01
2019-11-08,1031.53,1201.58
2019-11-11,1031.18,1203.62
2019-11-12,1039.72,1216.16
2019-11-13,1048.28,1225.49
2019-11-14,1037.81,1212.68
2019-11-15,1053.8,1234.63
2019-11-18,1068.46,1254.19
2019-11-19,1075.29,1265.77
2019-11-20,1067.85,1257.06
2019-11-21,1068.05,1266.37
2019-11-22,1065.88,1263.26
2019-11-25,1053.82,1245.18
2019-11-26,1059.83,1253.19
2019-11-27,1058.44,1251.27
2019-11-28,1071.26,1262.74
2019-11-29,1069.04,1259.73
2019-12-02,1080.04,1270.97
2019-12-03,1067.9,1259.58
2019-12-04,1077.01,1273.78
2019-12-05,1086.59,1284.98
2019-12-06,1088.69,1287.47
2019-12-09,1087.86,1286.04
2019-12-10,1080.11,1279.33
2019-12-11,1079.22,1277.92
2019-12-12,1101.15,1305.18
2019-12-13,1104.77,1315.04
2019-12-16,1111.26,1322.28
2019-12-17,1110.74,1316.92
2019-12-18,1105.75,1309.58
2019-12-19,1105.99,1303.99
2019-12-20,1111.77,1309.94
2019-12-23,1121.75,1321.75
2019-12-24,1131.53,1333.46
2019-12-25,1133.29,1338.33
2019-12-26,1136.53,1340.93
2019-12-27,1136.84,1340.44
2019-12-30,1147.54,1359.77
2019-12-31,1144.25,1351.31
2020-01-01,,
2020-01-02,1159.32,1369.45
2020-01-03,1136.84,1333.46
2020-01-06,1114.13,1298.28
2020-01-07,1126.0,1314.31
2020-01-08,1128.76,1328.12
2020-01-09,1179.9,1402.1
2020-01-10,1186.64,1422.05
2020-01-13,1202.49,1444.43
2020-01-14,1214.23,1454.9
2020-01-15,1209.39,1453.8
2020-01-16,1210.01,1459.76
2020-01-17,1214.75,1467.01
2020-01-20,1226.2,1483.51
2020-01-21,1235.56,1499.36
2020-01-22,1227.47,1483.27
2020-01-23,1225.4,1481.72
2020-01-24,1221.42,1481.17
2020-01-27,1201.5,1457.3
2020-01-28,1198.02,1451.76
2020-01-29,1196.89,1440.61
2020-01-30,1198.5,1445.55
2020-01-31,1191.4,1438.02
2020-02-03,1192.43,1442.63
2020-02-04,1221.36,1486.34
2020-02-05,1223.21,1488.27
2020-02-06,1222.84,1490.05
2020-02-07,1210.15,1468.91
2020-02-10,1183.42,1435.28
2020-02-11,1197.98,1450.81
2020-02-12,1200.49,1435.04
2020-02-13,1205.41,1438.15
2020-02-14,1201.51,1434.68
2020-02-17,1207.92,1438.85
2020-02-18,1195.74,1423.37
2020-02-19,1191.96,1405.52
2020-02-20,1156.42,1345.74
2020-02-21,1168.29,1358.18
2020-02-24,1147.89,1329.1
2020-02-25,1143.65,1322.6
2020-02-26,1151.71,1332.83
2020-02-27,1104.18,1270.43
2020-02-28,1059.94,1197.26
2020-03-02,1073.1,1225.01
2020-03-03,1112.07,1283.49
2020-03-04,1107.85,1285.79
2020-03-05,1118.15,1283.38
2020-03-06,1096.01,1249.13
2020-03-09,1035.24,1173.48
2020-03-10,1010.63,1152.34
2020-03-11,1009.66,1140.74
2020-03-12,936.39,1050.2
2020-03-13,956.05,1090.33
2020-03-16,878.88,1000.31
2020-03-17,867.78,1002.71
2020-03-18,855.77,974.38
2020-03-19,851.95,960.65
2020-03-20,857.96,956.29
2020-03-23,842.46,914.02
2020-03-24,892.86,980.05
2020-03-25,890.63,974.36
2020-03-26,915.28,1009.53
2020-03-27,881.25,979.08
2020-03-30,880.59,979.59
2020-03-31,896.44,1001.84
2020-04-01,890.85,983.6
2020-04-02,895.11,979.18
2020-04-03,895.53,976.79
2020-04-06,920.71,1009.19
2020-04-07,923.82,1009.77
2020-04-08,932.25,1017.08
2020-04-09,958.34,1063.84
2020-04-10,964.71,1078.09
2020-04-13,963.99,1072.86
2020-04-14,985.5,1093.36
2020-04-15,958.55,1043.61
2020-04-16,962.49,1047.56
2020-04-17,981.8,1070.76
2020-04-20,989.46,1074.06
2020-04-21,976.19,1058.66
2020-04-22,981.71,1060.27
2020-04-23,,
2020-04-24,987.59,1069.53
2020-04-27,1012.67,1103.91
2020-04-28,1007.07,1091.3
2020-04-29,1015.95,1103.27
2020-04-30,1011.1,1096.91
2020-05-01,,
2020-05-04,988.42,1075.93
2020-05-05,987.38,1080.11
2020-05-06,985.71,1077.26
2020-05-07,983.99,1076.43
2020-05-08,978.45,1070.94
2020-05-11,977.92,1073.31
2020-05-12,996.16,1090.28
2020-05-13,1001.59,1088.4
2020-05-14,991.93,1070.04
2020-05-15,997.68,1073.79
2020-05-18,1019.83,1088.79
2020-05-19,,
2020-05-20,1021.58,1095.02
2020-05-21,1026.49,1092.82
2020-05-22,1030.24,1095.03
2020-05-25,,
2020-05-26,,
2020-05-27,1049.53,1114.0
2020-05-28,1053.6,1123.71
2020-05-29,1055.2,1123.43
2020-06-01,1072.66,1149.6
2020-06-02,1080.97,1165.85
2020-06-03,1091.11,1179.28
2020-06-04,1095.37,1174.65
2020-06-05,1100.22,1184.46
2020-06-08,1096.37,1184.68
2020-06-09,1092.37,1179.43
2020-06-10,1097.79,1187.97
2020-06-11,1091.55,1179.85
2020-06-12,1098.35,1186.92
2020-06-15,1095.56,1181.9
2020-06-16,1109.4,1199.26
2020-06-17,1109.4,1193.82
2020-06-18,1124.95,1198.45
2020-06-19,1136.12,1214.98
2020-06-22,1151.9,1239.63
2020-06-23,1153.39,1236.0
2020-06-24,1144.49,1211.75
2020-06-25,1141.39,1213.18
2020-06-26,1146.68,1218.61
2020-06-29,1158.43,1247.95
2020-06-30,1165.25,1254.06
2020-07-01,1153.15,1241.31
2020-07-02,1169.08,1258.86
2020-07-03,1157.48,1244.42
2020-07-06,1184.85,1278.14
2020-07-07,1193.39,1280.55
2020-07-08,1187.13,1271.53
2020-07-09,1157.94,1234.47
2020-07-10,1148.09,1218.39
2020-07-13,1183.99,1258.44
2020-07-14,1177.41,1252.89
2020-07-15,,
2020-07-16,1188.08,1263.67
2020-07-17,1187.86,1263.17
2020-07-20,1192.81,1270.19
2020-07-21,1180.42,1259.74
2020-07-22,1180.8,1260.32
2020-07-23,1190.31,1265.59
2020-07-24,1192.02,1264.93
2020-07-27,1195.67,1261.25
2020-07-28,1152.7,1208.85
2020-07-29,1135.55,1188.47
2020-07-30,1126.9,1181.42
2020-07-31,,
2020-08-03,,
2020-08-04,1087.16,1141.18
2020-08-05,1091.8,1145.48
2020-08-06,1034.4,1079.15
2020-08-07,1060.59,1101.1
2020-08-10,1075.52,1100.11
2020-08-11,1110.05,1151.42
2020-08-12,1114.18,1150.67
2020-08-13,1100.26,1132.52
2020-08-14,1083.83,1112.89
2020-08-17,1086.2,1119.61
2020-08-18,1092.46,1134.14
2020-08-19,1124.71,1161.76
2020-08-20,1126.8,1155.58
2020-08-21,1109.88,1152.57
2020-08-24,1108.44,1149.94
2020-08-25,1092.16,1124.43
2020-08-26,1099.02,1135.37
2020-08-27,1108.93,1147.41
2020-08-28,1100.55,1137.53
2020-08-31,1078.61,1114.53
2020-09-01,1085.19,1128.01
2020-09-02,1083.91,1128.36
2020-09-03,1076.34,1116.69
2020-09-04,1086.32,1125.26
2020-09-07,1096.81,1136.93
2020-09-08,1089.6,1130.42
2020-09-09,1099.68,1132.24
2020-09-10,1099.06,1138.81
2020-09-11,1102.7,1139.29
2020-09-14,1107.29,1140.2
2020-09-15,1111.24,1140.76
2020-09-16,1107.11,1140.73
2020-09-17,1110.66,1143.7
2020-09-18,1111.96,1140.96
2020-09-21,1087.03,1112.7
2020-09-22,1096.16,1118.29
2020-09-23,1102.65,1132.33
2020-09-24,1119.56,1167.33
2020-09-25,1124.17,1177.8
2020-09-28,1121.17,1172.56
2020-09-29,1123.25,1171.39
2020-09-30,1145.24,1196.57
2020-10-01,1143.51,1190.54
2020-10-02,1145.03,1193.07
2020-10-05,1160.71,1206.93
2020-10-06,1153.71,1199.21
2020-10-07,1152.41,1193.34
2020-10-08,1150.49,1197.43
2020-10-09,1165.7,1213.99
2020-10-12,1178.35,1231.46
2020-10-13,1174.7,1228.36
2020-10-14,1189.29,1235.97
2020-10-15,1180.43,1226.38
2020-10-16,1192.73,1248.72
2020-10-19,1205.37,1284.8
2020-10-20,1210.41,1300.23
2020-10-21,1211.51,1297.15
2020-10-22,1198.32,1263.18
2020-10-23,1190.63,1245.15
2020-10-26,1144.45,1177.83
2020-10-27,1152.63,1204.33
2020-10-28,1126.99,1192.28
2020-10-29,,
2020-10-30,1112.37,1170.73
2020-11-02,1133.59,1184.71
2020-11-03,1150.71,1207.46
2020-11-04,1167.65,1218.03
2020-11-05,1180.02,1230.9
2020-11-06,1191.96,1234.65
2020-11-09,1231.54,1287.13
2020-11-10,1243.0,1313.75
2020-11-11,1279.22,1383.07
2020-11-12,1271.75,1375.8
2020-11-13,1291.29,1404.89
2020-11-16,1292.99,1404.72
2020-11-17,1259.72,1347.54
2020-11-18,1294.72,1394.46
2020-11-19,1313.02,1431.94
2020-11-20,1323.95,1441.76
2020-11-23,1314.25,1419.42
2020-11-24,1320.98,1423.21
2020-11-25,1325.47,1421.74
2020-11-26,1342.49,1447.42
2020-11-27,1328.73,1429.42
2020-11-30,1283.58,1380.57
2020-12-01,1325.29,1429.63
2020-12-02,1325.49,1428.08
2020-12-03,1330.85,1431.39
2020-12-04,1330.87,1427.07
2020-12-07,1329.9,1411.47
2020-12-08,1339.89,1423.75
2020-12-09,1350.32,1448.23
2020-12-10,1353.36,1458.03
2020-12-11,1370.7,1471.7
2020-12-14,1388.55,1487.01
2020-12-15,1395.4,1487.8
2020-12-16,1392.45,1485.87
2020-12-17,1399.36,1494.47
2020-12-18,1408.32,1509.35
2020-12-21,1384.43,1481.05
2020-12-22,1404.97,1507.93
2020-12-23,1417.66,1514.04
2020-12-24,1426.0,1517.94
2020-12-25,1426.03,1513.28
2020-12-28,1439.29,1523.06
2020-12-29,1459.69,1538.06
2020-12-30,1479.91,1562.03
2020-12-31,1476.72,1565.13
2021-01-01,,
2021-01-04,1495.43,1586.92
2021-01-05,1489.56,1575.73
2021-01-06,1505.42,1600.72
2021-01-07,1522.24,1629.04
2021-01-08,1540.61,1644.24
2021-01-11,1536.19,1627.38
2021-01-12,1549.53,1634.72
2021-01-13,1559.28,1646.64
2021-01-14,1546.6,1630.79
2021-01-15,1524.49,1603.72
2021-01-18,1556.77,1626.91
2021-01-19,1565.01,1640.91
2021-01-20,1569.35,1646.73
2021-01-21,1551.57,1637.83
2021-01-22,1542.45,1626.38
2021-01-25,1540.21,1612.05
2021-01-26,1536.11,1611.36
2021-01-27,1467.0,1536.18
2021-01-28,1498.32,1562.3
2021-01-29,1473.45,1546.65
2021-02-01,1492.45,1575.11
2021-02-02,1511.43,1607.61
2021-02-03,1533.55,1647.49
2021-02-04,1534.9,1637.8
2021-02-05,1527.17,1629.52
2021-02-08,1534.91,1635.92
2021-02-09,1544.05,1650.91
2021-02-10,1547.11,1651.13
2021-02-11,1545.59,1648.91
2021-02-12,1538.44,1643.24
2021-02-15,1562.49,1663.71
2021-02-16,1542.82,1641.81
2021-02-17,1540.59,1632.23
2021-02-18,1546.41,1620.32
2021-02-19,1560.34,1639.27
2021-02-22,1550.61,1626.75
2021-02-23,1517.86,1589.47
2021-02-24,1483.02,1549.43
2021-02-25,1488.21,1554.95
2021-02-26,1471.39,1527.62
2021-03-01,1527.45,1597.05
2021-03-02,1528.82,1592.66
2021-03-03,1531.05,1591.49
2021-03-04,1538.04,1603.47
2021-03-05,1541.98,1602.24
2021-03-08,1530.27,1575.55
2021-03-09,1549.15,1589.76
2021-03-10,1564.94,1600.63
2021-03-11,1556.49,1583.2
2021-03-12,1557.39,1584.1
2021-03-15,1555.47,1574.82
2021-03-16,1570.42,1583.48
2021-03-17,1562.11,1569.48
2021-03-18,1550.93,1574.59
2021-03-19,1528.99,1535.77
2021-03-22,1379.25,1385.32
2021-03-23,1377.43,1337.97
2021-03-24,1413.86,1380.73
2021-03-25,1394.36,1362.3
2021-03-26,1382.15,1352.44
2021-03-29,1392.57,1356.14
2021-03-30,1395.79,1341.46
2021-03-31,1391.73,1338.64
2021-04-01,1426.56,1379.37
2021-04-02,1430.19,1380.06
2021-04-05,1442.06,1379.24
2021-04-06,1420.59,1354.02
2021-04-07,1417.89,1354.75
2021-04-08,1416.55,1349.57
2021-04-09,1393.24,1322.42
2021-04-12,1375.91,1301.8
2021-04-13,1378.37,1293.88
2021-04-14,1409.19,1334.92
2021-04-15,1407.76,1336.73
2021-04-16,1408.14,1327.87
2021-04-19,1377.23,1287.63
2021-04-20,1365.27,1281.08
2021-04-21,1330.48,1242.85
2021-04-22,1345.15,1253.05
2021-04-23,,
2021-04-26,1374.0,1275.97
2021-04-27,1392.0,1285.38
2021-04-28,1385.91,1289.97
2021-04-29,1401.52,1307.42
2021-04-30,1397.82,1311.44
2021-05-03,1421.15,1337.5
2021-05-04,1416.25,1322.99
2021-05-05,1420.0,1322.9
2021-05-06,1427.73,1328.48
2021-05-07,1441.33,1349.24
2021-05-10,1460.9,1364.98
2021-05-11,1444.87,1345.71
2021-05-12,1441.33,1341.48
2021-05-13,,
2021-05-14,,
2021-05-17,1454.25,1362.66
2021-05-18,1459.57,1368.82
2021-05-19,,
2021-05-20,1449.82,1371.95
2021-05-21,1451.84,1370.77
2021-05-24,1452.18,1363.56
2021-05-25,1400.22,1314.46
2021-05-26,1427.06,1340.16
2021-05-27,1415.03,1327.79
2021-05-28,1422.06,1333.25
2021-05-31,1420.49,1330.99
2021-06-01,1432.04,1344.03
2021-06-02,1430.73,1337.71
2021-06-03,1428.13,1344.53
2021-06-04,1432.93,1350.24
2021-06-07,1447.08,1368.19
2021-06-08,1447.59,1370.26
2021-06-09,1449.17,1373.77
2021-06-10,1456.68,1384.72
2021-06-11,1460.86,1386.96
2021-06-14,1454.25,1376.7
2021-06-15,1442.56,1371.43
2021-06-16,1431.31,1353.32
2021-06-17,1414.15,1330.37
2021-06-18,1391.06,1314.99
2021-06-21,1398.52,1318.83
2021-06-22,1409.85,1333.8
2021-06-23,1402.35,1328.91
2021-06-24,1410.79,1335.92
2021-06-25,1391.86,1315.63
2021-06-28,1373.25,1294.95
2021-06-29,1371.67,1293.49
2021-06-30,1356.34,1285.58
2021-07-01,1372.78,1308.57
2021-07-02,1376.67,1313.39
2021-07-05,1392.64,1333.83
2021-07-06,1382.58,1327.78
2021-07-07,1390.58,1333.73
2021-07-08,1372.98,1317.02
2021-07-09,1378.28,1313.31
2021-07-12,1356.96,1298.63
2021-07-13,1346.84,1286.06
2021-07-14,1367.25,1300.83
2021-07-15,,
2021-07-16,1363.28,1298.53
2021-07-19,1351.59,1289.43
2021-07-20,,
2021-07-21,,
2021-07-22,,
2021-07-23,,
2021-07-26,1349.11,1281.13
2021-07-27,1359.55,1289.23
2021-07-28,1360.75,1288.54
2021-07-29,1391.64,1310.87
2021-07-30,1392.91,1317.45
2021-08-02,1399.65,1326.4
2021-08-03,1408.81,1336.19
2021-08-04,1413.8,1346.47
2021-08-05,1431.78,1360.76
2021-08-06,1434.76,1358.63
2021-08-09,1432.61,1357.54
2021-08-10,1437.46,1366.3
2021-08-11,1410.87,1345.72
2021-08-12,1444.46,1376.97
2021-08-13,1447.64,1380.89
2021-08-16,1455.25,1401.94
2021-08-17,1461.69,1412.56
2021-08-18,1449.59,1404.69
2021-08-19,1439.86,1392.25
2021-08-20,1444.63,1397.0
2021-08-23,1459.33,1423.98
2021-08-24,1465.89,1427.6
2021-08-25,1453.3,1414.54
2021-08-26,1448.52,1403.96
2021-08-27,1458.23,1416.3
2021-08-30,,
2021-08-31,1472.07,1433.55
2021-09-01,1474.13,1434.17
2021-09-02,1479.12,1444.59
2021-09-03,1468.67,1437.02
2021-09-06,1474.72,1447.42
2021-09-07,1454.74,1425.58
2021-09-08,1433.85,1394.77
2021-09-09,1452.67,1411.55
2021-09-10,1438.72,1397.23
2021-09-13,1438.28,1397.8
2021-09-14,1434.43,1398.98
2021-09-15,1423.97,1388.09
2021-09-16,1418.03,1383.64
2021-09-17,1419.43,1383.32
2021-09-20,1391.91,1353.36
2021-09-21,1385.61,1353.1
2021-09-22,1407.46,1371.08
2021-09-23,1401.46,1353.59
2021-09-24,1384.68,1330.76
2021-09-27,1391.74,1342.04
2021-09-28,1383.77,1335.01
2021-09-29,1391.92,1348.34
2021-09-30,1406.39,1360.99
2021-10-01,1401.46,1362.72
2021-10-04,1394.37,1358.02
2021-10-05,1391.65,1359.7
2021-10-06,1371.69,1342.27
2021-10-07,1396.92,1361.8
2021-10-08,1398.0,1359.05
2021-10-11,1416.3,1373.29
2021-10-12,1416.82,1374.16
2021-10-13,1413.54,1364.03
2021-10-14,1411.75,1364.07
2021-10-15,1409.56,1350.04
2021-10-18,1417.7,1348.73
2021-10-19,1429.85,1366.03
2021-10-20,1432.8,1369.46
2021-10-21,1455.42,1374.88
2021-10-22,1479.93,1401.32
2021-10-25,1492.93,1409.69
2021-10-26,1509.2,1424.7
2021-10-27,1519.25,1446.91
2021-10-28,1522.04,1458.53
2021-10-29,,
2021-11-01,1536.32,1479.14
2021-11-02,1533.05,1483.28
2021-11-03,1547.03,1502.88
2021-11-04,1575.67,1534.56
2021-11-05,1583.59,1544.88
2021-11-08,1608.54,1564.31
2021-11-09,1615.64,1562.66
2021-11-10,1624.09,1575.83
2021-11-11,1625.06,1560.01
2021-11-12,1638.5,1570.49
2021-11-15,1702.49,1669.22
2021-11-16,1685.6,1661.59
2021-11-17,1707.04,1676.6
2021-11-18,1736.88,1709.26
2021-11-19,1737.33,1709.37
2021-11-22,1755.48,1713.36
2021-11-23,1784.56,1699.15
2021-11-24,1812.3,1729.63
2021-11-25,1819.23,1724.27
2021-11-26,1776.41,1676.44
2021-11-29,1808.79,1689.45
2021-11-30,1809.65,1689.72
2021-12-01,1857.4,1732.94
2021-12-02,1880.06,1757.32
2021-12-03,1910.41,1788.68
2021-12-06,1927.39,1822.59
2021-12-07,1981.04,1862.97
2021-12-08,2004.55,1897.81
2021-12-09,2031.44,1914.49
2021-12-10,2035.48,1904.82
2021-12-13,2101.51,1949.31
2021-12-14,2157.74,2005.31
2021-12-15,2162.26,1989.71
2021-12-16,2278.55,2088.9
2021-12-17,2084.47,1905.34
2021-12-20,2056.36,1874.5
2021-12-21,1892.02,1787.27
2021-12-22,1804.15,1751.89
2021-12-23,1805.3,1753.92
2021-12-24,1891.28,1799.18
2021-12-27,1897.13,1807.96
2021-12-28,1850.48,1752.56
2021-12-29,1895.46,1776.79
2021-12-30,1863.65,1759.4
2021-12-31,1857.65,1754.06
2022-01-03,1926.66,1798.05
2022-01-04,1963.59,1810.14
2022-01-05,2005.29,1831.24
2022-01-06,2007.55,1839.01
2022-01-07,2033.32,1874.17
2022-01-10,2045.16,1882.39
2022-01-11,2046.03,1877.24
2022-01-12,2064.21,1894.87
2022-01-13,2070.65,1895.15
2022-01-14,2072.93,1905.99
2022-01-17,2085.76,1930.12
2022-01-18,1979.83,1843.83
2022-01-19,2042.08,1913.5
2022-01-20,2014.21,1893.89
2022-01-21,2011.16,1896.18
2022-01-24,1910.29,1812.73
2022-01-25,1945.07,1843.49
2022-01-26,1951.17,1851.86
2022-01-27,1997.69,1885.98
2022-01-28,1983.18,1880.08
2022-01-31,2003.2,1910.7
2022-02-01,2015.43,1926.92
2022-02-02,2002.24,1939.39
2022-02-03,1957.9,1885.18
2022-02-04,1943.81,1873.45
2022-02-07,1997.58,1900.22
2022-02-08,2007.14,1912.09
2022-02-09,2042.85,1933.66
2022-02-10,2038.67,1928.24
2022-02-11,2051.05,1936.84
2022-02-14,2001.94,1900.96
2022-02-15,2038.16,1929.15
2022-02-16,2041.43,1929.54
2022-02-17,2009.99,1905.41
2022-02-18,2032.44,1916.84
2022-02-21,2038.06,1915.36
2022-02-22,2017.46,1891.07
2022-02-23,2016.03,1871.39
2022-02-24,1851.38,1705.41
2022-02-25,1952.4,1785.14
2022-02-28,1946.19,1760.94
2022-03-01,1969.91,1777.8
2022-03-02,1986.09,1782.53
2022-03-03,2023.29,1799.43
2022-03-04,1990.75,1782.81
2022-03-07,1997.33,1771.33
2022-03-08,2011.35,1778.84
2022-03-09,2042.7,1828.66
2022-03-10,2042.01,1816.85
2022-03-11,2053.85,1839.56
2022-03-14,2088.48,1882.07
2022-03-15,2079.38,1880.64
2022-03-16,2088.8,1890.24
2022-03-17,2133.59,1922.22
2022-03-18,2144.26,1930.29
2022-03-21,2175.03,1961.61
2022-03-22,2188.81,1984.46
2022-03-23,2183.1,1975.77
2022-03-24,2176.2,1968.77
2022-03-25,2175.51,1965.53
2022-03-28,2172.48,1970.45
2022-03-29,2206.5,2012.42
2022-03-30,2230.15,2039.52
2022-03-31,2233.3,2034.96
2022-04-01,2251.68,2042.41
2022-04-04,2311.4,2094.96
2022-04-05,2326.29,2103.86
2022-04-06,2316.4,2097.97
2022-04-07,2345.2,2144.24
2022-04-08,2393.39,2227.16
2022-04-11,2449.11,2321.62
2022-04-12,2463.76,2329.42
2022-04-13,2460.43,2294.65
2022-04-14,2475.41,2317.26
2022-04-15,2494.37,2340.8
2022-04-18,2510.31,2366.19
2022-04-19,2519.24,2351.77
2022-04-20,2525.93,2358.03
2022-04-21,2556.81,2385.32
2022-04-22,2472.5,2308.66
2022-04-25,2482.6,2337.95
2022-04-26,2418.3,2286.79
2022-04-27,2451.43,2300.02
2022-04-28,2428.42,2300.31
2022-04-29,2430.55,2301.47
2022-05-02,,
2022-05-03,,
2022-05-04,,
2022-05-05,2466.26,2321.37
2022-05-06,2458.72,2320.55
2022-05-09,2465.71,2327.22
2022-05-10,2490.17,2356.38
2022-05-11,2453.94,2312.2
2022-05-12,2390.98,2258.02
2022-05-13,2419.23,2283.07
2022-05-16,2390.79,2249.9
2022-05-17,2394.83,2251.0
2022-05-18,2393.61,2275.15
2022-05-19,,
2022-05-20,2372.35,2271.93
2022-05-23,2380.9,2269.04
2022-05-24,2375.0,2271.15
2022-05-25,2418.1,2318.18
2022-05-26,2450.84,2327.71
2022-05-27,2438.84,2302.23
2022-05-30,2527.15,2370.86
2022-05-31,2547.09,2387.71
2022-06-01,2568.76,2393.94
2022-06-02,2601.56,2417.63
2022-06-03,2601.25,2408.14
2022-06-06,2648.12,2477.62
2022-06-07,2648.19,2493.23
2022-06-08,2540.36,2376.13
2022-06-09,2571.57,2410.98
2022-06-10,2543.1,2396.09
2022-06-13,2510.14,2396.12
2022-06-14,2508.91,2375.04
2022-06-15,2531.11,2405.28
2022-06-16,2485.36,2365.5
2022-06-17,2533.33,2433.74
2022-06-20,2539.2,2450.2
2022-06-21,2575.86,2478.72
2022-06-22,2574.3,2485.58
2022-06-23,2543.21,2457.63
2022-06-24,2554.08,2469.75
2022-06-27,2529.26,2440.7
2022-06-28,2490.24,2412.2
2022-06-29,2401.96,2327.8
2022-06-30,2405.36,2339.13
2022-07-01,2443.77,2366.82
2022-07-04,2405.98,2335.24
2022-07-05,2371.25,2299.04
2022-07-06,2408.15,2333.9
2022-07-07,2425.56,2361.41
2022-07-08,2434.02,2362.31
2022-07-11,,
2022-07-12,,
2022-07-13,2408.08,2339.65
2022-07-14,2382.44,2330.83
2022-07-15,,
2022-07-18,2451.27,2388.61
2022-07-19,2501.96,2447.21
2022-07-20,2525.2,2464.73
2022-07-21,2511.37,2470.49
2022-07-22,2516.56,2495.93
2022-07-25,2548.49,2538.05
2022-07-26,2537.12,2516.67
2022-07-27,2544.12,2537.83
2022-07-28,2543.33,2522.53
2022-07-29,2592.38,2557.74
2022-08-01,2656.32,2622.61
2022-08-02,2647.59,2616.22
2022-08-03,2684.46,2658.65
2022-08-04,2723.67,2699.67
2022-08-05,2750.49,2747.42
2022-08-08,2795.06,2771.94
2022-08-09,2785.16,2754.35
2022-08-10,2829.58,2804.22
2022-08-11,2868.44,2850.2
2022-08-12,2864.25,2831.56
2022-08-15,2857.18,2839.24
2022-08-16,2913.3,2898.59
2022-08-17,2980.0,3009.7
2022-08-18,3020.01,3031.74
2022-08-19,3020.2,3020.58
2022-08-22,3062.49,3072.86
2022-08-23,3121.52,3171.27
2022-08-24,3060.3,3078.99
2022-08-25,3136.77,3196.72
2022-08-26,3146.1,3194.23
2022-08-29,3164.96,3199.68
2022-08-30,,
2022-08-31,3171.21,3208.74
2022-09-01,3142.74,3217.48
2022-09-02,3222.74,3358.21
2022-09-05,3358.37,3529.04
2022-09-06,3391.38,3616.76
2022-09-07,3402.81,3626.35
2022-09-08,3437.41,3676.65
2022-09-09,3521.38,3823.05
2022-09-12,3649.21,4009.03
2022-09-13,3426.88,3763.01
2022-09-14,3446.96,3636.4
2022-09-15,3363.12,3489.45
2022-09-16,3377.33,3460.31
2022-09-19,3199.54,3264.17
2022-09-20,3277.5,3342.56
2022-09-21,3245.76,3283.41
2022-09-22,3295.27,3314.77
2022-09-23,3281.61,3262.16
2022-09-26,3260.15,3218.01
2022-09-27,3265.64,3231.68
2022-09-28,3198.16,3144.44
2022-09-29,3146.89,3091.34
2022-09-30,3179.99,3115.44
2022-10-03,3392.13,3327.69
2022-10-04,3458.03,3337.5
2022-10-05,3484.42,3353.82
2022-10-06,3553.85,3444.19
2022-10-07,3567.6,3450.73
2022-10-10,3582.03,3457.34
2022-10-11,3571.55,3459.18
2022-10-12,3517.75,3398.52
2022-10-13,3553.43,3428.15
2022-10-14,3626.96,3515.24
2022-10-17,3847.62,3762.67
2022-10-18,3841.56,3759.48
2022-10-19,3880.34,3856.05
2022-10-20,3900.85,3875.52
2022-10-21,3934.63,3908.01
2022-10-24,3977.51,3925.14
2022-10-25,3975.01,3962.17
2022-10-26,3976.36,3974.84
2022-10-27,3934.52,3915.43
2022-10-28,3878.98,3836.33
2022-10-31,3978.96,3895.24
2022-11-01,4054.67,3912.06
2022-11-02,4071.87,3899.36
2022-11-03,4105.46,3908.03
2022-11-04,4216.98,4002.29
2022-11-07,4331.66,4129.71
2022-11-08,4360.28,4121.33
2022-11-09,4360.96,4070.08
2022-11-10,4467.1,4184.17
2022-11-11,4455.53,4149.82
2022-11-14,4570.2,4224.64
2022-11-15,4657.0,4300.71
2022-11-16,4668.52,4301.93
2022-11-17,4507.24,4147.66
2022-11-18,4526.73,4285.6
2022-11-21,4570.32,4413.82
2022-11-22,4780.74,4535.42
2022-11-23,4854.16,4646.93
2022-11-24,4858.21,4656.49
2022-11-25,4874.34,4729.45
2022-11-28,4923.23,4806.51
2022-11-29,4962.48,4781.22
2022-11-30,4977.64,4830.24
2022-12-01,5046.19,4876.95
2022-12-02,4962.97,4785.61
2022-12-05,4957.77,4769.55
2022-12-06,5000.14,4798.0
2022-12-07,4827.04,4664.93
2022-12-08,4855.92,4723.95
2022-12-09,5005.3,4852.88
2022-12-12,5193.3,4999.13
2022-12-13,5256.19,5054.67
2022-12-14,5066.5,4926.97
2022-12-15,5188.82,5075.43
2022-12-16,5214.29,5136.01
2022-12-19,5391.91,5390.1
2022-12-20,5419.02,5341.47
2022-12-21,5429.13,5319.15
2022-12-22,5447.23,5328.2
2022-12-23,5454.79,5322.05
2022-12-26,5504.09,5381.28
2022-12-27,5434.51,5304.3
2022-12-28,5345.61,5205.22
2022-12-29,5476.92,5363.51
2022-12-30,5509.16,5388.61
2023-01-02,5661.1,5531.52
2023-01-03,5626.57,5455.73
2023-01-04,5523.49,5387.75
2023-01-05,5116.41,4955.85
2023-01-06,5341.96,5158.24
2023-01-09,5170.97,4953.37
2023-01-10,4987.99,4763.18
2023-01-11,4728.88,4474.95
2023-01-12,4970.71,4645.21
2023-01-13,4984.86,4643.28
2023-01-16,5207.67,4836.64
2023-01-17,5315.03,4947.26
2023-01-18,5384.17,4936.94
2023-01-19,5422.37,4986.55
2023-01-20,5490.34,5117.47
2023-01-23,5404.43,5050.01
2023-01-24,5366.52,4969.04
2023-01-25,5297.77,4882.33
2023-01-26,5231.02,4794.28
2023-01-27,5191.83,4731.34
2023-01-30,5096.29,4679.66
2023-01-31,4976.55,4619.46
2023-02-01,4713.39,4320.29
2023-02-02,4752.24,4331.47
2023-02-03,4997.63,4611.43
2023-02-06,4930.18,4529.56
2023-02-07,4505.34,4147.52
2023-02-08,,
2023-02-09,,
2023-02-10,,
2023-02-13,,
2023-02-14,,
2023-02-15,4950.47,4539.59
2023-02-16,5008.58,4521.88
2023-02-17,5026.83,4500.36
2023-02-20,5148.93,4626.67
2023-02-21,5149.39,4642.68
2023-02-22,5071.41,4604.79
2023-02-23,5086.2,4637.66
2023-02-24,5058.75,4618.5
2023-02-27,5197.44,4782.62
2023-02-28,5237.33,4814.65
2023-03-01,5322.65,4913.22
2023-03-02,5261.41,4922.75
2023-03-03,5212.38,4854.58
2023-03-06,5392.31,5124.24
2023-03-07,5381.9,5101.25
2023-03-08,5438.38,5295.13
2023-03-09,5446.22,5272.14
2023-03-10,5384.56,5243.91
2023-03-13,5323.19,5115.57
2023-03-14,5207.32,5038.59
2023-03-15,5121.57,4964.6
2023-03-16,5229.58,5060.78
2023-03-17,5136.44,4965.7
2023-03-20,4975.47,4820.27
2023-03-21,4906.63,4742.29
2023-03-22,5001.06,4839.18
2023-03-23,5061.99,4913.31
2023-03-24,5031.98,4855.46
2023-03-27,4997.8,4830.5
2023-03-28,4811.45,4664.82
2023-03-29,4943.18,4790.22
2023-03-30,4896.07,4744.49
2023-03-31,4812.93,4670.17
2023-04-03,4839.46,4659.46
2023-04-04,4984.11,4782.64
2023-04-05,4919.87,4713.41
2023-04-06,4912.81,4690.82
2023-04-07,4924.64,4700.73
2023-04-10,5092.31,4833.52
2023-04-11,5124.25,4876.46
2023-04-12,5146.11,4921.67
2023-04-13,5135.55,4892.13
2023-04-14,5092.88,4838.23
2023-04-17,5059.35,4798.61
2023-04-18,5018.7,4774.41
2023-04-19,5061.22,4848.64
2023-04-20,5012.34,4774.73
2023-04-21,,
2023-04-24,5022.79,4778.66
2023-04-25,4891.01,4671.6
2023-04-26,4783.5,4568.79
2023-04-27,4789.63,4568.56
2023-04-28,4617.93,4407.54
2023-05-01,,
2023-05-02,4506.24,4299.47
2023-05-03,4485.97,4281.38
2023-05-04,4484.35,4283.31
2023-05-05,4400.76,4229.62
2023-05-08,4561.94,4439.1
2023-05-09,4536.2,4481.99
2023-05-10,4494.48,4472.07
2023-05-11,4848.01,4838.69
2023-05-12,4795.61,4823.77
2023-05-15,4501.21,4483.01
2023-05-16,4589.71,4404.18
2023-05-17,4661.68,4440.69
2023-05-18,4501.73,4301.1
2023-05-19,,
2023-05-22,4466.19,4216.13
2023-05-23,4470.97,4208.03
2023-05-24,4424.92,4139.02
2023-05-25,4427.99,4190.33
2023-05-26,4580.67,4303.63
2023-05-29,4768.56,4444.22
2023-05-30,4951.35,4712.43
2023-05-31,4886.91,4619.58
2023-06-01,4959.8,4727.26
2023-06-02,5114.97,4915.1
2023-06-05,5372.66,5125.64
2023-06-06,5388.8,5109.94
2023-06-07,5561.18,5275.52
2023-06-08,5554.0,5281.8
2023-06-09,5626.49,5324.05
2023-06-12,5588.98,5238.21
2023-06-13,5429.05,5133.75
2023-06-14,5360.77,5114.84
2023-06-15,5495.48,5239.69
2023-06-16,5475.48,5221.11
2023-06-19,5269.31,5034.65
2023-06-20,5251.61,5075.36
2023-06-21,5186.83,5020.95
2023-06-22,5428.26,5192.5
2023-06-23,5582.75,5362.8
2023-06-26,5732.86,5484.25
2023-06-27,5759.11,5477.1
2023-06-28,,
2023-06-29,,
2023-06-30,,
2023-07-03,6015.29,5652.6
2023-07-04,6003.9,5694.33
2023-07-05,6106.76,5741.02
2023-07-06,6141.14,5716.28
2023-07-07,6187.09,5743.05
2023-07-10,6270.41,5821.71
2023-07-11,6362.93,5969.72
2023-07-12,6342.05,6016.82
2023-07-13,6368.35,6110.85
2023-07-14,6437.74,6172.52
2023-07-17,6600.46,6289.76
2023-07-18,6365.0,6023.78
2023-07-19,6571.28,6234.38
2023-07-20,6682.11,6329.98
2023-07-21,6687.78,6266.33
2023-07-24,6695.14,6257.13
2023-07-25,6605.04,6254.14
2023-07-26,6743.86,6312.88
2023-07-27,6856.11,6473.18
2023-07-28,7067.28,6734.01
2023-07-31,7216.96,6866.23
2023-08-01,7168.51,6797.98
2023-08-02,7258.54,6887.71
2023-08-03,7221.51,6823.16
2023-08-04,7400.57,7023.82
2023-08-07,7470.1,7078.52
2023-08-08,7412.2,7033.48
2023-08-09,7600.65,7333.71
2023-08-10,7441.5,7207.26
2023-08-11,7714.38,7418.53
2023-08-14,7737.38,7408.64
2023-08-15,7690.75,7422.39
2023-08-16,7662.26,7406.15
2023-08-17,7764.47,7535.75
2023-08-18,7513.29,7305.19
2023-08-21,7796.65,7473.03
2023-08-22,7771.3,7423.56
2023-08-23,7602.24,7389.94
2023-08-24,7491.94,7488.21
2023-08-25,7716.67,7577.09
2023-08-28,7941.73,7748.67
2023-08-29,7907.13,7787.4
2023-08-30,,
2023-08-31,7917.93,7684.32
2023-09-01,8056.12,7784.11
2023-09-04,8141.33,7893.4
2023-09-05,8236.14,8070.83
2023-09-06,8181.67,8068.01
2023-09-07,8337.67,8241.9
2023-09-08,8325.3,8266.22
2023-09-11,8146.49,8047.8
2023-09-12,8159.9,7975.75
2023-09-13,8013.89,7871.43
2023-09-14,8118.75,7945.05
2023-09-15,7961.98,7875.01
2023-09-18,7680.36,7651.35
2023-09-19,7784.01,7713.51
2023-09-20,7719.82,7752.42
2023-09-21,8000.46,8019.84
2023-09-22,8039.18,8083.25
2023-09-25,8304.83,8283.25
2023-09-26,8242.26,8219.18
2023-09-27,8213.76,8278.63
2023-09-28,8218.74,8328.82
2023-09-29,8334.94,8508.64
2023-10-02,8486.96,8683.99
2023-10-03,8513.54,8659.64
2023-10-04,8333.14,8524.79
2023-10-05,8487.98,8708.96
2023-10-06,8464.93,8708.83
2023-10-09,8193.44,8391.04
2023-10-10,8442.79,8628.94
2023-10-11,8330.64,8525.52
2023-10-12,8259.27,8429.31
2023-10-13,8113.3,8240.34
2023-10-16,7934.56,8139.08
2023-10-17,8115.01,8354.44
2023-10-18,7842.66,8078.89
2023-10-19,7769.03,8091.98
2023-10-20,7510.68,7780.61
2023-10-23,7750.39,7984.29
2023-10-24,7990.42,8255.6
2023-10-25,7424.97,7704.07
2023-10-26,7662.05,7956.68
2023-10-27,7706.41,7993.28
2023-10-30,7712.85,7962.31
2023-10-31,7514.1,7755.96
2023-11-01,7528.57,7722.59
2023-11-02,7663.62,7820.75
2023-11-03,7705.99,7870.39
2023-11-06,7868.02,8039.72
2023-11-07,7844.8,8006.01
2023-11-08,7860.88,7962.93
2023-11-09,7841.46,7903.88
2023-11-10,7771.34,7844.34
2023-11-13,7568.3,7629.59
2023-11-14,7671.05,7704.25
2023-11-15,7665.87,7734.41
2023-11-16,7780.68,7867.94
2023-11-17,7853.36,7895.14
2023-11-20,7946.37,8013.34
2023-11-21,8046.62,8087.69
2023-11-22,7987.03,8063.87
2023-11-23,7898.59,8058.18
2023-11-24,7959.95,8134.23
2023-11-27,8107.19,8349.48
2023-11-28,8093.54,8298.35
2023-11-29,8009.33,8218.19
2023-11-30,7948.6,8142.41
2023-12-01,8026.27,8237.75
2023-12-04,8087.24,8329.62
2023-12-05,8057.42,8343.1
2023-12-06,7855.06,8224.35
2023-12-07,7978.82,8237.01
2023-12-08,7913.76,8196.02
2023-12-11,7728.44,8025.54
2023-12-12,7748.85,8130.51
2023-12-13,7529.31,7983.17
2023-12-14,7813.4,8299.51
2023-12-15,7993.85,8441.46
2023-12-18,7790.42,8297.48
2023-12-19,7725.86,8175.55
2023-12-20,7662.85,8171.47
2023-12-21,7764.95,8209.43
2023-12-22,7557.56,8063.93
2023-12-25,7264.87,7750.73
2023-12-26,7299.33,7710.51
2023-12-27,7260.44,7615.26
2023-12-28,7396.34,7733.54
2023-12-29,7470.18,7887.7
2024-01-01,,
2024-01-02,7624.29,7984.92
2024-01-03,7412.04,7760.12
2024-01-04,7547.84,7918.43
2024-01-05,7628.73,8015.91
2024-01-08,7818.89,8395.16
2024-01-09,7736.26,8353.24
2024-01-10,7874.16,8538.85
2024-01-11,7895.96,8601.52
2024-01-12,7986.47,8714.05
2024-01-15,8044.02,8764.19
2024-01-16,8032.17,8724.1
2024-01-17,8024.37,8766.62
2024-01-18,8016.09,8742.47
2024-01-19,7996.7,8719.72
2024-01-22,8010.14,8729.13
2024-01-23,7950.06,8535.66
2024-01-24,8090.9,8745.98
2024-01-25,8169.89,8792.24
2024-01-26,8346.28,8956.19
2024-01-29,8471.7,8980.55
2024-01-30,8474.3,9006.56
2024-01-31,8496.66,9004.79
2024-02-01,8646.12,9179.36
2024-02-02,8665.68,9173.94
2024-02-05,8776.7,9294.59
2024-02-06,8869.14,9392.71
2024-02-07,8843.01,9406.74
2024-02-08,8949.79,9495.82
2024-02-09,9045.97,9552.08
2024-02-12,9174.58,9686.45
2024-02-13,8994.0,9558.86
2024-02-14,9072.08,9709.33
2024-02-15,9242.15,9832.43
2024-02-16,9250.36,9811.96
2024-02-19,9196.41,9742.87
2024-02-20,9344.97,9938.36
2024-02-21,9312.12,9930.29
2024-02-22,9347.17,9937.7
2024-02-23,9374.2,9971.88
2024-02-26,9334.13,9896.7
2024-02-27,9179.48,9779.44
2024-02-28,9062.36,9641.04
2024-02-29,9193.69,9756.34
2024-03-01,9097.15,9651.92
2024-03-04,8907.65,9498.92
2024-03-05,8860.52,9415.03
2024-03-06,8744.58,9256.63
2024-03-07,9054.18,9621.85
2024-03-08,9155.32,9734.15
2024-03-11,9131.82,9778.9
2024-03-12,9069.03,9766.62
2024-03-13,8910.23,9562.23
2024-03-14,8883.52,9513.32
2024-03-15,8828.7,9424.07
2024-03-18,8718.11,9294.1
2024-03-19,8929.88,9530.94
2024-03-20,8955.12,9586.49
2024-03-21,9140.7,9809.7
2024-03-22,9111.5,9816.56
2024-03-25,9029.38,9826.38
2024-03-26,8807.38,9562.63
2024-03-27,8806.72,9541.69
2024-03-28,9079.97,9861.46
2024-03-29,9142.4,9876.76
2024-04-01,9157.54,9963.0
2024-04-02,9040.87,9949.79
2024-04-03,8945.8,9788.87
2024-04-04,9129.02,10134.1
2024-04-05,9618.83,10638.65
2024-04-08,9756.69,10751.59
2024-04-09,9814.19,10858.83
2024-04-10,,
2024-04-11,,
2024-04-12,,
2024-04-15,9679.8,10831.66
2024-04-16,9548.09,10566.77
2024-04-17,9530.47,10588.95
2024-04-18,9524.59,10634.07
2024-04-19,9693.46,10930.79
2024-04-22,9645.02,10787.41
2024-04-23,,
2024-04-24,9722.09,10958.04
2024-04-25,9716.77,10866.26
2024-04-26,9915.62,11113.26
2024-04-29,10082.77,11318.22
2024-04-30,10045.74,11296.29
2024-05-01,,
2024-05-02,10208.65,11361.83
2024-05-03,10276.88,11412.06
2024-05-06,10267.09,11411.16
2024-05-07,10336.5,11565.03
2024-05-08,10247.75,11482.09
2024-05-09,10268.58,11569.17
2024-05-10,10218.58,11503.98
2024-05-13,10055.98,11294.03
2024-05-14,10173.42,11480.55
2024-05-15,10158.63,11466.02
2024-05-16,10319.96,11641.98
2024-05-17,10643.58,12015.53
2024-05-20,10739.57,12174.79
2024-05-21,10895.25,12587.31
2024-05-22,10899.28,12528.12
2024-05-23,10792.53,12372.4
2024-05-24,10676.65,12246.75
2024-05-27,10656.96,12241.82
2024-05-28,10677.49,12337.63
2024-05-29,10479.16,12101.35
2024-05-30,10481.3,12104.35
2024-05-31,10400.48,11983.6
2024-06-03,10556.8,12130.98
2024-06-04,10364.56,11891.75
2024-06-05,10350.96,11779.55
2024-06-06,10279.69,11698.05
2024-06-07,10138.97,11472.07
2024-06-10,9997.91,11290.76
2024-06-11,10051.37,11467.26
2024-06-12,10165.52,11591.01
2024-06-13,10391.89,11774.78
2024-06-14,10471.32,11745.79
2024-06-17,,
2024-06-18,,
2024-06-19,,
2024-06-20,10739.94,12058.66
2024-06-21,10771.36,12175.75
2024-06-24,10767.85,12186.26
2024-06-25,10679.98,12004.58
2024-06-26,10486.7,11859.13
2024-06-27,10680.91,12149.53
2024-06-28,10647.91,12089.04
2024-07-01,10343.31,11699.13
2024-07-02,10446.24,11870.47
2024-07-03,10682.15,12244.37
2024-07-04,10872.56,12439.05
2024-07-05,10851.78,12380.73
2024-07-08,10864.08,12390.82
2024-07-09,10796.57,12253.82
2024-07-10,10743.3,12163.65
2024-07-11,11024.33,12538.09
2024-07-12,11064.85,12631.68
2024-07-15,,
2024-07-16,11139.34,12784.87
2024-07-17,11134.08,12757.27
2024-07-18,11139.46,12739.99
2024-07-19,11156.2,12758.97
2024-07-22,11172.75,12717.19
2024-07-23,11089.53,12593.94
2024-07-24,10991.57,12440.39
2024-07-25,10871.48,12271.37
2024-07-26,10891.42,12293.58
2024-07-29,10733.75,12109.33
2024-07-30,10691.68,11912.67
2024-07-31,10638.58,11865.36
2024-08-01,10798.09,12139.83
2024-08-02,10473.47,11750.16
2024-08-05,9893.41,11110.46
2024-08-06,9881.23,10986.07
2024-08-07,10024.31,11083.7
2024-08-08,10098.5,11138.07
2024-08-09,9907.38,10789.8
2024-08-12,9828.56,10748.21
2024-08-13,9920.61,10876.1
2024-08-14,9830.94,10793.87
2024-08-15,9982.98,11044.37
2024-08-16,9821.96,10835.25
2024-08-19,10054.2,11106.29
2024-08-20,9982.28,11087.35
2024-08-21,9904.79,11054.63
2024-08-22,9921.4,11142.15
2024-08-23,9668.1,10820.52
2024-08-26,9565.76,10779.2
2024-08-27,9748.75,10912.49
2024-08-28,9757.16,10879.57
2024-08-29,9833.22,10970.93
2024-08-30,,
2024-09-02,10110.18,11346.89
2024-09-03,10021.8,11316.62
2024-09-04,9984.93,11333.62
2024-09-05,9936.76,11288.3
2024-09-06,9771.16,11098.73
2024-09-09,9699.56,10953.07
2024-09-10,9624.04,10819.86
2024-09-11,9419.66,10551.31
2024-09-12,9521.04,10702.98
2024-09-13,9685.49,10813.17
2024-09-16,9577.46,10719.39
2024-09-17,9758.14,10916.06
2024-09-18,9774.49,10984.44
2024-09-19,9975.61,11281.52
2024-09-20,9900.25,11283.77
2024-09-23,9887.75,11311.23
2024-09-24,10029.73,11544.17
2024-09-25,9891.0,11451.91
2024-09-26,9829.19,11404.77
2024-09-27,9777.46,11425.56
2024-09-30,9665.78,11318.83
2024-10-01,9351.22,10866.13
2024-10-02,9012.87,10321.39
2024-10-03,8898.23,10142.56
2024-10-04,9109.34,10451.6
2024-10-07,9031.64,10408.51
2024-10-08,9044.89,10440.47
2024-10-09,9132.3,10555.66
2024-10-10,8964.1,10389.16
2024-10-11,8876.22,10277.1
2024-10-14,8699.19,10058.77
2024-10-15,8860.3,10266.84
2024-10-16,8956.03,10365.48
2024-10-17,9002.34,10370.03
2024-10-18,8793.61,10014.44
2024-10-21,8654.39,9783.96
2024-10-22,8838.6,10001.02
2024-10-23,8714.69,9845.33
2024-10-24,8872.85,10001.87
2024-10-25,8908.47,10055.09
2024-10-28,8945.8,10087.85
2024-10-29,,
2024-10-30,9006.55,10188.36
2024-10-31,8863.88,10073.15
2024-11-01,8885.0,10051.2
2024-11-04,8663.88,9734.12
2024-11-05,8618.57,9659.68
2024-11-06,8862.32,9878.64
2024-11-07,8946.13,9944.46
2024-11-08,9184.82,10273.31
2024-11-11,9276.78,10483.71
2024-11-12,9226.86,10485.03
2024-11-13,9300.3,10662.54
2024-11-14,9420.42,10823.44
2024-11-15,9389.62,10809.12
2024-11-18,9395.39,10859.04
2024-11-19,9232.9,10696.29
2024-11-20,9031.82,10511.77
2024-11-21,9367.77,11024.94
2024-11-22,9549.89,11342.83
2024-11-25,9659.96,11352.77
2024-11-26,9636.12,11374.5
2024-11-27,9639.77,11434.91
2024-11-28,9640.08,11469.07
2024-11-29,9652.0,11522.08
2024-12-02,9681.11,11485.83
2024-12-03,9827.23,11738.21
2024-12-04,9886.05,11749.35
2024-12-05,9935.96,11788.97
2024-12-06,10081.0,12013.45
2024-12-09,10257.39,12200.6
2024-12-10,10099.03,11953.07
2024-12-11,10058.47,11865.02
2024-12-12,10058.63,11874.93
2024-12-13,10125.46,11962.73
2024-12-16,9997.66,11833.05
2024-12-17,10011.27,11868.09
2024-12-18,9915.76,11808.85
2024-12-19,9765.12,11598.57
2024-12-20,9724.5,11558.24
2024-12-23,9626.56,11423.37
2024-12-24,9672.75,11500.21
2024-12-25,9916.22,11906.4
2024-12-26,9949.01,11896.82
2024-12-27,10025.47,11976.5
2024-12-30,9889.71,11841.84
2024-12-31,9830.56,11758.05
2025-01-01,,
2025-01-02,9961.34,11977.98
2025-01-03,10075.17,12037.91
2025-01-06,10085.5,12092.74
2025-01-07,9972.03,11940.01
2025-01-08,9890.76,11830.89
2025-01-09,10000.72,12044.49
2025-01-10,9910.61,11891.62
2025-01-13,9733.17,11640.27
2025-01-14,9715.86,11633.42
2025-01-15,9739.72,11626.09
2025-01-16,9866.73,11793.35
2025-01-17,9977.94,11989.83
2025-01-20,10029.31,12062.82
2025-01-21,9999.55,12097.62
2025-01-22,10105.37,12256.98
2025-01-23,10112.76,12181.84
2025-01-24,10104.85,12119.31
2025-01-27,9997.85,12013.64
2025-01-28,10121.77,12125.86
2025-01-29,10076.99,11979.33
2025-01-30,10082.1,11931.64
2025-01-31,10004.38,11768.79
2025-02-03,9774.4,11452.82
2025-02-04,9807.1,11587.09
2025-02-05,9719.81,11431.76
2025-02-06,9842.15,11528.1
2025-02-07,9951.65,11575.28
2025-02-10,9845.85,11493.11
2025-02-11,9882.79,11517.94
2025-02-12,9779.57,11428.78
2025-02-13,9914.68,11595.82
2025-02-14,9877.59,11609.31
2025-02-17,9836.49,11576.81
2025-02-18,9916.89,11636.82
2025-02-19,9763.67,11485.31
2025-02-20,9807.5,11647.35
2025-02-21,9602.16,11485.05
2025-02-24,9574.83,11450.62
2025-02-25,9451.58,11432.17
2025-02-26,9573.21,11580.02
2025-02-27,9741.07,11743.13
2025-02-28,9658.72,11718.55
2025-03-03,9911.07,12119.64
2025-03-04,9898.01,12118.92
2025-03-05,10188.85,12355.57
2025-03-06,10459.08,12500.26
2025-03-07,10507.11,12621.59
2025-03-10,10422.24,12601.33
2025-03-11,10438.33,12515.97
2025-03-12,10580.26,12775.3
2025-03-13,10727.58,12943.69
2025-03-14,10840.59,13085.81
2025-03-17,10862.14,13161.41
2025-03-18,10802.23,13037.52
2025-03-19,9860.29,11858.36
2025-03-20,9810.94,11454.91
2025-03-21,9044.64,10546.27
2025-03-24,9299.36,10759.43
2025-03-25,9715.58,11290.22
2025-03-26,9649.53,11187.72
2025-03-27,9612.84,11156.75
2025-03-28,9659.48,11148.77
2025-03-31,,
2025-04-01,,
2025-04-02,9523.31,11092.17
2025-04-03,9484.26,11074.06
2025-04-04,9379.83,11010.44
2025-04-07,9407.17,11023.24
2025-04-08,9477.14,11083.88
2025-04-09,9275.5,10823.29
2025-04-10,9338.58,10836.05
2025-04-11,9380.95,10903.78
2025-04-14,9423.62,10943.95
2025-04-15,9393.79,10877.04
2025-04-16,9266.09,10699.29
2025-04-17,9396.02,10827.15
2025-04-18,9317.24,10630.73
2025-04-21,9321.64,10704.17
2025-04-22,9312.13,10675.38
2025-04-23,,
2025-04-24,9490.9,10933.53
2025-04-25,9432.55,10864.77
2025-04-28,9306.96,10690.93
2025-04-29,9224.84,10630.76
2025-04-30,9078.43,10587.0
2025-05-01,,
2025-05-02,9167.58,10720.19
2025-05-05,9112.19,10637.76
2025-05-06,9134.68,10703.62
2025-05-07,9074.62,10640.72
2025-05-08,9279.21,10760.29
2025-05-09,9390.51,10861.1
2025-05-12,9747.07,11282.88
2025-05-13,9700.17,11301.72
2025-05-14,9701.55,11366.76
2025-05-15,9541.3,11219.08
2025-05-16,9668.36,11459.32
2025-05-19,,
2025-05-20,9514.01,11421.42
2025-05-21,9398.93,11312.74
2025-05-22,9475.21,11380.78
2025-05-23,9356.04,11216.82
2025-05-26,9345.15,11155.43
2025-05-27,9213.58,11009.57
2025-05-28,9177.7,11037.57
2025-05-29,9170.56,11090.36
2025-05-30,9019.57,10937.05
2025-06-02,9008.87,10948.25
2025-06-03,9277.01,11348.54
2025-06-04,9474.96,11482.6
2025-06-05,9486.56,11482.34
2025-06-06,,
2025-06-09,,
2025-06-10,9659.31,11857.67
2025-06-11,9686.11,11890.13
2025-06-12,9520.22,11685.8
2025-06-13,9311.88,11508.65
2025-06-16,9350.01,11664.15
2025-06-17,9339.59,11569.93
2025-06-18,9196.13,11458.29
2025-06-19,9102.02,11303.37
2025-06-20,9203.37,11443.5
2025-06-23,9141.31,11460.63
2025-06-24,9448.9,11901.37
2025-06-25,9418.52,11970.8
2025-06-26,9301.05,11910.42
2025-06-27,9404.89,12067.17
2025-06-30,9948.51,12814.56
2025-07-01,10080.35,12996.24
2025-07-02,10189.02,13119.2
2025-07-03,10228.39,13122.11
2025-07-04,10275.75,13204.76
2025-07-07,10107.68,13004.13
2025-07-08,9998.2,13029.5
2025-07-09,10167.26,13280.64
2025-07-10,10331.31,13468.22
2025-07-11,10358.46,13524.33
2025-07-14,10225.48,13283.39
2025-07-15,,
2025-07-16,10121.52,13127.7
2025-07-17,10370.71,13562.83
2025-07-18,10366.16,13554.02
2025-07-21,10616.18,13861.11
2025-07-22,10616.09,13838.23
2025-07-23,10591.98,13727.91
2025-07-24,10689.05,13842.77
2025-07-25,10642.6,13806.06
2025-07-28,10542.09,13722.85
2025-07-29,10487.25,13765.73
2025-07-30,10618.97,13907.12
2025-07-31,10743.2,14112.88
2025-08-01,10746.98,14151.27
2025-08-04,10853.49,14304.14
2025-08-05,10849.96,14322.02
2025-08-06,10901.01,14331.29
2025-08-07,10956.05,14497.31
2025-08-08,10972.63,14434.92
2025-08-11,11038.32,14569.9
2025-08-12,10954.5,14564.46
2025-08-13,10949.95,14561.46
2025-08-14,10824.55,14392.6
2025-08-15,10870.57,14434.16
2025-08-18,10929.77,14475.1
2025-08-19,10962.02,14584.22
2025-08-20,11134.73,14788.65
2025-08-21,11313.9,15014.59
2025-08-22,11372.33,15126.47
2025-08-25,11477.8,15233.21
2025-08-26,11529.81,15269.65
2025-08-27,11359.01,15059.4
2025-08-28,11368.78,15116.46
2025-08-29,11288.05,14973.86
2025-09-01,11279.95,15108.39
2025-09-02,10877.52,14547.84
2025-09-03,10737.68,14163.64
2025-09-04,10828.93,14423.86
2025-09-05,10729.49,14378.86
2025-09-08,10449.36,14070.9
2025-09-09,10486.09,14153.07
2025-09-10,10586.32,14234.84
2025-09-11,10382.89,13864.38
2025-09-12,10372.04,13889.84
2025-09-15,11000.26,14733.4
2025-09-16,11182.96,14965.81
2025-09-17,11165.85,14996.21
2025-09-18,11048.11,14805.82
2025-09-19,11294.48,15092.27
2025-09-22,11468.07,15250.95
2025-09-23,11331.75,15005.43
2025-09-24,11366.93,15019.93
2025-09-25,11377.55,15068.86
2025-09-26,11151.2,14809.43
2025-09-29,11048.13,14682.57
2025-09-30,11012.12,14684.39
2025-10-01,11220.22,15025.51
2025-10-02,11082.63,14722.65
2025-10-03,10858.52,14352.09
2025-10-06,10734.87,14176.2
2025-10-07,10814.11,14322.62
2025-10-08,10756.27,14314.8
2025-10-09,10726.98,14310.72
2025-10-10,10720.36,14416.48
2025-10-13,10556.18,14255.21
2025-10-14,10316.4,13992.04
2025-10-15,10464.48,14162.86
2025-10-16,10370.78,14100.85
2025-10-17,10208.76,13918.98
2025-10-20,10484.39,14339.05
2025-10-21,10467.2,14548.74
2025-10-22,10551.34,14717.72
2025-10-23,10608.26,14766.36
2025-10-24,10941.79,15285.58
2025-10-27,10853.43,15116.13
2025-10-28,10871.08,15177.86
2025-10-29,,
2025-10-30,10837.3,15337.83
2025-10-31,10971.52,15617.7
2025-11-03,11060.39,15795.91
2025-11-04,10914.1,15734.45
2025-11-05,10970.37,15756.7
2025-11-06,11073.27,15953.14
2025-11-07,10924.53,15631.67
2025-11-10,10789.03,15543.35
2025-11-11,10576.45,15281.88
2025-11-12,10640.86,15271.68
2025-11-13,10628.63,15234.41
2025-11-14,10565.74,15180.69
2025-11-17,10698.13,15335.69
2025-11-18,10728.6,15406.87
2025-11-19,10903.91,15663.51
2025-11-20,10979.73,15738.83
2025-11-21,10922.86,15702.24
2025-11-24,10888.02,15904.48
2025-11-25,10857.17,15858.25
2025-11-26,10914.65,15772.8
2025-11-27,10945.49,15796.24
2025-11-28,10898.7,15843.7
2025-12-01,11116.45,16192.33
2025-12-02,11123.47,16170.86
2025-12-03,11036.82,16225.48
2025-12-04,10918.51,15979.47
2025-12-05,11007.37,16137.86
2025-12-08,11189.5,16381.39
2025-12-09,11238.36,16480.07
2025-12-10,11193.88,16334.15
2025-12-11,11233.66,16348.8
2025-12-12,11311.31,16535.01
2025-12-15,11456.34,16624.1
2025-12-16,11348.83,16559.1
2025-12-17,11286.81,16589.03
2025-12-18,11335.05,16659.23
2025-12-19,11341.9,16735.39
2025-12-22,11311.06,16709.34
2025-12-23,11290.36,16686.54
2025-12-24,11340.1,16703.91
2025-12-25,11336.18,16709.18
2025-12-26,11294.37,16594.04
2025-12-29,11150.9,16569.67
2025-12-30,11220.17,16416.72
2025-12-31,11261.52,16355.07
2026-01-01,,
2026-01-02,11498.38,16760.87
2026-01-05,11702.0,16989.23
2026-01-06,12023.78,17296.36
2026-01-07,12028.84,17121.41
2026-01-08,12087.97,17202.02
2026-01-09,12200.95,17355.42
2026-01-12,12254.83,17306.61
2026-01-13,12385.61,17282.29
2026-01-14,12369.89,17234.21
2026-01-15,12456.69,17173.09
2026-01-16,12668.52,17297.8
2026-01-19,12747.88,17591.45
2026-01-20,12805.81,17662.53
2026-01-21,12728.18,17874.36
2026-01-22,12851.49,17823.98
2026-01-23,12992.71,18014.24
2026-01-26,13177.32,18006.44
2026-01-27,13106.99,18053.34
2026-01-28,13407.44,18544.91
2026-01-29,13831.09,19149.97
2026-01-30,13838.29,19519.72
2026-02-02,13620.95,19308.97
2026-02-03,13875.32,19598.16
2026-02-04,13891.21,19587.37
2026-02-05,13589.14,19173.86
2026-02-06,13521.96,19009.55
2026-02-09,13838.38,19455.21
2026-02-10,13797.04,19421.25
2026-02-11,13787.82,19293.54
2026-02-12,14180.48,19883.29
2026-02-13,14180.69,19763.69
2026-02-16,14339.3,20088.36
2026-02-17,14227.29,20152.73
2026-02-18,14259.9,20168.26
2026-02-19,13804.21,19366.81
2026-02-20,13934.06,19532.75
2026-02-23,14061.71,19856.26
2026-02-24,14050.83,19968.0
2026-02-25,13809.88,19516.25
2026-02-26,13878.54,19606.18
2026-02-27,13717.81,19202.05
2026-03-02,13346.43,18292.27
2026-03-03,12933.4,17797.7
2026-03-04,12943.19,17902.09
2026-03-05,13078.93,18116.74
2026-03-06,12792.81,17685.73
2026-03-09,12702.0,17620.39
2026-03-10,13175.74,18239.56
2026-03-11,13200.38,18307.92
2026-03-12,13286.12,18260.59
2026-03-13,13092.93,17940.42
2026-03-16,12956.72,17851.03
2026-03-17,13217.6,18225.72
2026-03-18,13115.13,18080.87
2026-03-19,13047.72,18016.99
2026-03-20,,
2026-03-23,13168.16,18146.02
2026-03-24,12930.16,17843.53
2026-03-25,12963.87,18037.72
2026-03-26,12727.06,17725.54
2026-03-27,12698.19,17723.75
2026-03-30,12626.35,17622.64
2026-03-31,12790.98,17824.04
2026-04-01,12937.87,18133.51
2026-04-02,13051.69,18142.95
2026-04-03,12936.35,18089.41
2026-04-06,13112.31,18361.74
2026-04-07,12921.56,17983.35
2026-04-08,13536.84,18940.98
2026-04-09,13689.0,19028.88
2026-04-10,14073.79,19502.42
2026-04-13,14058.51,19322.08
2026-04-14,14202.24,19527.44
2026-04-15,14252.38,19556.21
2026-04-16,14201.05,19524.18
2026-04-17,14587.93,20325.79
2026-04-20,14484.91,20113.37
2026-04-21,14375.4,20025.39
2026-04-22,14335.49,19919.21
2026-04-23,,
2026-04-24,14409.07,19927.89
2026-04-27,14594.01,20055.79
2026-04-28,14329.34,19735.62
2026-04-29,14311.19,19507.02
2026-04-30,14442.56,19786.07
2026-05-01,,
2026-05-04,14369.61,19523.24
2026-05-05,14495.77,19708.84
2026-05-06,14917.43,20245.21
2026-05-07,15040.25,20528.72
2026-05-08,15062.65,20424.11
2026-05-11,15133.54,20483.55
2026-05-12,14779.93,19994.9
2026-05-13,14598.47,19610.05
2026-05-14,14644.7,19485.11
2026-05-15,14367.6,19099.28
2026-05-18,14029.54,18805.15
2026-05-19,,
2026-05-20,14012.01,18631.25
2026-05-21,13163.88,17414.19
2026-05-22,13808.2,18098.35
2026-05-25,13890.91,18384.73
2026-05-26,13662.75,18340.07
2026-05-27,,
2026-05-28,,
2026-05-29,,
2026-06-01,13703.96,18185.08
2026-06-02,14200.2,18727.04
2026-06-03,13965.65,18610.29
2026-06-04,13872.25,18899.32
2026-06-05,13694.19,18636.15
2026-06-08,13860.59,19071.14
2026-06-09,13741.89,19122.28
2026-06-10,13744.64,19062.22
2026-06-11,13743.5,19171.07
2026-06-12,13938.48,19643.91
2026-06-15,14446.42,20448.18
2026-06-16,14493.09,20437.41
2026-06-17,14421.15,20469.19
2026-06-18,14827.35,21127.36
2026-06-19,14734.5,21128.99
2026-06-22,14729.65,21226.37
2026-06-23,14539.61,21022.76
2026-06-24,14331.21,20961.88
2026-06-25,14259.75,20664.21
2026-06-26,14274.02,20811.92
2026-06-29,14183.21,20849.67
2026-06-30,14121.83,20995.1
2026-07-01,14350.6,21224.9
2026-07-02,14455.03,21288.18
2026-07-03,14417.91,20828.34
2026-07-06,14424.54,20578.34
2026-07-07,14497.37,20873.47
2026-07-08,14189.96,20454.08
2026-07-09,14105.44,20453.32
2026-07-10,14321.19,20533.77
2026-07-13,14092.02,20118.6
2026-07-14,14079.97,19999.15
2026-07-15,,
2026-07-16,14251.29,19977.13
2026-07-17,13981.05,19512.42
2026-07-20,14070.98,19322.75
2026-07-21,13974.14,19065.66
2026-07-22,14138.85,19229.44
2026-07-23,14077.67,19083.03
2026-07-24,13943.87,18911.72
2026-07-27,13774.77,18774.7
2026-07-28,13687.86,18559.02
2026-07-29,13501.55,18386.16
2026-07-30,13292.93,18266.68
2026-07-31,13458.1,18526.97
2026-08-03,13410.54,18644.93
2026-08-04,13687.93,18982.99
2026-08-05,13703.13,18939.24
2026-08-06,13798.82,18836.23
2026-08-07,13779.39,18853.52
2026-08-10,13811.6,18818.75
2026-08-11,13704.52,18744.23
2026-08-12,14110.14,19161.69
2026-08-13,14132.23,19133.33
2026-08-14,14172.26,19228.55
2026-08-17,14132.06,19153.91
2026-08-18,14127.98,19142.93
2026-08-19,14458.98,19472.1
