dt,AB_A01,AB_A02,AB_A03,AB_A05,AB_A06,AB_A15,AB_A16,AB_A17,UNIXTIME
1980-12-01,,,,,,,,,"{""numberLong"":""344473200""}"
1980-12-02,,,,,,,,,"{""numberLong"":""344559600""}"
1980-12-03,,,,,,,,,"{""numberLong"":""344646000""}"
1980-12-04,,,,,,,,,"{""numberLong"":""344732400""}"
1980-12-05,,,,,,,,,"{""numberLong"":""344818800""}"
1980-12-08,,,,,,,,,"{""numberLong"":""345078000""}"
1980-12-09,,,,,,,,,"{""numberLong"":""345164400""}"
1980-12-10,,,,,,,,,"{""numberLong"":""345250800""}"
1980-12-11,,,,,,,,,"{""numberLong"":""345337200""}"
1980-12-12,,,,,,,,,"{""numberLong"":""345423600""}"
1980-12-15,,,,,,,,,"{""numberLong"":""345682800""}"
1980-12-16,,,,,,,,,"{""numberLong"":""345769200""}"
1980-12-17,,,,,,,,,"{""numberLong"":""345855600""}"
1980-12-18,,,,,,,,,"{""numberLong"":""345942000""}"
1980-12-19,,,,,,,,,"{""numberLong"":""346028400""}"
1980-12-22,,,,,,,,,"{""numberLong"":""346287600""}"
1980-12-23,,,,,,,,,"{""numberLong"":""346374000""}"
1980-12-24,,,,,,,,,"{""numberLong"":""346460400""}"
1980-12-25,,,,,,,,,"{""numberLong"":""346546800""}"
1980-12-26,1504.7,184.1,1320.6,617.3,281.3,564.2,506.2,265.6,"{""numberLong"":""346633200""}"
1980-12-29,,,,,,,,,"{""numberLong"":""346892400""}"
1980-12-30,,,,,,,,,"{""numberLong"":""346978800""}"
1980-12-31,,,,,,,,,"{""numberLong"":""347065200""}"
1981-01-01,,,,,,,,,"{""numberLong"":""347151600""}"
1981-01-02,,,,,,,,,"{""numberLong"":""347238000""}"
1981-01-05,,,,,,,,,"{""numberLong"":""347497200""}"
1981-01-06,,,,,,,,,"{""numberLong"":""347583600""}"
1981-01-07,,,,,,,,,"{""numberLong"":""347670000""}"
1981-01-08,,,,,,,,,"{""numberLong"":""347756400""}"
1981-01-09,,,,,,,,,"{""numberLong"":""347842800""}"
1981-01-12,,,,,,,,,"{""numberLong"":""348102000""}"
1981-01-13,,,,,,,,,"{""numberLong"":""348188400""}"
1981-01-14,,,,,,,,,"{""numberLong"":""348274800""}"
1981-01-15,,,,,,,,,"{""numberLong"":""348361200""}"
1981-01-16,,,,,,,,,"{""numberLong"":""348447600""}"
1981-01-19,,,,,,,,,"{""numberLong"":""348706800""}"
1981-01-20,,,,,,,,,"{""numberLong"":""348793200""}"
1981-01-21,,,,,,,,,"{""numberLong"":""348879600""}"
1981-01-22,,,,,,,,,"{""numberLong"":""348966000""}"
1981-01-23,,,,,,,,,"{""numberLong"":""349052400""}"
1981-01-26,,,,,,,,,"{""numberLong"":""349311600""}"
1981-01-27,,,,,,,,,"{""numberLong"":""349398000""}"
1981-01-28,,,,,,,,,"{""numberLong"":""349484400""}"
1981-01-29,,,,,,,,,"{""numberLong"":""349570800""}"
1981-01-30,,,,,,,,,"{""numberLong"":""349657200""}"
1981-02-02,,,,,,,,,"{""numberLong"":""349916400""}"
1981-02-03,,,,,,,,,"{""numberLong"":""350002800""}"
1981-02-04,,,,,,,,,"{""numberLong"":""350089200""}"
1981-02-05,,,,,,,,,"{""numberLong"":""350175600""}"
1981-02-06,,,,,,,,,"{""numberLong"":""350262000""}"
1981-02-09,,,,,,,,,"{""numberLong"":""350521200""}"
1981-02-10,,,,,,,,,"{""numberLong"":""350607600""}"
1981-02-11,,,,,,,,,"{""numberLong"":""350694000""}"
1981-02-12,,,,,,,,,"{""numberLong"":""350780400""}"
1981-02-13,,,,,,,,,"{""numberLong"":""350866800""}"
1981-02-16,,,,,,,,,"{""numberLong"":""351126000""}"
1981-02-17,,,,,,,,,"{""numberLong"":""351212400""}"
1981-02-18,,,,,,,,,"{""numberLong"":""351298800""}"
1981-02-19,,,,,,,,,"{""numberLong"":""351385200""}"
1981-02-20,,,,,,,,,"{""numberLong"":""351471600""}"
1981-02-23,,,,,,,,,"{""numberLong"":""351730800""}"
1981-02-24,,,,,,,,,"{""numberLong"":""351817200""}"
1981-02-25,,,,,,,,,"{""numberLong"":""351903600""}"
1981-02-26,,,,,,,,,"{""numberLong"":""351990000""}"
1981-02-27,,,,,,,,,"{""numberLong"":""352076400""}"
1981-03-02,,,,,,,,,"{""numberLong"":""352335600""}"
1981-03-03,,,,,,,,,"{""numberLong"":""352422000""}"
1981-03-04,,,,,,,,,"{""numberLong"":""352508400""}"
1981-03-05,,,,,,,,,"{""numberLong"":""352594800""}"
1981-03-06,,,,,,,,,"{""numberLong"":""352681200""}"
1981-03-09,,,,,,,,,"{""numberLong"":""352940400""}"
1981-03-10,,,,,,,,,"{""numberLong"":""353026800""}"
1981-03-11,,,,,,,,,"{""numberLong"":""353113200""}"
1981-03-12,,,,,,,,,"{""numberLong"":""353199600""}"
1981-03-13,,,,,,,,,"{""numberLong"":""353286000""}"
1981-03-16,,,,,,,,,"{""numberLong"":""353545200""}"
1981-03-17,,,,,,,,,"{""numberLong"":""353631600""}"
1981-03-18,,,,,,,,,"{""numberLong"":""353718000""}"
1981-03-19,,,,,,,,,"{""numberLong"":""353804400""}"
1981-03-20,,,,,,,,,"{""numberLong"":""353890800""}"
1981-03-23,,,,,,,,,"{""numberLong"":""354150000""}"
1981-03-24,,,,,,,,,"{""numberLong"":""354236400""}"
1981-03-25,,,,,,,,,"{""numberLong"":""354322800""}"
1981-03-26,,,,,,,,,"{""numberLong"":""354409200""}"
1981-03-27,,,,,,,,,"{""numberLong"":""354495600""}"
1981-03-30,,,,,,,,,"{""numberLong"":""354751200""}"
1981-03-31,,,,,,,,,"{""numberLong"":""354837600""}"
1981-04-01,,,,,,,,,"{""numberLong"":""354924000""}"
1981-04-02,,,,,,,,,"{""numberLong"":""355010400""}"
1981-04-03,,,,,,,,,"{""numberLong"":""355096800""}"
1981-04-06,,,,,,,,,"{""numberLong"":""355356000""}"
1981-04-07,,,,,,,,,"{""numberLong"":""355442400""}"
1981-04-08,,,,,,,,,"{""numberLong"":""355528800""}"
1981-04-09,,,,,,,,,"{""numberLong"":""355615200""}"
1981-04-10,,,,,,,,,"{""numberLong"":""355701600""}"
1981-04-13,,,,,,,,,"{""numberLong"":""355960800""}"
1981-04-14,,,,,,,,,"{""numberLong"":""356047200""}"
1981-04-15,,,,,,,,,"{""numberLong"":""356133600""}"
1981-04-16,,,,,,,,,"{""numberLong"":""356220000""}"
1981-04-17,,,,,,,,,"{""numberLong"":""356306400""}"
1981-04-20,,,,,,,,,"{""numberLong"":""356565600""}"
1981-04-21,,,,,,,,,"{""numberLong"":""356652000""}"
1981-04-22,,,,,,,,,"{""numberLong"":""356738400""}"
1981-04-23,,,,,,,,,"{""numberLong"":""356824800""}"
1981-04-24,,,,,,,,,"{""numberLong"":""356911200""}"
1981-04-27,,,,,,,,,"{""numberLong"":""357170400""}"
1981-04-28,,,,,,,,,"{""numberLong"":""357256800""}"
1981-04-29,,,,,,,,,"{""numberLong"":""357343200""}"
1981-04-30,,,,,,,,,"{""numberLong"":""357429600""}"
1981-05-01,,,,,,,,,"{""numberLong"":""357516000""}"
1981-05-04,,,,,,,,,"{""numberLong"":""357775200""}"
1981-05-05,,,,,,,,,"{""numberLong"":""357861600""}"
1981-05-06,,,,,,,,,"{""numberLong"":""357948000""}"
1981-05-07,,,,,,,,,"{""numberLong"":""358034400""}"
1981-05-08,,,,,,,,,"{""numberLong"":""358120800""}"
1981-05-11,,,,,,,,,"{""numberLong"":""358380000""}"
1981-05-12,,,,,,,,,"{""numberLong"":""358466400""}"
1981-05-13,,,,,,,,,"{""numberLong"":""358552800""}"
1981-05-14,,,,,,,,,"{""numberLong"":""358639200""}"
1981-05-15,,,,,,,,,"{""numberLong"":""358725600""}"
1981-05-18,,,,,,,,,"{""numberLong"":""358984800""}"
1981-05-19,,,,,,,,,"{""numberLong"":""359071200""}"
1981-05-20,,,,,,,,,"{""numberLong"":""359157600""}"
1981-05-21,,,,,,,,,"{""numberLong"":""359244000""}"
1981-05-22,,,,,,,,,"{""numberLong"":""359330400""}"
1981-05-25,,,,,,,,,"{""numberLong"":""359589600""}"
1981-05-26,,,,,,,,,"{""numberLong"":""359676000""}"
1981-05-27,,,,,,,,,"{""numberLong"":""359762400""}"
1981-05-28,,,,,,,,,"{""numberLong"":""359848800""}"
1981-05-29,,,,,,,,,"{""numberLong"":""359935200""}"
1981-06-01,,,,,,,,,"{""numberLong"":""360194400""}"
1981-06-02,,,,,,,,,"{""numberLong"":""360280800""}"
1981-06-03,,,,,,,,,"{""numberLong"":""360367200""}"
1981-06-04,,,,,,,,,"{""numberLong"":""360453600""}"
1981-06-05,,,,,,,,,"{""numberLong"":""360540000""}"
1981-06-08,,,,,,,,,"{""numberLong"":""360799200""}"
1981-06-09,,,,,,,,,"{""numberLong"":""360885600""}"
1981-06-10,,,,,,,,,"{""numberLong"":""360972000""}"
1981-06-11,,,,,,,,,"{""numberLong"":""361058400""}"
1981-06-12,,,,,,,,,"{""numberLong"":""361144800""}"
1981-06-15,,,,,,,,,"{""numberLong"":""361404000""}"
1981-06-16,,,,,,,,,"{""numberLong"":""361490400""}"
1981-06-17,,,,,,,,,"{""numberLong"":""361576800""}"
1981-06-18,,,,,,,,,"{""numberLong"":""361663200""}"
1981-06-19,,,,,,,,,"{""numberLong"":""361749600""}"
1981-06-22,,,,,,,,,"{""numberLong"":""362008800""}"
1981-06-23,,,,,,,,,"{""numberLong"":""362095200""}"
1981-06-24,,,,,,,,,"{""numberLong"":""362181600""}"
1981-06-25,,,,,,,,,"{""numberLong"":""362268000""}"
1981-06-26,,,,,,,,,"{""numberLong"":""362354400""}"
1981-06-29,,,,,,,,,"{""numberLong"":""362613600""}"
1981-06-30,,,,,,,,,"{""numberLong"":""362700000""}"
1981-07-01,,,,,,,,,"{""numberLong"":""362786400""}"
1981-07-02,,,,,,,,,"{""numberLong"":""362872800""}"
1981-07-03,,,,,,,,,"{""numberLong"":""362959200""}"
1981-07-06,,,,,,,,,"{""numberLong"":""363218400""}"
1981-07-07,,,,,,,,,"{""numberLong"":""363304800""}"
1981-07-08,,,,,,,,,"{""numberLong"":""363391200""}"
1981-07-09,,,,,,,,,"{""numberLong"":""363477600""}"
1981-07-10,,,,,,,,,"{""numberLong"":""363564000""}"
1981-07-13,,,,,,,,,"{""numberLong"":""363823200""}"
1981-07-14,,,,,,,,,"{""numberLong"":""363909600""}"
1981-07-15,,,,,,,,,"{""numberLong"":""363996000""}"
1981-07-16,,,,,,,,,"{""numberLong"":""364082400""}"
1981-07-17,,,,,,,,,"{""numberLong"":""364168800""}"
1981-07-20,,,,,,,,,"{""numberLong"":""364428000""}"
1981-07-21,,,,,,,,,"{""numberLong"":""364514400""}"
1981-07-22,,,,,,,,,"{""numberLong"":""364600800""}"
1981-07-23,,,,,,,,,"{""numberLong"":""364687200""}"
1981-07-24,,,,,,,,,"{""numberLong"":""364773600""}"
1981-07-27,,,,,,,,,"{""numberLong"":""365032800""}"
1981-07-28,,,,,,,,,"{""numberLong"":""365119200""}"
1981-07-29,,,,,,,,,"{""numberLong"":""365205600""}"
1981-07-30,,,,,,,,,"{""numberLong"":""365292000""}"
1981-07-31,,,,,,,,,"{""numberLong"":""365378400""}"
1981-08-03,,,,,,,,,"{""numberLong"":""365637600""}"
1981-08-04,,,,,,,,,"{""numberLong"":""365724000""}"
1981-08-05,,,,,,,,,"{""numberLong"":""365810400""}"
1981-08-06,,,,,,,,,"{""numberLong"":""365896800""}"
1981-08-07,,,,,,,,,"{""numberLong"":""365983200""}"
1981-08-10,,,,,,,,,"{""numberLong"":""366242400""}"
1981-08-11,,,,,,,,,"{""numberLong"":""366328800""}"
1981-08-12,,,,,,,,,"{""numberLong"":""366415200""}"
1981-08-13,,,,,,,,,"{""numberLong"":""366501600""}"
1981-08-14,,,,,,,,,"{""numberLong"":""366588000""}"
1981-08-17,,,,,,,,,"{""numberLong"":""366847200""}"
1981-08-18,,,,,,,,,"{""numberLong"":""366933600""}"
1981-08-19,,,,,,,,,"{""numberLong"":""367020000""}"
1981-08-20,,,,,,,,,"{""numberLong"":""367106400""}"
1981-08-21,,,,,,,,,"{""numberLong"":""367192800""}"
1981-08-24,,,,,,,,,"{""numberLong"":""367452000""}"
1981-08-25,,,,,,,,,"{""numberLong"":""367538400""}"
1981-08-26,,,,,,,,,"{""numberLong"":""367624800""}"
1981-08-27,,,,,,,,,"{""numberLong"":""367711200""}"
1981-08-28,,,,,,,,,"{""numberLong"":""367797600""}"
1981-08-31,,,,,,,,,"{""numberLong"":""368056800""}"
1981-09-01,,,,,,,,,"{""numberLong"":""368143200""}"
1981-09-02,,,,,,,,,"{""numberLong"":""368229600""}"
1981-09-03,,,,,,,,,"{""numberLong"":""368316000""}"
1981-09-04,,,,,,,,,"{""numberLong"":""368402400""}"
1981-09-07,,,,,,,,,"{""numberLong"":""368661600""}"
1981-09-08,,,,,,,,,"{""numberLong"":""368748000""}"
1981-09-09,,,,,,,,,"{""numberLong"":""368834400""}"
1981-09-10,,,,,,,,,"{""numberLong"":""368920800""}"
1981-09-11,,,,,,,,,"{""numberLong"":""369007200""}"
1981-09-14,,,,,,,,,"{""numberLong"":""369266400""}"
1981-09-15,,,,,,,,,"{""numberLong"":""369352800""}"
1981-09-16,,,,,,,,,"{""numberLong"":""369439200""}"
1981-09-17,,,,,,,,,"{""numberLong"":""369525600""}"
1981-09-18,,,,,,,,,"{""numberLong"":""369612000""}"
1981-09-21,,,,,,,,,"{""numberLong"":""369871200""}"
1981-09-22,,,,,,,,,"{""numberLong"":""369957600""}"
1981-09-23,,,,,,,,,"{""numberLong"":""370044000""}"
1981-09-24,,,,,,,,,"{""numberLong"":""370130400""}"
1981-09-25,,,,,,,,,"{""numberLong"":""370216800""}"
1981-09-28,,,,,,,,,"{""numberLong"":""370479600""}"
1981-09-29,,,,,,,,,"{""numberLong"":""370566000""}"
1981-09-30,,,,,,,,,"{""numberLong"":""370652400""}"
1981-10-01,,,,,,,,,"{""numberLong"":""370738800""}"
1981-10-02,,,,,,,,,"{""numberLong"":""370825200""}"
1981-10-05,,,,,,,,,"{""numberLong"":""371084400""}"
1981-10-06,,,,,,,,,"{""numberLong"":""371170800""}"
1981-10-07,,,,,,,,,"{""numberLong"":""371257200""}"
1981-10-08,,,,,,,,,"{""numberLong"":""371343600""}"
1981-10-09,,,,,,,,,"{""numberLong"":""371430000""}"
1981-10-12,,,,,,,,,"{""numberLong"":""371689200""}"
1981-10-13,,,,,,,,,"{""numberLong"":""371775600""}"
1981-10-14,,,,,,,,,"{""numberLong"":""371862000""}"
1981-10-15,,,,,,,,,"{""numberLong"":""371948400""}"
1981-10-16,,,,,,,,,"{""numberLong"":""372034800""}"
1981-10-19,,,,,,,,,"{""numberLong"":""372294000""}"
1981-10-20,,,,,,,,,"{""numberLong"":""372380400""}"
1981-10-21,,,,,,,,,"{""numberLong"":""372466800""}"
1981-10-22,,,,,,,,,"{""numberLong"":""372553200""}"
1981-10-23,,,,,,,,,"{""numberLong"":""372639600""}"
1981-10-26,,,,,,,,,"{""numberLong"":""372898800""}"
1981-10-27,,,,,,,,,"{""numberLong"":""372985200""}"
1981-10-28,,,,,,,,,"{""numberLong"":""373071600""}"
1981-10-29,,,,,,,,,"{""numberLong"":""373158000""}"
1981-10-30,,,,,,,,,"{""numberLong"":""373244400""}"
1981-11-02,,,,,,,,,"{""numberLong"":""373503600""}"
1981-11-03,,,,,,,,,"{""numberLong"":""373590000""}"
1981-11-04,,,,,,,,,"{""numberLong"":""373676400""}"
1981-11-05,,,,,,,,,"{""numberLong"":""373762800""}"
1981-11-06,,,,,,,,,"{""numberLong"":""373849200""}"
1981-11-09,,,,,,,,,"{""numberLong"":""374108400""}"
1981-11-10,,,,,,,,,"{""numberLong"":""374194800""}"
1981-11-11,,,,,,,,,"{""numberLong"":""374281200""}"
1981-11-12,,,,,,,,,"{""numberLong"":""374367600""}"
1981-11-13,,,,,,,,,"{""numberLong"":""374454000""}"
1981-11-16,,,,,,,,,"{""numberLong"":""374713200""}"
1981-11-17,,,,,,,,,"{""numberLong"":""374799600""}"
1981-11-18,,,,,,,,,"{""numberLong"":""374886000""}"
1981-11-19,,,,,,,,,"{""numberLong"":""374972400""}"
1981-11-20,,,,,,,,,"{""numberLong"":""375058800""}"
1981-11-23,,,,,,,,,"{""numberLong"":""375318000""}"
1981-11-24,,,,,,,,,"{""numberLong"":""375404400""}"
1981-11-25,,,,,,,,,"{""numberLong"":""375490800""}"
1981-11-26,,,,,,,,,"{""numberLong"":""375577200""}"
1981-11-27,,,,,,,,,"{""numberLong"":""375663600""}"
1981-11-30,,,,,,,,,"{""numberLong"":""375922800""}"
1981-12-01,,,,,,,,,"{""numberLong"":""376009200""}"
1981-12-02,,,,,,,,,"{""numberLong"":""376095600""}"
1981-12-03,,,,,,,,,"{""numberLong"":""376182000""}"
1981-12-04,,,,,,,,,"{""numberLong"":""376268400""}"
1981-12-07,,,,,,,,,"{""numberLong"":""376527600""}"
1981-12-08,,,,,,,,,"{""numberLong"":""376614000""}"
1981-12-09,,,,,,,,,"{""numberLong"":""376700400""}"
1981-12-10,,,,,,,,,"{""numberLong"":""376786800""}"
1981-12-11,,,,,,,,,"{""numberLong"":""376873200""}"
1981-12-14,,,,,,,,,"{""numberLong"":""377132400""}"
1981-12-15,,,,,,,,,"{""numberLong"":""377218800""}"
1981-12-16,,,,,,,,,"{""numberLong"":""377305200""}"
1981-12-17,,,,,,,,,"{""numberLong"":""377391600""}"
1981-12-18,,,,,,,,,"{""numberLong"":""377478000""}"
1981-12-21,,,,,,,,,"{""numberLong"":""377737200""}"
1981-12-22,,,,,,,,,"{""numberLong"":""377823600""}"
1981-12-23,,,,,,,,,"{""numberLong"":""377910000""}"
1981-12-24,,,,,,,,,"{""numberLong"":""377996400""}"
1981-12-25,2428.1,250.8,2177.3,1157.0,424.7,1058.0,787.4,354.6,"{""numberLong"":""378082800""}"
1981-12-28,,,,,,,,,"{""numberLong"":""378342000""}"
1981-12-29,,,,,,,,,"{""numberLong"":""378428400""}"
1981-12-30,,,,,,,,,"{""numberLong"":""378514800""}"
1981-12-31,,,,,,,,,"{""numberLong"":""378601200""}"
1982-01-01,,,,,,,,,"{""numberLong"":""378687600""}"
1982-01-04,,,,,,,,,"{""numberLong"":""378946800""}"
1982-01-05,,,,,,,,,"{""numberLong"":""379033200""}"
1982-01-06,,,,,,,,,"{""numberLong"":""379119600""}"
1982-01-07,,,,,,,,,"{""numberLong"":""379206000""}"
1982-01-08,,,,,,,,,"{""numberLong"":""379292400""}"
1982-01-11,,,,,,,,,"{""numberLong"":""379551600""}"
1982-01-12,,,,,,,,,"{""numberLong"":""379638000""}"
1982-01-13,,,,,,,,,"{""numberLong"":""379724400""}"
1982-01-14,,,,,,,,,"{""numberLong"":""379810800""}"
1982-01-15,,,,,,,,,"{""numberLong"":""379897200""}"
1982-01-18,,,,,,,,,"{""numberLong"":""380156400""}"
1982-01-19,,,,,,,,,"{""numberLong"":""380242800""}"
1982-01-20,,,,,,,,,"{""numberLong"":""380329200""}"
1982-01-21,,,,,,,,,"{""numberLong"":""380415600""}"
1982-01-22,,,,,,,,,"{""numberLong"":""380502000""}"
1982-01-25,,,,,,,,,"{""numberLong"":""380761200""}"
1982-01-26,,,,,,,,,"{""numberLong"":""380847600""}"
1982-01-27,,,,,,,,,"{""numberLong"":""380934000""}"
1982-01-28,,,,,,,,,"{""numberLong"":""381020400""}"
1982-01-29,,,,,,,,,"{""numberLong"":""381106800""}"
1982-02-01,,,,,,,,,"{""numberLong"":""381366000""}"
1982-02-02,,,,,,,,,"{""numberLong"":""381452400""}"
1982-02-03,,,,,,,,,"{""numberLong"":""381538800""}"
1982-02-04,,,,,,,,,"{""numberLong"":""381625200""}"
1982-02-05,,,,,,,,,"{""numberLong"":""381711600""}"
1982-02-08,,,,,,,,,"{""numberLong"":""381970800""}"
1982-02-09,,,,,,,,,"{""numberLong"":""382057200""}"
1982-02-10,,,,,,,,,"{""numberLong"":""382143600""}"
1982-02-11,,,,,,,,,"{""numberLong"":""382230000""}"
1982-02-12,,,,,,,,,"{""numberLong"":""382316400""}"
1982-02-15,,,,,,,,,"{""numberLong"":""382575600""}"
1982-02-16,,,,,,,,,"{""numberLong"":""382662000""}"
1982-02-17,,,,,,,,,"{""numberLong"":""382748400""}"
1982-02-18,,,,,,,,,"{""numberLong"":""382834800""}"
1982-02-19,,,,,,,,,"{""numberLong"":""382921200""}"
1982-02-22,,,,,,,,,"{""numberLong"":""383180400""}"
1982-02-23,,,,,,,,,"{""numberLong"":""383266800""}"
1982-02-24,,,,,,,,,"{""numberLong"":""383353200""}"
1982-02-25,,,,,,,,,"{""numberLong"":""383439600""}"
1982-02-26,,,,,,,,,"{""numberLong"":""383526000""}"
1982-03-01,,,,,,,,,"{""numberLong"":""383785200""}"
1982-03-02,,,,,,,,,"{""numberLong"":""383871600""}"
1982-03-03,,,,,,,,,"{""numberLong"":""383958000""}"
1982-03-04,,,,,,,,,"{""numberLong"":""384044400""}"
1982-03-05,,,,,,,,,"{""numberLong"":""384130800""}"
1982-03-08,,,,,,,,,"{""numberLong"":""384390000""}"
1982-03-09,,,,,,,,,"{""numberLong"":""384476400""}"
1982-03-10,,,,,,,,,"{""numberLong"":""384562800""}"
1982-03-11,,,,,,,,,"{""numberLong"":""384649200""}"
1982-03-12,,,,,,,,,"{""numberLong"":""384735600""}"
1982-03-15,,,,,,,,,"{""numberLong"":""384994800""}"
1982-03-16,,,,,,,,,"{""numberLong"":""385081200""}"
1982-03-17,,,,,,,,,"{""numberLong"":""385167600""}"
1982-03-18,,,,,,,,,"{""numberLong"":""385254000""}"
1982-03-19,,,,,,,,,"{""numberLong"":""385340400""}"
1982-03-22,,,,,,,,,"{""numberLong"":""385599600""}"
1982-03-23,,,,,,,,,"{""numberLong"":""385686000""}"
1982-03-24,,,,,,,,,"{""numberLong"":""385772400""}"
1982-03-25,,,,,,,,,"{""numberLong"":""385858800""}"
1982-03-26,,,,,,,,,"{""numberLong"":""385945200""}"
1982-03-29,,,,,,,,,"{""numberLong"":""386200800""}"
1982-03-30,,,,,,,,,"{""numberLong"":""386287200""}"
1982-03-31,,,,,,,,,"{""numberLong"":""386373600""}"
1982-04-01,,,,,,,,,"{""numberLong"":""386460000""}"
1982-04-02,,,,,,,,,"{""numberLong"":""386546400""}"
1982-04-05,,,,,,,,,"{""numberLong"":""386805600""}"
1982-04-06,,,,,,,,,"{""numberLong"":""386892000""}"
1982-04-07,,,,,,,,,"{""numberLong"":""386978400""}"
1982-04-08,,,,,,,,,"{""numberLong"":""387064800""}"
1982-04-09,,,,,,,,,"{""numberLong"":""387151200""}"
1982-04-12,,,,,,,,,"{""numberLong"":""387410400""}"
1982-04-13,,,,,,,,,"{""numberLong"":""387496800""}"
1982-04-14,,,,,,,,,"{""numberLong"":""387583200""}"
1982-04-15,,,,,,,,,"{""numberLong"":""387669600""}"
1982-04-16,,,,,,,,,"{""numberLong"":""387756000""}"
1982-04-19,,,,,,,,,"{""numberLong"":""388015200""}"
1982-04-20,,,,,,,,,"{""numberLong"":""388101600""}"
1982-04-21,,,,,,,,,"{""numberLong"":""388188000""}"
1982-04-22,,,,,,,,,"{""numberLong"":""388274400""}"
1982-04-23,,,,,,,,,"{""numberLong"":""388360800""}"
1982-04-26,,,,,,,,,"{""numberLong"":""388620000""}"
1982-04-27,,,,,,,,,"{""numberLong"":""388706400""}"
1982-04-28,,,,,,,,,"{""numberLong"":""388792800""}"
1982-04-29,,,,,,,,,"{""numberLong"":""388879200""}"
1982-04-30,,,,,,,,,"{""numberLong"":""388965600""}"
1982-05-03,,,,,,,,,"{""numberLong"":""389224800""}"
1982-05-04,,,,,,,,,"{""numberLong"":""389311200""}"
1982-05-05,,,,,,,,,"{""numberLong"":""389397600""}"
1982-05-06,,,,,,,,,"{""numberLong"":""389484000""}"
1982-05-07,,,,,,,,,"{""numberLong"":""389570400""}"
1982-05-10,,,,,,,,,"{""numberLong"":""389829600""}"
1982-05-11,,,,,,,,,"{""numberLong"":""389916000""}"
1982-05-12,,,,,,,,,"{""numberLong"":""390002400""}"
1982-05-13,,,,,,,,,"{""numberLong"":""390088800""}"
1982-05-14,,,,,,,,,"{""numberLong"":""390175200""}"
1982-05-17,,,,,,,,,"{""numberLong"":""390434400""}"
1982-05-18,,,,,,,,,"{""numberLong"":""390520800""}"
1982-05-19,,,,,,,,,"{""numberLong"":""390607200""}"
1982-05-20,,,,,,,,,"{""numberLong"":""390693600""}"
1982-05-21,,,,,,,,,"{""numberLong"":""390780000""}"
1982-05-24,,,,,,,,,"{""numberLong"":""391039200""}"
1982-05-25,,,,,,,,,"{""numberLong"":""391125600""}"
1982-05-26,,,,,,,,,"{""numberLong"":""391212000""}"
1982-05-27,,,,,,,,,"{""numberLong"":""391298400""}"
1982-05-28,,,,,,,,,"{""numberLong"":""391384800""}"
1982-05-31,,,,,,,,,"{""numberLong"":""391644000""}"
1982-06-01,,,,,,,,,"{""numberLong"":""391730400""}"
1982-06-02,,,,,,,,,"{""numberLong"":""391816800""}"
1982-06-03,,,,,,,,,"{""numberLong"":""391903200""}"
1982-06-04,,,,,,,,,"{""numberLong"":""391989600""}"
1982-06-07,,,,,,,,,"{""numberLong"":""392248800""}"
1982-06-08,,,,,,,,,"{""numberLong"":""392335200""}"
1982-06-09,,,,,,,,,"{""numberLong"":""392421600""}"
1982-06-10,,,,,,,,,"{""numberLong"":""392508000""}"
1982-06-11,,,,,,,,,"{""numberLong"":""392594400""}"
1982-06-14,,,,,,,,,"{""numberLong"":""392853600""}"
1982-06-15,,,,,,,,,"{""numberLong"":""392940000""}"
1982-06-16,,,,,,,,,"{""numberLong"":""393026400""}"
1982-06-17,,,,,,,,,"{""numberLong"":""393112800""}"
1982-06-18,,,,,,,,,"{""numberLong"":""393199200""}"
1982-06-21,,,,,,,,,"{""numberLong"":""393458400""}"
1982-06-22,,,,,,,,,"{""numberLong"":""393544800""}"
1982-06-23,,,,,,,,,"{""numberLong"":""393631200""}"
1982-06-24,,,,,,,,,"{""numberLong"":""393717600""}"
1982-06-25,,,,,,,,,"{""numberLong"":""393804000""}"
1982-06-28,,,,,,,,,"{""numberLong"":""394063200""}"
1982-06-29,,,,,,,,,"{""numberLong"":""394149600""}"
1982-06-30,,,,,,,,,"{""numberLong"":""394236000""}"
1982-07-01,,,,,,,,,"{""numberLong"":""394322400""}"
1982-07-02,,,,,,,,,"{""numberLong"":""394408800""}"
1982-07-05,,,,,,,,,"{""numberLong"":""394668000""}"
1982-07-06,,,,,,,,,"{""numberLong"":""394754400""}"
1982-07-07,,,,,,,,,"{""numberLong"":""394840800""}"
1982-07-08,,,,,,,,,"{""numberLong"":""394927200""}"
1982-07-09,,,,,,,,,"{""numberLong"":""395013600""}"
1982-07-12,,,,,,,,,"{""numberLong"":""395272800""}"
1982-07-13,,,,,,,,,"{""numberLong"":""395359200""}"
1982-07-14,,,,,,,,,"{""numberLong"":""395445600""}"
1982-07-15,,,,,,,,,"{""numberLong"":""395532000""}"
1982-07-16,,,,,,,,,"{""numberLong"":""395618400""}"
1982-07-19,,,,,,,,,"{""numberLong"":""395877600""}"
1982-07-20,,,,,,,,,"{""numberLong"":""395964000""}"
1982-07-21,,,,,,,,,"{""numberLong"":""396050400""}"
1982-07-22,,,,,,,,,"{""numberLong"":""396136800""}"
1982-07-23,,,,,,,,,"{""numberLong"":""396223200""}"
1982-07-26,,,,,,,,,"{""numberLong"":""396482400""}"
1982-07-27,,,,,,,,,"{""numberLong"":""396568800""}"
1982-07-28,,,,,,,,,"{""numberLong"":""396655200""}"
1982-07-29,,,,,,,,,"{""numberLong"":""396741600""}"
1982-07-30,,,,,,,,,"{""numberLong"":""396828000""}"
1982-08-02,,,,,,,,,"{""numberLong"":""397087200""}"
1982-08-03,,,,,,,,,"{""numberLong"":""397173600""}"
1982-08-04,,,,,,,,,"{""numberLong"":""397260000""}"
1982-08-05,,,,,,,,,"{""numberLong"":""397346400""}"
1982-08-06,,,,,,,,,"{""numberLong"":""397432800""}"
1982-08-09,,,,,,,,,"{""numberLong"":""397692000""}"
1982-08-10,,,,,,,,,"{""numberLong"":""397778400""}"
1982-08-11,,,,,,,,,"{""numberLong"":""397864800""}"
1982-08-12,,,,,,,,,"{""numberLong"":""397951200""}"
1982-08-13,,,,,,,,,"{""numberLong"":""398037600""}"
1982-08-16,,,,,,,,,"{""numberLong"":""398296800""}"
1982-08-17,,,,,,,,,"{""numberLong"":""398383200""}"
1982-08-18,,,,,,,,,"{""numberLong"":""398469600""}"
1982-08-19,,,,,,,,,"{""numberLong"":""398556000""}"
1982-08-20,,,,,,,,,"{""numberLong"":""398642400""}"
1982-08-23,,,,,,,,,"{""numberLong"":""398901600""}"
1982-08-24,,,,,,,,,"{""numberLong"":""398988000""}"
1982-08-25,,,,,,,,,"{""numberLong"":""399074400""}"
1982-08-26,,,,,,,,,"{""numberLong"":""399160800""}"
1982-08-27,,,,,,,,,"{""numberLong"":""399247200""}"
1982-08-30,,,,,,,,,"{""numberLong"":""399506400""}"
1982-08-31,,,,,,,,,"{""numberLong"":""399592800""}"
1982-09-01,,,,,,,,,"{""numberLong"":""399679200""}"
1982-09-02,,,,,,,,,"{""numberLong"":""399765600""}"
1982-09-03,,,,,,,,,"{""numberLong"":""399852000""}"
1982-09-06,,,,,,,,,"{""numberLong"":""400111200""}"
1982-09-07,,,,,,,,,"{""numberLong"":""400197600""}"
1982-09-08,,,,,,,,,"{""numberLong"":""400284000""}"
1982-09-09,,,,,,,,,"{""numberLong"":""400370400""}"
1982-09-10,,,,,,,,,"{""numberLong"":""400456800""}"
1982-09-13,,,,,,,,,"{""numberLong"":""400716000""}"
1982-09-14,,,,,,,,,"{""numberLong"":""400802400""}"
1982-09-15,,,,,,,,,"{""numberLong"":""400888800""}"
1982-09-16,,,,,,,,,"{""numberLong"":""400975200""}"
1982-09-17,,,,,,,,,"{""numberLong"":""401061600""}"
1982-09-20,,,,,,,,,"{""numberLong"":""401320800""}"
1982-09-21,,,,,,,,,"{""numberLong"":""401407200""}"
1982-09-22,,,,,,,,,"{""numberLong"":""401493600""}"
1982-09-23,,,,,,,,,"{""numberLong"":""401580000""}"
1982-09-24,,,,,,,,,"{""numberLong"":""401666400""}"
1982-09-27,,,,,,,,,"{""numberLong"":""401929200""}"
1982-09-28,,,,,,,,,"{""numberLong"":""402015600""}"
1982-09-29,,,,,,,,,"{""numberLong"":""402102000""}"
1982-09-30,,,,,,,,,"{""numberLong"":""402188400""}"
1982-10-01,,,,,,,,,"{""numberLong"":""402274800""}"
1982-10-04,,,,,,,,,"{""numberLong"":""402534000""}"
1982-10-05,,,,,,,,,"{""numberLong"":""402620400""}"
1982-10-06,,,,,,,,,"{""numberLong"":""402706800""}"
1982-10-07,,,,,,,,,"{""numberLong"":""402793200""}"
1982-10-08,,,,,,,,,"{""numberLong"":""402879600""}"
1982-10-11,,,,,,,,,"{""numberLong"":""403138800""}"
1982-10-12,,,,,,,,,"{""numberLong"":""403225200""}"
1982-10-13,,,,,,,,,"{""numberLong"":""403311600""}"
1982-10-14,,,,,,,,,"{""numberLong"":""403398000""}"
1982-10-15,,,,,,,,,"{""numberLong"":""403484400""}"
1982-10-18,,,,,,,,,"{""numberLong"":""403743600""}"
1982-10-19,,,,,,,,,"{""numberLong"":""403830000""}"
1982-10-20,,,,,,,,,"{""numberLong"":""403916400""}"
1982-10-21,,,,,,,,,"{""numberLong"":""404002800""}"
1982-10-22,,,,,,,,,"{""numberLong"":""404089200""}"
1982-10-25,,,,,,,,,"{""numberLong"":""404348400""}"
1982-10-26,,,,,,,,,"{""numberLong"":""404434800""}"
1982-10-27,,,,,,,,,"{""numberLong"":""404521200""}"
1982-10-28,,,,,,,,,"{""numberLong"":""404607600""}"
1982-10-29,,,,,,,,,"{""numberLong"":""404694000""}"
1982-11-01,,,,,,,,,"{""numberLong"":""404953200""}"
1982-11-02,,,,,,,,,"{""numberLong"":""405039600""}"
1982-11-03,,,,,,,,,"{""numberLong"":""405126000""}"
1982-11-04,,,,,,,,,"{""numberLong"":""405212400""}"
1982-11-05,,,,,,,,,"{""numberLong"":""405298800""}"
1982-11-08,,,,,,,,,"{""numberLong"":""405558000""}"
1982-11-09,,,,,,,,,"{""numberLong"":""405644400""}"
1982-11-10,,,,,,,,,"{""numberLong"":""405730800""}"
1982-11-11,,,,,,,,,"{""numberLong"":""405817200""}"
1982-11-12,,,,,,,,,"{""numberLong"":""405903600""}"
1982-11-15,,,,,,,,,"{""numberLong"":""406162800""}"
1982-11-16,,,,,,,,,"{""numberLong"":""406249200""}"
1982-11-17,,,,,,,,,"{""numberLong"":""406335600""}"
1982-11-18,,,,,,,,,"{""numberLong"":""406422000""}"
1982-11-19,,,,,,,,,"{""numberLong"":""406508400""}"
1982-11-22,,,,,,,,,"{""numberLong"":""406767600""}"
1982-11-23,,,,,,,,,"{""numberLong"":""406854000""}"
1982-11-24,,,,,,,,,"{""numberLong"":""406940400""}"
1982-11-25,,,,,,,,,"{""numberLong"":""407026800""}"
1982-11-26,,,,,,,,,"{""numberLong"":""407113200""}"
1982-11-29,,,,,,,,,"{""numberLong"":""407372400""}"
1982-11-30,,,,,,,,,"{""numberLong"":""407458800""}"
1982-12-01,,,,,,,,,"{""numberLong"":""407545200""}"
1982-12-02,,,,,,,,,"{""numberLong"":""407631600""}"
1982-12-03,,,,,,,,,"{""numberLong"":""407718000""}"
1982-12-06,,,,,,,,,"{""numberLong"":""407977200""}"
1982-12-07,,,,,,,,,"{""numberLong"":""408063600""}"
1982-12-08,,,,,,,,,"{""numberLong"":""408150000""}"
1982-12-09,,,,,,,,,"{""numberLong"":""408236400""}"
1982-12-10,,,,,,,,,"{""numberLong"":""408322800""}"
1982-12-13,,,,,,,,,"{""numberLong"":""408582000""}"
1982-12-14,,,,,,,,,"{""numberLong"":""408668400""}"
1982-12-15,,,,,,,,,"{""numberLong"":""408754800""}"
1982-12-16,,,,,,,,,"{""numberLong"":""408841200""}"
1982-12-17,,,,,,,,,"{""numberLong"":""408927600""}"
1982-12-20,,,,,,,,,"{""numberLong"":""409186800""}"
1982-12-21,,,,,,,,,"{""numberLong"":""409273200""}"
1982-12-22,,,,,,,,,"{""numberLong"":""409359600""}"
1982-12-23,,,,,,,,,"{""numberLong"":""409446000""}"
1982-12-24,,,,,,,,,"{""numberLong"":""409532400""}"
1982-12-27,,,,,,,,,"{""numberLong"":""409791600""}"
1982-12-28,,,,,,,,,"{""numberLong"":""409878000""}"
1982-12-29,,,,,,,,,"{""numberLong"":""409964400""}"
1982-12-30,,,,,,,,,"{""numberLong"":""410050800""}"
1982-12-31,2877.5,328.9,2548.6,1352.5,518.4,1214.7,1206.9,542.7,"{""numberLong"":""410137200""}"
1983-01-03,,,,,,,,,"{""numberLong"":""410396400""}"
1983-01-04,,,,,,,,,"{""numberLong"":""410482800""}"
1983-01-05,,,,,,,,,"{""numberLong"":""410569200""}"
1983-01-06,,,,,,,,,"{""numberLong"":""410655600""}"
1983-01-07,,,,,,,,,"{""numberLong"":""410742000""}"
1983-01-10,,,,,,,,,"{""numberLong"":""411001200""}"
1983-01-11,,,,,,,,,"{""numberLong"":""411087600""}"
1983-01-12,,,,,,,,,"{""numberLong"":""411174000""}"
1983-01-13,,,,,,,,,"{""numberLong"":""411260400""}"
1983-01-14,,,,,,,,,"{""numberLong"":""411346800""}"
1983-01-17,,,,,,,,,"{""numberLong"":""411606000""}"
1983-01-18,,,,,,,,,"{""numberLong"":""411692400""}"
1983-01-19,,,,,,,,,"{""numberLong"":""411778800""}"
1983-01-20,,,,,,,,,"{""numberLong"":""411865200""}"
1983-01-21,,,,,,,,,"{""numberLong"":""411951600""}"
1983-01-24,,,,,,,,,"{""numberLong"":""412210800""}"
1983-01-25,,,,,,,,,"{""numberLong"":""412297200""}"
1983-01-26,,,,,,,,,"{""numberLong"":""412383600""}"
1983-01-27,,,,,,,,,"{""numberLong"":""412470000""}"
1983-01-28,,,,,,,,,"{""numberLong"":""412556400""}"
1983-01-31,,,,,,,,,"{""numberLong"":""412815600""}"
1983-02-01,,,,,,,,,"{""numberLong"":""412902000""}"
1983-02-02,,,,,,,,,"{""numberLong"":""412988400""}"
1983-02-03,,,,,,,,,"{""numberLong"":""413074800""}"
1983-02-04,,,,,,,,,"{""numberLong"":""413161200""}"
1983-02-07,,,,,,,,,"{""numberLong"":""413420400""}"
1983-02-08,,,,,,,,,"{""numberLong"":""413506800""}"
1983-02-09,,,,,,,,,"{""numberLong"":""413593200""}"
1983-02-10,,,,,,,,,"{""numberLong"":""413679600""}"
1983-02-11,,,,,,,,,"{""numberLong"":""413766000""}"
1983-02-14,,,,,,,,,"{""numberLong"":""414025200""}"
1983-02-15,,,,,,,,,"{""numberLong"":""414111600""}"
1983-02-16,,,,,,,,,"{""numberLong"":""414198000""}"
1983-02-17,,,,,,,,,"{""numberLong"":""414284400""}"
1983-02-18,,,,,,,,,"{""numberLong"":""414370800""}"
1983-02-21,,,,,,,,,"{""numberLong"":""414630000""}"
1983-02-22,,,,,,,,,"{""numberLong"":""414716400""}"
1983-02-23,,,,,,,,,"{""numberLong"":""414802800""}"
1983-02-24,,,,,,,,,"{""numberLong"":""414889200""}"
1983-02-25,,,,,,,,,"{""numberLong"":""414975600""}"
1983-02-28,,,,,,,,,"{""numberLong"":""415234800""}"
1983-03-01,,,,,,,,,"{""numberLong"":""415321200""}"
1983-03-02,,,,,,,,,"{""numberLong"":""415407600""}"
1983-03-03,,,,,,,,,"{""numberLong"":""415494000""}"
1983-03-04,,,,,,,,,"{""numberLong"":""415580400""}"
1983-03-07,,,,,,,,,"{""numberLong"":""415839600""}"
1983-03-08,,,,,,,,,"{""numberLong"":""415926000""}"
1983-03-09,,,,,,,,,"{""numberLong"":""416012400""}"
1983-03-10,,,,,,,,,"{""numberLong"":""416098800""}"
1983-03-11,,,,,,,,,"{""numberLong"":""416185200""}"
1983-03-14,,,,,,,,,"{""numberLong"":""416444400""}"
1983-03-15,,,,,,,,,"{""numberLong"":""416530800""}"
1983-03-16,,,,,,,,,"{""numberLong"":""416617200""}"
1983-03-17,,,,,,,,,"{""numberLong"":""416703600""}"
1983-03-18,,,,,,,,,"{""numberLong"":""416790000""}"
1983-03-21,,,,,,,,,"{""numberLong"":""417049200""}"
1983-03-22,,,,,,,,,"{""numberLong"":""417135600""}"
1983-03-23,,,,,,,,,"{""numberLong"":""417222000""}"
1983-03-24,,,,,,,,,"{""numberLong"":""417308400""}"
1983-03-25,,,,,,,,,"{""numberLong"":""417394800""}"
1983-03-28,,,,,,,,,"{""numberLong"":""417650400""}"
1983-03-29,,,,,,,,,"{""numberLong"":""417736800""}"
1983-03-30,,,,,,,,,"{""numberLong"":""417823200""}"
1983-03-31,,,,,,,,,"{""numberLong"":""417909600""}"
1983-04-01,,,,,,,,,"{""numberLong"":""417996000""}"
1983-04-04,,,,,,,,,"{""numberLong"":""418255200""}"
1983-04-05,,,,,,,,,"{""numberLong"":""418341600""}"
1983-04-06,,,,,,,,,"{""numberLong"":""418428000""}"
1983-04-07,,,,,,,,,"{""numberLong"":""418514400""}"
1983-04-08,,,,,,,,,"{""numberLong"":""418600800""}"
1983-04-11,,,,,,,,,"{""numberLong"":""418860000""}"
1983-04-12,,,,,,,,,"{""numberLong"":""418946400""}"
1983-04-13,,,,,,,,,"{""numberLong"":""419032800""}"
1983-04-14,,,,,,,,,"{""numberLong"":""419119200""}"
1983-04-15,,,,,,,,,"{""numberLong"":""419205600""}"
1983-04-18,,,,,,,,,"{""numberLong"":""419464800""}"
1983-04-19,,,,,,,,,"{""numberLong"":""419551200""}"
1983-04-20,,,,,,,,,"{""numberLong"":""419637600""}"
1983-04-21,,,,,,,,,"{""numberLong"":""419724000""}"
1983-04-22,,,,,,,,,"{""numberLong"":""419810400""}"
1983-04-25,,,,,,,,,"{""numberLong"":""420069600""}"
1983-04-26,,,,,,,,,"{""numberLong"":""420156000""}"
1983-04-27,,,,,,,,,"{""numberLong"":""420242400""}"
1983-04-28,,,,,,,,,"{""numberLong"":""420328800""}"
1983-04-29,,,,,,,,,"{""numberLong"":""420415200""}"
1983-05-02,,,,,,,,,"{""numberLong"":""420674400""}"
1983-05-03,,,,,,,,,"{""numberLong"":""420760800""}"
1983-05-04,,,,,,,,,"{""numberLong"":""420847200""}"
1983-05-05,,,,,,,,,"{""numberLong"":""420933600""}"
1983-05-06,,,,,,,,,"{""numberLong"":""421020000""}"
1983-05-09,,,,,,,,,"{""numberLong"":""421279200""}"
1983-05-10,,,,,,,,,"{""numberLong"":""421365600""}"
1983-05-11,,,,,,,,,"{""numberLong"":""421452000""}"
1983-05-12,,,,,,,,,"{""numberLong"":""421538400""}"
1983-05-13,,,,,,,,,"{""numberLong"":""421624800""}"
1983-05-16,,,,,,,,,"{""numberLong"":""421884000""}"
1983-05-17,,,,,,,,,"{""numberLong"":""421970400""}"
1983-05-18,,,,,,,,,"{""numberLong"":""422056800""}"
1983-05-19,,,,,,,,,"{""numberLong"":""422143200""}"
1983-05-20,,,,,,,,,"{""numberLong"":""422229600""}"
1983-05-23,,,,,,,,,"{""numberLong"":""422488800""}"
1983-05-24,,,,,,,,,"{""numberLong"":""422575200""}"
1983-05-25,,,,,,,,,"{""numberLong"":""422661600""}"
1983-05-26,,,,,,,,,"{""numberLong"":""422748000""}"
1983-05-27,,,,,,,,,"{""numberLong"":""422834400""}"
1983-05-30,,,,,,,,,"{""numberLong"":""423093600""}"
1983-05-31,,,,,,,,,"{""numberLong"":""423180000""}"
1983-06-01,,,,,,,,,"{""numberLong"":""423266400""}"
1983-06-02,,,,,,,,,"{""numberLong"":""423352800""}"
1983-06-03,,,,,,,,,"{""numberLong"":""423439200""}"
1983-06-06,,,,,,,,,"{""numberLong"":""423698400""}"
1983-06-07,,,,,,,,,"{""numberLong"":""423784800""}"
1983-06-08,,,,,,,,,"{""numberLong"":""423871200""}"
1983-06-09,,,,,,,,,"{""numberLong"":""423957600""}"
1983-06-10,,,,,,,,,"{""numberLong"":""424044000""}"
1983-06-13,,,,,,,,,"{""numberLong"":""424303200""}"
1983-06-14,,,,,,,,,"{""numberLong"":""424389600""}"
1983-06-15,,,,,,,,,"{""numberLong"":""424476000""}"
1983-06-16,,,,,,,,,"{""numberLong"":""424562400""}"
1983-06-17,,,,,,,,,"{""numberLong"":""424648800""}"
1983-06-20,,,,,,,,,"{""numberLong"":""424908000""}"
1983-06-21,,,,,,,,,"{""numberLong"":""424994400""}"
1983-06-22,,,,,,,,,"{""numberLong"":""425080800""}"
1983-06-23,,,,,,,,,"{""numberLong"":""425167200""}"
1983-06-24,,,,,,,,,"{""numberLong"":""425253600""}"
1983-06-27,,,,,,,,,"{""numberLong"":""425512800""}"
1983-06-28,,,,,,,,,"{""numberLong"":""425599200""}"
1983-06-29,,,,,,,,,"{""numberLong"":""425685600""}"
1983-06-30,,,,,,,,,"{""numberLong"":""425772000""}"
1983-07-01,,,,,,,,,"{""numberLong"":""425858400""}"
1983-07-04,,,,,,,,,"{""numberLong"":""426117600""}"
1983-07-05,,,,,,,,,"{""numberLong"":""426204000""}"
1983-07-06,,,,,,,,,"{""numberLong"":""426290400""}"
1983-07-07,,,,,,,,,"{""numberLong"":""426376800""}"
1983-07-08,,,,,,,,,"{""numberLong"":""426463200""}"
1983-07-11,,,,,,,,,"{""numberLong"":""426722400""}"
1983-07-12,,,,,,,,,"{""numberLong"":""426808800""}"
1983-07-13,,,,,,,,,"{""numberLong"":""426895200""}"
1983-07-14,,,,,,,,,"{""numberLong"":""426981600""}"
1983-07-15,,,,,,,,,"{""numberLong"":""427068000""}"
1983-07-18,,,,,,,,,"{""numberLong"":""427327200""}"
1983-07-19,,,,,,,,,"{""numberLong"":""427413600""}"
1983-07-20,,,,,,,,,"{""numberLong"":""427500000""}"
1983-07-21,,,,,,,,,"{""numberLong"":""427586400""}"
1983-07-22,,,,,,,,,"{""numberLong"":""427672800""}"
1983-07-25,,,,,,,,,"{""numberLong"":""427932000""}"
1983-07-26,,,,,,,,,"{""numberLong"":""428018400""}"
1983-07-27,,,,,,,,,"{""numberLong"":""428104800""}"
1983-07-28,,,,,,,,,"{""numberLong"":""428191200""}"
1983-07-29,,,,,,,,,"{""numberLong"":""428277600""}"
1983-08-01,,,,,,,,,"{""numberLong"":""428536800""}"
1983-08-02,,,,,,,,,"{""numberLong"":""428623200""}"
1983-08-03,,,,,,,,,"{""numberLong"":""428709600""}"
1983-08-04,,,,,,,,,"{""numberLong"":""428796000""}"
1983-08-05,,,,,,,,,"{""numberLong"":""428882400""}"
1983-08-08,,,,,,,,,"{""numberLong"":""429141600""}"
1983-08-09,,,,,,,,,"{""numberLong"":""429228000""}"
1983-08-10,,,,,,,,,"{""numberLong"":""429314400""}"
1983-08-11,,,,,,,,,"{""numberLong"":""429400800""}"
1983-08-12,,,,,,,,,"{""numberLong"":""429487200""}"
1983-08-15,,,,,,,,,"{""numberLong"":""429746400""}"
1983-08-16,,,,,,,,,"{""numberLong"":""429832800""}"
1983-08-17,,,,,,,,,"{""numberLong"":""429919200""}"
1983-08-18,,,,,,,,,"{""numberLong"":""430005600""}"
1983-08-19,,,,,,,,,"{""numberLong"":""430092000""}"
1983-08-22,,,,,,,,,"{""numberLong"":""430351200""}"
1983-08-23,,,,,,,,,"{""numberLong"":""430437600""}"
1983-08-24,,,,,,,,,"{""numberLong"":""430524000""}"
1983-08-25,,,,,,,,,"{""numberLong"":""430610400""}"
1983-08-26,,,,,,,,,"{""numberLong"":""430696800""}"
1983-08-29,,,,,,,,,"{""numberLong"":""430956000""}"
1983-08-30,,,,,,,,,"{""numberLong"":""431042400""}"
1983-08-31,,,,,,,,,"{""numberLong"":""431128800""}"
1983-09-01,,,,,,,,,"{""numberLong"":""431215200""}"
1983-09-02,,,,,,,,,"{""numberLong"":""431301600""}"
1983-09-05,,,,,,,,,"{""numberLong"":""431560800""}"
1983-09-06,,,,,,,,,"{""numberLong"":""431647200""}"
1983-09-07,,,,,,,,,"{""numberLong"":""431733600""}"
1983-09-08,,,,,,,,,"{""numberLong"":""431820000""}"
1983-09-09,,,,,,,,,"{""numberLong"":""431906400""}"
1983-09-12,,,,,,,,,"{""numberLong"":""432165600""}"
1983-09-13,,,,,,,,,"{""numberLong"":""432252000""}"
1983-09-14,,,,,,,,,"{""numberLong"":""432338400""}"
1983-09-15,,,,,,,,,"{""numberLong"":""432424800""}"
1983-09-16,,,,,,,,,"{""numberLong"":""432511200""}"
1983-09-19,,,,,,,,,"{""numberLong"":""432770400""}"
1983-09-20,,,,,,,,,"{""numberLong"":""432856800""}"
1983-09-21,,,,,,,,,"{""numberLong"":""432943200""}"
1983-09-22,,,,,,,,,"{""numberLong"":""433029600""}"
1983-09-23,,,,,,,,,"{""numberLong"":""433116000""}"
1983-09-26,,,,,,,,,"{""numberLong"":""433378800""}"
1983-09-27,,,,,,,,,"{""numberLong"":""433465200""}"
1983-09-28,,,,,,,,,"{""numberLong"":""433551600""}"
1983-09-29,,,,,,,,,"{""numberLong"":""433638000""}"
1983-09-30,,,,,,,,,"{""numberLong"":""433724400""}"
1983-10-03,,,,,,,,,"{""numberLong"":""433983600""}"
1983-10-04,,,,,,,,,"{""numberLong"":""434070000""}"
1983-10-05,,,,,,,,,"{""numberLong"":""434156400""}"
1983-10-06,,,,,,,,,"{""numberLong"":""434242800""}"
1983-10-07,,,,,,,,,"{""numberLong"":""434329200""}"
1983-10-10,,,,,,,,,"{""numberLong"":""434588400""}"
1983-10-11,,,,,,,,,"{""numberLong"":""434674800""}"
1983-10-12,,,,,,,,,"{""numberLong"":""434761200""}"
1983-10-13,,,,,,,,,"{""numberLong"":""434847600""}"
1983-10-14,,,,,,,,,"{""numberLong"":""434934000""}"
1983-10-17,,,,,,,,,"{""numberLong"":""435193200""}"
1983-10-18,,,,,,,,,"{""numberLong"":""435279600""}"
1983-10-19,,,,,,,,,"{""numberLong"":""435366000""}"
1983-10-20,,,,,,,,,"{""numberLong"":""435452400""}"
1983-10-21,,,,,,,,,"{""numberLong"":""435538800""}"
1983-10-24,,,,,,,,,"{""numberLong"":""435798000""}"
1983-10-25,,,,,,,,,"{""numberLong"":""435884400""}"
1983-10-26,,,,,,,,,"{""numberLong"":""435970800""}"
1983-10-27,,,,,,,,,"{""numberLong"":""436057200""}"
1983-10-28,,,,,,,,,"{""numberLong"":""436143600""}"
1983-10-31,,,,,,,,,"{""numberLong"":""436402800""}"
1983-11-01,,,,,,,,,"{""numberLong"":""436489200""}"
1983-11-02,,,,,,,,,"{""numberLong"":""436575600""}"
1983-11-03,,,,,,,,,"{""numberLong"":""436662000""}"
1983-11-04,,,,,,,,,"{""numberLong"":""436748400""}"
1983-11-07,,,,,,,,,"{""numberLong"":""437007600""}"
1983-11-08,,,,,,,,,"{""numberLong"":""437094000""}"
1983-11-09,,,,,,,,,"{""numberLong"":""437180400""}"
1983-11-10,,,,,,,,,"{""numberLong"":""437266800""}"
1983-11-11,,,,,,,,,"{""numberLong"":""437353200""}"
1983-11-14,,,,,,,,,"{""numberLong"":""437612400""}"
1983-11-15,,,,,,,,,"{""numberLong"":""437698800""}"
1983-11-16,,,,,,,,,"{""numberLong"":""437785200""}"
1983-11-17,,,,,,,,,"{""numberLong"":""437871600""}"
1983-11-18,,,,,,,,,"{""numberLong"":""437958000""}"
1983-11-21,,,,,,,,,"{""numberLong"":""438217200""}"
1983-11-22,,,,,,,,,"{""numberLong"":""438303600""}"
1983-11-23,,,,,,,,,"{""numberLong"":""438390000""}"
1983-11-24,,,,,,,,,"{""numberLong"":""438476400""}"
1983-11-25,,,,,,,,,"{""numberLong"":""438562800""}"
1983-11-28,,,,,,,,,"{""numberLong"":""438822000""}"
1983-11-29,,,,,,,,,"{""numberLong"":""438908400""}"
1983-11-30,,,,,,,,,"{""numberLong"":""438994800""}"
1983-12-01,,,,,,,,,"{""numberLong"":""439081200""}"
1983-12-02,,,,,,,,,"{""numberLong"":""439167600""}"
1983-12-05,,,,,,,,,"{""numberLong"":""439426800""}"
1983-12-06,,,,,,,,,"{""numberLong"":""439513200""}"
1983-12-07,,,,,,,,,"{""numberLong"":""439599600""}"
1983-12-08,,,,,,,,,"{""numberLong"":""439686000""}"
1983-12-09,,,,,,,,,"{""numberLong"":""439772400""}"
1983-12-12,,,,,,,,,"{""numberLong"":""440031600""}"
1983-12-13,,,,,,,,,"{""numberLong"":""440118000""}"
1983-12-14,,,,,,,,,"{""numberLong"":""440204400""}"
1983-12-15,,,,,,,,,"{""numberLong"":""440290800""}"
1983-12-16,,,,,,,,,"{""numberLong"":""440377200""}"
1983-12-19,,,,,,,,,"{""numberLong"":""440636400""}"
1983-12-20,,,,,,,,,"{""numberLong"":""440722800""}"
1983-12-21,,,,,,,,,"{""numberLong"":""440809200""}"
1983-12-22,,,,,,,,,"{""numberLong"":""440895600""}"
1983-12-23,,,,,,,,,"{""numberLong"":""440982000""}"
1983-12-26,,,,,,,,,"{""numberLong"":""441241200""}"
1983-12-27,,,,,,,,,"{""numberLong"":""441327600""}"
1983-12-28,,,,,,,,,"{""numberLong"":""441414000""}"
1983-12-29,,,,,,,,,"{""numberLong"":""441500400""}"
1983-12-30,4429.5,555.5,3874.0,2058.7,716.9,1762.6,1525.0,730.5,"{""numberLong"":""441586800""}"
1984-01-02,,,,,,,,,"{""numberLong"":""441846000""}"
1984-01-03,,,,,,,,,"{""numberLong"":""441932400""}"
1984-01-04,,,,,,,,,"{""numberLong"":""442018800""}"
1984-01-05,,,,,,,,,"{""numberLong"":""442105200""}"
1984-01-06,,,,,,,,,"{""numberLong"":""442191600""}"
1984-01-09,,,,,,,,,"{""numberLong"":""442450800""}"
1984-01-10,,,,,,,,,"{""numberLong"":""442537200""}"
1984-01-11,,,,,,,,,"{""numberLong"":""442623600""}"
1984-01-12,,,,,,,,,"{""numberLong"":""442710000""}"
1984-01-13,,,,,,,,,"{""numberLong"":""442796400""}"
1984-01-16,,,,,,,,,"{""numberLong"":""443055600""}"
1984-01-17,,,,,,,,,"{""numberLong"":""443142000""}"
1984-01-18,,,,,,,,,"{""numberLong"":""443228400""}"
1984-01-19,,,,,,,,,"{""numberLong"":""443314800""}"
1984-01-20,,,,,,,,,"{""numberLong"":""443401200""}"
1984-01-23,,,,,,,,,"{""numberLong"":""443660400""}"
1984-01-24,,,,,,,,,"{""numberLong"":""443746800""}"
1984-01-25,,,,,,,,,"{""numberLong"":""443833200""}"
1984-01-26,,,,,,,,,"{""numberLong"":""443919600""}"
1984-01-27,,,,,,,,,"{""numberLong"":""444006000""}"
1984-01-30,,,,,,,,,"{""numberLong"":""444265200""}"
1984-01-31,,,,,,,,,"{""numberLong"":""444351600""}"
1984-02-01,,,,,,,,,"{""numberLong"":""444438000""}"
1984-02-02,,,,,,,,,"{""numberLong"":""444524400""}"
1984-02-03,,,,,,,,,"{""numberLong"":""444610800""}"
1984-02-06,,,,,,,,,"{""numberLong"":""444870000""}"
1984-02-07,,,,,,,,,"{""numberLong"":""444956400""}"
1984-02-08,,,,,,,,,"{""numberLong"":""445042800""}"
1984-02-09,,,,,,,,,"{""numberLong"":""445129200""}"
1984-02-10,,,,,,,,,"{""numberLong"":""445215600""}"
1984-02-13,,,,,,,,,"{""numberLong"":""445474800""}"
1984-02-14,,,,,,,,,"{""numberLong"":""445561200""}"
1984-02-15,,,,,,,,,"{""numberLong"":""445647600""}"
1984-02-16,,,,,,,,,"{""numberLong"":""445734000""}"
1984-02-17,,,,,,,,,"{""numberLong"":""445820400""}"
1984-02-20,,,,,,,,,"{""numberLong"":""446079600""}"
1984-02-21,,,,,,,,,"{""numberLong"":""446166000""}"
1984-02-22,,,,,,,,,"{""numberLong"":""446252400""}"
1984-02-23,,,,,,,,,"{""numberLong"":""446338800""}"
1984-02-24,,,,,,,,,"{""numberLong"":""446425200""}"
1984-02-27,,,,,,,,,"{""numberLong"":""446684400""}"
1984-02-28,,,,,,,,,"{""numberLong"":""446770800""}"
1984-02-29,,,,,,,,,"{""numberLong"":""446857200""}"
1984-03-01,,,,,,,,,"{""numberLong"":""446943600""}"
1984-03-02,,,,,,,,,"{""numberLong"":""447030000""}"
1984-03-05,,,,,,,,,"{""numberLong"":""447289200""}"
1984-03-06,,,,,,,,,"{""numberLong"":""447375600""}"
1984-03-07,,,,,,,,,"{""numberLong"":""447462000""}"
1984-03-08,,,,,,,,,"{""numberLong"":""447548400""}"
1984-03-09,,,,,,,,,"{""numberLong"":""447634800""}"
1984-03-12,,,,,,,,,"{""numberLong"":""447894000""}"
1984-03-13,,,,,,,,,"{""numberLong"":""447980400""}"
1984-03-14,,,,,,,,,"{""numberLong"":""448066800""}"
1984-03-15,,,,,,,,,"{""numberLong"":""448153200""}"
1984-03-16,,,,,,,,,"{""numberLong"":""448239600""}"
1984-03-19,,,,,,,,,"{""numberLong"":""448498800""}"
1984-03-20,,,,,,,,,"{""numberLong"":""448585200""}"
1984-03-21,,,,,,,,,"{""numberLong"":""448671600""}"
1984-03-22,,,,,,,,,"{""numberLong"":""448758000""}"
1984-03-23,,,,,,,,,"{""numberLong"":""448844400""}"
1984-03-26,,,,,,,,,"{""numberLong"":""449100000""}"
1984-03-27,,,,,,,,,"{""numberLong"":""449186400""}"
1984-03-28,,,,,,,,,"{""numberLong"":""449272800""}"
1984-03-29,,,,,,,,,"{""numberLong"":""449359200""}"
1984-03-30,,,,,,,,,"{""numberLong"":""449445600""}"
1984-04-02,,,,,,,,,"{""numberLong"":""449704800""}"
1984-04-03,,,,,,,,,"{""numberLong"":""449791200""}"
1984-04-04,,,,,,,,,"{""numberLong"":""449877600""}"
1984-04-05,,,,,,,,,"{""numberLong"":""449964000""}"
1984-04-06,,,,,,,,,"{""numberLong"":""450050400""}"
1984-04-09,,,,,,,,,"{""numberLong"":""450309600""}"
1984-04-10,,,,,,,,,"{""numberLong"":""450396000""}"
1984-04-11,,,,,,,,,"{""numberLong"":""450482400""}"
1984-04-12,,,,,,,,,"{""numberLong"":""450568800""}"
1984-04-13,,,,,,,,,"{""numberLong"":""450655200""}"
1984-04-16,,,,,,,,,"{""numberLong"":""450914400""}"
1984-04-17,,,,,,,,,"{""numberLong"":""451000800""}"
1984-04-18,,,,,,,,,"{""numberLong"":""451087200""}"
1984-04-19,,,,,,,,,"{""numberLong"":""451173600""}"
1984-04-20,,,,,,,,,"{""numberLong"":""451260000""}"
1984-04-23,,,,,,,,,"{""numberLong"":""451519200""}"
1984-04-24,,,,,,,,,"{""numberLong"":""451605600""}"
1984-04-25,,,,,,,,,"{""numberLong"":""451692000""}"
1984-04-26,,,,,,,,,"{""numberLong"":""451778400""}"
1984-04-27,,,,,,,,,"{""numberLong"":""451864800""}"
1984-04-30,,,,,,,,,"{""numberLong"":""452124000""}"
1984-05-01,,,,,,,,,"{""numberLong"":""452210400""}"
1984-05-02,,,,,,,,,"{""numberLong"":""452296800""}"
1984-05-03,,,,,,,,,"{""numberLong"":""452383200""}"
1984-05-04,,,,,,,,,"{""numberLong"":""452469600""}"
1984-05-07,,,,,,,,,"{""numberLong"":""452728800""}"
1984-05-08,,,,,,,,,"{""numberLong"":""452815200""}"
1984-05-09,,,,,,,,,"{""numberLong"":""452901600""}"
1984-05-10,,,,,,,,,"{""numberLong"":""452988000""}"
1984-05-11,,,,,,,,,"{""numberLong"":""453074400""}"
1984-05-14,,,,,,,,,"{""numberLong"":""453333600""}"
1984-05-15,,,,,,,,,"{""numberLong"":""453420000""}"
1984-05-16,,,,,,,,,"{""numberLong"":""453506400""}"
1984-05-17,,,,,,,,,"{""numberLong"":""453592800""}"
1984-05-18,,,,,,,,,"{""numberLong"":""453679200""}"
1984-05-21,,,,,,,,,"{""numberLong"":""453938400""}"
1984-05-22,,,,,,,,,"{""numberLong"":""454024800""}"
1984-05-23,,,,,,,,,"{""numberLong"":""454111200""}"
1984-05-24,,,,,,,,,"{""numberLong"":""454197600""}"
1984-05-25,,,,,,,,,"{""numberLong"":""454284000""}"
1984-05-28,,,,,,,,,"{""numberLong"":""454543200""}"
1984-05-29,,,,,,,,,"{""numberLong"":""454629600""}"
1984-05-30,,,,,,,,,"{""numberLong"":""454716000""}"
1984-05-31,,,,,,,,,"{""numberLong"":""454802400""}"
1984-06-01,,,,,,,,,"{""numberLong"":""454888800""}"
1984-06-04,,,,,,,,,"{""numberLong"":""455148000""}"
1984-06-05,,,,,,,,,"{""numberLong"":""455234400""}"
1984-06-06,,,,,,,,,"{""numberLong"":""455320800""}"
1984-06-07,,,,,,,,,"{""numberLong"":""455407200""}"
1984-06-08,,,,,,,,,"{""numberLong"":""455493600""}"
1984-06-11,,,,,,,,,"{""numberLong"":""455752800""}"
1984-06-12,,,,,,,,,"{""numberLong"":""455839200""}"
1984-06-13,,,,,,,,,"{""numberLong"":""455925600""}"
1984-06-14,,,,,,,,,"{""numberLong"":""456012000""}"
1984-06-15,,,,,,,,,"{""numberLong"":""456098400""}"
1984-06-18,,,,,,,,,"{""numberLong"":""456357600""}"
1984-06-19,,,,,,,,,"{""numberLong"":""456444000""}"
1984-06-20,,,,,,,,,"{""numberLong"":""456530400""}"
1984-06-21,,,,,,,,,"{""numberLong"":""456616800""}"
1984-06-22,,,,,,,,,"{""numberLong"":""456703200""}"
1984-06-25,,,,,,,,,"{""numberLong"":""456962400""}"
1984-06-26,,,,,,,,,"{""numberLong"":""457048800""}"
1984-06-27,,,,,,,,,"{""numberLong"":""457135200""}"
1984-06-28,,,,,,,,,"{""numberLong"":""457221600""}"
1984-06-29,,,,,,,,,"{""numberLong"":""457308000""}"
1984-07-02,,,,,,,,,"{""numberLong"":""457567200""}"
1984-07-03,,,,,,,,,"{""numberLong"":""457653600""}"
1984-07-04,,,,,,,,,"{""numberLong"":""457740000""}"
1984-07-05,,,,,,,,,"{""numberLong"":""457826400""}"
1984-07-06,,,,,,,,,"{""numberLong"":""457912800""}"
1984-07-09,,,,,,,,,"{""numberLong"":""458172000""}"
1984-07-10,,,,,,,,,"{""numberLong"":""458258400""}"
1984-07-11,,,,,,,,,"{""numberLong"":""458344800""}"
1984-07-12,,,,,,,,,"{""numberLong"":""458431200""}"
1984-07-13,,,,,,,,,"{""numberLong"":""458517600""}"
1984-07-16,,,,,,,,,"{""numberLong"":""458776800""}"
1984-07-17,,,,,,,,,"{""numberLong"":""458863200""}"
1984-07-18,,,,,,,,,"{""numberLong"":""458949600""}"
1984-07-19,,,,,,,,,"{""numberLong"":""459036000""}"
1984-07-20,,,,,,,,,"{""numberLong"":""459122400""}"
1984-07-23,,,,,,,,,"{""numberLong"":""459381600""}"
1984-07-24,,,,,,,,,"{""numberLong"":""459468000""}"
1984-07-25,,,,,,,,,"{""numberLong"":""459554400""}"
1984-07-26,,,,,,,,,"{""numberLong"":""459640800""}"
1984-07-27,,,,,,,,,"{""numberLong"":""459727200""}"
1984-07-30,,,,,,,,,"{""numberLong"":""459986400""}"
1984-07-31,,,,,,,,,"{""numberLong"":""460072800""}"
1984-08-01,,,,,,,,,"{""numberLong"":""460159200""}"
1984-08-02,,,,,,,,,"{""numberLong"":""460245600""}"
1984-08-03,,,,,,,,,"{""numberLong"":""460332000""}"
1984-08-06,,,,,,,,,"{""numberLong"":""460591200""}"
1984-08-07,,,,,,,,,"{""numberLong"":""460677600""}"
1984-08-08,,,,,,,,,"{""numberLong"":""460764000""}"
1984-08-09,,,,,,,,,"{""numberLong"":""460850400""}"
1984-08-10,,,,,,,,,"{""numberLong"":""460936800""}"
1984-08-13,,,,,,,,,"{""numberLong"":""461196000""}"
1984-08-14,,,,,,,,,"{""numberLong"":""461282400""}"
1984-08-15,,,,,,,,,"{""numberLong"":""461368800""}"
1984-08-16,,,,,,,,,"{""numberLong"":""461455200""}"
1984-08-17,,,,,,,,,"{""numberLong"":""461541600""}"
1984-08-20,,,,,,,,,"{""numberLong"":""461800800""}"
1984-08-21,,,,,,,,,"{""numberLong"":""461887200""}"
1984-08-22,,,,,,,,,"{""numberLong"":""461973600""}"
1984-08-23,,,,,,,,,"{""numberLong"":""462060000""}"
1984-08-24,,,,,,,,,"{""numberLong"":""462146400""}"
1984-08-27,,,,,,,,,"{""numberLong"":""462405600""}"
1984-08-28,,,,,,,,,"{""numberLong"":""462492000""}"
1984-08-29,,,,,,,,,"{""numberLong"":""462578400""}"
1984-08-30,,,,,,,,,"{""numberLong"":""462664800""}"
1984-08-31,,,,,,,,,"{""numberLong"":""462751200""}"
1984-09-03,,,,,,,,,"{""numberLong"":""463010400""}"
1984-09-04,,,,,,,,,"{""numberLong"":""463096800""}"
1984-09-05,,,,,,,,,"{""numberLong"":""463183200""}"
1984-09-06,,,,,,,,,"{""numberLong"":""463269600""}"
1984-09-07,,,,,,,,,"{""numberLong"":""463356000""}"
1984-09-10,,,,,,,,,"{""numberLong"":""463615200""}"
1984-09-11,,,,,,,,,"{""numberLong"":""463701600""}"
1984-09-12,,,,,,,,,"{""numberLong"":""463788000""}"
1984-09-13,,,,,,,,,"{""numberLong"":""463874400""}"
1984-09-14,,,,,,,,,"{""numberLong"":""463960800""}"
1984-09-17,,,,,,,,,"{""numberLong"":""464220000""}"
1984-09-18,,,,,,,,,"{""numberLong"":""464306400""}"
1984-09-19,,,,,,,,,"{""numberLong"":""464392800""}"
1984-09-20,,,,,,,,,"{""numberLong"":""464479200""}"
1984-09-21,,,,,,,,,"{""numberLong"":""464565600""}"
1984-09-24,,,,,,,,,"{""numberLong"":""464824800""}"
1984-09-25,,,,,,,,,"{""numberLong"":""464911200""}"
1984-09-26,,,,,,,,,"{""numberLong"":""464997600""}"
1984-09-27,,,,,,,,,"{""numberLong"":""465084000""}"
1984-09-28,,,,,,,,,"{""numberLong"":""465170400""}"
1984-10-01,,,,,,,,,"{""numberLong"":""465433200""}"
1984-10-02,,,,,,,,,"{""numberLong"":""465519600""}"
1984-10-03,,,,,,,,,"{""numberLong"":""465606000""}"
1984-10-04,,,,,,,,,"{""numberLong"":""465692400""}"
1984-10-05,,,,,,,,,"{""numberLong"":""465778800""}"
1984-10-08,,,,,,,,,"{""numberLong"":""466038000""}"
1984-10-09,,,,,,,,,"{""numberLong"":""466124400""}"
1984-10-10,,,,,,,,,"{""numberLong"":""466210800""}"
1984-10-11,,,,,,,,,"{""numberLong"":""466297200""}"
1984-10-12,,,,,,,,,"{""numberLong"":""466383600""}"
1984-10-15,,,,,,,,,"{""numberLong"":""466642800""}"
1984-10-16,,,,,,,,,"{""numberLong"":""466729200""}"
1984-10-17,,,,,,,,,"{""numberLong"":""466815600""}"
1984-10-18,,,,,,,,,"{""numberLong"":""466902000""}"
1984-10-19,,,,,,,,,"{""numberLong"":""466988400""}"
1984-10-22,,,,,,,,,"{""numberLong"":""467247600""}"
1984-10-23,,,,,,,,,"{""numberLong"":""467334000""}"
1984-10-24,,,,,,,,,"{""numberLong"":""467420400""}"
1984-10-25,,,,,,,,,"{""numberLong"":""467506800""}"
1984-10-26,,,,,,,,,"{""numberLong"":""467593200""}"
1984-10-29,,,,,,,,,"{""numberLong"":""467852400""}"
1984-10-30,,,,,,,,,"{""numberLong"":""467938800""}"
1984-10-31,,,,,,,,,"{""numberLong"":""468025200""}"
1984-11-01,,,,,,,,,"{""numberLong"":""468111600""}"
1984-11-02,,,,,,,,,"{""numberLong"":""468198000""}"
1984-11-05,,,,,,,,,"{""numberLong"":""468457200""}"
1984-11-06,,,,,,,,,"{""numberLong"":""468543600""}"
1984-11-07,,,,,,,,,"{""numberLong"":""468630000""}"
1984-11-08,,,,,,,,,"{""numberLong"":""468716400""}"
1984-11-09,,,,,,,,,"{""numberLong"":""468802800""}"
1984-11-12,,,,,,,,,"{""numberLong"":""469062000""}"
1984-11-13,,,,,,,,,"{""numberLong"":""469148400""}"
1984-11-14,,,,,,,,,"{""numberLong"":""469234800""}"
1984-11-15,,,,,,,,,"{""numberLong"":""469321200""}"
1984-11-16,,,,,,,,,"{""numberLong"":""469407600""}"
1984-11-19,,,,,,,,,"{""numberLong"":""469666800""}"
1984-11-20,,,,,,,,,"{""numberLong"":""469753200""}"
1984-11-21,,,,,,,,,"{""numberLong"":""469839600""}"
1984-11-22,,,,,,,,,"{""numberLong"":""469926000""}"
1984-11-23,,,,,,,,,"{""numberLong"":""470012400""}"
1984-11-26,,,,,,,,,"{""numberLong"":""470271600""}"
1984-11-27,,,,,,,,,"{""numberLong"":""470358000""}"
1984-11-28,,,,,,,,,"{""numberLong"":""470444400""}"
1984-11-29,,,,,,,,,"{""numberLong"":""470530800""}"
1984-11-30,,,,,,,,,"{""numberLong"":""470617200""}"
1984-12-03,,,,,,,,,"{""numberLong"":""470876400""}"
1984-12-04,,,,,,,,,"{""numberLong"":""470962800""}"
1984-12-05,,,,,,,,,"{""numberLong"":""471049200""}"
1984-12-06,,,,,,,,,"{""numberLong"":""471135600""}"
1984-12-07,,,,,,,,,"{""numberLong"":""471222000""}"
1984-12-10,,,,,,,,,"{""numberLong"":""471481200""}"
1984-12-11,,,,,,,,,"{""numberLong"":""471567600""}"
1984-12-12,,,,,,,,,"{""numberLong"":""471654000""}"
1984-12-13,,,,,,,,,"{""numberLong"":""471740400""}"
1984-12-14,,,,,,,,,"{""numberLong"":""471826800""}"
1984-12-17,,,,,,,,,"{""numberLong"":""472086000""}"
1984-12-18,,,,,,,,,"{""numberLong"":""472172400""}"
1984-12-19,,,,,,,,,"{""numberLong"":""472258800""}"
1984-12-20,,,,,,,,,"{""numberLong"":""472345200""}"
1984-12-21,,,,,,,,,"{""numberLong"":""472431600""}"
1984-12-24,,,,,,,,,"{""numberLong"":""472690800""}"
1984-12-25,,,,,,,,,"{""numberLong"":""472777200""}"
1984-12-26,,,,,,,,,"{""numberLong"":""472863600""}"
1984-12-27,,,,,,,,,"{""numberLong"":""472950000""}"
1984-12-28,,,,,,,,,"{""numberLong"":""473036400""}"
1984-12-31,6453.3,1073.5,5379.8,3025.1,554.5,2387.9,2203.8,918.9,"{""numberLong"":""473295600""}"
1985-01-01,,,,,,,,,"{""numberLong"":""473382000""}"
1985-01-02,,,,,,,,,"{""numberLong"":""473468400""}"
1985-01-03,,,,,,,,,"{""numberLong"":""473554800""}"
1985-01-04,,,,,,,,,"{""numberLong"":""473641200""}"
1985-01-07,,,,,,,,,"{""numberLong"":""473900400""}"
1985-01-08,,,,,,,,,"{""numberLong"":""473986800""}"
1985-01-09,,,,,,,,,"{""numberLong"":""474073200""}"
1985-01-10,,,,,,,,,"{""numberLong"":""474159600""}"
1985-01-11,,,,,,,,,"{""numberLong"":""474246000""}"
1985-01-14,,,,,,,,,"{""numberLong"":""474505200""}"
1985-01-15,,,,,,,,,"{""numberLong"":""474591600""}"
1985-01-16,,,,,,,,,"{""numberLong"":""474678000""}"
1985-01-17,,,,,,,,,"{""numberLong"":""474764400""}"
1985-01-18,,,,,,,,,"{""numberLong"":""474850800""}"
1985-01-21,,,,,,,,,"{""numberLong"":""475110000""}"
1985-01-22,,,,,,,,,"{""numberLong"":""475196400""}"
1985-01-23,,,,,,,,,"{""numberLong"":""475282800""}"
1985-01-24,,,,,,,,,"{""numberLong"":""475369200""}"
1985-01-25,6432.7,1321.6,5111.1,2661.6,375.7,2618.3,2318.4,911.1,"{""numberLong"":""475455600""}"
1985-01-28,,,,,,,,,"{""numberLong"":""475714800""}"
1985-01-29,,,,,,,,,"{""numberLong"":""475801200""}"
1985-01-30,,,,,,,,,"{""numberLong"":""475887600""}"
1985-01-31,,,,,,,,,"{""numberLong"":""475974000""}"
1985-02-01,,,,,,,,,"{""numberLong"":""476060400""}"
1985-02-04,,,,,,,,,"{""numberLong"":""476319600""}"
1985-02-05,,,,,,,,,"{""numberLong"":""476406000""}"
1985-02-06,,,,,,,,,"{""numberLong"":""476492400""}"
1985-02-07,,,,,,,,,"{""numberLong"":""476578800""}"
1985-02-08,,,,,,,,,"{""numberLong"":""476665200""}"
1985-02-11,,,,,,,,,"{""numberLong"":""476924400""}"
1985-02-12,,,,,,,,,"{""numberLong"":""477010800""}"
1985-02-13,,,,,,,,,"{""numberLong"":""477097200""}"
1985-02-14,,,,,,,,,"{""numberLong"":""477183600""}"
1985-02-15,,,,,,,,,"{""numberLong"":""477270000""}"
1985-02-18,,,,,,,,,"{""numberLong"":""477529200""}"
1985-02-19,,,,,,,,,"{""numberLong"":""477615600""}"
1985-02-20,,,,,,,,,"{""numberLong"":""477702000""}"
1985-02-21,,,,,,,,,"{""numberLong"":""477788400""}"
1985-02-22,6881.9,1305.3,5576.6,2585.6,401.4,2699.1,2439.6,922.1,"{""numberLong"":""477874800""}"
1985-02-25,,,,,,,,,"{""numberLong"":""478134000""}"
1985-02-26,,,,,,,,,"{""numberLong"":""478220400""}"
1985-02-27,,,,,,,,,"{""numberLong"":""478306800""}"
1985-02-28,,,,,,,,,"{""numberLong"":""478393200""}"
1985-03-01,,,,,,,,,"{""numberLong"":""478479600""}"
1985-03-04,,,,,,,,,"{""numberLong"":""478738800""}"
1985-03-05,,,,,,,,,"{""numberLong"":""478825200""}"
1985-03-06,,,,,,,,,"{""numberLong"":""478911600""}"
1985-03-07,,,,,,,,,"{""numberLong"":""478998000""}"
1985-03-08,,,,,,,,,"{""numberLong"":""479084400""}"
1985-03-11,,,,,,,,,"{""numberLong"":""479343600""}"
1985-03-12,,,,,,,,,"{""numberLong"":""479430000""}"
1985-03-13,,,,,,,,,"{""numberLong"":""479516400""}"
1985-03-14,,,,,,,,,"{""numberLong"":""479602800""}"
1985-03-15,,,,,,,,,"{""numberLong"":""479689200""}"
1985-03-18,,,,,,,,,"{""numberLong"":""479948400""}"
1985-03-19,,,,,,,,,"{""numberLong"":""480034800""}"
1985-03-20,,,,,,,,,"{""numberLong"":""480121200""}"
1985-03-21,,,,,,,,,"{""numberLong"":""480207600""}"
1985-03-22,,,,,,,,,"{""numberLong"":""480294000""}"
1985-03-25,,,,,,,,,"{""numberLong"":""480553200""}"
1985-03-26,,,,,,,,,"{""numberLong"":""480639600""}"
1985-03-27,,,,,,,,,"{""numberLong"":""480726000""}"
1985-03-28,,,,,,,,,"{""numberLong"":""480812400""}"
1985-03-29,7258.6,1767.5,5491.1,2466.9,403.3,2675.3,2524.3,966.4,"{""numberLong"":""480898800""}"
1985-04-01,,,,,,,,,"{""numberLong"":""481154400""}"
1985-04-02,,,,,,,,,"{""numberLong"":""481240800""}"
1985-04-03,,,,,,,,,"{""numberLong"":""481327200""}"
1985-04-04,,,,,,,,,"{""numberLong"":""481413600""}"
1985-04-05,,,,,,,,,"{""numberLong"":""481500000""}"
1985-04-08,,,,,,,,,"{""numberLong"":""481759200""}"
1985-04-09,,,,,,,,,"{""numberLong"":""481845600""}"
1985-04-10,,,,,,,,,"{""numberLong"":""481932000""}"
1985-04-11,,,,,,,,,"{""numberLong"":""482018400""}"
1985-04-12,,,,,,,,,"{""numberLong"":""482104800""}"
1985-04-15,,,,,,,,,"{""numberLong"":""482364000""}"
1985-04-16,,,,,,,,,"{""numberLong"":""482450400""}"
1985-04-17,,,,,,,,,"{""numberLong"":""482536800""}"
1985-04-18,,,,,,,,,"{""numberLong"":""482623200""}"
1985-04-19,,,,,,,,,"{""numberLong"":""482709600""}"
1985-04-22,,,,,,,,,"{""numberLong"":""482968800""}"
1985-04-23,,,,,,,,,"{""numberLong"":""483055200""}"
1985-04-24,,,,,,,,,"{""numberLong"":""483141600""}"
1985-04-25,,,,,,,,,"{""numberLong"":""483228000""}"
1985-04-26,7530.2,1863.8,5666.4,2458.1,394.9,2777.2,2600.8,974.3,"{""numberLong"":""483314400""}"
1985-04-29,,,,,,,,,"{""numberLong"":""483573600""}"
1985-04-30,,,,,,,,,"{""numberLong"":""483660000""}"
1985-05-01,,,,,,,,,"{""numberLong"":""483746400""}"
1985-05-02,,,,,,,,,"{""numberLong"":""483832800""}"
1985-05-03,,,,,,,,,"{""numberLong"":""483919200""}"
1985-05-06,,,,,,,,,"{""numberLong"":""484178400""}"
1985-05-07,,,,,,,,,"{""numberLong"":""484264800""}"
1985-05-08,,,,,,,,,"{""numberLong"":""484351200""}"
1985-05-09,,,,,,,,,"{""numberLong"":""484437600""}"
1985-05-10,,,,,,,,,"{""numberLong"":""484524000""}"
1985-05-13,,,,,,,,,"{""numberLong"":""484783200""}"
1985-05-14,,,,,,,,,"{""numberLong"":""484869600""}"
1985-05-15,,,,,,,,,"{""numberLong"":""484956000""}"
1985-05-16,,,,,,,,,"{""numberLong"":""485042400""}"
1985-05-17,,,,,,,,,"{""numberLong"":""485128800""}"
1985-05-20,,,,,,,,,"{""numberLong"":""485388000""}"
1985-05-21,,,,,,,,,"{""numberLong"":""485474400""}"
1985-05-22,,,,,,,,,"{""numberLong"":""485560800""}"
1985-05-23,,,,,,,,,"{""numberLong"":""485647200""}"
1985-05-24,,,,,,,,,"{""numberLong"":""485733600""}"
1985-05-27,,,,,,,,,"{""numberLong"":""485992800""}"
1985-05-28,,,,,,,,,"{""numberLong"":""486079200""}"
1985-05-29,,,,,,,,,"{""numberLong"":""486165600""}"
1985-05-30,,,,,,,,,"{""numberLong"":""486252000""}"
1985-05-31,7764.3,1861.9,5902.4,2507.1,403.0,2811.6,2572.3,1068.9,"{""numberLong"":""486338400""}"
1985-06-03,,,,,,,,,"{""numberLong"":""486597600""}"
1985-06-04,,,,,,,,,"{""numberLong"":""486684000""}"
1985-06-05,,,,,,,,,"{""numberLong"":""486770400""}"
1985-06-06,,,,,,,,,"{""numberLong"":""486856800""}"
1985-06-07,,,,,,,,,"{""numberLong"":""486943200""}"
1985-06-10,,,,,,,,,"{""numberLong"":""487202400""}"
1985-06-11,,,,,,,,,"{""numberLong"":""487288800""}"
1985-06-12,,,,,,,,,"{""numberLong"":""487375200""}"
1985-06-13,,,,,,,,,"{""numberLong"":""487461600""}"
1985-06-14,,,,,,,,,"{""numberLong"":""487548000""}"
1985-06-17,,,,,,,,,"{""numberLong"":""487807200""}"
1985-06-18,,,,,,,,,"{""numberLong"":""487893600""}"
1985-06-19,,,,,,,,,"{""numberLong"":""487980000""}"
1985-06-20,,,,,,,,,"{""numberLong"":""488066400""}"
1985-06-21,,,,,,,,,"{""numberLong"":""488152800""}"
1985-06-24,,,,,,,,,"{""numberLong"":""488412000""}"
1985-06-25,,,,,,,,,"{""numberLong"":""488498400""}"
1985-06-26,,,,,,,,,"{""numberLong"":""488584800""}"
1985-06-27,,,,,,,,,"{""numberLong"":""488671200""}"
1985-06-28,7967.3,1814.7,6152.6,2641.1,419.5,2851.7,2710.5,1190.2,"{""numberLong"":""488757600""}"
1985-07-01,,,,,,,,,"{""numberLong"":""489016800""}"
1985-07-02,,,,,,,,,"{""numberLong"":""489103200""}"
1985-07-03,,,,,,,,,"{""numberLong"":""489189600""}"
1985-07-04,,,,,,,,,"{""numberLong"":""489276000""}"
1985-07-05,,,,,,,,,"{""numberLong"":""489362400""}"
1985-07-08,,,,,,,,,"{""numberLong"":""489621600""}"
1985-07-09,,,,,,,,,"{""numberLong"":""489708000""}"
1985-07-10,,,,,,,,,"{""numberLong"":""489794400""}"
1985-07-11,,,,,,,,,"{""numberLong"":""489880800""}"
1985-07-12,,,,,,,,,"{""numberLong"":""489967200""}"
1985-07-15,,,,,,,,,"{""numberLong"":""490226400""}"
1985-07-16,,,,,,,,,"{""numberLong"":""490312800""}"
1985-07-17,,,,,,,,,"{""numberLong"":""490399200""}"
1985-07-18,,,,,,,,,"{""numberLong"":""490485600""}"
1985-07-19,,,,,,,,,"{""numberLong"":""490572000""}"
1985-07-22,,,,,,,,,"{""numberLong"":""490831200""}"
1985-07-23,,,,,,,,,"{""numberLong"":""490917600""}"
1985-07-24,,,,,,,,,"{""numberLong"":""491004000""}"
1985-07-25,,,,,,,,,"{""numberLong"":""491090400""}"
1985-07-26,8198.0,1758.8,6439.2,2798.6,411.7,2924.1,2760.7,1166.8,"{""numberLong"":""491176800""}"
1985-07-29,,,,,,,,,"{""numberLong"":""491436000""}"
1985-07-30,,,,,,,,,"{""numberLong"":""491522400""}"
1985-07-31,,,,,,,,,"{""numberLong"":""491608800""}"
1985-08-01,,,,,,,,,"{""numberLong"":""491695200""}"
1985-08-02,,,,,,,,,"{""numberLong"":""491781600""}"
1985-08-05,,,,,,,,,"{""numberLong"":""492040800""}"
1985-08-06,,,,,,,,,"{""numberLong"":""492127200""}"
1985-08-07,,,,,,,,,"{""numberLong"":""492213600""}"
1985-08-08,,,,,,,,,"{""numberLong"":""492300000""}"
1985-08-09,,,,,,,,,"{""numberLong"":""492386400""}"
1985-08-12,,,,,,,,,"{""numberLong"":""492645600""}"
1985-08-13,,,,,,,,,"{""numberLong"":""492732000""}"
1985-08-14,,,,,,,,,"{""numberLong"":""492818400""}"
1985-08-15,,,,,,,,,"{""numberLong"":""492904800""}"
1985-08-16,,,,,,,,,"{""numberLong"":""492991200""}"
1985-08-19,,,,,,,,,"{""numberLong"":""493250400""}"
1985-08-20,,,,,,,,,"{""numberLong"":""493336800""}"
1985-08-21,,,,,,,,,"{""numberLong"":""493423200""}"
1985-08-22,,,,,,,,,"{""numberLong"":""493509600""}"
1985-08-23,8590.5,1886.0,6704.5,2870.4,479.8,3185.6,3019.1,1463.2,"{""numberLong"":""493596000""}"
1985-08-26,,,,,,,,,"{""numberLong"":""493855200""}"
1985-08-27,,,,,,,,,"{""numberLong"":""493941600""}"
1985-08-28,,,,,,,,,"{""numberLong"":""494028000""}"
1985-08-29,,,,,,,,,"{""numberLong"":""494114400""}"
1985-08-30,,,,,,,,,"{""numberLong"":""494200800""}"
1985-09-02,,,,,,,,,"{""numberLong"":""494460000""}"
1985-09-03,,,,,,,,,"{""numberLong"":""494546400""}"
1985-09-04,,,,,,,,,"{""numberLong"":""494632800""}"
1985-09-05,,,,,,,,,"{""numberLong"":""494719200""}"
1985-09-06,,,,,,,,,"{""numberLong"":""494805600""}"
1985-09-09,,,,,,,,,"{""numberLong"":""495064800""}"
1985-09-10,,,,,,,,,"{""numberLong"":""495151200""}"
1985-09-11,,,,,,,,,"{""numberLong"":""495237600""}"
1985-09-12,,,,,,,,,"{""numberLong"":""495324000""}"
1985-09-13,,,,,,,,,"{""numberLong"":""495410400""}"
1985-09-16,,,,,,,,,"{""numberLong"":""495669600""}"
1985-09-17,,,,,,,,,"{""numberLong"":""495756000""}"
1985-09-18,,,,,,,,,"{""numberLong"":""495842400""}"
1985-09-19,,,,,,,,,"{""numberLong"":""495928800""}"
1985-09-20,,,,,,,,,"{""numberLong"":""496015200""}"
1985-09-23,,,,,,,,,"{""numberLong"":""496274400""}"
1985-09-24,,,,,,,,,"{""numberLong"":""496360800""}"
1985-09-25,,,,,,,,,"{""numberLong"":""496447200""}"
1985-09-26,,,,,,,,,"{""numberLong"":""496533600""}"
1985-09-27,8706.9,1888.8,6818.1,2973.1,450.8,3179.2,3046.5,1376.3,"{""numberLong"":""496620000""}"
1985-09-30,,,,,,,,,"{""numberLong"":""496882800""}"
1985-10-01,,,,,,,,,"{""numberLong"":""496969200""}"
1985-10-02,,,,,,,,,"{""numberLong"":""497055600""}"
1985-10-03,,,,,,,,,"{""numberLong"":""497142000""}"
1985-10-04,,,,,,,,,"{""numberLong"":""497228400""}"
1985-10-07,,,,,,,,,"{""numberLong"":""497487600""}"
1985-10-08,,,,,,,,,"{""numberLong"":""497574000""}"
1985-10-09,,,,,,,,,"{""numberLong"":""497660400""}"
1985-10-10,,,,,,,,,"{""numberLong"":""497746800""}"
1985-10-11,,,,,,,,,"{""numberLong"":""497833200""}"
1985-10-14,,,,,,,,,"{""numberLong"":""498092400""}"
1985-10-15,,,,,,,,,"{""numberLong"":""498178800""}"
1985-10-16,,,,,,,,,"{""numberLong"":""498265200""}"
1985-10-17,,,,,,,,,"{""numberLong"":""498351600""}"
1985-10-18,,,,,,,,,"{""numberLong"":""498438000""}"
1985-10-21,,,,,,,,,"{""numberLong"":""498697200""}"
1985-10-22,,,,,,,,,"{""numberLong"":""498783600""}"
1985-10-23,,,,,,,,,"{""numberLong"":""498870000""}"
1985-10-24,,,,,,,,,"{""numberLong"":""498956400""}"
1985-10-25,8939.2,1935.2,7004.0,3123.7,425.2,3199.2,2995.0,1327.1,"{""numberLong"":""499042800""}"
1985-10-28,,,,,,,,,"{""numberLong"":""499302000""}"
1985-10-29,,,,,,,,,"{""numberLong"":""499388400""}"
1985-10-30,,,,,,,,,"{""numberLong"":""499474800""}"
1985-10-31,,,,,,,,,"{""numberLong"":""499561200""}"
1985-11-01,,,,,,,,,"{""numberLong"":""499647600""}"
1985-11-04,,,,,,,,,"{""numberLong"":""499906800""}"
1985-11-05,,,,,,,,,"{""numberLong"":""499993200""}"
1985-11-06,,,,,,,,,"{""numberLong"":""500079600""}"
1985-11-07,,,,,,,,,"{""numberLong"":""500166000""}"
1985-11-08,,,,,,,,,"{""numberLong"":""500252400""}"
1985-11-11,,,,,,,,,"{""numberLong"":""500511600""}"
1985-11-12,,,,,,,,,"{""numberLong"":""500598000""}"
1985-11-13,,,,,,,,,"{""numberLong"":""500684400""}"
1985-11-14,,,,,,,,,"{""numberLong"":""500770800""}"
1985-11-15,,,,,,,,,"{""numberLong"":""500857200""}"
1985-11-18,,,,,,,,,"{""numberLong"":""501116400""}"
1985-11-19,,,,,,,,,"{""numberLong"":""501202800""}"
1985-11-20,,,,,,,,,"{""numberLong"":""501289200""}"
1985-11-21,,,,,,,,,"{""numberLong"":""501375600""}"
1985-11-22,,,,,,,,,"{""numberLong"":""501462000""}"
1985-11-25,,,,,,,,,"{""numberLong"":""501721200""}"
1985-11-26,,,,,,,,,"{""numberLong"":""501807600""}"
1985-11-27,,,,,,,,,"{""numberLong"":""501894000""}"
1985-11-28,,,,,,,,,"{""numberLong"":""501980400""}"
1985-11-29,9168.1,2020.7,7147.4,3003.7,443.7,3233.0,3046.9,1352.8,"{""numberLong"":""502066800""}"
1985-12-02,,,,,,,,,"{""numberLong"":""502326000""}"
1985-12-03,,,,,,,,,"{""numberLong"":""502412400""}"
1985-12-04,,,,,,,,,"{""numberLong"":""502498800""}"
1985-12-05,,,,,,,,,"{""numberLong"":""502585200""}"
1985-12-06,,,,,,,,,"{""numberLong"":""502671600""}"
1985-12-09,,,,,,,,,"{""numberLong"":""502930800""}"
1985-12-10,,,,,,,,,"{""numberLong"":""503017200""}"
1985-12-11,,,,,,,,,"{""numberLong"":""503103600""}"
1985-12-12,,,,,,,,,"{""numberLong"":""503190000""}"
1985-12-13,,,,,,,,,"{""numberLong"":""503276400""}"
1985-12-16,,,,,,,,,"{""numberLong"":""503535600""}"
1985-12-17,,,,,,,,,"{""numberLong"":""503622000""}"
1985-12-18,,,,,,,,,"{""numberLong"":""503708400""}"
1985-12-19,,,,,,,,,"{""numberLong"":""503794800""}"
1985-12-20,,,,,,,,,"{""numberLong"":""503881200""}"
1985-12-23,,,,,,,,,"{""numberLong"":""504140400""}"
1985-12-24,,,,,,,,,"{""numberLong"":""504226800""}"
1985-12-25,,,,,,,,,"{""numberLong"":""504313200""}"
1985-12-26,,,,,,,,,"{""numberLong"":""504399600""}"
1985-12-27,9314.7,2101.0,7213.7,2963.8,419.3,3160.5,2996.3,1285.8,"{""numberLong"":""504486000""}"
1985-12-30,,,,,,,,,"{""numberLong"":""504745200""}"
1985-12-31,,,,,,,,,"{""numberLong"":""504831600""}"
1986-01-01,,,,,,,,,"{""numberLong"":""504918000""}"
1986-01-02,,,,,,,,,"{""numberLong"":""505004400""}"
1986-01-03,,,,,,,,,"{""numberLong"":""505090800""}"
1986-01-06,,,,,,,,,"{""numberLong"":""505350000""}"
1986-01-07,,,,,,,,,"{""numberLong"":""505436400""}"
1986-01-08,,,,,,,,,"{""numberLong"":""505522800""}"
1986-01-09,,,,,,,,,"{""numberLong"":""505609200""}"
1986-01-10,,,,,,,,,"{""numberLong"":""505695600""}"
1986-01-13,,,,,,,,,"{""numberLong"":""505954800""}"
1986-01-14,,,,,,,,,"{""numberLong"":""506041200""}"
1986-01-15,,,,,,,,,"{""numberLong"":""506127600""}"
1986-01-16,,,,,,,,,"{""numberLong"":""506214000""}"
1986-01-17,,,,,,,,,"{""numberLong"":""506300400""}"
1986-01-20,,,,,,,,,"{""numberLong"":""506559600""}"
1986-01-21,,,,,,,,,"{""numberLong"":""506646000""}"
1986-01-22,,,,,,,,,"{""numberLong"":""506732400""}"
1986-01-23,,,,,,,,,"{""numberLong"":""506818800""}"
1986-01-24,,,,,,,,,"{""numberLong"":""506905200""}"
1986-01-27,,,,,,,,,"{""numberLong"":""507164400""}"
1986-01-28,,,,,,,,,"{""numberLong"":""507250800""}"
1986-01-29,,,,,,,,,"{""numberLong"":""507337200""}"
1986-01-30,,,,,,,,,"{""numberLong"":""507423600""}"
1986-01-31,9999.9,2347.2,7652.7,3499.5,458.6,3400.1,3138.6,1344.5,"{""numberLong"":""507510000""}"
1986-02-03,,,,,,,,,"{""numberLong"":""507769200""}"
1986-02-04,,,,,,,,,"{""numberLong"":""507855600""}"
1986-02-05,,,,,,,,,"{""numberLong"":""507942000""}"
1986-02-06,,,,,,,,,"{""numberLong"":""508028400""}"
1986-02-07,,,,,,,,,"{""numberLong"":""508114800""}"
1986-02-10,,,,,,,,,"{""numberLong"":""508374000""}"
1986-02-11,,,,,,,,,"{""numberLong"":""508460400""}"
1986-02-12,,,,,,,,,"{""numberLong"":""508546800""}"
1986-02-13,,,,,,,,,"{""numberLong"":""508633200""}"
1986-02-14,,,,,,,,,"{""numberLong"":""508719600""}"
1986-02-17,,,,,,,,,"{""numberLong"":""508978800""}"
1986-02-18,,,,,,,,,"{""numberLong"":""509065200""}"
1986-02-19,,,,,,,,,"{""numberLong"":""509151600""}"
1986-02-20,,,,,,,,,"{""numberLong"":""509238000""}"
1986-02-21,,,,,,,,,"{""numberLong"":""509324400""}"
1986-02-24,,,,,,,,,"{""numberLong"":""509583600""}"
1986-02-25,,,,,,,,,"{""numberLong"":""509670000""}"
1986-02-26,,,,,,,,,"{""numberLong"":""509756400""}"
1986-02-27,,,,,,,,,"{""numberLong"":""509842800""}"
1986-02-28,10449.1,2391.6,8057.5,3542.2,452.3,3444.5,3267.6,1391.4,"{""numberLong"":""509929200""}"
1986-03-03,,,,,,,,,"{""numberLong"":""510188400""}"
1986-03-04,,,,,,,,,"{""numberLong"":""510274800""}"
1986-03-05,,,,,,,,,"{""numberLong"":""510361200""}"
1986-03-06,,,,,,,,,"{""numberLong"":""510447600""}"
1986-03-07,,,,,,,,,"{""numberLong"":""510534000""}"
1986-03-10,,,,,,,,,"{""numberLong"":""510793200""}"
1986-03-11,,,,,,,,,"{""numberLong"":""510879600""}"
1986-03-12,,,,,,,,,"{""numberLong"":""510966000""}"
1986-03-13,,,,,,,,,"{""numberLong"":""511052400""}"
1986-03-14,,,,,,,,,"{""numberLong"":""511138800""}"
1986-03-17,,,,,,,,,"{""numberLong"":""511398000""}"
1986-03-18,,,,,,,,,"{""numberLong"":""511484400""}"
1986-03-19,,,,,,,,,"{""numberLong"":""511570800""}"
1986-03-20,,,,,,,,,"{""numberLong"":""511657200""}"
1986-03-21,,,,,,,,,"{""numberLong"":""511743600""}"
1986-03-24,,,,,,,,,"{""numberLong"":""512002800""}"
1986-03-25,,,,,,,,,"{""numberLong"":""512089200""}"
1986-03-26,,,,,,,,,"{""numberLong"":""512175600""}"
1986-03-27,,,,,,,,,"{""numberLong"":""512262000""}"
1986-03-28,10882.9,2507.2,8375.7,3483.4,459.7,3387.8,3164.5,1406.5,"{""numberLong"":""512348400""}"
1986-03-31,,,,,,,,,"{""numberLong"":""512604000""}"
1986-04-01,,,,,,,,,"{""numberLong"":""512690400""}"
1986-04-02,,,,,,,,,"{""numberLong"":""512776800""}"
1986-04-03,,,,,,,,,"{""numberLong"":""512863200""}"
1986-04-04,,,,,,,,,"{""numberLong"":""512949600""}"
1986-04-07,,,,,,,,,"{""numberLong"":""513208800""}"
1986-04-08,,,,,,,,,"{""numberLong"":""513295200""}"
1986-04-09,,,,,,,,,"{""numberLong"":""513381600""}"
1986-04-10,,,,,,,,,"{""numberLong"":""513468000""}"
1986-04-11,,,,,,,,,"{""numberLong"":""513554400""}"
1986-04-14,,,,,,,,,"{""numberLong"":""513813600""}"
1986-04-15,,,,,,,,,"{""numberLong"":""513900000""}"
1986-04-16,,,,,,,,,"{""numberLong"":""513986400""}"
1986-04-17,,,,,,,,,"{""numberLong"":""514072800""}"
1986-04-18,,,,,,,,,"{""numberLong"":""514159200""}"
1986-04-21,,,,,,,,,"{""numberLong"":""514418400""}"
1986-04-22,,,,,,,,,"{""numberLong"":""514504800""}"
1986-04-23,,,,,,,,,"{""numberLong"":""514591200""}"
1986-04-24,,,,,,,,,"{""numberLong"":""514677600""}"
1986-04-25,11130.2,2515.4,8614.8,3536.8,477.5,3513.9,3241.2,1431.2,"{""numberLong"":""514764000""}"
1986-04-28,,,,,,,,,"{""numberLong"":""515023200""}"
1986-04-29,,,,,,,,,"{""numberLong"":""515109600""}"
1986-04-30,,,,,,,,,"{""numberLong"":""515196000""}"
1986-05-01,,,,,,,,,"{""numberLong"":""515282400""}"
1986-05-02,,,,,,,,,"{""numberLong"":""515368800""}"
1986-05-05,,,,,,,,,"{""numberLong"":""515628000""}"
1986-05-06,,,,,,,,,"{""numberLong"":""515714400""}"
1986-05-07,,,,,,,,,"{""numberLong"":""515800800""}"
1986-05-08,,,,,,,,,"{""numberLong"":""515887200""}"
1986-05-09,,,,,,,,,"{""numberLong"":""515973600""}"
1986-05-12,,,,,,,,,"{""numberLong"":""516232800""}"
1986-05-13,,,,,,,,,"{""numberLong"":""516319200""}"
1986-05-14,,,,,,,,,"{""numberLong"":""516405600""}"
1986-05-15,,,,,,,,,"{""numberLong"":""516492000""}"
1986-05-16,,,,,,,,,"{""numberLong"":""516578400""}"
1986-05-19,,,,,,,,,"{""numberLong"":""516837600""}"
1986-05-20,,,,,,,,,"{""numberLong"":""516924000""}"
1986-05-21,,,,,,,,,"{""numberLong"":""517010400""}"
1986-05-22,,,,,,,,,"{""numberLong"":""517096800""}"
1986-05-23,,,,,,,,,"{""numberLong"":""517183200""}"
1986-05-26,,,,,,,,,"{""numberLong"":""517442400""}"
1986-05-27,,,,,,,,,"{""numberLong"":""517528800""}"
1986-05-28,,,,,,,,,"{""numberLong"":""517615200""}"
1986-05-29,,,,,,,,,"{""numberLong"":""517701600""}"
1986-05-30,11397.6,2673.2,8724.4,3468.6,527.3,3589.9,3367.0,1594.8,"{""numberLong"":""517788000""}"
1986-06-02,,,,,,,,,"{""numberLong"":""518047200""}"
1986-06-03,,,,,,,,,"{""numberLong"":""518133600""}"
1986-06-04,,,,,,,,,"{""numberLong"":""518220000""}"
1986-06-05,,,,,,,,,"{""numberLong"":""518306400""}"
1986-06-06,,,,,,,,,"{""numberLong"":""518392800""}"
1986-06-09,,,,,,,,,"{""numberLong"":""518652000""}"
1986-06-10,,,,,,,,,"{""numberLong"":""518738400""}"
1986-06-11,,,,,,,,,"{""numberLong"":""518824800""}"
1986-06-12,,,,,,,,,"{""numberLong"":""518911200""}"
1986-06-13,,,,,,,,,"{""numberLong"":""518997600""}"
1986-06-16,,,,,,,,,"{""numberLong"":""519256800""}"
1986-06-17,,,,,,,,,"{""numberLong"":""519343200""}"
1986-06-18,,,,,,,,,"{""numberLong"":""519429600""}"
1986-06-19,,,,,,,,,"{""numberLong"":""519516000""}"
1986-06-20,,,,,,,,,"{""numberLong"":""519602400""}"
1986-06-23,,,,,,,,,"{""numberLong"":""519861600""}"
1986-06-24,,,,,,,,,"{""numberLong"":""519948000""}"
1986-06-25,,,,,,,,,"{""numberLong"":""520034400""}"
1986-06-26,,,,,,,,,"{""numberLong"":""520120800""}"
1986-06-27,11782.3,2892.7,8889.6,3543.3,502.3,3667.4,3388.5,1633.6,"{""numberLong"":""520207200""}"
1986-06-30,,,,,,,,,"{""numberLong"":""520466400""}"
1986-07-01,,,,,,,,,"{""numberLong"":""520552800""}"
1986-07-02,,,,,,,,,"{""numberLong"":""520639200""}"
1986-07-03,,,,,,,,,"{""numberLong"":""520725600""}"
1986-07-04,,,,,,,,,"{""numberLong"":""520812000""}"
1986-07-07,,,,,,,,,"{""numberLong"":""521071200""}"
1986-07-08,,,,,,,,,"{""numberLong"":""521157600""}"
1986-07-09,,,,,,,,,"{""numberLong"":""521244000""}"
1986-07-10,,,,,,,,,"{""numberLong"":""521330400""}"
1986-07-11,,,,,,,,,"{""numberLong"":""521416800""}"
1986-07-14,,,,,,,,,"{""numberLong"":""521676000""}"
1986-07-15,,,,,,,,,"{""numberLong"":""521762400""}"
1986-07-16,,,,,,,,,"{""numberLong"":""521848800""}"
1986-07-17,,,,,,,,,"{""numberLong"":""521935200""}"
1986-07-18,,,,,,,,,"{""numberLong"":""522021600""}"
1986-07-21,,,,,,,,,"{""numberLong"":""522280800""}"
1986-07-22,,,,,,,,,"{""numberLong"":""522367200""}"
1986-07-23,,,,,,,,,"{""numberLong"":""522453600""}"
1986-07-24,,,,,,,,,"{""numberLong"":""522540000""}"
1986-07-25,12111.3,2854.4,9256.9,3724.8,549.4,3747.6,3509.2,1701.5,"{""numberLong"":""522626400""}"
1986-07-28,,,,,,,,,"{""numberLong"":""522885600""}"
1986-07-29,,,,,,,,,"{""numberLong"":""522972000""}"
1986-07-30,,,,,,,,,"{""numberLong"":""523058400""}"
1986-07-31,,,,,,,,,"{""numberLong"":""523144800""}"
1986-08-01,,,,,,,,,"{""numberLong"":""523231200""}"
1986-08-04,,,,,,,,,"{""numberLong"":""523490400""}"
1986-08-05,,,,,,,,,"{""numberLong"":""523576800""}"
1986-08-06,,,,,,,,,"{""numberLong"":""523663200""}"
1986-08-07,,,,,,,,,"{""numberLong"":""523749600""}"
1986-08-08,,,,,,,,,"{""numberLong"":""523836000""}"
1986-08-11,,,,,,,,,"{""numberLong"":""524095200""}"
1986-08-12,,,,,,,,,"{""numberLong"":""524181600""}"
1986-08-13,,,,,,,,,"{""numberLong"":""524268000""}"
1986-08-14,,,,,,,,,"{""numberLong"":""524354400""}"
1986-08-15,,,,,,,,,"{""numberLong"":""524440800""}"
1986-08-18,,,,,,,,,"{""numberLong"":""524700000""}"
1986-08-19,,,,,,,,,"{""numberLong"":""524786400""}"
1986-08-20,,,,,,,,,"{""numberLong"":""524872800""}"
1986-08-21,,,,,,,,,"{""numberLong"":""524959200""}"
1986-08-22,,,,,,,,,"{""numberLong"":""525045600""}"
1986-08-25,,,,,,,,,"{""numberLong"":""525304800""}"
1986-08-26,,,,,,,,,"{""numberLong"":""525391200""}"
1986-08-27,,,,,,,,,"{""numberLong"":""525477600""}"
1986-08-28,,,,,,,,,"{""numberLong"":""525564000""}"
1986-08-29,12884.0,3216.7,9667.3,3886.9,598.1,3987.1,3789.3,1962.2,"{""numberLong"":""525650400""}"
1986-09-01,,,,,,,,,"{""numberLong"":""525909600""}"
1986-09-02,,,,,,,,,"{""numberLong"":""525996000""}"
1986-09-03,,,,,,,,,"{""numberLong"":""526082400""}"
1986-09-04,,,,,,,,,"{""numberLong"":""526168800""}"
1986-09-05,,,,,,,,,"{""numberLong"":""526255200""}"
1986-09-08,,,,,,,,,"{""numberLong"":""526514400""}"
1986-09-09,,,,,,,,,"{""numberLong"":""526600800""}"
1986-09-10,,,,,,,,,"{""numberLong"":""526687200""}"
1986-09-11,,,,,,,,,"{""numberLong"":""526773600""}"
1986-09-12,,,,,,,,,"{""numberLong"":""526860000""}"
1986-09-15,,,,,,,,,"{""numberLong"":""527119200""}"
1986-09-16,,,,,,,,,"{""numberLong"":""527205600""}"
1986-09-17,,,,,,,,,"{""numberLong"":""527292000""}"
1986-09-18,,,,,,,,,"{""numberLong"":""527378400""}"
1986-09-19,,,,,,,,,"{""numberLong"":""527464800""}"
1986-09-22,,,,,,,,,"{""numberLong"":""527724000""}"
1986-09-23,,,,,,,,,"{""numberLong"":""527810400""}"
1986-09-24,,,,,,,,,"{""numberLong"":""527896800""}"
1986-09-25,,,,,,,,,"{""numberLong"":""527983200""}"
1986-09-26,12945.5,3077.0,9868.5,3893.2,623.7,4108.9,3801.5,1908.9,"{""numberLong"":""528069600""}"
1986-09-29,,,,,,,,,"{""numberLong"":""528332400""}"
1986-09-30,,,,,,,,,"{""numberLong"":""528418800""}"
1986-10-01,,,,,,,,,"{""numberLong"":""528505200""}"
1986-10-02,,,,,,,,,"{""numberLong"":""528591600""}"
1986-10-03,,,,,,,,,"{""numberLong"":""528678000""}"
1986-10-06,,,,,,,,,"{""numberLong"":""528937200""}"
1986-10-07,,,,,,,,,"{""numberLong"":""529023600""}"
1986-10-08,,,,,,,,,"{""numberLong"":""529110000""}"
1986-10-09,,,,,,,,,"{""numberLong"":""529196400""}"
1986-10-10,,,,,,,,,"{""numberLong"":""529282800""}"
1986-10-13,,,,,,,,,"{""numberLong"":""529542000""}"
1986-10-14,,,,,,,,,"{""numberLong"":""529628400""}"
1986-10-15,,,,,,,,,"{""numberLong"":""529714800""}"
1986-10-16,,,,,,,,,"{""numberLong"":""529801200""}"
1986-10-17,,,,,,,,,"{""numberLong"":""529887600""}"
1986-10-20,,,,,,,,,"{""numberLong"":""530146800""}"
1986-10-21,,,,,,,,,"{""numberLong"":""530233200""}"
1986-10-22,,,,,,,,,"{""numberLong"":""530319600""}"
1986-10-23,,,,,,,,,"{""numberLong"":""530406000""}"
1986-10-24,,,,,,,,,"{""numberLong"":""530492400""}"
1986-10-27,,,,,,,,,"{""numberLong"":""530751600""}"
1986-10-28,,,,,,,,,"{""numberLong"":""530838000""}"
1986-10-29,,,,,,,,,"{""numberLong"":""530924400""}"
1986-10-30,,,,,,,,,"{""numberLong"":""531010800""}"
1986-10-31,13682.2,3195.8,10486.4,3999.2,745.8,4331.0,3986.7,2015.2,"{""numberLong"":""531097200""}"
1986-11-03,,,,,,,,,"{""numberLong"":""531356400""}"
1986-11-04,,,,,,,,,"{""numberLong"":""531442800""}"
1986-11-05,,,,,,,,,"{""numberLong"":""531529200""}"
1986-11-06,,,,,,,,,"{""numberLong"":""531615600""}"
1986-11-07,,,,,,,,,"{""numberLong"":""531702000""}"
1986-11-10,,,,,,,,,"{""numberLong"":""531961200""}"
1986-11-11,,,,,,,,,"{""numberLong"":""532047600""}"
1986-11-12,,,,,,,,,"{""numberLong"":""532134000""}"
1986-11-13,,,,,,,,,"{""numberLong"":""532220400""}"
1986-11-14,,,,,,,,,"{""numberLong"":""532306800""}"
1986-11-17,,,,,,,,,"{""numberLong"":""532566000""}"
1986-11-18,,,,,,,,,"{""numberLong"":""532652400""}"
1986-11-19,,,,,,,,,"{""numberLong"":""532738800""}"
1986-11-20,,,,,,,,,"{""numberLong"":""532825200""}"
1986-11-21,,,,,,,,,"{""numberLong"":""532911600""}"
1986-11-24,,,,,,,,,"{""numberLong"":""533170800""}"
1986-11-25,,,,,,,,,"{""numberLong"":""533257200""}"
1986-11-26,,,,,,,,,"{""numberLong"":""533343600""}"
1986-11-27,,,,,,,,,"{""numberLong"":""533430000""}"
1986-11-28,13782.8,3250.0,10532.8,3813.2,766.7,4242.8,3985.6,2014.0,"{""numberLong"":""533516400""}"
1986-12-01,,,,,,,,,"{""numberLong"":""533775600""}"
1986-12-02,,,,,,,,,"{""numberLong"":""533862000""}"
1986-12-03,,,,,,,,,"{""numberLong"":""533948400""}"
1986-12-04,,,,,,,,,"{""numberLong"":""534034800""}"
1986-12-05,,,,,,,,,"{""numberLong"":""534121200""}"
1986-12-08,,,,,,,,,"{""numberLong"":""534380400""}"
1986-12-09,,,,,,,,,"{""numberLong"":""534466800""}"
1986-12-10,,,,,,,,,"{""numberLong"":""534553200""}"
1986-12-11,,,,,,,,,"{""numberLong"":""534639600""}"
1986-12-12,,,,,,,,,"{""numberLong"":""534726000""}"
1986-12-15,,,,,,,,,"{""numberLong"":""534985200""}"
1986-12-16,,,,,,,,,"{""numberLong"":""535071600""}"
1986-12-17,,,,,,,,,"{""numberLong"":""535158000""}"
1986-12-18,,,,,,,,,"{""numberLong"":""535244400""}"
1986-12-19,,,,,,,,,"{""numberLong"":""535330800""}"
1986-12-22,,,,,,,,,"{""numberLong"":""535590000""}"
1986-12-23,,,,,,,,,"{""numberLong"":""535676400""}"
1986-12-24,,,,,,,,,"{""numberLong"":""535762800""}"
1986-12-25,,,,,,,,,"{""numberLong"":""535849200""}"
1986-12-26,14020.2,3301.1,10719.1,3887.1,736.5,4296.6,3999.3,1907.7,"{""numberLong"":""535935600""}"
1986-12-29,,,,,,,,,"{""numberLong"":""536194800""}"
1986-12-30,,,,,,,,,"{""numberLong"":""536281200""}"
1986-12-31,,,,,,,,,"{""numberLong"":""536367600""}"
1987-01-01,,,,,,,,,"{""numberLong"":""536454000""}"
1987-01-02,,,,,,,,,"{""numberLong"":""536540400""}"
1987-01-05,,,,,,,,,"{""numberLong"":""536799600""}"
1987-01-06,,,,,,,,,"{""numberLong"":""536886000""}"
1987-01-07,,,,,,,,,"{""numberLong"":""536972400""}"
1987-01-08,,,,,,,,,"{""numberLong"":""537058800""}"
1987-01-09,,,,,,,,,"{""numberLong"":""537145200""}"
1987-01-12,,,,,,,,,"{""numberLong"":""537404400""}"
1987-01-13,,,,,,,,,"{""numberLong"":""537490800""}"
1987-01-14,,,,,,,,,"{""numberLong"":""537577200""}"
1987-01-15,,,,,,,,,"{""numberLong"":""537663600""}"
1987-01-16,,,,,,,,,"{""numberLong"":""537750000""}"
1987-01-19,,,,,,,,,"{""numberLong"":""538009200""}"
1987-01-20,,,,,,,,,"{""numberLong"":""538095600""}"
1987-01-21,,,,,,,,,"{""numberLong"":""538182000""}"
1987-01-22,,,,,,,,,"{""numberLong"":""538268400""}"
1987-01-23,,,,,,,,,"{""numberLong"":""538354800""}"
1987-01-26,,,,,,,,,"{""numberLong"":""538614000""}"
1987-01-27,,,,,,,,,"{""numberLong"":""538700400""}"
1987-01-28,,,,,,,,,"{""numberLong"":""538786800""}"
1987-01-29,,,,,,,,,"{""numberLong"":""538873200""}"
1987-01-30,14810.0,3373.3,11436.7,4270.1,755.8,4498.4,4168.6,2047.5,"{""numberLong"":""538959600""}"
1987-02-02,,,,,,,,,"{""numberLong"":""539218800""}"
1987-02-03,,,,,,,,,"{""numberLong"":""539305200""}"
1987-02-04,,,,,,,,,"{""numberLong"":""539391600""}"
1987-02-05,,,,,,,,,"{""numberLong"":""539478000""}"
1987-02-06,,,,,,,,,"{""numberLong"":""539564400""}"
1987-02-09,,,,,,,,,"{""numberLong"":""539823600""}"
1987-02-10,,,,,,,,,"{""numberLong"":""539910000""}"
1987-02-11,,,,,,,,,"{""numberLong"":""539996400""}"
1987-02-12,,,,,,,,,"{""numberLong"":""540082800""}"
1987-02-13,,,,,,,,,"{""numberLong"":""540169200""}"
1987-02-16,,,,,,,,,"{""numberLong"":""540428400""}"
1987-02-17,,,,,,,,,"{""numberLong"":""540514800""}"
1987-02-18,,,,,,,,,"{""numberLong"":""540601200""}"
1987-02-19,,,,,,,,,"{""numberLong"":""540687600""}"
1987-02-20,,,,,,,,,"{""numberLong"":""540774000""}"
1987-02-23,,,,,,,,,"{""numberLong"":""541033200""}"
1987-02-24,,,,,,,,,"{""numberLong"":""541119600""}"
1987-02-25,,,,,,,,,"{""numberLong"":""541206000""}"
1987-02-26,,,,,,,,,"{""numberLong"":""541292400""}"
1987-02-27,15355.6,3732.0,11623.6,4413.1,811.4,4719.2,4279.8,2100.3,"{""numberLong"":""541378800""}"
1987-03-02,,,,,,,,,"{""numberLong"":""541638000""}"
1987-03-03,,,,,,,,,"{""numberLong"":""541724400""}"
1987-03-04,,,,,,,,,"{""numberLong"":""541810800""}"
1987-03-05,,,,,,,,,"{""numberLong"":""541897200""}"
1987-03-06,,,,,,,,,"{""numberLong"":""541983600""}"
1987-03-09,,,,,,,,,"{""numberLong"":""542242800""}"
1987-03-10,,,,,,,,,"{""numberLong"":""542329200""}"
1987-03-11,,,,,,,,,"{""numberLong"":""542415600""}"
1987-03-12,,,,,,,,,"{""numberLong"":""542502000""}"
1987-03-13,,,,,,,,,"{""numberLong"":""542588400""}"
1987-03-16,,,,,,,,,"{""numberLong"":""542847600""}"
1987-03-17,,,,,,,,,"{""numberLong"":""542934000""}"
1987-03-18,,,,,,,,,"{""numberLong"":""543020400""}"
1987-03-19,,,,,,,,,"{""numberLong"":""543106800""}"
1987-03-20,,,,,,,,,"{""numberLong"":""543193200""}"
1987-03-23,,,,,,,,,"{""numberLong"":""543452400""}"
1987-03-24,,,,,,,,,"{""numberLong"":""543538800""}"
1987-03-25,,,,,,,,,"{""numberLong"":""543625200""}"
1987-03-26,,,,,,,,,"{""numberLong"":""543711600""}"
1987-03-27,15736.9,3860.1,11876.8,4500.7,817.5,4784.0,4324.9,2041.6,"{""numberLong"":""543798000""}"
1987-03-30,,,,,,,,,"{""numberLong"":""544053600""}"
1987-03-31,,,,,,,,,"{""numberLong"":""544140000""}"
1987-04-01,,,,,,,,,"{""numberLong"":""544226400""}"
1987-04-02,,,,,,,,,"{""numberLong"":""544312800""}"
1987-04-03,,,,,,,,,"{""numberLong"":""544399200""}"
1987-04-06,,,,,,,,,"{""numberLong"":""544658400""}"
1987-04-07,,,,,,,,,"{""numberLong"":""544744800""}"
1987-04-08,,,,,,,,,"{""numberLong"":""544831200""}"
1987-04-09,,,,,,,,,"{""numberLong"":""544917600""}"
1987-04-10,,,,,,,,,"{""numberLong"":""545004000""}"
1987-04-13,,,,,,,,,"{""numberLong"":""545263200""}"
1987-04-14,,,,,,,,,"{""numberLong"":""545349600""}"
1987-04-15,,,,,,,,,"{""numberLong"":""545436000""}"
1987-04-16,,,,,,,,,"{""numberLong"":""545522400""}"
1987-04-17,,,,,,,,,"{""numberLong"":""545608800""}"
1987-04-20,,,,,,,,,"{""numberLong"":""545868000""}"
1987-04-21,,,,,,,,,"{""numberLong"":""545954400""}"
1987-04-22,,,,,,,,,"{""numberLong"":""546040800""}"
1987-04-23,,,,,,,,,"{""numberLong"":""546127200""}"
1987-04-24,15996.4,3770.7,12225.7,4437.9,913.3,4813.0,4413.1,2111.0,"{""numberLong"":""546213600""}"
1987-04-27,,,,,,,,,"{""numberLong"":""546472800""}"
1987-04-28,,,,,,,,,"{""numberLong"":""546559200""}"
1987-04-29,,,,,,,,,"{""numberLong"":""546645600""}"
1987-04-30,,,,,,,,,"{""numberLong"":""546732000""}"
1987-05-01,,,,,,,,,"{""numberLong"":""546818400""}"
1987-05-04,,,,,,,,,"{""numberLong"":""547077600""}"
1987-05-05,,,,,,,,,"{""numberLong"":""547164000""}"
1987-05-06,,,,,,,,,"{""numberLong"":""547250400""}"
1987-05-07,,,,,,,,,"{""numberLong"":""547336800""}"
1987-05-08,,,,,,,,,"{""numberLong"":""547423200""}"
1987-05-11,,,,,,,,,"{""numberLong"":""547682400""}"
1987-05-12,,,,,,,,,"{""numberLong"":""547768800""}"
1987-05-13,,,,,,,,,"{""numberLong"":""547855200""}"
1987-05-14,,,,,,,,,"{""numberLong"":""547941600""}"
1987-05-15,,,,,,,,,"{""numberLong"":""548028000""}"
1987-05-18,,,,,,,,,"{""numberLong"":""548287200""}"
1987-05-19,,,,,,,,,"{""numberLong"":""548373600""}"
1987-05-20,,,,,,,,,"{""numberLong"":""548460000""}"
1987-05-21,,,,,,,,,"{""numberLong"":""548546400""}"
1987-05-22,,,,,,,,,"{""numberLong"":""548632800""}"
1987-05-25,,,,,,,,,"{""numberLong"":""548892000""}"
1987-05-26,,,,,,,,,"{""numberLong"":""548978400""}"
1987-05-27,,,,,,,,,"{""numberLong"":""549064800""}"
1987-05-28,,,,,,,,,"{""numberLong"":""549151200""}"
1987-05-29,16517.1,3561.4,12955.7,4813.4,1097.6,5269.5,4863.8,2599.2,"{""numberLong"":""549237600""}"
1987-06-01,,,,,,,,,"{""numberLong"":""549496800""}"
1987-06-02,,,,,,,,,"{""numberLong"":""549583200""}"
1987-06-03,,,,,,,,,"{""numberLong"":""549669600""}"
1987-06-04,,,,,,,,,"{""numberLong"":""549756000""}"
1987-06-05,,,,,,,,,"{""numberLong"":""549842400""}"
1987-06-08,,,,,,,,,"{""numberLong"":""550101600""}"
1987-06-09,,,,,,,,,"{""numberLong"":""550188000""}"
1987-06-10,,,,,,,,,"{""numberLong"":""550274400""}"
1987-06-11,,,,,,,,,"{""numberLong"":""550360800""}"
1987-06-12,,,,,,,,,"{""numberLong"":""550447200""}"
1987-06-15,,,,,,,,,"{""numberLong"":""550706400""}"
1987-06-16,,,,,,,,,"{""numberLong"":""550792800""}"
1987-06-17,,,,,,,,,"{""numberLong"":""550879200""}"
1987-06-18,,,,,,,,,"{""numberLong"":""550965600""}"
1987-06-19,,,,,,,,,"{""numberLong"":""551052000""}"
1987-06-22,,,,,,,,,"{""numberLong"":""551311200""}"
1987-06-23,,,,,,,,,"{""numberLong"":""551397600""}"
1987-06-24,,,,,,,,,"{""numberLong"":""551484000""}"
1987-06-25,,,,,,,,,"{""numberLong"":""551570400""}"
1987-06-26,16896.7,3583.7,13313.0,4923.7,1075.0,5264.3,4830.7,2337.8,"{""numberLong"":""551656800""}"
1987-06-29,,,,,,,,,"{""numberLong"":""551916000""}"
1987-06-30,,,,,,,,,"{""numberLong"":""552002400""}"
1987-07-01,,,,,,,,,"{""numberLong"":""552088800""}"
1987-07-02,,,,,,,,,"{""numberLong"":""552175200""}"
1987-07-03,,,,,,,,,"{""numberLong"":""552261600""}"
1987-07-06,,,,,,,,,"{""numberLong"":""552520800""}"
1987-07-07,,,,,,,,,"{""numberLong"":""552607200""}"
1987-07-08,,,,,,,,,"{""numberLong"":""552693600""}"
1987-07-09,,,,,,,,,"{""numberLong"":""552780000""}"
1987-07-10,,,,,,,,,"{""numberLong"":""552866400""}"
1987-07-13,,,,,,,,,"{""numberLong"":""553125600""}"
1987-07-14,,,,,,,,,"{""numberLong"":""553212000""}"
1987-07-15,,,,,,,,,"{""numberLong"":""553298400""}"
1987-07-16,,,,,,,,,"{""numberLong"":""553384800""}"
1987-07-17,,,,,,,,,"{""numberLong"":""553471200""}"
1987-07-20,,,,,,,,,"{""numberLong"":""553730400""}"
1987-07-21,,,,,,,,,"{""numberLong"":""553816800""}"
1987-07-22,,,,,,,,,"{""numberLong"":""553903200""}"
1987-07-23,,,,,,,,,"{""numberLong"":""553989600""}"
1987-07-24,,,,,,,,,"{""numberLong"":""554076000""}"
1987-07-27,,,,,,,,,"{""numberLong"":""554335200""}"
1987-07-28,,,,,,,,,"{""numberLong"":""554421600""}"
1987-07-29,,,,,,,,,"{""numberLong"":""554508000""}"
1987-07-30,,,,,,,,,"{""numberLong"":""554594400""}"
1987-07-31,17925.1,3745.4,14179.7,5264.7,1419.5,5656.8,5147.1,2955.4,"{""numberLong"":""554680800""}"
1987-08-03,,,,,,,,,"{""numberLong"":""554940000""}"
1987-08-04,,,,,,,,,"{""numberLong"":""555026400""}"
1987-08-05,,,,,,,,,"{""numberLong"":""555112800""}"
1987-08-06,,,,,,,,,"{""numberLong"":""555199200""}"
1987-08-07,,,,,,,,,"{""numberLong"":""555285600""}"
1987-08-10,,,,,,,,,"{""numberLong"":""555544800""}"
1987-08-11,,,,,,,,,"{""numberLong"":""555631200""}"
1987-08-12,,,,,,,,,"{""numberLong"":""555717600""}"
1987-08-13,,,,,,,,,"{""numberLong"":""555804000""}"
1987-08-14,,,,,,,,,"{""numberLong"":""555890400""}"
1987-08-17,,,,,,,,,"{""numberLong"":""556149600""}"
1987-08-18,,,,,,,,,"{""numberLong"":""556236000""}"
1987-08-19,,,,,,,,,"{""numberLong"":""556322400""}"
1987-08-20,,,,,,,,,"{""numberLong"":""556408800""}"
1987-08-21,,,,,,,,,"{""numberLong"":""556495200""}"
1987-08-24,,,,,,,,,"{""numberLong"":""556754400""}"
1987-08-25,,,,,,,,,"{""numberLong"":""556840800""}"
1987-08-26,,,,,,,,,"{""numberLong"":""556927200""}"
1987-08-27,,,,,,,,,"{""numberLong"":""557013600""}"
1987-08-28,18398.0,3975.2,14422.8,5309.2,1377.0,5569.8,4992.6,2943.7,"{""numberLong"":""557100000""}"
1987-08-31,,,,,,,,,"{""numberLong"":""557359200""}"
1987-09-01,,,,,,,,,"{""numberLong"":""557445600""}"
1987-09-02,,,,,,,,,"{""numberLong"":""557532000""}"
1987-09-03,,,,,,,,,"{""numberLong"":""557618400""}"
1987-09-04,,,,,,,,,"{""numberLong"":""557704800""}"
1987-09-07,,,,,,,,,"{""numberLong"":""557964000""}"
1987-09-08,,,,,,,,,"{""numberLong"":""558050400""}"
1987-09-09,,,,,,,,,"{""numberLong"":""558136800""}"
1987-09-10,,,,,,,,,"{""numberLong"":""558223200""}"
1987-09-11,,,,,,,,,"{""numberLong"":""558309600""}"
1987-09-14,,,,,,,,,"{""numberLong"":""558568800""}"
1987-09-15,,,,,,,,,"{""numberLong"":""558655200""}"
1987-09-16,,,,,,,,,"{""numberLong"":""558741600""}"
1987-09-17,,,,,,,,,"{""numberLong"":""558828000""}"
1987-09-18,,,,,,,,,"{""numberLong"":""558914400""}"
1987-09-21,,,,,,,,,"{""numberLong"":""559173600""}"
1987-09-22,,,,,,,,,"{""numberLong"":""559260000""}"
1987-09-23,,,,,,,,,"{""numberLong"":""559346400""}"
1987-09-24,,,,,,,,,"{""numberLong"":""559432800""}"
1987-09-25,18918.6,4006.4,14912.2,5154.6,1527.4,5640.2,5119.7,2900.9,"{""numberLong"":""559519200""}"
1987-09-28,,,,,,,,,"{""numberLong"":""559782000""}"
1987-09-29,,,,,,,,,"{""numberLong"":""559868400""}"
1987-09-30,,,,,,,,,"{""numberLong"":""559954800""}"
1987-10-01,,,,,,,,,"{""numberLong"":""560041200""}"
1987-10-02,,,,,,,,,"{""numberLong"":""560127600""}"
1987-10-05,,,,,,,,,"{""numberLong"":""560386800""}"
1987-10-06,,,,,,,,,"{""numberLong"":""560473200""}"
1987-10-07,,,,,,,,,"{""numberLong"":""560559600""}"
1987-10-08,,,,,,,,,"{""numberLong"":""560646000""}"
1987-10-09,,,,,,,,,"{""numberLong"":""560732400""}"
1987-10-12,,,,,,,,,"{""numberLong"":""560991600""}"
1987-10-13,,,,,,,,,"{""numberLong"":""561078000""}"
1987-10-14,,,,,,,,,"{""numberLong"":""561164400""}"
1987-10-15,,,,,,,,,"{""numberLong"":""561250800""}"
1987-10-16,,,,,,,,,"{""numberLong"":""561337200""}"
1987-10-19,,,,,,,,,"{""numberLong"":""561596400""}"
1987-10-20,,,,,,,,,"{""numberLong"":""561682800""}"
1987-10-21,,,,,,,,,"{""numberLong"":""561769200""}"
1987-10-22,,,,,,,,,"{""numberLong"":""561855600""}"
1987-10-23,,,,,,,,,"{""numberLong"":""561942000""}"
1987-10-26,,,,,,,,,"{""numberLong"":""562201200""}"
1987-10-27,,,,,,,,,"{""numberLong"":""562287600""}"
1987-10-28,,,,,,,,,"{""numberLong"":""562374000""}"
1987-10-29,,,,,,,,,"{""numberLong"":""562460400""}"
1987-10-30,19955.4,4278.2,15677.2,5322.8,1733.1,6057.5,5663.5,3106.3,"{""numberLong"":""562546800""}"
1987-11-02,,,,,,,,,"{""numberLong"":""562806000""}"
1987-11-03,,,,,,,,,"{""numberLong"":""562892400""}"
1987-11-04,,,,,,,,,"{""numberLong"":""562978800""}"
1987-11-05,,,,,,,,,"{""numberLong"":""563065200""}"
1987-11-06,,,,,,,,,"{""numberLong"":""563151600""}"
1987-11-09,,,,,,,,,"{""numberLong"":""563410800""}"
1987-11-10,,,,,,,,,"{""numberLong"":""563497200""}"
1987-11-11,,,,,,,,,"{""numberLong"":""563583600""}"
1987-11-12,,,,,,,,,"{""numberLong"":""563670000""}"
1987-11-13,,,,,,,,,"{""numberLong"":""563756400""}"
1987-11-16,,,,,,,,,"{""numberLong"":""564015600""}"
1987-11-17,,,,,,,,,"{""numberLong"":""564102000""}"
1987-11-18,,,,,,,,,"{""numberLong"":""564188400""}"
1987-11-19,,,,,,,,,"{""numberLong"":""564274800""}"
1987-11-20,,,,,,,,,"{""numberLong"":""564361200""}"
1987-11-23,,,,,,,,,"{""numberLong"":""564620400""}"
1987-11-24,,,,,,,,,"{""numberLong"":""564706800""}"
1987-11-25,,,,,,,,,"{""numberLong"":""564793200""}"
1987-11-26,,,,,,,,,"{""numberLong"":""564879600""}"
1987-11-27,21036.1,4415.8,16620.3,5489.4,1888.5,6325.7,5629.9,3040.8,"{""numberLong"":""564966000""}"
1987-11-30,,,,,,,,,"{""numberLong"":""565225200""}"
1987-12-01,,,,,,,,,"{""numberLong"":""565311600""}"
1987-12-02,,,,,,,,,"{""numberLong"":""565398000""}"
1987-12-03,,,,,,,,,"{""numberLong"":""565484400""}"
1987-12-04,,,,,,,,,"{""numberLong"":""565570800""}"
1987-12-07,,,,,,,,,"{""numberLong"":""565830000""}"
1987-12-08,,,,,,,,,"{""numberLong"":""565916400""}"
1987-12-09,,,,,,,,,"{""numberLong"":""566002800""}"
1987-12-10,,,,,,,,,"{""numberLong"":""566089200""}"
1987-12-11,,,,,,,,,"{""numberLong"":""566175600""}"
1987-12-14,,,,,,,,,"{""numberLong"":""566434800""}"
1987-12-15,,,,,,,,,"{""numberLong"":""566521200""}"
1987-12-16,,,,,,,,,"{""numberLong"":""566607600""}"
1987-12-17,,,,,,,,,"{""numberLong"":""566694000""}"
1987-12-18,,,,,,,,,"{""numberLong"":""566780400""}"
1987-12-21,,,,,,,,,"{""numberLong"":""567039600""}"
1987-12-22,,,,,,,,,"{""numberLong"":""567126000""}"
1987-12-23,,,,,,,,,"{""numberLong"":""567212400""}"
1987-12-24,,,,,,,,,"{""numberLong"":""567298800""}"
1987-12-25,22322.2,4777.9,17544.3,5606.9,1916.8,6430.4,5503.2,2955.3,"{""numberLong"":""567385200""}"
1987-12-28,,,,,,,,,"{""numberLong"":""567644400""}"
1987-12-29,,,,,,,,,"{""numberLong"":""567730800""}"
1987-12-30,,,,,,,,,"{""numberLong"":""567817200""}"
1987-12-31,,,,,,,,,"{""numberLong"":""567903600""}"
1988-01-01,,,,,,,,,"{""numberLong"":""567990000""}"
1988-01-04,,,,,,,,,"{""numberLong"":""568249200""}"
1988-01-05,,,,,,,,,"{""numberLong"":""568335600""}"
1988-01-06,,,,,,,,,"{""numberLong"":""568422000""}"
1988-01-07,,,,,,,,,"{""numberLong"":""568508400""}"
1988-01-08,,,,,,,,,"{""numberLong"":""568594800""}"
1988-01-11,,,,,,,,,"{""numberLong"":""568854000""}"
1988-01-12,,,,,,,,,"{""numberLong"":""568940400""}"
1988-01-13,,,,,,,,,"{""numberLong"":""569026800""}"
1988-01-14,,,,,,,,,"{""numberLong"":""569113200""}"
1988-01-15,,,,,,,,,"{""numberLong"":""569199600""}"
1988-01-18,,,,,,,,,"{""numberLong"":""569458800""}"
1988-01-19,,,,,,,,,"{""numberLong"":""569545200""}"
1988-01-20,,,,,,,,,"{""numberLong"":""569631600""}"
1988-01-21,,,,,,,,,"{""numberLong"":""569718000""}"
1988-01-22,,,,,,,,,"{""numberLong"":""569804400""}"
1988-01-25,,,,,,,,,"{""numberLong"":""570063600""}"
1988-01-26,,,,,,,,,"{""numberLong"":""570150000""}"
1988-01-27,,,,,,,,,"{""numberLong"":""570236400""}"
1988-01-28,,,,,,,,,"{""numberLong"":""570322800""}"
1988-01-29,25085.7,5457.9,19627.8,6714.3,2152.9,7159.8,6266.0,2930.2,"{""numberLong"":""570409200""}"
1988-02-01,,,,,,,,,"{""numberLong"":""570668400""}"
1988-02-02,,,,,,,,,"{""numberLong"":""570754800""}"
1988-02-03,,,,,,,,,"{""numberLong"":""570841200""}"
1988-02-04,,,,,,,,,"{""numberLong"":""570927600""}"
1988-02-05,,,,,,,,,"{""numberLong"":""571014000""}"
1988-02-08,,,,,,,,,"{""numberLong"":""571273200""}"
1988-02-09,,,,,,,,,"{""numberLong"":""571359600""}"
1988-02-10,,,,,,,,,"{""numberLong"":""571446000""}"
1988-02-11,,,,,,,,,"{""numberLong"":""571532400""}"
1988-02-12,,,,,,,,,"{""numberLong"":""571618800""}"
1988-02-15,,,,,,,,,"{""numberLong"":""571878000""}"
1988-02-16,,,,,,,,,"{""numberLong"":""571964400""}"
1988-02-17,,,,,,,,,"{""numberLong"":""572050800""}"
1988-02-18,,,,,,,,,"{""numberLong"":""572137200""}"
1988-02-19,,,,,,,,,"{""numberLong"":""572223600""}"
1988-02-22,,,,,,,,,"{""numberLong"":""572482800""}"
1988-02-23,,,,,,,,,"{""numberLong"":""572569200""}"
1988-02-24,,,,,,,,,"{""numberLong"":""572655600""}"
1988-02-25,,,,,,,,,"{""numberLong"":""572742000""}"
1988-02-26,26074.9,5813.1,20261.8,6751.8,2198.6,7179.7,6305.9,2938.0,"{""numberLong"":""572828400""}"
1988-02-29,,,,,,,,,"{""numberLong"":""573087600""}"
1988-03-01,,,,,,,,,"{""numberLong"":""573174000""}"
1988-03-02,,,,,,,,,"{""numberLong"":""573260400""}"
1988-03-03,,,,,,,,,"{""numberLong"":""573346800""}"
1988-03-04,,,,,,,,,"{""numberLong"":""573433200""}"
1988-03-07,,,,,,,,,"{""numberLong"":""573692400""}"
1988-03-08,,,,,,,,,"{""numberLong"":""573778800""}"
1988-03-09,,,,,,,,,"{""numberLong"":""573865200""}"
1988-03-10,,,,,,,,,"{""numberLong"":""573951600""}"
1988-03-11,,,,,,,,,"{""numberLong"":""574038000""}"
1988-03-14,,,,,,,,,"{""numberLong"":""574297200""}"
1988-03-15,,,,,,,,,"{""numberLong"":""574383600""}"
1988-03-16,,,,,,,,,"{""numberLong"":""574470000""}"
1988-03-17,,,,,,,,,"{""numberLong"":""574556400""}"
1988-03-18,,,,,,,,,"{""numberLong"":""574642800""}"
1988-03-21,,,,,,,,,"{""numberLong"":""574902000""}"
1988-03-22,,,,,,,,,"{""numberLong"":""574988400""}"
1988-03-23,,,,,,,,,"{""numberLong"":""575074800""}"
1988-03-24,,,,,,,,,"{""numberLong"":""575161200""}"
1988-03-25,27220.9,6442.2,20778.7,6593.5,2229.8,7494.0,6477.9,3025.1,"{""numberLong"":""575247600""}"
1988-03-28,,,,,,,,,"{""numberLong"":""575503200""}"
1988-03-29,,,,,,,,,"{""numberLong"":""575589600""}"
1988-03-30,,,,,,,,,"{""numberLong"":""575676000""}"
1988-03-31,,,,,,,,,"{""numberLong"":""575762400""}"
1988-04-01,,,,,,,,,"{""numberLong"":""575848800""}"
1988-04-04,,,,,,,,,"{""numberLong"":""576108000""}"
1988-04-05,,,,,,,,,"{""numberLong"":""576194400""}"
1988-04-06,,,,,,,,,"{""numberLong"":""576280800""}"
1988-04-07,,,,,,,,,"{""numberLong"":""576367200""}"
1988-04-08,,,,,,,,,"{""numberLong"":""576453600""}"
1988-04-11,,,,,,,,,"{""numberLong"":""576712800""}"
1988-04-12,,,,,,,,,"{""numberLong"":""576799200""}"
1988-04-13,,,,,,,,,"{""numberLong"":""576885600""}"
1988-04-14,,,,,,,,,"{""numberLong"":""576972000""}"
1988-04-15,,,,,,,,,"{""numberLong"":""577058400""}"
1988-04-18,,,,,,,,,"{""numberLong"":""577317600""}"
1988-04-19,,,,,,,,,"{""numberLong"":""577404000""}"
1988-04-20,,,,,,,,,"{""numberLong"":""577490400""}"
1988-04-21,,,,,,,,,"{""numberLong"":""577576800""}"
1988-04-22,,,,,,,,,"{""numberLong"":""577663200""}"
1988-04-25,,,,,,,,,"{""numberLong"":""577922400""}"
1988-04-26,,,,,,,,,"{""numberLong"":""578008800""}"
1988-04-27,,,,,,,,,"{""numberLong"":""578095200""}"
1988-04-28,,,,,,,,,"{""numberLong"":""578181600""}"
1988-04-29,28316.3,6893.7,21422.6,6412.1,2506.3,7714.7,6610.2,3116.0,"{""numberLong"":""578268000""}"
1988-05-02,,,,,,,,,"{""numberLong"":""578527200""}"
1988-05-03,,,,,,,,,"{""numberLong"":""578613600""}"
1988-05-04,,,,,,,,,"{""numberLong"":""578700000""}"
1988-05-05,,,,,,,,,"{""numberLong"":""578786400""}"
1988-05-06,,,,,,,,,"{""numberLong"":""578872800""}"
1988-05-09,,,,,,,,,"{""numberLong"":""579132000""}"
1988-05-10,,,,,,,,,"{""numberLong"":""579218400""}"
1988-05-11,,,,,,,,,"{""numberLong"":""579304800""}"
1988-05-12,,,,,,,,,"{""numberLong"":""579391200""}"
1988-05-13,,,,,,,,,"{""numberLong"":""579477600""}"
1988-05-16,,,,,,,,,"{""numberLong"":""579736800""}"
1988-05-17,,,,,,,,,"{""numberLong"":""579823200""}"
1988-05-18,,,,,,,,,"{""numberLong"":""579909600""}"
1988-05-19,,,,,,,,,"{""numberLong"":""579996000""}"
1988-05-20,,,,,,,,,"{""numberLong"":""580082400""}"
1988-05-23,,,,,,,,,"{""numberLong"":""580341600""}"
1988-05-24,,,,,,,,,"{""numberLong"":""580428000""}"
1988-05-25,,,,,,,,,"{""numberLong"":""580514400""}"
1988-05-26,,,,,,,,,"{""numberLong"":""580600800""}"
1988-05-27,29440.4,7535.4,21905.0,6591.7,2560.1,8725.5,6912.0,3360.4,"{""numberLong"":""580687200""}"
1988-05-30,,,,,,,,,"{""numberLong"":""580946400""}"
1988-05-31,,,,,,,,,"{""numberLong"":""581032800""}"
1988-06-01,,,,,,,,,"{""numberLong"":""581119200""}"
1988-06-02,,,,,,,,,"{""numberLong"":""581205600""}"
1988-06-03,,,,,,,,,"{""numberLong"":""581292000""}"
1988-06-06,,,,,,,,,"{""numberLong"":""581551200""}"
1988-06-07,,,,,,,,,"{""numberLong"":""581637600""}"
1988-06-08,,,,,,,,,"{""numberLong"":""581724000""}"
1988-06-09,,,,,,,,,"{""numberLong"":""581810400""}"
1988-06-10,,,,,,,,,"{""numberLong"":""581896800""}"
1988-06-13,,,,,,,,,"{""numberLong"":""582156000""}"
1988-06-14,,,,,,,,,"{""numberLong"":""582242400""}"
1988-06-15,,,,,,,,,"{""numberLong"":""582328800""}"
1988-06-16,,,,,,,,,"{""numberLong"":""582415200""}"
1988-06-17,,,,,,,,,"{""numberLong"":""582501600""}"
1988-06-20,,,,,,,,,"{""numberLong"":""582760800""}"
1988-06-21,,,,,,,,,"{""numberLong"":""582847200""}"
1988-06-22,,,,,,,,,"{""numberLong"":""582933600""}"
1988-06-23,,,,,,,,,"{""numberLong"":""583020000""}"
1988-06-24,29870.4,8036.6,21833.8,6298.3,2582.2,8803.4,7373.9,3536.0,"{""numberLong"":""583106400""}"
1988-06-27,,,,,,,,,"{""numberLong"":""583365600""}"
1988-06-28,,,,,,,,,"{""numberLong"":""583452000""}"
1988-06-29,,,,,,,,,"{""numberLong"":""583538400""}"
1988-06-30,,,,,,,,,"{""numberLong"":""583624800""}"
1988-07-01,,,,,,,,,"{""numberLong"":""583711200""}"
1988-07-04,,,,,,,,,"{""numberLong"":""583970400""}"
1988-07-05,,,,,,,,,"{""numberLong"":""584056800""}"
1988-07-06,,,,,,,,,"{""numberLong"":""584143200""}"
1988-07-07,,,,,,,,,"{""numberLong"":""584229600""}"
1988-07-08,,,,,,,,,"{""numberLong"":""584316000""}"
1988-07-11,,,,,,,,,"{""numberLong"":""584575200""}"
1988-07-12,,,,,,,,,"{""numberLong"":""584661600""}"
1988-07-13,,,,,,,,,"{""numberLong"":""584748000""}"
1988-07-14,,,,,,,,,"{""numberLong"":""584834400""}"
1988-07-15,,,,,,,,,"{""numberLong"":""584920800""}"
1988-07-18,,,,,,,,,"{""numberLong"":""585180000""}"
1988-07-19,,,,,,,,,"{""numberLong"":""585266400""}"
1988-07-20,,,,,,,,,"{""numberLong"":""585352800""}"
1988-07-21,,,,,,,,,"{""numberLong"":""585439200""}"
1988-07-22,,,,,,,,,"{""numberLong"":""585525600""}"
1988-07-25,,,,,,,,,"{""numberLong"":""585784800""}"
1988-07-26,,,,,,,,,"{""numberLong"":""585871200""}"
1988-07-27,,,,,,,,,"{""numberLong"":""585957600""}"
1988-07-28,,,,,,,,,"{""numberLong"":""586044000""}"
1988-07-29,30877.7,8062.7,22815.0,6990.0,2707.9,9390.3,8394.6,4376.7,"{""numberLong"":""586130400""}"
1988-08-01,,,,,,,,,"{""numberLong"":""586389600""}"
1988-08-02,,,,,,,,,"{""numberLong"":""586476000""}"
1988-08-03,,,,,,,,,"{""numberLong"":""586562400""}"
1988-08-04,,,,,,,,,"{""numberLong"":""586648800""}"
1988-08-05,,,,,,,,,"{""numberLong"":""586735200""}"
1988-08-08,,,,,,,,,"{""numberLong"":""586994400""}"
1988-08-09,,,,,,,,,"{""numberLong"":""587080800""}"
1988-08-10,,,,,,,,,"{""numberLong"":""587167200""}"
1988-08-11,,,,,,,,,"{""numberLong"":""587253600""}"
1988-08-12,,,,,,,,,"{""numberLong"":""587340000""}"
1988-08-15,,,,,,,,,"{""numberLong"":""587599200""}"
1988-08-16,,,,,,,,,"{""numberLong"":""587685600""}"
1988-08-17,,,,,,,,,"{""numberLong"":""587772000""}"
1988-08-18,,,,,,,,,"{""numberLong"":""587858400""}"
1988-08-19,,,,,,,,,"{""numberLong"":""587944800""}"
1988-08-22,,,,,,,,,"{""numberLong"":""588204000""}"
1988-08-23,,,,,,,,,"{""numberLong"":""588290400""}"
1988-08-24,,,,,,,,,"{""numberLong"":""588376800""}"
1988-08-25,,,,,,,,,"{""numberLong"":""588463200""}"
1988-08-26,32236.8,8553.6,23683.2,6959.2,2757.3,9879.8,8651.0,4289.0,"{""numberLong"":""588549600""}"
1988-08-29,,,,,,,,,"{""numberLong"":""588808800""}"
1988-08-30,,,,,,,,,"{""numberLong"":""588895200""}"
1988-08-31,,,,,,,,,"{""numberLong"":""588981600""}"
1988-09-01,,,,,,,,,"{""numberLong"":""589068000""}"
1988-09-02,,,,,,,,,"{""numberLong"":""589154400""}"
1988-09-05,,,,,,,,,"{""numberLong"":""589413600""}"
1988-09-06,,,,,,,,,"{""numberLong"":""589500000""}"
1988-09-07,,,,,,,,,"{""numberLong"":""589586400""}"
1988-09-08,,,,,,,,,"{""numberLong"":""589672800""}"
1988-09-09,,,,,,,,,"{""numberLong"":""589759200""}"
1988-09-12,,,,,,,,,"{""numberLong"":""590018400""}"
1988-09-13,,,,,,,,,"{""numberLong"":""590104800""}"
1988-09-14,,,,,,,,,"{""numberLong"":""590191200""}"
1988-09-15,,,,,,,,,"{""numberLong"":""590277600""}"
1988-09-16,,,,,,,,,"{""numberLong"":""590364000""}"
1988-09-19,,,,,,,,,"{""numberLong"":""590623200""}"
1988-09-20,,,,,,,,,"{""numberLong"":""590709600""}"
1988-09-21,,,,,,,,,"{""numberLong"":""590796000""}"
1988-09-22,,,,,,,,,"{""numberLong"":""590882400""}"
1988-09-23,,,,,,,,,"{""numberLong"":""590968800""}"
1988-09-26,,,,,,,,,"{""numberLong"":""591231600""}"
1988-09-27,,,,,,,,,"{""numberLong"":""591318000""}"
1988-09-28,,,,,,,,,"{""numberLong"":""591404400""}"
1988-09-29,,,,,,,,,"{""numberLong"":""591490800""}"
1988-09-30,35045.9,9825.4,25220.5,7325.3,2769.4,10721.5,9013.5,4559.1,"{""numberLong"":""591577200""}"
1988-10-03,,,,,,,,,"{""numberLong"":""591836400""}"
1988-10-04,,,,,,,,,"{""numberLong"":""591922800""}"
1988-10-05,,,,,,,,,"{""numberLong"":""592009200""}"
1988-10-06,,,,,,,,,"{""numberLong"":""592095600""}"
1988-10-07,,,,,,,,,"{""numberLong"":""592182000""}"
1988-10-10,,,,,,,,,"{""numberLong"":""592441200""}"
1988-10-11,,,,,,,,,"{""numberLong"":""592527600""}"
1988-10-12,,,,,,,,,"{""numberLong"":""592614000""}"
1988-10-13,,,,,,,,,"{""numberLong"":""592700400""}"
1988-10-14,,,,,,,,,"{""numberLong"":""592786800""}"
1988-10-17,,,,,,,,,"{""numberLong"":""593046000""}"
1988-10-18,,,,,,,,,"{""numberLong"":""593132400""}"
1988-10-19,,,,,,,,,"{""numberLong"":""593218800""}"
1988-10-20,,,,,,,,,"{""numberLong"":""593305200""}"
1988-10-21,,,,,,,,,"{""numberLong"":""593391600""}"
1988-10-24,,,,,,,,,"{""numberLong"":""593650800""}"
1988-10-25,,,,,,,,,"{""numberLong"":""593737200""}"
1988-10-26,,,,,,,,,"{""numberLong"":""593823600""}"
1988-10-27,,,,,,,,,"{""numberLong"":""593910000""}"
1988-10-28,36408.7,10330.2,26078.5,7252.7,2722.9,10958.1,9186.7,4414.7,"{""numberLong"":""593996400""}"
1988-10-31,,,,,,,,,"{""numberLong"":""594255600""}"
1988-11-01,,,,,,,,,"{""numberLong"":""594342000""}"
1988-11-02,,,,,,,,,"{""numberLong"":""594428400""}"
1988-11-03,,,,,,,,,"{""numberLong"":""594514800""}"
1988-11-04,,,,,,,,,"{""numberLong"":""594601200""}"
1988-11-07,,,,,,,,,"{""numberLong"":""594860400""}"
1988-11-08,,,,,,,,,"{""numberLong"":""594946800""}"
1988-11-09,,,,,,,,,"{""numberLong"":""595033200""}"
1988-11-10,,,,,,,,,"{""numberLong"":""595119600""}"
1988-11-11,,,,,,,,,"{""numberLong"":""595206000""}"
1988-11-14,,,,,,,,,"{""numberLong"":""595465200""}"
1988-11-15,,,,,,,,,"{""numberLong"":""595551600""}"
1988-11-16,,,,,,,,,"{""numberLong"":""595638000""}"
1988-11-17,,,,,,,,,"{""numberLong"":""595724400""}"
1988-11-18,,,,,,,,,"{""numberLong"":""595810800""}"
1988-11-21,,,,,,,,,"{""numberLong"":""596070000""}"
1988-11-22,,,,,,,,,"{""numberLong"":""596156400""}"
1988-11-23,,,,,,,,,"{""numberLong"":""596242800""}"
1988-11-24,,,,,,,,,"{""numberLong"":""596329200""}"
1988-11-25,38951.8,11445.6,27506.2,7127.2,2879.5,11616.4,9524.4,4393.5,"{""numberLong"":""596415600""}"
1988-11-28,,,,,,,,,"{""numberLong"":""596674800""}"
1988-11-29,,,,,,,,,"{""numberLong"":""596761200""}"
1988-11-30,,,,,,,,,"{""numberLong"":""596847600""}"
1988-12-01,,,,,,,,,"{""numberLong"":""596934000""}"
1988-12-02,,,,,,,,,"{""numberLong"":""597020400""}"
1988-12-05,,,,,,,,,"{""numberLong"":""597279600""}"
1988-12-06,,,,,,,,,"{""numberLong"":""597366000""}"
1988-12-07,,,,,,,,,"{""numberLong"":""597452400""}"
1988-12-08,,,,,,,,,"{""numberLong"":""597538800""}"
1988-12-09,,,,,,,,,"{""numberLong"":""597625200""}"
1988-12-12,,,,,,,,,"{""numberLong"":""597884400""}"
1988-12-13,,,,,,,,,"{""numberLong"":""597970800""}"
1988-12-14,,,,,,,,,"{""numberLong"":""598057200""}"
1988-12-15,,,,,,,,,"{""numberLong"":""598143600""}"
1988-12-16,,,,,,,,,"{""numberLong"":""598230000""}"
1988-12-19,,,,,,,,,"{""numberLong"":""598489200""}"
1988-12-20,,,,,,,,,"{""numberLong"":""598575600""}"
1988-12-21,,,,,,,,,"{""numberLong"":""598662000""}"
1988-12-22,,,,,,,,,"{""numberLong"":""598748400""}"
1988-12-23,,,,,,,,,"{""numberLong"":""598834800""}"
1988-12-26,,,,,,,,,"{""numberLong"":""599094000""}"
1988-12-27,,,,,,,,,"{""numberLong"":""599180400""}"
1988-12-28,,,,,,,,,"{""numberLong"":""599266800""}"
1988-12-29,,,,,,,,,"{""numberLong"":""599353200""}"
1988-12-30,38362.2,11429.2,26933.0,7020.4,3019.0,11851.7,10143.4,4485.1,"{""numberLong"":""599439600""}"
1989-01-02,,,,,,,,,"{""numberLong"":""599698800""}"
1989-01-03,,,,,,,,,"{""numberLong"":""599785200""}"
1989-01-04,,,,,,,,,"{""numberLong"":""599871600""}"
1989-01-05,,,,,,,,,"{""numberLong"":""599958000""}"
1989-01-06,,,,,,,,,"{""numberLong"":""600044400""}"
1989-01-09,,,,,,,,,"{""numberLong"":""600303600""}"
1989-01-10,,,,,,,,,"{""numberLong"":""600390000""}"
1989-01-11,,,,,,,,,"{""numberLong"":""600476400""}"
1989-01-12,,,,,,,,,"{""numberLong"":""600562800""}"
1989-01-13,,,,,,,,,"{""numberLong"":""600649200""}"
1989-01-16,,,,,,,,,"{""numberLong"":""600908400""}"
1989-01-17,,,,,,,,,"{""numberLong"":""600994800""}"
1989-01-18,,,,,,,,,"{""numberLong"":""601081200""}"
1989-01-19,,,,,,,,,"{""numberLong"":""601167600""}"
1989-01-20,,,,,,,,,"{""numberLong"":""601254000""}"
1989-01-23,,,,,,,,,"{""numberLong"":""601513200""}"
1989-01-24,,,,,,,,,"{""numberLong"":""601599600""}"
1989-01-25,,,,,,,,,"{""numberLong"":""601686000""}"
1989-01-26,,,,,,,,,"{""numberLong"":""601772400""}"
1989-01-27,39463.7,11713.1,27750.6,7923.0,2865.3,12341.3,10494.9,4329.5,"{""numberLong"":""601858800""}"
1989-01-30,,,,,,,,,"{""numberLong"":""602118000""}"
1989-01-31,,,,,,,,,"{""numberLong"":""602204400""}"
1989-02-01,,,,,,,,,"{""numberLong"":""602290800""}"
1989-02-02,,,,,,,,,"{""numberLong"":""602377200""}"
1989-02-03,,,,,,,,,"{""numberLong"":""602463600""}"
1989-02-06,,,,,,,,,"{""numberLong"":""602722800""}"
1989-02-07,,,,,,,,,"{""numberLong"":""602809200""}"
1989-02-08,,,,,,,,,"{""numberLong"":""602895600""}"
1989-02-09,,,,,,,,,"{""numberLong"":""602982000""}"
1989-02-10,,,,,,,,,"{""numberLong"":""603068400""}"
1989-02-13,,,,,,,,,"{""numberLong"":""603327600""}"
1989-02-14,,,,,,,,,"{""numberLong"":""603414000""}"
1989-02-15,,,,,,,,,"{""numberLong"":""603500400""}"
1989-02-16,,,,,,,,,"{""numberLong"":""603586800""}"
1989-02-17,,,,,,,,,"{""numberLong"":""603673200""}"
1989-02-20,,,,,,,,,"{""numberLong"":""603932400""}"
1989-02-21,,,,,,,,,"{""numberLong"":""604018800""}"
1989-02-22,,,,,,,,,"{""numberLong"":""604105200""}"
1989-02-23,,,,,,,,,"{""numberLong"":""604191600""}"
1989-02-24,41456.7,12462.3,28994.4,8449.5,2947.9,13367.0,11188.0,4676.2,"{""numberLong"":""604278000""}"
1989-02-27,,,,,,,,,"{""numberLong"":""604537200""}"
1989-02-28,,,,,,,,,"{""numberLong"":""604623600""}"
1989-03-01,,,,,,,,,"{""numberLong"":""604710000""}"
1989-03-02,,,,,,,,,"{""numberLong"":""604796400""}"
1989-03-03,,,,,,,,,"{""numberLong"":""604882800""}"
1989-03-06,,,,,,,,,"{""numberLong"":""605142000""}"
1989-03-07,,,,,,,,,"{""numberLong"":""605228400""}"
1989-03-08,,,,,,,,,"{""numberLong"":""605314800""}"
1989-03-09,,,,,,,,,"{""numberLong"":""605401200""}"
1989-03-10,,,,,,,,,"{""numberLong"":""605487600""}"
1989-03-13,,,,,,,,,"{""numberLong"":""605746800""}"
1989-03-14,,,,,,,,,"{""numberLong"":""605833200""}"
1989-03-15,,,,,,,,,"{""numberLong"":""605919600""}"
1989-03-16,,,,,,,,,"{""numberLong"":""606006000""}"
1989-03-17,,,,,,,,,"{""numberLong"":""606092400""}"
1989-03-20,,,,,,,,,"{""numberLong"":""606351600""}"
1989-03-21,,,,,,,,,"{""numberLong"":""606438000""}"
1989-03-22,,,,,,,,,"{""numberLong"":""606524400""}"
1989-03-23,,,,,,,,,"{""numberLong"":""606610800""}"
1989-03-24,,,,,,,,,"{""numberLong"":""606697200""}"
1989-03-27,,,,,,,,,"{""numberLong"":""606952800""}"
1989-03-28,,,,,,,,,"{""numberLong"":""607039200""}"
1989-03-29,,,,,,,,,"{""numberLong"":""607125600""}"
1989-03-30,,,,,,,,,"{""numberLong"":""607212000""}"
1989-03-31,41905.8,11781.7,30124.1,9065.2,3075.8,14169.8,11691.2,4994.6,"{""numberLong"":""607298400""}"
1989-04-03,,,,,,,,,"{""numberLong"":""607557600""}"
1989-04-04,,,,,,,,,"{""numberLong"":""607644000""}"
1989-04-05,,,,,,,,,"{""numberLong"":""607730400""}"
1989-04-06,,,,,,,,,"{""numberLong"":""607816800""}"
1989-04-07,,,,,,,,,"{""numberLong"":""607903200""}"
1989-04-10,,,,,,,,,"{""numberLong"":""608162400""}"
1989-04-11,,,,,,,,,"{""numberLong"":""608248800""}"
1989-04-12,,,,,,,,,"{""numberLong"":""608335200""}"
1989-04-13,,,,,,,,,"{""numberLong"":""608421600""}"
1989-04-14,,,,,,,,,"{""numberLong"":""608508000""}"
1989-04-17,,,,,,,,,"{""numberLong"":""608767200""}"
1989-04-18,,,,,,,,,"{""numberLong"":""608853600""}"
1989-04-19,,,,,,,,,"{""numberLong"":""608940000""}"
1989-04-20,,,,,,,,,"{""numberLong"":""609026400""}"
1989-04-21,,,,,,,,,"{""numberLong"":""609112800""}"
1989-04-24,,,,,,,,,"{""numberLong"":""609372000""}"
1989-04-25,,,,,,,,,"{""numberLong"":""609458400""}"
1989-04-26,,,,,,,,,"{""numberLong"":""609544800""}"
1989-04-27,,,,,,,,,"{""numberLong"":""609631200""}"
1989-04-28,41732.0,11952.0,29780.0,9256.0,2982.0,14378.0,12423.0,5285.0,"{""numberLong"":""609717600""}"
1989-05-01,,,,,,,,,"{""numberLong"":""609976800""}"
1989-05-02,,,,,,,,,"{""numberLong"":""610063200""}"
1989-05-03,,,,,,,,,"{""numberLong"":""610149600""}"
1989-05-04,,,,,,,,,"{""numberLong"":""610236000""}"
1989-05-05,,,,,,,,,"{""numberLong"":""610322400""}"
1989-05-08,,,,,,,,,"{""numberLong"":""610581600""}"
1989-05-09,,,,,,,,,"{""numberLong"":""610668000""}"
1989-05-10,,,,,,,,,"{""numberLong"":""610754400""}"
1989-05-11,,,,,,,,,"{""numberLong"":""610840800""}"
1989-05-12,,,,,,,,,"{""numberLong"":""610927200""}"
1989-05-15,,,,,,,,,"{""numberLong"":""611186400""}"
1989-05-16,,,,,,,,,"{""numberLong"":""611272800""}"
1989-05-17,,,,,,,,,"{""numberLong"":""611359200""}"
1989-05-18,,,,,,,,,"{""numberLong"":""611445600""}"
1989-05-19,,,,,,,,,"{""numberLong"":""611532000""}"
1989-05-22,,,,,,,,,"{""numberLong"":""611791200""}"
1989-05-23,,,,,,,,,"{""numberLong"":""611877600""}"
1989-05-24,,,,,,,,,"{""numberLong"":""611964000""}"
1989-05-25,,,,,,,,,"{""numberLong"":""612050400""}"
1989-05-26,39775.0,11641.0,28134.0,8388.0,3084.0,14274.0,12406.0,5541.0,"{""numberLong"":""612136800""}"
1989-05-29,,,,,,,,,"{""numberLong"":""612396000""}"
1989-05-30,,,,,,,,,"{""numberLong"":""612482400""}"
1989-05-31,,,,,,,,,"{""numberLong"":""612568800""}"
1989-06-01,,,,,,,,,"{""numberLong"":""612655200""}"
1989-06-02,,,,,,,,,"{""numberLong"":""612741600""}"
1989-06-05,,,,,,,,,"{""numberLong"":""613000800""}"
1989-06-06,,,,,,,,,"{""numberLong"":""613087200""}"
1989-06-07,,,,,,,,,"{""numberLong"":""613173600""}"
1989-06-08,,,,,,,,,"{""numberLong"":""613260000""}"
1989-06-09,,,,,,,,,"{""numberLong"":""613346400""}"
1989-06-12,,,,,,,,,"{""numberLong"":""613605600""}"
1989-06-13,,,,,,,,,"{""numberLong"":""613692000""}"
1989-06-14,,,,,,,,,"{""numberLong"":""613778400""}"
1989-06-15,,,,,,,,,"{""numberLong"":""613864800""}"
1989-06-16,,,,,,,,,"{""numberLong"":""613951200""}"
1989-06-19,,,,,,,,,"{""numberLong"":""614210400""}"
1989-06-20,,,,,,,,,"{""numberLong"":""614296800""}"
1989-06-21,,,,,,,,,"{""numberLong"":""614383200""}"
1989-06-22,,,,,,,,,"{""numberLong"":""614469600""}"
1989-06-23,,,,,,,,,"{""numberLong"":""614556000""}"
1989-06-26,,,,,,,,,"{""numberLong"":""614815200""}"
1989-06-27,,,,,,,,,"{""numberLong"":""614901600""}"
1989-06-28,,,,,,,,,"{""numberLong"":""614988000""}"
1989-06-29,,,,,,,,,"{""numberLong"":""615074400""}"
1989-06-30,41168.4,12717.1,28451.3,8348.8,2998.1,14491.5,13261.6,6096.8,"{""numberLong"":""615160800""}"
1989-07-03,,,,,,,,,"{""numberLong"":""615420000""}"
1989-07-04,,,,,,,,,"{""numberLong"":""615506400""}"
1989-07-05,,,,,,,,,"{""numberLong"":""615592800""}"
1989-07-06,,,,,,,,,"{""numberLong"":""615679200""}"
1989-07-07,,,,,,,,,"{""numberLong"":""615765600""}"
1989-07-10,,,,,,,,,"{""numberLong"":""616024800""}"
1989-07-11,,,,,,,,,"{""numberLong"":""616111200""}"
1989-07-12,,,,,,,,,"{""numberLong"":""616197600""}"
1989-07-13,,,,,,,,,"{""numberLong"":""616284000""}"
1989-07-14,,,,,,,,,"{""numberLong"":""616370400""}"
1989-07-17,,,,,,,,,"{""numberLong"":""616629600""}"
1989-07-18,,,,,,,,,"{""numberLong"":""616716000""}"
1989-07-19,,,,,,,,,"{""numberLong"":""616802400""}"
1989-07-20,,,,,,,,,"{""numberLong"":""616888800""}"
1989-07-21,,,,,,,,,"{""numberLong"":""616975200""}"
1989-07-24,,,,,,,,,"{""numberLong"":""617234400""}"
1989-07-25,,,,,,,,,"{""numberLong"":""617320800""}"
1989-07-26,,,,,,,,,"{""numberLong"":""617407200""}"
1989-07-27,,,,,,,,,"{""numberLong"":""617493600""}"
1989-07-28,43340.3,13276.0,30064.3,9185.3,3024.0,16320.3,14567.0,6987.0,"{""numberLong"":""617580000""}"
1989-07-31,,,,,,,,,"{""numberLong"":""617839200""}"
1989-08-01,,,,,,,,,"{""numberLong"":""617925600""}"
1989-08-02,,,,,,,,,"{""numberLong"":""618012000""}"
1989-08-03,,,,,,,,,"{""numberLong"":""618098400""}"
1989-08-04,,,,,,,,,"{""numberLong"":""618184800""}"
1989-08-07,,,,,,,,,"{""numberLong"":""618444000""}"
1989-08-08,,,,,,,,,"{""numberLong"":""618530400""}"
1989-08-09,,,,,,,,,"{""numberLong"":""618616800""}"
1989-08-10,,,,,,,,,"{""numberLong"":""618703200""}"
1989-08-11,,,,,,,,,"{""numberLong"":""618789600""}"
1989-08-14,,,,,,,,,"{""numberLong"":""619048800""}"
1989-08-15,,,,,,,,,"{""numberLong"":""619135200""}"
1989-08-16,,,,,,,,,"{""numberLong"":""619221600""}"
1989-08-17,,,,,,,,,"{""numberLong"":""619308000""}"
1989-08-18,,,,,,,,,"{""numberLong"":""619394400""}"
1989-08-21,,,,,,,,,"{""numberLong"":""619653600""}"
1989-08-22,,,,,,,,,"{""numberLong"":""619740000""}"
1989-08-23,,,,,,,,,"{""numberLong"":""619826400""}"
1989-08-24,,,,,,,,,"{""numberLong"":""619912800""}"
1989-08-25,43042.0,13810.0,29232.0,8363.0,3145.0,16459.0,14849.0,7507.0,"{""numberLong"":""619999200""}"
1989-08-28,,,,,,,,,"{""numberLong"":""620258400""}"
1989-08-29,,,,,,,,,"{""numberLong"":""620344800""}"
1989-08-30,,,,,,,,,"{""numberLong"":""620431200""}"
1989-08-31,,,,,,,,,"{""numberLong"":""620517600""}"
1989-09-01,,,,,,,,,"{""numberLong"":""620604000""}"
1989-09-04,,,,,,,,,"{""numberLong"":""620863200""}"
1989-09-05,,,,,,,,,"{""numberLong"":""620949600""}"
1989-09-06,,,,,,,,,"{""numberLong"":""621036000""}"
1989-09-07,,,,,,,,,"{""numberLong"":""621122400""}"
1989-09-08,,,,,,,,,"{""numberLong"":""621208800""}"
1989-09-11,,,,,,,,,"{""numberLong"":""621468000""}"
1989-09-12,,,,,,,,,"{""numberLong"":""621554400""}"
1989-09-13,,,,,,,,,"{""numberLong"":""621640800""}"
1989-09-14,,,,,,,,,"{""numberLong"":""621727200""}"
1989-09-15,43259.0,14623.0,28636.0,7756.0,2891.0,16142.0,15532.0,8632.0,"{""numberLong"":""621813600""}"
1989-09-18,43015.0,14558.0,28457.0,7744.0,2910.0,16251.0,15701.0,8694.0,"{""numberLong"":""622072800""}"
1989-09-19,43325.0,14905.0,28420.0,7738.0,2881.0,16349.0,15771.0,8505.0,"{""numberLong"":""622159200""}"
1989-09-20,43217.0,15062.0,28155.0,7340.0,2887.0,15994.0,15388.0,8332.0,"{""numberLong"":""622245600""}"
1989-09-21,43670.0,14992.0,28678.0,7729.0,2914.0,16478.0,15861.0,8182.0,"{""numberLong"":""622332000""}"
1989-09-22,43826.0,15114.0,28712.0,7735.0,2960.0,16627.0,15908.0,8107.0,"{""numberLong"":""622418400""}"
1989-09-25,43812.0,15172.0,28640.0,7739.0,2880.0,16672.0,15898.0,8086.0,"{""numberLong"":""622681200""}"
1989-09-26,44267.0,15206.0,29061.0,7747.0,2974.0,16864.0,15878.0,7934.0,"{""numberLong"":""622767600""}"
1989-09-27,44041.0,15270.0,28771.0,7436.0,2966.0,16515.0,15646.0,7817.0,"{""numberLong"":""622854000""}"
1989-09-28,44119.0,15228.0,28891.0,7431.0,2921.0,16461.0,15557.0,7784.0,"{""numberLong"":""622940400""}"
1989-09-29,43831.0,15066.0,28765.0,7413.0,2998.0,16485.0,15659.0,7982.0,"{""numberLong"":""623026800""}"
1989-10-02,43912.0,15146.0,28766.0,7453.0,2885.0,16493.0,15491.0,8129.0,"{""numberLong"":""623286000""}"
1989-10-03,44174.0,15152.0,29022.0,7716.0,2869.0,16763.0,15621.0,8077.0,"{""numberLong"":""623372400""}"
1989-10-04,44889.0,15240.0,29649.0,8473.0,2780.0,17632.0,16106.0,8017.0,"{""numberLong"":""623458800""}"
1989-10-05,44937.0,15544.0,29393.0,8081.0,2902.0,17685.0,16302.0,7967.0,"{""numberLong"":""623545200""}"
1989-10-06,45280.0,15892.0,29388.0,7906.0,2913.0,17598.0,15726.0,7996.0,"{""numberLong"":""623631600""}"
1989-10-09,45243.0,15841.0,29402.0,7971.0,2976.0,17629.0,16077.0,8024.0,"{""numberLong"":""623890800""}"
1989-10-10,45383.0,16047.0,29336.0,7888.0,2969.0,17566.0,15969.0,7940.0,"{""numberLong"":""623977200""}"
1989-10-11,44973.0,15869.0,29104.0,7622.0,2924.0,17288.0,15886.0,7907.0,"{""numberLong"":""624063600""}"
1989-10-12,45123.0,15963.0,29160.0,7890.0,2946.0,17468.0,15835.0,8251.0,"{""numberLong"":""624150000""}"
1989-10-13,45512.0,16265.0,29247.0,7881.0,2945.0,17599.0,16555.0,8808.0,"{""numberLong"":""624236400""}"
1989-10-16,45571.0,16093.0,29478.0,8072.0,2937.0,17860.0,17060.0,9143.0,"{""numberLong"":""624495600""}"
1989-10-17,46066.0,16090.0,29976.0,8066.0,2959.0,18051.0,17246.0,9078.0,"{""numberLong"":""624582000""}"
1989-10-18,46030.0,16253.0,29777.0,7873.0,2987.0,17904.0,16750.0,8963.0,"{""numberLong"":""624668400""}"
1989-10-19,46186.0,16297.0,29889.0,7943.0,2955.0,17957.0,16527.0,8877.0,"{""numberLong"":""624754800""}"
1989-10-20,46298.0,16307.0,29991.0,7984.0,2977.0,18086.0,16371.0,8859.0,"{""numberLong"":""624841200""}"
1989-10-23,46673.0,16800.0,29873.0,7957.0,2974.0,18023.0,16472.0,8762.0,"{""numberLong"":""625100400""}"
1989-10-24,46722.0,16723.0,29999.0,7975.0,3049.0,18057.0,16355.0,8539.0,"{""numberLong"":""625186800""}"
1989-10-25,46649.0,16796.0,29853.0,7847.0,2971.0,17783.0,16025.0,8372.0,"{""numberLong"":""625273200""}"
1989-10-26,46800.0,16896.0,29904.0,7801.0,3005.0,17729.0,15974.0,8269.0,"{""numberLong"":""625359600""}"
1989-10-27,46704.0,16832.0,29872.0,7808.0,2984.0,17740.0,15907.0,8234.0,"{""numberLong"":""625446000""}"
1989-10-30,46615.0,16810.0,29805.0,7814.0,2876.0,17566.0,15866.0,8265.0,"{""numberLong"":""625705200""}"
1989-10-31,46711.0,16767.0,29944.0,7861.0,2928.0,17721.0,15917.0,8288.0,"{""numberLong"":""625791600""}"
1989-11-01,47263.0,16845.0,30418.0,8271.0,3009.0,18253.0,16279.0,8232.0,"{""numberLong"":""625878000""}"
1989-11-02,47124.0,16632.0,30492.0,8341.0,3045.0,18368.0,16020.0,8154.0,"{""numberLong"":""625964400""}"
1989-11-03,47010.0,16618.0,30392.0,8344.0,2970.0,18312.0,15882.0,8144.0,"{""numberLong"":""626050800""}"
1989-11-06,47142.0,16725.0,30417.0,8319.0,2945.0,18362.0,16098.0,8193.0,"{""numberLong"":""626310000""}"
1989-11-07,47197.0,16827.0,30370.0,8302.0,2940.0,18454.0,16456.0,8126.0,"{""numberLong"":""626396400""}"
1989-11-08,47304.0,16988.0,30316.0,8183.0,2948.0,18445.0,16475.0,8057.0,"{""numberLong"":""626482800""}"
1989-11-09,47358.0,17067.0,30291.0,8098.0,2994.0,18551.0,16322.0,7996.0,"{""numberLong"":""626569200""}"
1989-11-10,47407.0,17051.0,30356.0,8128.0,3029.0,18604.0,16374.0,8088.0,"{""numberLong"":""626655600""}"
1989-11-13,47610.0,17195.0,30415.0,8271.0,3079.0,18753.0,16667.0,8534.0,"{""numberLong"":""626914800""}"
1989-11-14,47555.0,17169.0,30386.0,8272.0,3088.0,18706.0,17016.0,9008.0,"{""numberLong"":""627001200""}"
1989-11-15,47350.0,17100.0,30250.0,8087.0,3048.0,18498.0,16900.0,9175.0,"{""numberLong"":""627087600""}"
1989-11-16,47401.0,16969.0,30432.0,8116.0,3112.0,18558.0,16957.0,9112.0,"{""numberLong"":""627174000""}"
1989-11-17,47413.0,16974.0,30439.0,8119.0,3040.0,18586.0,16934.0,9027.0,"{""numberLong"":""627260400""}"
1989-11-20,47385.0,16911.0,30474.0,8123.0,3078.0,18622.0,16833.0,8968.0,"{""numberLong"":""627519600""}"
1989-11-21,47546.0,16941.0,30605.0,8219.0,3092.0,18794.0,16784.0,8676.0,"{""numberLong"":""627606000""}"
1989-11-22,47513.0,16930.0,30583.0,8026.0,3121.0,18636.0,16496.0,8410.0,"{""numberLong"":""627692400""}"
1989-11-23,47627.0,16962.0,30665.0,8071.0,3072.0,18650.0,16357.0,8273.0,"{""numberLong"":""627778800""}"
1989-11-24,48201.0,17563.0,30638.0,8082.0,3088.0,18675.0,16373.0,8188.0,"{""numberLong"":""627865200""}"
1989-11-27,47948.0,17270.0,30678.0,8080.0,3054.0,18618.0,16224.0,8174.0,"{""numberLong"":""628124400""}"
1989-11-28,48171.0,17295.0,30876.0,8144.0,3082.0,18670.0,16117.0,8014.0,"{""numberLong"":""628210800""}"
1989-11-29,48829.0,17260.0,31569.0,8823.0,3119.0,19295.0,16331.0,7951.0,"{""numberLong"":""628297200""}"
1989-11-30,48569.0,17309.0,31260.0,8430.0,3066.0,18864.0,16415.0,8053.0,"{""numberLong"":""628383600""}"
1989-12-01,47984.0,17169.0,30815.0,8021.0,3094.0,18504.0,16204.0,8089.0,"{""numberLong"":""628470000""}"
1989-12-04,48001.0,17184.0,30817.0,8030.0,3068.0,18523.0,16240.0,8133.0,"{""numberLong"":""628729200""}"
1989-12-05,48078.0,17255.0,30823.0,8025.0,3057.0,18624.0,16318.0,8008.0,"{""numberLong"":""628815600""}"
1989-12-06,48111.0,17377.0,30734.0,7877.0,3115.0,18596.0,16055.0,7938.0,"{""numberLong"":""628902000""}"
1989-12-07,48115.0,17272.0,30843.0,7889.0,3119.0,18617.0,15824.0,7897.0,"{""numberLong"":""628988400""}"
1989-12-08,48380.0,17455.0,30925.0,7890.0,3143.0,18649.0,15885.0,7885.0,"{""numberLong"":""629074800""}"
1989-12-11,48271.0,17405.0,30866.0,7898.0,3107.0,18610.0,15963.0,7888.0,"{""numberLong"":""629334000""}"
1989-12-12,48371.0,17466.0,30905.0,7899.0,3114.0,18730.0,16043.0,7849.0,"{""numberLong"":""629420400""}"
1989-12-13,48487.0,17408.0,31079.0,7871.0,3124.0,18705.0,16205.0,8160.0,"{""numberLong"":""629506800""}"
1989-12-14,48718.0,17425.0,31293.0,7872.0,3171.0,18774.0,16486.0,8693.0,"{""numberLong"":""629593200""}"
1989-12-15,48502.0,17450.0,31052.0,7870.0,3001.0,18784.0,16666.0,8961.0,"{""numberLong"":""629679600""}"
1989-12-18,48555.0,17532.0,31023.0,7729.0,2976.0,18655.0,16894.0,8922.0,"{""numberLong"":""629938800""}"
1989-12-19,48676.0,17710.0,30966.0,7662.0,2989.0,18630.0,16811.0,8641.0,"{""numberLong"":""630025200""}"
1989-12-20,48437.0,17721.0,30716.0,7480.0,2994.0,18430.0,16274.0,8454.0,"{""numberLong"":""630111600""}"
1989-12-21,48179.0,17723.0,30456.0,7359.0,2975.0,18277.0,16189.0,8266.0,"{""numberLong"":""630198000""}"
1989-12-22,48361.0,17698.0,30663.0,7355.0,3056.0,18390.0,16153.0,8183.0,"{""numberLong"":""630284400""}"
1989-12-25,48487.0,17811.0,30676.0,7269.0,2929.0,18191.0,16128.0,8214.0,"{""numberLong"":""630543600""}"
1989-12-26,48627.0,17930.0,30697.0,7231.0,2935.0,18180.0,16231.0,8133.0,"{""numberLong"":""630630000""}"
1989-12-27,48740.0,17939.0,30801.0,7458.0,2976.0,18255.0,16599.0,8099.0,"{""numberLong"":""630716400""}"
1989-12-28,49163.0,18001.0,31162.0,7442.0,2919.0,18510.0,16587.0,8166.0,"{""numberLong"":""630802800""}"
1989-12-29,48988.0,17948.0,31040.0,7860.0,3032.0,18528.0,17035.0,8365.0,"{""numberLong"":""630889200""}"
1990-01-01,,,,,,,,,"{""numberLong"":""631148400""}"
1990-01-02,48438.0,17758.0,30680.0,7634.0,2945.0,18339.0,16425.0,8292.0,"{""numberLong"":""631234800""}"
1990-01-03,47941.0,17455.0,30486.0,7296.0,3015.0,18119.0,16144.0,8049.0,"{""numberLong"":""631321200""}"
1990-01-04,47483.0,17456.0,30027.0,7058.0,3009.0,17849.0,15999.0,7944.0,"{""numberLong"":""631407600""}"
1990-01-05,47596.0,17369.0,30227.0,7286.0,2952.0,18029.0,15762.0,7906.0,"{""numberLong"":""631494000""}"
1990-01-08,47824.0,17469.0,30355.0,7139.0,3021.0,17958.0,16211.0,7950.0,"{""numberLong"":""631753200""}"
1990-01-09,47839.0,17455.0,30384.0,7052.0,2989.0,18032.0,16508.0,7905.0,"{""numberLong"":""631839600""}"
1990-01-10,47820.0,17788.0,30032.0,6916.0,3027.0,18069.0,16763.0,7950.0,"{""numberLong"":""631926000""}"
1990-01-11,48115.0,17938.0,30177.0,6837.0,3016.0,18206.0,17093.0,8324.0,"{""numberLong"":""632012400""}"
1990-01-12,48507.0,18028.0,30479.0,6995.0,3071.0,18493.0,17975.0,9051.0,"{""numberLong"":""632098800""}"
1990-01-15,48527.0,18086.0,30441.0,6934.0,2987.0,18492.0,18094.0,9416.0,"{""numberLong"":""632358000""}"
1990-01-16,48622.0,18125.0,30497.0,6930.0,3051.0,18705.0,18135.0,9355.0,"{""numberLong"":""632444400""}"
1990-01-17,48705.0,18370.0,30335.0,6794.0,3085.0,18792.0,17991.0,9162.0,"{""numberLong"":""632530800""}"
1990-01-18,48818.0,18358.0,30460.0,6750.0,3072.0,18781.0,17725.0,8978.0,"{""numberLong"":""632617200""}"
1990-01-19,48854.0,18481.0,30373.0,6761.0,3064.0,18839.0,17387.0,8855.0,"{""numberLong"":""632703600""}"
1990-01-22,49063.0,18664.0,30399.0,6757.0,3153.0,18923.0,17037.0,8824.0,"{""numberLong"":""632962800""}"
1990-01-23,48812.0,18521.0,30291.0,6758.0,3125.0,18935.0,16921.0,8580.0,"{""numberLong"":""633049200""}"
1990-01-24,49626.0,18589.0,31037.0,7446.0,3084.0,19602.0,17251.0,8448.0,"{""numberLong"":""633135600""}"
1990-01-25,49873.0,18656.0,31217.0,7364.0,3075.0,19521.0,16941.0,8379.0,"{""numberLong"":""633222000""}"
1990-01-26,49777.0,18588.0,31189.0,7286.0,3167.0,19492.0,16750.0,8341.0,"{""numberLong"":""633308400""}"
1990-01-29,49677.0,18596.0,31081.0,7135.0,3248.0,19369.0,17110.0,8308.0,"{""numberLong"":""633567600""}"
1990-01-30,49799.0,18535.0,31264.0,7113.0,3286.0,19210.0,17114.0,8249.0,"{""numberLong"":""633654000""}"
1990-01-31,49512.0,18488.0,31024.0,6949.0,3215.0,18827.0,16641.0,8368.0,"{""numberLong"":""633740400""}"
1990-02-01,49413.0,18551.0,30862.0,6837.0,3241.0,18700.0,16603.0,8369.0,"{""numberLong"":""633826800""}"
1990-02-02,49289.0,18327.0,30962.0,6830.0,3196.0,18714.0,16655.0,8328.0,"{""numberLong"":""633913200""}"
1990-02-05,49373.0,18352.0,31021.0,6826.0,3256.0,18835.0,16717.0,8360.0,"{""numberLong"":""634172400""}"
1990-02-06,49718.0,18735.0,30983.0,6796.0,3241.0,18907.0,16662.0,8324.0,"{""numberLong"":""634258800""}"
1990-02-07,49807.0,18876.0,30931.0,6664.0,3199.0,18726.0,16711.0,8256.0,"{""numberLong"":""634345200""}"
1990-02-08,49944.0,18929.0,31015.0,6661.0,3238.0,18757.0,16606.0,8205.0,"{""numberLong"":""634431600""}"
1990-02-09,49928.0,19038.0,30890.0,6660.0,3237.0,18801.0,16554.0,8224.0,"{""numberLong"":""634518000""}"
1990-02-12,50025.0,19016.0,31009.0,6667.0,3304.0,18928.0,16701.0,8338.0,"{""numberLong"":""634777200""}"
1990-02-13,50004.0,19035.0,30969.0,6667.0,3215.0,18715.0,16794.0,8690.0,"{""numberLong"":""634863600""}"
1990-02-14,49813.0,19047.0,30766.0,6515.0,3262.0,18634.0,17209.0,9332.0,"{""numberLong"":""634950000""}"
1990-02-15,49993.0,19075.0,30918.0,6504.0,3237.0,18780.0,17535.0,9600.0,"{""numberLong"":""635036400""}"
1990-02-16,49957.0,19011.0,30946.0,6499.0,3264.0,18743.0,17490.0,9579.0,"{""numberLong"":""635122800""}"
1990-02-19,49975.0,19139.0,30836.0,6505.0,3254.0,18778.0,17391.0,9493.0,"{""numberLong"":""635382000""}"
1990-02-20,50235.0,19085.0,31150.0,6585.0,3316.0,18977.0,17167.0,9215.0,"{""numberLong"":""635468400""}"
1990-02-21,51173.0,19181.0,31992.0,7443.0,3287.0,19808.0,17739.0,8916.0,"{""numberLong"":""635554800""}"
1990-02-22,51243.0,19332.0,31911.0,7296.0,3309.0,19775.0,16851.0,8742.0,"{""numberLong"":""635641200""}"
1990-02-23,50774.0,19435.0,31339.0,6823.0,3276.0,19314.0,16653.0,8636.0,"{""numberLong"":""635727600""}"
1990-02-26,51060.0,19544.0,31516.0,6990.0,3297.0,19515.0,16898.0,8646.0,"{""numberLong"":""635986800""}"
1990-02-27,51046.0,19624.0,31422.0,6996.0,3291.0,19397.0,17185.0,8571.0,"{""numberLong"":""636073200""}"
1990-02-28,50871.0,19640.0,31231.0,6708.0,3340.0,19182.0,16760.0,8725.0,"{""numberLong"":""636159600""}"
1990-03-01,50819.0,19641.0,31178.0,6789.0,3280.0,19193.0,16814.0,8748.0,"{""numberLong"":""636246000""}"
1990-03-02,50676.0,19628.0,31048.0,6783.0,3271.0,19126.0,16787.0,8791.0,"{""numberLong"":""636332400""}"
1990-03-05,50708.0,19654.0,31054.0,6752.0,3295.0,19140.0,16975.0,8808.0,"{""numberLong"":""636591600""}"
1990-03-06,50906.0,19722.0,31184.0,6759.0,3265.0,19165.0,17098.0,8738.0,"{""numberLong"":""636678000""}"
1990-03-07,50958.0,19683.0,31275.0,6774.0,3296.0,19235.0,16812.0,8667.0,"{""numberLong"":""636764400""}"
1990-03-08,50922.0,19587.0,31335.0,6877.0,3284.0,19283.0,16790.0,8606.0,"{""numberLong"":""636850800""}"
1990-03-09,51039.0,19607.0,31432.0,6967.0,3306.0,19443.0,17127.0,8615.0,"{""numberLong"":""636937200""}"
1990-03-12,50968.0,19518.0,31450.0,6998.0,3295.0,19509.0,16872.0,8707.0,"{""numberLong"":""637196400""}"
1990-03-13,50841.0,19487.0,31354.0,6995.0,3265.0,19416.0,17225.0,9079.0,"{""numberLong"":""637282800""}"
1990-03-14,50632.0,19387.0,31245.0,6893.0,3291.0,19512.0,17496.0,9746.0,"{""numberLong"":""637369200""}"
1990-03-15,50938.0,19503.0,31435.0,7075.0,3255.0,19665.0,17729.0,10005.0,"{""numberLong"":""637455600""}"
1990-03-16,51365.0,19951.0,31414.0,6945.0,3260.0,19527.0,17583.0,9999.0,"{""numberLong"":""637542000""}"
1990-03-19,51207.0,19628.0,31579.0,6939.0,3306.0,19442.0,17706.0,9921.0,"{""numberLong"":""637801200""}"
1990-03-20,51232.0,19530.0,31702.0,6946.0,3292.0,19493.0,17306.0,9622.0,"{""numberLong"":""637887600""}"
1990-03-21,52235.0,19497.0,32738.0,7959.0,3356.0,20610.0,18041.0,9377.0,"{""numberLong"":""637974000""}"
1990-03-22,51926.0,19450.0,32476.0,7926.0,3279.0,20389.0,17522.0,9216.0,"{""numberLong"":""638060400""}"
1990-03-23,51969.0,19460.0,32509.0,7938.0,3283.0,20335.0,17091.0,9132.0,"{""numberLong"":""638146800""}"
1990-03-26,51938.0,19409.0,32529.0,7909.0,3288.0,20724.0,17874.0,9129.0,"{""numberLong"":""638402400""}"
1990-03-27,51908.0,19323.0,32585.0,7914.0,3377.0,20615.0,17034.0,8968.0,"{""numberLong"":""638488800""}"
1990-03-28,51606.0,19442.0,32164.0,7589.0,3316.0,20227.0,17017.0,8852.0,"{""numberLong"":""638575200""}"
1990-03-29,50955.0,19485.0,31470.0,6921.0,3271.0,19379.0,16381.0,8818.0,"{""numberLong"":""638661600""}"
1990-03-30,50744.0,19191.0,31553.0,6969.0,3361.0,19315.0,17381.0,9041.0,"{""numberLong"":""638748000""}"
1990-04-02,50538.0,19086.0,31452.0,7035.0,3257.0,19209.0,17424.0,9230.0,"{""numberLong"":""639007200""}"
1990-04-03,50898.0,18743.0,32155.0,7706.0,3299.0,19931.0,17449.0,9165.0,"{""numberLong"":""639093600""}"
1990-04-04,50446.0,18921.0,31525.0,7072.0,3310.0,19243.0,17208.0,9055.0,"{""numberLong"":""639180000""}"
1990-04-05,50224.0,18778.0,31446.0,7074.0,3224.0,19126.0,17183.0,9066.0,"{""numberLong"":""639266400""}"
1990-04-06,50009.0,18635.0,31374.0,6885.0,3266.0,19038.0,17389.0,9154.0,"{""numberLong"":""639352800""}"
1990-04-09,50124.0,18704.0,31420.0,6836.0,3370.0,19094.0,17941.0,9237.0,"{""numberLong"":""639612000""}"
1990-04-10,50187.0,18748.0,31439.0,6772.0,3387.0,19107.0,17599.0,9157.0,"{""numberLong"":""639698400""}"
1990-04-11,50076.0,18744.0,31332.0,6589.0,3461.0,18967.0,17678.0,9201.0,"{""numberLong"":""639784800""}"
1990-04-12,50468.0,18905.0,31563.0,6589.0,3591.0,19082.0,17697.0,9609.0,"{""numberLong"":""639871200""}"
1990-04-13,50725.0,18998.0,31727.0,6681.0,3551.0,19143.0,18761.0,10384.0,"{""numberLong"":""639957600""}"
1990-04-16,50846.0,19156.0,31690.0,6682.0,3532.0,19232.0,19256.0,10839.0,"{""numberLong"":""640216800""}"
1990-04-17,51061.0,19373.0,31688.0,6662.0,3549.0,19414.0,18990.0,10794.0,"{""numberLong"":""640303200""}"
1990-04-18,51782.0,19347.0,32435.0,7406.0,3580.0,20156.0,19180.0,10723.0,"{""numberLong"":""640389600""}"
1990-04-19,51974.0,19502.0,32472.0,7380.0,3659.0,20168.0,19255.0,10838.0,"{""numberLong"":""640476000""}"
1990-04-20,51750.0,19669.0,32081.0,6853.0,3670.0,19887.0,19479.0,11306.0,"{""numberLong"":""640562400""}"
1990-04-23,,,,,,,,,"{""numberLong"":""640821600""}"
1990-04-24,51995.0,19889.0,32106.0,6841.0,3829.0,20080.0,19782.0,11229.0,"{""numberLong"":""640908000""}"
1990-04-25,51526.0,19743.0,31783.0,6783.0,3681.0,19887.0,18950.0,10811.0,"{""numberLong"":""640994400""}"
1990-04-26,,,,,,,,,"{""numberLong"":""641080800""}"
1990-04-27,,,,,,,,,"{""numberLong"":""641167200""}"
1990-04-30,51310.0,19675.0,31635.0,6762.0,3801.0,19665.0,19285.0,10821.0,"{""numberLong"":""641426400""}"
1990-05-01,52225.0,19420.0,32805.0,7553.0,3923.0,20630.0,19062.0,10370.0,"{""numberLong"":""641512800""}"
1990-05-02,51726.0,19693.0,32033.0,6736.0,3807.0,19688.0,18543.0,10064.0,"{""numberLong"":""641599200""}"
1990-05-03,51306.0,19626.0,31680.0,6394.0,3764.0,19327.0,17890.0,9881.0,"{""numberLong"":""641685600""}"
1990-05-04,51359.0,19635.0,31724.0,6386.0,3718.0,19176.0,18147.0,9891.0,"{""numberLong"":""641772000""}"
1990-05-07,51304.0,19489.0,31815.0,6402.0,3728.0,19144.0,18332.0,9939.0,"{""numberLong"":""642031200""}"
1990-05-08,51909.0,19887.0,32022.0,6385.0,3807.0,19329.0,18289.0,9846.0,"{""numberLong"":""642117600""}"
1990-05-09,52007.0,19877.0,32130.0,6324.0,3841.0,19374.0,18327.0,9751.0,"{""numberLong"":""642204000""}"
1990-05-10,52227.0,19991.0,32236.0,6296.0,3851.0,19315.0,18298.0,9816.0,"{""numberLong"":""642290400""}"
1990-05-11,52252.0,20038.0,32214.0,6411.0,3863.0,19280.0,18819.0,10275.0,"{""numberLong"":""642376800""}"
1990-05-14,52479.0,20157.0,32322.0,6306.0,3871.0,19199.0,19225.0,11127.0,"{""numberLong"":""642636000""}"
1990-05-15,52480.0,20191.0,32289.0,6300.0,3867.0,19288.0,19270.0,11315.0,"{""numberLong"":""642722400""}"
1990-05-16,53263.0,20260.0,33003.0,6978.0,3903.0,20006.0,19540.0,11198.0,"{""numberLong"":""642808800""}"
1990-05-17,52961.0,20090.0,32871.0,6845.0,3904.0,19852.0,19200.0,11019.0,"{""numberLong"":""642895200""}"
1990-05-18,53035.0,20097.0,32938.0,6836.0,3955.0,19884.0,19196.0,10886.0,"{""numberLong"":""642981600""}"
1990-05-21,52983.0,20101.0,32882.0,6848.0,3937.0,19854.0,19111.0,10810.0,"{""numberLong"":""643240800""}"
1990-05-22,53221.0,20262.0,32959.0,6864.0,4081.0,20021.0,18977.0,10474.0,"{""numberLong"":""643327200""}"
1990-05-23,52929.0,20166.0,32763.0,6720.0,4117.0,19911.0,18453.0,10221.0,"{""numberLong"":""643413600""}"
1990-05-24,52519.0,20157.0,32362.0,6394.0,3954.0,19407.0,18175.0,10094.0,"{""numberLong"":""643500000""}"
1990-05-25,52569.0,20231.0,32338.0,6398.0,3988.0,19498.0,18441.0,10072.0,"{""numberLong"":""643586400""}"
1990-05-28,52565.0,20242.0,32323.0,6395.0,4026.0,19592.0,18722.0,10031.0,"{""numberLong"":""643845600""}"
1990-05-29,52813.0,20383.0,32430.0,6398.0,4077.0,19644.0,18658.0,9912.0,"{""numberLong"":""643932000""}"
1990-05-30,52854.0,20492.0,32362.0,6336.0,4013.0,19498.0,18651.0,9896.0,"{""numberLong"":""644018400""}"
1990-05-31,52959.0,20652.0,32307.0,6341.0,4042.0,19607.0,18457.0,10067.0,"{""numberLong"":""644104800""}"
1990-06-01,52859.0,20672.0,32187.0,6326.0,3994.0,19652.0,18678.0,10203.0,"{""numberLong"":""644191200""}"
1990-06-04,52921.0,20624.0,32297.0,6331.0,4052.0,19703.0,18793.0,10332.0,"{""numberLong"":""644450400""}"
1990-06-05,52879.0,20741.0,32138.0,6328.0,4062.0,19732.0,19173.0,10276.0,"{""numberLong"":""644536800""}"
1990-06-06,52793.0,20639.0,32154.0,6268.0,4053.0,19740.0,18944.0,10236.0,"{""numberLong"":""644623200""}"
1990-06-07,53101.0,20851.0,32250.0,6260.0,4100.0,19839.0,18844.0,10249.0,"{""numberLong"":""644709600""}"
1990-06-08,53107.0,20907.0,32200.0,6259.0,4106.0,19878.0,18552.0,10294.0,"{""numberLong"":""644796000""}"
1990-06-11,53076.0,20888.0,32188.0,6255.0,4079.0,19925.0,18884.0,10413.0,"{""numberLong"":""645055200""}"
1990-06-12,53327.0,21077.0,32250.0,6252.0,4093.0,20122.0,19009.0,10449.0,"{""numberLong"":""645141600""}"
1990-06-13,54082.0,21232.0,32850.0,6891.0,4088.0,20798.0,19764.0,10837.0,"{""numberLong"":""645228000""}"
1990-06-14,54189.0,21324.0,32865.0,6900.0,4109.0,20864.0,19934.0,11674.0,"{""numberLong"":""645314400""}"
1990-06-15,54277.0,21359.0,32918.0,6894.0,4053.0,20888.0,20252.0,12063.0,"{""numberLong"":""645400800""}"
1990-06-18,54435.0,21455.0,32980.0,7067.0,4044.0,21093.0,20457.0,12052.0,"{""numberLong"":""645660000""}"
1990-06-19,54505.0,21491.0,33014.0,6887.0,4109.0,21170.0,20298.0,11743.0,"{""numberLong"":""645746400""}"
1990-06-20,54531.0,21503.0,33028.0,6742.0,4142.0,21121.0,19995.0,11558.0,"{""numberLong"":""645832800""}"
1990-06-21,54556.0,21556.0,33000.0,6709.0,4143.0,21137.0,19612.0,11392.0,"{""numberLong"":""645919200""}"
1990-06-22,54681.0,21985.0,32696.0,6464.0,4138.0,21065.0,19674.0,11360.0,"{""numberLong"":""646005600""}"
1990-06-25,54639.0,21901.0,32738.0,6463.0,4132.0,21119.0,19864.0,11392.0,"{""numberLong"":""646264800""}"
1990-06-26,54660.0,21917.0,32743.0,6440.0,4138.0,21141.0,19971.0,11340.0,"{""numberLong"":""646351200""}"
1990-06-27,54236.0,21511.0,32725.0,6469.0,4115.0,21175.0,20143.0,11513.0,"{""numberLong"":""646437600""}"
1990-06-28,54639.0,21926.0,32713.0,6454.0,3973.0,21288.0,20608.0,12147.0,"{""numberLong"":""646524000""}"
1990-06-29,54883.0,22105.0,32778.0,6481.0,4260.0,21600.0,21667.0,13137.0,"{""numberLong"":""646610400""}"
1990-07-02,54658.0,22092.0,32566.0,6428.0,4021.0,21354.0,21547.0,13157.0,"{""numberLong"":""646869600""}"
1990-07-03,,,,,,,,,"{""numberLong"":""646956000""}"
1990-07-04,,,,,,,,,"{""numberLong"":""647042400""}"
1990-07-05,,,,,,,,,"{""numberLong"":""647128800""}"
1990-07-06,,,,,,,,,"{""numberLong"":""647215200""}"
1990-07-09,54620.0,22125.0,32495.0,6430.0,4002.0,21435.0,21246.0,12959.0,"{""numberLong"":""647474400""}"
1990-07-10,55043.0,22286.0,32757.0,6370.0,4165.0,21690.0,20711.0,12274.0,"{""numberLong"":""647560800""}"
1990-07-11,56037.0,22249.0,33788.0,7385.0,4119.0,23177.0,21092.0,12042.0,"{""numberLong"":""647647200""}"
1990-07-12,56257.0,22495.0,33762.0,7390.0,4154.0,23191.0,21410.0,12349.0,"{""numberLong"":""647733600""}"
1990-07-13,56189.0,22565.0,33624.0,7368.0,4115.0,23201.0,21811.0,13191.0,"{""numberLong"":""647820000""}"
1990-07-16,56147.0,22446.0,33701.0,7338.0,4047.0,23162.0,22329.0,13657.0,"{""numberLong"":""648079200""}"
1990-07-17,56228.0,22527.0,33701.0,7309.0,4146.0,23246.0,22233.0,13479.0,"{""numberLong"":""648165600""}"
1990-07-18,56408.0,22691.0,33717.0,7216.0,4161.0,23283.0,21824.0,13188.0,"{""numberLong"":""648252000""}"
1990-07-19,56249.0,22704.0,33545.0,7022.0,4164.0,23040.0,21333.0,12961.0,"{""numberLong"":""648338400""}"
1990-07-20,56097.0,22656.0,33441.0,6868.0,4195.0,22946.0,21349.0,12912.0,"{""numberLong"":""648424800""}"
1990-07-23,56181.0,22662.0,33519.0,6892.0,4307.0,22949.0,21526.0,12837.0,"{""numberLong"":""648684000""}"
1990-07-24,56305.0,22783.0,33522.0,6806.0,4344.0,22960.0,21320.0,12588.0,"{""numberLong"":""648770400""}"
1990-07-25,56201.0,23076.0,33125.0,6421.0,4240.0,22509.0,20995.0,12493.0,"{""numberLong"":""648856800""}"
1990-07-26,56262.0,22967.0,33295.0,6456.0,4344.0,22652.0,21003.0,12332.0,"{""numberLong"":""648943200""}"
1990-07-27,55868.0,22879.0,32989.0,6438.0,4186.0,22305.0,21172.0,12280.0,"{""numberLong"":""649029600""}"
1990-07-30,55902.0,22846.0,33056.0,6259.0,4263.0,22302.0,21475.0,12321.0,"{""numberLong"":""649288800""}"
1990-07-31,56222.0,22938.0,33284.0,6277.0,4308.0,22500.0,21548.0,12392.0,"{""numberLong"":""649375200""}"
1990-08-01,56447.0,23043.0,33404.0,6202.0,4383.0,22577.0,21214.0,12389.0,"{""numberLong"":""649461600""}"
1990-08-02,56268.0,23001.0,33267.0,6085.0,4391.0,22524.0,20770.0,12323.0,"{""numberLong"":""649548000""}"
1990-08-03,56457.0,23214.0,33243.0,6248.0,4413.0,22722.0,21042.0,12388.0,"{""numberLong"":""649634400""}"
1990-08-06,56589.0,23255.0,33334.0,6108.0,4437.0,22662.0,20947.0,12494.0,"{""numberLong"":""649893600""}"
1990-08-07,57547.0,23971.0,33576.0,6096.0,4457.0,22777.0,21039.0,12439.0,"{""numberLong"":""649980000""}"
1990-08-08,58530.0,23987.0,34543.0,7132.0,4543.0,23777.0,21719.0,12340.0,"{""numberLong"":""650066400""}"
1990-08-09,57956.0,23787.0,34169.0,6869.0,4537.0,23453.0,21363.0,12287.0,"{""numberLong"":""650152800""}"
1990-08-10,57655.0,23726.0,33929.0,6648.0,4486.0,23128.0,21641.0,12497.0,"{""numberLong"":""650239200""}"
1990-08-13,57678.0,23687.0,33991.0,6662.0,4549.0,23253.0,22363.0,13278.0,"{""numberLong"":""650498400""}"
1990-08-14,58178.0,23955.0,34223.0,6650.0,4554.0,23416.0,23137.0,14228.0,"{""numberLong"":""650584800""}"
1990-08-15,57930.0,24089.0,33841.0,6374.0,4483.0,23088.0,23252.0,14558.0,"{""numberLong"":""650671200""}"
1990-08-16,58193.0,24316.0,33877.0,6169.0,4518.0,23020.0,23183.0,14513.0,"{""numberLong"":""650757600""}"
1990-08-17,58323.0,24492.0,33831.0,6139.0,4564.0,23017.0,23112.0,14428.0,"{""numberLong"":""650844000""}"
1990-08-20,58778.0,24608.0,34170.0,6219.0,4621.0,23241.0,23074.0,14372.0,"{""numberLong"":""651103200""}"
1990-08-21,59527.0,24737.0,34790.0,6833.0,4665.0,24045.0,23131.0,13971.0,"{""numberLong"":""651189600""}"
1990-08-22,59212.0,24768.0,34444.0,6391.0,4726.0,23729.0,22814.0,13718.0,"{""numberLong"":""651276000""}"
1990-08-23,59227.0,24770.0,34457.0,6379.0,4683.0,23687.0,22732.0,13554.0,"{""numberLong"":""651362400""}"
1990-08-24,59401.0,24860.0,34541.0,6375.0,4692.0,23702.0,22387.0,13531.0,"{""numberLong"":""651448800""}"
1990-08-27,59282.0,24892.0,34390.0,6338.0,4760.0,23728.0,22568.0,13594.0,"{""numberLong"":""651708000""}"
1990-08-28,58715.0,24448.0,34267.0,6123.0,4761.0,23532.0,22963.0,13427.0,"{""numberLong"":""651794400""}"
1990-08-29,58597.0,24563.0,34034.0,5889.0,4760.0,23460.0,22760.0,13353.0,"{""numberLong"":""651880800""}"
1990-08-30,,,,,,,,,"{""numberLong"":""651967200""}"
1990-08-31,58213.0,24289.0,33924.0,5874.0,4704.0,23390.0,22629.0,13661.0,"{""numberLong"":""652053600""}"
1990-09-03,58075.0,24157.0,33918.0,5836.0,4814.0,23430.0,23073.0,13701.0,"{""numberLong"":""652312800""}"
1990-09-04,58069.0,24249.0,33820.0,5794.0,4812.0,23387.0,22447.0,13509.0,"{""numberLong"":""652399200""}"
1990-09-05,58777.0,24237.0,34540.0,6433.0,4825.0,24104.0,22771.0,13380.0,"{""numberLong"":""652485600""}"
1990-09-06,58707.0,24182.0,34525.0,6254.0,4878.0,23923.0,22812.0,13360.0,"{""numberLong"":""652572000""}"
1990-09-07,58616.0,24111.0,34505.0,6242.0,4790.0,23849.0,22655.0,13449.0,"{""numberLong"":""652658400""}"
1990-09-10,58783.0,24250.0,34533.0,6248.0,4909.0,24076.0,22712.0,13514.0,"{""numberLong"":""652917600""}"
1990-09-11,58813.0,24393.0,34420.0,6213.0,4904.0,24220.0,22829.0,13330.0,"{""numberLong"":""653004000""}"
1990-09-12,58605.0,24387.0,34218.0,6130.0,4913.0,24165.0,22831.0,13349.0,"{""numberLong"":""653090400""}"
1990-09-13,58841.0,24457.0,34384.0,6135.0,5011.0,24275.0,23178.0,13810.0,"{""numberLong"":""653176800""}"
1990-09-14,58963.0,24602.0,34361.0,6131.0,5008.0,24367.0,23362.0,14888.0,"{""numberLong"":""653263200""}"
1990-09-17,59157.0,24536.0,34621.0,6127.0,5003.0,24311.0,24091.0,15290.0,"{""numberLong"":""653522400""}"
1990-09-18,59250.0,24510.0,34740.0,6112.0,5024.0,24360.0,23905.0,15056.0,"{""numberLong"":""653608800""}"
1990-09-19,59115.0,24509.0,34606.0,5812.0,5036.0,24226.0,23545.0,14696.0,"{""numberLong"":""653695200""}"
1990-09-20,58818.0,24283.0,34535.0,5806.0,5043.0,24346.0,23209.0,14456.0,"{""numberLong"":""653781600""}"
1990-09-21,58577.0,24288.0,34289.0,5762.0,5024.0,24277.0,23114.0,14204.0,"{""numberLong"":""653868000""}"
1990-09-24,58545.0,24357.0,34188.0,5714.0,4963.0,24049.0,22940.0,14076.0,"{""numberLong"":""654127200""}"
1990-09-25,58357.0,24274.0,34083.0,5566.0,4961.0,23863.0,22240.0,13781.0,"{""numberLong"":""654213600""}"
1990-09-26,58222.0,24324.0,33898.0,5285.0,4996.0,23841.0,21892.0,13536.0,"{""numberLong"":""654300000""}"
1990-09-27,58088.0,24280.0,33808.0,5225.0,4948.0,23769.0,22129.0,13499.0,"{""numberLong"":""654386400""}"
1990-09-28,57792.0,24245.0,33547.0,5217.0,4770.0,23404.0,22124.0,13682.0,"{""numberLong"":""654472800""}"
1990-10-01,58026.0,24035.0,33991.0,5301.0,5041.0,23824.0,23127.0,13845.0,"{""numberLong"":""654735600""}"
1990-10-02,58335.0,24315.0,34020.0,5219.0,5001.0,23787.0,22834.0,13598.0,"{""numberLong"":""654822000""}"
1990-10-03,59307.0,24658.0,34649.0,5885.0,5016.0,24659.0,22908.0,13381.0,"{""numberLong"":""654908400""}"
1990-10-04,59328.0,24733.0,34595.0,5747.0,5016.0,24646.0,21961.0,13285.0,"{""numberLong"":""654994800""}"
1990-10-05,59143.0,24711.0,34432.0,5583.0,4911.0,24391.0,22452.0,13502.0,"{""numberLong"":""655081200""}"
1990-10-08,59135.0,24661.0,34474.0,5613.0,4922.0,24405.0,22569.0,13559.0,"{""numberLong"":""655340400""}"
1990-10-09,59060.0,24626.0,34434.0,5545.0,4903.0,24174.0,22437.0,13358.0,"{""numberLong"":""655426800""}"
1990-10-10,59078.0,24714.0,34364.0,5293.0,4966.0,24066.0,22392.0,13345.0,"{""numberLong"":""655513200""}"
1990-10-11,59225.0,24945.0,34280.0,5290.0,4917.0,24039.0,22589.0,13862.0,"{""numberLong"":""655599600""}"
1990-10-12,59220.0,25047.0,34173.0,5284.0,4918.0,24274.0,23315.0,14771.0,"{""numberLong"":""655686000""}"
1990-10-15,59530.0,25152.0,34378.0,5281.0,4972.0,24474.0,23937.0,15221.0,"{""numberLong"":""655945200""}"
1990-10-16,59667.0,25217.0,34450.0,5283.0,4981.0,24630.0,23811.0,14943.0,"{""numberLong"":""656031600""}"
1990-10-17,59652.0,25422.0,34230.0,4962.0,5041.0,24431.0,23410.0,14634.0,"{""numberLong"":""656118000""}"
1990-10-18,59695.0,25392.0,34303.0,4916.0,5055.0,24303.0,22999.0,14360.0,"{""numberLong"":""656204400""}"
1990-10-19,59502.0,25349.0,34153.0,4906.0,4941.0,24141.0,22923.0,14269.0,"{""numberLong"":""656290800""}"
1990-10-22,59398.0,25196.0,34202.0,4891.0,4959.0,24155.0,22845.0,14195.0,"{""numberLong"":""656550000""}"
1990-10-23,59295.0,25089.0,34206.0,4894.0,5119.0,24182.0,22510.0,13811.0,"{""numberLong"":""656636400""}"
1990-10-24,58739.0,25049.0,33690.0,4417.0,5008.0,23684.0,22540.0,13590.0,"{""numberLong"":""656722800""}"
1990-10-25,58833.0,25096.0,33737.0,4417.0,5038.0,23595.0,22040.0,13533.0,"{""numberLong"":""656809200""}"
1990-10-26,58900.0,25180.0,33720.0,4364.0,4992.0,23549.0,22401.0,13502.0,"{""numberLong"":""656895600""}"
1990-10-29,,,,,,,,,"{""numberLong"":""657154800""}"
1990-10-30,58451.0,24837.0,33614.0,4359.0,4934.0,23158.0,22758.0,13591.0,"{""numberLong"":""657241200""}"
1990-10-31,58723.0,24773.0,33950.0,4644.0,5007.0,23681.0,23438.0,13518.0,"{""numberLong"":""657327600""}"
1990-11-01,59022.0,24900.0,34122.0,4628.0,5111.0,23847.0,22759.0,13390.0,"{""numberLong"":""657414000""}"
1990-11-02,58975.0,24867.0,34108.0,4692.0,4968.0,23734.0,22348.0,13314.0,"{""numberLong"":""657500400""}"
1990-11-05,58999.0,24863.0,34136.0,4688.0,4941.0,23692.0,22832.0,13385.0,"{""numberLong"":""657759600""}"
1990-11-06,59146.0,24952.0,34194.0,4629.0,4954.0,23721.0,22862.0,13293.0,"{""numberLong"":""657846000""}"
1990-11-07,58988.0,24827.0,34161.0,4499.0,4991.0,23583.0,22626.0,13226.0,"{""numberLong"":""657932400""}"
1990-11-08,59144.0,24939.0,34205.0,4499.0,4991.0,23554.0,22360.0,13191.0,"{""numberLong"":""658018800""}"
1990-11-09,58786.0,24773.0,34013.0,4471.0,4938.0,23466.0,22547.0,13236.0,"{""numberLong"":""658105200""}"
1990-11-12,58786.0,24841.0,33945.0,4474.0,4998.0,23374.0,22440.0,13408.0,"{""numberLong"":""658364400""}"
1990-11-13,59672.0,24900.0,34772.0,5074.0,5010.0,23892.0,23188.0,13868.0,"{""numberLong"":""658450800""}"
1990-11-14,59465.0,24996.0,34469.0,4689.0,5037.0,23630.0,23723.0,14657.0,"{""numberLong"":""658537200""}"
1990-11-15,59792.0,25282.0,34510.0,4695.0,5036.0,23636.0,23637.0,14993.0,"{""numberLong"":""658623600""}"
1990-11-16,60074.0,25473.0,34601.0,4707.0,5100.0,23735.0,23679.0,14967.0,"{""numberLong"":""658710000""}"
1990-11-19,59899.0,25170.0,34729.0,4711.0,5035.0,23671.0,23728.0,14858.0,"{""numberLong"":""658969200""}"
1990-11-20,60258.0,25577.0,34681.0,4729.0,5050.0,23819.0,23575.0,14429.0,"{""numberLong"":""659055600""}"
1990-11-21,60242.0,25860.0,34382.0,4449.0,5071.0,23597.0,23587.0,14009.0,"{""numberLong"":""659142000""}"
1990-11-22,60492.0,25688.0,34804.0,4455.0,5104.0,24067.0,23289.0,13733.0,"{""numberLong"":""659228400""}"
1990-11-23,60161.0,25775.0,34386.0,4455.0,5088.0,23647.0,22511.0,13580.0,"{""numberLong"":""659314800""}"
1990-11-26,60088.0,25690.0,34398.0,4457.0,5197.0,23724.0,22931.0,13541.0,"{""numberLong"":""659574000""}"
1990-11-27,60027.0,25688.0,34339.0,4476.0,5105.0,23655.0,22640.0,13194.0,"{""numberLong"":""659660400""}"
1990-11-28,60554.0,25641.0,34913.0,4969.0,5144.0,23973.0,22354.0,13019.0,"{""numberLong"":""659746800""}"
1990-11-29,60457.0,25503.0,34954.0,4974.0,5147.0,23955.0,22304.0,12979.0,"{""numberLong"":""659833200""}"
1990-11-30,60123.0,25536.0,34587.0,4756.0,5072.0,23721.0,22690.0,13361.0,"{""numberLong"":""659919600""}"
1990-12-03,60604.0,26012.0,34592.0,4756.0,5142.0,23813.0,22997.0,13472.0,"{""numberLong"":""660178800""}"
1990-12-04,60438.0,25976.0,34462.0,4753.0,5090.0,23640.0,22904.0,13331.0,"{""numberLong"":""660265200""}"
1990-12-05,60472.0,25911.0,34561.0,4741.0,5115.0,23607.0,22593.0,13189.0,"{""numberLong"":""660351600""}"
1990-12-06,60529.0,25912.0,34617.0,4741.0,5123.0,23713.0,22472.0,13158.0,"{""numberLong"":""660438000""}"
1990-12-07,60401.0,25807.0,34594.0,4734.0,5065.0,23556.0,22565.0,13180.0,"{""numberLong"":""660524400""}"
1990-12-10,60516.0,25810.0,34706.0,4746.0,5045.0,23553.0,22480.0,13210.0,"{""numberLong"":""660783600""}"
1990-12-11,60861.0,26055.0,34806.0,4744.0,5046.0,23565.0,22325.0,12997.0,"{""numberLong"":""660870000""}"
1990-12-12,60532.0,25859.0,34673.0,4506.0,5155.0,23149.0,22125.0,12972.0,"{""numberLong"":""660956400""}"
1990-12-13,60645.0,25913.0,34732.0,4496.0,5280.0,23270.0,23053.0,13421.0,"{""numberLong"":""661042800""}"
1990-12-14,60701.0,26029.0,34672.0,4496.0,5209.0,23282.0,23738.0,14406.0,"{""numberLong"":""661129200""}"
1990-12-17,60472.0,25942.0,34530.0,4513.0,5119.0,23121.0,23775.0,14803.0,"{""numberLong"":""661388400""}"
1990-12-18,60600.0,26029.0,34571.0,4517.0,5144.0,23228.0,23955.0,14514.0,"{""numberLong"":""661474800""}"
1990-12-19,60316.0,26080.0,34236.0,4122.0,5163.0,22788.0,23545.0,14167.0,"{""numberLong"":""661561200""}"
1990-12-20,60471.0,26151.0,34320.0,4171.0,5203.0,22903.0,23556.0,13984.0,"{""numberLong"":""661647600""}"
1990-12-21,60387.0,26174.0,34213.0,4223.0,5149.0,22846.0,23235.0,13768.0,"{""numberLong"":""661734000""}"
1990-12-24,59884.0,26026.0,33858.0,4226.0,5107.0,22891.0,22831.0,13677.0,"{""numberLong"":""661993200""}"
1990-12-25,60018.0,26103.0,33915.0,4307.0,5195.0,23025.0,22965.0,13536.0,"{""numberLong"":""662079600""}"
1990-12-26,60820.0,26106.0,34714.0,4983.0,5256.0,23615.0,23208.0,13585.0,"{""numberLong"":""662166000""}"
1990-12-27,60888.0,26108.0,34780.0,4985.0,5228.0,23587.0,23738.0,13755.0,"{""numberLong"":""662252400""}"
1990-12-28,60787.0,26052.0,34735.0,4981.0,5202.0,23463.0,23967.0,14265.0,"{""numberLong"":""662338800""}"
1990-12-31,60987.0,25583.0,35404.0,5324.0,5320.0,23837.0,23871.0,14074.0,"{""numberLong"":""662598000""}"
1991-01-01,,,,,,,,,"{""numberLong"":""662684400""}"
1991-01-02,60757.0,25442.0,35315.0,5238.0,5220.0,23590.0,22961.0,13658.0,"{""numberLong"":""662770800""}"
1991-01-03,60515.0,25120.0,35395.0,5287.0,5170.0,23453.0,22737.0,13424.0,"{""numberLong"":""662857200""}"
1991-01-04,60952.0,25003.0,35949.0,5870.0,5223.0,24008.0,23063.0,13343.0,"{""numberLong"":""662943600""}"
1991-01-07,60893.0,24987.0,35906.0,5856.0,5237.0,24039.0,22866.0,13426.0,"{""numberLong"":""663202800""}"
1991-01-08,60755.0,25087.0,35668.0,5847.0,5233.0,24042.0,22970.0,13366.0,"{""numberLong"":""663289200""}"
1991-01-09,60557.0,25046.0,35511.0,5690.0,5286.0,23736.0,23193.0,13353.0,"{""numberLong"":""663375600""}"
1991-01-10,60781.0,25126.0,35655.0,5668.0,5292.0,23798.0,23683.0,13592.0,"{""numberLong"":""663462000""}"
1991-01-11,61093.0,25047.0,36046.0,5887.0,5267.0,23738.0,25175.0,15009.0,"{""numberLong"":""663548400""}"
1991-01-14,61456.0,24972.0,36484.0,6727.0,5277.0,24616.0,26990.0,17447.0,"{""numberLong"":""663807600""}"
1991-01-15,61870.0,25052.0,36818.0,6917.0,5555.0,25025.0,28400.0,18802.0,"{""numberLong"":""663894000""}"
1991-01-16,61625.0,24799.0,36826.0,6717.0,5733.0,24998.0,28274.0,19161.0,"{""numberLong"":""663980400""}"
1991-01-17,61427.0,24519.0,36908.0,6760.0,5748.0,24973.0,28084.0,19138.0,"{""numberLong"":""664066800""}"
1991-01-18,61579.0,24393.0,37186.0,6773.0,5828.0,25061.0,28007.0,19014.0,"{""numberLong"":""664153200""}"
1991-01-21,61598.0,24365.0,37233.0,6790.0,5841.0,25097.0,28039.0,18947.0,"{""numberLong"":""664412400""}"
1991-01-22,62389.0,24271.0,38118.0,7446.0,5912.0,25875.0,27868.0,18366.0,"{""numberLong"":""664498800""}"
1991-01-23,63284.0,24347.0,38937.0,8218.0,5899.0,26654.0,27400.0,17941.0,"{""numberLong"":""664585200""}"
1991-01-24,63132.0,24246.0,38886.0,8222.0,5891.0,26732.0,26994.0,17715.0,"{""numberLong"":""664671600""}"
1991-01-25,63088.0,23926.0,39162.0,8221.0,5932.0,26735.0,26656.0,17607.0,"{""numberLong"":""664758000""}"
1991-01-28,63064.0,23819.0,39245.0,8208.0,5974.0,26778.0,26773.0,17445.0,"{""numberLong"":""665017200""}"
1991-01-29,62937.0,23737.0,39200.0,8203.0,5974.0,26690.0,26131.0,17065.0,"{""numberLong"":""665103600""}"
1991-01-30,61470.0,22745.0,38725.0,7563.0,6040.0,26032.0,25740.0,16829.0,"{""numberLong"":""665190000""}"
1991-01-31,61390.0,22705.0,38685.0,7588.0,6041.0,25854.0,25723.0,16936.0,"{""numberLong"":""665276400""}"
1991-02-01,61319.0,22553.0,38766.0,7571.0,5997.0,25800.0,26174.0,16905.0,"{""numberLong"":""665362800""}"
1991-02-04,60969.0,22120.0,38849.0,7568.0,5980.0,25748.0,25857.0,16839.0,"{""numberLong"":""665622000""}"
1991-02-05,60937.0,21992.0,38945.0,7561.0,6013.0,25748.0,25736.0,16603.0,"{""numberLong"":""665708400""}"
1991-02-06,60286.0,21520.0,38766.0,7292.0,6051.0,25414.0,25343.0,16430.0,"{""numberLong"":""665794800""}"
1991-02-07,60198.0,21415.0,38783.0,7300.0,6037.0,25459.0,25532.0,16310.0,"{""numberLong"":""665881200""}"
1991-02-08,60402.0,21535.0,38867.0,7290.0,6035.0,25529.0,25829.0,16217.0,"{""numberLong"":""665967600""}"
1991-02-11,60664.0,21788.0,38876.0,7278.0,6059.0,25587.0,25402.0,16181.0,"{""numberLong"":""666226800""}"
1991-02-12,60726.0,21840.0,38886.0,7269.0,6042.0,25559.0,25537.0,15998.0,"{""numberLong"":""666313200""}"
1991-02-13,60572.0,21983.0,38589.0,6939.0,6054.0,24984.0,25910.0,16513.0,"{""numberLong"":""666399600""}"
1991-02-14,60885.0,22050.0,38835.0,7111.0,6044.0,25211.0,26567.0,17489.0,"{""numberLong"":""666486000""}"
1991-02-15,60884.0,21949.0,38935.0,7111.0,6078.0,25200.0,26886.0,18032.0,"{""numberLong"":""666572400""}"
1991-02-18,61063.0,21952.0,39111.0,7079.0,6084.0,25108.0,26862.0,17883.0,"{""numberLong"":""666831600""}"
1991-02-19,60962.0,21963.0,38999.0,7069.0,6107.0,24969.0,26259.0,17246.0,"{""numberLong"":""666918000""}"
1991-02-20,62590.0,21945.0,40645.0,8665.0,6172.0,26515.0,26445.0,16871.0,"{""numberLong"":""667004400""}"
1991-02-21,62829.0,22057.0,40772.0,8752.0,6170.0,26637.0,26390.0,16532.0,"{""numberLong"":""667090800""}"
1991-02-22,63557.0,22844.0,40713.0,8753.0,6084.0,26642.0,25945.0,16331.0,"{""numberLong"":""667177200""}"
1991-02-25,63762.0,22971.0,40791.0,8695.0,6173.0,26643.0,25254.0,16238.0,"{""numberLong"":""667436400""}"
1991-02-26,63711.0,23063.0,40648.0,8682.0,6215.0,26707.0,25681.0,15857.0,"{""numberLong"":""667522800""}"
1991-02-27,63232.0,23259.0,39973.0,8043.0,6172.0,26126.0,25174.0,15718.0,"{""numberLong"":""667609200""}"
1991-02-28,63054.0,23062.0,39992.0,8014.0,6153.0,26355.0,25252.0,15966.0,"{""numberLong"":""667695600""}"
1991-03-01,63010.0,23135.0,39875.0,7764.0,6169.0,26073.0,25291.0,15965.0,"{""numberLong"":""667782000""}"
1991-03-04,62993.0,23113.0,39880.0,7757.0,6168.0,26160.0,25624.0,15904.0,"{""numberLong"":""668041200""}"
1991-03-05,63113.0,23265.0,39848.0,7693.0,6152.0,26263.0,25533.0,15555.0,"{""numberLong"":""668127600""}"
1991-03-06,62990.0,23340.0,39650.0,7446.0,6163.0,26059.0,24876.0,15329.0,"{""numberLong"":""668214000""}"
1991-03-07,63104.0,23595.0,39509.0,7446.0,6186.0,26145.0,24808.0,15168.0,"{""numberLong"":""668300400""}"
1991-03-08,63467.0,24009.0,39458.0,7348.0,6186.0,26375.0,25028.0,15114.0,"{""numberLong"":""668386800""}"
1991-03-11,63388.0,24002.0,39386.0,7304.0,6138.0,26355.0,24846.0,15080.0,"{""numberLong"":""668646000""}"
1991-03-12,63131.0,24073.0,39058.0,7303.0,6131.0,26313.0,25033.0,14911.0,"{""numberLong"":""668732400""}"
1991-03-13,63843.0,24197.0,39646.0,7663.0,6121.0,26847.0,25229.0,15381.0,"{""numberLong"":""668818800""}"
1991-03-14,63858.0,24160.0,39698.0,7665.0,6207.0,27022.0,25810.0,16580.0,"{""numberLong"":""668905200""}"
1991-03-15,66563.0,23834.0,42729.0,10663.0,6139.0,29997.0,26480.0,17126.0,"{""numberLong"":""668991600""}"
1991-03-18,66707.0,24089.0,42618.0,10642.0,6130.0,29959.0,26448.0,16998.0,"{""numberLong"":""669250800""}"
1991-03-19,66897.0,24440.0,42457.0,10602.0,6143.0,29923.0,26147.0,16335.0,"{""numberLong"":""669337200""}"
1991-03-20,67206.0,24835.0,42371.0,10701.0,6160.0,30047.0,26813.0,16004.0,"{""numberLong"":""669423600""}"
1991-03-21,68551.0,25688.0,42863.0,10671.0,6189.0,29954.0,25808.0,15636.0,"{""numberLong"":""669510000""}"
1991-03-22,70665.0,26880.0,43785.0,10635.0,6196.0,29774.0,25500.0,15543.0,"{""numberLong"":""669596400""}"
1991-03-25,65812.0,23673.0,42139.0,10601.0,6176.0,29697.0,25901.0,15407.0,"{""numberLong"":""669855600""}"
1991-03-26,65535.0,23466.0,42069.0,10600.0,6257.0,29609.0,25279.0,14938.0,"{""numberLong"":""669942000""}"
1991-03-27,64716.0,23764.0,40952.0,9749.0,6134.0,28549.0,24481.0,14710.0,"{""numberLong"":""670028400""}"
1991-03-28,64031.0,23880.0,40151.0,9107.0,6171.0,27741.0,23961.0,14669.0,"{""numberLong"":""670114800""}"
1991-03-29,64129.0,23972.0,40157.0,9106.0,6205.0,27658.0,24669.0,15067.0,"{""numberLong"":""670201200""}"
1991-04-01,64348.0,23953.0,40395.0,9073.0,6168.0,27657.0,25555.0,15280.0,"{""numberLong"":""670456800""}"
1991-04-02,64369.0,23964.0,40405.0,9054.0,6111.0,27585.0,24869.0,14988.0,"{""numberLong"":""670543200""}"
1991-04-03,64474.0,24102.0,40372.0,9002.0,6144.0,27614.0,25144.0,14795.0,"{""numberLong"":""670629600""}"
1991-04-04,64733.0,24093.0,40640.0,9000.0,6194.0,27708.0,24899.0,14721.0,"{""numberLong"":""670716000""}"
1991-04-05,64768.0,24251.0,40517.0,9000.0,6096.0,27651.0,25288.0,14933.0,"{""numberLong"":""670802400""}"
1991-04-08,64952.0,24189.0,40763.0,8999.0,6155.0,27767.0,25403.0,15110.0,"{""numberLong"":""671061600""}"
1991-04-09,64399.0,23898.0,40501.0,8997.0,6201.0,27890.0,25732.0,15178.0,"{""numberLong"":""671148000""}"
1991-04-10,64589.0,24009.0,40580.0,8998.0,6193.0,27688.0,26407.0,16207.0,"{""numberLong"":""671234400""}"
1991-04-11,65281.0,24461.0,40820.0,9010.0,6179.0,28075.0,28030.0,18071.0,"{""numberLong"":""671320800""}"
1991-04-12,67078.0,26323.0,40755.0,9031.0,6153.0,28974.0,29211.0,19608.0,"{""numberLong"":""671407200""}"
1991-04-15,66979.0,26204.0,40775.0,9033.0,6109.0,28982.0,29200.0,19384.0,"{""numberLong"":""671666400""}"
1991-04-16,,,,,,,,,"{""numberLong"":""671752800""}"
1991-04-17,,,,,,,,,"{""numberLong"":""671839200""}"
1991-04-18,,,,,,,,,"{""numberLong"":""671925600""}"
1991-04-19,68786.0,26611.0,42175.0,10604.0,5974.0,30405.0,28859.0,18263.0,"{""numberLong"":""672012000""}"
1991-04-22,68419.0,26780.0,41639.0,10622.0,5899.0,30067.0,27533.0,17382.0,"{""numberLong"":""672271200""}"
1991-04-23,,,,,,,,,"{""numberLong"":""672357600""}"
1991-04-24,68379.0,26921.0,41458.0,10790.0,5905.0,30149.0,26230.0,16412.0,"{""numberLong"":""672444000""}"
1991-04-25,68477.0,26860.0,41617.0,10792.0,5853.0,30164.0,25801.0,15830.0,"{""numberLong"":""672530400""}"
1991-04-26,68512.0,26952.0,41560.0,10649.0,5840.0,30192.0,25610.0,15551.0,"{""numberLong"":""672616800""}"
1991-04-29,68882.0,27154.0,41728.0,10622.0,5688.0,30251.0,26149.0,15448.0,"{""numberLong"":""672876000""}"
1991-04-30,68185.0,27129.0,41056.0,10599.0,5684.0,29772.0,25958.0,15493.0,"{""numberLong"":""672962400""}"
1991-05-01,67991.0,26657.0,41334.0,10209.0,5682.0,29680.0,25728.0,15340.0,"{""numberLong"":""673048800""}"
1991-05-02,68312.0,26510.0,41802.0,10141.0,5735.0,29778.0,25293.0,15281.0,"{""numberLong"":""673135200""}"
1991-05-03,68357.0,26799.0,41558.0,10181.0,5647.0,29837.0,25702.0,15337.0,"{""numberLong"":""673221600""}"
1991-05-06,68433.0,27003.0,41430.0,10200.0,5601.0,29831.0,25863.0,15492.0,"{""numberLong"":""673480800""}"
1991-05-07,68395.0,27017.0,41378.0,10415.0,5612.0,29923.0,25979.0,15311.0,"{""numberLong"":""673567200""}"
1991-05-08,68663.0,27116.0,41547.0,10418.0,5507.0,29911.0,26041.0,15197.0,"{""numberLong"":""673653600""}"
1991-05-09,68826.0,27343.0,41483.0,10369.0,5603.0,30078.0,26033.0,15213.0,"{""numberLong"":""673740000""}"
1991-05-10,68970.0,27657.0,41313.0,10374.0,5556.0,30155.0,26306.0,15448.0,"{""numberLong"":""673826400""}"
1991-05-13,68917.0,27521.0,41396.0,10435.0,5483.0,30075.0,27458.0,16288.0,"{""numberLong"":""674085600""}"
1991-05-14,68934.0,27407.0,41527.0,10426.0,5521.0,30237.0,27806.0,17472.0,"{""numberLong"":""674172000""}"
1991-05-15,69201.0,27358.0,41843.0,10705.0,5477.0,30546.0,28185.0,17939.0,"{""numberLong"":""674258400""}"
1991-05-16,69502.0,27283.0,42219.0,10699.0,5471.0,30643.0,27811.0,17713.0,"{""numberLong"":""674344800""}"
1991-05-17,69501.0,27407.0,42094.0,10666.0,5441.0,30675.0,27736.0,17481.0,"{""numberLong"":""674431200""}"
1991-05-20,70241.0,28332.0,41909.0,10653.0,5485.0,30774.0,28194.0,17236.0,"{""numberLong"":""674690400""}"
1991-05-21,70335.0,28553.0,41782.0,10574.0,5626.0,30931.0,27485.0,16539.0,"{""numberLong"":""674776800""}"
1991-05-22,70376.0,28501.0,41875.0,10654.0,5460.0,30833.0,26776.0,16118.0,"{""numberLong"":""674863200""}"
1991-05-23,70566.0,28663.0,41903.0,10625.0,5514.0,30907.0,26630.0,15886.0,"{""numberLong"":""674949600""}"
1991-05-24,70439.0,28615.0,41824.0,10547.0,5582.0,30945.0,26743.0,15834.0,"{""numberLong"":""675036000""}"
1991-05-27,70640.0,28639.0,42001.0,10498.0,5546.0,30876.0,26605.0,15814.0,"{""numberLong"":""675295200""}"
1991-05-28,70923.0,28700.0,42223.0,10518.0,5642.0,31205.0,26594.0,15415.0,"{""numberLong"":""675381600""}"
1991-05-29,71187.0,29082.0,42105.0,10499.0,5600.0,31251.0,25802.0,15254.0,"{""numberLong"":""675468000""}"
1991-05-30,71579.0,29134.0,42445.0,10496.0,5693.0,31584.0,26354.0,15270.0,"{""numberLong"":""675554400""}"
1991-05-31,71538.0,29431.0,42107.0,10501.0,5617.0,31600.0,26093.0,15758.0,"{""numberLong"":""675640800""}"
1991-06-03,71489.0,29547.0,41942.0,10489.0,5592.0,31833.0,26645.0,16013.0,"{""numberLong"":""675900000""}"
1991-06-04,72321.0,30858.0,41463.0,10256.0,5614.0,31854.0,26534.0,15858.0,"{""numberLong"":""675986400""}"
1991-06-05,72743.0,31102.0,41641.0,10232.0,5739.0,32121.0,26925.0,15727.0,"{""numberLong"":""676072800""}"
1991-06-06,72966.0,31217.0,41749.0,10292.0,5781.0,32291.0,26806.0,15729.0,"{""numberLong"":""676159200""}"
1991-06-07,73050.0,31332.0,41718.0,10303.0,5765.0,32315.0,26865.0,15849.0,"{""numberLong"":""676245600""}"
1991-06-10,73282.0,31545.0,41737.0,10296.0,5804.0,32468.0,26650.0,15976.0,"{""numberLong"":""676504800""}"
1991-06-11,73298.0,31618.0,41680.0,10305.0,5826.0,32572.0,26329.0,15720.0,"{""numberLong"":""676591200""}"
1991-06-12,73581.0,31908.0,41673.0,10335.0,5841.0,32581.0,26908.0,15740.0,"{""numberLong"":""676677600""}"
1991-06-13,73762.0,32092.0,41670.0,10367.0,5901.0,32756.0,27479.0,16413.0,"{""numberLong"":""676764000""}"
1991-06-14,73741.0,32306.0,41435.0,10357.0,5902.0,32871.0,29049.0,18038.0,"{""numberLong"":""676850400""}"
1991-06-17,74086.0,32586.0,41500.0,10370.0,5803.0,33089.0,29998.0,18757.0,"{""numberLong"":""677109600""}"
1991-06-18,74216.0,32724.0,41492.0,10373.0,5800.0,33089.0,29752.0,18579.0,"{""numberLong"":""677196000""}"
1991-06-19,74463.0,32845.0,41618.0,10493.0,5929.0,33393.0,29825.0,18626.0,"{""numberLong"":""677282400""}"
1991-06-20,74721.0,32908.0,41813.0,10482.0,6003.0,33612.0,30492.0,19394.0,"{""numberLong"":""677368800""}"
1991-06-21,75087.0,33211.0,41876.0,10482.0,5939.0,33570.0,31226.0,20338.0,"{""numberLong"":""677455200""}"
1991-06-24,,,,,,,,,"{""numberLong"":""677714400""}"
1991-06-25,,,,,,,,,"{""numberLong"":""677800800""}"
1991-06-26,,,,,,,,,"{""numberLong"":""677887200""}"
1991-06-27,75103.0,33316.0,41787.0,10523.0,6048.0,33665.0,31685.0,19947.0,"{""numberLong"":""677973600""}"
1991-06-28,75214.0,33291.0,41923.0,10517.0,6159.0,33631.0,29635.0,18736.0,"{""numberLong"":""678060000""}"
1991-07-01,74190.0,32443.0,41747.0,10506.0,6111.0,33689.0,29994.0,18423.0,"{""numberLong"":""678319200""}"
1991-07-02,74054.0,32381.0,41673.0,10513.0,6029.0,33674.0,29508.0,17734.0,"{""numberLong"":""678405600""}"
1991-07-03,74020.0,32471.0,41549.0,10507.0,6081.0,33806.0,28654.0,17341.0,"{""numberLong"":""678492000""}"
1991-07-04,73927.0,32509.0,41418.0,10504.0,6127.0,33689.0,28552.0,17053.0,"{""numberLong"":""678578400""}"
1991-07-05,74140.0,32616.0,41524.0,10490.0,6307.0,33913.0,28600.0,17086.0,"{""numberLong"":""678664800""}"
1991-07-08,74142.0,32757.0,41385.0,10498.0,6306.0,33813.0,28586.0,17163.0,"{""numberLong"":""678924000""}"
1991-07-09,74516.0,32615.0,41901.0,10428.0,6534.0,34195.0,28536.0,16932.0,"{""numberLong"":""679010400""}"
1991-07-10,74845.0,32828.0,42017.0,10411.0,6541.0,34403.0,29120.0,16971.0,"{""numberLong"":""679096800""}"
1991-07-11,74904.0,32953.0,41951.0,10417.0,6624.0,34455.0,30112.0,17842.0,"{""numberLong"":""679183200""}"
1991-07-12,75041.0,33140.0,41901.0,10382.0,6710.0,34489.0,30963.0,19442.0,"{""numberLong"":""679269600""}"
1991-07-15,74998.0,32742.0,42256.0,10374.0,6777.0,34440.0,31629.0,20274.0,"{""numberLong"":""679528800""}"
1991-07-16,75195.0,32660.0,42535.0,10372.0,6912.0,34623.0,31392.0,19851.0,"{""numberLong"":""679615200""}"
1991-07-17,75302.0,32822.0,42480.0,10357.0,6924.0,34656.0,30876.0,19360.0,"{""numberLong"":""679701600""}"
1991-07-18,75432.0,32708.0,42724.0,10437.0,7036.0,34659.0,30519.0,18987.0,"{""numberLong"":""679788000""}"
1991-07-19,75613.0,32730.0,42883.0,10333.0,7130.0,34678.0,30281.0,18882.0,"{""numberLong"":""679874400""}"
1991-07-22,75696.0,32594.0,43102.0,10419.0,7163.0,34800.0,30295.0,18777.0,"{""numberLong"":""680133600""}"
1991-07-23,75924.0,32734.0,43190.0,10480.0,7168.0,34984.0,29726.0,18216.0,"{""numberLong"":""680220000""}"
1991-07-24,76036.0,32891.0,43145.0,10492.0,7191.0,34982.0,29411.0,17924.0,"{""numberLong"":""680306400""}"
1991-07-25,76877.0,33343.0,43534.0,10570.0,7182.0,35089.0,29615.0,17805.0,"{""numberLong"":""680392800""}"
1991-07-26,76725.0,33382.0,43343.0,10572.0,7066.0,35002.0,29629.0,17817.0,"{""numberLong"":""680479200""}"
1991-07-29,77084.0,33516.0,43568.0,10724.0,7018.0,35177.0,29495.0,17833.0,"{""numberLong"":""680738400""}"
1991-07-30,77270.0,33685.0,43585.0,10858.0,6999.0,35396.0,29996.0,17659.0,"{""numberLong"":""680824800""}"
1991-07-31,77367.0,33756.0,43611.0,10775.0,7006.0,35495.0,29650.0,17967.0,"{""numberLong"":""680911200""}"
1991-08-01,77169.0,33710.0,43459.0,10612.0,6961.0,35459.0,29626.0,18084.0,"{""numberLong"":""680997600""}"
1991-08-02,77266.0,33889.0,43377.0,10665.0,6919.0,35496.0,29215.0,18243.0,"{""numberLong"":""681084000""}"
1991-08-05,77712.0,34146.0,43566.0,10774.0,6925.0,35774.0,30022.0,18391.0,"{""numberLong"":""681343200""}"
1991-08-06,77582.0,34045.0,43537.0,10573.0,6942.0,35676.0,29949.0,18258.0,"{""numberLong"":""681429600""}"
1991-08-07,78209.0,34101.0,44108.0,10754.0,6882.0,36064.0,30772.0,18196.0,"{""numberLong"":""681516000""}"
1991-08-08,78719.0,34861.0,43858.0,10704.0,6899.0,35931.0,29666.0,18095.0,"{""numberLong"":""681602400""}"
1991-08-09,79112.0,35076.0,44036.0,10860.0,6839.0,36162.0,30112.0,18117.0,"{""numberLong"":""681688800""}"
1991-08-12,79246.0,35271.0,43975.0,10956.0,6877.0,36262.0,30434.0,18294.0,"{""numberLong"":""681948000""}"
1991-08-13,79448.0,35422.0,44026.0,11048.0,6854.0,36358.0,31305.0,19156.0,"{""numberLong"":""682034400""}"
1991-08-14,79519.0,35407.0,44112.0,11110.0,6822.0,36455.0,32219.0,20801.0,"{""numberLong"":""682120800""}"
1991-08-15,79634.0,35199.0,44435.0,12459.0,6798.0,36809.0,32633.0,21618.0,"{""numberLong"":""682207200""}"
1991-08-16,79627.0,34479.0,45148.0,12437.0,6769.0,36832.0,32958.0,21651.0,"{""numberLong"":""682293600""}"
1991-08-19,79539.0,34523.0,45016.0,12491.0,6682.0,36838.0,33262.0,21421.0,"{""numberLong"":""682552800""}"
1991-08-20,79087.0,34751.0,44336.0,12492.0,6631.0,36701.0,32897.0,20762.0,"{""numberLong"":""682639200""}"
1991-08-21,79899.0,34734.0,45165.0,12999.0,6647.0,37364.0,32178.0,20164.0,"{""numberLong"":""682725600""}"
1991-08-22,80251.0,34663.0,45588.0,13064.0,6607.0,37537.0,32117.0,19831.0,"{""numberLong"":""682812000""}"
1991-08-23,80395.0,34534.0,45861.0,13064.0,6530.0,37354.0,31322.0,19699.0,"{""numberLong"":""682898400""}"
1991-08-26,80629.0,34818.0,45811.0,13162.0,6527.0,37592.0,31580.0,19605.0,"{""numberLong"":""683157600""}"
1991-08-27,80698.0,34811.0,45887.0,13164.0,6653.0,37611.0,31387.0,19228.0,"{""numberLong"":""683244000""}"
1991-08-28,80796.0,34935.0,45861.0,13139.0,6621.0,37733.0,31182.0,19116.0,"{""numberLong"":""683330400""}"
1991-08-29,80796.0,34978.0,45818.0,13015.0,6515.0,37351.0,31290.0,19508.0,"{""numberLong"":""683416800""}"
1991-08-30,,,,,,,,,"{""numberLong"":""683503200""}"
1991-09-02,81785.0,35665.0,46120.0,13091.0,6527.0,37480.0,31857.0,19905.0,"{""numberLong"":""683762400""}"
1991-09-03,81380.0,35547.0,45833.0,13096.0,6464.0,37693.0,31149.0,19555.0,"{""numberLong"":""683848800""}"
1991-09-04,81597.0,35521.0,46076.0,13164.0,6468.0,37779.0,31857.0,19341.0,"{""numberLong"":""683935200""}"
1991-09-05,81970.0,35854.0,46116.0,13161.0,6494.0,37686.0,31447.0,19408.0,"{""numberLong"":""684021600""}"
1991-09-06,82018.0,35833.0,46185.0,13168.0,6509.0,37675.0,31623.0,19613.0,"{""numberLong"":""684108000""}"
1991-09-09,82054.0,35846.0,46208.0,13194.0,6485.0,37434.0,31188.0,19698.0,"{""numberLong"":""684367200""}"
1991-09-10,82101.0,35579.0,46522.0,13058.0,6530.0,37427.0,31388.0,19492.0,"{""numberLong"":""684453600""}"
1991-09-11,82450.0,35650.0,46800.0,13234.0,6538.0,37523.0,32140.0,19434.0,"{""numberLong"":""684540000""}"
1991-09-12,82996.0,35887.0,47109.0,13743.0,6544.0,38023.0,33607.0,20370.0,"{""numberLong"":""684626400""}"
1991-09-13,83824.0,35958.0,47866.0,14251.0,6500.0,38858.0,34716.0,22197.0,"{""numberLong"":""684712800""}"
1991-09-16,83857.0,36054.0,47803.0,14319.0,6382.0,38911.0,35456.0,23341.0,"{""numberLong"":""684972000""}"
1991-09-17,83665.0,35646.0,48019.0,14489.0,6238.0,38605.0,34894.0,22948.0,"{""numberLong"":""685058400""}"
1991-09-18,83936.0,35597.0,48339.0,14774.0,6164.0,38819.0,34533.0,22473.0,"{""numberLong"":""685144800""}"
1991-09-19,83985.0,35771.0,48214.0,14968.0,6050.0,38841.0,34259.0,22064.0,"{""numberLong"":""685231200""}"
1991-09-20,83866.0,35626.0,48240.0,15004.0,6094.0,38942.0,34318.0,21923.0,"{""numberLong"":""685317600""}"
1991-09-23,83961.0,35544.0,48417.0,15226.0,6096.0,39022.0,34326.0,21618.0,"{""numberLong"":""685576800""}"
1991-09-24,83780.0,35373.0,48407.0,15004.0,6008.0,38597.0,33855.0,20981.0,"{""numberLong"":""685663200""}"
1991-09-25,84331.0,35463.0,48868.0,15504.0,6043.0,39030.0,32654.0,20642.0,"{""numberLong"":""685749600""}"
1991-09-26,83681.0,35710.0,47971.0,14405.0,6144.0,38329.0,33041.0,20481.0,"{""numberLong"":""685836000""}"
1991-09-27,83839.0,35847.0,47992.0,14427.0,6103.0,38358.0,33223.0,20909.0,"{""numberLong"":""685922400""}"
1991-09-30,84247.0,36035.0,48212.0,14698.0,6043.0,38550.0,34399.0,21424.0,"{""numberLong"":""686185200""}"
1991-10-01,84392.0,35989.0,48403.0,14677.0,6027.0,38575.0,34481.0,21031.0,"{""numberLong"":""686271600""}"
1991-10-02,85917.0,36577.0,49340.0,15591.0,6067.0,39433.0,34972.0,20910.0,"{""numberLong"":""686358000""}"
1991-10-03,86164.0,36403.0,49761.0,16052.0,5930.0,39501.0,33620.0,20749.0,"{""numberLong"":""686444400""}"
1991-10-04,86272.0,36448.0,49824.0,16181.0,5878.0,39510.0,34073.0,20956.0,"{""numberLong"":""686530800""}"
1991-10-07,85945.0,36271.0,49674.0,16353.0,5623.0,39599.0,34061.0,21068.0,"{""numberLong"":""686790000""}"
1991-10-08,86019.0,36083.0,49936.0,16759.0,5610.0,39894.0,33877.0,20755.0,"{""numberLong"":""686876400""}"
1991-10-09,86135.0,35808.0,50327.0,17222.0,5489.0,40057.0,33452.0,20799.0,"{""numberLong"":""686962800""}"
1991-10-10,86416.0,36082.0,50334.0,17503.0,5456.0,40232.0,34318.0,21279.0,"{""numberLong"":""687049200""}"
1991-10-11,87955.0,36021.0,51934.0,19244.0,5421.0,41488.0,36519.0,22527.0,"{""numberLong"":""687135600""}"
1991-10-14,89054.0,36159.0,52895.0,20023.0,5407.0,42525.0,38567.0,24533.0,"{""numberLong"":""687394800""}"
1991-10-15,89272.0,36522.0,52750.0,20111.0,5225.0,42228.0,37923.0,24911.0,"{""numberLong"":""687481200""}"
1991-10-16,88237.0,36122.0,52115.0,19618.0,5198.0,41324.0,37385.0,24602.0,"{""numberLong"":""687567600""}"
1991-10-17,88269.0,35924.0,52345.0,19871.0,5129.0,41195.0,37201.0,24132.0,"{""numberLong"":""687654000""}"
1991-10-18,88110.0,35642.0,52468.0,20008.0,5151.0,40979.0,36842.0,23822.0,"{""numberLong"":""687740400""}"
1991-10-21,87786.0,35254.0,52532.0,20022.0,5082.0,40425.0,37045.0,23420.0,"{""numberLong"":""687999600""}"
1991-10-22,87938.0,35237.0,52701.0,20005.0,5155.0,40457.0,36310.0,22377.0,"{""numberLong"":""688086000""}"
1991-10-23,85514.0,35280.0,50234.0,17723.0,5077.0,38153.0,34793.0,21688.0,"{""numberLong"":""688172400""}"
1991-10-24,88714.0,35418.0,53296.0,20825.0,5111.0,41377.0,34861.0,21302.0,"{""numberLong"":""688258800""}"
1991-10-25,88797.0,35439.0,53358.0,20852.0,5098.0,41501.0,34682.0,21283.0,"{""numberLong"":""688345200""}"
1991-10-28,90379.0,36848.0,53531.0,20865.0,5105.0,41504.0,34337.0,21056.0,"{""numberLong"":""688604400""}"
1991-10-29,,,,,,,,,"{""numberLong"":""688690800""}"
1991-10-30,90260.0,36515.0,53745.0,20885.0,5220.0,41181.0,35665.0,20988.0,"{""numberLong"":""688777200""}"
1991-10-31,90449.0,36608.0,53841.0,20895.0,5085.0,41135.0,35076.0,20880.0,"{""numberLong"":""688863600""}"
1991-11-01,90230.0,36384.0,53846.0,20721.0,5126.0,41292.0,34958.0,20855.0,"{""numberLong"":""688950000""}"
1991-11-04,90233.0,36283.0,53950.0,20726.0,5117.0,41104.0,35350.0,20844.0,"{""numberLong"":""689209200""}"
1991-11-05,90727.0,36310.0,54417.0,20735.0,5121.0,41246.0,35276.0,20537.0,"{""numberLong"":""689295600""}"
1991-11-06,90804.0,36391.0,54413.0,20844.0,5130.0,41436.0,34728.0,20406.0,"{""numberLong"":""689382000""}"
1991-11-07,91512.0,36936.0,54576.0,20859.0,5149.0,41666.0,34526.0,20312.0,"{""numberLong"":""689468400""}"
1991-11-08,91691.0,37068.0,54623.0,20870.0,5192.0,41813.0,34823.0,20315.0,"{""numberLong"":""689554800""}"
1991-11-11,91775.0,37190.0,54585.0,20908.0,5214.0,41784.0,34977.0,20333.0,"{""numberLong"":""689814000""}"
1991-11-12,92004.0,37299.0,54705.0,21014.0,5182.0,41911.0,35793.0,20132.0,"{""numberLong"":""689900400""}"
1991-11-13,92579.0,37682.0,54897.0,21133.0,5164.0,42171.0,35599.0,20926.0,"{""numberLong"":""689986800""}"
1991-11-14,93532.0,38489.0,55043.0,21206.0,5180.0,42333.0,36532.0,22850.0,"{""numberLong"":""690073200""}"
1991-11-15,92658.0,37651.0,55007.0,21338.0,5177.0,42092.0,37395.0,23871.0,"{""numberLong"":""690159600""}"
1991-11-18,92768.0,37843.0,54925.0,21224.0,5155.0,42008.0,37775.0,23764.0,"{""numberLong"":""690418800""}"
1991-11-19,93119.0,37819.0,55300.0,21236.0,5179.0,42087.0,37224.0,22896.0,"{""numberLong"":""690505200""}"
1991-11-20,92749.0,37703.0,55046.0,21445.0,5188.0,41627.0,36400.0,22268.0,"{""numberLong"":""690591600""}"
1991-11-21,92817.0,37796.0,55021.0,21456.0,5191.0,41696.0,35993.0,21636.0,"{""numberLong"":""690678000""}"
1991-11-22,93458.0,37817.0,55641.0,21469.0,5173.0,42168.0,34803.0,21192.0,"{""numberLong"":""690764400""}"
1991-11-25,93501.0,37758.0,55743.0,21496.0,5148.0,42075.0,34615.0,20944.0,"{""numberLong"":""691023600""}"
1991-11-26,93861.0,37958.0,55903.0,21494.0,5221.0,42266.0,34375.0,20253.0,"{""numberLong"":""691110000""}"
1991-11-27,92965.0,38099.0,54866.0,20983.0,5251.0,41432.0,34460.0,19926.0,"{""numberLong"":""691196400""}"
1991-11-28,93103.0,38345.0,54758.0,20986.0,5267.0,41615.0,34258.0,19812.0,"{""numberLong"":""691282800""}"
1991-11-29,92858.0,38297.0,54561.0,21020.0,5084.0,41461.0,34607.0,20326.0,"{""numberLong"":""691369200""}"
1991-12-02,92715.0,38305.0,54410.0,20886.0,5157.0,41489.0,35476.0,20732.0,"{""numberLong"":""691628400""}"
1991-12-03,93001.0,38295.0,54706.0,20903.0,5182.0,41514.0,35358.0,20396.0,"{""numberLong"":""691714800""}"
1991-12-04,93382.0,38653.0,54729.0,20990.0,5175.0,41734.0,34536.0,20217.0,"{""numberLong"":""691801200""}"
1991-12-05,93826.0,39046.0,54780.0,20879.0,5193.0,41683.0,34357.0,20083.0,"{""numberLong"":""691887600""}"
1991-12-06,93958.0,39061.0,54897.0,20890.0,5174.0,41672.0,34782.0,20253.0,"{""numberLong"":""691974000""}"
1991-12-09,94488.0,39179.0,55309.0,20879.0,5216.0,41848.0,34952.0,20326.0,"{""numberLong"":""692233200""}"
1991-12-10,94534.0,39283.0,55251.0,20872.0,5154.0,41800.0,34744.0,19975.0,"{""numberLong"":""692319600""}"
1991-12-11,94787.0,39426.0,55361.0,21092.0,5257.0,42085.0,34357.0,19862.0,"{""numberLong"":""692406000""}"
1991-12-12,94516.0,39558.0,54958.0,21167.0,5239.0,41571.0,35548.0,20684.0,"{""numberLong"":""692492400""}"
1991-12-13,94952.0,39668.0,55284.0,21211.0,5222.0,42074.0,37416.0,22934.0,"{""numberLong"":""692578800""}"
1991-12-16,95102.0,39778.0,55324.0,21167.0,5191.0,42211.0,38364.0,23931.0,"{""numberLong"":""692838000""}"
1991-12-17,95296.0,39929.0,55367.0,21188.0,5205.0,42364.0,38444.0,23308.0,"{""numberLong"":""692924400""}"
1991-12-18,95684.0,40097.0,55587.0,21093.0,5211.0,42555.0,37006.0,22455.0,"{""numberLong"":""693010800""}"
1991-12-19,96107.0,40266.0,55841.0,21397.0,5247.0,42980.0,36792.0,21920.0,"{""numberLong"":""693097200""}"
1991-12-20,95360.0,39479.0,55881.0,21400.0,5209.0,42550.0,36120.0,21708.0,"{""numberLong"":""693183600""}"
1991-12-23,95532.0,39382.0,56150.0,21417.0,5147.0,42441.0,35515.0,21221.0,"{""numberLong"":""693442800""}"
1991-12-24,95787.0,39401.0,56386.0,21414.0,5137.0,42420.0,34175.0,20456.0,"{""numberLong"":""693529200""}"
1991-12-25,95923.0,39534.0,56389.0,21261.0,5251.0,42463.0,35465.0,20223.0,"{""numberLong"":""693615600""}"
1991-12-26,95968.0,39334.0,56634.0,21269.0,5420.0,42318.0,35059.0,20173.0,"{""numberLong"":""693702000""}"
1991-12-27,96591.0,39525.0,57066.0,21779.0,5397.0,42850.0,36069.0,20707.0,"{""numberLong"":""693788400""}"
1991-12-30,96379.0,38839.0,57540.0,22269.0,5341.0,43368.0,37103.0,21406.0,"{""numberLong"":""694047600""}"
1991-12-31,96789.0,38736.0,58053.0,22904.0,5295.0,43993.0,37244.0,21288.0,"{""numberLong"":""694134000""}"
1992-01-01,,,,,,,,,"{""numberLong"":""694220400""}"
1992-01-02,97038.0,38642.0,58396.0,23131.0,5351.0,44338.0,35904.0,20797.0,"{""numberLong"":""694306800""}"
1992-01-03,96948.0,38472.0,58476.0,23162.0,5392.0,44239.0,35078.0,20447.0,"{""numberLong"":""694393200""}"
1992-01-06,97515.0,38392.0,59123.0,24174.0,5316.0,44966.0,36239.0,20306.0,"{""numberLong"":""694652400""}"
1992-01-07,100375.0,38359.0,62016.0,26842.0,5296.0,47489.0,36247.0,20063.0,"{""numberLong"":""694738800""}"
1992-01-08,100900.0,38483.0,62417.0,26947.0,5469.0,47900.0,36235.0,19878.0,"{""numberLong"":""694825200""}"
1992-01-09,101228.0,38711.0,62517.0,26956.0,5454.0,47532.0,35398.0,19654.0,"{""numberLong"":""694911600""}"
1992-01-10,101328.0,38731.0,62597.0,27068.0,5557.0,47671.0,36471.0,19938.0,"{""numberLong"":""694998000""}"
1992-01-13,100676.0,38691.0,61985.0,27233.0,5500.0,47466.0,38111.0,21319.0,"{""numberLong"":""695257200""}"
1992-01-14,100717.0,38857.0,61860.0,27336.0,5514.0,47486.0,39763.0,23378.0,"{""numberLong"":""695343600""}"
1992-01-15,101284.0,38604.0,62680.0,27816.0,5716.0,48148.0,39556.0,24333.0,"{""numberLong"":""695430000""}"
1992-01-16,100839.0,38727.0,62112.0,27817.0,5729.0,47920.0,39073.0,24052.0,"{""numberLong"":""695516400""}"
1992-01-17,101036.0,38747.0,62289.0,27804.0,5717.0,47878.0,39205.0,23646.0,"{""numberLong"":""695602800""}"
1992-01-20,101218.0,38667.0,62551.0,28045.0,5726.0,47941.0,39397.0,23258.0,"{""numberLong"":""695862000""}"
1992-01-21,101188.0,38424.0,62764.0,28048.0,5720.0,47511.0,38689.0,22142.0,"{""numberLong"":""695948400""}"
1992-01-22,102800.0,40228.0,62572.0,27800.0,5827.0,47452.0,38305.0,21693.0,"{""numberLong"":""696034800""}"
1992-01-23,103147.0,40354.0,62793.0,27846.0,5841.0,47635.0,37161.0,21382.0,"{""numberLong"":""696121200""}"
1992-01-24,103363.0,40617.0,62746.0,27846.0,5832.0,47734.0,37055.0,21222.0,"{""numberLong"":""696207600""}"
1992-01-27,103050.0,40479.0,62571.0,27896.0,5829.0,47581.0,37179.0,21258.0,"{""numberLong"":""696466800""}"
1992-01-28,103328.0,40641.0,62687.0,27945.0,5823.0,47712.0,37523.0,20665.0,"{""numberLong"":""696553200""}"
1992-01-29,104016.0,40729.0,63287.0,28434.0,5873.0,48242.0,36396.0,20250.0,"{""numberLong"":""696639600""}"
1992-01-30,104504.0,40928.0,63576.0,28466.0,5877.0,48496.0,36232.0,20262.0,"{""numberLong"":""696726000""}"
1992-01-31,104271.0,40936.0,63335.0,28501.0,5770.0,48492.0,37398.0,20836.0,"{""numberLong"":""696812400""}"
1992-02-03,103467.0,40148.0,63319.0,28595.0,5770.0,48215.0,37144.0,21134.0,"{""numberLong"":""697071600""}"
1992-02-04,103969.0,40383.0,63586.0,28648.0,5909.0,48450.0,37360.0,20949.0,"{""numberLong"":""697158000""}"
1992-02-05,104999.0,40817.0,64182.0,29025.0,5893.0,49452.0,37061.0,20702.0,"{""numberLong"":""697244400""}"
1992-02-06,105916.0,41601.0,64315.0,29056.0,5933.0,49726.0,37521.0,20696.0,"{""numberLong"":""697330800""}"
1992-02-07,106196.0,41836.0,64360.0,29108.0,5876.0,49742.0,37753.0,20751.0,"{""numberLong"":""697417200""}"
1992-02-10,106699.0,41891.0,64808.0,29171.0,5916.0,49941.0,37858.0,20768.0,"{""numberLong"":""697676400""}"
1992-02-11,106791.0,42074.0,64717.0,29345.0,5862.0,49956.0,38246.0,20413.0,"{""numberLong"":""697762800""}"
1992-02-12,106931.0,42242.0,64689.0,29441.0,5909.0,50137.0,38676.0,20527.0,"{""numberLong"":""697849200""}"
1992-02-13,107080.0,42302.0,64778.0,29484.0,6121.0,50117.0,38702.0,21985.0,"{""numberLong"":""697935600""}"
1992-02-14,107047.0,42443.0,64604.0,29563.0,6048.0,50177.0,40626.0,24348.0,"{""numberLong"":""698022000""}"
1992-02-17,106884.0,42381.0,64503.0,29620.0,6063.0,50227.0,41744.0,25666.0,"{""numberLong"":""698281200""}"
1992-02-18,106947.0,42267.0,64680.0,29619.0,6090.0,50152.0,41377.0,25360.0,"{""numberLong"":""698367600""}"
1992-02-19,107880.0,41949.0,65931.0,30967.0,6014.0,51296.0,42895.0,24726.0,"{""numberLong"":""698454000""}"
1992-02-20,108139.0,42060.0,66079.0,31007.0,6100.0,51403.0,43566.0,24160.0,"{""numberLong"":""698540400""}"
1992-02-21,107987.0,42049.0,65938.0,31007.0,6034.0,51294.0,41758.0,23548.0,"{""numberLong"":""698626800""}"
1992-02-24,107795.0,41642.0,66153.0,30974.0,6056.0,50746.0,40414.0,23074.0,"{""numberLong"":""698886000""}"
1992-02-25,107656.0,41438.0,66218.0,30989.0,6079.0,50514.0,39471.0,22451.0,"{""numberLong"":""698972400""}"
1992-02-26,107947.0,41337.0,66610.0,31146.0,6086.0,50473.0,38813.0,22086.0,"{""numberLong"":""699058800""}"
1992-02-27,107738.0,41269.0,66469.0,31181.0,6083.0,50332.0,38269.0,22024.0,"{""numberLong"":""699145200""}"
1992-02-28,107592.0,41025.0,66567.0,31201.0,5963.0,49958.0,39083.0,22680.0,"{""numberLong"":""699231600""}"
1992-03-02,107398.0,40621.0,66777.0,31203.0,6005.0,49764.0,39505.0,23181.0,"{""numberLong"":""699490800""}"
1992-03-03,107220.0,40263.0,66957.0,31207.0,6194.0,49986.0,39664.0,22884.0,"{""numberLong"":""699577200""}"
1992-03-04,107254.0,40320.0,66934.0,31319.0,6191.0,50198.0,39622.0,22570.0,"{""numberLong"":""699663600""}"
1992-03-05,107895.0,40996.0,66899.0,31317.0,6205.0,50165.0,39590.0,22663.0,"{""numberLong"":""699750000""}"
1992-03-06,107961.0,41150.0,66811.0,31313.0,6259.0,50139.0,39680.0,22692.0,"{""numberLong"":""699836400""}"
1992-03-09,107982.0,41096.0,66886.0,31323.0,6213.0,49861.0,39195.0,22587.0,"{""numberLong"":""700095600""}"
1992-03-10,107898.0,40816.0,67082.0,31352.0,6276.0,49936.0,39030.0,22171.0,"{""numberLong"":""700182000""}"
1992-03-11,108180.0,41072.0,67108.0,31290.0,6349.0,50019.0,39848.0,22132.0,"{""numberLong"":""700268400""}"
1992-03-12,107782.0,40698.0,67084.0,31311.0,6296.0,49442.0,40503.0,23114.0,"{""numberLong"":""700354800""}"
1992-03-13,108463.0,40284.0,68179.0,32342.0,6303.0,50201.0,42364.0,25526.0,"{""numberLong"":""700441200""}"
1992-03-16,109629.0,39844.0,69785.0,33874.0,6223.0,51185.0,43042.0,26808.0,"{""numberLong"":""700700400""}"
1992-03-17,109729.0,39795.0,69934.0,33906.0,6276.0,51043.0,42911.0,26437.0,"{""numberLong"":""700786800""}"
1992-03-18,111966.0,39326.0,72640.0,36339.0,6274.0,52970.0,43819.0,25807.0,"{""numberLong"":""700873200""}"
1992-03-19,114055.0,39074.0,74981.0,38614.0,6261.0,54845.0,43230.0,25181.0,"{""numberLong"":""700959600""}"
1992-03-20,115127.0,40200.0,74927.0,38684.0,6259.0,54678.0,44047.0,25020.0,"{""numberLong"":""701046000""}"
1992-03-23,115054.0,40061.0,74993.0,40558.0,6178.0,54815.0,41971.0,24549.0,"{""numberLong"":""701305200""}"
1992-03-24,115057.0,39848.0,75209.0,40617.0,6153.0,54612.0,41033.0,23560.0,"{""numberLong"":""701391600""}"
1992-03-25,115547.0,39863.0,75684.0,42977.0,6136.0,54915.0,40196.0,23127.0,"{""numberLong"":""701478000""}"
1992-03-26,115601.0,39794.0,75807.0,42929.0,6097.0,54943.0,39896.0,22711.0,"{""numberLong"":""701564400""}"
1992-03-27,115655.0,39624.0,76031.0,42931.0,6230.0,54777.0,40332.0,22761.0,"{""numberLong"":""701650800""}"
1992-03-30,115986.0,39916.0,76070.0,42973.0,6129.0,54880.0,40663.0,23103.0,"{""numberLong"":""701906400""}"
1992-03-31,116519.0,40400.0,76119.0,42987.0,6114.0,55273.0,41739.0,23706.0,"{""numberLong"":""701992800""}"
1992-04-01,117234.0,40537.0,76697.0,45386.0,6128.0,56034.0,42613.0,24290.0,"{""numberLong"":""702079200""}"
1992-04-02,117322.0,40751.0,76571.0,45438.0,6214.0,56229.0,43200.0,26032.0,"{""numberLong"":""702165600""}"
1992-04-03,117500.0,40940.0,76560.0,45538.0,6198.0,56116.0,43751.0,26245.0,"{""numberLong"":""702252000""}"
1992-04-06,,,,,,,,,"{""numberLong"":""702511200""}"
1992-04-07,116891.0,40284.0,76607.0,45548.0,6206.0,55739.0,43503.0,25982.0,"{""numberLong"":""702597600""}"
1992-04-08,116686.0,39873.0,76813.0,45354.0,6219.0,55423.0,42295.0,24604.0,"{""numberLong"":""702684000""}"
1992-04-09,116874.0,39929.0,76945.0,45357.0,6234.0,55269.0,41022.0,23980.0,"{""numberLong"":""702770400""}"
1992-04-10,116356.0,39501.0,76855.0,45362.0,6146.0,55125.0,41148.0,23951.0,"{""numberLong"":""702856800""}"
1992-04-13,116788.0,39669.0,77119.0,45421.0,6195.0,55033.0,42938.0,24950.0,"{""numberLong"":""703116000""}"
1992-04-14,116735.0,39680.0,77055.0,45419.0,6253.0,55201.0,43578.0,26381.0,"{""numberLong"":""703202400""}"
1992-04-15,121618.0,39811.0,81807.0,50048.0,6281.0,59823.0,45054.0,27879.0,"{""numberLong"":""703288800""}"
1992-04-16,121977.0,40006.0,81971.0,50052.0,6310.0,59947.0,44714.0,27519.0,"{""numberLong"":""703375200""}"
1992-04-17,121806.0,40004.0,81802.0,50104.0,6245.0,59772.0,44163.0,27027.0,"{""numberLong"":""703461600""}"
1992-04-20,121593.0,39771.0,81822.0,50103.0,6239.0,59368.0,43757.0,26408.0,"{""numberLong"":""703720800""}"
1992-04-21,121220.0,39419.0,81801.0,50125.0,6279.0,59124.0,43053.0,25161.0,"{""numberLong"":""703807200""}"
1992-04-22,121989.0,39505.0,82484.0,50650.0,6344.0,59672.0,42224.0,24404.0,"{""numberLong"":""703893600""}"
1992-04-23,,,,,,,,,"{""numberLong"":""703980000""}"
1992-04-24,122066.0,39530.0,82536.0,50145.0,6364.0,59726.0,41756.0,24117.0,"{""numberLong"":""704066400""}"
1992-04-27,122533.0,39581.0,82952.0,49991.0,6382.0,59901.0,41866.0,23833.0,"{""numberLong"":""704325600""}"
1992-04-28,122533.0,39581.0,82952.0,49991.0,6382.0,59901.0,41866.0,23833.0,"{""numberLong"":""704412000""}"
1992-04-29,123525.0,40436.0,83089.0,50096.0,6456.0,59876.0,40882.0,22914.0,"{""numberLong"":""704498400""}"
1992-04-30,123906.0,40822.0,83084.0,50221.0,6456.0,60125.0,41570.0,23656.0,"{""numberLong"":""704584800""}"
1992-05-01,123703.0,40398.0,83305.0,50203.0,6467.0,60309.0,41916.0,23770.0,"{""numberLong"":""704671200""}"
1992-05-04,124201.0,40622.0,83579.0,50201.0,6406.0,60563.0,42630.0,23891.0,"{""numberLong"":""704930400""}"
1992-05-05,124733.0,41112.0,83621.0,50248.0,6352.0,60706.0,42611.0,23612.0,"{""numberLong"":""705016800""}"
1992-05-06,124526.0,40884.0,83642.0,50056.0,6377.0,60258.0,42657.0,23496.0,"{""numberLong"":""705103200""}"
1992-05-07,124955.0,40910.0,84045.0,50128.0,6488.0,60496.0,41944.0,23378.0,"{""numberLong"":""705189600""}"
1992-05-08,124982.0,40944.0,84038.0,50232.0,6398.0,60467.0,42433.0,23440.0,"{""numberLong"":""705276000""}"
1992-05-11,124943.0,41030.0,83913.0,50274.0,6352.0,60467.0,42814.0,23490.0,"{""numberLong"":""705535200""}"
1992-05-12,124644.0,40482.0,84162.0,50284.0,6469.0,59712.0,42575.0,23097.0,"{""numberLong"":""705621600""}"
1992-05-13,124942.0,40147.0,84795.0,50367.0,6455.0,59307.0,44293.0,24455.0,"{""numberLong"":""705708000""}"
1992-05-14,125336.0,40427.0,84909.0,50416.0,6462.0,59356.0,44760.0,26624.0,"{""numberLong"":""705794400""}"
1992-05-15,125189.0,39991.0,85198.0,50498.0,6458.0,59157.0,44867.0,28235.0,"{""numberLong"":""705880800""}"
1992-05-18,124903.0,39624.0,85279.0,50490.0,6353.0,58634.0,45438.0,28298.0,"{""numberLong"":""706140000""}"
1992-05-19,,,,,,,,,"{""numberLong"":""706226400""}"
1992-05-20,125419.0,39604.0,85815.0,50854.0,6349.0,58738.0,45339.0,27293.0,"{""numberLong"":""706312800""}"
1992-05-21,125512.0,39524.0,85988.0,50864.0,6401.0,58918.0,45142.0,25984.0,"{""numberLong"":""706399200""}"
1992-05-22,125923.0,39816.0,86107.0,51317.0,6318.0,59512.0,43691.0,25446.0,"{""numberLong"":""706485600""}"
1992-05-25,126095.0,40020.0,86075.0,51362.0,6353.0,59524.0,43807.0,25303.0,"{""numberLong"":""706744800""}"
1992-05-26,129098.0,42815.0,86283.0,51442.0,6367.0,59684.0,43867.0,24626.0,"{""numberLong"":""706831200""}"
1992-05-27,130015.0,42937.0,87078.0,52042.0,6461.0,60536.0,42472.0,24348.0,"{""numberLong"":""706917600""}"
1992-05-28,129885.0,43143.0,86742.0,52041.0,6467.0,60659.0,41912.0,24474.0,"{""numberLong"":""707004000""}"
1992-05-29,130016.0,43187.0,86829.0,52039.0,6455.0,60959.0,43478.0,25351.0,"{""numberLong"":""707090400""}"
1992-06-01,130526.0,43146.0,87380.0,52086.0,6561.0,61222.0,44395.0,26068.0,"{""numberLong"":""707349600""}"
1992-06-02,130182.0,42671.0,87511.0,52089.0,6457.0,61661.0,44935.0,25690.0,"{""numberLong"":""707436000""}"
1992-06-03,130242.0,42924.0,87318.0,51992.0,6539.0,61817.0,44021.0,25524.0,"{""numberLong"":""707522400""}"
1992-06-04,130870.0,43383.0,87487.0,52062.0,6578.0,62974.0,45976.0,26019.0,"{""numberLong"":""707608800""}"
1992-06-05,131958.0,43670.0,88288.0,52745.0,6517.0,63864.0,48333.0,28504.0,"{""numberLong"":""707695200""}"
1992-06-08,132781.0,44242.0,88539.0,52772.0,6400.0,64486.0,50038.0,32195.0,"{""numberLong"":""707954400""}"
1992-06-09,133767.0,45134.0,88633.0,52795.0,6432.0,65253.0,51851.0,35191.0,"{""numberLong"":""708040800""}"
1992-06-10,133919.0,45528.0,88391.0,52390.0,6534.0,65049.0,53580.0,35267.0,"{""numberLong"":""708127200""}"
1992-06-11,,,,,,,,,"{""numberLong"":""708213600""}"
1992-06-12,,,,,,,,,"{""numberLong"":""708300000""}"
1992-06-15,133619.0,45316.0,88303.0,52422.0,6528.0,64914.0,53211.0,34428.0,"{""numberLong"":""708559200""}"
1992-06-16,133848.0,45238.0,88610.0,52349.0,6462.0,64879.0,52207.0,32027.0,"{""numberLong"":""708645600""}"
1992-06-17,133882.0,45285.0,88597.0,52300.0,6484.0,64764.0,50027.0,30637.0,"{""numberLong"":""708732000""}"
1992-06-18,133860.0,45209.0,88651.0,52300.0,6452.0,64607.0,48503.0,29833.0,"{""numberLong"":""708818400""}"
1992-06-19,134138.0,45135.0,89003.0,52280.0,6490.0,64616.0,48806.0,29426.0,"{""numberLong"":""708904800""}"
1992-06-22,134058.0,45064.0,88994.0,52331.0,6433.0,64475.0,48962.0,29128.0,"{""numberLong"":""709164000""}"
1992-06-23,133773.0,44614.0,89159.0,52320.0,6450.0,64300.0,48035.0,27965.0,"{""numberLong"":""709250400""}"
1992-06-24,136961.0,47446.0,89515.0,52514.0,6497.0,64545.0,46648.0,27283.0,"{""numberLong"":""709336800""}"
1992-06-25,137144.0,47436.0,89708.0,52527.0,6520.0,64567.0,45561.0,26983.0,"{""numberLong"":""709423200""}"
1992-06-26,138962.0,48955.0,90007.0,52599.0,6542.0,64743.0,46227.0,26883.0,"{""numberLong"":""709509600""}"
1992-06-29,139228.0,49083.0,90145.0,52615.0,6457.0,65013.0,46975.0,27195.0,"{""numberLong"":""709768800""}"
1992-06-30,138814.0,48683.0,90131.0,52594.0,6398.0,64880.0,47320.0,27584.0,"{""numberLong"":""709855200""}"
1992-07-01,138971.0,48728.0,90243.0,52884.0,6358.0,65298.0,46073.0,27073.0,"{""numberLong"":""709941600""}"
1992-07-02,139823.0,49109.0,90714.0,52950.0,6487.0,65884.0,46064.0,26755.0,"{""numberLong"":""710028000""}"
1992-07-03,140172.0,49309.0,90863.0,52946.0,6476.0,66054.0,46242.0,26787.0,"{""numberLong"":""710114400""}"
1992-07-06,140449.0,49561.0,90888.0,52962.0,6514.0,66204.0,46122.0,27211.0,"{""numberLong"":""710373600""}"
1992-07-07,140996.0,49942.0,91054.0,52968.0,6552.0,66593.0,46156.0,26849.0,"{""numberLong"":""710460000""}"
1992-07-08,140729.0,49946.0,90783.0,52244.0,6465.0,65880.0,46923.0,26652.0,"{""numberLong"":""710546400""}"
1992-07-09,141255.0,50210.0,91045.0,52264.0,6523.0,66120.0,46511.0,26555.0,"{""numberLong"":""710632800""}"
1992-07-10,141472.0,50587.0,90885.0,52297.0,6467.0,66350.0,48127.0,27152.0,"{""numberLong"":""710719200""}"
1992-07-13,141950.0,50997.0,90953.0,52364.0,6459.0,66498.0,50338.0,29499.0,"{""numberLong"":""710978400""}"
1992-07-14,142905.0,51184.0,91721.0,52450.0,6568.0,67045.0,52319.0,31784.0,"{""numberLong"":""711064800""}"
1992-07-15,143533.0,51239.0,92294.0,53063.0,6616.0,67733.0,51709.0,32939.0,"{""numberLong"":""711151200""}"
1992-07-16,143904.0,51329.0,92575.0,53098.0,6668.0,67974.0,51122.0,32705.0,"{""numberLong"":""711237600""}"
1992-07-17,144010.0,51319.0,92691.0,53143.0,6569.0,67968.0,51322.0,32485.0,"{""numberLong"":""711324000""}"
1992-07-20,144381.0,51305.0,93076.0,53200.0,6557.0,68100.0,51988.0,32005.0,"{""numberLong"":""711583200""}"
1992-07-21,144984.0,51400.0,93584.0,53371.0,6597.0,68356.0,51870.0,30765.0,"{""numberLong"":""711669600""}"
1992-07-22,144954.0,51875.0,93079.0,53626.0,6664.0,68746.0,49867.0,29979.0,"{""numberLong"":""711756000""}"
1992-07-23,145535.0,52073.0,93462.0,53856.0,6693.0,69046.0,48426.0,29582.0,"{""numberLong"":""711842400""}"
1992-07-24,145379.0,52127.0,93252.0,53930.0,6470.0,68985.0,49421.0,29423.0,"{""numberLong"":""711928800""}"
1992-07-27,145637.0,52278.0,93359.0,54051.0,6518.0,69206.0,50270.0,29388.0,"{""numberLong"":""712188000""}"
1992-07-28,147959.0,54095.0,93864.0,54234.0,6622.0,69377.0,50242.0,28701.0,"{""numberLong"":""712274400""}"
1992-07-29,147680.0,54164.0,93516.0,53718.0,6655.0,68996.0,48298.0,28336.0,"{""numberLong"":""712360800""}"
1992-07-30,148721.0,54875.0,93846.0,53741.0,6759.0,69707.0,48523.0,28581.0,"{""numberLong"":""712447200""}"
1992-07-31,148495.0,55074.0,93421.0,53830.0,6646.0,69688.0,49902.0,29448.0,"{""numberLong"":""712533600""}"
1992-08-03,148777.0,54779.0,93998.0,54011.0,6675.0,70545.0,51236.0,29839.0,"{""numberLong"":""712792800""}"
1992-08-04,148786.0,54798.0,93988.0,54128.0,6650.0,70585.0,50547.0,29551.0,"{""numberLong"":""712879200""}"
1992-08-05,148464.0,55007.0,93457.0,53304.0,6566.0,70248.0,51346.0,29429.0,"{""numberLong"":""712965600""}"
1992-08-06,148988.0,55227.0,93761.0,53490.0,6632.0,70539.0,51439.0,29415.0,"{""numberLong"":""713052000""}"
1992-08-07,150830.0,57207.0,93623.0,53518.0,6497.0,70792.0,50870.0,29585.0,"{""numberLong"":""713138400""}"
1992-08-10,151243.0,56947.0,94296.0,53551.0,6485.0,71239.0,51241.0,29739.0,"{""numberLong"":""713397600""}"
1992-08-11,151561.0,57154.0,94407.0,53606.0,6573.0,71472.0,51279.0,29402.0,"{""numberLong"":""713484000""}"
1992-08-12,152604.0,57473.0,95131.0,54150.0,6573.0,72466.0,52210.0,29478.0,"{""numberLong"":""713570400""}"
1992-08-13,153441.0,57971.0,95470.0,54245.0,6583.0,72774.0,53544.0,31773.0,"{""numberLong"":""713656800""}"
1992-08-14,153801.0,58097.0,95704.0,54326.0,6646.0,73142.0,55096.0,34540.0,"{""numberLong"":""713743200""}"
1992-08-17,153855.0,58014.0,95841.0,54460.0,6690.0,73627.0,56541.0,35885.0,"{""numberLong"":""714002400""}"
1992-08-18,153952.0,58085.0,95867.0,54432.0,6622.0,73694.0,56441.0,35246.0,"{""numberLong"":""714088800""}"
1992-08-19,154311.0,58393.0,95918.0,54594.0,6545.0,73835.0,54757.0,34179.0,"{""numberLong"":""714175200""}"
1992-08-20,154802.0,58611.0,96191.0,54619.0,6583.0,74230.0,54116.0,33548.0,"{""numberLong"":""714261600""}"
1992-08-21,154726.0,58570.0,96156.0,54403.0,6647.0,74307.0,54192.0,33026.0,"{""numberLong"":""714348000""}"
1992-08-24,154875.0,58693.0,96182.0,54498.0,6594.0,74488.0,54415.0,32481.0,"{""numberLong"":""714607200""}"
1992-08-25,156487.0,58956.0,97531.0,54528.0,6630.0,74802.0,54896.0,31587.0,"{""numberLong"":""714693600""}"
1992-08-26,156591.0,59597.0,96994.0,54017.0,6582.0,74737.0,52337.0,30848.0,"{""numberLong"":""714780000""}"
1992-08-27,156972.0,59733.0,97239.0,54068.0,6618.0,74880.0,51532.0,30358.0,"{""numberLong"":""714866400""}"
1992-08-28,156834.0,60024.0,96810.0,54062.0,6529.0,75172.0,51983.0,30592.0,"{""numberLong"":""714952800""}"
1992-08-31,157594.0,60326.0,97268.0,54134.0,6618.0,75650.0,53518.0,31643.0,"{""numberLong"":""715212000""}"
1992-09-01,158037.0,60680.0,97357.0,54094.0,6636.0,76328.0,53758.0,31440.0,"{""numberLong"":""715298400""}"
1992-09-02,158633.0,60871.0,97762.0,53968.0,6610.0,76532.0,56074.0,31037.0,"{""numberLong"":""715384800""}"
1992-09-03,159091.0,60995.0,98096.0,53994.0,6656.0,76677.0,53900.0,30725.0,"{""numberLong"":""715471200""}"
1992-09-04,159014.0,61249.0,97765.0,53926.0,6621.0,76640.0,53925.0,31065.0,"{""numberLong"":""715557600""}"
1992-09-07,158985.0,61331.0,97654.0,54019.0,6536.0,76665.0,53523.0,31526.0,"{""numberLong"":""715816800""}"
1992-09-08,159398.0,61421.0,97977.0,54024.0,6618.0,76970.0,53832.0,31036.0,"{""numberLong"":""715903200""}"
1992-09-09,159445.0,61365.0,98080.0,53924.0,6642.0,76951.0,53335.0,30654.0,"{""numberLong"":""715989600""}"
1992-09-10,159119.0,61450.0,97669.0,53823.0,6613.0,76811.0,53202.0,30967.0,"{""numberLong"":""716076000""}"
1992-09-11,158467.0,60965.0,97502.0,53914.0,6670.0,77040.0,56998.0,33246.0,"{""numberLong"":""716162400""}"
1992-09-14,158342.0,61330.0,97012.0,54044.0,6592.0,77402.0,58533.0,35963.0,"{""numberLong"":""716421600""}"
1992-09-15,156207.0,60401.0,95806.0,54124.0,6639.0,75735.0,57162.0,36693.0,"{""numberLong"":""716508000""}"
1992-09-16,157399.0,60411.0,96988.0,54832.0,6622.0,76102.0,56168.0,36108.0,"{""numberLong"":""716594400""}"
1992-09-17,156453.0,60351.0,96102.0,54848.0,6644.0,76032.0,55767.0,35281.0,"{""numberLong"":""716680800""}"
1992-09-18,156559.0,59913.0,96646.0,54909.0,6639.0,75936.0,55947.0,34906.0,"{""numberLong"":""716767200""}"
1992-09-21,156174.0,59756.0,96418.0,54979.0,6494.0,75609.0,55576.0,34502.0,"{""numberLong"":""717026400""}"
1992-09-22,156763.0,60068.0,96695.0,55036.0,6757.0,76144.0,56914.0,32999.0,"{""numberLong"":""717112800""}"
1992-09-23,157492.0,60266.0,97226.0,55236.0,6805.0,76469.0,53451.0,32097.0,"{""numberLong"":""717199200""}"
1992-09-24,156716.0,60051.0,96665.0,55323.0,6901.0,76212.0,53336.0,31639.0,"{""numberLong"":""717285600""}"
1992-09-25,160002.0,63190.0,96812.0,55366.0,6824.0,76200.0,53868.0,31653.0,"{""numberLong"":""717372000""}"
1992-09-28,160154.0,63094.0,97060.0,55376.0,6694.0,75990.0,52867.0,31590.0,"{""numberLong"":""717634800""}"
1992-09-29,160665.0,62628.0,98037.0,55407.0,6969.0,76341.0,52636.0,31341.0,"{""numberLong"":""717721200""}"
1992-09-30,160488.0,61283.0,99205.0,55685.0,7134.0,76897.0,54851.0,32462.0,"{""numberLong"":""717807600""}"
1992-10-01,160927.0,61389.0,99538.0,55656.0,7107.0,76954.0,55070.0,32066.0,"{""numberLong"":""717894000""}"
1992-10-02,160999.0,61663.0,99336.0,55622.0,7117.0,77196.0,55052.0,32270.0,"{""numberLong"":""717980400""}"
1992-10-05,161513.0,61900.0,99613.0,55720.0,7168.0,77357.0,56155.0,32495.0,"{""numberLong"":""718239600""}"
1992-10-06,162456.0,62146.0,100310.0,55711.0,7228.0,77627.0,55241.0,32111.0,"{""numberLong"":""718326000""}"
1992-10-07,161934.0,62387.0,99547.0,55881.0,7104.0,77797.0,54605.0,31866.0,"{""numberLong"":""718412400""}"
1992-10-08,162285.0,62515.0,99770.0,55855.0,7193.0,78089.0,53821.0,31664.0,"{""numberLong"":""718498800""}"
1992-10-09,162154.0,63063.0,99091.0,55804.0,7342.0,78280.0,54579.0,31852.0,"{""numberLong"":""718585200""}"
1992-10-12,162282.0,63355.0,98927.0,55929.0,7354.0,78359.0,56637.0,32357.0,"{""numberLong"":""718844400""}"
1992-10-13,162494.0,63393.0,99101.0,56003.0,7285.0,78897.0,57628.0,34176.0,"{""numberLong"":""718930800""}"
1992-10-14,162719.0,63529.0,99190.0,56182.0,7376.0,79082.0,58591.0,36541.0,"{""numberLong"":""719017200""}"
1992-10-15,162936.0,63378.0,99558.0,56297.0,7466.0,79269.0,58454.0,37903.0,"{""numberLong"":""719103600""}"
1992-10-16,163142.0,63157.0,99985.0,56290.0,7437.0,79483.0,59875.0,38227.0,"{""numberLong"":""719190000""}"
1992-10-19,163239.0,63521.0,99718.0,56311.0,7500.0,79725.0,60715.0,37767.0,"{""numberLong"":""719449200""}"
1992-10-20,163110.0,63784.0,99326.0,56365.0,7464.0,79685.0,60590.0,36348.0,"{""numberLong"":""719535600""}"
1992-10-21,163141.0,64273.0,98868.0,56609.0,7612.0,79926.0,56897.0,35138.0,"{""numberLong"":""719622000""}"
1992-10-22,163273.0,64071.0,99202.0,56648.0,7823.0,79978.0,55605.0,34535.0,"{""numberLong"":""719708400""}"
1992-10-23,163710.0,64578.0,99132.0,56651.0,7805.0,80272.0,56298.0,34314.0,"{""numberLong"":""719794800""}"
1992-10-26,164134.0,65074.0,99060.0,56645.0,8019.0,80961.0,56704.0,34212.0,"{""numberLong"":""720054000""}"
1992-10-27,164279.0,65117.0,99162.0,56655.0,8333.0,81546.0,56781.0,33723.0,"{""numberLong"":""720140400""}"
1992-10-28,165131.0,65178.0,99953.0,56823.0,8542.0,82454.0,58172.0,33558.0,"{""numberLong"":""720226800""}"
1992-10-29,,,,,,,,,"{""numberLong"":""720313200""}"
1992-10-30,166012.0,65930.0,100082.0,56833.0,8567.0,82541.0,58017.0,33887.0,"{""numberLong"":""720399600""}"
1992-11-02,165536.0,65538.0,99998.0,56794.0,8505.0,82916.0,58490.0,34326.0,"{""numberLong"":""720658800""}"
1992-11-03,165622.0,65980.0,99642.0,56769.0,8616.0,83150.0,58395.0,33632.0,"{""numberLong"":""720745200""}"
1992-11-04,166256.0,66416.0,99840.0,56939.0,8681.0,83432.0,57471.0,33025.0,"{""numberLong"":""720831600""}"
1992-11-05,165900.0,66434.0,99466.0,56610.0,8725.0,83203.0,55988.0,32844.0,"{""numberLong"":""720918000""}"
1992-11-06,165890.0,66666.0,99224.0,56718.0,8774.0,83362.0,56991.0,33062.0,"{""numberLong"":""721004400""}"
1992-11-09,166267.0,67084.0,99183.0,56842.0,8807.0,83628.0,56573.0,33245.0,"{""numberLong"":""721263600""}"
1992-11-10,166797.0,67254.0,99543.0,56890.0,9073.0,84081.0,56430.0,32782.0,"{""numberLong"":""721350000""}"
1992-11-11,166566.0,67483.0,99083.0,56738.0,9136.0,83647.0,58674.0,33021.0,"{""numberLong"":""721436400""}"
1992-11-12,167128.0,67500.0,99628.0,56897.0,9332.0,83928.0,59419.0,34695.0,"{""numberLong"":""721522800""}"
1992-11-13,167438.0,67764.0,99674.0,56853.0,9312.0,82986.0,60894.0,36520.0,"{""numberLong"":""721609200""}"
1992-11-16,167001.0,66790.0,100211.0,56939.0,9395.0,83369.0,62499.0,38093.0,"{""numberLong"":""721868400""}"
1992-11-17,167016.0,67199.0,99817.0,56978.0,9326.0,83511.0,61732.0,37561.0,"{""numberLong"":""721954800""}"
1992-11-18,167101.0,67307.0,99794.0,57207.0,9482.0,83675.0,57856.0,36639.0,"{""numberLong"":""722041200""}"
1992-11-19,167530.0,67270.0,100260.0,57236.0,9621.0,83747.0,57884.0,36032.0,"{""numberLong"":""722127600""}"
1992-11-20,168094.0,67569.0,100525.0,57250.0,9671.0,84116.0,58379.0,36055.0,"{""numberLong"":""722214000""}"
1992-11-23,168348.0,68076.0,100272.0,57319.0,9750.0,84523.0,58561.0,35982.0,"{""numberLong"":""722473200""}"
1992-11-24,168962.0,68872.0,100090.0,57319.0,9892.0,84781.0,56953.0,35114.0,"{""numberLong"":""722559600""}"
1992-11-25,168523.0,68934.0,99589.0,55881.0,9876.0,84237.0,61464.0,35202.0,"{""numberLong"":""722646000""}"
1992-11-26,168889.0,68877.0,100012.0,56214.0,9852.0,84064.0,59201.0,34658.0,"{""numberLong"":""722732400""}"
1992-11-27,169101.0,69027.0,100074.0,56258.0,9863.0,84251.0,59767.0,34780.0,"{""numberLong"":""722818800""}"
1992-11-30,169266.0,69356.0,99910.0,56263.0,9891.0,84659.0,60655.0,35867.0,"{""numberLong"":""723078000""}"
1992-12-01,169481.0,69431.0,100050.0,56273.0,9843.0,84756.0,59802.0,35329.0,"{""numberLong"":""723164400""}"
1992-12-02,169818.0,69503.0,100315.0,56474.0,9776.0,84925.0,58770.0,34948.0,"{""numberLong"":""723250800""}"
1992-12-03,170452.0,69708.0,100744.0,56470.0,9806.0,85155.0,58725.0,34691.0,"{""numberLong"":""723337200""}"
1992-12-04,170088.0,69697.0,100391.0,56491.0,9912.0,84688.0,59466.0,34829.0,"{""numberLong"":""723423600""}"
1992-12-07,170141.0,69984.0,100157.0,56680.0,9671.0,84429.0,59356.0,35015.0,"{""numberLong"":""723682800""}"
1992-12-08,170794.0,70189.0,100605.0,56680.0,9805.0,84620.0,58946.0,34334.0,"{""numberLong"":""723769200""}"
1992-12-09,171460.0,70112.0,101348.0,57131.0,9791.0,85235.0,57767.0,33909.0,"{""numberLong"":""723855600""}"
1992-12-10,171651.0,70701.0,100950.0,57217.0,9821.0,85156.0,59415.0,34088.0,"{""numberLong"":""723942000""}"
1992-12-11,172211.0,71117.0,101094.0,57313.0,9796.0,85090.0,61355.0,35936.0,"{""numberLong"":""724028400""}"
1992-12-14,172180.0,71135.0,101045.0,57333.0,9750.0,85584.0,63736.0,37849.0,"{""numberLong"":""724287600""}"
1992-12-15,172692.0,71357.0,101335.0,57378.0,9849.0,85925.0,62255.0,38585.0,"{""numberLong"":""724374000""}"
1992-12-16,172942.0,71743.0,101199.0,57338.0,9709.0,86107.0,59984.0,38197.0,"{""numberLong"":""724460400""}"
1992-12-17,173839.0,72273.0,101566.0,57344.0,9707.0,86640.0,60452.0,37462.0,"{""numberLong"":""724546800""}"
1992-12-18,178738.0,77086.0,101652.0,57380.0,9693.0,87036.0,60881.0,37166.0,"{""numberLong"":""724633200""}"
1992-12-21,178519.0,77376.0,101143.0,57379.0,9594.0,87896.0,60412.0,37081.0,"{""numberLong"":""724892400""}"
1992-12-22,178782.0,77676.0,101106.0,57377.0,9471.0,87963.0,60353.0,35846.0,"{""numberLong"":""724978800""}"
1992-12-23,179181.0,77285.0,101896.0,58219.0,9422.0,88485.0,61975.0,35440.0,"{""numberLong"":""725065200""}"
1992-12-24,178724.0,76845.0,101879.0,58235.0,9499.0,88067.0,58827.0,34914.0,"{""numberLong"":""725151600""}"
1992-12-25,178949.0,77139.0,101810.0,58227.0,9449.0,88070.0,60276.0,35033.0,"{""numberLong"":""725238000""}"
1992-12-28,178728.0,76892.0,101836.0,58267.0,9407.0,87785.0,60089.0,35288.0,"{""numberLong"":""725497200""}"
1992-12-29,178646.0,76974.0,101672.0,58340.0,9379.0,87603.0,60203.0,35609.0,"{""numberLong"":""725583600""}"
1992-12-30,177926.0,76392.0,101534.0,62479.0,9367.0,88084.0,60286.0,36451.0,"{""numberLong"":""725670000""}"
1992-12-31,177244.0,75758.0,101486.0,62602.0,9442.0,87837.0,61195.0,36838.0,"{""numberLong"":""725756400""}"
1993-01-01,177244.0,75758.0,101486.0,62602.0,9442.0,87837.0,61195.0,36838.0,"{""numberLong"":""725842800""}"
1993-01-04,176654.0,75569.0,101085.0,62269.0,9312.0,87373.0,61540.0,36265.0,"{""numberLong"":""726102000""}"
1993-01-05,176553.0,75829.0,100724.0,62277.0,9239.0,87077.0,61590.0,35636.0,"{""numberLong"":""726188400""}"
1993-01-06,175751.0,75620.0,100131.0,61636.0,9243.0,85933.0,58906.0,35057.0,"{""numberLong"":""726274800""}"
1993-01-07,175741.0,75440.0,100301.0,61655.0,9361.0,85898.0,58742.0,34958.0,"{""numberLong"":""726361200""}"
1993-01-08,176661.0,75781.0,100880.0,61723.0,9435.0,86201.0,58855.0,35009.0,"{""numberLong"":""726447600""}"
1993-01-11,176648.0,76206.0,100442.0,61764.0,9300.0,86518.0,61557.0,35263.0,"{""numberLong"":""726706800""}"
1993-01-12,182006.0,76414.0,105592.0,66908.0,9218.0,91693.0,65630.0,35224.0,"{""numberLong"":""726793200""}"
1993-01-13,187905.0,77151.0,110754.0,72279.0,9175.0,97510.0,63843.0,37429.0,"{""numberLong"":""726879600""}"
1993-01-14,188962.0,77781.0,111181.0,72356.0,9390.0,98290.0,65142.0,39434.0,"{""numberLong"":""726966000""}"
1993-01-15,190430.0,78770.0,111660.0,72294.0,9599.0,99621.0,67719.0,41239.0,"{""numberLong"":""727052400""}"
1993-01-18,190262.0,78836.0,111426.0,72296.0,9533.0,99472.0,67434.0,40957.0,"{""numberLong"":""727311600""}"
1993-01-19,194917.0,79181.0,115736.0,76324.0,9712.0,103956.0,66454.0,39449.0,"{""numberLong"":""727398000""}"
1993-01-20,192897.0,79160.0,113737.0,73461.0,9612.0,101579.0,70805.0,38827.0,"{""numberLong"":""727484400""}"
1993-01-21,193411.0,79362.0,114049.0,73464.0,9727.0,101839.0,69372.0,38040.0,"{""numberLong"":""727570800""}"
1993-01-22,193446.0,79448.0,113998.0,73493.0,9866.0,101886.0,67894.0,37597.0,"{""numberLong"":""727657200""}"
1993-01-25,193656.0,79349.0,114307.0,73737.0,9904.0,101745.0,61968.0,37471.0,"{""numberLong"":""727916400""}"
1993-01-26,194123.0,78888.0,115235.0,73755.0,10016.0,101563.0,60532.0,36333.0,"{""numberLong"":""728002800""}"
1993-01-27,194874.0,79099.0,115775.0,73738.0,10548.0,102090.0,60014.0,35522.0,"{""numberLong"":""728089200""}"
1993-01-28,195554.0,79244.0,116310.0,73886.0,11123.0,102607.0,59570.0,35555.0,"{""numberLong"":""728175600""}"
1993-01-29,196089.0,79352.0,116737.0,73970.0,11534.0,103407.0,61591.0,36581.0,"{""numberLong"":""728262000""}"
1993-02-01,194901.0,78817.0,116084.0,73933.0,11456.0,103428.0,63324.0,37506.0,"{""numberLong"":""728521200""}"
1993-02-02,195490.0,79732.0,115758.0,73945.0,11468.0,103481.0,63554.0,36977.0,"{""numberLong"":""728607600""}"
1993-02-03,197809.0,79821.0,117988.0,76982.0,11512.0,105337.0,61511.0,36319.0,"{""numberLong"":""728694000""}"
1993-02-04,197609.0,79699.0,117910.0,76997.0,11524.0,105084.0,60845.0,35922.0,"{""numberLong"":""728780400""}"
1993-02-05,197552.0,79813.0,117739.0,77019.0,11652.0,105298.0,63964.0,36355.0,"{""numberLong"":""728866800""}"
1993-02-08,197354.0,79472.0,117882.0,77067.0,11621.0,105073.0,61099.0,36445.0,"{""numberLong"":""729126000""}"
1993-02-09,197589.0,79558.0,118031.0,77083.0,11664.0,104862.0,60979.0,35789.0,"{""numberLong"":""729212400""}"
1993-02-10,200502.0,79878.0,120624.0,80284.0,11707.0,107352.0,61906.0,35979.0,"{""numberLong"":""729298800""}"
1993-02-11,201300.0,80181.0,121119.0,80312.0,11802.0,107610.0,62917.0,38027.0,"{""numberLong"":""729385200""}"
1993-02-12,201385.0,80331.0,121054.0,80413.0,11927.0,107432.0,64557.0,40303.0,"{""numberLong"":""729471600""}"
1993-02-15,201290.0,79986.0,121304.0,80421.0,11943.0,107435.0,65925.0,42383.0,"{""numberLong"":""729730800""}"
1993-02-16,201073.0,79980.0,121093.0,80412.0,11935.0,107227.0,66197.0,41876.0,"{""numberLong"":""729817200""}"
1993-02-17,194480.0,80227.0,114253.0,73056.0,11966.0,99966.0,70177.0,41265.0,"{""numberLong"":""729903600""}"
1993-02-18,196783.0,81949.0,114834.0,73091.0,11992.0,99599.0,66753.0,40185.0,"{""numberLong"":""729990000""}"
1993-02-19,196447.0,82138.0,114309.0,73104.0,12012.0,99603.0,67848.0,40123.0,"{""numberLong"":""730076400""}"
1993-02-22,196555.0,81914.0,114641.0,73118.0,11881.0,99313.0,65721.0,40310.0,"{""numberLong"":""730335600""}"
1993-02-23,196992.0,82388.0,114604.0,73109.0,11776.0,98723.0,65429.0,39156.0,"{""numberLong"":""730422000""}"
1993-02-24,198532.0,82678.0,115854.0,74411.0,11902.0,100140.0,64998.0,38620.0,"{""numberLong"":""730508400""}"
1993-02-25,205239.0,88932.0,116307.0,74571.0,12005.0,101068.0,65157.0,38602.0,"{""numberLong"":""730594800""}"
1993-02-26,205471.0,89443.0,116028.0,74606.0,11953.0,101778.0,68876.0,39719.0,"{""numberLong"":""730681200""}"
1993-03-01,208271.0,92449.0,115822.0,74634.0,11906.0,102885.0,70905.0,40652.0,"{""numberLong"":""730940400""}"
1993-03-02,207837.0,92135.0,115702.0,74660.0,11876.0,104195.0,69246.0,39984.0,"{""numberLong"":""731026800""}"
1993-03-03,212001.0,93616.0,118385.0,77002.0,11953.0,108199.0,65464.0,39293.0,"{""numberLong"":""731113200""}"
1993-03-04,211905.0,93837.0,118068.0,76617.0,12020.0,107761.0,64991.0,39031.0,"{""numberLong"":""731199600""}"
1993-03-05,212670.0,94529.0,118141.0,76607.0,12065.0,108328.0,66549.0,39372.0,"{""numberLong"":""731286000""}"
1993-03-08,212931.0,95220.0,117711.0,76603.0,11924.0,108586.0,66757.0,39731.0,"{""numberLong"":""731545200""}"
1993-03-09,212536.0,94922.0,117614.0,82618.0,11938.0,107947.0,67400.0,39014.0,"{""numberLong"":""731631600""}"
1993-03-10,211751.0,94381.0,117370.0,84854.0,12045.0,107270.0,70137.0,39507.0,"{""numberLong"":""731718000""}"
1993-03-11,212163.0,94465.0,117698.0,84939.0,12275.0,107633.0,71674.0,41726.0,"{""numberLong"":""731804400""}"
1993-03-12,212215.0,94267.0,117948.0,84961.0,12522.0,107863.0,70884.0,44229.0,"{""numberLong"":""731890800""}"
1993-03-15,212180.0,93941.0,118239.0,84957.0,12586.0,107621.0,72304.0,46551.0,"{""numberLong"":""732150000""}"
1993-03-16,211936.0,93464.0,118472.0,84962.0,12573.0,107302.0,72137.0,46909.0,"{""numberLong"":""732236400""}"
1993-03-17,210259.0,93683.0,116576.0,82082.0,12596.0,104729.0,78342.0,47540.0,"{""numberLong"":""732322800""}"
1993-03-18,211517.0,93112.0,118405.0,82169.0,14388.0,106248.0,75594.0,47755.0,"{""numberLong"":""732409200""}"
1993-03-19,211564.0,92960.0,118604.0,81950.0,14528.0,106326.0,79032.0,50288.0,"{""numberLong"":""732495600""}"
1993-03-22,211745.0,92668.0,119077.0,82084.0,14307.0,105817.0,76221.0,50315.0,"{""numberLong"":""732754800""}"
1993-03-23,212921.0,92407.0,120514.0,83396.0,14439.0,107242.0,74044.0,48443.0,"{""numberLong"":""732841200""}"
1993-03-24,,,,,,,,,"{""numberLong"":""732927600""}"
1993-03-25,,,,,,,,,"{""numberLong"":""733014000""}"
1993-03-26,212921.0,92407.0,120514.0,83396.0,14439.0,107242.0,74044.0,48443.0,"{""numberLong"":""733100400""}"
1993-03-29,212638.0,92180.0,120458.0,83409.0,14207.0,106884.0,74108.0,46979.0,"{""numberLong"":""733356000""}"
1993-03-30,,,,,,,,,"{""numberLong"":""733442400""}"
1993-03-31,211949.0,92059.0,119890.0,82851.0,14047.0,106253.0,72244.0,43257.0,"{""numberLong"":""733528800""}"
1993-04-01,212283.0,91521.0,120762.0,82829.0,14123.0,106456.0,69194.0,42133.0,"{""numberLong"":""733615200""}"
1993-04-02,212847.0,91437.0,121410.0,82871.0,14387.0,106657.0,69894.0,42049.0,"{""numberLong"":""733701600""}"
1993-04-05,213051.0,91375.0,121676.0,82963.0,14185.0,106550.0,69966.0,42369.0,"{""numberLong"":""733960800""}"
1993-04-06,212755.0,91283.0,121472.0,82952.0,14065.0,105968.0,69812.0,41552.0,"{""numberLong"":""734047200""}"
1993-04-07,212853.0,91158.0,121695.0,83918.0,14115.0,106628.0,71837.0,41086.0,"{""numberLong"":""734133600""}"
1993-04-08,213110.0,91232.0,121878.0,83820.0,14218.0,106925.0,70772.0,40755.0,"{""numberLong"":""734220000""}"
1993-04-09,213902.0,91503.0,122399.0,83883.0,14403.0,107159.0,69724.0,40897.0,"{""numberLong"":""734306400""}"
1993-04-12,213979.0,91825.0,122154.0,83915.0,14128.0,107083.0,69816.0,41417.0,"{""numberLong"":""734565600""}"
1993-04-13,214883.0,92163.0,122720.0,83992.0,14150.0,107659.0,70082.0,43107.0,"{""numberLong"":""734652000""}"
1993-04-14,213266.0,91575.0,121691.0,81965.0,14219.0,105982.0,73937.0,45536.0,"{""numberLong"":""734738400""}"
1993-04-15,213055.0,91133.0,121922.0,82004.0,14427.0,106083.0,73846.0,46987.0,"{""numberLong"":""734824800""}"
1993-04-16,212044.0,90536.0,121508.0,82028.0,14245.0,105858.0,73769.0,46904.0,"{""numberLong"":""734911200""}"
1993-04-19,210910.0,89882.0,121028.0,82117.0,13961.0,104378.0,72263.0,46092.0,"{""numberLong"":""735170400""}"
1993-04-20,210505.0,89290.0,121215.0,82120.0,13915.0,103858.0,71937.0,44585.0,"{""numberLong"":""735256800""}"
1993-04-21,211563.0,89565.0,121998.0,82247.0,14196.0,104297.0,73163.0,43727.0,"{""numberLong"":""735343200""}"
1993-04-22,211398.0,89805.0,121593.0,82452.0,14114.0,104331.0,71509.0,43092.0,"{""numberLong"":""735429600""}"
1993-04-23,,,,,,,,,"{""numberLong"":""735516000""}"
1993-04-26,211313.0,89823.0,121490.0,82531.0,14001.0,104133.0,71931.0,43087.0,"{""numberLong"":""735775200""}"
1993-04-27,212088.0,89750.0,122338.0,82432.0,14018.0,104089.0,69896.0,41654.0,"{""numberLong"":""735861600""}"
1993-04-28,214441.0,90425.0,124016.0,83742.0,14076.0,105893.0,68522.0,40781.0,"{""numberLong"":""735948000""}"
1993-04-29,214249.0,90493.0,123756.0,83695.0,14237.0,106223.0,68695.0,40759.0,"{""numberLong"":""736034400""}"
1993-04-30,214100.0,90833.0,123267.0,83161.0,14185.0,105900.0,71991.0,42381.0,"{""numberLong"":""736120800""}"
1993-05-03,213859.0,90656.0,123203.0,83110.0,14035.0,106459.0,73107.0,42791.0,"{""numberLong"":""736380000""}"
1993-05-04,214778.0,91563.0,123215.0,83117.0,14099.0,107242.0,72916.0,42420.0,"{""numberLong"":""736466400""}"
1993-05-05,218937.0,92582.0,126355.0,86053.0,14060.0,110594.0,70482.0,42237.0,"{""numberLong"":""736552800""}"
1993-05-06,220424.0,93975.0,126449.0,86159.0,14167.0,111979.0,71997.0,42351.0,"{""numberLong"":""736639200""}"
1993-05-07,221238.0,94906.0,126332.0,86187.0,14202.0,112981.0,71989.0,42627.0,"{""numberLong"":""736725600""}"
1993-05-10,222245.0,95501.0,126744.0,86218.0,14230.0,113452.0,71958.0,42959.0,"{""numberLong"":""736984800""}"
1993-05-11,222210.0,95880.0,126330.0,86214.0,14307.0,113561.0,70780.0,42236.0,"{""numberLong"":""737071200""}"
1993-05-12,218204.0,96016.0,122188.0,82500.0,14374.0,109518.0,76117.0,42626.0,"{""numberLong"":""737157600""}"
1993-05-13,,,,,,,,,"{""numberLong"":""737244000""}"
1993-05-14,218435.0,95759.0,122676.0,82653.0,14329.0,109948.0,76738.0,47448.0,"{""numberLong"":""737330400""}"
1993-05-17,218465.0,95569.0,122896.0,82780.0,14166.0,110031.0,78708.0,49576.0,"{""numberLong"":""737589600""}"
1993-05-18,220411.0,95986.0,124425.0,84221.0,14041.0,111540.0,79574.0,49005.0,"{""numberLong"":""737676000""}"
1993-05-19,,,,,,,,,"{""numberLong"":""737762400""}"
1993-05-20,220906.0,96502.0,124404.0,84395.0,14311.0,111978.0,79190.0,48476.0,"{""numberLong"":""737848800""}"
1993-05-21,221030.0,96313.0,124717.0,84476.0,14414.0,112195.0,78135.0,47580.0,"{""numberLong"":""737935200""}"
1993-05-24,220633.0,96261.0,124372.0,84474.0,14221.0,112227.0,77457.0,47503.0,"{""numberLong"":""738194400""}"
1993-05-25,220850.0,96888.0,123962.0,84323.0,14199.0,112410.0,77220.0,47412.0,"{""numberLong"":""738280800""}"
1993-05-26,221907.0,97186.0,124721.0,84819.0,14261.0,113022.0,77760.0,48578.0,"{""numberLong"":""738367200""}"
1993-05-27,222418.0,97469.0,124949.0,85022.0,14200.0,113250.0,79656.0,51135.0,"{""numberLong"":""738453600""}"
1993-05-28,223544.0,97910.0,125634.0,85158.0,14488.0,113852.0,85086.0,56208.0,"{""numberLong"":""738540000""}"
1993-05-31,224319.0,98061.0,126258.0,85150.0,14386.0,113818.0,85730.0,56662.0,"{""numberLong"":""738799200""}"
1993-06-01,,,,,,,,,"{""numberLong"":""738885600""}"
1993-06-02,,,,,,,,,"{""numberLong"":""738972000""}"
1993-06-03,,,,,,,,,"{""numberLong"":""739058400""}"
1993-06-04,224319.0,98061.0,126258.0,85150.0,14386.0,113818.0,85730.0,56662.0,"{""numberLong"":""739144800""}"
1993-06-07,222526.0,96984.0,125542.0,85198.0,13604.0,112734.0,84540.0,54511.0,"{""numberLong"":""739404000""}"
1993-06-08,222270.0,97304.0,124966.0,85214.0,13749.0,112500.0,81452.0,50302.0,"{""numberLong"":""739490400""}"
1993-06-09,224709.0,96772.0,127937.0,87652.0,13740.0,114604.0,79887.0,49014.0,"{""numberLong"":""739576800""}"
1993-06-10,230164.0,102059.0,128105.0,88034.0,13998.0,114235.0,80788.0,48955.0,"{""numberLong"":""739663200""}"
1993-06-11,231114.0,101996.0,129118.0,88272.0,14290.0,115279.0,82860.0,51066.0,"{""numberLong"":""739749600""}"
1993-06-14,230689.0,101298.0,129391.0,88577.0,14156.0,114655.0,83470.0,53154.0,"{""numberLong"":""740008800""}"
1993-06-15,230877.0,101329.0,129548.0,88597.0,14185.0,114408.0,83142.0,54197.0,"{""numberLong"":""740095200""}"
1993-06-16,229667.0,101425.0,128242.0,87492.0,14190.0,113398.0,83617.0,53209.0,"{""numberLong"":""740181600""}"
1993-06-17,230877.0,101329.0,129548.0,88597.0,14185.0,114408.0,83142.0,54197.0,"{""numberLong"":""740268000""}"
1993-06-18,229454.0,101509.0,127945.0,87574.0,14409.0,113723.0,82662.0,52055.0,"{""numberLong"":""740354400""}"
1993-06-21,229311.0,101515.0,127796.0,87869.0,14221.0,113609.0,82185.0,51960.0,"{""numberLong"":""740613600""}"
1993-06-22,228673.0,101454.0,127219.0,87986.0,14233.0,113083.0,81444.0,50278.0,"{""numberLong"":""740700000""}"
1993-06-23,228022.0,101872.0,126150.0,87127.0,14247.0,112153.0,78598.0,49305.0,"{""numberLong"":""740786400""}"
1993-06-24,228765.0,102614.0,126151.0,87126.0,14328.0,112793.0,79855.0,48779.0,"{""numberLong"":""740872800""}"
1993-06-25,229668.0,103569.0,126099.0,87221.0,14574.0,113369.0,78868.0,48790.0,"{""numberLong"":""740959200""}"
1993-06-28,229321.0,102925.0,126396.0,87516.0,14280.0,112718.0,78546.0,48657.0,"{""numberLong"":""741218400""}"
1993-06-29,229579.0,103137.0,126442.0,87749.0,14268.0,112919.0,80064.0,47890.0,"{""numberLong"":""741304800""}"
1993-06-30,228908.0,102292.0,126616.0,87978.0,14537.0,113483.0,80278.0,49084.0,"{""numberLong"":""741391200""}"
1993-07-01,229483.0,102689.0,126794.0,88065.0,14290.0,114030.0,81743.0,48659.0,"{""numberLong"":""741477600""}"
1993-07-02,227460.0,102813.0,124647.0,85541.0,14562.0,111928.0,82997.0,48998.0,"{""numberLong"":""741564000""}"
1993-07-05,227519.0,102723.0,124796.0,85886.0,14335.0,111785.0,80668.0,49289.0,"{""numberLong"":""741823200""}"
1993-07-06,226996.0,101949.0,125047.0,85941.0,14448.0,111114.0,78472.0,48554.0,"{""numberLong"":""741909600""}"
1993-07-07,226070.0,101794.0,124276.0,84981.0,14172.0,109576.0,79795.0,48304.0,"{""numberLong"":""741996000""}"
1993-07-08,226131.0,101766.0,124365.0,85008.0,14232.0,109278.0,79332.0,48091.0,"{""numberLong"":""742082400""}"
1993-07-09,231396.0,106965.0,124431.0,84989.0,14452.0,109788.0,80264.0,48750.0,"{""numberLong"":""742168800""}"
1993-07-12,232343.0,108021.0,124322.0,85532.0,14250.0,110945.0,82483.0,49741.0,"{""numberLong"":""742428000""}"
1993-07-13,233051.0,108728.0,124323.0,85621.0,14310.0,110542.0,84084.0,51622.0,"{""numberLong"":""742514400""}"
1993-07-14,230734.0,105726.0,125008.0,86350.0,14450.0,111275.0,84883.0,53907.0,"{""numberLong"":""742600800""}"
1993-07-15,230331.0,105037.0,125294.0,86498.0,14488.0,111093.0,85505.0,55484.0,"{""numberLong"":""742687200""}"
1993-07-16,230496.0,105404.0,125092.0,86557.0,14150.0,110951.0,86791.0,55956.0,"{""numberLong"":""742773600""}"
1993-07-19,231139.0,105668.0,125471.0,87213.0,14160.0,111431.0,87418.0,55821.0,"{""numberLong"":""743032800""}"
1993-07-20,232198.0,106210.0,125988.0,87243.0,14330.0,111965.0,86980.0,54736.0,"{""numberLong"":""743119200""}"
1993-07-21,236188.0,106628.0,129560.0,90968.0,14313.0,115569.0,84327.0,53984.0,"{""numberLong"":""743205600""}"
1993-07-22,237419.0,106969.0,130450.0,91519.0,14451.0,116577.0,84052.0,53663.0,"{""numberLong"":""743292000""}"
1993-07-23,237639.0,107201.0,130438.0,91605.0,14520.0,117071.0,84172.0,53818.0,"{""numberLong"":""743378400""}"
1993-07-26,238236.0,107505.0,130731.0,92311.0,14363.0,117902.0,83991.0,53810.0,"{""numberLong"":""743637600""}"
1993-07-27,238861.0,108229.0,130632.0,92417.0,14350.0,118035.0,84149.0,52719.0,"{""numberLong"":""743724000""}"
1993-07-28,242589.0,108557.0,134032.0,95923.0,14598.0,121450.0,83991.0,52066.0,"{""numberLong"":""743810400""}"
1993-07-29,244838.0,110560.0,134278.0,95915.0,14647.0,122108.0,83058.0,51926.0,"{""numberLong"":""743896800""}"
1993-07-30,244743.0,110649.0,134094.0,95897.0,14535.0,121969.0,85498.0,53718.0,"{""numberLong"":""743983200""}"
1993-08-02,241902.0,108989.0,132913.0,94971.0,14519.0,120616.0,87578.0,54945.0,"{""numberLong"":""744242400""}"
1993-08-03,242578.0,109086.0,133492.0,95590.0,14227.0,120589.0,85811.0,53908.0,"{""numberLong"":""744328800""}"
1993-08-04,239944.0,107992.0,131952.0,93502.0,14126.0,117179.0,87049.0,53596.0,"{""numberLong"":""744415200""}"
1993-08-05,240746.0,107794.0,132952.0,94196.0,14410.0,117781.0,86285.0,53351.0,"{""numberLong"":""744501600""}"
1993-08-06,240777.0,107850.0,132927.0,94186.0,14431.0,117522.0,86269.0,53737.0,"{""numberLong"":""744588000""}"
1993-08-09,241146.0,107387.0,133759.0,94685.0,14490.0,117745.0,85590.0,53994.0,"{""numberLong"":""744847200""}"
1993-08-10,242178.0,108211.0,133967.0,94728.0,14496.0,117998.0,85832.0,53530.0,"{""numberLong"":""744933600""}"
1993-08-11,238914.0,108463.0,130451.0,91815.0,14410.0,115812.0,86783.0,53974.0,"{""numberLong"":""745020000""}"
1993-08-12,239900.0,109548.0,130352.0,91879.0,14409.0,116672.0,91538.0,56500.0,"{""numberLong"":""745106400""}"
1993-08-13,241522.0,110848.0,130674.0,92096.0,14608.0,117467.0,92082.0,59086.0,"{""numberLong"":""745192800""}"
1993-08-16,241650.0,110526.0,131124.0,92742.0,14415.0,117810.0,94480.0,61297.0,"{""numberLong"":""745452000""}"
1993-08-17,242988.0,111578.0,131410.0,92750.0,14372.0,118082.0,94907.0,59978.0,"{""numberLong"":""745538400""}"
1993-08-18,234202.0,111777.0,122425.0,83525.0,14623.0,108774.0,89136.0,58353.0,"{""numberLong"":""745624800""}"
1993-08-19,235396.0,112263.0,123133.0,83434.0,14656.0,109793.0,88915.0,57652.0,"{""numberLong"":""745711200""}"
1993-08-20,235111.0,112233.0,122878.0,83529.0,14584.0,109257.0,88549.0,58072.0,"{""numberLong"":""745797600""}"
1993-08-23,235235.0,112347.0,122888.0,83679.0,14387.0,108907.0,89771.0,57695.0,"{""numberLong"":""746056800""}"
1993-08-24,236270.0,113315.0,122955.0,83762.0,14473.0,109807.0,89526.0,56810.0,"{""numberLong"":""746143200""}"
1993-08-25,236140.0,114040.0,122100.0,83351.0,14513.0,109294.0,89924.0,56251.0,"{""numberLong"":""746229600""}"
1993-08-26,235704.0,113706.0,121998.0,83367.0,14542.0,109200.0,88610.0,56063.0,"{""numberLong"":""746316000""}"
1993-08-27,236345.0,113879.0,122466.0,83403.0,14629.0,109630.0,90472.0,56778.0,"{""numberLong"":""746402400""}"
1993-08-30,,,,,,,,,"{""numberLong"":""746661600""}"
1993-08-31,236240.0,113528.0,122712.0,83394.0,14641.0,109738.0,88894.0,57945.0,"{""numberLong"":""746748000""}"
1993-09-01,241913.0,113057.0,128856.0,87448.0,14693.0,115881.0,93229.0,57389.0,"{""numberLong"":""746834400""}"
1993-09-02,255375.0,112466.0,142909.0,101054.0,14688.0,128614.0,91584.0,56329.0,"{""numberLong"":""746920800""}"
1993-09-03,256127.0,112814.0,143313.0,101032.0,14869.0,128999.0,90648.0,56200.0,"{""numberLong"":""747007200""}"
1993-09-06,256332.0,113055.0,143277.0,101027.0,14344.0,128550.0,89282.0,56712.0,"{""numberLong"":""747266400""}"
1993-09-07,256596.0,112560.0,144036.0,101032.0,14480.0,128419.0,89797.0,56072.0,"{""numberLong"":""747352800""}"
1993-09-08,255233.0,111964.0,143269.0,100765.0,14255.0,126693.0,88536.0,55320.0,"{""numberLong"":""747439200""}"
1993-09-09,255729.0,111826.0,143903.0,100686.0,14699.0,126970.0,88987.0,55681.0,"{""numberLong"":""747525600""}"
1993-09-10,254715.0,112430.0,142285.0,98478.0,14865.0,125545.0,91226.0,57082.0,"{""numberLong"":""747612000""}"
1993-09-13,254883.0,112624.0,142259.0,99256.0,14595.0,125491.0,95048.0,60026.0,"{""numberLong"":""747871200""}"
1993-09-14,255527.0,113145.0,142382.0,99290.0,14702.0,125787.0,94989.0,61520.0,"{""numberLong"":""747957600""}"
1993-09-15,257541.0,113098.0,144443.0,101561.0,14743.0,127470.0,95014.0,63284.0,"{""numberLong"":""748044000""}"
1993-09-16,258205.0,113515.0,144690.0,101534.0,14652.0,126113.0,94563.0,62834.0,"{""numberLong"":""748130400""}"
1993-09-17,259073.0,114590.0,144483.0,101441.0,14917.0,126631.0,95696.0,62745.0,"{""numberLong"":""748216800""}"
1993-09-20,259006.0,114372.0,144634.0,101698.0,14558.0,126888.0,94724.0,62793.0,"{""numberLong"":""748476000""}"
1993-09-21,259264.0,114944.0,144320.0,101738.0,14507.0,127357.0,94467.0,60888.0,"{""numberLong"":""748562400""}"
1993-09-22,259352.0,114997.0,144355.0,101882.0,14520.0,127426.0,92238.0,59852.0,"{""numberLong"":""748648800""}"
1993-09-23,259313.0,115190.0,144123.0,101885.0,14832.0,127811.0,92738.0,59139.0,"{""numberLong"":""748735200""}"
1993-09-24,259039.0,114974.0,144065.0,102005.0,14821.0,127645.0,91357.0,59152.0,"{""numberLong"":""748821600""}"
1993-09-27,258765.0,115085.0,143680.0,101993.0,14499.0,127671.0,91725.0,58926.0,"{""numberLong"":""749084400""}"
1993-09-28,259360.0,115124.0,144236.0,102020.0,14598.0,127669.0,91382.0,57469.0,"{""numberLong"":""749170800""}"
1993-09-29,258736.0,115398.0,143338.0,98307.0,14882.0,126029.0,90990.0,57212.0,"{""numberLong"":""749257200""}"
1993-09-30,259332.0,115729.0,143603.0,98266.0,15098.0,126224.0,92398.0,58292.0,"{""numberLong"":""749343600""}"
1993-10-01,258422.0,115318.0,143104.0,98012.0,15067.0,125892.0,93760.0,58349.0,"{""numberLong"":""749430000""}"
1993-10-04,258568.0,115547.0,143021.0,98051.0,14928.0,126091.0,93681.0,59047.0,"{""numberLong"":""749689200""}"
1993-10-05,258985.0,115546.0,143439.0,98163.0,15057.0,125269.0,90604.0,58164.0,"{""numberLong"":""749775600""}"
1993-10-06,260370.0,115467.0,144903.0,99355.0,14949.0,126375.0,90117.0,57664.0,"{""numberLong"":""749862000""}"
1993-10-07,260469.0,115617.0,144852.0,99463.0,14848.0,126497.0,90556.0,57626.0,"{""numberLong"":""749948400""}"
1993-10-08,260932.0,116073.0,144859.0,99557.0,14702.0,126821.0,92169.0,58151.0,"{""numberLong"":""750034800""}"
1993-10-11,262214.0,116669.0,145545.0,99686.0,14778.0,126940.0,92526.0,58694.0,"{""numberLong"":""750294000""}"
1993-10-12,262845.0,117310.0,145535.0,99835.0,14706.0,127311.0,94891.0,58978.0,"{""numberLong"":""750380400""}"
1993-10-13,262450.0,116864.0,145586.0,100020.0,14639.0,126450.0,97270.0,61241.0,"{""numberLong"":""750466800""}"
1993-10-14,262110.0,116262.0,145848.0,99861.0,14879.0,126496.0,97227.0,63707.0,"{""numberLong"":""750553200""}"
1993-10-15,262967.0,117412.0,145555.0,99966.0,14760.0,126297.0,100789.0,67328.0,"{""numberLong"":""750639600""}"
1993-10-18,263431.0,117691.0,145740.0,99992.0,15074.0,126720.0,99871.0,67361.0,"{""numberLong"":""750898800""}"
1993-10-19,262346.0,117055.0,145291.0,100176.0,14916.0,125704.0,98188.0,64420.0,"{""numberLong"":""750985200""}"
1993-10-20,263972.0,119030.0,144942.0,100523.0,15139.0,125941.0,99955.0,63567.0,"{""numberLong"":""751071600""}"
1993-10-21,264158.0,119245.0,144913.0,100743.0,15152.0,126107.0,97964.0,62822.0,"{""numberLong"":""751158000""}"
1993-10-22,263941.0,118555.0,145386.0,100785.0,15868.0,125623.0,95683.0,62901.0,"{""numberLong"":""751244400""}"
1993-10-25,263300.0,118314.0,144986.0,100807.0,15740.0,124684.0,95469.0,62583.0,"{""numberLong"":""751503600""}"
1993-10-26,263536.0,118280.0,145256.0,101006.0,15936.0,123575.0,94743.0,61134.0,"{""numberLong"":""751590000""}"
1993-10-27,267034.0,122298.0,144736.0,100375.0,15959.0,122428.0,99085.0,62291.0,"{""numberLong"":""751676400""}"
1993-10-28,267716.0,122518.0,145198.0,100389.0,16274.0,122740.0,98568.0,62098.0,"{""numberLong"":""751762800""}"
1993-10-29,267716.0,122518.0,145198.0,100389.0,16274.0,122740.0,98568.0,62098.0,"{""numberLong"":""751849200""}"
1993-11-01,276734.0,128247.0,148487.0,103368.0,16325.0,125780.0,102072.0,63907.0,"{""numberLong"":""752108400""}"
1993-11-02,274776.0,126649.0,148127.0,103442.0,16087.0,124029.0,97568.0,61779.0,"{""numberLong"":""752194800""}"
1993-11-03,272597.0,124685.0,147912.0,103616.0,16112.0,121706.0,94592.0,60392.0,"{""numberLong"":""752281200""}"
1993-11-04,272594.0,123739.0,148855.0,103641.0,17042.0,121215.0,92162.0,59415.0,"{""numberLong"":""752367600""}"
1993-11-05,273240.0,124796.0,148444.0,103809.0,16989.0,121630.0,93608.0,60068.0,"{""numberLong"":""752454000""}"
1993-11-08,272905.0,124175.0,148730.0,103861.0,16941.0,121356.0,93105.0,60711.0,"{""numberLong"":""752713200""}"
1993-11-09,274106.0,125078.0,149028.0,103889.0,16633.0,121455.0,93879.0,59746.0,"{""numberLong"":""752799600""}"
1993-11-10,274329.0,125674.0,148655.0,104196.0,16892.0,121467.0,98115.0,59954.0,"{""numberLong"":""752886000""}"
1993-11-11,275099.0,126002.0,149097.0,104230.0,17212.0,121925.0,99681.0,62940.0,"{""numberLong"":""752972400""}"
1993-11-12,273880.0,124366.0,149514.0,104355.0,17489.0,120793.0,100230.0,65682.0,"{""numberLong"":""753058800""}"
1993-11-15,271073.0,121688.0,149385.0,104335.0,17475.0,120108.0,100567.0,68420.0,"{""numberLong"":""753318000""}"
1993-11-16,272976.0,123079.0,149897.0,104319.0,17704.0,121028.0,101794.0,67335.0,"{""numberLong"":""753404400""}"
1993-11-17,272722.0,123110.0,149612.0,104572.0,17729.0,120690.0,101534.0,65581.0,"{""numberLong"":""753490800""}"
1993-11-18,272482.0,122932.0,149550.0,104517.0,17734.0,120069.0,100709.0,64458.0,"{""numberLong"":""753577200""}"
1993-11-19,273097.0,123277.0,149820.0,104552.0,18058.0,120631.0,101346.0,64456.0,"{""numberLong"":""753663600""}"
1993-11-22,272879.0,122949.0,149930.0,104576.0,17804.0,120096.0,98315.0,64367.0,"{""numberLong"":""753922800""}"
1993-11-23,273521.0,123520.0,150001.0,104624.0,17830.0,120357.0,97542.0,62085.0,"{""numberLong"":""754009200""}"
1993-11-24,269644.0,123880.0,145764.0,99132.0,17881.0,116025.0,94565.0,61328.0,"{""numberLong"":""754095600""}"
1993-11-25,271130.0,124407.0,146723.0,99143.0,18503.0,116608.0,93718.0,60594.0,"{""numberLong"":""754182000""}"
1993-11-26,269523.0,124744.0,144779.0,97546.0,18472.0,115006.0,96206.0,60559.0,"{""numberLong"":""754268400""}"
1993-11-29,275441.0,123648.0,151793.0,104584.0,18363.0,121009.0,96929.0,60728.0,"{""numberLong"":""754527600""}"
1993-11-30,285949.0,134208.0,151741.0,104603.0,18393.0,121625.0,97121.0,61150.0,"{""numberLong"":""754614000""}"
1993-12-01,285020.0,133745.0,151275.0,104327.0,18092.0,120493.0,96663.0,60496.0,"{""numberLong"":""754700400""}"
1993-12-02,285541.0,134010.0,151531.0,104282.0,18310.0,120951.0,95694.0,60553.0,"{""numberLong"":""754786800""}"
1993-12-03,286636.0,134756.0,151880.0,103921.0,18528.0,121944.0,98426.0,61306.0,"{""numberLong"":""754873200""}"
1993-12-06,285654.0,133798.0,151856.0,103858.0,18425.0,120851.0,96781.0,61042.0,"{""numberLong"":""755132400""}"
1993-12-07,285518.0,133450.0,152068.0,103863.0,18171.0,120042.0,95875.0,59839.0,"{""numberLong"":""755218800""}"
1993-12-08,281952.0,131621.0,150331.0,101838.0,18411.0,115385.0,93108.0,58967.0,"{""numberLong"":""755305200""}"
1993-12-09,,,,,,,,,"{""numberLong"":""755391600""}"
1993-12-10,282313.0,132108.0,150205.0,101733.0,18882.0,115765.0,99161.0,59272.0,"{""numberLong"":""755478000""}"
1993-12-13,281964.0,131860.0,150104.0,101765.0,18380.0,117921.0,100385.0,62446.0,"{""numberLong"":""755737200""}"
1993-12-14,281770.0,131732.0,150038.0,101782.0,18367.0,117633.0,99317.0,63799.0,"{""numberLong"":""755823600""}"
1993-12-15,281883.0,130457.0,151426.0,103453.0,18792.0,117934.0,100110.0,66218.0,"{""numberLong"":""755910000""}"
1993-12-16,280440.0,129143.0,151297.0,103497.0,18468.0,116672.0,100063.0,65619.0,"{""numberLong"":""755996400""}"
1993-12-17,280513.0,128634.0,151879.0,103502.0,18723.0,116575.0,100167.0,64952.0,"{""numberLong"":""756082800""}"
1993-12-20,280925.0,129036.0,151889.0,103497.0,18511.0,116807.0,100072.0,64340.0,"{""numberLong"":""756342000""}"
1993-12-21,285761.0,128628.0,157133.0,108887.0,18684.0,121670.0,97576.0,62265.0,"{""numberLong"":""756428400""}"
1993-12-22,285570.0,128020.0,157550.0,108145.0,18611.0,123012.0,100577.0,61598.0,"{""numberLong"":""756514800""}"
1993-12-23,285457.0,127340.0,158117.0,108192.0,18652.0,122981.0,98877.0,60697.0,"{""numberLong"":""756601200""}"
1993-12-24,286081.0,127591.0,158490.0,108202.0,18739.0,123237.0,98560.0,60675.0,"{""numberLong"":""756687600""}"
1993-12-27,285998.0,127650.0,158348.0,108173.0,18551.0,123428.0,99836.0,60676.0,"{""numberLong"":""756946800""}"
1993-12-28,286779.0,128163.0,158616.0,108239.0,18777.0,123633.0,98442.0,60381.0,"{""numberLong"":""757033200""}"
1993-12-29,287416.0,128614.5,158801.5,108384.7,18738.4,125080.6,98838.7,60597.1,"{""numberLong"":""757119600""}"
1993-12-30,286521.0,127874.0,158647.0,108549.0,18938.0,125506.0,99048.0,62378.0,"{""numberLong"":""757206000""}"
1993-12-31,285801.0,128126.0,157675.0,108482.0,18862.0,128113.0,101721.0,63104.0,"{""numberLong"":""757292400""}"
1994-01-03,291566.0,126477.0,165089.0,115765.0,18553.0,134421.0,99354.0,61617.0,"{""numberLong"":""757551600""}"
1994-01-04,291822.0,126093.0,165729.0,116385.0,18520.0,134481.0,97719.0,59717.0,"{""numberLong"":""757638000""}"
1994-01-05,289953.0,124328.0,165625.0,116257.0,18481.0,132780.0,94379.0,58531.0,"{""numberLong"":""757724400""}"
1994-01-06,290256.0,123933.0,166323.0,116701.0,18474.0,132547.0,91996.0,57627.0,"{""numberLong"":""757810800""}"
1994-01-07,290977.0,124205.0,166772.0,129885.0,18545.0,132826.0,96045.0,57650.0,"{""numberLong"":""757897200""}"
1994-01-10,289642.0,123573.0,166069.0,129305.0,18205.0,131141.0,98017.0,57243.0,"{""numberLong"":""758156400""}"
1994-01-11,293695.0,123572.0,170123.0,133314.0,18227.0,134531.0,98285.0,56013.0,"{""numberLong"":""758242800""}"
1994-01-12,296006.0,124280.0,171726.0,135217.0,18286.0,136762.0,100582.0,56550.0,"{""numberLong"":""758329200""}"
1994-01-13,302432.0,124855.0,177577.0,141163.0,18229.0,142723.0,104456.0,60157.0,"{""numberLong"":""758415600""}"
1994-01-14,304570.0,125131.0,179439.0,142904.0,18366.0,145163.0,106144.0,64797.0,"{""numberLong"":""758502000""}"
1994-01-17,304067.0,125015.0,179052.0,142773.0,18087.0,144601.0,109207.0,67754.0,"{""numberLong"":""758761200""}"
1994-01-18,305095.0,125468.0,179627.0,143399.0,18035.0,145283.0,111264.0,66400.0,"{""numberLong"":""758847600""}"
1994-01-19,311253.0,125491.0,185762.0,149064.0,17901.0,151069.0,110677.0,65648.0,"{""numberLong"":""758934000""}"
1994-01-20,312680.0,125985.0,186695.0,147354.0,17946.0,151871.0,108367.0,64610.0,"{""numberLong"":""759020400""}"
1994-01-21,312285.0,127063.0,185222.0,145020.0,18090.0,151049.0,104042.0,63792.0,"{""numberLong"":""759106800""}"
1994-01-24,308283.0,127769.0,180514.0,140828.0,17730.0,146678.0,101801.0,63200.0,"{""numberLong"":""759366000""}"
1994-01-25,307239.0,127606.0,179633.0,139475.0,17856.0,145973.0,102110.0,61590.0,"{""numberLong"":""759452400""}"
1994-01-26,303637.0,125786.0,177851.0,137498.0,17879.0,141406.0,97595.0,59969.0,"{""numberLong"":""759538800""}"
1994-01-27,322739.0,141072.0,181667.0,136251.0,17913.0,137189.0,97309.0,58818.0,"{""numberLong"":""759625200""}"
1994-01-28,318769.0,137674.0,181095.0,135521.0,17984.0,131268.0,98535.0,58697.0,"{""numberLong"":""759711600""}"
1994-01-31,320131.0,139549.0,180582.0,134780.0,17547.0,131839.0,101512.0,61394.0,"{""numberLong"":""759970800""}"
1994-02-01,320842.0,137190.0,183652.0,134843.0,17477.0,133656.0,100246.0,61687.0,"{""numberLong"":""760057200""}"
1994-02-02,322921.0,136937.0,185984.0,134943.0,17491.0,134711.0,104756.0,61749.0,"{""numberLong"":""760143600""}"
1994-02-03,321825.0,135712.0,186113.0,137579.0,17504.0,133307.0,102205.0,61650.0,"{""numberLong"":""760230000""}"
1994-02-04,321161.0,137044.0,184117.0,135271.0,17823.0,131181.0,101802.0,62608.0,"{""numberLong"":""760316400""}"
1994-02-07,320118.0,135843.0,184275.0,135783.0,17486.0,129356.0,101134.0,62438.0,"{""numberLong"":""760575600""}"
1994-02-08,316352.0,135193.0,181159.0,133722.0,17444.0,125560.0,99437.0,60457.0,"{""numberLong"":""760662000""}"
1994-02-09,315153.0,135230.0,179923.0,134985.0,17499.0,123934.0,101494.0,59856.0,"{""numberLong"":""760748400""}"
1994-02-10,311450.0,131199.0,180251.0,145361.0,17533.0,120067.0,99687.0,59699.0,"{""numberLong"":""760834800""}"
1994-02-11,314657.0,129974.0,184683.0,149765.0,17832.0,122946.0,104340.0,62010.0,"{""numberLong"":""760921200""}"
1994-02-14,316905.0,131879.0,185026.0,148217.0,17525.0,123799.0,105156.0,66187.0,"{""numberLong"":""761180400""}"
1994-02-15,316938.0,130583.0,186355.0,148054.0,17822.0,123930.0,106755.0,68351.0,"{""numberLong"":""761266800""}"
1994-02-16,342050.0,130001.0,212049.0,167804.0,17538.0,148007.0,110126.0,68474.0,"{""numberLong"":""761353200""}"
1994-02-17,341914.0,129495.0,212419.0,168359.0,17595.0,146486.0,106596.0,66154.0,"{""numberLong"":""761439600""}"
1994-02-18,342437.0,129402.0,213035.0,169032.0,17692.0,146885.0,107576.0,65611.0,"{""numberLong"":""761526000""}"
1994-02-21,343466.0,129554.0,213912.0,169068.0,17395.0,146892.0,108095.0,65621.0,"{""numberLong"":""761785200""}"
1994-02-22,341811.0,127725.0,214086.0,169826.0,17297.0,146290.0,105140.0,63762.0,"{""numberLong"":""761871600""}"
1994-02-23,340032.0,127251.0,212781.0,176293.0,17396.0,143408.0,102941.0,63304.0,"{""numberLong"":""761958000""}"
1994-02-24,339780.0,126226.0,213554.0,176935.0,17332.0,142205.0,100726.0,63302.0,"{""numberLong"":""762044400""}"
1994-02-25,341474.0,126883.0,214591.0,177625.0,17660.0,142101.0,103759.0,64315.0,"{""numberLong"":""762130800""}"
1994-02-28,344964.0,128522.0,216442.0,177718.0,17410.0,142195.0,108332.0,68079.0,"{""numberLong"":""762390000""}"
1994-03-01,368478.0,142538.0,225940.0,185595.0,17379.0,149463.0,110157.0,68076.0,"{""numberLong"":""762476400""}"
1994-03-02,371804.0,143717.0,228087.0,193197.0,17275.0,147045.0,108618.0,68147.0,"{""numberLong"":""762562800""}"
1994-03-03,366561.0,143255.0,223306.0,187873.0,17455.0,144552.0,105936.0,67499.0,"{""numberLong"":""762649200""}"
1994-03-04,366138.0,143606.0,222532.0,187035.0,17717.0,143481.0,108429.0,68178.0,"{""numberLong"":""762735600""}"
1994-03-07,365671.0,143319.0,222352.0,186623.0,17475.0,140061.0,110728.0,68744.0,"{""numberLong"":""762994800""}"
1994-03-08,366933.0,142688.0,224245.0,188300.0,17195.0,139883.0,107958.0,68082.0,"{""numberLong"":""763081200""}"
1994-03-09,366236.0,142062.0,224174.0,192364.0,17352.0,135454.0,112878.0,69893.0,"{""numberLong"":""763167600""}"
1994-03-10,367105.0,140587.0,226518.0,193506.0,17265.0,133805.0,116721.0,77546.0,"{""numberLong"":""763254000""}"
1994-03-11,378705.0,151580.0,227125.0,191923.0,17460.0,134586.0,123295.0,85660.0,"{""numberLong"":""763340400""}"
1994-03-14,,,,,,,,,"{""numberLong"":""763599600""}"
1994-03-15,,,,,,,,,"{""numberLong"":""763686000""}"
1994-03-16,385924.0,145967.0,239957.0,205665.0,17200.0,144371.0,128166.0,83344.0,"{""numberLong"":""763772400""}"
1994-03-17,386086.0,145832.0,240254.0,205463.0,17240.0,141012.0,121889.0,76977.0,"{""numberLong"":""763858800""}"
1994-03-18,384609.0,140403.0,244206.0,206517.0,17643.0,138353.0,119724.0,74584.0,"{""numberLong"":""763945200""}"
1994-03-21,384221.0,140032.0,244189.0,205595.0,17388.0,135763.0,116029.0,72931.0,"{""numberLong"":""764204400""}"
1994-03-22,381351.0,137467.0,243884.0,205388.0,17313.0,131124.0,109016.0,69526.0,"{""numberLong"":""764290800""}"
1994-03-23,374994.0,130803.0,244191.0,204546.0,17377.0,125532.0,107811.0,68026.0,"{""numberLong"":""764377200""}"
1994-03-24,371966.0,128054.0,243912.0,204122.0,17354.0,120882.0,105803.0,66624.0,"{""numberLong"":""764463600""}"
1994-03-25,371511.0,127595.0,243916.0,203179.0,17617.0,118856.0,107281.0,66087.0,"{""numberLong"":""764550000""}"
1994-03-28,372078.0,127378.0,244700.0,202501.0,17301.0,117609.0,106045.0,64788.0,"{""numberLong"":""764805600""}"
1994-03-29,372656.0,128719.0,243937.0,201506.0,17317.0,116858.0,103232.0,62547.0,"{""numberLong"":""764892000""}"
1994-03-30,379557.0,129399.0,250158.0,206656.0,17210.0,121123.0,106511.0,63051.0,"{""numberLong"":""764978400""}"
1994-03-31,381073.0,130664.0,250409.0,207414.0,17607.0,122270.0,108249.0,64114.0,"{""numberLong"":""765064800""}"
1994-04-01,382768.0,131233.0,251535.0,207348.0,17535.0,122037.0,107691.0,63427.0,"{""numberLong"":""765151200""}"
1994-04-04,384074.0,132668.0,251406.0,206109.0,17533.0,119436.0,109921.0,65429.0,"{""numberLong"":""765410400""}"
1994-04-05,385706.0,133715.0,251991.0,206700.0,17261.0,119851.0,110140.0,65648.0,"{""numberLong"":""765496800""}"
1994-04-06,489788.0,185868.0,303920.0,206608.0,17280.0,119645.0,108512.0,66135.0,"{""numberLong"":""765583200""}"
1994-04-07,573969.0,226835.0,347134.0,207603.0,17290.0,120552.0,109550.0,68845.0,"{""numberLong"":""765669600""}"
1994-04-08,537890.0,207941.0,329949.0,207136.0,17547.0,119530.0,111164.0,70600.0,"{""numberLong"":""765756000""}"
1994-04-11,499467.0,189260.0,310207.0,206862.0,17247.0,118714.0,111913.0,71518.0,"{""numberLong"":""766015200""}"
1994-04-12,500531.0,189441.0,311090.0,206556.0,17197.0,118323.0,112423.0,69974.0,"{""numberLong"":""766101600""}"
1994-04-13,516264.0,203531.0,312733.0,199951.0,17038.0,136529.0,126915.0,72960.0,"{""numberLong"":""766188000""}"
1994-04-14,521498.0,205387.0,316111.0,198966.0,17496.0,138238.0,120537.0,78567.0,"{""numberLong"":""766274400""}"
1994-04-15,528888.0,206969.0,321919.0,201364.0,17409.0,139037.0,126766.0,84019.0,"{""numberLong"":""766360800""}"
1994-04-18,514807.0,199613.0,315194.0,198976.0,17109.0,137287.0,125809.0,82942.0,"{""numberLong"":""766620000""}"
1994-04-19,488266.0,186388.0,301878.0,199103.0,17125.0,138634.0,124493.0,79391.0,"{""numberLong"":""766706400""}"
1994-04-20,485672.0,184468.0,301204.0,201747.0,17120.0,141670.0,120357.0,77856.0,"{""numberLong"":""766792800""}"
1994-04-21,476024.0,181440.0,294584.0,198890.0,17109.0,140341.0,120187.0,77923.0,"{""numberLong"":""766879200""}"
1994-04-22,463085.0,174497.0,288588.0,195984.0,17448.0,139846.0,124262.0,78190.0,"{""numberLong"":""766965600""}"
1994-04-25,476563.0,179985.0,296578.0,198986.0,17252.0,141694.0,127493.0,79061.0,"{""numberLong"":""767224800""}"
1994-04-26,514262.0,198545.0,315717.0,199710.0,17111.0,142070.0,126584.0,77686.0,"{""numberLong"":""767311200""}"
1994-04-27,521132.0,204418.0,316714.0,198198.0,17135.0,140777.0,125868.0,77180.0,"{""numberLong"":""767397600""}"
1994-04-28,501370.0,194745.0,306625.0,197235.0,17304.0,140458.0,124676.0,76791.0,"{""numberLong"":""767484000""}"
1994-04-29,512633.0,198202.0,314431.0,200342.0,17505.0,140466.0,127183.0,79731.0,"{""numberLong"":""767570400""}"
1994-05-02,517450.0,199198.0,318252.0,198044.0,17678.0,139040.0,132009.0,83565.0,"{""numberLong"":""767829600""}"
1994-05-03,533245.0,206734.0,326511.0,197909.0,18432.0,140266.0,129291.0,82269.0,"{""numberLong"":""767916000""}"
1994-05-04,549945.0,212256.0,337689.0,199034.0,20019.0,144235.0,132343.0,83577.0,"{""numberLong"":""768002400""}"
1994-05-05,545116.0,208560.0,336556.0,198357.0,21997.0,145959.0,130628.0,83701.0,"{""numberLong"":""768088800""}"
1994-05-06,539184.0,206277.0,332907.0,197442.0,22512.0,145344.0,132923.0,84458.0,"{""numberLong"":""768175200""}"
1994-05-09,514175.0,193504.0,320671.0,196512.0,22341.0,143924.0,130794.0,84794.0,"{""numberLong"":""768434400""}"
1994-05-10,531613.0,203181.0,328432.0,196263.0,22170.0,144579.0,128983.0,83262.0,"{""numberLong"":""768520800""}"
1994-05-11,539367.0,206857.0,332510.0,200580.0,22206.0,150337.0,131446.0,83216.0,"{""numberLong"":""768607200""}"
1994-05-12,533446.0,202667.0,330779.0,204662.0,22284.0,155098.0,134735.0,85245.0,"{""numberLong"":""768693600""}"
1994-05-13,527773.0,197450.0,330323.0,206532.0,22438.0,156935.0,141386.0,91106.0,"{""numberLong"":""768780000""}"
1994-05-16,527509.0,195045.0,332464.0,209155.0,22361.0,160722.0,147163.0,96767.0,"{""numberLong"":""769039200""}"
1994-05-17,513316.0,189044.0,324272.0,207741.0,22147.0,161365.0,148927.0,98287.0,"{""numberLong"":""769125600""}"
1994-05-18,523087.0,193989.0,329098.0,208332.0,21750.0,159624.0,152506.0,101632.0,"{""numberLong"":""769212000""}"
1994-05-19,,,,,,,,,"{""numberLong"":""769298400""}"
1994-05-20,527695.0,195177.0,332518.0,208790.0,21894.0,160313.0,152548.0,100439.0,"{""numberLong"":""769384800""}"
1994-05-23,,,,,,,,,"{""numberLong"":""769644000""}"
1994-05-24,,,,,,,,,"{""numberLong"":""769730400""}"
1994-05-25,529274.0,196601.0,332673.0,208919.0,21723.0,160868.0,151268.0,96744.0,"{""numberLong"":""769816800""}"
1994-05-26,531792.0,200851.0,330941.0,205617.0,21620.0,161055.0,144767.0,89770.0,"{""numberLong"":""769903200""}"
1994-05-27,519467.0,194287.0,325180.0,204750.0,22023.0,161766.0,143789.0,88419.0,"{""numberLong"":""769989600""}"
1994-05-30,525856.0,196597.0,329259.0,209319.0,20909.0,165840.0,144937.0,88487.0,"{""numberLong"":""770248800""}"
1994-05-31,515954.0,196061.0,319893.0,202136.0,21220.0,160833.0,144773.0,88143.0,"{""numberLong"":""770335200""}"
1994-06-01,498226.0,196313.0,301913.0,187017.0,20383.0,148364.0,142017.0,89101.0,"{""numberLong"":""770421600""}"
1994-06-02,490423.0,192023.0,298400.0,187387.0,19454.0,151096.0,144928.0,90044.0,"{""numberLong"":""770508000""}"
1994-06-03,512030.0,206164.0,305866.0,183658.0,18976.0,144741.0,140489.0,88242.0,"{""numberLong"":""770594400""}"
1994-06-06,494797.0,200620.0,294177.0,179003.0,17167.0,139757.0,142287.0,88601.0,"{""numberLong"":""770853600""}"
1994-06-07,489212.0,200834.0,288378.0,176098.0,16381.0,137325.0,140143.0,85739.0,"{""numberLong"":""770940000""}"
1994-06-08,489159.0,203532.0,285627.0,174674.0,15422.0,134256.0,138775.0,84259.0,"{""numberLong"":""771026400""}"
1994-06-09,493278.0,205555.0,287723.0,175874.0,15677.0,136240.0,138928.0,83898.0,"{""numberLong"":""771112800""}"
1994-06-10,502657.0,209723.0,292934.0,180403.0,16153.0,143590.0,139779.0,85838.0,"{""numberLong"":""771199200""}"
1994-06-13,509928.0,208828.0,301100.0,191383.0,15936.0,153691.0,149229.0,88734.0,"{""numberLong"":""771458400""}"
1994-06-14,513745.0,210108.0,303637.0,192324.0,16076.0,155830.0,146968.0,92982.0,"{""numberLong"":""771544800""}"
1994-06-15,504372.0,204325.0,300047.0,189191.0,16249.0,153824.0,149338.0,96747.0,"{""numberLong"":""771631200""}"
1994-06-16,501985.0,205800.0,296185.0,186272.0,15926.0,151491.0,149971.0,96634.0,"{""numberLong"":""771717600""}"
1994-06-17,497337.0,203356.0,293981.0,184613.0,16212.0,152439.0,154822.0,96109.0,"{""numberLong"":""771804000""}"
1994-06-20,498832.0,206756.0,292076.0,182969.0,15812.0,152398.0,156377.0,96203.0,"{""numberLong"":""772063200""}"
1994-06-21,509240.0,210142.0,299098.0,186026.0,16213.0,157971.0,154235.0,93336.0,"{""numberLong"":""772149600""}"
1994-06-22,501875.0,212102.0,289773.0,178526.0,16213.0,151020.0,147548.0,91533.0,"{""numberLong"":""772236000""}"
1994-06-23,505964.0,213731.0,292233.0,179035.0,15920.0,151498.0,145432.0,91161.0,"{""numberLong"":""772322400""}"
1994-06-24,510649.0,217414.0,293235.0,177819.0,16188.0,150631.0,147679.0,91480.0,"{""numberLong"":""772408800""}"
1994-06-27,514758.0,218930.0,295828.0,179468.0,15942.0,152225.0,149590.0,92469.0,"{""numberLong"":""772668000""}"
1994-06-28,516345.0,215455.0,300890.0,185837.0,15942.0,152802.0,146359.0,90205.0,"{""numberLong"":""772754400""}"
1994-06-29,517861.0,216416.0,301445.0,186544.0,15940.0,155904.0,146090.0,90321.0,"{""numberLong"":""772840800""}"
1994-06-30,507272.0,215735.0,291537.0,177190.0,15964.0,147453.0,148102.0,91704.0,"{""numberLong"":""772927200""}"
1994-07-01,511538.0,215098.0,296440.0,184996.0,16177.0,155810.0,149525.0,91474.0,"{""numberLong"":""773013600""}"
1994-07-04,512777.0,216651.0,296126.0,185865.0,15829.0,158222.0,152897.0,93645.0,"{""numberLong"":""773272800""}"
1994-07-05,517682.0,221220.0,296462.0,185998.0,15934.0,160135.0,152853.0,92803.0,"{""numberLong"":""773359200""}"
1994-07-06,525756.0,221731.0,304025.0,192313.0,15887.0,167985.0,151496.0,93258.0,"{""numberLong"":""773445600""}"
1994-07-07,532064.0,223992.0,308072.0,194513.0,15906.0,172504.0,152853.0,92985.0,"{""numberLong"":""773532000""}"
1994-07-08,538746.0,224590.0,314156.0,201376.0,16185.0,179828.0,154967.0,94405.0,"{""numberLong"":""773618400""}"
1994-07-11,537231.0,223918.0,313313.0,200194.0,15903.0,180476.0,157982.0,95315.0,"{""numberLong"":""773877600""}"
1994-07-12,540822.0,224755.0,316067.0,200345.0,15929.0,181252.0,157690.0,94321.0,"{""numberLong"":""773964000""}"
1994-07-13,536071.8,233538.0,302533.8,184203.0,15815.0,165992.0,161592.0,96530.0,"{""numberLong"":""774050400""}"
1994-07-14,538461.5,233950.0,304511.5,186234.0,16118.0,168914.0,164648.0,102103.0,"{""numberLong"":""774136800""}"
1994-07-15,540869.9,238718.0,302151.9,185447.0,16056.0,174540.0,171816.0,109218.0,"{""numberLong"":""774223200""}"
1994-07-18,541557.4,239342.0,302215.4,187160.0,15800.0,177521.0,173470.0,108864.0,"{""numberLong"":""774482400""}"
1994-07-19,546791.0,242864.0,303927.0,187776.0,15651.0,180188.0,174781.0,105336.0,"{""numberLong"":""774568800""}"
1994-07-20,545171.3,243575.0,301596.3,187700.0,15533.0,180251.0,165426.0,103657.0,"{""numberLong"":""774655200""}"
1994-07-21,541863.8,245796.0,296067.8,185935.0,15703.0,177027.0,163078.0,102894.0,"{""numberLong"":""774741600""}"
1994-07-22,543155.3,247124.0,296031.3,182852.0,16073.0,173144.0,166335.0,102934.0,"{""numberLong"":""774828000""}"
1994-07-25,538644.4,248983.0,289661.4,181164.0,15729.0,171505.0,167679.0,103765.0,"{""numberLong"":""775087200""}"
1994-07-26,541287.7,250398.0,290889.7,181794.0,15653.0,174137.0,169920.0,101286.0,"{""numberLong"":""775173600""}"
1994-07-27,529250.9,249065.0,280185.9,172113.0,15646.0,165715.0,162856.0,100217.0,"{""numberLong"":""775260000""}"
1994-07-28,533427.9,250089.0,283338.9,173788.0,15912.0,165889.0,165700.0,100284.0,"{""numberLong"":""775346400""}"
1994-07-29,536889.5,251887.0,285002.5,174771.0,16025.0,168421.0,170465.0,102178.0,"{""numberLong"":""775432800""}"
1994-08-01,530996.5,251056.0,279940.5,172725.0,16083.0,171068.0,172334.0,105668.0,"{""numberLong"":""775692000""}"
1994-08-02,535786.8,253948.0,281838.8,171804.0,15511.0,171327.0,167324.0,103212.0,"{""numberLong"":""775778400""}"
1994-08-03,536631.7,255138.0,281493.7,173128.0,15288.0,170962.0,170232.0,103072.0,"{""numberLong"":""775864800""}"
1994-08-04,537526.1,260787.0,276739.1,168082.0,15448.0,170507.0,171926.0,104449.0,"{""numberLong"":""775951200""}"
1994-08-05,537526.1,260787.0,276739.1,168082.0,15448.0,170507.0,171926.0,104449.0,"{""numberLong"":""776037600""}"
1994-08-08,534463.7,262347.0,272116.7,165654.0,14388.0,168344.0,173081.0,106161.0,"{""numberLong"":""776296800""}"
1994-08-09,534692.9,263991.0,270701.9,164490.0,13862.0,167243.0,170341.0,105046.0,"{""numberLong"":""776383200""}"
1994-08-10,535136.2,265896.0,269240.2,163239.0,13544.0,168152.0,171939.0,105203.0,"{""numberLong"":""776469600""}"
1994-08-11,542588.9,268804.0,273784.9,166232.0,13544.0,170676.0,176959.0,107055.0,"{""numberLong"":""776556000""}"
1994-08-12,541857.8,271764.0,270093.8,163036.0,13537.0,169784.0,181010.0,113910.0,"{""numberLong"":""776642400""}"
1994-08-15,548156.1,273078.0,275078.1,164118.0,13583.0,173775.0,189004.0,120469.0,"{""numberLong"":""776901600""}"
1994-08-16,545263.8,275406.0,269857.8,159056.0,13615.0,170593.0,185835.0,118683.0,"{""numberLong"":""776988000""}"
1994-08-17,547934.1,278332.0,269602.1,160048.0,13175.0,171975.0,182336.0,116078.0,"{""numberLong"":""777074400""}"
1994-08-18,552466.9,281611.0,270855.9,161688.0,13216.0,174931.0,182833.0,115064.0,"{""numberLong"":""777160800""}"
1994-08-19,550010.7,281622.0,268388.7,156288.0,13579.0,171372.0,181798.0,115156.0,"{""numberLong"":""777247200""}"
1994-08-22,552078.0,282701.0,269377.0,155798.0,13637.0,171596.0,184613.0,115936.0,"{""numberLong"":""777506400""}"
1994-08-23,552616.4,284589.0,268027.4,153516.0,13634.0,169098.0,180703.0,113015.0,"{""numberLong"":""777592800""}"
1994-08-24,562943.5,297464.0,265479.5,147441.0,13238.0,162699.0,182363.0,112165.0,"{""numberLong"":""777679200""}"
1994-08-25,603523.8,321257.0,282266.8,158876.0,13138.0,171208.0,177024.0,113541.0,"{""numberLong"":""777765600""}"
1994-08-26,573350.4,297218.0,276132.4,161644.0,13613.0,169003.0,179160.0,112340.0,"{""numberLong"":""777852000""}"
1994-08-29,585745.8,300324.0,285421.8,171173.0,13314.0,175515.0,184491.0,112511.0,"{""numberLong"":""778111200""}"
1994-08-30,,,,,,,,,"{""numberLong"":""778197600""}"
1994-08-31,586081.2,292365.0,293716.2,187035.0,13448.0,186889.0,184326.0,115104.0,"{""numberLong"":""778284000""}"
1994-09-01,605337.5,299336.0,306001.5,200800.0,13077.0,195227.0,178483.0,114198.0,"{""numberLong"":""778370400""}"
1994-09-02,604496.2,300861.0,303635.2,197876.0,13267.0,191540.0,179379.0,114724.0,"{""numberLong"":""778456800""}"
1994-09-05,595340.9,296888.0,298452.9,194814.0,13392.0,186843.0,178762.0,115297.0,"{""numberLong"":""778716000""}"
1994-09-06,596384.4,298102.0,298282.4,192222.0,13292.0,183368.0,181398.0,114458.0,"{""numberLong"":""778802400""}"
1994-09-07,602433.9,299308.0,303125.9,197200.0,12992.0,183497.0,177414.0,113722.0,"{""numberLong"":""778888800""}"
1994-09-08,604436.9,299784.0,304652.9,198814.0,12596.0,182748.0,178759.0,112911.0,"{""numberLong"":""778975200""}"
1994-09-09,601781.0,299184.0,302597.0,198248.0,12977.0,183270.0,181473.0,114008.0,"{""numberLong"":""779061600""}"
1994-09-12,601949.3,296484.0,305465.3,203247.0,12703.0,182366.0,180868.0,115634.0,"{""numberLong"":""779320800""}"
1994-09-13,603775.6,294356.0,309419.6,203363.0,12511.0,180416.0,182445.0,116310.0,"{""numberLong"":""779407200""}"
1994-09-14,614008.6,299299.0,314709.6,208127.0,12711.0,187780.0,189435.0,124952.0,"{""numberLong"":""779493600""}"
1994-09-15,614008.6,299299.0,314709.6,208127.0,12711.0,187780.0,189435.0,124952.0,"{""numberLong"":""779580000""}"
1994-09-16,617104.2,298860.0,318244.2,212670.0,12685.0,193078.0,188959.0,125888.0,"{""numberLong"":""779666400""}"
1994-09-19,617029.1,299310.0,317719.1,213071.0,12405.0,193255.0,191063.0,124837.0,"{""numberLong"":""779925600""}"
1994-09-20,615676.4,301381.0,314295.4,208421.0,12432.0,191012.0,186654.0,121652.0,"{""numberLong"":""780012000""}"
1994-09-21,616602.3,301901.0,314701.3,210648.0,12306.0,195241.0,189984.0,119804.0,"{""numberLong"":""780098400""}"
1994-09-22,612498.9,304112.0,308386.9,203377.0,12205.0,188262.0,180475.0,119299.0,"{""numberLong"":""780184800""}"
1994-09-23,610418.0,306724.0,303694.0,198248.0,12652.0,184228.0,181195.0,120399.0,"{""numberLong"":""780271200""}"
1994-09-26,608422.9,306048.0,302374.9,196964.0,12286.0,182572.0,182936.0,120716.0,"{""numberLong"":""780534000""}"
1994-09-27,606099.1,308665.0,297434.1,192954.0,12406.0,180794.0,184114.0,117609.0,"{""numberLong"":""780620400""}"
1994-09-28,613481.2,309483.0,303998.2,198958.0,12507.0,186923.0,183087.0,116235.0,"{""numberLong"":""780706800""}"
1994-09-29,621926.1,312226.0,309700.1,204158.0,12401.0,191443.0,183022.0,115508.0,"{""numberLong"":""780793200""}"
1994-09-30,616301.1,317394.0,298907.1,194556.0,12687.0,187563.0,184084.0,118135.0,"{""numberLong"":""780879600""}"
1994-10-03,622402.3,316196.0,306206.3,201759.0,12449.0,195467.0,187793.0,118490.0,"{""numberLong"":""781138800""}"
1994-10-04,615926.5,315375.0,300551.5,197982.0,12315.0,191476.0,179728.0,117189.0,"{""numberLong"":""781225200""}"
1994-10-05,624338.1,318448.0,305890.1,202039.0,12222.0,195332.0,180218.0,116966.0,"{""numberLong"":""781311600""}"
1994-10-06,613356.5,321209.0,292147.5,187185.0,12392.0,181555.0,178276.0,116871.0,"{""numberLong"":""781398000""}"
1994-10-07,617064.6,324120.0,292944.6,187794.0,12688.0,186611.0,181624.0,118467.0,"{""numberLong"":""781484400""}"
1994-10-10,615941.0,325112.0,290829.0,184716.0,12391.0,183400.0,182295.0,118416.0,"{""numberLong"":""781743600""}"
1994-10-11,614639.4,326345.0,288294.4,183305.0,12315.0,182428.0,182007.0,116645.0,"{""numberLong"":""781830000""}"
1994-10-12,628702.3,329481.0,299221.3,193744.0,12282.0,193007.0,186681.0,116777.0,"{""numberLong"":""781916400""}"
1994-10-13,634304.5,329158.0,305146.5,198012.0,12492.0,193923.0,188913.0,118243.0,"{""numberLong"":""782002800""}"
1994-10-14,631353.7,331030.0,300323.7,192561.0,12592.0,186291.0,190205.0,126539.0,"{""numberLong"":""782089200""}"
1994-10-17,637138.7,329616.0,307522.7,196808.0,12594.0,190105.0,196498.0,130971.0,"{""numberLong"":""782348400""}"
1994-10-18,643311.5,331963.0,311348.5,197427.0,12086.0,188448.0,191765.0,128448.0,"{""numberLong"":""782434800""}"
1994-10-19,641539.3,330393.0,311146.3,195854.0,11896.0,184057.0,191501.0,125025.0,"{""numberLong"":""782521200""}"
1994-10-20,646867.3,332203.0,314664.3,199200.0,12286.0,186998.0,191892.0,123544.0,"{""numberLong"":""782607600""}"
1994-10-21,648707.0,332360.0,316347.0,200917.0,12534.0,188146.0,189417.0,123359.0,"{""numberLong"":""782694000""}"
1994-10-24,646429.8,331674.0,314755.8,198056.0,12109.0,182398.0,187683.0,122458.0,"{""numberLong"":""782953200""}"
1994-10-25,649329.2,333025.0,316304.2,200172.0,12591.0,182431.0,183957.0,120313.0,"{""numberLong"":""783039600""}"
1994-10-26,664994.4,331172.0,333822.4,215566.0,12591.0,191744.0,188894.0,118934.0,"{""numberLong"":""783126000""}"
1994-10-27,659536.3,330406.0,329130.3,212441.0,12024.0,186880.0,183389.0,117519.0,"{""numberLong"":""783212400""}"
1994-10-28,658215.9,332274.0,325941.9,208426.0,12565.0,184611.0,181297.0,116839.0,"{""numberLong"":""783298800""}"
1994-10-31,661086.9,335615.0,325471.9,207830.0,12591.0,182891.0,188691.0,120997.0,"{""numberLong"":""783558000""}"
1994-11-01,648368.7,328922.0,319446.7,205241.0,12590.0,181374.0,182218.0,118146.0,"{""numberLong"":""783644400""}"
1994-11-02,659344.9,331532.0,327812.9,210645.0,12590.0,187319.0,183100.0,117179.0,"{""numberLong"":""783730800""}"
1994-11-03,658060.4,334166.0,323894.4,206187.0,12590.0,183789.0,179455.0,116499.0,"{""numberLong"":""783817200""}"
1994-11-04,659625.6,332511.0,327114.6,212502.0,12559.0,188846.0,183231.0,118348.0,"{""numberLong"":""783903600""}"
1994-11-07,657871.2,332254.0,325617.2,212351.0,12128.0,187994.0,183175.0,118894.0,"{""numberLong"":""784162800""}"
1994-11-08,661398.0,334566.0,326832.0,211801.0,11780.0,187169.0,181860.0,116722.0,"{""numberLong"":""784249200""}"
1994-11-09,658315.9,334152.0,324163.9,208465.0,11965.0,182474.0,178191.0,115115.0,"{""numberLong"":""784335600""}"
1994-11-10,657628.8,335146.0,322482.8,209160.0,12465.0,183528.0,177701.0,115210.0,"{""numberLong"":""784422000""}"
1994-11-11,662936.4,333808.0,329128.4,214803.0,12345.0,183820.0,184065.0,117961.0,"{""numberLong"":""784508400""}"
1994-11-14,659730.9,330712.0,329018.9,214859.0,12401.0,181577.0,185362.0,123543.0,"{""numberLong"":""784767600""}"
1994-11-15,654633.0,324770.0,329863.0,218628.0,12400.0,185659.0,187586.0,126623.0,"{""numberLong"":""784854000""}"
1994-11-16,656347.0,325882.0,330465.0,219210.0,12368.0,186691.0,189107.0,124535.0,"{""numberLong"":""784940400""}"
1994-11-17,654390.7,328976.0,325414.7,217282.0,12150.0,184825.0,188176.0,122304.0,"{""numberLong"":""785026800""}"
1994-11-18,654083.1,332768.0,321315.1,211540.0,12438.0,182088.0,185507.0,122983.0,"{""numberLong"":""785113200""}"
1994-11-21,657965.3,339086.0,318879.3,210455.0,12045.0,187636.0,185611.0,124424.0,"{""numberLong"":""785372400""}"
1994-11-22,658163.3,342107.0,316056.3,207752.0,12473.0,186579.0,181935.0,119168.0,"{""numberLong"":""785458800""}"
1994-11-23,679051.3,346919.0,332132.3,221461.0,12474.0,202325.0,188707.0,117551.0,"{""numberLong"":""785545200""}"
1994-11-24,682818.0,349238.0,333580.0,222071.0,12477.0,203304.0,180731.0,115291.0,"{""numberLong"":""785631600""}"
1994-11-25,681676.9,350342.0,331334.9,222344.0,12468.0,203925.0,178801.0,115934.0,"{""numberLong"":""785718000""}"
1994-11-28,683564.5,351895.0,331669.5,223453.0,12172.0,204841.0,184590.0,114594.0,"{""numberLong"":""785977200""}"
1994-11-29,683809.8,355585.0,328224.8,221166.0,12052.0,205743.0,180586.0,112134.0,"{""numberLong"":""786063600""}"
1994-11-30,679376.3,355314.0,324062.3,217111.0,12170.0,204476.0,177655.0,113752.0,"{""numberLong"":""786150000""}"
1994-12-01,668413.9,356134.0,312279.9,206033.0,12176.0,195008.0,174495.0,112987.0,"{""numberLong"":""786236400""}"
1994-12-02,669700.7,357993.0,311707.7,204783.0,12459.0,195531.0,176434.0,114115.0,"{""numberLong"":""786322800""}"
1994-12-05,669262.0,358253.0,311009.0,205158.0,12467.0,195378.0,181801.0,114670.0,"{""numberLong"":""786582000""}"
1994-12-06,674925.2,363721.0,311204.2,205231.0,12047.0,198439.0,184659.0,113192.0,"{""numberLong"":""786668400""}"
1994-12-07,661703.6,367619.0,294084.6,186983.0,12064.0,185765.0,174899.0,112034.0,"{""numberLong"":""786754800""}"
1994-12-08,665489.0,368867.0,296622.0,189514.0,11991.0,189045.0,175071.0,110996.0,"{""numberLong"":""786841200""}"
1994-12-09,667987.3,370167.0,297820.3,191228.0,12444.0,192110.0,178454.0,111690.0,"{""numberLong"":""786927600""}"
1994-12-12,666902.9,371404.0,295498.9,189398.0,12066.0,190581.0,179590.0,112426.0,"{""numberLong"":""787186800""}"
1994-12-13,676261.9,374075.0,302186.9,195234.0,11964.0,194003.0,182319.0,112894.0,"{""numberLong"":""787273200""}"
1994-12-14,684799.9,378625.0,306174.9,196675.0,12465.0,196025.0,185062.0,117537.0,"{""numberLong"":""787359600""}"
1994-12-15,688093.5,376698.0,311395.5,200849.0,12333.0,197327.0,191516.0,122313.0,"{""numberLong"":""787446000""}"
1994-12-16,692384.1,378350.0,314034.1,202407.0,12354.0,197668.0,194673.0,123227.0,"{""numberLong"":""787532400""}"
1994-12-19,697501.2,373572.0,323929.2,212277.0,11858.0,200816.0,187949.0,121961.0,"{""numberLong"":""787791600""}"
1994-12-20,694717.3,372431.0,322286.3,211362.0,11946.0,200738.0,185360.0,117854.0,"{""numberLong"":""787878000""}"
1994-12-21,689612.4,366468.0,323144.4,216346.0,12319.0,196387.0,181984.0,116701.0,"{""numberLong"":""787964400""}"
1994-12-22,690250.2,365415.0,324835.2,218000.0,11896.0,196203.0,184032.0,115559.0,"{""numberLong"":""788050800""}"
1994-12-23,688870.3,366270.0,322600.3,216682.0,12308.0,195217.0,182545.0,116184.0,"{""numberLong"":""788137200""}"
1994-12-26,687861.3,366813.0,321048.3,214795.0,11867.0,192632.0,183853.0,117637.0,"{""numberLong"":""788396400""}"
1994-12-27,687095.8,365494.0,321601.8,214993.0,12038.0,190085.0,179773.0,115480.0,"{""numberLong"":""788482800""}"
1994-12-28,686891.4,366833.0,320058.4,213192.0,12039.0,191593.0,180406.0,115047.0,"{""numberLong"":""788569200""}"
1994-12-29,693118.8,367957.0,325161.8,217767.0,11957.0,194193.0,184542.0,116224.0,"{""numberLong"":""788655600""}"
1994-12-30,693004.0,368701.0,324303.0,214161.0,12327.0,193140.0,185738.0,120212.0,"{""numberLong"":""788742000""}"
1995-01-02,711087.3,369463.0,341624.3,229298.0,12320.0,206096.0,190973.0,118078.0,"{""numberLong"":""789001200""}"
1995-01-03,712185.4,371869.0,340316.4,225736.0,12345.0,193846.0,180471.0,114005.0,"{""numberLong"":""789087600""}"
1995-01-04,728861.6,377291.0,351570.6,236375.0,11845.0,202474.0,175441.0,111975.0,"{""numberLong"":""789174000""}"
1995-01-05,733831.2,378807.0,355024.2,239488.0,12343.0,207155.0,178473.0,112130.0,"{""numberLong"":""789260400""}"
1995-01-06,729244.1,376651.0,352593.1,237470.0,12327.0,206980.0,181372.0,112664.0,"{""numberLong"":""789346800""}"
1995-01-09,723297.0,377400.0,345897.0,231351.0,11644.0,202161.0,177890.0,112679.0,"{""numberLong"":""789606000""}"
1995-01-10,728073.3,383004.0,345069.3,231688.0,12035.0,204978.0,179359.0,111499.0,"{""numberLong"":""789692400""}"
1995-01-11,752634.8,389878.0,362756.8,243958.0,12239.0,223233.0,178933.0,111136.0,"{""numberLong"":""789778800""}"
1995-01-12,771464.5,400858.0,370606.5,252521.0,11948.0,236207.0,182668.0,112722.0,"{""numberLong"":""789865200""}"
1995-01-13,758833.6,406180.0,352653.6,233743.0,12280.0,221266.0,191528.0,122485.0,"{""numberLong"":""789951600""}"
1995-01-16,763724.1,408357.0,355367.1,236543.0,11771.0,222949.0,205058.0,131647.0,"{""numberLong"":""790210800""}"
1995-01-17,768728.4,412313.0,356415.4,237604.0,12339.0,227391.0,202624.0,130327.0,"{""numberLong"":""790297200""}"
1995-01-18,798484.2,461778.0,336706.2,216253.0,12339.0,209798.0,199770.0,127099.0,"{""numberLong"":""790383600""}"
1995-01-19,802177.9,464794.0,337383.9,215996.0,12339.0,210625.0,194580.0,124317.0,"{""numberLong"":""790470000""}"
1995-01-20,800662.8,466719.0,333943.8,212005.0,12312.0,207540.0,191162.0,124552.0,"{""numberLong"":""790556400""}"
1995-01-23,805691.3,470476.0,335215.3,208768.0,12338.0,203808.0,189073.0,122569.0,"{""numberLong"":""790815600""}"
1995-01-24,806462.0,474581.0,331881.0,204611.0,11896.0,195881.0,184677.0,118985.0,"{""numberLong"":""790902000""}"
1995-01-25,829508.4,474327.0,355181.4,226905.0,11547.0,219126.0,184668.0,118293.0,"{""numberLong"":""790988400""}"
1995-01-26,797939.5,476516.0,321423.5,250520.0,11837.0,186594.0,178474.0,115662.0,"{""numberLong"":""791074800""}"
1995-01-27,791148.5,472934.0,318214.5,250864.0,12306.0,187603.0,182405.0,114566.0,"{""numberLong"":""791161200""}"
1995-01-30,797038.8,476841.0,320197.8,252540.0,12335.0,190254.0,182157.0,115156.0,"{""numberLong"":""791420400""}"
1995-01-31,792180.4,478109.0,314071.4,251431.0,12335.0,186898.0,186219.0,119992.0,"{""numberLong"":""791506800""}"
1995-02-01,800409.0,478805.0,321604.0,258379.0,12335.0,197443.0,190810.0,122152.0,"{""numberLong"":""791593200""}"
1995-02-02,800335.0,481317.0,319018.0,258239.0,12334.0,198710.0,193587.0,125474.0,"{""numberLong"":""791679600""}"
1995-02-03,805770.5,483182.0,322588.5,260431.0,12296.0,201142.0,195108.0,127231.0,"{""numberLong"":""791766000""}"
1995-02-06,810385.9,482987.0,327398.9,265137.0,12011.0,205573.0,198216.0,128036.0,"{""numberLong"":""792025200""}"
1995-02-07,809799.3,483720.0,326079.3,265121.0,12333.0,205723.0,194003.0,125655.0,"{""numberLong"":""792111600""}"
1995-02-08,809991.4,484921.0,325070.4,264443.0,12333.0,206412.0,188860.0,123976.0,"{""numberLong"":""792198000""}"
1995-02-09,806032.5,487686.0,318346.5,257833.0,12020.0,202130.0,190908.0,123403.0,"{""numberLong"":""792284400""}"
1995-02-10,813906.7,494250.0,319656.7,258518.0,12190.0,210444.0,196514.0,125636.0,"{""numberLong"":""792370800""}"
1995-02-13,824284.8,496908.0,327376.8,265741.0,12032.0,216231.0,205979.0,128642.0,"{""numberLong"":""792630000""}"
1995-02-14,833716.6,501986.0,331730.6,267410.0,12332.0,220282.0,201413.0,134096.0,"{""numberLong"":""792716400""}"
1995-02-15,819737.6,510474.0,309263.6,245100.0,12332.0,208854.0,205840.0,139813.0,"{""numberLong"":""792802800""}"
1995-02-16,842409.9,520326.0,322083.9,255695.0,11927.0,222562.0,209037.0,139366.0,"{""numberLong"":""792889200""}"
1995-02-17,857933.7,523972.0,333961.7,260198.0,12265.0,233940.0,215169.0,140242.0,"{""numberLong"":""792975600""}"
1995-02-20,885456.6,525943.0,359513.6,333524.0,11729.0,256417.0,231329.0,143461.0,"{""numberLong"":""793234800""}"
1995-02-21,890704.7,528679.0,362025.7,333887.0,12319.0,256790.0,215395.0,140661.0,"{""numberLong"":""793321200""}"
1995-02-22,877837.9,528034.0,349803.9,322241.0,11919.0,245338.0,210394.0,139400.0,"{""numberLong"":""793407600""}"
1995-02-23,866164.3,529784.0,336380.3,328897.0,11901.0,233302.0,210591.0,140110.0,"{""numberLong"":""793494000""}"
1995-02-24,866201.6,536320.0,329881.6,320679.0,12320.0,233418.0,212881.0,140812.0,"{""numberLong"":""793580400""}"
1995-02-27,876396.7,543560.0,332836.7,323120.0,11843.0,238424.0,218096.0,142616.0,"{""numberLong"":""793839600""}"
1995-02-28,881492.8,551905.0,329587.8,316780.0,12319.0,239064.0,220244.0,146324.0,"{""numberLong"":""793926000""}"
1995-03-01,881227.0,556510.0,324717.0,313072.0,11917.0,242975.0,225396.0,152904.0,"{""numberLong"":""794012400""}"
1995-03-02,895356.2,559827.0,335529.2,324579.0,11795.0,257780.0,224803.0,154083.0,"{""numberLong"":""794098800""}"
1995-03-03,,,,,,,,,"{""numberLong"":""794185200""}"
1995-03-06,891930.2,562768.0,329162.2,317780.0,11821.0,250250.0,226664.0,150307.0,"{""numberLong"":""794444400""}"
1995-03-07,918237.9,575868.0,342369.9,316064.0,11911.0,249074.0,224502.0,143181.0,"{""numberLong"":""794530800""}"
1995-03-08,920061.2,576018.0,344043.2,315307.0,12028.0,247597.0,220808.0,140292.0,"{""numberLong"":""794617200""}"
1995-03-09,927100.5,576718.0,350382.5,315301.0,11964.0,249065.0,214882.0,137956.0,"{""numberLong"":""794703600""}"
1995-03-10,921415.9,574418.0,346997.9,313993.0,12309.0,247136.0,215971.0,137986.0,"{""numberLong"":""794790000""}"
1995-03-13,932650.2,574519.0,358131.2,329506.0,11706.0,259871.0,224540.0,139794.0,"{""numberLong"":""795049200""}"
1995-03-14,939320.4,576716.0,362604.4,331130.0,12217.0,261827.0,225078.0,144432.0,"{""numberLong"":""795135600""}"
1995-03-15,947296.2,573228.0,374068.2,344389.0,12317.0,265400.0,228906.0,150533.0,"{""numberLong"":""795222000""}"
1995-03-16,930631.9,567975.0,362656.9,332390.0,11894.0,250383.0,225839.0,149327.0,"{""numberLong"":""795308400""}"
1995-03-17,932591.5,560742.0,371849.5,334971.0,12286.0,254578.0,228423.0,148786.0,"{""numberLong"":""795394800""}"
1995-03-20,926652.8,558063.0,368589.8,333753.0,11728.0,252999.0,226455.0,147790.0,"{""numberLong"":""795654000""}"
1995-03-21,929865.3,561394.0,368471.3,335917.0,12317.0,257258.0,228647.0,143383.0,"{""numberLong"":""795740400""}"
1995-03-22,926997.8,563480.0,363517.8,329133.0,12317.0,251685.0,221147.0,140986.0,"{""numberLong"":""795826800""}"
1995-03-23,919946.1,562504.0,357442.1,327446.0,11817.0,249183.0,218326.0,139756.0,"{""numberLong"":""795913200""}"
1995-03-24,925046.4,565646.0,359400.4,325075.0,12259.0,250617.0,219396.0,140640.0,"{""numberLong"":""795999600""}"
1995-03-27,920488.0,566493.0,353995.0,321481.0,12315.0,248472.0,221246.0,140242.0,"{""numberLong"":""796255200""}"
1995-03-28,926446.9,569173.0,357273.9,326497.0,12314.0,254389.0,222220.0,136655.0,"{""numberLong"":""796341600""}"
1995-03-29,930215.6,573678.0,356537.6,320877.0,11907.0,252796.0,217167.0,135320.0,"{""numberLong"":""796428000""}"
1995-03-30,944299.0,577706.0,366593.0,327116.0,11602.0,257730.0,216096.0,135765.0,"{""numberLong"":""796514400""}"
1995-03-31,925663.7,579930.0,345733.7,310765.0,12314.0,246748.0,218999.0,139186.0,"{""numberLong"":""796600800""}"
1995-04-03,934103.1,585139.0,348964.1,310566.0,11930.0,253996.0,221561.0,141034.0,"{""numberLong"":""796860000""}"
1995-04-04,936986.7,588194.0,348792.7,309291.0,12313.0,253733.0,219533.0,139918.0,"{""numberLong"":""796946400""}"
1995-04-05,953298.8,591545.0,361753.8,322260.0,12313.0,270873.0,229471.0,142904.0,"{""numberLong"":""797032800""}"
1995-04-06,964490.3,597566.0,366924.3,325404.0,11746.0,275862.0,233266.0,141004.0,"{""numberLong"":""797119200""}"
1995-04-07,964301.3,598024.0,366277.3,325977.0,12286.0,278641.0,230603.0,141502.0,"{""numberLong"":""797205600""}"
1995-04-10,970226.0,596912.0,373314.0,333156.0,12310.0,285748.0,231858.0,142512.0,"{""numberLong"":""797464800""}"
1995-04-11,964192.4,593899.0,370293.4,334621.0,12311.0,282483.0,224095.0,139696.0,"{""numberLong"":""797551200""}"
1995-04-12,960737.7,593666.0,367071.7,333328.0,11855.0,278799.0,221489.0,139025.0,"{""numberLong"":""797637600""}"
1995-04-13,976464.9,594606.0,381858.9,346405.0,11511.0,289187.0,230758.0,143591.0,"{""numberLong"":""797724000""}"
1995-04-14,998268.0,596151.0,402117.0,357740.0,12276.0,306976.0,243313.0,159991.0,"{""numberLong"":""797810400""}"
1995-04-17,1004430.2,598697.0,405733.2,361278.0,11783.0,310541.0,250367.0,165050.0,"{""numberLong"":""798069600""}"
1995-04-18,969894.1,599820.0,370074.1,323371.0,12312.0,276491.0,243760.0,160514.0,"{""numberLong"":""798156000""}"
1995-04-19,1020139.3,600848.0,419291.3,369616.0,12312.0,322008.0,253549.0,158792.0,"{""numberLong"":""798242400""}"
1995-04-20,1015493.9,603490.0,412003.9,361766.0,12312.0,312206.0,241541.0,156034.0,"{""numberLong"":""798328800""}"
1995-04-21,1008046.3,590988.0,417058.3,366460.0,12271.0,308268.0,242954.0,155883.0,"{""numberLong"":""798415200""}"
1995-04-24,1006968.3,592103.0,414865.3,367171.0,12311.0,308310.0,242801.0,156711.0,"{""numberLong"":""798674400""}"
1995-04-25,1015050.8,594874.0,420176.8,369937.0,12310.0,313974.0,246646.0,155557.0,"{""numberLong"":""798760800""}"
1995-04-26,1020909.9,602127.0,418782.9,368117.0,11987.0,312259.0,241640.0,154203.0,"{""numberLong"":""798847200""}"
1995-04-27,1013870.9,602706.0,411164.9,362425.0,11997.0,309203.0,238733.0,154470.0,"{""numberLong"":""798933600""}"
1995-04-28,1031436.0,630806.0,400630.0,350422.0,12278.0,310489.0,249050.0,159827.0,"{""numberLong"":""799020000""}"
1995-05-01,1027054.1,631643.0,395411.1,346215.0,12310.0,313683.0,255659.0,165322.0,"{""numberLong"":""799279200""}"
1995-05-02,1023786.5,634826.0,388960.5,341886.0,11687.0,312754.0,252900.0,163907.0,"{""numberLong"":""799365600""}"
1995-05-03,1046557.1,636723.0,409834.1,360766.0,11802.0,331516.0,256166.0,167857.0,"{""numberLong"":""799452000""}"
1995-05-04,1064107.2,643781.0,420326.2,371665.0,11782.0,346978.0,265336.0,175319.0,"{""numberLong"":""799538400""}"
1995-05-05,1085355.5,651664.0,433691.5,381519.0,12306.0,366728.0,300275.0,202602.0,"{""numberLong"":""799624800""}"
1995-05-08,1095536.7,653089.0,442447.7,390559.0,11717.0,370216.0,301422.0,213457.0,"{""numberLong"":""799884000""}"
1995-05-09,1080979.3,637814.0,443165.3,390255.0,12234.0,370319.0,301228.0,208424.0,"{""numberLong"":""799970400""}"
1995-05-10,,,,,,,,,"{""numberLong"":""800056800""}"
1995-05-11,,,,,,,,,"{""numberLong"":""800143200""}"
1995-05-12,1080979.3,637814.0,443165.3,390255.0,12234.0,370319.0,301228.0,208424.0,"{""numberLong"":""800229600""}"
1995-05-15,1090651.3,630438.0,460213.3,407037.0,12235.0,385712.0,294679.0,202081.0,"{""numberLong"":""800488800""}"
1995-05-16,1084051.3,638601.0,445450.3,405802.0,12307.0,384412.0,279457.0,187474.0,"{""numberLong"":""800575200""}"
1995-05-17,1081222.1,639001.0,442221.1,403067.0,11832.0,380982.0,270289.0,181824.0,"{""numberLong"":""800661600""}"
1995-05-18,1093082.4,641810.0,451272.4,397048.0,12303.0,386072.0,268939.0,180185.0,"{""numberLong"":""800748000""}"
1995-05-19,,,,,,,,,"{""numberLong"":""800834400""}"
1995-05-22,1088385.3,641306.0,447079.3,395460.0,11907.0,383987.0,277209.0,181953.0,"{""numberLong"":""801093600""}"
1995-05-23,1092510.7,647705.0,444805.7,393719.0,11804.0,372475.0,266090.0,173534.0,"{""numberLong"":""801180000""}"
1995-05-24,1078404.5,634961.0,443443.5,390816.0,11712.0,371652.0,267016.0,170590.0,"{""numberLong"":""801266400""}"
1995-05-25,1084033.0,633409.0,450624.0,398819.0,11711.0,378534.0,262392.0,170073.0,"{""numberLong"":""801352800""}"
1995-05-26,1086974.7,633189.0,453785.7,398493.0,12292.0,381240.0,262281.0,170032.0,"{""numberLong"":""801439200""}"
1995-05-29,1089201.1,632228.0,456973.1,393913.0,12206.0,373121.0,261105.0,169910.0,"{""numberLong"":""801698400""}"
1995-05-30,1073109.5,636733.0,436376.5,374143.0,11952.0,361154.0,259118.0,166160.0,"{""numberLong"":""801784800""}"
1995-05-31,1068014.6,635657.0,432357.6,370468.0,12306.0,360313.0,261878.0,168905.0,"{""numberLong"":""801871200""}"
1995-06-01,1074093.2,639543.0,434550.2,372588.0,11724.0,368253.0,263802.0,168891.0,"{""numberLong"":""801957600""}"
1995-06-02,1068159.2,641275.0,426884.2,370655.0,12267.0,373865.0,262993.0,171161.0,"{""numberLong"":""802044000""}"
1995-06-05,1071623.6,642169.0,429454.6,369479.0,11879.0,373608.0,265389.0,173114.0,"{""numberLong"":""802303200""}"
1995-06-06,1075874.4,650287.0,425587.4,365228.0,12303.0,376899.0,263919.0,170802.0,"{""numberLong"":""802389600""}"
1995-06-07,1078029.6,652352.0,425677.6,365950.0,12303.0,380889.0,262991.0,169797.0,"{""numberLong"":""802476000""}"
1995-06-08,1080497.6,655870.0,424627.6,366547.0,11715.0,380172.0,265831.0,169406.0,"{""numberLong"":""802562400""}"
1995-06-09,1083411.6,663215.0,420196.6,362367.0,12274.0,378039.0,264798.0,171531.0,"{""numberLong"":""802648800""}"
1995-06-12,1099490.9,669581.0,429909.9,370088.0,11804.0,390238.0,273776.0,173362.0,"{""numberLong"":""802908000""}"
1995-06-13,1104840.3,671133.0,433707.3,373553.0,12303.0,393899.0,271199.0,174576.0,"{""numberLong"":""802994400""}"
1995-06-14,1110941.6,673597.0,437344.6,375913.0,12302.0,399454.0,274737.0,182953.0,"{""numberLong"":""803080800""}"
1995-06-15,1110646.6,671628.0,439018.6,378462.0,12298.0,404245.0,285906.0,190810.0,"{""numberLong"":""803167200""}"
1995-06-16,1109366.2,672752.0,436614.2,376919.0,12243.0,404203.0,290897.0,193196.0,"{""numberLong"":""803253600""}"
1995-06-19,1118026.3,678768.0,439258.3,378676.0,11891.0,409693.0,294550.0,191163.0,"{""numberLong"":""803512800""}"
1995-06-20,1117103.9,682907.0,434196.9,372327.0,11584.0,406926.0,279863.0,186940.0,"{""numberLong"":""803599200""}"
1995-06-21,1119638.0,683944.0,435694.0,372858.0,11913.0,408057.0,276904.0,184690.0,"{""numberLong"":""803685600""}"
1995-06-22,1121928.0,686699.0,435229.0,371926.0,12296.0,407597.0,275875.0,183250.0,"{""numberLong"":""803772000""}"
1995-06-23,1125176.5,691535.0,433641.5,368823.0,12293.0,405514.0,278411.0,184955.0,"{""numberLong"":""803858400""}"
1995-06-26,1129725.0,696864.0,432861.0,370004.0,11728.0,407074.0,279635.0,185296.0,"{""numberLong"":""804117600""}"
1995-06-27,1137399.5,702191.0,435208.5,370576.0,12295.0,409544.0,280501.0,180507.0,"{""numberLong"":""804204000""}"
1995-06-28,1130097.4,704973.0,425124.4,361090.0,12294.0,396856.0,275076.0,178117.0,"{""numberLong"":""804290400""}"
1995-06-29,1135257.4,701808.0,433449.4,370393.0,11853.0,396972.0,273246.0,177830.0,"{""numberLong"":""804376800""}"
1995-06-30,1129832.0,701515.0,428317.0,367306.0,12258.0,401724.0,286423.0,185084.0,"{""numberLong"":""804463200""}"
1995-07-03,1136973.0,709098.0,427875.0,365429.0,11500.0,405006.0,284638.0,186017.0,"{""numberLong"":""804722400""}"
1995-07-04,1136405.5,710897.0,425508.5,362122.0,12263.0,402652.0,280991.0,184084.0,"{""numberLong"":""804808800""}"
1995-07-05,1133440.8,711688.0,421752.8,361856.0,12290.0,398942.0,285947.0,183922.0,"{""numberLong"":""804895200""}"
1995-07-06,1135282.7,712652.0,422630.7,363755.0,11790.0,396907.0,280644.0,184008.0,"{""numberLong"":""804981600""}"
1995-07-07,1133965.0,710662.0,423303.0,363539.0,12283.0,397459.0,283526.0,186429.0,"{""numberLong"":""805068000""}"
1995-07-10,1141895.9,711572.0,430323.9,371223.0,12284.0,405540.0,292063.0,187785.0,"{""numberLong"":""805327200""}"
1995-07-11,1139984.2,706786.0,433198.2,375883.0,12289.0,403716.0,287503.0,184433.0,"{""numberLong"":""805413600""}"
1995-07-12,1144820.7,702083.0,442737.7,385786.0,11966.0,408128.0,282881.0,182877.0,"{""numberLong"":""805500000""}"
1995-07-13,1149895.2,703528.0,446367.2,390596.0,11966.0,409087.0,291472.0,186068.0,"{""numberLong"":""805586400""}"
1995-07-14,1128299.2,703859.0,424440.2,370591.0,12250.0,389471.0,300269.0,202510.0,"{""numberLong"":""805672800""}"
1995-07-17,1138499.1,710135.0,428364.1,371482.0,12289.0,394769.0,306011.0,206659.0,"{""numberLong"":""805932000""}"
1995-07-18,1138388.4,710012.0,428376.4,371441.0,12289.0,396736.0,304895.0,202432.0,"{""numberLong"":""806018400""}"
1995-07-19,1136333.3,711912.0,424421.3,368479.0,11787.0,393001.0,301969.0,198779.0,"{""numberLong"":""806104800""}"
1995-07-20,1137438.3,712734.0,424704.3,367169.0,11789.0,394965.0,306961.0,198193.0,"{""numberLong"":""806191200""}"
1995-07-21,1160273.0,718858.0,441415.0,381577.0,12209.0,413256.0,303379.0,199701.0,"{""numberLong"":""806277600""}"
1995-07-24,1148155.8,722812.0,425343.8,366985.0,11767.0,401002.0,300146.0,200156.0,"{""numberLong"":""806536800""}"
1995-07-25,1147652.4,726399.0,421253.4,362027.0,12287.0,399672.0,303150.0,197327.0,"{""numberLong"":""806623200""}"
1995-07-26,1147552.3,729752.0,417800.3,359099.0,12287.0,396377.0,294749.0,194434.0,"{""numberLong"":""806709600""}"
1995-07-27,1190549.7,767336.0,423213.7,365421.0,11694.0,401311.0,291890.0,193037.0,"{""numberLong"":""806796000""}"
1995-07-28,1198173.9,770268.0,427905.9,368052.0,12283.0,401287.0,298793.0,195494.0,"{""numberLong"":""806882400""}"
1995-07-31,1200549.6,774222.0,426327.6,366226.0,12206.0,405373.0,306585.0,200445.0,"{""numberLong"":""807141600""}"
1995-08-01,1203547.4,779367.0,424180.4,362521.0,12286.0,409088.0,306626.0,197713.0,"{""numberLong"":""807228000""}"
1995-08-02,1204485.6,783115.0,421370.6,360902.0,12286.0,409404.0,303222.0,195797.0,"{""numberLong"":""807314400""}"
1995-08-03,1203743.2,786698.0,417045.2,358111.0,11690.0,407963.0,297254.0,194801.0,"{""numberLong"":""807400800""}"
1995-08-04,1213256.8,792367.0,420889.8,363881.0,12232.0,418111.0,304080.0,199197.0,"{""numberLong"":""807487200""}"
1995-08-07,1210419.5,792331.0,418088.5,361301.0,11810.0,416319.0,302805.0,200455.0,"{""numberLong"":""807746400""}"
1995-08-08,1212224.3,794889.0,417335.3,361125.0,11690.0,417430.0,300049.0,196890.0,"{""numberLong"":""807832800""}"
1995-08-09,1205706.5,791991.0,413715.5,359449.0,11784.0,411836.0,309871.0,195072.0,"{""numberLong"":""807919200""}"
1995-08-10,1210053.2,796641.0,413412.2,358463.0,11885.0,412479.0,301805.0,196595.0,"{""numberLong"":""808005600""}"
1995-08-11,1213080.5,798446.0,414634.5,358738.0,12264.0,411635.0,312374.0,202235.0,"{""numberLong"":""808092000""}"
1995-08-14,1206281.4,798416.0,407865.4,357171.0,12285.0,400536.0,316240.0,212539.0,"{""numberLong"":""808351200""}"
1995-08-15,1197926.7,790366.0,407560.7,358065.0,12284.0,400531.0,318871.0,215903.0,"{""numberLong"":""808437600""}"
1995-08-16,1192123.1,791111.0,401012.1,352774.0,12284.0,395826.0,321496.0,213992.0,"{""numberLong"":""808524000""}"
1995-08-17,1176447.4,792237.0,384210.4,341868.0,11830.0,382461.0,317328.0,209981.0,"{""numberLong"":""808610400""}"
1995-08-18,1205631.0,802042.0,403589.0,362991.0,12254.0,399283.0,321529.0,212006.0,"{""numberLong"":""808696800""}"
1995-08-21,1227137.6,823567.0,403570.6,363634.0,11686.0,400584.0,321740.0,212468.0,"{""numberLong"":""808956000""}"
1995-08-22,1220759.8,826563.0,394196.8,352496.0,12270.0,395136.0,316271.0,206101.0,"{""numberLong"":""809042400""}"
1995-08-23,1212435.7,827504.0,384931.7,344780.0,12272.0,386542.0,307474.0,203098.0,"{""numberLong"":""809128800""}"
1995-08-24,1215758.2,832864.0,382894.2,342573.0,11849.0,385261.0,308780.0,201863.0,"{""numberLong"":""809215200""}"
1995-08-25,1220375.2,838768.0,381607.2,342518.0,12243.0,392839.0,313278.0,203886.0,"{""numberLong"":""809301600""}"
1995-08-28,1230451.0,844095.0,386356.0,344877.0,11684.0,394633.0,310872.0,203665.0,"{""numberLong"":""809560800""}"
1995-08-29,1240881.2,849898.0,390983.2,347583.0,11772.0,400273.0,313125.0,201436.0,"{""numberLong"":""809647200""}"
1995-08-30,,,,,,,,,"{""numberLong"":""809733600""}"
1995-08-31,1235496.4,857050.0,378446.4,333890.0,12272.0,394548.0,313884.0,206539.0,"{""numberLong"":""809820000""}"
1995-09-01,1248884.6,861226.0,387658.6,342683.0,11854.0,408738.0,317882.0,207836.0,"{""numberLong"":""809906400""}"
1995-09-04,1248560.1,861797.0,386763.1,341513.0,12271.0,408186.0,321284.0,209755.0,"{""numberLong"":""810165600""}"
1995-09-05,1254491.9,868402.0,386089.9,339509.0,12271.0,411836.0,318586.0,207954.0,"{""numberLong"":""810252000""}"
1995-09-06,1251841.1,865981.0,385860.1,338817.0,11572.0,411248.0,319292.0,205924.0,"{""numberLong"":""810338400""}"
1995-09-07,1236403.1,851428.0,384975.1,337820.0,11863.0,411702.0,319934.0,204529.0,"{""numberLong"":""810424800""}"
1995-09-08,1238916.8,851308.0,387608.8,334257.0,12213.0,412825.0,318641.0,206516.0,"{""numberLong"":""810511200""}"
1995-09-11,1232184.3,844421.0,387763.3,335679.0,12269.0,419797.0,316598.0,206832.0,"{""numberLong"":""810770400""}"
1995-09-12,1236457.4,844032.0,392425.4,338626.0,12270.0,426998.0,314755.0,202123.0,"{""numberLong"":""810856800""}"
1995-09-13,1125176.5,691535.0,433641.5,368823.0,12293.0,405514.0,278411.0,184955.0,"{""numberLong"":""810943200""}"
1995-09-14,1249243.0,853685.0,395558.0,343908.0,12270.0,435891.0,322916.0,211267.0,"{""numberLong"":""811029600""}"
1995-09-15,1238284.9,841003.0,397281.9,345895.0,12257.0,434967.0,336054.0,222509.0,"{""numberLong"":""811116000""}"
1995-09-18,1239604.5,843632.0,395972.5,344129.0,11829.0,440704.0,333049.0,221185.0,"{""numberLong"":""811375200""}"
1995-09-19,1251361.9,847478.0,403883.9,352138.0,12270.0,453938.0,326711.0,214460.0,"{""numberLong"":""811461600""}"
1995-09-20,1258241.8,855077.0,403164.8,350649.0,12269.0,461595.0,327370.0,212304.0,"{""numberLong"":""811548000""}"
1995-09-21,1265315.1,855481.0,409834.1,357468.0,11479.0,479119.0,319383.0,210344.0,"{""numberLong"":""811634400""}"
1995-09-22,1263877.2,872746.0,391131.2,334599.0,12203.0,465744.0,323163.0,212199.0,"{""numberLong"":""811720800""}"
1995-09-25,1267722.2,879142.0,388580.2,328116.0,11769.0,464959.0,328068.0,213773.0,"{""numberLong"":""811983600""}"
1995-09-26,1290515.4,898301.0,392214.4,331063.0,12269.0,473833.0,320088.0,208733.0,"{""numberLong"":""812070000""}"
1995-09-27,1286921.9,901930.0,384991.9,326851.0,12269.0,464029.0,318100.0,205414.0,"{""numberLong"":""812156400""}"
1995-09-28,1274836.0,909910.0,364926.0,308023.0,12268.0,444631.0,315591.0,204306.0,"{""numberLong"":""812242800""}"
1995-09-29,1280201.1,915131.0,365070.1,308251.0,12256.0,447437.0,323109.0,210228.0,"{""numberLong"":""812329200""}"
1995-10-02,1286168.0,924402.0,361766.0,305878.0,11944.0,451853.0,334783.0,214640.0,"{""numberLong"":""812588400""}"
1995-10-03,1283530.1,925595.0,357935.1,303870.0,11954.0,452496.0,326747.0,209214.0,"{""numberLong"":""812674800""}"
1995-10-04,1285666.0,927119.0,358547.0,304537.0,12267.0,452685.0,322399.0,207260.0,"{""numberLong"":""812761200""}"
1995-10-05,1303905.0,945852.0,358053.0,304642.0,12267.0,453044.0,320867.0,207981.0,"{""numberLong"":""812847600""}"
1995-10-06,1307705.7,948355.0,359350.7,305838.0,12227.0,453733.0,327176.0,212886.0,"{""numberLong"":""812934000""}"
1995-10-09,1321774.0,954988.0,366786.0,312541.0,11764.0,453735.0,331048.0,213405.0,"{""numberLong"":""813193200""}"
1995-10-10,1320372.9,953757.0,366615.9,312107.0,11764.0,452868.0,323875.0,209144.0,"{""numberLong"":""813279600""}"
1995-10-11,1327373.1,950014.0,377359.1,324441.0,12265.0,453468.0,322870.0,207045.0,"{""numberLong"":""813366000""}"
1995-10-12,1327479.3,950831.0,376648.3,325258.0,11735.0,456860.0,324617.0,209977.0,"{""numberLong"":""813452400""}"
1995-10-13,1316446.5,939945.0,376501.5,323806.0,12185.0,449718.0,339626.0,224482.0,"{""numberLong"":""813538800""}"
1995-10-16,1309575.6,935034.0,374541.6,322494.0,11772.0,442775.0,340778.0,228521.0,"{""numberLong"":""813798000""}"
1995-10-17,1316898.8,941272.0,375626.8,324972.0,12265.0,443930.0,336011.0,223130.0,"{""numberLong"":""813884400""}"
1995-10-18,1320652.8,944803.0,375849.8,326272.0,12265.0,445947.0,337462.0,219349.0,"{""numberLong"":""813970800""}"
1995-10-19,1323794.9,952645.0,371149.9,321381.0,11865.0,444320.0,332243.0,216370.0,"{""numberLong"":""814057200""}"
1995-10-20,1361054.1,963302.0,397752.1,345220.0,12182.0,477750.0,337894.0,219557.0,"{""numberLong"":""814143600""}"
1995-10-23,1360306.0,964060.0,396246.0,342488.0,11668.0,472258.0,330614.0,217664.0,"{""numberLong"":""814402800""}"
1995-10-24,1360574.7,969963.0,390611.7,334181.0,11690.0,464837.0,325190.0,212353.0,"{""numberLong"":""814489200""}"
1995-10-25,1359672.1,971734.0,387938.1,331365.0,11670.0,459355.0,321551.0,210958.0,"{""numberLong"":""814575600""}"
1995-10-26,1367013.6,973478.0,393535.6,338878.0,11764.0,462020.0,319793.0,208827.0,"{""numberLong"":""814662000""}"
1995-10-27,1372828.2,980364.0,392464.2,336376.0,12230.0,467733.0,319850.0,209673.0,"{""numberLong"":""814748400""}"
1995-10-30,1371674.8,978039.0,393635.8,335852.0,12264.0,463835.0,320421.0,210492.0,"{""numberLong"":""815007600""}"
1995-10-31,1369907.3,984595.0,385312.3,331779.0,12265.0,463643.0,322825.0,210593.0,"{""numberLong"":""815094000""}"
1995-11-01,1371787.0,990332.0,381455.0,328375.0,12264.0,464044.0,324702.0,209964.0,"{""numberLong"":""815180400""}"
1995-11-02,1367446.1,988081.0,379365.1,326512.0,12264.0,462987.0,327580.0,208772.0,"{""numberLong"":""815266800""}"
1995-11-03,1377621.3,987333.0,390288.3,339238.0,12224.0,473329.0,329429.0,211829.0,"{""numberLong"":""815353200""}"
1995-11-06,1389137.4,990686.0,398451.4,348151.0,11810.0,465485.0,326550.0,214241.0,"{""numberLong"":""815612400""}"
1995-11-07,1379321.9,982776.0,396545.9,344178.0,12263.0,464957.0,319167.0,210107.0,"{""numberLong"":""815698800""}"
1995-11-08,1380118.0,985367.0,394751.0,343120.0,11764.0,465724.0,320303.0,207227.0,"{""numberLong"":""815785200""}"
1995-11-09,1380541.4,993726.0,386815.4,335521.0,11682.0,464157.0,320026.0,205052.0,"{""numberLong"":""815871600""}"
1995-11-10,1390439.2,994032.0,396407.2,346118.0,12248.0,471723.0,323819.0,208405.0,"{""numberLong"":""815958000""}"
1995-11-13,1399513.8,998064.0,401449.8,349638.0,11840.0,472808.0,335576.0,213551.0,"{""numberLong"":""816217200""}"
1995-11-14,1403897.0,999840.0,404057.0,351722.0,12234.0,473783.0,334204.0,222397.0,"{""numberLong"":""816303600""}"
1995-11-15,1394871.6,993956.0,400915.6,350720.0,12263.0,470096.0,341149.0,231318.0,"{""numberLong"":""816390000""}"
1995-11-16,1398790.7,993907.0,404883.7,353212.0,11675.0,465246.0,341173.0,228971.0,"{""numberLong"":""816476400""}"
1995-11-17,1389352.3,990329.0,399023.3,349554.0,11852.0,454605.0,344899.0,227734.0,"{""numberLong"":""816562800""}"
1995-11-20,1410057.7,988173.0,421884.7,369802.0,12262.0,472700.0,339189.0,227479.0,"{""numberLong"":""816822000""}"
1995-11-21,1393208.0,970011.0,423197.0,374341.0,11853.0,467771.0,332558.0,219480.0,"{""numberLong"":""816908400""}"
1995-11-22,1369779.4,958015.0,411764.4,362707.0,12262.0,438728.0,331228.0,217916.0,"{""numberLong"":""816994800""}"
1995-11-23,1377270.0,960930.0,416340.0,366542.0,12262.0,440128.0,334162.0,216152.0,"{""numberLong"":""817081200""}"
1995-11-24,1364535.7,950734.0,413801.7,365070.0,12259.0,421180.0,336397.0,217265.0,"{""numberLong"":""817167600""}"
1995-11-27,1361201.0,948015.0,413186.0,367083.0,11565.0,415936.0,328313.0,213952.0,"{""numberLong"":""817426800""}"
1995-11-28,1374369.5,942196.0,432173.5,387469.0,12262.0,423150.0,322629.0,204925.0,"{""numberLong"":""817513200""}"
1995-11-29,1361690.8,935730.0,425960.8,383198.0,12261.0,410973.0,317923.0,202633.0,"{""numberLong"":""817599600""}"
1995-11-30,1358235.5,936876.0,421359.5,380077.0,12261.0,409952.0,326745.0,213552.0,"{""numberLong"":""817686000""}"
1995-12-01,1353594.0,939949.0,413645.0,372741.0,12195.0,404270.0,333128.0,216039.0,"{""numberLong"":""817772400""}"
1995-12-04,1343624.5,933733.0,409891.5,371177.0,11684.0,394578.0,330857.0,214958.0,"{""numberLong"":""818031600""}"
1995-12-05,1345875.7,936420.0,409455.7,368420.0,12259.0,392230.0,329693.0,210218.0,"{""numberLong"":""818118000""}"
1995-12-06,1350600.9,921044.0,429556.9,387704.0,12259.0,404414.0,332018.0,208926.0,"{""numberLong"":""818204400""}"
1995-12-07,1352744.3,920860.0,431884.3,391378.0,11818.0,405571.0,329402.0,206687.0,"{""numberLong"":""818290800""}"
1995-12-08,1356813.6,922924.0,433889.6,393322.0,12245.0,408000.0,326640.0,208159.0,"{""numberLong"":""818377200""}"
1995-12-11,1348528.4,916258.0,432270.4,393653.0,11468.0,402012.0,325115.0,206214.0,"{""numberLong"":""818636400""}"
1995-12-12,1364199.3,920468.0,443731.3,404005.0,12258.0,411748.0,324441.0,201816.0,"{""numberLong"":""818722800""}"
1995-12-13,1366068.3,911542.0,454526.3,415354.0,11758.0,408546.0,329302.0,204916.0,"{""numberLong"":""818809200""}"
1995-12-14,1399194.0,927168.0,472026.0,432564.0,12257.0,433509.0,335992.0,219862.0,"{""numberLong"":""818895600""}"
1995-12-15,1391638.3,923793.0,467845.3,428307.0,12194.0,429519.0,360192.0,235968.0,"{""numberLong"":""818982000""}"
1995-12-18,1384489.7,912712.0,471777.7,430973.0,12253.0,415825.0,350071.0,230649.0,"{""numberLong"":""819241200""}"
1995-12-19,1399142.9,911548.0,487594.9,447060.0,12257.0,422429.0,345461.0,219421.0,"{""numberLong"":""819327600""}"
1995-12-20,1382808.3,902799.0,480009.3,439487.0,11934.0,408420.0,337801.0,220072.0,"{""numberLong"":""819414000""}"
1995-12-21,1360582.4,891497.0,469085.4,430943.0,11944.0,381379.0,339337.0,219121.0,"{""numberLong"":""819500400""}"
1995-12-22,1364188.6,896790.0,467398.6,429158.0,12241.0,377532.0,344500.0,222492.0,"{""numberLong"":""819586800""}"
1995-12-25,1364926.5,899261.0,465665.5,428668.0,11744.0,374846.0,352677.0,220583.0,"{""numberLong"":""819846000""}"
1995-12-26,1387816.2,919099.0,468717.2,430362.0,11755.0,372620.0,333664.0,213597.0,"{""numberLong"":""819932400""}"
1995-12-27,1387153.5,916840.0,470313.5,431561.0,11735.0,351478.0,323658.0,209435.0,"{""numberLong"":""820018800""}"
1995-12-28,1420321.3,947263.0,473058.3,431029.0,12214.0,348134.0,323981.0,208203.0,"{""numberLong"":""820105200""}"
1995-12-29,1421112.0,911817.0,509295.0,466496.0,12254.0,372794.0,343484.0,223934.0,"{""numberLong"":""820191600""}"
1996-01-01,,,,,,,,,"{""numberLong"":""820450800""}"
1996-01-02,1424428.0,877993.0,546435.0,511253.0,12253.0,400416.0,353037.0,217438.0,"{""numberLong"":""820537200""}"
1996-01-03,1421012.2,893161.0,527851.2,488976.0,12253.0,381418.0,324677.0,204934.0,"{""numberLong"":""820623600""}"
1996-01-04,1398982.4,894223.0,504759.4,468872.0,11761.0,367527.0,318609.0,200052.0,"{""numberLong"":""820710000""}"
1996-01-05,1371253.4,864165.0,507088.4,477458.0,12199.0,358437.0,320191.0,201086.0,"{""numberLong"":""820796400""}"
1996-01-08,1373976.9,865454.0,508522.9,477982.0,11852.0,365056.0,322911.0,199974.0,"{""numberLong"":""821055600""}"
1996-01-09,1404900.7,889318.0,515582.7,484623.0,11656.0,390857.0,323633.0,194305.0,"{""numberLong"":""821142000""}"
1996-01-10,1400928.7,912287.0,488641.7,457629.0,11676.0,386992.0,317581.0,194212.0,"{""numberLong"":""821228400""}"
1996-01-11,1423194.8,929003.0,494191.8,458873.0,11646.0,400833.0,320435.0,198398.0,"{""numberLong"":""821314800""}"
1996-01-12,1444537.3,943170.0,501367.3,463520.0,12140.0,413342.0,342126.0,214666.0,"{""numberLong"":""821401200""}"
1996-01-15,1440991.6,943381.0,497610.6,463567.0,12250.0,413593.0,360610.0,228986.0,"{""numberLong"":""821660400""}"
1996-01-16,1417176.0,915835.0,501341.0,524350.0,11750.0,381043.0,353486.0,226078.0,"{""numberLong"":""821746800""}"
1996-01-17,1428327.9,933527.0,494800.9,517993.0,12251.0,390083.0,348633.0,219213.0,"{""numberLong"":""821833200""}"
1996-01-18,1451859.3,941813.0,510046.3,533592.0,12251.0,411221.0,350853.0,214843.0,"{""numberLong"":""821919600""}"
1996-01-19,1451724.0,941920.0,509804.0,534178.0,12217.0,418321.0,342731.0,217283.0,"{""numberLong"":""822006000""}"
1996-01-22,1453112.4,951354.0,501758.4,529469.0,12217.0,416131.0,352772.0,218568.0,"{""numberLong"":""822265200""}"
1996-01-23,1448148.2,960249.0,487899.2,517490.0,12251.0,407127.0,332830.0,213721.0,"{""numberLong"":""822351600""}"
1996-01-24,1455501.0,969286.0,486215.0,514605.0,12251.0,403697.0,338456.0,210028.0,"{""numberLong"":""822438000""}"
1996-01-25,1472889.8,990531.0,482358.8,512868.0,11796.0,418122.0,325166.0,209501.0,"{""numberLong"":""822524400""}"
1996-01-26,1484842.5,997626.0,487216.5,514796.0,12229.0,426718.0,327636.0,207852.0,"{""numberLong"":""822610800""}"
1996-01-29,1476656.7,997524.0,479132.7,509532.0,11749.0,418220.0,326292.0,206305.0,"{""numberLong"":""822870000""}"
1996-01-30,1496201.1,1009434.0,486767.1,517805.0,11668.0,428234.0,339175.0,203724.0,"{""numberLong"":""822956400""}"
1996-01-31,1505217.2,1017878.0,487339.2,517437.0,11826.0,435394.0,355217.0,212436.0,"{""numberLong"":""823042800""}"
1996-02-01,1461647.7,971226.0,490421.7,520780.0,12250.0,395649.0,357981.0,220195.0,"{""numberLong"":""823129200""}"
1996-02-02,1456470.6,973726.0,482744.6,515030.0,12186.0,389097.0,362567.0,229135.0,"{""numberLong"":""823215600""}"
1996-02-05,1464584.6,982360.0,482224.6,513785.0,11661.0,391765.0,361064.0,232709.0,"{""numberLong"":""823474800""}"
1996-02-06,1485128.0,997866.0,487262.0,515263.0,11842.0,395522.0,357119.0,229067.0,"{""numberLong"":""823561200""}"
1996-02-07,1487549.4,1008092.0,479457.4,504619.0,11866.0,390309.0,347087.0,226808.0,"{""numberLong"":""823647600""}"
1996-02-08,1506046.6,1022284.0,483762.6,512073.0,12248.0,403013.0,347181.0,223924.0,"{""numberLong"":""823734000""}"
1996-02-09,1509722.2,1025141.0,484581.2,512394.0,12248.0,411689.0,349029.0,227724.0,"{""numberLong"":""823820400""}"
1996-02-12,1541164.8,1027339.0,513825.8,536533.0,11524.0,442477.0,356351.0,228732.0,"{""numberLong"":""824079600""}"
1996-02-13,1573430.7,1032928.0,540502.7,562488.0,11678.0,468288.0,370801.0,235107.0,"{""numberLong"":""824166000""}"
1996-02-14,1584477.7,1069217.0,515260.7,538064.0,12246.0,453230.0,384490.0,261939.0,"{""numberLong"":""824252400""}"
1996-02-15,1605050.0,1082596.0,522454.0,543229.0,12246.0,467587.0,411950.0,285838.0,"{""numberLong"":""824338800""}"
1996-02-16,1624504.2,1093954.0,530550.2,551912.0,12230.0,484078.0,431642.0,304934.0,"{""numberLong"":""824425200""}"
1996-02-19,1650060.8,1095310.0,554750.8,574324.0,12173.0,506991.0,425196.0,299963.0,"{""numberLong"":""824684400""}"
1996-02-20,,,,,,,,,"{""numberLong"":""824770800""}"
1996-02-21,,,,,,,,,"{""numberLong"":""824857200""}"
1996-02-22,,,,,,,,,"{""numberLong"":""824943600""}"
1996-02-23,1634133.8,1092075.0,542058.8,561399.0,12172.0,491855.0,399144.0,274346.0,"{""numberLong"":""825030000""}"
1996-02-26,1658920.0,1093221.0,565699.0,575787.0,11392.0,495673.0,395770.0,260790.0,"{""numberLong"":""825289200""}"
1996-02-27,1649601.3,1099861.0,549740.3,557845.0,11443.0,474607.0,375288.0,244974.0,"{""numberLong"":""825375600""}"
1996-02-28,1630321.0,1110914.0,519407.0,527002.0,11733.0,448797.0,364355.0,239198.0,"{""numberLong"":""825462000""}"
1996-02-29,1634971.3,1118372.0,516599.3,525537.0,12233.0,452497.0,374370.0,243990.0,"{""numberLong"":""825548400""}"
1996-03-01,1633756.3,1119407.0,514349.3,525272.0,12220.0,457212.0,378938.0,246649.0,"{""numberLong"":""825634800""}"
1996-03-04,1627373.4,1121169.0,506204.4,519715.0,12226.0,452467.0,381345.0,245036.0,"{""numberLong"":""825894000""}"
1996-03-05,1635893.0,1128294.0,507599.0,519009.0,12233.0,452083.0,374910.0,239839.0,"{""numberLong"":""825980400""}"
1996-03-06,1631771.5,1129624.0,502147.5,516409.0,11866.0,446758.0,371665.0,237383.0,"{""numberLong"":""826066800""}"
1996-03-07,1629532.3,1132157.0,497375.3,514773.0,11919.0,439600.0,373286.0,235286.0,"{""numberLong"":""826153200""}"
1996-03-08,1628267.4,1131464.0,496803.4,515734.0,12227.0,436094.0,366979.0,236312.0,"{""numberLong"":""826239600""}"
1996-03-11,1640764.3,1131929.0,508835.3,525964.0,12232.0,444419.0,366474.0,235154.0,"{""numberLong"":""826498800""}"
1996-03-12,1647115.1,1124838.0,522277.1,541010.0,11732.0,442917.0,363536.0,228339.0,"{""numberLong"":""826585200""}"
1996-03-13,1657615.8,1126436.0,531179.8,551993.0,11730.0,447848.0,370507.0,233752.0,"{""numberLong"":""826671600""}"
1996-03-14,1665436.4,1134150.0,531286.4,546997.0,12211.0,446004.0,380648.0,250277.0,"{""numberLong"":""826758000""}"
1996-03-15,1666072.7,1133068.0,533004.7,548819.0,12224.0,448052.0,404772.0,268336.0,"{""numberLong"":""826844400""}"
1996-03-18,1666868.2,1131967.0,534901.2,552071.0,11683.0,446466.0,393359.0,260313.0,"{""numberLong"":""827103600""}"
1996-03-19,1675419.1,1129530.0,545889.1,563354.0,12232.0,446289.0,386692.0,246983.0,"{""numberLong"":""827190000""}"
1996-03-20,1685102.7,1136794.0,548308.7,565586.0,12232.0,451800.0,388280.0,244995.0,"{""numberLong"":""827276400""}"
1996-03-21,1689581.8,1140457.0,549124.8,565883.0,12232.0,449657.0,380906.0,242250.0,"{""numberLong"":""827362800""}"
1996-03-22,1676051.0,1142176.0,533875.0,552895.0,12232.0,434504.0,382148.0,245603.0,"{""numberLong"":""827449200""}"
1996-03-25,1672456.2,1144561.0,527895.2,547464.0,11737.0,428266.0,381999.0,245115.0,"{""numberLong"":""827708400""}"
1996-03-26,1678234.6,1149512.0,528722.6,546770.0,11646.0,424466.0,370140.0,236155.0,"{""numberLong"":""827794800""}"
1996-03-27,1682273.1,1151101.0,531172.1,549259.0,11590.0,422159.0,367623.0,230826.0,"{""numberLong"":""827881200""}"
1996-03-28,1689649.3,1156365.0,533284.3,553018.0,12231.0,425345.0,364708.0,229942.0,"{""numberLong"":""827967600""}"
1996-03-29,1712523.5,1166614.0,545909.5,565390.0,12231.0,442452.0,381615.0,242219.0,"{""numberLong"":""828054000""}"
1996-04-01,1708731.8,1166933.0,541798.8,560141.0,11632.0,439580.0,385914.0,248510.0,"{""numberLong"":""828309600""}"
1996-04-02,1717596.3,1172006.0,545590.3,565594.0,12228.0,445118.0,375857.0,237952.0,"{""numberLong"":""828396000""}"
1996-04-03,1712927.3,1178490.0,534437.3,558174.0,12229.0,439703.0,367530.0,234531.0,"{""numberLong"":""828482400""}"
1996-04-04,1716133.3,1188168.0,527965.3,552006.0,11608.0,437886.0,364091.0,232214.0,"{""numberLong"":""828568800""}"
1996-04-05,1728728.3,1195848.0,532880.3,555930.0,12227.0,446396.0,373736.0,239993.0,"{""numberLong"":""828655200""}"
1996-04-08,1736707.8,1200661.0,536046.8,558383.0,12230.0,450362.0,371429.0,241450.0,"{""numberLong"":""828914400""}"
1996-04-09,1742517.0,1205353.0,537164.0,558339.0,12230.0,455533.0,371917.0,235684.0,"{""numberLong"":""829000800""}"
1996-04-10,1747123.5,1206819.0,540304.5,568068.0,12229.0,464444.0,376073.0,234529.0,"{""numberLong"":""829087200""}"
1996-04-11,1719106.3,1212314.0,506792.3,539314.0,11767.0,432150.0,382210.0,242793.0,"{""numberLong"":""829173600""}"
1996-04-12,1727922.9,1212762.0,515160.9,548537.0,12228.0,438330.0,398422.0,263346.0,"{""numberLong"":""829260000""}"
1996-04-15,1731824.0,1214305.0,517519.0,550284.0,12229.0,440241.0,413274.0,277433.0,"{""numberLong"":""829519200""}"
1996-04-16,1738186.0,1222978.0,515208.0,551943.0,11462.0,442113.0,408354.0,270820.0,"{""numberLong"":""829605600""}"
1996-04-17,1710131.5,1232334.0,477797.5,516161.0,11647.0,406343.0,403052.0,263429.0,"{""numberLong"":""829692000""}"
1996-04-18,1722820.4,1243840.0,478980.4,517457.0,11485.0,416443.0,413392.0,259605.0,"{""numberLong"":""829778400""}"
1996-04-19,1738589.0,1257275.0,481314.0,520253.0,12227.0,433113.0,425537.0,266474.0,"{""numberLong"":""829864800""}"
1996-04-22,1743781.8,1264723.0,479058.8,516043.0,12141.0,433937.0,409079.0,271195.0,"{""numberLong"":""830124000""}"
1996-04-23,,,,,,,,,"{""numberLong"":""830210400""}"
1996-04-24,1840599.8,1319943.0,520656.8,561076.0,11540.0,482840.0,431711.0,282909.0,"{""numberLong"":""830296800""}"
1996-04-25,1835770.9,1330740.0,505030.9,577399.0,11540.0,474134.0,436877.0,303832.0,"{""numberLong"":""830383200""}"
1996-04-26,1850148.0,1340726.0,509422.0,582307.0,12217.0,500029.0,478376.0,332019.0,"{""numberLong"":""830469600""}"
1996-04-29,,,,,,,,,"{""numberLong"":""830728800""}"
1996-04-30,,,,,,,,,"{""numberLong"":""830815200""}"
1996-05-01,,,,,,,,,"{""numberLong"":""830901600""}"
1996-05-02,1833216.7,1337670.0,495546.7,569369.0,11507.0,494276.0,465333.0,317108.0,"{""numberLong"":""830988000""}"
1996-05-03,1839395.0,1342851.0,496544.0,574129.0,12203.0,492776.0,426775.0,285346.0,"{""numberLong"":""831074400""}"
1996-05-06,1847187.4,1338590.0,508597.4,581093.0,12226.0,490368.0,428719.0,274453.0,"{""numberLong"":""831333600""}"
1996-05-07,1840133.0,1344601.0,495532.0,567653.0,12223.0,474918.0,407474.0,263654.0,"{""numberLong"":""831420000""}"
1996-05-08,1846404.3,1342178.0,504226.3,572987.0,12224.0,476788.0,400349.0,259799.0,"{""numberLong"":""831506400""}"
1996-05-09,1844349.2,1343062.0,501287.2,570122.0,12224.0,465393.0,395195.0,256187.0,"{""numberLong"":""831592800""}"
1996-05-10,1858619.4,1346884.0,511735.4,579014.0,12223.0,474610.0,408615.0,260409.0,"{""numberLong"":""831679200""}"
1996-05-13,1866822.3,1348645.0,518177.3,584993.0,11382.0,480935.0,416704.0,264914.0,"{""numberLong"":""831938400""}"
1996-05-14,1865906.4,1351588.0,514318.4,585813.0,11433.0,486884.0,420780.0,276703.0,"{""numberLong"":""832024800""}"
1996-05-15,1853143.8,1337540.0,515603.8,587132.0,12223.0,489318.0,428869.0,287811.0,"{""numberLong"":""832111200""}"
1996-05-16,1864273.6,1345234.0,519039.6,591036.0,11663.0,493910.0,427687.0,282647.0,"{""numberLong"":""832197600""}"
1996-05-17,1865974.7,1344225.0,521749.7,593000.0,12223.0,499231.0,432295.0,281653.0,"{""numberLong"":""832284000""}"
1996-05-20,1873192.3,1350454.0,522738.3,593492.0,12227.0,504826.0,436217.0,281823.0,"{""numberLong"":""832543200""}"
1996-05-21,1878827.3,1354189.0,524638.3,596921.0,12227.0,510984.0,415650.0,270158.0,"{""numberLong"":""832629600""}"
1996-05-22,1850043.5,1362849.0,487194.5,560803.0,12227.0,480775.0,414875.0,265717.0,"{""numberLong"":""832716000""}"
1996-05-23,1822332.0,1369515.0,452817.0,526819.0,11901.0,447791.0,408912.0,263932.0,"{""numberLong"":""832802400""}"
1996-05-24,1828386.2,1368938.0,459448.2,534155.0,12214.0,454986.0,415203.0,267272.0,"{""numberLong"":""832888800""}"
1996-05-27,1821137.7,1369132.0,452005.7,526274.0,11914.0,446254.0,416901.0,266245.0,"{""numberLong"":""833148000""}"
1996-05-28,1819197.0,1374862.0,444335.0,519689.0,12182.0,436444.0,403246.0,255063.0,"{""numberLong"":""833234400""}"
1996-05-29,1842189.5,1373195.0,468994.5,545470.0,11682.0,461606.0,403490.0,251635.0,"{""numberLong"":""833320800""}"
1996-05-30,1869098.6,1404322.0,464776.6,541506.0,11724.0,463576.0,411154.0,253871.0,"{""numberLong"":""833407200""}"
1996-05-31,1855991.4,1384697.0,471294.4,544230.0,12222.0,473465.0,431038.0,269566.0,"{""numberLong"":""833493600""}"
1996-06-03,1848584.3,1386728.0,461856.3,535934.0,12218.0,466597.0,426732.0,274263.0,"{""numberLong"":""833752800""}"
1996-06-04,1859359.8,1393825.0,465534.8,537622.0,12204.0,472555.0,424890.0,269792.0,"{""numberLong"":""833839200""}"
1996-06-05,1875245.8,1398325.0,476920.8,550651.0,12222.0,493422.0,429018.0,269879.0,"{""numberLong"":""833925600""}"
1996-06-06,1874443.5,1397244.0,477199.5,552445.0,11704.0,492996.0,429564.0,269773.0,"{""numberLong"":""834012000""}"
1996-06-07,1884509.8,1405242.0,479267.8,552740.0,12188.0,498834.0,431505.0,274318.0,"{""numberLong"":""834098400""}"
1996-06-10,1889803.5,1406446.0,483357.5,556423.0,12224.0,506237.0,434540.0,274373.0,"{""numberLong"":""834357600""}"
1996-06-11,1925355.2,1448195.0,477160.2,554370.0,11732.0,503758.0,420795.0,267368.0,"{""numberLong"":""834444000""}"
1996-06-12,1966429.5,1454869.0,511560.5,589175.0,11648.0,537494.0,428257.0,265369.0,"{""numberLong"":""834530400""}"
1996-06-13,1976813.9,1464048.0,512765.9,591326.0,11628.0,541461.0,429927.0,271161.0,"{""numberLong"":""834616800""}"
1996-06-14,1985770.1,1469653.0,516117.1,596628.0,12223.0,545916.0,453648.0,297730.0,"{""numberLong"":""834703200""}"
1996-06-17,1981205.8,1461874.0,519331.8,595799.0,12223.0,542913.0,462256.0,305378.0,"{""numberLong"":""834962400""}"
1996-06-18,1986993.6,1466355.0,520638.6,597492.0,12176.0,542449.0,450338.0,293820.0,"{""numberLong"":""835048800""}"
1996-06-19,2018368.8,1474668.0,543700.8,617867.0,12222.0,561848.0,462455.0,287696.0,"{""numberLong"":""835135200""}"
1996-06-20,2016883.7,1472663.0,544220.7,621220.0,11627.0,558605.0,451917.0,285284.0,"{""numberLong"":""835221600""}"
1996-06-21,2016929.8,1475930.0,540999.8,618995.0,12221.0,558594.0,454954.0,287297.0,"{""numberLong"":""835308000""}"
1996-06-24,1984699.5,1472978.0,511721.5,591205.0,11720.0,527642.0,444026.0,285784.0,"{""numberLong"":""835567200""}"
1996-06-25,1977493.3,1484113.0,493380.3,575852.0,12101.0,517373.0,437422.0,280048.0,"{""numberLong"":""835653600""}"
1996-06-26,1964334.4,1487666.0,476668.4,558182.0,12222.0,501671.0,441537.0,276113.0,"{""numberLong"":""835740000""}"
1996-06-27,1966826.0,1493588.0,473238.0,553400.0,12222.0,497505.0,434821.0,275723.0,"{""numberLong"":""835826400""}"
1996-06-28,1966826.8,1500516.0,466310.8,546231.0,12218.0,498722.0,455898.0,289341.0,"{""numberLong"":""835912800""}"
1996-07-01,1945208.8,1482694.0,462514.8,541467.0,11764.0,492557.0,464127.0,296508.0,"{""numberLong"":""836172000""}"
1996-07-02,1952639.1,1483688.0,468951.1,547941.0,12221.0,495165.0,451043.0,287042.0,"{""numberLong"":""836258400""}"
1996-07-03,1934536.0,1472751.0,461785.0,555193.0,11454.0,475234.0,443820.0,283790.0,"{""numberLong"":""836344800""}"
1996-07-04,1938338.8,1477125.0,461213.8,554130.0,11638.0,473479.0,447977.0,282247.0,"{""numberLong"":""836431200""}"
1996-07-05,1948940.5,1484146.0,464794.5,555407.0,12219.0,478979.0,455220.0,290599.0,"{""numberLong"":""836517600""}"
1996-07-08,1939683.5,1476255.0,463428.5,557935.0,11497.0,475466.0,455053.0,292213.0,"{""numberLong"":""836776800""}"
1996-07-09,1942313.4,1471684.0,470629.4,566591.0,12200.0,474751.0,448961.0,286541.0,"{""numberLong"":""836863200""}"
1996-07-10,1993693.3,1480509.0,513184.3,608305.0,11530.0,522124.0,454658.0,289417.0,"{""numberLong"":""836949600""}"
1996-07-11,2029822.5,1488740.0,541082.5,635307.0,11522.0,555313.0,468398.0,297306.0,"{""numberLong"":""837036000""}"
1996-07-12,2033224.3,1487961.0,545263.3,638885.0,12123.0,560355.0,502779.0,327502.0,"{""numberLong"":""837122400""}"
1996-07-15,2032902.8,1470653.0,562249.8,653169.0,12218.0,563712.0,516589.0,346015.0,"{""numberLong"":""837381600""}"
1996-07-16,2111930.1,1463073.0,648857.1,745341.0,12218.0,638799.0,504972.0,338128.0,"{""numberLong"":""837468000""}"
1996-07-17,2114074.8,1458048.0,656026.8,745396.0,12218.0,628566.0,498731.0,328893.0,"{""numberLong"":""837554400""}"
1996-07-18,2121889.2,1464702.0,657187.2,742289.0,11521.0,625935.0,491104.0,323241.0,"{""numberLong"":""837640800""}"
1996-07-19,2119999.3,1463564.0,656435.3,743605.0,12217.0,627421.0,501382.0,328056.0,"{""numberLong"":""837727200""}"
1996-07-22,2112765.9,1463773.0,648992.9,735753.0,12217.0,619093.0,495960.0,328466.0,"{""numberLong"":""837986400""}"
1996-07-23,2111064.3,1469425.0,641639.3,727728.0,12207.0,612403.0,488430.0,318349.0,"{""numberLong"":""838072800""}"
1996-07-24,2098291.9,1477601.0,620690.9,704110.0,12195.0,592689.0,483559.0,314681.0,"{""numberLong"":""838159200""}"
1996-07-25,2078711.8,1468941.0,609770.8,697808.0,12194.0,593671.0,482125.0,312934.0,"{""numberLong"":""838245600""}"
1996-07-26,2094259.9,1480751.0,613508.9,697580.0,12216.0,606777.0,487709.0,312678.0,"{""numberLong"":""838332000""}"
1996-07-29,2104518.1,1488700.0,615818.1,701191.0,12217.0,603689.0,484391.0,310415.0,"{""numberLong"":""838591200""}"
1996-07-30,2107147.2,1496852.0,610295.2,697309.0,12217.0,597597.0,482224.0,306242.0,"{""numberLong"":""838677600""}"
1996-07-31,2101042.0,1494359.0,606683.0,691404.0,11376.0,602569.0,503675.0,327551.0,"{""numberLong"":""838764000""}"
1996-08-01,2110742.8,1504184.0,606558.8,687662.0,11427.0,609841.0,500075.0,328520.0,"{""numberLong"":""838850400""}"
1996-08-02,2105433.0,1516735.0,588698.0,670922.0,12216.0,602252.0,503140.0,332936.0,"{""numberLong"":""838936800""}"
1996-08-05,2096455.0,1523334.0,573121.0,659055.0,11715.0,592613.0,508630.0,334790.0,"{""numberLong"":""839196000""}"
1996-08-06,2114078.0,1533685.0,580393.0,665875.0,12152.0,605103.0,507569.0,328360.0,"{""numberLong"":""839282400""}"
1996-08-07,2118563.0,1539649.0,578914.0,667725.0,12215.0,608630.0,507607.0,325160.0,"{""numberLong"":""839368800""}"
1996-08-08,2120805.0,1551028.0,569777.0,658362.0,12216.0,597857.0,505965.0,322342.0,"{""numberLong"":""839455200""}"
1996-08-09,2146529.0,1563012.0,583517.0,668799.0,12216.0,620054.0,506773.0,326307.0,"{""numberLong"":""839541600""}"
1996-08-12,2166176.0,1562681.0,603495.0,686260.0,11892.0,632093.0,513662.0,327499.0,"{""numberLong"":""839800800""}"
1996-08-13,2194543.0,1573114.0,621429.0,703007.0,11901.0,649653.0,523023.0,332277.0,"{""numberLong"":""839887200""}"
1996-08-14,2191274.0,1571030.0,620244.0,699772.0,11714.0,646961.0,525840.0,354113.0,"{""numberLong"":""839973600""}"
1996-08-15,2190694.0,1564645.0,626049.0,708493.0,12214.0,650675.0,543323.0,368350.0,"{""numberLong"":""840060000""}"
1996-08-16,2218746.0,1568698.0,650048.0,734229.0,12152.0,649699.0,541715.0,367676.0,"{""numberLong"":""840146400""}"
1996-08-19,2187244.0,1542907.0,644337.0,729546.0,11701.0,643875.0,542538.0,360000.0,"{""numberLong"":""840405600""}"
1996-08-20,2196448.0,1548575.0,647873.0,733703.0,12204.0,648294.0,547934.0,357006.0,"{""numberLong"":""840492000""}"
1996-08-21,2200090.0,1554058.0,646032.0,732342.0,12204.0,649064.0,539986.0,352147.0,"{""numberLong"":""840578400""}"
1996-08-22,2183649.0,1563269.0,620380.0,704286.0,12202.0,630469.0,534361.0,356206.0,"{""numberLong"":""840664800""}"
1996-08-23,2172230.0,1575228.0,597002.0,685014.0,12197.0,618679.0,544084.0,363429.0,"{""numberLong"":""840751200""}"
1996-08-26,2177963.0,1575911.0,602052.0,687913.0,11680.0,620686.0,544930.0,362948.0,"{""numberLong"":""841010400""}"
1996-08-27,2190250.0,1582105.0,608145.0,690578.0,11708.0,623624.0,531682.0,351338.0,"{""numberLong"":""841096800""}"
1996-08-28,2219800.0,1598071.0,621729.0,703747.0,11625.0,640169.0,533491.0,348944.0,"{""numberLong"":""841183200""}"
1996-08-29,2224979.0,1614906.0,610073.0,692578.0,11553.0,637890.0,544357.0,363502.0,"{""numberLong"":""841269600""}"
1996-08-30,,,,,,,,,"{""numberLong"":""841356000""}"
1996-09-02,2225831.0,1614260.0,611571.0,691771.0,12196.0,640183.0,563119.0,371023.0,"{""numberLong"":""841615200""}"
1996-09-03,2233055.0,1622446.0,610609.0,694460.0,12197.0,647685.0,548465.0,356081.0,"{""numberLong"":""841701600""}"
1996-09-04,2228167.0,1656143.0,572024.0,658813.0,12204.0,608700.0,528211.0,349638.0,"{""numberLong"":""841788000""}"
1996-09-05,2245028.0,1670232.0,574796.0,661519.0,12204.0,618097.0,533629.0,349005.0,"{""numberLong"":""841874400""}"
1996-09-06,2265764.0,1682469.0,583295.0,668216.0,12204.0,632225.0,540164.0,355527.0,"{""numberLong"":""841960800""}"
1996-09-09,2268413.0,1684010.0,584403.0,671532.0,11581.0,628818.0,545749.0,354484.0,"{""numberLong"":""842220000""}"
1996-09-10,2275575.0,1684208.0,591367.0,682303.0,11607.0,633696.0,539215.0,347329.0,"{""numberLong"":""842306400""}"
1996-09-11,2254902.0,1679275.0,575627.0,672505.0,11607.0,612862.0,540556.0,344523.0,"{""numberLong"":""842392800""}"
1996-09-12,2273981.0,1678778.0,595203.0,695041.0,11087.0,629228.0,554300.0,352357.0,"{""numberLong"":""842479200""}"
1996-09-13,2273715.0,1674993.0,598722.0,699454.0,11106.0,628365.0,571109.0,385655.0,"{""numberLong"":""842565600""}"
1996-09-16,2266818.0,1664943.0,601875.0,703003.0,10984.0,630475.0,595457.0,398319.0,"{""numberLong"":""842824800""}"
1996-09-17,2271246.0,1658803.0,612443.0,715442.0,11106.0,623480.0,587315.0,385946.0,"{""numberLong"":""842911200""}"
1996-09-18,2236801.0,1657226.0,579575.0,681065.0,11106.0,583913.0,582217.0,376029.0,"{""numberLong"":""842997600""}"
1996-09-19,2247988.0,1666118.0,581870.0,684435.0,10652.0,579283.0,562267.0,367908.0,"{""numberLong"":""843084000""}"
1996-09-20,2248291.0,1668999.0,579292.0,681823.0,9882.0,580747.0,570383.0,374803.0,"{""numberLong"":""843170400""}"
1996-09-23,2243088.0,1667966.0,575122.0,680558.0,9301.0,576087.0,558847.0,371134.0,"{""numberLong"":""843429600""}"
1996-09-24,2205383.0,1672262.0,533121.0,640895.0,9304.0,529982.0,564512.0,364871.0,"{""numberLong"":""843516000""}"
1996-09-25,2313192.0,1784374.0,528818.0,637888.0,8580.0,531834.0,566312.0,363803.0,"{""numberLong"":""843602400""}"
1996-09-26,2340175.0,1796027.0,544148.0,651816.0,7891.0,546369.0,549330.0,359371.0,"{""numberLong"":""843688800""}"
1996-09-27,2338911.0,1814385.0,524526.0,638722.0,7890.0,539417.0,555018.0,362839.0,"{""numberLong"":""843775200""}"
1996-09-30,2317946.0,1811843.0,506103.0,623397.0,7203.0,524202.0,585382.0,379578.0,"{""numberLong"":""844034400""}"
1996-10-01,2328893.0,1819777.0,509116.0,628639.0,7702.0,539172.0,558621.0,364697.0,"{""numberLong"":""844120800""}"
1996-10-02,2341624.0,1814289.0,527335.0,648281.0,7702.0,548476.0,550044.0,361070.0,"{""numberLong"":""844207200""}"
1996-10-03,2353949.0,1826618.0,527331.0,648617.0,7702.0,551744.0,554329.0,357312.0,"{""numberLong"":""844293600""}"
1996-10-04,2363887.0,1839195.0,524692.0,648327.0,7595.0,559552.0,554053.0,363216.0,"{""numberLong"":""844380000""}"
1996-10-07,2370017.0,1842592.0,527425.0,651190.0,7005.0,561699.0,550343.0,365290.0,"{""numberLong"":""844639200""}"
1996-10-08,2381875.0,1854538.0,527337.0,654372.0,7702.0,561913.0,543274.0,356894.0,"{""numberLong"":""844725600""}"
1996-10-09,2364125.0,1859318.0,504807.0,627640.0,7701.0,536368.0,540787.0,353754.0,"{""numberLong"":""844812000""}"
1996-10-10,2392949.0,1870256.0,522693.0,648049.0,7700.0,559426.0,551095.0,353077.0,"{""numberLong"":""844898400""}"
1996-10-11,2410645.0,1875882.0,534763.0,659998.0,7680.0,572140.0,566693.0,366675.0,"{""numberLong"":""844984800""}"
1996-10-14,2418937.0,1878828.0,540109.0,664440.0,7680.0,575809.0,582810.0,389861.0,"{""numberLong"":""845244000""}"
1996-10-15,2423595.0,1877612.0,545983.0,679132.0,7700.0,579602.0,589885.0,398052.0,"{""numberLong"":""845330400""}"
1996-10-16,2422413.0,1876501.0,545912.0,682556.0,7679.0,575262.0,581309.0,390125.0,"{""numberLong"":""845416800""}"
1996-10-17,2433153.0,1883217.0,549936.0,688451.0,6860.0,579405.0,573700.0,380938.0,"{""numberLong"":""845503200""}"
1996-10-18,2439249.0,1889361.0,549888.0,686510.0,7701.0,585249.0,578989.0,385502.0,"{""numberLong"":""845589600""}"
1996-10-21,2421296.0,1882424.0,538872.0,679313.0,6911.0,576553.0,576672.0,385084.0,"{""numberLong"":""845848800""}"
1996-10-22,2437987.0,1899126.0,538861.0,678248.0,7701.0,575613.0,567403.0,373455.0,"{""numberLong"":""845935200""}"
1996-10-23,2404580.0,1901600.0,502980.0,640089.0,7700.0,531202.0,562115.0,368119.0,"{""numberLong"":""846021600""}"
1996-10-24,2398997.0,1909725.0,489272.0,628399.0,7200.0,512190.0,555580.0,363099.0,"{""numberLong"":""846108000""}"
1996-10-25,2379968.0,1889270.0,490698.0,633102.0,7636.0,529988.0,569870.0,368967.0,"{""numberLong"":""846194400""}"
1996-10-28,2373934.0,1883023.0,490911.0,633840.0,7376.0,530826.0,553759.0,363113.0,"{""numberLong"":""846457200""}"
1996-10-29,,,,,,,,,"{""numberLong"":""846543600""}"
1996-10-30,2359573.0,1885975.0,473598.0,613490.0,7387.0,503926.0,557069.0,359939.0,"{""numberLong"":""846630000""}"
1996-10-31,2390100.0,1907685.0,482415.0,616694.0,7200.0,511383.0,564025.0,365702.0,"{""numberLong"":""846716400""}"
1996-11-01,2384685.0,1911564.0,473121.0,607863.0,7699.0,511679.0,558645.0,367982.0,"{""numberLong"":""846802800""}"
1996-11-04,2403649.0,1927706.0,475943.0,612680.0,7698.0,511344.0,571372.0,367274.0,"{""numberLong"":""847062000""}"
1996-11-05,2403651.0,1937716.0,465935.0,601194.0,7698.0,500511.0,559394.0,361723.0,"{""numberLong"":""847148400""}"
1996-11-06,2450212.0,1924271.0,525941.0,659756.0,7698.0,538558.0,558741.0,358879.0,"{""numberLong"":""847234800""}"
1996-11-07,2447573.0,1922982.0,524591.0,661265.0,7196.0,528183.0,559477.0,355159.0,"{""numberLong"":""847321200""}"
1996-11-08,2464952.0,1932498.0,532454.0,663200.0,7640.0,536844.0,568409.0,359204.0,"{""numberLong"":""847407600""}"
1996-11-11,2484698.0,1941175.0,543523.0,674663.0,7698.0,544302.0,549813.0,357521.0,"{""numberLong"":""847666800""}"
1996-11-12,2496892.0,1941313.0,555579.0,686741.0,7178.0,524348.0,541125.0,347422.0,"{""numberLong"":""847753200""}"
1996-11-13,2554148.0,1938968.0,615180.0,739360.0,7207.0,570964.0,556576.0,354016.0,"{""numberLong"":""847839600""}"
1996-11-14,2549845.0,1939419.0,610426.0,738284.0,7124.0,559809.0,577907.0,375971.0,"{""numberLong"":""847926000""}"
1996-11-15,2536395.0,1949660.0,586735.0,714078.0,7688.0,525843.0,606987.0,400714.0,"{""numberLong"":""848012400""}"
1996-11-18,2538404.0,1948427.0,589977.0,719309.0,7102.0,518288.0,595424.0,390211.0,"{""numberLong"":""848271600""}"
1996-11-19,2533242.0,1941180.0,592062.0,720855.0,7697.0,501693.0,571787.0,371166.0,"{""numberLong"":""848358000""}"
1996-11-20,2548952.0,1945730.0,603222.0,739921.0,7697.0,588770.0,574168.0,369896.0,"{""numberLong"":""848444400""}"
1996-11-21,2571263.0,1962888.0,608375.0,743724.0,7702.0,605653.0,569722.0,361825.0,"{""numberLong"":""848530800""}"
1996-11-22,2527829.0,1978475.0,549354.0,685769.0,7638.0,560435.0,576491.0,365389.0,"{""numberLong"":""848617200""}"
1996-11-25,2534571.0,1991064.0,543507.0,680073.0,7697.0,556057.0,571496.0,364816.0,"{""numberLong"":""848876400""}"
1996-11-26,2546537.0,2009785.0,536752.0,679418.0,7697.0,558395.0,559406.0,350466.0,"{""numberLong"":""848962800""}"
1996-11-27,2546426.0,2020629.0,525797.0,675882.0,7697.0,549388.0,558903.0,343170.0,"{""numberLong"":""849049200""}"
1996-11-28,2539549.0,2029555.0,509994.0,658356.0,7697.0,528201.0,552419.0,339692.0,"{""numberLong"":""849135600""}"
1996-11-29,2547229.0,2049320.0,497909.0,651292.0,7684.0,529037.0,572082.0,356589.0,"{""numberLong"":""849222000""}"
1996-12-02,2562159.0,2065884.0,496275.0,650411.0,7696.0,538600.0,582239.0,365503.0,"{""numberLong"":""849481200""}"
1996-12-03,2567311.0,2075488.0,491823.0,651382.0,7668.0,534735.0,560621.0,351947.0,"{""numberLong"":""849567600""}"
1996-12-04,2645394.0,2082122.0,563272.0,735891.0,7695.0,622257.0,574532.0,348842.0,"{""numberLong"":""849654000""}"
1996-12-05,2697236.0,2130686.0,566550.0,738474.0,7695.0,612391.0,565676.0,348452.0,"{""numberLong"":""849740400""}"
1996-12-06,2709842.0,2132978.0,576864.0,748077.0,7558.0,615585.0,568161.0,354946.0,"{""numberLong"":""849826800""}"
1996-12-09,2726285.0,2135305.0,590980.0,749115.0,7695.0,614457.0,562382.0,353219.0,"{""numberLong"":""850086000""}"
1996-12-10,2719116.0,2136819.0,582297.0,750638.0,7694.0,606591.0,559674.0,345869.0,"{""numberLong"":""850172400""}"
1996-12-11,2736064.0,2139066.0,596998.0,765032.0,7694.0,619360.0,559870.0,342807.0,"{""numberLong"":""850258800""}"
1996-12-12,2772747.0,2152154.0,620593.0,783458.0,7694.0,634630.0,588192.0,350005.0,"{""numberLong"":""850345200""}"
1996-12-13,2781892.0,2154039.0,627853.0,791285.0,7691.0,643360.0,600278.0,384434.0,"{""numberLong"":""850431600""}"
1996-12-16,2762023.0,2131427.0,630596.0,791322.0,7694.0,635534.0,613703.0,393973.0,"{""numberLong"":""850690800""}"
1996-12-17,2733239.0,2110748.0,622491.0,791813.0,7694.0,634783.0,599193.0,380591.0,"{""numberLong"":""850777200""}"
1996-12-18,2724917.0,2113093.0,611824.0,775763.0,7693.0,620239.0,591938.0,371276.0,"{""numberLong"":""850863600""}"
1996-12-19,2717532.0,2107281.0,610251.0,777132.0,7194.0,612422.0,586182.0,362691.0,"{""numberLong"":""850950000""}"
1996-12-20,2706983.0,2101479.0,605504.0,768563.0,7689.0,600199.0,584434.0,369988.0,"{""numberLong"":""851036400""}"
1996-12-23,2717546.0,2110651.0,606895.0,771573.0,7692.0,597271.0,589592.0,367430.0,"{""numberLong"":""851295600""}"
1996-12-24,2672637.0,2105850.0,566787.0,730740.0,7692.0,538436.0,586098.0,363606.0,"{""numberLong"":""851382000""}"
1996-12-25,2735990.0,2109776.0,626214.0,788265.0,7692.0,697979.0,619212.0,370974.0,"{""numberLong"":""851468400""}"
1996-12-26,2684957.0,2051990.0,632967.0,798722.0,6995.0,640130.0,581241.0,372132.0,"{""numberLong"":""851554800""}"
1996-12-27,2678681.0,2048611.0,630070.0,794813.0,7585.0,641945.0,618329.0,395018.0,"{""numberLong"":""851641200""}"
1996-12-30,2656148.0,2038973.0,617175.0,795932.0,7694.0,678993.0,656675.0,392305.0,"{""numberLong"":""851900400""}"
1996-12-31,2686826.0,2042510.0,644315.9,820042.9,7693.4,706197.7,621486.7,382242.9,"{""numberLong"":""851986800""}"
