tarih,altin_ons_mn,altin_ons_yukumluluk_mn,altin_ons_net_mn,altin_fiyat,altin_fiyat_kaynak,ons_kaynak,altin_deger_seviye,altin_deger_ima,altin_fiyat_etkisi,altin_miktar_etkisi,doviz_rezerv,swap_capa_revizyon,net_alim_satim,net_alim_satim_altin_haric,akim_birlesik,kumulatif
2023-01-02,25.293254131047693,7.187814615723511,18.105439515324182,1823.9551861633324,agort03,ara_deger,,46.133762047271574,0.44520888840850753,0.0017703938331639717,,-0.0,-2.0337959255710816,-2.0355663194042455,False,
2023-01-03,25.291381196571542,7.184983958357442,18.1063972382141,1848.5449724555508,agort03,ara_deger,,46.75225555737918,0.3235076730069552,0.0017875055036584739,,-0.0,-1.6681886433507023,-1.6699761488543607,False,
2023-01-04,25.28950826209539,7.182153300991373,18.107354961104015,1866.4120096552087,agort03,ara_deger,,47.20064193864946,-0.10025993045966018,0.0017822026181432383,,-0.3020612700000029,-0.5819773677825287,-0.583759570400672,False,
2023-01-05,25.287635327619235,7.179322643625303,18.10831268399393,1860.87503693473,agort03,ara_deger,,47.05712932427542,-0.21745363674679846,0.0017707018047365456,,-0.0,-0.5828925397101121,-0.5846632415148487,False,
2023-01-06,25.28576239314308,7.176491986259234,18.109270406883848,1848.8665389293355,agort03,ima,,46.75,0.48843215833608644,-0.07327703204724162,,-0.0,-0.42628722325859725,-0.35301019121135563,False,
2023-01-09,25.27842296931265,7.208216188873136,18.070206780439513,1875.8379269180211,agort03,ara_deger,,47.418224538512334,0.15652768893133454,-0.024538469623539436,,-0.0,0.07749897172224537,0.10203744134578481,False,
2023-01-10,25.27597649470251,7.21879092307777,18.05718557162474,1884.5001238055947,agort03,ara_deger,,47.63258083357418,0.1389951401846386,-0.02463870034539827,,-0.0,-1.0527740987472427,-1.0281353984018444,False,
2023-01-11,25.27353002009237,7.229365657282404,18.044164362809965,1892.1976212718143,agort03,ara_deger,47.84565945234964,47.82251338516057,-0.06491433105440424,-0.02459185622214756,77.54919684380388,-0.0,1.0143071882530572,1.0388990444752049,False,
2023-01-12,25.27108354548222,7.239940391487038,18.03114315399518,1888.600096346349,agort03,ara_deger,47.754693291880905,47.726970818774355,0.2609195005051211,-0.024780279511254773,77.55541838150367,-0.0,0.7100899496699873,0.734870229181242,False,
2023-01-13,25.26863707087208,7.250515125691672,18.01812194518041,1903.070587666657,agort03,ima,48.12059069711826,48.08800000000001,0.2344769062463251,0.04912166879290122,79.13246416744302,-0.0,0.6423941023333944,0.5932724335404932,False,
2023-01-16,25.432979680931734,7.389221245241258,18.043758435690478,1916.0839809026288,agort03,ara_deger,48.449644266411575,48.731724953255345,-0.007071513849542162,0.01637054053931144,79.71171172054102,-0.0,-2.219711089046452,-2.2360816295857635,False,
2023-01-17,25.487760550951617,7.435456618424453,18.052303932527163,1915.692071762704,agort03,ara_deger,48.439734545019725,48.82670081444422,0.0663948672891617,0.01640197016351666,76.45130638263885,-0.0,-1.0281697778668089,-1.0445717480303256,False,
2023-01-18,25.542541420971503,7.481691991607649,18.060849429363856,1919.3699883066156,agort03,ara_deger,48.49986363924385,49.02558742849131,-0.025045980803390464,0.01639011964945676,76.23618360443533,-0.0,0.15866432397667427,0.1422742043272175,False,
2023-01-19,25.597322290991382,7.527927364790844,18.069394926200538,1917.9832328884197,agort03,ara_deger,48.46482221987539,49.09523496096246,0.27309404566248136,0.016519273077856177,78.96162762918574,-0.0,0.7451910120797818,0.7286717390019256,False,
2023-01-20,25.652103161011272,7.574162737974039,18.077940423037234,1933.096857156297,agort03,ima,48.84672290632592,49.588,-0.04214613177465953,0.7533050224953043,79.94818875291949,-0.0,-0.8569699918245933,-1.6102750143198976,False,
2023-01-23,25.967753118178003,7.499653961514682,18.46809915666332,1930.765500221358,agort03,ara_deger,48.78781269405428,50.13764183884368,0.19709132055495174,0.2524895971881812,79.3333327568152,-0.0,-0.021981659580921603,-0.2744712567691028,False,
2023-01-24,26.07296977056691,7.474817702694896,18.598152067872014,1941.4374875700853,agort03,ara_deger,49.05747926919421,50.61904092486021,-0.15343828528960454,0.2514166359810768,79.56340773152647,-0.0,-0.25588830200340085,-0.5073049379844776,False,
2023-01-25,26.17818642295582,7.44998144387511,18.72820497908071,1933.1872977270489,agort03,ara_deger,49.59031999085087,50.607337470388885,0.20626592711377498,0.25284899345122097,78.06560586446625,-0.0,-1.0859568214654949,-1.338805814916716,False,
2023-01-26,26.28340307534473,7.4251451850553245,18.858257890289405,1944.2009494541724,agort03,ara_deger,49.87284332113449,51.10021721397193,-0.26568703922141335,0.25101672595747615,76.63278837712082,-0.0,1.1439929675552207,0.8929762415977446,False,
2023-01-27,26.38861972773364,7.400308926235539,18.988310801498102,1930.1123183214831,agort03,ima,49.51144030192131,50.933,-0.018127199813082157,-0.07374965634532019,77.62469131031727,-0.0,0.3987740505964162,0.4725237069417364,False,
2023-01-30,26.28540493193341,7.335323072306823,18.950081859626586,1929.157667852435,agort03,ara_deger,49.48695150960658,50.70869047704555,-0.3374392467097238,-0.02435630779455083,77.25935421338274,-0.0,-0.334730066217358,-0.3103737584228072,False,
2023-01-31,26.251,7.313661120997251,18.937338879002752,1911.3509243666117,agort03,evds_aylik,49.03017108874657,50.174873115547925,0.3282682162084303,0.5024663230496687,77.81901981678534,-0.0,0.028605207009833933,-0.4738611160398347,False,
2023-02-01,26.48986075064193,7.29199916968768,19.197861580954253,1928.685367094064,agort03,ara_deger,50.895344726689615,51.09060680612247,0.6352802760514658,0.5110873318696172,76.18960234365008,-0.0,0.059409309027991464,-0.4516780228416257,False,
2023-02-02,26.728721501283864,7.270337218378107,19.458384282905758,1961.7765670369636,agort03,ara_deger,51.76857581831718,52.43577950807573,-0.8718966988282992,0.4994137581289257,76.2262439109976,-0.0,1.4156956139216539,0.9162818557927281,False,
2023-02-03,26.9675822519258,7.248675267068536,19.718906984857266,1916.968288705537,agort03,ima,50.58614720077472,51.69600000000001,-0.7383231297582811,-0.287188982763594,79.18313780789995,-0.2292973800000055,0.8339554847075512,1.1211444674711453,False,
2023-02-06,26.82288481016544,7.256776456028129,19.566108354137313,1879.5258924142383,agort03,ara_deger,49.59809404334855,50.41430650995052,-0.018482175628053307,-0.09568154964843108,78.12055687067489,-0.0,0.34271472755169285,0.4383962772001239,False,
2023-02-07,26.77465232957865,7.259476852347994,19.515175477230656,1878.5812908974965,agort03,ara_deger,49.573167313129005,50.29836093663152,0.19061606971635814,-0.09617904068182505,76.93772912262088,-0.0,-0.11037829565981805,-0.014199254977993,False,
2023-02-08,26.726419848991867,7.262177248667859,19.464242600324006,1888.3488725387049,agort03,ara_deger,50.92420354051887,50.468804788839854,-0.015256429153578653,-0.09613911856185353,75.03352891962038,-0.0,-0.5855127755469194,-0.48937365698506585,False,
2023-02-09,26.678187368405084,7.264877644987723,19.41330972341736,1887.5650542588544,agort03,ara_deger,50.90306585658644,50.35681418757143,-0.18864567053199244,-0.09564418663870711,75.42506937913592,-0.0,0.4467338990505004,0.5423780856892075,False,
2023-02-10,26.629954887818297,7.267578041307588,19.36237684651071,1877.8477173791755,agort03,ima,50.64101277501402,50.007000000000005,-0.19126388423215337,0.15527899040736887,74.96788597942918,-0.0,-0.5960770414051045,-0.7513560318124735,False,
2023-02-13,26.735371806745203,7.289867809431333,19.44550399731387,1867.969597262604,agort03,ara_deger,50.374623758275966,49.94086170651182,-0.06487510482058928,0.05166721909016288,74.86422060989986,-0.0,0.4835391511718727,0.4318719320817098,False,
2023-02-14,26.77051077972084,7.297297732139248,19.47321304758159,1864.633345097088,agort03,ara_deger,50.28465310358926,49.91718706514853,-0.2506729835078619,0.051310528579777824,73.95708538357096,-0.0,0.9000168884841921,0.8487063599044143,False,
2023-02-15,26.805649752696475,7.304727654847163,19.500922097849312,1851.760637193397,agort03,ara_deger,49.31230223149784,49.63764706643625,-0.03644927351084523,0.0512587374518128,74.77038087417158,-0.0,0.2879842738654794,0.23672553641366662,False,
2023-02-16,26.840788725672112,7.3121575775550784,19.528631148117036,1849.891532064524,agort03,ara_deger,49.26252804623535,49.652547777553785,-0.36952421889727066,0.05073442189281842,74.50278474565903,-0.0,0.003939199284558048,-0.04679522260826037,False,
2023-02-17,26.875927698647747,7.319587500262993,19.556340198384753,1830.96935487276,agort03,ima,48.75863132123936,49.20900000000001,0.1847294861332301,0.08395964584361547,73.80400265335712,-0.0,0.8903599366029664,0.8064002907593509,False,
2023-02-20,26.87957460401921,7.277614461783532,19.60196014223568,1840.4153700401832,agort03,ara_deger,49.010178279017495,49.46958224137873,0.21155562059902833,0.02815066749964492,73.59968485878001,-0.0,-2.3076707737489595,-2.3358214412486045,False,
2023-02-21,26.880790239143035,7.263623448957045,19.61716679018599,1851.20794481658,agort03,ara_deger,49.29758405843635,49.761932453649564,-0.057365404273634506,0.028106199533569777,71.55640329118324,-0.0,0.5976500495801909,0.5695438500466211,False,
2023-02-22,26.88200587426686,7.249632436130557,19.6323734381363,1848.283699695601,agort03,ara_deger,49.67433907960813,49.68557327252883,-0.17203233193479844,0.027972948446217796,70.89095695915766,-0.0,-0.33695542848727295,-0.36492837693349073,False,
2023-02-23,26.88322150939068,7.235641423304071,19.64758008608661,1839.5210132849695,agort03,ara_deger,49.43883375319009,49.45225087131863,-0.19329140570948194,0.027823346594720674,70.42620852710618,-0.0,2.1525738248007023,2.1247504782059816,False,
2023-02-24,26.884437144514504,7.221650410477584,19.66278673403692,1829.6830889776213,agort03,ima,49.17443041080103,49.19,-0.27563861649395227,-0.12965209520631657,72.08475752823355,-0.0,-0.6736118117247644,-0.5439597165184478,False,
2023-02-27,26.895359286128627,7.303980058130167,19.59137922799846,1815.6648005110728,agort03,ara_deger,48.79767590351527,48.83295715292236,0.03720896590314525,-0.04326257201798681,70.64098504452897,-0.0,0.024982402999116707,0.06824497501710353,False,
2023-02-28,26.899,7.331423274014361,19.56757672598564,1817.564052496863,agort03,evds_aylik,48.84872006256689,48.890655448113115,0.41352055597950704,0.00011428952609936809,69.71230830169918,-0.0,-0.047583007081420325,-0.047697296607519694,False,
2023-03-01,26.926505373774344,7.358866489898554,19.56763888387579,1838.6969991958968,agort03,ara_deger,49.43233390268952,49.50968462959107,0.17382469457444116,0.00011484169164567406,69.34108420210879,-0.0,-0.24796621031322885,-0.2480810520048745,False,
2023-03-02,26.954010747548686,7.386309705782749,19.567701041765936,1847.580273034197,agort03,ara_deger,49.67115571983282,49.79969853632269,0.16497667648739786,0.00011536574923633128,69.12724583394743,-0.0,-0.2599122669448457,-0.260027632694082,False,
2023-03-03,26.98151612132303,7.413752921666943,19.567763199656085,1856.0113440187376,agort03,ima,49.89782031777765,50.077999999999996,0.06115364644754372,0.19254474112980782,70.36487214457514,0.3799099600000062,0.4616432322906101,0.2690984911608023,False,
2023-03-06,27.09622412946466,7.424894174990936,19.671329954473723,1859.136568185832,agort03,ara_deger,49.9818402104604,50.37558113884706,-0.012651280416223619,0.064159377979175,69.18524653847464,-0.0,0.4782384453296001,0.4140790673504251,False,
2023-03-07,27.13446013217854,7.428607926098933,19.705852206079605,1858.493435238263,agort03,ara_deger,49.96454994315592,50.42921602438818,-0.653080411241428,0.0630152606865063,69.6624467900095,-0.0,-0.558722740378261,-0.6217380010647673,False,
2023-03-08,27.172696134892416,7.43232167720693,19.740374457685487,1825.3519905338344,agort03,ara_deger,49.25076415967774,49.5997349779969,0.02023374830518103,0.0630506457574006,69.65770382213128,-0.0,0.16430225227526268,0.10125160651786208,False,
2023-03-09,27.21093213760629,7.436035428314928,19.77489670929136,1826.376983669023,agort03,ara_deger,49.27842002847908,49.69742016030385,0.3982288557419085,0.06374585832700365,69.18251377984399,-0.0,-0.36929235652624076,-0.4330382148532444,False,
2023-03-10,27.24916814032017,7.439749179422925,19.809418960897244,1846.5150840897852,agort03,ima,49.8217765096347,50.315999999999995,0.8219348692905148,0.048798055858593974,70.2812881550164,-0.0,-0.8311558520333362,-0.8799539078919302,False,
2023-03-13,27.264615181952543,7.429349891842317,19.835265290110225,1888.007208160308,agort03,ara_deger,50.94129692415145,51.475789991243374,0.5240218360800879,0.0164936273875989,72.39644658538518,-0.0,-0.32481083071451855,-0.34130445810211746,False,
2023-03-14,27.269764195830007,7.42588346264878,19.843880733181226,1914.4259037721768,agort03,ara_deger,51.6541133857074,52.205942966256,0.08614521117322056,0.016531028295845945,73.5833462661468,-0.1002326500000023,-1.0376781775160293,-1.0542092058118753,False,
2023-03-15,27.274913209707467,7.422417033455244,19.852496176252224,1918.7670511682693,agort03,ara_deger,52.284805999390485,52.33420479026087,0.16737780448230355,0.016603665707933944,71.75295282261747,-0.0,0.5446994468683886,0.5280957811604546,False,
2023-03-16,27.280062223584924,7.418950604261708,19.861111619323218,1927.19812215281,agort03,ara_deger,52.51454567025121,52.57408468950467,0.2722317076805326,0.01672175561269835,70.95231603739609,-0.0,2.2294510452105545,2.2127292895978563,False,
2023-03-17,27.285211237462384,7.415484175068172,19.86972706239421,1940.90489309788,agort03,ima,52.88804377639428,52.958,1.147902482637714,-0.5049422321421416,73.94287830264577,-0.0,-2.1517991787195543,-1.6468569465774126,False,
2023-03-20,27.02005025915202,7.40296151898822,19.617088740163798,1998.6763199037496,agort03,ara_deger,54.46226709913362,54.00433461557631,-0.39347385349940694,-0.16662496208083666,68.83563173575482,-0.0,0.5397954869053536,0.7064204489861903,False,
2023-03-21,26.9316632663819,7.398787300294903,19.532875966086998,1978.618611101433,agort03,ara_deger,53.91571121946973,53.28749016678004,-0.48168324025132087,-0.16454826421218255,70.67649316816536,-0.1871211099999925,-0.5347430563955364,-0.3701947921833539,False,
2023-03-22,26.843276273611774,7.394613081601586,19.448663192010187,1953.958482143075,agort03,ara_deger,53.31416993450516,52.45064736333368,0.5640360559561215,-0.1669905421457379,70.27643780856154,-0.0,-0.5721776084445429,-0.40518706629880497,False,
2023-03-23,26.754889280841656,7.390438862908269,19.364450417933387,1982.9597584975256,agort03,ara_deger,54.105475885992384,53.05386878696581,0.3481258727936148,-0.16850448366452137,68.5811512447032,-0.0,1.0812852149669556,1.249789698631477,False,
2023-03-24,26.66650228807153,7.386264644214951,19.28023764385658,2000.937334172548,agort03,ima,54.59599783582282,53.358,-0.48591544082577387,-0.2638410358296412,70.1551818087317,-0.0,-0.49977480477262637,-0.23593376894298518,False,
2023-03-27,26.465050348967207,7.3183534351926305,19.146696913774576,1975.7345617896772,agort03,ara_deger,53.90833486758652,52.28791465395847,-0.1939434780523404,-0.08749611861559023,69.16966554401316,-0.0,0.26766953186135695,0.35516565047694715,False,
2023-03-28,26.397899702599094,7.2957163655185235,19.10218333708057,1965.6052178654616,agort03,ara_deger,53.63195357891739,51.8878493961179,0.24877618036034874,-0.08807583860824401,69.82096947766173,-0.0,-1.1808030903797193,-1.0927272517714752,False,
2023-03-29,26.33074905623099,7.273079295844417,19.057669760386574,1978.6286600537392,agort03,ara_deger,52.76310569056695,52.09877472334158,0.12448124941279524,-0.08836659323421027,70.40101619205643,-0.0,-0.8074509429287741,-0.7190843496945638,False,
2023-03-30,26.26359840986288,7.25044222617031,19.01315618369257,1985.160479052489,agort03,ara_deger,52.93728645684239,52.13745760096559,0.12399943248717805,-0.08865690054534628,69.94637396115726,-0.0,-0.7651862095117341,-0.6765293089663879,False,
2023-03-31,26.19644776349477,7.227805156496203,18.968642606998568,1991.6822490989337,agort03,ima,53.111199252708175,52.17499999999999,-0.27105450847507,-0.35366324444724995,69.21728616633257,-0.0,0.8214891724654927,1.1751524169127427,False,
2023-04-03,26.06860728596418,7.27881800201651,18.78978928394767,1977.3926389201292,agort03,ara_deger,52.73014533017944,51.54787215416522,0.3744254918617539,-0.1190757558562158,68.5762127524682,-0.0,-1.5556301026659125,-1.4365543468096966,False,
2023-04-04,26.025993793453985,7.295822283856612,18.730171509597373,1997.3197113424703,agort03,ara_deger,53.26153065252437,51.982230410942435,0.778095693139287,-0.12155241942722188,67.54663895904153,-0.0430604100000024,-2.1852837951498394,-2.0637313757226177,False,
2023-04-05,25.98338030094379,7.312826565696715,18.670553735247076,2038.8620801745224,agort03,ara_deger,53.41094398026216,52.976528810347965,-0.15722514435853863,-0.12105037683591245,66.78011589516538,-0.0,-0.7695839009571295,-0.648533524121217,False,
2023-04-06,25.94076680843359,7.329830847536817,18.610935960896775,2030.4410581422876,agort03,ara_deger,53.19034311647948,52.67119800753823,0.019637142822852796,-0.12111328193386976,67.7139661499939,-0.0,1.6717427211116618,1.7928560030455316,False,
2023-04-07,25.898153315923395,7.346835129376919,18.551318186546474,2031.496198134393,agort03,ima,53.21798403616585,52.612,-0.058909134486374824,-0.5341341557671724,68.32720070591665,-0.0,0.004679226461294504,0.5388133822284669,False,
2023-04-10,25.59144200744374,7.303461935070322,18.287980072373415,2028.32072920577,agort03,ara_deger,53.13479803025257,51.90765231396546,-0.1585978591024345,-0.17728347430067493,67.59629247392711,-0.0,-0.80042157996044,-0.6231381056597651,False,
2023-04-11,25.48920490461719,7.289004203634789,18.2002007009824,2019.6484833658908,agort03,ara_deger,52.90761599511599,51.47923402781253,0.158933972506864,-0.17805001113334712,64.63735037103706,-0.0,-0.9359314239309512,-0.7578814127976041,False,
2023-04-12,25.38696780179064,7.274546472199256,18.112421329591385,2028.381022919605,agort03,ara_deger,52.53132271468144,51.494443718623174,0.28102476488025296,-0.17941195919969743,65.53817207265115,-0.0,1.0535630953644501,1.2329750545641476,False,
2023-04-13,25.284730698964086,7.260088740763725,18.024641958200363,2043.896605279713,agort03,ara_deger,52.933147645429365,51.67937524102444,0.4642330307604198,-0.18167275770618646,68.27373045386778,-0.0,-0.025782598507308685,0.15589015919887778,False,
2023-04-14,25.182493596137533,7.245631009328192,17.93686258680934,2069.6520700394008,agort03,ima,53.60016662049862,52.119,-0.5528165572855226,-0.8152980233780007,67.78307248193602,-0.0,-0.7836447656844268,0.031653257693573966,False,
2023-04-17,24.80245925410806,7.265481527867558,17.536977726240504,2038.8319333176053,agort03,ara_deger,52.80198199445984,50.56804595208427,-0.11472459254568398,-0.2708940098081775,66.45024840839883,-0.0,-0.6006796148352599,-0.3297856050270824,False,
2023-04-18,24.67578114009824,7.27209836738068,17.40368277271756,2032.2900653665488,agort03,ara_deger,52.63255969529087,50.148344866180906,-0.129067918258301,-0.2699054775308375,66.06944142196903,-0.0,-2.136098470748377,-1.8661929932175396,False,
2023-04-19,24.549103026088414,7.278715206893803,17.27038781919461,2024.873938564891,agort03,ara_deger,50.99137499089616,49.70883893267093,,,66.9815944231596,-0.0,,,False,
2023-04-20,24.42242491207859,7.285332046406924,17.137092865671665,2024.873938564891,ffill,ara_deger,50.99137499089616,49.452331721025885,0.5004417626865721,-1.1507934557212054,64.98197730813922,-0.0,-2.3398491230856937,-1.189055667364488,True,
2023-04-24,23.91571245603929,7.207468325764239,16.70824413027505,2054.0761939654576,agort03,ara_deger,51.72676060051369,49.124695617673474,0.3841559970895271,-0.20462845359529097,63.10413661457175,-0.0,-2.0428121479510626,-1.8381836943557717,False,
2023-04-25,23.78903434202947,7.179308139045637,16.609726202983833,2077.0681968410586,agort03,ara_deger,52.305756565690885,49.41144666538917,0.08078460767002726,-0.20510761454036297,63.50099659169896,-0.0,-0.6366080942681528,-0.4315004797277898,False,
2023-04-26,23.662356228019647,7.151147952327035,16.51120827569261,2081.931889757051,agort03,ara_deger,50.63984847717878,49.26341401790547,0.193629042000067,-0.20626294681905463,65.39249813317483,-0.0,-0.7743999257385479,-0.5681369789194932,False,
2023-04-27,23.535678114009823,7.122987765608432,16.41269034840139,2093.6590170978843,agort03,ara_deger,50.92509313601422,49.27568470691,0.11726547353203522,-0.20696683820736975,63.3321646250369,-0.0,-0.5164102526742683,-0.3094434144668986,False,
2023-04-28,23.409,7.09482757888983,16.314172421110168,2100.803822187286,agort03,irfcl_pdf,51.09887972764404,49.17771667358218,-0.8785562851030416,-1.7359163662347992,64.00391331978403,-0.0,0.34322775073236433,2.0791441169671634,False,
2023-05-02,22.57259594459765,7.106473112080788,15.466122832516863,2046.951486780667,agort03,ara_deger,49.789003012392,46.20500882929342,0.7907684665972092,-0.8835298595349917,62.504610960967256,0.0547018399999998,-0.8289722543894915,0.05455760514550023,False,
2023-05-03,22.15439391689648,7.109384495378527,15.045009421517953,2098.080556112423,agort03,ara_deger,46.35283495888681,46.481703109495854,0.6727802904192688,-0.9023611407268893,65.75807048573878,-0.0,-0.8005686252528916,0.1017925154739977,False,
2023-05-04,21.736191889195307,7.112295878676266,14.623896010519042,2142.798393873098,agort03,ara_deger,47.3407848959853,46.576277069085165,0.027333599037364917,-0.9031482459632321,66.30076587734106,-0.0,-0.8121784192688366,0.09096982669439546,False,
2023-05-05,21.317989861494134,7.115207261974006,14.202782599520127,2144.667499001971,agort03,ima,47.382078983243794,45.72,0.3780734520373017,0.6677828333140368,66.48040659472034,-0.0,-1.2624338203804915,-1.9302166536945282,False,
2023-05-08,21.645851349425214,7.135517154973308,14.510334194451907,2171.287173659955,agort03,ara_deger,47.97018670984468,46.999359397957,0.15718712144916785,0.22370482306174022,63.64201025907076,-0.0,-1.4226937991599942,-1.6463986222217344,False,
2023-05-09,21.755138512068918,7.142287119306409,14.612851392762508,2182.1199442455745,agort03,ara_deger,48.20951480696652,47.47232163701058,-0.16666776600129066,0.22253555691647395,61.91030989591656,-0.0,-0.4363733555177577,-0.6589089124342317,False,
2023-05-10,21.86442567471261,7.1490570836395095,14.715368591073101,2170.714383378526,agort03,ara_deger,46.2752672170629,47.46142329640939,-0.512235664630489,0.2189669772449698,62.79675871885809,-0.0,-1.4668167898617765,-1.6857837671067464,False,
2023-05-11,21.973712837356302,7.15582704797261,14.817885789383691,2135.90481259134,agort03,ara_deger,45.53319713993872,46.933758999809434,-0.47485558172028164,0.21568169994348294,61.68771713033205,-0.0,1.6675195044298645,1.4518378044863816,False,
2023-05-12,22.083,7.162597012305711,14.920402987694288,2103.8587036882404,agort03,irfcl_pdf,44.8500385152421,46.45951175354741,0.3187605726811869,-0.4884921393960146,60.24358555551775,-0.0,-0.23454098387372097,0.25395115552229364,False,
2023-05-15,21.8575,7.166951569129496,14.690548430870507,2125.2227762903067,agort03,ara_deger,45.30547759837317,46.45205683276538,-0.8476605710684314,-0.15840976075761576,58.12758229266152,-0.0,0.3083512361258428,0.46676099688345857,False,
2023-05-16,21.782333333333334,7.1684030880707565,14.613930245262576,2067.521692150577,agort03,ara_deger,44.0754064716852,45.03544667232126,-0.27212173692790254,-0.15698307584822258,59.29714349862867,0.0348618499999915,-1.1654397057699568,-1.0084566299217341,False,
2023-05-17,21.707166666666662,7.169854607012018,14.537312059654644,2048.900983527986,agort03,ara_deger,43.15446670583346,44.475835132939245,-0.1251946354991162,-0.1563232437017609,59.20020724718696,-0.0,0.6275571213514646,0.7838803650532254,False,
2023-05-18,21.632,7.171306125953279,14.460693874046722,2040.2890314019417,agort03,irfcl_pdf,42.9730796089052,44.1355323272868,-0.059869707096032725,-0.41959099038523084,58.51207868077216,-0.0,-0.9053004599382316,-0.48570946955300076,False,
2023-05-22,21.32338405545183,7.068761062566669,14.25462299288516,2036.1488630519648,agort03,ara_deger,42.8858783441042,43.41758420092864,-0.5099487346683406,-0.08499283326139837,57.859460586985534,0.1319993800000034,0.8338386288290055,0.9188314620904039,False,
2023-05-23,21.246230069314784,7.034095535124044,14.212134534190739,2000.3745928434248,agort03,ara_deger,42.13239168708595,42.50041882436329,0.018566218072643442,-0.08504833864573326,58.62639124969443,-0.0,-0.7182541381873132,-0.63320579954158,False,
2023-05-24,21.169076083177742,6.99943000768142,14.169646075496322,2001.6809566431748,agort03,ara_deger,41.95576449873175,42.37373646542738,-0.20845910288976524,-0.08442326262510325,58.037646708228216,-0.0,0.6297424725555928,0.714165735180696,False,
2023-05-25,21.0919220970407,6.964764480238796,14.127157616801906,1986.969290467528,agort03,ara_deger,41.64740406826409,41.909001483753336,0.12322399953716442,-0.08479386780674425,57.11990791996293,-0.0,0.6453294208528257,0.73012328865957,False,
2023-05-26,21.014768110903656,6.930098952796172,14.084669158107484,1995.691781068936,agort03,ima,41.83022978796759,41.939,-0.4765522797178449,0.07997779430303255,56.766225343531325,-0.0,0.25918788713127555,0.17921009282824302,False,
2023-05-29,21.06470724436146,6.939271712360006,14.125435532001454,1961.8569586554092,agort03,ara_deger,41.12104292363386,41.32594248938954,0.25067633217614027,0.026900417569908172,57.73214718093116,-0.0,-0.06618340577661552,-0.0930838233465237,False,
2023-05-30,21.08135362218073,6.942329298881285,14.139024323299443,1979.6034084273988,agort03,ara_deger,41.49301322432093,41.73271948473226,0.16581013871447123,0.027059775055874775,56.72772250658433,-0.0,-0.684313194066396,-0.7113729691222708,False,
2023-05-31,21.098,6.945386885402563,14.152613114597436,1991.330535768232,agort03,evds_aylik,41.84734944133093,42.01309164363816,-0.2220037562715321,0.11492384283625447,55.8012914995887,-0.0,-0.8875216592579592,-1.0024455020942138,False,
2023-06-01,21.15922790252199,6.948444471923842,14.210783430598148,1975.6441212189252,agort03,ara_deger,41.51770307708576,41.80310421514902,0.21491924480716773,0.1158035916865676,56.6938831431508,-0.0,0.9920951213526876,0.87629152966612,False,
2023-06-02,21.220455805043983,6.95150205844512,14.268953746598863,1990.767794439109,agort03,ima,41.835523562792986,42.24499999999999,-0.39073239715389746,0.0935814385398487,58.52136392996427,0.0372296800000064,0.47762149227706835,0.38404005373721967,False,
2023-06-05,21.26059154755092,6.943974470955056,14.316617076595865,1963.3843994058864,agort03,ara_deger,41.26006786608055,41.74271376660213,0.1724965356170349,0.031385239803036,57.52340415565567,-0.0,1.6150517459930382,1.5836665061900022,False,
2023-06-06,21.27397012838656,6.941465275125036,14.332504853261522,1975.4330932205044,agort03,ara_deger,41.51326837263402,42.02530461579927,-0.1496436973426509,0.0312193577282037,57.8873708401802,-0.0,-2.384873279525054,-2.4160926372532576,False,
2023-06-07,21.2873487092222,6.938956079295014,14.348392629927186,1964.9922317748096,agort03,ara_deger,41.6980308116321,41.82947484870315,-0.144186313202596,0.031059702218249184,57.10549372354753,-0.0,-1.3981130690325274,-1.4291727712507767,False,
2023-06-08,21.300727290057846,6.936446883464994,14.364280406592853,1954.94327946904,agort03,ara_deger,41.48478746334053,41.641713663501356,0.21911718050565687,0.03130205928235843,57.28155758891885,-0.0,1.2027758495127672,1.1714737902304087,False,
2023-06-09,21.31410587089349,6.933937687634972,14.380168183258515,1970.1975890691983,agort03,ima,41.80849086604713,41.993,-0.10736767879732553,0.07800202132952265,57.98122430285314,-0.0,-0.8926407299538578,-0.9706427512833804,False,
2023-06-12,21.34791764051057,6.928007886611202,14.419909753899368,1962.7312175060115,agort03,ara_deger,41.65005105826649,41.90022438177737,0.16794487804433494,0.026154960299971042,58.25256572993688,-0.0,-0.12265440773037334,-0.1488093680303444,False,
2023-06-13,21.359188230382923,6.9260312862699465,14.433156944112977,1974.3779532283984,agort03,ara_deger,41.89720009893643,42.171110340923526,-0.33300749080906666,0.025849315901442325,57.82166329063758,-0.0,1.20195258698417,1.1761032710827277,False,
2023-06-14,21.370458820255283,6.92405468592869,14.446404134326594,1951.3055587343515,agort03,ara_deger,41.59033326532694,41.70029508866769,-0.18930327888097917,0.02567572692247015,58.718209679353045,-0.0,0.4789176649251681,0.4532419380026979,False,
2023-06-15,21.38172941012764,6.922078085587433,14.459651324540207,1938.201724927628,agort03,ara_deger,41.31103676425584,41.442104824645185,0.437801996059831,0.026076818635377672,58.890763885417975,-0.0,1.518521641982859,1.4924448233474814,False,
2023-06-16,21.393,6.920101485246176,14.472898514753824,1968.479218224912,agort03,irfcl_pdf,41.95637446189942,42.11167591548555,-0.25480644201056996,0.3537833655088868,60.85331035621322,-0.0,0.11366338214495925,-0.24011998336392754,False,
2023-06-19,21.43886019993876,6.784615547729194,14.654244652209565,1950.873453785203,agort03,ara_deger,41.58112333469346,41.824503243472655,0.10867773652330533,0.1183760838197394,61.88112958324842,-0.0,1.748374387055285,1.6299983032355456,False,
2023-06-20,21.454146933251675,6.739453568556868,14.714693364694806,1958.2895805868611,agort03,ara_deger,41.73919144649598,42.013432399766316,-0.28967194630723647,0.11718609665771494,61.94932412362871,0.1920919699999963,2.9786673197339057,2.861481223076191,False,
2023-06-21,21.469433666564598,6.69429158938454,14.775142077180057,1938.6036830198584,agort03,ara_deger,41.37930956817382,41.62072317835268,-0.13214248125964778,0.11664546951415669,64.17441962183219,-0.0,2.7627592421536744,2.646113772639518,False,
2023-06-22,21.484720399877517,6.649129610212213,14.835590789665304,1929.6601154677237,agort03,ara_deger,41.18840997707885,41.45820804761941,-0.1198620439957057,0.1161570827462743,67.04836377951867,-0.0,2.0386097336750164,1.922452650928742,False,
2023-06-23,21.500007133190437,6.603967631039885,14.89603950215055,1921.5807578138847,agort03,ima,41.015956863325655,41.31400000000001,0.13906162957633425,0.04514632435042549,66.55406615304912,-0.0,1.353689011475774,1.3085426871253485,False,
2023-06-26,21.51500407610882,6.595583795681279,14.919420280427541,1930.9162345059449,agort03,ara_deger,41.21522171740118,41.5436706560201,,,67.18834405383407,-0.0,,,False,
2023-06-27,21.520003057081613,6.592789183895077,14.927213873186536,1930.9162345059449,ffill,ara_deger,41.21522171740118,41.55332326953645,-0.11115211945983304,0.5704869814133727,67.63000529887015,-0.0,1.7108402325937038,1.140353251180331,True,
2023-07-03,21.323100280340185,6.107117558179679,15.215982722160506,1923.4699608473693,agort03,ara_deger,41.35461787869596,41.014342861370466,0.2565740608601643,0.17164699775928643,68.32947986362502,-0.0,-0.6434569716800194,-0.8151039694393059,False,
2023-07-04,21.252467040453578,5.948021628060748,15.30444541239283,1940.332102816451,agort03,ara_deger,41.71715405131209,41.23684406264061,-0.05382777470537892,0.17133586268504525,69.5080413094529,0.0502489799999992,0.5512602969032744,0.37992443421822913,False,
2023-07-05,21.181833800566974,5.788925697941818,15.392908102625157,1936.814969509432,agort03,ara_deger,41.5585701661714,41.02529278659898,-0.023666437703674336,0.17119985220972567,68.28605275054593,-0.0,0.15057961218438692,-0.020620240025338743,False,
2023-07-06,21.111200560680366,5.629829767822887,15.48137079285748,1935.277479806649,agort03,ara_deger,41.52557998657306,40.85603101676621,-0.10252165588201853,0.17061402931279074,68.99448468475367,-0.0,1.2884034804178415,1.1177894511050508,False,
2023-07-07,21.04056732079376,5.470733837703957,15.569833483089802,1928.6552202371463,agort03,ima,41.38348503000245,40.57999999999999,0.037550523379290636,0.20570067369180894,68.82354126968846,-0.0,0.9657674856294144,0.7600668119376055,False,
2023-07-10,21.143908028166702,5.467552773944,15.676355254222702,1931.0669687905315,agort03,ara_deger,41.43523433133318,40.83030238433766,0.10664845063018984,0.06880845209653949,68.70057859540954,-0.0,0.4957145833898365,0.426906131293297,False,
2023-07-11,21.17835493062435,5.466492419357348,15.711862511267004,1937.8701095015372,agort03,ara_deger,41.58121048550359,41.040900988471435,0.007262836822489942,0.06882486539023666,69.57913252561258,-0.0,0.41682786849964637,0.3480030031094097,False,
2023-07-12,21.212801833082,5.465432064770695,15.747369768311305,1938.332361307603,agort03,ara_deger,40.78361253816575,41.11746026706808,0.35763272309935534,0.06963125764579262,71.2725677679193,-0.0,0.3327174337581854,0.2630861761123928,False,
2023-07-13,21.24724873553965,5.464371710184043,15.782877025355607,1961.042993518642,agort03,ara_deger,41.26145712409991,41.66676826437786,-0.040284750132806364,0.06954062771971181,71.74289373311768,-0.0,0.5792163387211754,0.5096757110014636,False,
2023-07-14,21.28169563799729,5.463311355597391,15.8183842823999,1958.4905596329768,agort03,ima,41.20775246709669,41.67999999999999,0.047846414951656965,-0.22028386764108074,71.91056292116303,-0.0,0.10241199999792618,0.32269586763900693,False,
2023-07-17,21.2418495284291,5.53576815199368,15.70608137643542,1961.5152942770133,agort03,ara_deger,41.27139460000209,41.66621272874464,0.08743763311493459,-0.07363635711583519,71.28131540383359,-0.0,-0.5046695800530919,-0.43103322293725677,False,
2023-07-18,21.228567491906364,5.559920417459109,15.668647074447255,1967.0824138544097,agort03,ara_deger,41.3885299542532,41.758341784650426,0.24562743994941166,-0.07422319091965611,70.79089993425058,-0.0,-0.5276431648383972,-0.4534199739187411,False,
2023-07-19,21.215285455383636,5.584072682924539,15.631212772459097,1982.7587794514104,agort03,ara_deger,42.19646886785191,42.06479349522972,0.05120720359195681,-0.07434582413764756,70.43563778843128,-0.0,-0.46810117028694925,-0.3937553461493017,False,
2023-07-20,21.2020034188609,5.608224948389968,15.593778470470934,1986.0347379030911,agort03,ara_deger,42.26618681854332,42.107915302997846,-0.15200010203299977,-0.0739809338878271,70.61033806683069,-0.0,-0.03538179817833528,0.03859913570949182,False,
2023-07-21,21.18872138233817,5.632377213855398,15.55634416848277,1976.287254166495,agort03,ima,42.058743836424746,41.875,-0.07018990730994593,-0.0882966971490374,71.44988436890162,-0.0,-0.12376049397022856,-0.03546379682119116,False,
2023-07-24,21.16723496891933,5.655671104910047,15.511563864009284,1971.7752745812045,agort03,ara_deger,41.96272126016573,41.73703054296579,-0.1550955906300444,-0.029282983993623977,70.5598789325008,-0.0,-0.24289975508542594,-0.21361677109180197,False,
2023-07-25,21.16007283111305,5.663435735261597,15.496637095851455,1961.7765670369636,agort03,ara_deger,41.74993180943584,41.511335036873085,0.2092943557501866,-0.029484581818077036,70.23600653102073,-0.0,-0.20626658806492956,-0.17678200624685253,False,
2023-07-26,21.152910693306776,5.671200365613147,15.48171032769363,1975.282358935918,agort03,ara_deger,41.85370755494087,41.78297133263581,0.04698364054581167,-0.029529881329239352,74.63854485609242,-0.0,-0.07077406119838398,-0.04124417986914462,False,
2023-07-27,21.145748555500496,5.678964995964696,15.4667835595358,1978.3171425322605,agort03,ara_deger,41.91801073901945,41.83299685902342,-0.28815789496111344,-0.029251784330314133,72.07222896183487,-0.0,-0.7022334838831339,-0.6729816995528197,False,
2023-07-28,21.138586417694217,5.686729626316246,15.45185679137797,1959.6863849573635,agort03,ima,41.52324880762308,41.425000000000004,0.018943546575716994,0.15210719030958492,72.1668838021825,-0.0,-0.15343222958588382,-0.30553941989546873,False,
2023-07-31,21.184,5.65457360702518,15.52942639297482,1960.9123571386672,agort03,evds_aylik,41.54922559059522,41.53996737362553,0.02325211530868405,0.08199242148139499,71.4363781402148,-0.0,1.3950958314064674,1.3131034099250725,False,
2023-08-01,21.215062828251725,5.643854933928159,15.571207894323566,1962.4096510322267,agort03,ara_deger,41.58095133373333,41.632644041416235,-0.007667241948192931,0.08197184832598649,73.50863689375316,-0.0,0.8957474286822544,0.813775580356268,False,
2023-08-02,21.246125656503445,5.6331362608311375,15.612989395672308,1961.917252369244,agort03,ara_deger,41.47215738357246,41.68314047149893,-0.3024919901984886,0.08116235763997993,73.73415602660225,-0.0,-0.4607344535474043,-0.5418968111873842,False,
2023-08-03,21.277188484755165,5.622417587734115,15.654770897021049,1942.54287232372,agort03,ara_deger,41.06261037669089,41.331850834149485,-0.022181280500365285,0.0811031573356716,74.11976683825046,-0.0,-0.054894223390413374,-0.13599738072608497,False,
2023-08-04,21.30825131300689,5.611698914637094,15.696552398369795,1941.1259700486069,agort03,ima,41.03265906550298,41.362,0.042903622545210636,0.11630958127221626,74.56287987997543,-0.0156099999999952,-0.45889758608201503,-0.5752071673542313,False,
2023-08-07,21.367644792401503,5.611258031449397,15.756386760952106,1943.859285075776,agort03,ara_deger,41.09043748141159,41.53569472991071,0.3131869842045531,0.039166299528480664,73.71123266296743,-0.0,-0.6639252333768872,-0.703091532905368,False,
2023-08-08,21.387442618866373,5.6111110703868325,15.77633154847954,1963.7361127365884,agort03,ara_deger,41.51060552062928,41.99929342974949,-0.4213876335466273,0.038633571955413684,73.95508875826978,-0.0,0.0989158732191639,0.06028230126375021,False,
2023-08-09,21.407240445331244,5.610964109324267,15.796276336006976,1937.0259975078527,agort03,ara_deger,41.27463675472518,41.466381277508205,-0.12349662940222739,0.03847764191334733,73.96025476558474,-0.0,-0.21069599985171028,-0.2491736417650576,False,
2023-08-10,21.42703827179612,5.6108171482617015,15.816221123534419,1929.207912613964,agort03,ara_deger,41.10804703701977,41.337211777831314,-0.11681829202000603,0.03833033011264704,74.22001938490152,-0.0,0.11689041350084504,0.078560083388198,False,
2023-08-11,21.446836098260988,5.610670187199136,15.836165911061851,1921.8219326692235,agort03,ima,40.95066472016442,41.217,0.21292514001643348,-0.2936273916323292,75.35962034590662,-0.0,-0.7380809832616634,-0.4444535916293342,False,
2023-08-14,21.300876568443893,5.616435110008574,15.68444145843532,1935.267430854343,agort03,ara_deger,41.23716477452153,41.22289267155789,-0.05878935215110292,-0.09768622968512723,74.89425448810175,-0.0,-0.2545315548244629,-0.15684532513933563,False,
2023-08-15,21.252223391838196,5.618356750945054,15.633866640893142,1931.519171644291,agort03,ara_deger,41.15729592528744,41.04907692140274,0.16637311506261335,-0.09822443882632038,75.04640393848288,-0.0,-0.348608469508473,-0.25038403068215265,False,
2023-08-16,21.203570215232496,5.620278391881533,15.583291823350962,1942.161012136101,agort03,ara_deger,41.65320890371563,41.180747390114824,-0.1544034157115485,-0.09772333003197352,74.75822777416192,-0.0,-0.4442423970203132,-0.3465190669883397,False,
2023-08-17,21.154917038626795,5.622200032818013,15.532717005808783,1932.252745162612,agort03,ara_deger,41.4407079259174,40.87664652157394,-0.00046826259710791216,-0.0977218053601786,75.78314101053945,-0.0,-0.1481496162398755,-0.05042781087969689,False,
2023-08-18,21.1062638620211,5.624121673754492,15.482142188266607,1932.2225983056949,agort03,ima,41.44006137121821,40.782,0.48634091818666986,-0.10393751279720276,75.6672348018248,-0.0,-1.1817911726350905,-1.0778536598378876,False,
2023-08-21,21.068142501768456,5.638931474236806,15.42921102753165,1963.6356232135304,agort03,ara_deger,42.11377136776717,41.37015513141157,-0.5150674818394423,-0.03405684399851257,73.48002418965933,-0.0,-0.33082828273130094,-0.2967714387327884,False,
2023-08-22,21.05543538168424,5.643868074397577,15.411567307286663,1930.253003653764,agort03,ara_deger,41.39781979753825,40.64231738873374,0.1734545174074538,-0.03425542101013937,74.92531606330878,-0.0,-1.4454519620770125,-1.4111965410668732,False,
2023-08-23,21.042728261600026,5.648804674558349,15.393923587041677,1941.507830236226,agort03,ara_deger,40.97797655514585,40.85462168942958,0.3887430162631298,-0.034700978179977,75.10496063481949,-0.0,-1.3871910403562073,-1.3524900621762304,False,
2023-08-24,21.03002114151581,5.65374127471912,15.37627986679669,1966.760847380625,agort03,ara_deger,41.51097339830768,41.36102220072009,0.005099011599715995,-0.03470682910977688,75.45746245570007,-0.0,-0.9336703834067241,-0.8989635542969473,False,
2023-08-25,21.0173140214316,5.658677874879891,15.358636146551707,1967.0924628067155,agort03,ima,41.51797256099146,41.343,-0.3721094053073823,0.6114924160641823,75.65061740410096,-0.0,-0.38039846266170235,-0.9918908787258847,False,
2023-08-28,21.2546570107158,5.5812833025241,15.6733737081917,1942.864438797505,agort03,ara_deger,41.00660949339768,41.29491726495781,-0.16695104395597277,0.20271328878455622,75.70980646962892,-0.0,-0.34276909669310157,-0.5454823854776578,False,
2023-08-29,21.3337713404772,5.555485111738836,15.778286228738363,1932.212549353389,agort03,ara_deger,40.78178790416109,41.221380709105716,0.18027731445114278,0.40782396689040123,75.29146047909849,-0.0,0.12821319960891123,-0.27961076728149004,False,
2023-08-31,21.492,5.503888730168309,15.988111269831691,1943.6382081250488,agort03,evds_aylik,40.85005456421679,41.77267236902355,0.1587358023985583,-0.07865430382164208,76.65572062032764,-0.0,0.3423793117106779,0.42103361553232,False,
2023-09-01,21.42593990828513,5.478090539383045,15.947849368902085,1953.5665730031492,agort03,ima,41.05872212657918,41.85699999999999,-0.2200358509651964,-0.09037406359359425,79.60552839501145,-0.0,0.8525405153660693,0.9429145789596636,False,
2023-09-04,21.37155111334067,5.470291852204952,15.901259261135717,1939.769361487328,agort03,ara_deger,40.76874179953104,41.45588005711862,0.01661826357534811,-0.030140918165927143,79.89844253314085,0.1204960899999889,-0.5115566297575379,-0.4814157115916108,False,
2023-09-05,21.353421515025843,5.467692289812253,15.885729225213591,1940.814452527128,agort03,ara_deger,40.7907068060955,41.44302908726588,-0.23370554531806537,-0.02991244546174502,78.56042425913662,-0.0,0.16802075838035296,0.19793320384209798,False,
2023-09-06,21.33529191671102,5.465092727419555,15.870199189291466,1926.1027863514807,agort03,ara_deger,41.26856255754739,41.09396520839932,0.08819181772915823,-0.029998746968167612,78.34758861235915,-0.0,0.12036944509744092,0.15036819206560853,False,
2023-09-07,21.3171623183962,5.462493165026857,15.854669153369343,1931.659856976572,agort03,ara_deger,41.38762801882668,41.177506715099575,0.1715906708352014,-0.030166824223921904,78.61355700345831,-0.0,0.0089603428081938,0.0391271670321157,False,
2023-09-08,21.299032720081374,5.45989360263416,15.839139117447214,1942.4825786098856,agort03,ima,41.61951500218616,41.37299999999999,-0.09247588381585128,0.13946285957859958,79.0462933420259,-0.0,0.42059886692253756,0.28113600734393795,False,
2023-09-11,21.39466454449975,5.483512785756663,15.911151758743088,1936.6441373202333,agort03,ara_deger,41.49442090995602,41.433851660038506,-0.03229786184099985,0.04643889398528856,78.54026492119928,-0.0,-0.11011085745235001,-0.15654975143763858,False,
2023-09-12,21.42654181930588,5.491385846797496,15.935155972508383,1934.614248954468,agort03,ara_deger,41.450928643810606,41.45209310944794,0.024340006597618265,0.04647555899956308,79.29074600530649,-0.0,-0.4411533064180031,-0.48762886541756617,False,
2023-09-13,21.458419094112003,5.499258907838331,15.959160186273671,1936.141689704945,agort03,ara_deger,41.23794519973927,41.54653980327087,-0.1672688716527408,0.04622396946073665,79.183963769446,-0.0,0.028816237516593624,-0.017407731944143023,False,
2023-09-14,21.490296368918127,5.507131968879165,15.983164400038962,1925.6606324500272,agort03,ara_deger,41.01470881832572,41.383017697309405,0.007870088780814279,0.04623578910350064,79.24328210803299,-0.0,0.36784489951786803,0.3216091104143674,False,
2023-09-15,21.52217364372425,5.515005029919999,16.007168613804254,1926.15303111301,agort03,ima,41.02519643355992,41.455,0.09828257238378052,-0.05040639364504561,80.45399790814815,-0.0,0.42710097779542805,0.47750737144047367,False,
2023-09-18,21.53219464251977,5.551112339220638,15.981082303299132,1932.2929409718356,agort03,ara_deger,41.15597057454139,41.60650771137253,0.12879569335606733,-0.01687220999911558,80.47385662421405,-0.0,0.4331912917153199,0.4500635017144355,False,
2023-09-19,21.535534975451604,5.563148108987519,15.972386866464085,1940.352200721063,agort03,ara_deger,41.32762501163982,41.786522683322936,0.03017508172010613,-0.01688863744475492,81.22357117167897,-0.0,0.5678556506043169,0.5847442880490717,False,
2023-09-20,21.53887530838344,5.575183878754398,15.96369142962904,1942.241403754547,agort03,ara_deger,41.801256749636096,41.8336954142488,-0.10074273874662487,-0.016833762785880325,81.54247625851255,-0.0,1.2426566737213827,1.259490436507263,False,
2023-09-21,21.54221564131528,5.587219648521278,15.954995992794004,1935.930661706524,agort03,ara_deger,41.66543586345779,41.70423578111612,-0.01459012043310281,-0.01682581120315762,84.01105267147004,-0.0,0.4794334179295322,0.4962592291326898,False,
2023-09-22,21.54555597424712,5.599255418288157,15.946300555958961,1935.0162070466988,agort03,ima,41.645754811479726,41.691,-0.10031250220142729,0.0977806126477265,83.94814697423251,-0.0,-0.32370241977345104,-0.4214830324211776,False,
2023-09-25,21.5941969911555,5.597199428567696,15.996997562587804,1928.725562903287,agort03,ara_deger,41.51036647589434,41.649279747210855,0.055620560677515044,0.032652294323689816,83.01281754424596,-0.0,-0.33535288171395433,-0.36800517603764415,False,
2023-09-26,21.61041066345829,5.596514098660875,16.013896564797413,1932.2025004010832,agort03,ara_deger,41.58519772847029,41.75568951862834,-0.46683728302942185,0.0321596544314997,82.00852490589892,-0.0,0.14904171782329434,0.11688206339179463,False,
2023-09-27,21.626624335761083,5.595828768754054,16.03079556700703,1903.0504897620456,agort03,ara_deger,41.002280848986544,41.1565580340699,-0.26983027262797554,0.03187521050890698,81.78618612816733,-0.0,-0.5023247935951223,-0.5342000041040292,False,
2023-09-28,21.64283800806388,5.595143438847234,16.047694569216645,1886.2184946498808,agort03,ara_deger,40.63962615613916,40.82312132752148,-0.16722923048531804,0.03169911000279368,82.0542516167601,-0.0,0.5232454795010526,0.4915463694982589,False,
2023-09-29,21.65905168036667,5.5944581089404135,16.064593571426258,1875.7977311087984,agort03,ima,40.41510501197036,40.62800000000001,-0.25167300965829414,0.030442058516712035,81.75294383176518,-0.0,0.3490590791252101,0.31861702060849806,False,
2023-10-02,21.6850344750414,5.604075361761487,16.080959113279913,1860.1314144641035,agort03,ara_deger,40.0775655097918,40.337013850761615,-0.29394456312073625,-0.027054073257001446,81.57408664117534,-0.0,0.9954208326922351,1.0224749059492366,False,
2023-10-03,21.6735517125621,5.607281112701845,16.066270599860257,1841.8523702199084,agort03,ara_deger,39.68373333887276,39.91948259286626,0.35857864430386066,-0.02738190212034772,82.43717627183821,-0.0,-0.7879244850092962,-0.7605425828889485,False,
2023-10-04,21.6620689500828,5.610486863642203,16.051582086440597,1864.1710932910223,agort03,ara_deger,40.376178050635886,40.381802757621365,-0.3858333861025316,-0.027028832943795194,81.52956907315432,0.1262910000000019,0.5947562046286898,0.621785037572485,False,
2023-10-05,21.6505861876035,5.61369261458256,16.03689357302094,1840.133999375622,agort03,ara_deger,39.8555573912764,39.83997975022143,-0.06510620737378903,-0.026969200858793292,82.4301167890369,-0.0,0.39289159551329933,0.4198607963720926,False,
2023-10-06,21.6391034251242,5.616898365522919,16.022205059601283,1836.074222644091,agort03,ima,39.76762647723742,39.731,0.2511699441844252,0.29999330328553164,83.12706962677944,-0.0,0.7727676209390447,0.4727743176535131,False,
2023-10-09,21.720487671499544,5.536277369296726,16.184210302202818,1851.7505882410917,agort03,ara_deger,40.107161689863176,40.220925822582664,0.8317121039143057,0.10277293604116032,83.99477914393651,-0.0,-1.640600900375318,-1.7433738364164781,False,
2023-10-10,21.747615753624657,5.509403703887994,16.238212049736664,1903.140930332797,agort03,ara_deger,41.22022776509915,41.38877767787343,-0.19679148421303605,0.10211848689276626,81.4956565698224,-0.0,0.13698562203611875,0.03486713514335249,False,
2023-10-11,21.77474383574977,5.482530038479263,16.292213797270506,1891.0218938520395,agort03,ara_deger,40.920018340238514,41.176517326422555,0.3880156401878785,0.10340459342816785,82.57078375244566,-0.0,-0.5001671548441222,-0.6035717482722901,False,
2023-10-12,21.801871917874887,5.455656373070532,16.346215544804355,1914.8379108167128,agort03,ara_deger,41.435375594511605,41.747050875117104,-0.23719481952253013,0.10262099096524276,82.68332851271154,-0.0,0.6443110059831711,0.5416900150179284,False,
2023-10-13,21.829,5.428782707661801,16.400217292338198,1900.327223687182,agort03,irfcl_pdf,41.12137733494606,41.48224296586749,0.34922179791355634,0.10285942207267618,83.38520345065167,-0.0,-0.4983325940322316,-0.6011920161049078,False,
2023-10-16,21.90048765907853,5.44674294142852,16.45374471765001,1921.620953623108,agort03,ara_deger,41.58215455933623,42.08443598024959,0.17956238496799556,0.034481191849147504,82.57048390371514,-0.0,-0.08334768650435151,-0.117828878353499,False,
2023-10-17,21.924316878771368,5.452729686017426,16.471587192753944,1932.5341158271733,agort03,ara_deger,41.818305604965154,42.3694903344312,1.6199657136597374,0.03623598314988592,82.57225491887485,-0.1184595999999942,-2.058324578582556,-2.094560561732442,False,
2023-10-18,21.94814609846421,5.458716430606332,16.489429667857877,2030.8832120437407,agort03,ara_deger,44.020897740432666,44.57412144685429,-1.1526195803111217,0.03498878500052454,80.34569648296414,-0.0,0.5630401077242804,0.5280513227237559,False,
2023-10-19,21.971975318157053,5.464703175195238,16.507272142961817,1960.982699804808,agort03,ara_deger,42.50575236770717,43.08666347944422,0.3186569984793879,0.035333216806857644,82.17839526455022,-0.0,0.33003741854500834,0.2947042017381507,False,
2023-10-20,21.995804537849896,5.470689919784144,16.52511461806575,1980.2867371841912,agort03,ima,42.92418167492479,43.558,0.13799593366342797,0.12280223654684354,83.14337350216431,-0.0,-0.6879155588693124,-0.810717795416156,False,
2023-10-23,22.053416646601484,5.466550079424836,16.58686656717665,1988.6374165502857,agort03,ara_deger,43.10518883489242,43.856249506204634,0.1933495320014382,0.041174021906938335,81.97775840776882,-0.0,-0.4634558108598379,-0.5046298327667762,False,
2023-10-24,22.07262068285201,5.465170132638401,16.607450550213606,2000.2942012249785,agort03,ara_deger,43.35785827600248,44.151735157747396,0.6254942694162163,0.041949286201286774,81.6169375078069,-0.0,-0.8689015907577381,-0.9108508769590249,False,
2023-10-25,22.09182471910254,5.463790185851965,16.628034533250574,2037.957674467003,agort03,ara_deger,44.82651866398733,45.022203729274864,-0.7587753341994642,0.04100999186816526,80.89694944187617,-0.0,0.9755487313238987,0.9345387394557335,False,
2023-10-26,22.11102875535307,5.462410239065529,16.64861851628754,1992.325382046503,agort03,ara_deger,43.822799679292,44.05236381245002,0.04316370274420898,0.041063358513818905,82.18959500754357,-0.0,0.3735906424420218,0.33252728392820285,False,
2023-10-27,22.1302327916036,5.461030292279093,16.669202499324506,1994.918011741392,agort03,ima,43.879826655299794,44.14800000000001,-0.009045433128119226,0.009549783216820387,82.71716120391035,-0.0,0.2034572595284475,0.19390747631162714,False,
2023-10-30,22.157808197900906,5.48381734059298,16.673990857307928,1994.37536831688,agort03,ara_deger,43.86789077660049,44.1909868857834,0.3421496355764728,0.0032160133779920285,82.04607103307043,-0.0,0.1575541619792431,0.15433814860125109,False,
2023-10-31,22.167,5.491413023364275,16.675586976635728,2014.8953289252615,agort03,evds_aylik,44.31924381926683,44.664184756286275,-0.4584774795522577,0.06244393592186383,82.45492988874156,-0.0,0.4118752820920797,0.3494313461702159,False,
2023-11-01,22.206015574125843,5.49900870613557,16.707006867990273,1987.401395416676,agort03,ara_deger,43.98165553092888,44.13226633866214,0.12977735844079077,0.06268800061488915,83.0360503987417,-0.0,-0.4471062063237722,-0.5097942069386613,False,
2023-11-02,22.245031148251687,5.506604388906865,16.738426759344822,1995.169235549036,agort03,ara_deger,44.15355964134597,44.382601790821816,0.010933237391585388,0.06270852351921088,82.86440893907877,-0.0,0.6908235874879105,0.6281150639686996,False,
2023-11-03,22.28404672237753,5.514200071678161,16.769846650699368,1995.822417448911,agort03,ima,44.16801470884546,44.475,-0.014324148079277711,0.08862173293988108,84.21294259948378,-0.0144224099999945,-0.5302226491641531,-0.6188443821040341,False,
2023-11-06,22.298776831624668,5.484507552820315,16.814269278804353,1994.9682565029204,agort03,ara_deger,44.14911192826919,44.48535193793398,-0.4185282619267832,0.02917199932737369,83.83434537716322,-0.0,0.10691841803679886,0.07774641870942517,False,
2023-11-07,22.303686868040383,5.474610046534366,16.829076821506018,1970.077001641529,agort03,ara_deger,43.598262663711466,43.93998055054055,0.07170458629969086,0.029235090650478527,84.63669212384355,-0.0,-0.48432812164541766,-0.5135632122958962,False,
2023-11-08,22.308596904456092,5.464712540248417,16.843884364207675,1974.3377574191757,agort03,ara_deger,43.996234832082976,44.04470518351221,-0.3124602190841925,0.028960405314467856,83.7072059612373,-0.0,-0.2703619654527303,-0.29932237076719814,False,
2023-11-09,22.31350694087181,5.454815033962468,16.858691906909343,1955.7873914627248,agort03,ara_deger,43.58285761039223,43.64047553427309,0.24090413547429565,0.029171999327366686,83.68833344260248,-0.0,0.5607075111019398,0.5315355117745731,False,
2023-11-10,22.318416977287523,5.44491752767652,16.873499449611003,1970.077001641529,agort03,ima,43.90128795126126,43.969,-0.2792669525073402,0.2370813719244265,84.72929978999909,-0.0,-0.15783421937231362,-0.39491559129674014,False,
2023-11-13,22.465239354604694,5.470379182818559,16.994860171786137,1953.5263771939265,agort03,ara_deger,43.532473062786366,43.88643764919533,0.02271381172815922,0.07908119060765434,84.47658584151408,-0.0,0.20727297846746373,0.1281917878598094,False,
2023-11-14,22.51418014704376,5.478866401199238,17.035313745844523,1954.8628878505936,agort03,ara_deger,43.562255928704495,44.01213521983846,0.5133899789821013,0.08030033220052175,87.02351414176795,-0.0,0.00746162244872961,-0.07283870975179214,False,
2023-11-15,22.56312093948281,5.487353619579918,17.075767319902894,1984.999695815597,agort03,ara_deger,44.3020509110014,44.78778820152391,-0.1650730156696021,0.07990926377361211,87.0179438707585,-0.0,0.4666348680226893,0.38672560424907715,False,
2023-11-16,22.612061731921877,5.495840837960598,17.116220893961277,1975.3326036974468,agort03,ara_deger,44.08629671815066,44.66634277588464,0.36102818349129145,0.08076254093381388,88.89731248482875,-0.0,0.7581313500643809,0.6773688091305671,False,
2023-11-17,22.66100252436093,5.5043280563412775,17.156674468019652,1996.425354587257,londra,ima,44.5570535277075,45.241,-0.2450831964589117,0.24724598778844584,89.91432239611345,-0.0,-0.19876183382971996,-0.44600782161816577,False,
2023-11-20,22.699457990635985,5.418046650196813,17.28141134043917,1982.140348660511,londra,ara_deger,44.238234808911365,44.993511575963836,0.18048637311348395,0.08284957824192804,88.95524063300155,-0.0,0.4481829689469853,0.3653333907050572,False,
2023-11-21,22.712276479394337,5.389286181481992,17.322990297912344,1992.584308911092,londra,ara_deger,44.47132746867805,45.25612573249162,0.24512017935763475,0.08343792017008556,89.70946674425866,-0.0,0.13569506111257446,0.0522571409424889,False,
2023-11-22,22.72509496815269,5.36052571276717,17.36456925538552,2006.7343012127776,londra,ara_deger,45.47461106550442,45.6032275709099,-0.14486762130164074,0.08309103885234297,90.74315069498596,-0.0,0.6493682273068319,0.5662771884544889,False,
2023-11-23,22.73791345691104,5.331765244052349,17.406148212858692,1998.391588003424,londra,ara_deger,45.28555682040725,45.43925498104088,0.023050858438808892,0.08314610161814864,91.67834999735138,-0.0,0.9003673609437546,0.817221259325606,False,
2023-11-24,22.75073194566939,5.303004775337527,17.447727170331863,1999.715882049236,londra,ima,45.31556665112238,45.49499999999999,0.34476366988671375,-0.13712666317366928,91.17506315950358,-0.0,-0.03832843581995621,0.09879822735371308,False,
2023-11-27,22.738365972834693,5.358540913985538,17.379825058849157,2019.4756860925356,londra,ara_deger,45.76334362042847,45.91957722361351,-0.0006669002088873386,-0.04570801920924144,91.30485785514428,-0.0,0.2988389303095356,0.34454694951877707,False,
2023-11-28,22.7342439818898,5.377052960201542,17.35719102168826,2019.4373140026769,londra,ara_deger,45.76247407040332,45.91038060266906,0.41184486087791883,-0.04624507107865776,91.45002465143028,-0.0,0.13665065158848377,0.18289572266714155,False,
2023-11-29,22.730121990944895,5.395565006417546,17.33455698452735,2043.1649356186,londra,ara_deger,46.48349777104961,46.44138823423185,0.03143698910912938,-0.04628611891046023,91.06978363855276,-0.0,0.884776844184224,0.9310629630946842,False,
2023-11-30,22.726,5.41407705263355,17.311922947366448,2044.9784800395616,londra,evds_aylik,46.5247572340425,46.474180937379074,0.0979983414253049,0.27421149598587136,90.73480415527732,-0.0,2.243154243301857,1.9689427473159857,False,
2023-12-01,22.87823205554056,5.4325890988495535,17.445642956691007,2050.639222738293,londra,ima,46.65354327379474,46.915,0.42851098304140894,0.2516768845806135,93.47883878095136,-0.0,0.9423149204226289,0.6906380358420154,False,
2023-12-04,22.95255676571102,5.385635542289508,17.56692122342151,2075.201859042681,londra,ara_deger,47.21236122823484,47.63118846998618,-0.7323722647729719,0.08220691437068725,92.35902272676876,-0.3357485800000077,0.5681044363352369,0.4858975219645496,False,
2023-12-05,22.977331669101176,5.369984356769493,17.607347312331683,2033.5114424091437,londra,ara_deger,46.26387373470194,46.72466686514723,-0.10411665341309571,0.08196786478454014,92.63799073349185,-0.0,0.694401795802815,0.6124339310182749,False,
2023-12-06,23.00210657249133,5.354333171249477,17.64777340124185,2027.598192016214,londra,ara_deger,46.387861952341424,46.639029698947695,0.1974733054567404,0.0824202206269759,93.03506266815914,-0.0,0.864518548230488,0.7820983276035121,False,
2023-12-07,23.026881475881485,5.338681985729463,17.688199490152023,2038.7878928904809,londra,ara_deger,46.64386252557498,46.94692716405126,-0.10239077022002314,0.08218620820626976,94.78850250555612,-0.0,1.0983076900039248,1.0161214817976552,False,
2023-12-08,23.05165637927164,5.323030800209447,17.728625579062193,2032.9992443467424,londra,ima,46.51142848090337,46.86400000000001,-0.6285537201172868,-0.10033176498839953,94.87178066333333,-0.0,0.6306600371133051,0.7309918021017047,False,
2023-12-11,23.03659684659903,5.3581988024842655,17.678398044114765,1997.5450735022964,londra,ara_deger,45.70029973298736,46.016640541182426,-0.12543295813400604,-0.033325129068729885,93.90671215489736,-0.0,0.6170102056135979,0.6503353346823277,False,
2023-12-12,23.031577002374824,5.369921469909205,17.66165553246562,1990.4498062828911,londra,ara_deger,45.53797256304573,45.84319798276646,-0.052612288359624296,-0.03327525481718365,94.27150559931825,-0.0,0.16438727718713175,0.1976625320043154,False,
2023-12-13,23.02655715815062,5.381644137334144,17.644913020816475,1987.470907262756,londra,ara_deger,45.8144964180203,45.76461244624733,0.9207687604134566,-0.03414893334872124,92.6921595538966,-0.0,0.17764535929326264,0.21179429264198388,False,
2023-12-14,23.02153731392642,5.393366804759084,17.628170509167337,2039.6541489328729,londra,ara_deger,47.017406573756325,46.955974097162965,0.13959506747558714,-0.03428151500502764,91.93870018765708,-0.0,1.3614820019278313,1.395763516932859,False,
2023-12-15,23.01651746970221,5.405089472184023,17.611427997518188,2047.573011948351,londra,ima,47.19994948290365,47.12799999999999,-0.3724746953798415,0.21423720979969582,95.33556206775648,-0.0,0.6475467875022594,0.4333095777025635,False,
2023-12-18,23.118654661372837,5.401504824695354,17.717149836677482,2026.423409801817,londra,ara_deger,46.71241612166344,46.84818300892981,0.08014492909758102,0.07157181696800168,95.11211681139888,-0.0,0.38106240307369604,0.30949058610569435,False,
2023-12-19,23.15270039192971,5.400309942199131,17.752390449730576,2030.946988923537,londra,ara_deger,46.81669211318177,47.02190714643844,0.2159027838310646,0.07200040975294966,94.78735034923749,-0.0,0.318983169384688,0.24698275963173835,False,
2023-12-20,23.186746122486586,5.3991150597029085,17.787631062783678,2043.108888158597,londra,ara_deger,47.02525141680621,47.37304709032923,-0.05740505034455742,0.07188667964690791,95.19885613263668,-0.0,0.17794141705844999,0.10605473741154207,False,
2023-12-21,23.22079185304345,5.397920177206685,17.822871675836765,2039.8816427687,londra,ara_deger,46.95097146691063,47.36766703157632,0.35169565928405977,0.07258207659904296,96.32266600396612,-0.0,1.1802663491805845,1.1076842725815415,False,
2023-12-22,23.254837583600327,5.396725294710462,17.858112288889863,2059.614470658656,londra,ima,47.40515244476642,47.89600000000001,,,98.01215363007704,-0.0,,,False,
2023-12-25,23.271396709220376,5.458097620594162,17.813299088626213,2059.614470658656,ffill,ara_deger,47.40515244476642,47.93010541474851,,,98.6601239007954,-0.0,,,False,
2023-12-26,23.27691641776039,5.478555062555396,17.798361355204996,2059.614470658656,ffill,ara_deger,47.40515244476642,47.941473886331345,0.21137760803605832,-0.15400726367052578,94.65739296747408,-0.0,0.526347185118005,0.6803544487885308,True,
2023-12-27,23.282436126300407,5.499012504516629,17.78342362178378,2071.490710488692,londra,ara_deger,48.17218002835138,48.22935015317762,0.17675216138485778,-0.031091844430002458,92.8665144548202,-0.0,-0.08851604233369753,-0.05742419790369507,False,
2023-12-28,23.28795583484042,5.519469946477862,17.76848588836256,2081.429863103172,londra,ara_deger,48.403313408119736,48.47224672526462,-0.19278914120260823,-0.030929769123416686,92.26237560125236,-0.0,0.6616577299718306,0.6925874990952473,False,
2023-12-29,23.29347554338044,5.539927388439096,17.753548154941342,2070.579802922812,londra,ima,48.15099702085317,48.231000000000016,0.19425011579447207,0.32312558258027996,92.92775753536566,-0.0,0.08120685531036018,-0.24191872726991978,False,
2024-01-02,23.33615025366055,5.427366797968846,17.908783455691704,2081.521284259342,londra,ara_deger,48.40543939225817,48.574693445668466,-0.37485886332840646,0.039594796981711956,92.26987244717353,-0.0,-1.1394916665724282,-1.17908646355414,False,
2024-01-03,23.32722538049082,5.399226650351284,17.927998730139535,2060.5897193512146,londra,ara_deger,47.99829623264868,48.067840800028115,-0.1307020265176743,0.03945471021864945,91.25966781013386,-0.0,-0.9124168102757707,-0.9518715204944201,False,
2024-01-04,23.31830050732109,5.371086502733721,17.94721400458737,2053.2993335984565,londra,ara_deger,47.828477810415,47.87945089233095,-0.1715197943516509,0.039271071692881604,90.4791930670379,-0.1551263800000057,-0.2470581538546208,-0.2863292255475024,False,
2024-01-05,23.30937563415137,5.342946355116159,17.96642927903521,2043.7424299861293,londra,ima,47.605864309850816,47.63835999999999,-0.19295773644959166,0.06552201243192513,91.98943608432153,-0.0,-0.5154478086416755,-0.5809698210736006,False,
2024-01-08,23.33484769113672,5.336189228116867,17.99865846301985,2033.00252538668,londra,ara_deger,47.3556946047253,47.43980428559449,0.14497803651834043,0.02192720547880937,90.38207163978744,-0.0,-0.01601961419904721,-0.03794681967785658,False,
2024-01-09,23.3433383767985,5.333936852450436,18.009401524348064,2041.057461081816,londra,ara_deger,47.54332205234345,47.645094960522066,-0.009877293060423476,0.021921313424875126,90.51285591260456,-0.0,-0.2918238265022896,-0.31374513992716474,False,
2024-01-10,23.351829062460283,5.331684476784005,18.020144585676277,2040.50900903875,londra,ara_deger,47.5629909765542,47.64961757948311,-0.07340880631199732,0.02187754933049611,90.3474534031126,-0.0,0.19128736108846311,0.16940981175796702,False,
2024-01-11,23.360319748122063,5.329432101117575,18.030887647004487,2036.435301085799,londra,ara_deger,47.46803538765503,47.57177977972749,0.17016367802799287,0.021978935289132168,90.24792476746391,-0.0,0.8271124342527814,0.8051334989636492,False,
2024-01-12,23.36881043378385,5.327179725451144,18.041630708332704,2045.8726444578688,londra,ima,47.688013969303086,47.80961,0.2319401123598932,0.10202561937249455,92.10559020693589,-0.0,0.6449333258661611,0.5429077064936666,False,
2024-01-15,23.405476602156607,5.314288304901014,18.09118829725559,2058.728473075,londra,ara_deger,47.98767530762804,48.18552110675051,-0.23603279867444468,0.033793016516621914,92.15342040268132,-0.0,-1.9456903409017228,-1.9794833574183446,False,
2024-01-16,23.417698658280862,5.309991164717637,18.107707493563225,2045.6816353108795,londra,ara_deger,47.68356166534634,47.905156086489384,-0.3093180629163781,0.033510833595088135,88.4892028725007,-0.0,-0.47106117454251706,-0.5045720081376052,False,
2024-01-17,23.42992071440512,5.305694024534261,18.12422668987086,2028.5995136217407,londra,ara_deger,47.40595747989256,47.52992576543817,-0.2393262465755521,0.03329270140568997,89.2511214075109,-0.0,-0.33050420470186115,-0.3637969061075511,False,
2024-01-18,23.44214277052937,5.301396884350884,18.140745886178486,2015.3947435275052,londra,ara_deger,47.09737771073869,47.2451713167462,0.3523726801139563,0.03361357649610249,89.1942498408218,-0.0,0.33928670951122697,0.3056731330151245,False,
2024-01-19,23.454364826653624,5.297099744167507,18.157265082486116,2034.819120139408,londra,ima,47.55130228557665,47.725390000000004,-0.1396180728947885,0.18898250103728198,90.55569861153342,-0.0,-0.9893952741313443,-1.1783777751686264,False,
2024-01-22,23.553984131316763,5.303492405710734,18.25049172560603,2027.1297422369253,londra,ara_deger,47.371610671019816,47.74698178076878,0.07918002889755238,0.06312898873682013,89.51246152582237,-0.0,-0.3031898165381599,-0.36631880527498006,False,
2024-01-23,23.587190566204477,5.30562329289181,18.281567273312668,2031.4682570609648,londra,ara_deger,47.47299660150695,47.91662890849224,0.104762210007657,0.06330706663385587,88.273079813769,-0.0,-0.8369791108768773,-0.9002861775107331,False,
2024-01-24,23.620397001092183,5.307754180072886,18.312642821019296,2037.1987400355065,londra,ara_deger,47.78120247319186,48.11944300976345,-0.26096781945804265,0.06286421859699969,88.59820208034694,-0.0,-0.2000584117682243,-0.262922630365224,False,
2024-01-25,23.6536034359799,5.309885067253961,18.343718368725938,2022.9480487503304,londra,ara_deger,47.44696156075732,47.850010916729644,0.06935323330635403,0.06298170784682179,89.7216501893333,-0.0,0.7618029018273031,0.6988211939804814,False,
2024-01-26,23.686809870867613,5.3120159544350365,18.374793916432576,2026.7288107481047,londra,ima,47.53563693197588,48.006739999999986,0.10279518190107817,0.11319320531664384,89.60005056082201,-0.0,-0.9856690695530408,-1.0988622748696846,False,
2024-01-29,23.71812394834705,5.287633572297524,18.430490376049526,2032.323169104916,londra,ara_deger,47.66684905384756,48.202892827927876,0.1501413515478456,0.037882309517336274,87.24502897786522,-0.0,-0.04473351753688262,-0.0826158270542189,False,
2024-01-30,23.728561974173523,5.279506111585019,18.449055862588505,2040.469525956221,londra,ara_deger,47.85791667944618,48.41740760306466,0.03957026393847709,0.03792212950639692,86.995116634711,-0.0,-0.3863505766681511,-0.42427270617454804,False,
2024-01-31,23.739,5.271378650872514,18.467621349127487,2042.6143654663404,londra,evds_aylik,48.3830181143041,48.48962242180546,-0.036463435396412905,0.03727944914451006,85.97187408353702,-0.0,0.8627122225914435,0.8254327734469334,False,
2024-02-01,23.74914104854381,5.263251190160011,18.4858898583838,2040.6399132774484,londra,ara_deger,48.3362496407067,48.46344512971432,0.32760588545581526,0.03760320262334478,85.16980576237565,-0.0,-1.1713490857075077,-1.2089522883308526,False,
2024-02-02,23.75928209708762,5.255123729447506,18.504158367640116,2058.361856227749,londra,ima,48.75602593391283,48.905199999999994,-0.5539756125993901,0.06468482889169323,86.82605065017165,0.4205405100000092,-1.0737452250255624,-1.1384300539172556,False,
2024-02-05,23.794077601700423,5.258030028334324,18.536047573366098,2028.423957859554,londra,ara_deger,48.04689262733204,48.26447706245854,0.003831275729101905,0.021563806724976754,84.81282594349885,-0.0,0.15849018807922177,0.136926381354245,False,
2024-02-06,23.80567610323802,5.258998794629931,18.54667730860809,2028.63065109952,londra,ara_deger,48.05178853080871,48.292924213176036,0.18383697497198767,0.02166916998435705,84.69581734940873,-0.0,0.4150889748010329,0.3934198048166759,False,
2024-02-07,23.817274604775623,5.259967560925537,18.557307043850088,2038.542775622583,londra,ara_deger,48.43431287299693,48.55253308058455,-0.005550889753833676,0.021665990401857814,84.77759951762036,-0.0,0.6794952558627942,0.6578292654609365,False,
2024-02-08,23.82887310631322,5.260936327221143,18.56793677909208,2038.243654109924,londra,ara_deger,48.427205960596375,48.569049393533554,-0.024821635989968803,0.0216517805614296,85.24518651027293,-0.0,0.7031951854275457,0.6815434048661161,False,
2024-02-09,23.840471607850823,5.261905093516749,18.578566514334074,2036.9068531349271,londra,ima,48.39544452912375,48.56082,-0.21080115268169855,0.11362827876882506,86.39149487528113,-0.0,-0.45104210440784687,-0.564670383176672,False,
2024-02-12,23.878154827760408,5.243491107077779,18.634663720682628,2025.560382861289,londra,ara_deger,48.12586054108617,48.36664443493951,0.10999590470436317,0.03798646899512247,84.24051740275489,-0.0,-0.236044467294383,-0.2740309362895055,False,
2024-02-13,23.8907159010636,5.237353111598122,18.65336278946548,2031.4631405580797,londra,ara_deger,48.266105826354966,48.53310875455551,-0.6505508789486482,0.03733432408327083,83.93396829647673,-0.0,-0.3397419691901823,-0.3770762932734531,False,
2024-02-14,23.9032769743668,5.231215116118466,18.672061858248334,1996.5873443656608,londra,ara_deger,47.59958389594382,47.72498029588786,0.06809438365880334,0.03740251695736424,83.22405248365149,-0.0,0.11583931060397694,0.0784367936466127,False,
2024-02-15,23.91583804766999,5.22507712063881,18.690760927031178,2000.234203731046,londra,ara_deger,47.6865267431021,47.837277273841835,0.19829126017969942,0.03760089635603504,84.76843157914215,-0.0,0.5462522010510006,0.5086513046949656,False,
2024-02-16,23.928399120973182,5.218939125159153,18.70945999581403,2010.8432560298704,londra,ima,47.939451553218426,48.116260000000004,0.2489579557748652,-0.09816981516236965,86.2440589042277,-0.0,0.811847752246556,0.9100175674089257,False,
2024-02-19,24.105371401381408,5.444410689528722,18.660960711852688,2024.149784162193,londra,ara_deger,48.25668545935614,48.79288231925568,0.10825319593487584,-0.03281705400368351,86.73314854261335,-0.0,-1.4348036256779304,-1.401986571674247,False,
2024-02-20,24.16436216151748,5.519567877651911,18.644794283865572,2029.9508357589696,londra,ara_deger,48.39498526524477,49.05246716535483,0.06195150533681921,-0.03287077058185932,83.11343122168381,-0.0,-1.3996168689561221,-1.3667460983742628,False,
2024-02-21,24.223352921653557,5.5947250657751,18.628627855878456,2033.273559753325,londra,ara_deger,48.65298125989948,49.25270302417164,0.01782048340410069,-0.03288623568019489,83.40212428712935,-0.0,-1.5736421185743015,-1.5407558828941066,False,
2024-02-22,24.28234368178963,5.669882253898289,18.61246142789134,2034.2301778972896,londra,ara_deger,48.67587160065463,49.39587630757005,-0.1874656073259478,-0.03272340663941287,82.59634318360196,-0.0,-0.30995062979204263,-0.27722722315262976,False,
2024-02-23,24.341334441925703,5.745039442021479,18.596294999904224,2024.1581297669427,londra,ima,48.43486361302604,49.27071,0.2410395232883064,-0.10983248151437787,83.34658722477266,-0.0,-0.9452202570602839,-0.835387775545906,False,
2024-02-26,24.32866722096285,5.786287793487356,18.542379427475495,2037.1198258085224,londra,ara_deger,48.7450162491937,49.56041033132135,0.07168305361216411,-0.03668030464213283,81.56718887979781,-0.0,-0.669925758531987,-0.6332454538898542,False,
2024-02-27,24.324444813975237,5.800037243975981,18.524407569999255,2040.985729528837,londra,ara_deger,48.83752113637664,49.64584474403519,-0.19054353559713008,-0.036495444680940375,81.34191458574003,-0.0,-0.12207663613083944,-0.08558119144989906,False,
2024-02-28,24.320222406987615,5.813786694464607,18.506435712523007,2030.6996496702984,londra,ara_deger,49.42993932372609,49.38706712177349,0.11967915497701796,-0.03661166677520358,80.33869723532773,-0.0,-0.3251027562552573,-0.28849108948005375,False,
2024-02-29,24.316,5.827536144953232,18.488463855046767,2037.1665435031305,londra,evds_aylik,49.587352149311485,49.53574167182212,0.33289374467720495,0.406429487207817,79.54058925037056,-0.0,-0.20290847652108585,-0.6093379637289029,False,
2024-03-01,24.52750880188118,5.841285595441858,18.686223206439323,2055.1720277492614,londra,ima,50.02562966313538,50.40825,0.6298218873460868,0.1632665060784968,80.86751324649777,-0.0,-1.5343756779621998,-1.6976421840406966,False,
2024-03-04,24.416220087026566,5.651836944663186,18.76438314236338,2088.877174069522,londra,ara_deger,50.84605790213089,51.00248481684755,0.739613845117866,0.05544908176009066,78.28626297434224,0.04064142,-1.9468020524149507,-2.0022511341750415,False,
2024-03-05,24.3791238487417,5.588687394403629,18.79043645433807,2128.2930098849865,londra,ara_deger,51.805491944023146,51.885918874397326,0.059350799298611104,0.05553137281775433,77.52572197435029,-0.0,-2.095127570399503,-2.150658943217257,False,
2024-03-06,24.342027610456828,5.525537844144072,18.816489766312756,2131.451574053671,londra,ara_deger,52.27919724338491,51.88385306596612,0.5819710575959303,0.05633716995166366,75.71502849118994,-0.0,-1.362124219400081,-1.4184613893517448,False,
2024-03-07,24.30493137217196,5.462388293884515,18.842543078287445,2162.3803532693264,londra,ara_deger,53.037803147828335,52.55650608674394,0.21076498946696168,0.05662859165631945,75.12121492846646,-0.0,-1.2058359387245996,-1.262464530380919,False,
2024-03-08,24.26783513388709,5.399238743624958,18.868596390262134,2173.5659447572307,londra,ima,53.31215784150216,52.74774000000001,0.20409890010351456,0.12367845736357531,77.21361683829176,-0.0,-1.9895552413519466,-2.113233698715522,False,
2024-03-11,24.30988048276789,5.384664686195376,18.925215796572516,2184.382801288692,londra,ara_deger,53.57746838528625,53.10208482794183,-0.052112005469676315,0.041174183856239006,75.39240537181665,-0.0,-1.1227728886344623,-1.1639470724907013,False,
2024-03-12,24.32389559906149,5.379806667052182,18.944088932009308,2181.629226057116,londra,ara_deger,53.50993004455714,53.065721530474605,-0.30918270271794607,0.0408661591714014,74.97354050106335,-0.0,-1.2031308278394446,-1.243996987010846,False,
2024-03-13,24.337910715355093,5.374948647908988,18.962962067446107,2165.308425208492,londra,ara_deger,52.547347876976346,52.699083123930414,0.1763027020812747,0.041041626736127094,73.64969009928822,-0.0,-1.0620078982170522,-1.1030495249531793,False,
2024-03-14,24.351925831648693,5.370090628765794,18.9818352028829,2174.6056384526155,londra,ara_deger,52.77297111518934,52.95583522068315,0.015477352285417413,0.041057015457120795,73.18108152239517,-0.0,-0.17949398537635725,-0.22055100083347803,False,
2024-03-15,24.365940947942292,5.3652326096226,19.00070833831969,2175.421015475964,londra,ima,52.79275855036392,53.00617999999999,-0.2766340214999431,0.0750205023257828,75.10803282267398,-0.0,-1.3879954518905158,-1.4630159542162986,False,
2024-03-18,24.41452566485559,5.379099465451767,19.035426199403823,2160.8618729127343,londra,ara_deger,52.43943967894871,52.756417654435865,-0.051110516089120255,0.0249757613817076,72.24548849851007,-0.0,-1.3249535568087483,-1.349929318190456,False,
2024-03-19,24.43072057049335,5.383721750728156,19.046998819765193,2158.176852070347,londra,ara_deger,52.37428003581461,52.72581561463761,0.011949444605204,0.024983021653401428,72.58130294410081,-0.0,-1.5503900120394845,-1.575373033692886,False,
2024-03-20,24.446915476131117,5.388344036004544,19.058571440126574,2158.8042183403973,londra,ara_deger,52.60129610225084,52.776104255282995,1.0014459238227362,0.02559111305862359,71.10816617493626,-0.0,-0.768689100207345,-0.7942802132659686,False,
2024-03-21,24.46311038176888,5.392966321280934,19.070144060487948,2211.3499155333284,londra,ara_deger,53.88162145712226,54.096497076407104,-0.7551692836543071,0.025132842402632253,72.54964490791494,-0.0,0.057115678039184825,0.031982835636552576,False,
2024-03-22,24.479305287406643,5.397588606557322,19.08171668084932,2171.7503571210264,londra,ima,52.91674095528352,53.16294,0.013834529326703548,0.06618949535992018,70.90673820200121,-0.0,0.8250917199745967,0.7589022246146766,False,
2024-03-25,24.54774587851808,5.435561880887311,19.112183997630765,2172.4753720428016,londra,ara_deger,52.93440662605387,53.32937336024571,0.4923132012427784,0.022324768961450626,70.25892458628338,-0.0,0.02103508590100117,-0.0012896830604494543,False,
2024-03-26,24.57055940888856,5.448219638997308,19.12233976989125,2198.2345004241424,londra,ara_deger,53.56205202706408,54.01185138733985,-0.06540552787801114,0.022290032435811027,70.1790177902796,-0.0,-1.0270290579072587,-1.0493190903430698,False,
2024-03-27,24.59337293925904,5.460877397107304,19.132495542151737,2194.814127778061,londra,ara_deger,53.72752508299229,53.9778823768004,0.27913063209917494,0.022438198529668406,68.65960359796907,-0.0,-0.08096961939006758,-0.103407817919736,False,
2024-03-28,24.61618646962952,5.473535155217301,19.142651314412216,2209.4034755964994,londra,ara_deger,54.084662182184,54.38708794193098,,,68.50189742567068,-0.0,,,False,
2024-03-29,24.639,5.486192913327297,19.152807086672702,2209.4034755964994,ffill,irfcl_pdf,54.084662182184,54.437492235222145,,,69.71405248093538,-0.0,,,False,
2024-04-01,24.65118384070074,5.894755975135414,18.756427865565325,2209.4034755964994,ffill,ara_deger,54.084662182184,54.46441125521248,1.0531530204967698,-1.1342606409226672,69.29999207552208,-0.0,-0.37277171418149924,0.7614889267411681,True,
2024-04-02,24.66336768140148,6.030943662404786,18.632424018996694,2265.55238774785,londra,ara_deger,55.45914854429268,55.87615154050227,0.23084539276699606,-0.28247354952144027,68.36486658570337,0.1091863199999991,1.2854118784355182,1.5678854279569585,False,
2024-04-03,24.67555152210222,6.167131349674158,18.508420172428064,2277.9418327568105,londra,ara_deger,56.06514943699989,56.20947105854264,0.36162842665416034,-0.28489640979346287,67.83611788371003,-0.0,2.535771441660666,2.820667851454129,False,
2024-04-04,24.687735362802965,6.303319036943531,18.384416325859434,2297.480422397912,londra,ara_deger,56.54603702256692,56.71958866938043,-0.051730198831869544,-0.2845474869054548,68.9463958571609,0.0010000000000047,2.8007167699563564,3.0852642568618114,False,
2024-04-05,24.699919203503704,6.439506724212903,18.2604124792908,2294.66661542602,londra,ima,56.47678305563175,56.67808,0.8473764274398689,0.1071110627898363,69.85712485982285,-0.0,1.1039578563345689,0.9968467935447326,False,
2024-04-08,24.72691706899228,6.420751586202093,18.306165482790185,2341.071724204416,londra,ara_deger,57.61891465920845,57.88748637696536,0.44917324218322063,0.03607789712985528,69.96762795338043,-0.0,0.11378200619848089,0.07770410906862561,False,
2024-04-09,24.735916357488478,6.414499873531824,18.321416483956654,2365.608443410057,londra,ara_deger,58.22281718611939,58.515492590759685,-0.2158780880934777,-0.056229951359450824,69.79994348387496,-0.0,0.2707182163550573,0.3269481677145081,False,
2024-04-15,24.78991208846563,6.492384354370865,18.297527734094764,2353.825616013359,londra,ara_deger,58.1393025346673,58.35113009254963,0.39169836739402986,-0.0551384587219743,68.80968010801845,-0.0,0.2684766973965419,0.3236151561185162,False,
2024-04-16,24.798911376961826,6.524597560654147,18.27431381630768,2375.2327904189024,londra,ara_deger,58.66805801285953,58.9031874692521,0.4041865775693347,-0.055651898191008256,67.2551683411841,-0.0,-0.28001725594275845,-0.2243653577517502,False,
2024-04-17,24.807910665458014,6.556810766937431,18.251099898520582,2397.350533477941,londra,ara_deger,59.22974064799732,59.47325786830887,-0.2253801120240073,-0.05536523298064141,66.92721725970745,-0.0,-0.3506881606400114,-0.29532292765937,False,
2024-04-18,24.81690995395421,6.589023973220714,18.227885980733497,2385.0016825441803,londra,ara_deger,58.92464582440208,59.188371995728204,0.04602487261202395,-0.05542384743601024,65.87966292200768,-0.0,1.513663822711282,1.5690876701472922,False,
2024-04-19,24.8259092424504,6.621237179503997,18.204672062946404,2387.526652947258,londra,ima,58.98702858404848,59.27252,-0.39950585437241565,0.4843833313720838,67.11501369017566,-0.0,-0.40646999099395337,-0.8908533223660371,False,
2024-04-22,24.952533339536167,6.543098367887743,18.409434971648423,2365.58141531864,londra,ara_deger,58.44484223497253,59.02724913312552,-0.8069842097433925,0.31693831703361897,66.10410064546664,-0.0,1.3347187397607687,1.0177804227271499,False,
2024-04-24,25.03694940426001,6.491005826810241,18.54594357744977,2321.7460552988355,londra,ara_deger,57.639456852866125,58.129438516057206,0.1578049174421083,0.15904992511892288,65.85558222053209,-0.0,2.2501688850831063,2.0911189599641835,False,
2024-04-25,25.079157436621934,6.46495955627149,18.614197880350446,2330.2549196110285,londra,ara_deger,57.85069714603694,58.44082999638777,0.42531317614600217,0.16060945803776042,66.8707791009632,-0.0,1.6069136897801797,1.4463042317424193,False,
2024-04-26,25.121365468983857,6.438913285732738,18.68245218325112,2353.103778255374,londra,ima,58.417940837035054,59.11318,-0.17209678869950057,-0.2942644053617501,65.69469314225748,-0.0,2.263108828562754,2.557373233924504,False,
2024-04-29,25.135341367245964,6.578434385371165,18.5569069818748,2343.8920973148074,londra,ara_deger,58.18925248203413,58.91452799399779,-0.48570921431570885,-0.09699279343852914,65.55970679776101,-0.0,3.787845970835918,3.884838764274447,False,
2024-04-30,25.14,6.6249414185839735,18.515058581416028,2317.7180579239694,londra,evds_aylik,57.53945815560886,58.26743197620859,-0.17167723807875224,-0.3903462286332189,67.44003293415022,-0.0,2.397052326306058,2.7873985549392772,False,
2024-05-02,25.06391924241042,6.717955485009592,18.345963757400828,2308.4457546620683,londra,ara_deger,57.99130946819007,57.858697970335264,-0.04664866120515722,-0.1949581338647376,67.15002506660522,-0.0,2.454234809310003,2.6491929431747407,False,
2024-05-03,25.02587886361563,6.7644625182224,18.26141634539323,2305.903033994895,londra,ima,57.92743285302447,57.70725,,,68.98572261658838,-0.0460904200000058,,,False,
2024-05-06,25.161535263418187,6.60762826911455,18.553906994303638,2305.903033994895,ffill,ara_deger,57.92743285302447,58.02006050388554,0.2459833799978814,0.9005660239628591,70.42231440100352,-0.0,5.669111762554053,4.768545738591193,True,
2024-05-07,25.20675406335237,6.5553501860786,18.651403877273772,2319.1608012173674,londra,ara_deger,58.260486068722905,58.45851594965342,-0.10519520360039616,0.22556106008433097,70.9214459966098,-0.0,2.8402267612679166,2.6146657011835854,False,
2024-05-08,25.25197286328656,6.50307210304265,18.74890076024391,2313.520732282472,londra,ara_deger,57.89788959456448,58.42096275024784,0.011665525350865697,0.22562172243324166,72.79184775327107,-0.0,2.269187387733183,2.0435656652999414,False,
2024-05-09,25.29719166322074,6.4507940200067,18.84639764321404,2314.142930111563,londra,ara_deger,57.91346064206452,58.54131723911945,1.1549868809227126,0.23159674338384031,73.68275664248786,-0.0,3.0081102241350193,2.776513480751179,False,
2024-05-10,25.342410463154927,6.398515936970751,18.943894526184174,2375.4271554997813,londra,ima,59.44715224288058,60.19905,-0.5478385856118649,-0.0810620541236977,74.91544185063816,-0.0,2.105480140238478,2.186542194362176,False,
2024-05-13,25.381234550374245,6.471885846720335,18.90934870365391,2346.5081502311104,londra,ara_deger,58.72342872017057,59.55727373538062,0.03639594016930837,-0.02704284883617815,74.7283405068421,-0.0,1.9114759332877593,1.9385187821239376,False,
2024-05-14,25.39417591278068,6.496342483303529,18.89783342947715,2348.4329092875805,londra,ara_deger,58.77159750715943,59.63651841781213,0.5196115160642868,-0.02735947079683271,75.42757721783089,-0.0,1.2910495773411226,1.3184090481379553,False,
2024-05-15,25.40711727518712,6.520799119886724,18.886318155300394,2375.928734034019,londra,ara_deger,60.21176120909416,60.36549998308918,0.267202234139545,-0.027522388045250156,75.30776255650599,-0.0,1.7467888410245032,1.7743112290697534,False,
2024-05-16,25.42005863759356,6.545255756469919,18.874802881123642,2390.076660164584,londra,ara_deger,60.57030376029734,60.755888849727505,-0.04234749178573239,-0.027496552385851667,77.12614387448198,-0.0,2.1919457393755915,2.219442291761443,False,
2024-05-17,25.433,6.569712393053114,18.863287606946887,2387.833061010069,londra,irfcl_pdf,60.51344554960882,60.72975824066908,1.0954599293610743,-0.14417384633291544,78.6049271155109,-0.0,1.386348392845563,1.5305222391784785,False,
2024-05-20,25.4062455037011,6.601902845793754,18.80434265790735,2445.906709262012,londra,ara_deger,61.98517178070244,62.14130633466035,-0.43749097278574245,-0.04760082240058444,79.07206264054739,-0.0,1.9226111949627023,1.9702120173632867,False,
2024-05-21,25.397327338268138,6.6126329967073,18.784694341560837,2422.6412869739443,londra,ara_deger,61.3955698994796,61.52861378848046,-0.03193990793619552,-0.04756741406272183,80.85143373158346,-0.1575402699999983,3.1761843719803253,3.223751786043047,False,
2024-05-22,25.38840917283517,6.623363147620847,18.765046025214325,2420.940971421536,londra,ara_deger,61.41571909278366,61.463839965731005,-1.0489800443561514,-0.04646905854976474,83.00440009198536,-0.0,2.4910466828859943,2.537515741435759,False,
2024-05-23,25.379491007402205,6.634093298534394,18.745397708867813,2365.040226869849,londra,ara_deger,59.99759925219623,60.023517169987805,-0.38866847453102726,-0.04606166889285002,82.10254706025088,-0.0,2.4433400863277255,2.4894017552205754,False,
2024-05-24,25.37057284196924,6.644823449447941,18.725749392521298,2344.3061522683183,londra,ima,59.47160621213102,59.47639,,,82.80565656325108,-0.0,,,False,
2024-05-27,25.406830879240808,6.562364817593088,18.84446606164772,2344.3061522683183,ffill,ara_deger,59.47160621213102,59.561389939844915,0.07512346507206298,0.3712353784159957,83.50372846852905,-0.0,2.3687277631712993,1.9974923847553034,True,
2024-05-28,25.41891689166466,6.534878606974805,18.884038284689858,2348.292652327609,londra,ara_deger,59.57273786742331,59.691055766822274,0.03336482354288858,0.09299707786742512,82.66621469775282,-0.0,1.8508039509634024,1.7578068730959773,False,
2024-05-29,25.43100290408852,6.50739239635652,18.923610507732,2350.0594790539635,londra,ara_deger,59.62235519629886,59.7643694366021,-0.22932408296794465,0.0925175254185545,83.70680241626098,-0.0,1.2266499337403782,1.1341324083218238,False,
2024-05-30,25.443088916512373,6.479906185738236,18.963182730774136,2337.9410684116474,londra,ara_deger,59.31490417636909,59.484442485163484,0.16913741305337943,0.09287048006385107,83.83290377584558,-0.0,1.1219520006103405,1.0290815205464894,False,
2024-05-31,25.45517492893623,6.452419975119952,19.00275495381628,2346.8603208100803,londra,ima,59.54119071903944,59.73974,-0.3052858465655554,0.07075357360833354,84.07803624124287,-0.0,1.0266482932121677,0.9558947196038341,False,
2024-06-03,25.506957102249277,6.473846165004937,19.03311093724434,2330.794974111272,londra,ara_deger,59.13360367038582,59.45148741879443,0.10586524305534986,0.023640806166833415,85.4283880095189,-0.0,2.004428722380217,1.9807879162133835,False,
2024-06-04,25.52421782668696,6.480988228299931,19.04322959838703,2336.3571359357056,londra,ara_deger,59.27471890211145,59.63368845855743,0.01109677070915536,0.023646702459888428,87.18894914638895,0.1389253599999982,0.8387555513335379,0.8151088488736494,False,
2024-06-05,25.54147855112464,6.488130291594926,19.053348259529713,2336.939850682268,londra,ara_deger,59.48721269751925,59.68889907146957,0.5492821781124405,0.023938409731308053,86.49858031581735,-0.0,-0.5214599409430324,-0.5453983506743404,False,
2024-06-06,25.55873927556232,6.495272354889921,19.0634669206724,2365.7684938493667,londra,ara_deger,60.22105085230163,60.466060120635724,-0.346457165732289,0.023754514394995516,85.43948341507297,-0.0,1.38650584415293,1.3627513297579346,False,
2024-06-07,25.576,6.502414418184916,19.073585581815085,2347.594613559177,londra,irfcl_pdf,59.7584315503773,60.04207983638952,-0.9384224406574299,-0.5589236165945689,86.36833082889379,-0.0,0.6877641717469435,1.2466877883415124,False,
2024-06-10,25.318857142857144,6.48845157859835,18.830405564258793,2298.3945071275825,londra,ara_deger,58.50603423463878,58.192722183890815,0.2167484227866867,-0.18724091787051603,85.98386457166532,-0.0,0.6029091581723482,0.7901500760428642,False,
2024-06-11,25.23314285714285,6.483797298736162,18.749345558406688,2309.905062332941,londra,ara_deger,58.79903743092036,58.28616442428456,0.13429516266792585,-0.18782152302482624,86.2712396765296,-0.1166410300000038,0.9066998499034018,1.0945213729282282,False,
2024-06-12,25.14742857142857,6.479143018873973,18.668285552554597,2317.0677210107906,londra,ara_deger,59.0184046098127,58.26829500928164,0.04256331708188292,-0.18800633821432697,87.57633411171554,-0.0,1.6609016221358983,1.8489079603502252,False,
2024-06-13,25.061714285714285,6.474488739011785,18.5872255467025,2319.3477009779954,londra,ara_deger,59.07647834627995,58.12682941113881,0.07234104750531602,-0.18832182186298882,87.87681424599754,-0.0,1.819819329037174,2.0081411509001628,False,
2024-06-14,24.976,6.469834459149596,18.506165540850404,2323.239677611278,londra,irfcl_pdf,59.17561150910991,58.02523418801927,0.2825054073789486,-0.2797929270655174,87.13403866743471,0.2548715500000007,0.42712507111136966,0.706917998176887,False,
2024-06-20,24.962750626395664,6.576231145231419,18.386519481164246,2338.5051526096154,londra,ara_deger,58.24792531683776,58.37552096313516,0.5570810123680591,-0.047236334003438976,87.36908134929658,-0.0,0.10248245849347948,0.14971879249691844,False,
2024-06-21,24.96054239746161,6.593963926245056,18.366578471216553,2368.803492267578,londra,ima,59.00260204853182,59.12662,-0.6669134764310656,-0.16230414388679093,88.53170043603373,-0.0,-0.029647247164432455,0.13265689672235847,False,
2024-06-24,24.927810867534205,6.630816397991881,18.296994469542327,2332.492239331914,londra,ara_deger,58.09815454419466,58.143925392057284,0.05748915280307818,-0.054174258935168786,87.83000802198539,-0.0,0.20648254324156037,0.26065680217672915,False,
2024-06-25,24.916900357558408,6.643100555240822,18.273799802317587,2335.634239123124,londra,ara_deger,58.17641606479884,58.19676560793263,-0.25899156975616966,-0.05384552471791011,87.36200832407451,-0.0,-1.6219278914545376,-1.5680823667366275,False,
2024-06-26,24.905989847582607,6.655384712489763,18.250605135092844,2321.461403010335,londra,ara_deger,57.944935773910174,57.81829413493027,-0.12055899136154623,-0.053692306473088466,86.34688756829178,-0.0,0.4716006409640944,0.5252929474371828,False,
2024-06-27,24.89507933760681,6.667668869738705,18.227410467868104,2314.8556499150727,londra,ara_deger,57.78005259370872,57.62851505974311,0.34706740493019983,-0.05413395521833416,86.00760960468625,-0.0,0.7003570302010391,0.7544909854193733,False,
2024-06-28,24.884168827631004,6.679953026987646,18.204215800643357,2333.896610535454,londra,ima,58.25532529856214,58.0770772828,-0.0664469981492345,-0.0617580270853772,84.76775490907896,-0.0,0.6616069582843124,0.7233649853696895,False,
2024-07-01,24.917678073083213,6.739965059376991,18.17771301370622,2330.246522068205,londra,ara_deger,58.164217110620896,58.06433266781733,0.026641021782242414,-0.12434073469894201,86.18413166881707,-0.0,1.0985293566380152,1.2228700913369572,False,
2024-07-02,24.884356146166425,6.75996907017344,18.124387075992985,2331.712109172708,londra,ara_deger,58.20079895968,58.02315455498256,0.32780796873985873,-0.12530521792530605,86.83223382868563,-0.0,1.0434037056096515,1.1687089235349575,False,
2024-07-03,24.851034219249637,6.779973080969889,18.07106113827975,2349.7986776930893,londra,ara_deger,58.472787006658926,58.39492734769851,0.22494059320728074,-0.12596899566202902,86.51827738576833,-0.0,0.5857686198460268,0.7117376155080558,False,
2024-07-04,24.81771229233285,6.799977091766337,18.017735200566513,2362.2462363331733,londra,ara_deger,58.78253415735061,58.625547456962806,0.12340417033868703,-0.12633422708695188,87.07430875370495,-0.0921742199999968,2.5020485625472135,2.6283827896341654,False,
2024-07-05,24.78439036541606,6.819981102562785,17.964409262853273,2369.0952752920102,londra,ima,58.95296679910933,58.7165821157,0.11408504032912067,-0.1420244927993003,89.45060510598253,-0.0,0.8189547203173984,0.9609792131166986,False,
2024-07-08,24.733985752497816,6.829365051194902,17.904620701302914,2375.445889924523,londra,ara_deger,59.110996565784,58.75424479722265,-0.14837053705209283,-0.04717634728959845,90.21541452994944,-0.0,0.8801527668402306,0.927329114129829,False,
2024-07-09,24.717184214858403,6.832493034072273,17.884691180786128,2367.1591722370995,londra,ara_deger,58.90478848382324,58.50950932607612,0.1711639642851108,-0.04736708112466004,91.61180697024054,-0.0,0.6979459910235621,0.7453130721482222,False,
2024-07-10,24.70038267721899,6.835621016949646,17.864761660269345,2376.729589895135,londra,ara_deger,58.90579394899624,58.70613039067959,0.1740338132677677,-0.04756122927611008,92.26659228251428,-0.0,0.4798100586942675,0.5273712879703776,False,
2024-07-11,24.683581139579573,6.8387489998270174,17.844832139752555,2386.4713270969705,londra,ara_deger,59.14723696664383,58.90665863967821,0.4225821650372734,-0.04803317879414859,92.75132595953475,-0.0,0.7045508654327155,0.7525840442268641,False,
2024-07-12,24.66677960194016,6.84187698270439,17.824902619235772,2410.152253974164,londra,ima,59.73415430258306,59.45069445590001,0.6005509901680876,-0.3822473293515726,94.10513806532498,-0.0,0.15071502076240917,0.5329623501139817,False,
2024-07-16,24.53282969219225,6.864339404930173,17.668490287262077,2443.8439381867893,londra,ara_deger,60.56918215617709,59.95440712983291,0.6548880729433091,-0.09701120023809766,94.31504596305366,-0.0,-0.7847404517656271,-0.6877292515275295,False,
2024-07-17,24.499342214755277,6.869955010486619,17.62938720426866,2480.9092483686923,londra,ara_deger,61.19604164192556,60.78064467953589,-0.1770701975918339,-0.0966184474695866,95.18874858272656,-0.0,0.22313865289054996,0.31975710036013655,False,
2024-07-18,24.465854737318296,6.875570616043064,17.590284121275232,2470.8652124904083,londra,ara_deger,60.948287622601946,60.451829364283434,-0.8312985647711972,-0.09477047636538183,95.68184516900877,-0.0,0.00892100347854452,0.10369147984392635,False,
2024-07-19,24.43236725988132,6.88118622159951,17.55118103828181,2423.606250722659,londra,ima,59.782561228460345,59.21443801100001,-0.2822379450824318,-1.2026221592090136,94.08560668161414,-0.0,-0.1918355249347265,1.010786634274287,False,
2024-07-22,24.074611820062284,7.022957042171293,17.05165477789099,2407.525398700973,londra,ara_deger,59.38589839583,57.960239420666596,0.052353154073841404,-0.4013852796068094,91.92342315663996,-0.0,0.456444662155381,0.8578299417621904,False,
2024-07-23,23.955360006789277,7.070213982361888,16.88514602442739,2410.595666939204,londra,ara_deger,59.46163202578128,57.746687032334926,0.10712590324301456,-0.4024416756004832,87.39499685259136,-0.0,0.6368954080215445,1.0393370836220277,False,
2024-07-24,23.836108193516264,7.117470922552482,16.718637270963782,2416.940054076161,londra,ara_deger,59.051567046306175,57.610444626202415,-0.6253930972715716,-0.396213092291714,88.12583362726376,-0.0,0.7278864294339518,1.1240995217256657,False,
2024-07-25,23.71685638024325,7.164727862743076,16.552128517500172,2379.5331119231823,londra,ara_deger,58.13762689755546,56.435045067515404,-0.03321726654955067,-0.39587893794769313,88.8277608051105,-0.0,0.7905839784512716,1.1864629163989648,False,
2024-07-26,23.59760456697024,7.211984802933671,16.38561976403657,2377.526284431816,londra,ima,58.08859535125917,56.1039251076,0.2872023045742261,0.17174043154941396,89.93943475308198,-0.0,0.509557943629984,0.33781751208057,False,
2024-07-29,23.61164182678809,7.154315774572369,16.45732605221572,2395.053989133263,londra,ara_deger,58.51683866974768,56.55115694723462,-0.017777793308918242,0.05722099061585534,89.29077122588077,-0.0,0.5927875073185214,0.535566516702666,False,
2024-07-30,23.61632091339405,7.1350927651186025,16.481228148275445,2393.973753300752,londra,ara_deger,58.49044595116048,56.536852416192986,0.5169172790354156,0.05797065601378535,89.48467768983137,-0.0,0.541565682538235,0.48359502652444963,False,
2024-07-31,23.621,7.115869755664836,16.505130244335163,2425.33775569092,londra,evds_aylik,57.232161300137406,57.28890312717522,0.20469240304441094,-0.13878948184114911,91.10265988408828,-0.0,0.10184268727766443,0.24063216911881355,False,
2024-08-01,23.544843310040925,7.096646746211068,16.448196563829857,2437.739499876772,londra,ara_deger,57.52481275537585,57.39619455529612,0.47962839622802295,-0.14044966444938517,91.24034039378242,-0.0,0.6783924777839887,0.8188421422333738,False,
2024-08-02,23.46868662008185,7.077423736757301,16.39126288332455,2466.8994381330267,londra,ima,58.21291744754423,57.894889836800004,-0.6189869010626002,0.030020418079207994,92.13418043550392,-0.0018388099999988,-1.7033114906271916,-1.7333319087063996,False,
2024-08-05,23.62996308127116,7.226341723406856,16.403621357864303,2429.1362160147164,londra,ara_deger,57.32179586482168,57.40039910380648,-0.2183629626959037,0.009951967868891576,91.84132196585536,-0.0,-3.54161388379146,-3.5515658516603517,False,
2024-08-06,23.68372190166759,7.27598105229004,16.40774084937755,2415.824340671336,londra,ara_deger,57.00766749442378,57.21571184773938,-0.2993481086677617,0.009876810538916423,90.6652788403794,-0.0,-0.27069512932339584,-0.28057193986231227,False,
2024-08-07,23.737480722064024,7.325620381173225,16.411860340890797,2397.580018590937,londra,ara_deger,56.26805410288073,56.91250947090827,0.02175150998627662,0.009882270319774136,90.80773248321717,-0.0,0.44541579173632395,0.43553352141654983,False,
2024-08-08,23.79123954246046,7.375259710056411,16.415979832404048,2398.905371691346,londra,ara_deger,56.29915839945517,57.07293233760395,0.482457410773203,0.010003340108439469,91.08850520718218,-0.0,-0.2222489454295456,-0.23225228553798508,False,
2024-08-09,23.84499836285689,7.4248990389395955,16.420099323917295,2428.294869954548,londra,ima,56.988891324115706,57.90268719859999,0.2968114363112773,0.0651929717808196,93.25061662888383,-0.0,0.4583860522968339,0.39319308051601426,False,
2024-08-12,23.855284778775367,7.408536605418061,16.446748173357307,2446.370974760988,londra,ara_deger,57.413113763129786,58.35887627745365,0.3128563933247539,0.021899965494382813,90.70708135959408,-0.0,0.2726920933492887,0.25079212785490584,False,
2024-08-13,23.858713584081528,7.403082460910884,16.455631123170644,2465.393360829473,londra,ara_deger,57.85954418053728,58.821114068126555,0.19567083133633212,0.022005590988882818,91.6053758715698,-0.0,0.5725632943353148,0.5505577033464321,False,
2024-08-14,23.862142389387685,7.397628316403706,16.46451407298398,2477.2841737598146,londra,ara_deger,59.07083706763407,59.113307693233324,-0.28359173618463357,0.021852587313880557,91.82537016866152,-0.0,0.9818403812662018,0.9599877939523213,False,
2024-08-15,23.86557119469384,7.392174171896528,16.47339702279731,2460.059751895463,londra,ara_deger,58.66012075647745,58.710731152062024,0.11002093559980049,0.021911913902578982,92.1046706101248,-0.0,0.5351935187688961,0.5132816048663171,False,
2024-08-16,23.869,7.38672002738935,16.482279972610648,2466.7384554711457,londra,irfcl_pdf,58.819374432305615,58.87858019364077,0.6429519328910978,0.027245601874656786,94.07247317818582,-0.0,-0.1569832584421853,-0.1842288603168421,False,
2024-08-19,23.872,7.378846782629964,16.493153217370036,2505.7471323022346,londra,ara_deger,59.74953626748015,59.81719554231894,0.31202588277476145,0.009150435821176963,92.62804179895376,-0.0,-0.8853647731570731,-0.89451520897825,False,
2024-08-20,23.873,7.376222367710168,16.496777632289835,2524.665642223439,londra,ara_deger,60.20064810557896,60.27134287680017,-0.23900967659045583,0.00909792433939465,91.75112642154028,0.7999999999999972,-1.2937299600194887,-1.3028278843588834,False,
2024-08-21,23.874,7.373597952790373,16.500402047209626,2510.1773777927765,londra,ara_deger,59.803845161772486,59.927974717424746,-0.010815244888274943,0.009095548704272071,91.39815163319098,-0.0,-1.4423523973333996,-1.4514479460376717,False,
2024-08-22,23.875,7.370973537870578,16.504026462129424,2509.5219243767124,londra,ara_deger,59.788229279424165,59.91483594449401,-0.10104120559891551,0.009073359255286743,90.8724506046978,-0.0,-0.08723934338776261,-0.09631270264304935,False,
2024-08-23,23.876,7.368349122950782,16.50765087704922,2503.399708938512,londra,irfcl_pdf,59.64237025473839,59.77117145061592,,,90.76540054564204,-0.0,,,False,
2024-08-26,23.868125,7.350355654498039,16.51776934550196,2503.399708938512,ffill,ara_deger,59.64237025473839,59.75145717790802,0.17405389150057243,0.03380963533035837,88.96120078369782,-0.0,-1.7097641227559508,-1.743573758086309,True,
2024-08-27,23.8655,7.344357831680457,16.521142168319543,2513.9370816224314,londra,ara_deger,59.89341841172367,59.99636542146014,-0.015255004076965131,0.008475950012559958,88.67062300804858,0.0010000000000012,-0.09208411312756147,-0.10056006314012143,False,
2024-08-28,23.862875000000003,7.338360008862876,16.524514991137124,2513.0137190654395,londra,ara_deger,59.927311739681706,59.96773225134371,0.16241817124283042,0.008509101225424694,88.83657803359492,-0.0,-1.3163764148003185,-1.3248855160257431,False,
2024-08-29,23.86025,7.332362186045295,16.527887813954706,2522.842641205057,londra,ara_deger,60.16169998701088,60.19565612981297,-0.26471614055152365,-0.005174734150859777,89.24192132296452,-0.0,0.660692480195904,0.6658672143467638,False,
2024-09-02,23.858628821466997,7.332805264669686,16.525823556797313,2506.826309080149,londra,ara_deger,59.77976186988328,59.80943842823137,-0.0038799392333060466,-0.0008335830897300677,90.31273859149596,-0.0,-4.840072160907748,-4.839238577818017,False,
2024-09-03,23.86044323220049,7.3349522318170095,16.52549100038348,2506.5915286941686,londra,ara_deger,59.77416311119994,59.80838487672185,-0.41499056589289046,-0.0008252318840287305,84.58587691098664,-0.0,0.5368292763757625,0.5376545082597912,False,
2024-09-04,23.862257642933983,7.337099198964333,16.52515844396965,2481.479381292118,londra,ara_deger,59.058997839934726,59.213700332020935,0.6352367928852333,-0.0008380155478277373,85.03473746285562,-0.027000000000001,1.7470746752861026,1.7479126908339304,False,
2024-09-05,23.86407205366748,7.339246166111657,16.524825887555824,2519.9199684150235,londra,ara_deger,59.97388053812397,60.13555169573161,0.036318009510505386,-0.0008387464352260277,86.06450318850914,-0.0,0.7267019797690977,0.7275407262043238,False,
2024-09-06,23.865886464400976,7.341393133258981,16.524493331141997,2522.117753115306,londra,ima,60.02618762672813,60.192575945699986,-0.3933055369055432,0.050197905000895535,86.73238566019248,-0.0,2.4081635378938366,2.3579656328929413,False,
2024-09-09,23.85919607935577,7.314610054875188,16.54458602448058,2498.3163857133586,londra,ara_deger,59.4597171105608,59.607820515002444,0.14897397313277,0.01679294251022563,88.1369962113395,-0.0,0.9637361971376641,0.9469432546274384,False,
2024-09-10,23.856965951007368,7.305682362080591,16.551283588926776,2507.320779834332,londra,ara_deger,59.67402092341924,59.8170664727609,0.3432439442522013,0.016931837987730076,88.87609875679443,-0.0,0.5563417186345399,0.5394098806468097,False,
2024-09-11,23.854735822658967,7.296754669285994,16.55798115337297,2528.0589867781027,londra,ara_deger,60.33436875375477,60.30617927369054,-0.09816946549791083,0.016892129262621687,89.61825119740485,-0.0,2.943500022771512,2.92660789350889,False,
2024-09-12,23.85250569431056,7.287826976491396,16.564678717819163,2522.130156168345,londra,ara_deger,60.19287195555562,60.15912391179783,0.8619567228094315,0.017240642554034777,90.83592854663412,-0.0,1.1989530706417297,1.181712428087695,False,
2024-09-13,23.85027556596216,7.2788992836967985,16.571376282265362,2574.165981160362,londra,ima,61.43475304689655,61.39456800319999,0.27448496258565475,-0.004512894198133829,92.1355138656564,-0.0,0.816411964157582,0.8209248583557158,False,
2024-09-16,23.84709407691637,7.277459734019188,16.56963434289718,2590.729781167692,londra,ara_deger,61.83006281729052,61.78137681937492,-0.1664958140492918,-0.0014984635857669486,92.7185564969931,-0.0,0.7092089013586818,0.7107073649444487,False,
2024-09-17,23.84603358056778,7.276979884126652,16.56905369644113,2580.681532026898,londra,ara_deger,61.59025244413032,61.539018473464516,-0.10016088847933234,-0.0014949535443643887,92.64582188843318,-0.0,-0.315265695161693,-0.3137707416173286,False,
2024-09-18,23.844973084219184,7.276500034234115,16.56847304998507,2574.6364741548937,londra,ara_deger,61.40578939077143,61.39213742787242,0.3024021462487474,-0.0015055513063815843,94.1717456486734,-0.0,0.3165591469181821,0.3180646982245637,False,
2024-09-19,23.84391258787059,7.276020184341578,16.56789240352901,2592.888134723519,londra,ara_deger,61.84109652486955,61.82459803447442,0.32046214121693856,-0.0015167823792249186,94.27471058332488,-0.0,0.9279420243022134,0.9294588066814383,False,
2024-09-20,23.842852091521998,7.275540334449041,16.567311757072957,2612.230494838598,londra,ima,62.302417143710265,62.28302531740001,0.18581263950714783,0.010074369449756836,94.06532008575591,-0.0,-0.09998898509274562,-0.11006335454250246,False,
2024-09-23,23.83602847389836,7.26487658860605,16.57115188529231,2623.446112811612,londra,ara_deger,62.56991272300919,62.53253624471555,0.16616551218632403,0.0033709586461507265,94.31306649595098,-0.0,-0.47667944395106787,-0.4800504025972186,False,
2024-09-24,23.83375393469048,7.261322006658387,16.572431928032096,2633.4735094184707,londra,ara_deger,62.80906889529198,62.76555961700562,0.4342273462645216,0.0034044980544948463,92.15990412179563,-0.0,0.6903968275733752,0.6869923295188803,False,
2024-09-25,23.8314793954826,7.257767424710723,16.573711970771875,2659.6752973123785,londra,ara_deger,63.41424472529382,63.383997046574,0.21031209723968622,0.003420741155252773,92.4823025063275,-0.0,0.45004405598471064,0.4466233148294579,False,
2024-09-26,23.82920485627472,7.254212842763059,16.57499201351166,2672.364796056569,londra,ara_deger,63.71679856696712,63.6803281759288,-0.07532009441231116,0.0034149243838218182,93.0754244433491,-0.0,2.2608247365810836,2.257409812197262,False,
2024-09-27,23.826930317066843,7.2506582608153956,16.576272056251447,2667.8205951090868,londra,ima,63.60845185590214,63.5659754181,-0.20192533066023993,0.22348807404937812,93.77567329110212,-0.0,-1.2686898590106102,-1.4921779330599882,False,
2024-09-30,23.908,7.247571899375939,16.660428100624063,2655.639006270836,londra,evds_aylik,63.31800803499199,63.49101736192315,-0.08429383975057603,-0.02054816351488266,89.44701043607763,-0.0,1.2661473005456254,1.2866954640605082,False,
2024-10-01,23.89921888410648,7.246543112229452,16.65267577187703,2650.579482035236,londra,ara_deger,63.1973745469891,63.34677921088169,0.09340371698203265,-0.020591645795467243,93.42307706759908,-0.0,-0.7308844497721626,-0.7102928039766954,False,
2024-10-02,23.890437768212955,7.245514325082967,16.64492344312999,2656.188413492352,londra,ara_deger,63.2888162372826,63.45750399318734,-0.1206064205459889,-0.02053547367641682,92.87371238742044,-0.0,0.43152342245471176,0.4520588961311286,False,
2024-10-03,23.881656652319435,7.244485537936481,16.637171114382955,2648.9425753869345,londra,ara_deger,63.11617015765607,63.261137077101566,0.21944842852305205,-0.020637728822402394,93.47069782463498,-0.0,0.7788637044534403,0.7995014332758428,False,
2024-10-04,23.872875536425912,7.243456750789996,16.629418785635917,2662.132824318938,londra,ima,63.43045329982369,63.5527655764,-0.06173271864238208,0.006338603101202537,92.91989415909131,-0.0990000000000002,-0.44717513711859536,-0.4535137402197979,False,
2024-10-07,23.97916208260584,7.347358947711871,16.631803134893968,2658.4205647722783,londra,ara_deger,63.34200155028656,63.74669760640702,-0.25178565735570213,0.0021008356326847545,92.60414743739877,-0.0,0.5202923596610808,0.5181915240283961,False,
2024-10-08,24.014590931332485,7.381993013352496,16.63259791797999,2643.2817577942515,londra,ara_deger,62.98129025133759,63.47733012968242,-0.385925646602084,0.0020823943057165484,92.5607045357041,-0.0,0.4286405516926715,0.42655815738695496,False,
2024-10-09,24.050019780059127,7.416627078993121,16.633392701066008,2620.078789231842,londra,ara_deger,62.54881483096127,63.01294670633917,-0.0009859703315051155,0.002082347193698471,92.31336648945631,-0.0,0.5977350367310426,0.5956526895373441,False,
2024-10-10,24.08544862878577,7.451261144633746,16.634187484152022,2620.019512669975,londra,ara_deger,62.54739972897758,63.10434537882902,0.37641009316130175,0.0021003321043371677,93.8381382325952,-0.0,0.600013051556398,0.5979127194520608,False,
2024-10-11,24.12087747751241,7.48589521027437,16.634982267238037,2642.64821596672,londra,ima,63.08761194633147,63.742993833499995,0.3330063171799694,0.07329079361466392,94.33139282852405,-0.0,0.4362968606545127,0.3630060670398487,False,
2024-10-14,24.145468873936988,7.482961270931431,16.662507603005558,2662.666651323625,londra,ara_deger,63.56550956204087,64.29133475120462,-0.08120394468942012,0.024385550063113895,94.81733089929052,-0.0,0.05231516247667552,0.027929612413561622,False,
2024-10-15,24.15366600607851,7.481983291150452,16.671682714928057,2657.793198502228,londra,ara_deger,63.44916622940301,64.19544922984993,0.43429871946298404,0.024624562490792878,93.03383656230984,-0.0,0.5012280441849247,0.47660348169413186,False,
2024-10-16,24.161863138220035,7.481005311369472,16.680857826850563,2683.8432815615765,londra,ara_deger,64.73665496339163,64.84665405352214,0.003794792331912781,0.024626649772198275,92.93030375560416,-0.0,0.38658388904090685,0.3619572392687086,False,
2024-10-17,24.17006027036156,7.480027331588492,16.69003293877307,2684.0707753974034,londra,ara_deger,64.74214231433251,64.87415241127133,0.46769718190540216,0.024883759749486194,92.78375011537324,-0.0,0.7720799603067068,0.7471962005572206,False,
2024-10-18,24.178257402503085,7.479049351807513,16.699208050695574,2712.093319368475,londra,ima,65.41807066406692,65.57369037529999,0.4187113232299985,-0.010278991912203406,93.92666440945128,-0.0,0.27147324929377425,0.28175224120597764,False,
2024-10-21,24.18440525523263,7.488952544182641,16.695452711049988,2737.167042742594,londra,ara_deger,66.02287087347909,66.19675701295354,-0.005618661344468309,-0.003425909365362691,93.37287569469726,-0.0,0.37814773473064023,0.3815736440960029,False,
2024-10-22,24.18645453947581,7.492253608307682,16.69420093116813,2736.8305043185264,londra,ara_deger,66.01475327138567,66.19422657495069,0.34301818152727637,-0.003451629869168437,93.61410426983076,-0.0,0.4273860972036154,0.43083772707278384,False,
2024-10-23,24.188503823719,7.495554672432725,16.692949151286275,2757.3776501772336,londra,ara_deger,66.66858658189426,66.69683983474933,-0.2834532139969604,-0.0034303741265776424,94.78959301984445,-0.0,0.2454479142901747,0.24887828841675236,False,
2024-10-24,24.190553107962177,7.498855736557767,16.69169737140441,2740.3972345881093,londra,ara_deger,66.25802972297893,66.29172484021633,-0.27796855647727153,-0.003409528107193951,94.1243099937422,-0.0,0.8951632123338384,0.8985727404410324,False,
2024-10-25,24.19260239220536,7.50215680068281,16.690445591522547,2723.744131533804,londra,ima,65.85538671078153,65.89445879230003,0.17953199395541894,0.07554414536784934,93.5412429094436,-0.0,-0.028900627535194373,-0.10444477290304371,False,
2024-10-28,24.21680119610268,7.498729301450404,16.718071894652276,2734.5007043868745,londra,ara_deger,66.11546189799184,66.22085992873969,0.8646644417138308,0.05131532485965487,92.97922113284125,-0.0,0.8775048817527743,0.8261895568931195,False,
2024-10-30,24.232933732034223,7.496444301962134,16.73648943007209,2786.2210491229453,londra,ara_deger,67.4059380182247,67.5183100461952,-0.049567406956592945,0.025630389402327414,93.647013087302,-0.0,0.6746642996066544,0.649033910204327,False,
2024-10-31,24.241,7.495301802217999,16.745698197782,2783.259412086475,londra,evds_aylik,67.33428831097135,67.46899140838825,-0.48343254042956535,-0.15245156598940957,93.23460551445464,-0.0,0.6968900891806349,0.8493416551700445,False,
2024-11-01,24.18450893072963,7.494159302473863,16.690349628255767,2754.390353614276,londra,ima,66.6358706579161,66.61357810570001,-0.17072340771925099,0.023377328934459686,92.9831295941702,-0.0,-3.0330269736418405,-3.0564043025763,False,
2024-11-04,24.196835908788785,7.497967347128583,16.698868561660202,2744.1614841464834,londra,ara_deger,66.38840768596003,66.40002513911075,-0.02547944833853312,0.007788110195104652,89.91691833127825,0.0760000000000005,0.36460502632176517,0.3568169161266605,False,
2024-11-05,24.200944901475168,7.499236695346823,16.701708206128345,2742.6356653016646,londra,ara_deger,66.3514941573248,66.37437462078627,-0.27159610107884247,0.00774193310013453,89.90400192193752,-0.0,-2.7890444218064636,-2.7967863549065983,False,
2024-11-06,24.20505389416155,7.500506043565063,16.704547850596487,2726.3740890768336,londra,ara_deger,65.93601850578854,65.99203176175035,-0.9704397654280952,0.0075769658148243536,89.66106714171453,-0.0,1.2724532241938926,1.2648762583790683,False,
2024-11-07,24.20916288684794,7.501775391783303,16.707387495064637,2668.279744105177,londra,ara_deger,64.53103530099663,64.59681895271916,0.39937647310533797,0.007644845200071038,90.56003547727744,-0.0,2.3842301141916895,2.3765852689916183,False,
2024-11-08,24.21327187953432,7.503044740001543,16.71022713953278,2692.1839285998094,londra,ima,65.10914626438888,65.1865814129,-0.40513665477746247,0.04631189443209418,92.22050947992577,-0.0,0.6710574997901706,0.6247456053580764,False,
2024-11-11,24.271473836677405,7.543888019618437,16.72758581705897,2667.9390962947477,londra,ara_deger,64.52279690098305,64.75481397356673,-1.1651557281568103,0.015034260057240354,93.41430666864788,-0.0,0.05544480657642703,0.04041054651918668,False,
2024-11-12,24.29087448905843,7.557502446157402,16.73337204290103,2598.284351079298,londra,ara_deger,62.83823109325235,63.11459905895186,0.2351906957524422,0.01511558655126266,92.88216954193832,-0.0,0.170999939975386,0.15588435342412335,False,
2024-11-13,24.31027514143946,7.571116872696367,16.73915826874309,2612.3395394268387,londra,ara_deger,63.25328750979951,63.506692966327684,-1.0801575399804884,0.014742208429693848,93.24661037312408,-0.0,0.8838908866802677,0.8691486782505738,False,
2024-11-14,24.32967579382049,7.584731299235332,16.744944494585155,2547.8107547269856,londra,ara_deger,61.69083450180603,61.98740964651665,0.3830035063184886,0.014874555526241433,93.97498371226956,-0.0,0.8680629905295387,0.8531884350032973,False,
2024-11-15,24.349076446201515,7.598345725774297,16.750730720427217,2570.6835391929085,londra,ima,62.24465945072141,62.5937700148,0.4420073619769486,-0.20137650615797406,94.42510016479216,-0.0,-0.726354061636997,-0.5249775554790229,False,
2024-11-18,24.34113473375522,7.667943870690182,16.673190863065038,2597.070887264711,londra,ara_deger,62.88358348376388,63.21565238002354,0.6603401505719453,-0.06814915496362044,93.56442017467192,-0.0,-3.982008061472928,-3.9138589065093075,False,
2024-11-19,24.33848749627312,7.691143252328811,16.64734424394431,2636.67579288807,londra,ara_deger,63.84254783138557,64.17270081693232,-0.158855325554118,-0.06790251663892849,89.32172649219952,-0.0,-0.9704298645769248,-0.9025273479379963,False,
2024-11-20,24.335840258791023,7.714342633967439,16.621497624823583,2627.1334104379744,londra,ara_deger,63.96827224512434,63.93349901495142,0.742438307758795,-0.06905701670833127,89.02974574395206,-0.0,0.5188600162237755,0.5879170329321068,False,
2024-11-21,24.33319302130892,7.737542015606068,16.59565100570285,2671.800763796675,londra,ara_deger,65.05588104670484,65.01344369994509,0.6124003369132766,-0.07001078937153357,89.97528119213983,-0.0,1.0316078729324212,1.1016186623039548,False,
2024-11-22,24.330545783826825,7.760741397244696,16.569804386582128,2708.7020180290538,londra,ima,65.95439250696975,65.90419846440001,-0.5153418223825048,-0.31825177166182633,90.67429922099043,-0.0,0.5798680755555863,0.8981198472174126,False,
2024-11-25,24.33809488882926,7.887147568935812,16.450947319893448,2677.6007563388544,londra,ara_deger,65.19710550850176,65.16770128217604,-0.7547612465523855,-0.10426622293525147,90.509066192389,-0.0,1.194895649316638,1.2991618722518896,False,
2024-11-26,24.340611257163403,7.929282959499517,16.411328297663886,2631.7212557924217,londra,ara_deger,64.07998204238312,64.05770402445722,0.3385867169077744,-0.10508361409459831,94.5722750702531,-0.0,0.11522905758831292,0.22031267168291124,False,
2024-11-27,24.343127625497548,7.971418350063222,16.371709275434327,2652.3525362571463,londra,ara_deger,64.5331848182537,64.56655629791982,-0.028205996921478974,-0.10501535646796699,93.81922039580438,-0.0,0.6113139406042625,0.7163292970722295,False,
2024-11-28,24.345643993831693,8.013553740626927,16.33209025320477,2650.629686403967,londra,ara_deger,64.49126694102226,64.53128670467272,0.2561660820566769,-0.10563677415194199,93.65081922869986,-0.0,-0.1676885659987879,-0.06205179184684591,False,
2024-11-29,24.34816036216584,8.055689131190633,16.292471230975206,2666.314517805533,londra,ima,64.87288744954967,64.9198534555,-0.4602456736263071,0.23027282699710278,92.88597974457358,-0.0,0.6040881093943716,0.37381528239726886,False,
2024-12-02,24.384,8.004240252652398,16.379759747347602,2638.065539053231,londra,ara_deger,64.18557437867044,64.32659010427399,0.1493779414101314,0.0678993109425281,93.68623875731218,-0.0,0.7714110883134763,0.7035117773709482,False,
2024-12-03,24.3925,7.987090626472987,16.40540937352701,2647.1852052580007,londra,ara_deger,64.4074608347988,64.57146511925578,-0.026020661201625557,0.06785862800573497,93.74110537552193,-0.0,0.006843800274900232,-0.06101482773083474,False,
2024-12-04,24.401,7.969941000293575,16.431058999706423,2645.599102734792,londra,ara_deger,64.41547120738878,64.55526370583165,0.0729592387699676,0.06797252067698473,94.62221815225068,0.0687141099999983,1.073861532887,1.0058890122100153,False,
2024-12-05,24.4095,7.952791374114163,16.456708625885838,2650.039427534993,londra,ara_deger,64.52358494768417,64.68613740641541,-0.1462661755151628,0.06774454843719771,94.5739844347042,-0.0,0.743287971971555,0.6755434235343574,False,
2024-12-06,24.418,7.935641747934752,16.482358252065247,2641.151491384438,londra,irfcl_pdf,64.30718005300177,64.49163711662521,0.3078501359334343,0.14246786521503585,95.07938324395316,-0.0,0.32298919718187163,0.18052133196683579,False,
2024-12-09,24.433640938726665,7.897719896427417,16.535921042299247,2659.8290453621803,londra,ara_deger,64.76194413242484,64.98930785277562,0.22968807718186976,0.04773728858726974,95.12041991743588,-0.0,0.7468655778083407,0.699128289221071,False,
2024-12-10,24.438854584968883,7.8850792792583055,16.553775305710577,2673.7192953575886,londra,ara_deger,65.10014616678363,65.34263706026958,0.395740421465264,0.04816411893847505,96.44860045657238,-0.0037036699999966,-0.8179410680552723,-0.8661051869937474,False,
2024-12-11,24.444068231211105,7.872438662089194,16.57162956912191,2697.6256498994885,londra,ara_deger,65.75515133671142,65.9409454484083,0.33128933507061364,0.04852104986244028,95.07527819406344,-0.0,0.009288264810844327,-0.039232785051595956,False,
2024-12-12,24.449281877453327,7.859798044920082,16.589483832533244,2717.6170052269035,londra,ara_deger,66.24244452174958,66.44378419575312,-0.7808810575845393,0.0476806345586384,95.2123295353014,-0.0,0.750682142743806,0.7030015081851676,False,
2024-12-13,24.45449552369555,7.847157427750971,16.607338095944577,2670.5461580885994,londra,ima,65.09508344248282,65.30685906880001,-0.14853786608744055,0.0021981286650294965,98.35213861260628,-0.0,-2.484011415559055,-2.4862095442240846,False,
2024-12-16,24.45882612037625,7.850662157669598,16.608163962706655,2661.6020476460167,londra,ara_deger,64.87706900606678,65.09966168501131,-0.314390980283605,0.0007274983616699653,95.24616239904218,-0.0,0.3398783860894935,0.33915088772782354,False,
2024-12-17,24.46026965260316,7.851830400975808,16.608439251627352,2642.6721417882973,londra,ara_deger,64.41564885886791,64.64047319156408,0.1325894236386947,0.0007296960636011088,94.03737819839496,-0.0,-0.26058158229859846,-0.2613112783621996,False,
2024-12-18,24.461713184830057,7.852998644282016,16.608714540548043,2650.655397868528,londra,ara_deger,64.82044056203536,64.83957209448153,-0.4446480531818801,0.0007223260361165231,94.29643049670872,-0.0,1.2085714772630753,1.207849151226959,False,
2024-12-19,24.46315671705696,7.854166887588226,16.608989829468733,2623.883425113121,londra,ara_deger,64.16574547412776,64.18847143583048,-0.26249753277713983,0.0007179752199069737,94.4613009713803,-0.0,-1.2969362709178802,-1.2976542461377871,False,
2024-12-20,24.464600249283865,7.855335130894435,16.60926511838943,2608.078879775186,londra,ima,63.77925329090719,63.8056072123,0.3237469127465202,-0.3033006110830035,92.492469592798,-0.0,-3.277599432368911,-2.9742988212859074,False,
2024-12-23,24.46585599107242,7.972020914762449,16.49383507630997,2627.570826615632,londra,ara_deger,64.25591901766498,64.28576945032117,-0.15939656833714327,-0.10072836471115887,91.27203451065742,-0.0,0.2469308540482849,0.3476592187594438,False,
2024-12-24,24.466274571668603,8.010916176051786,16.455358395616816,2617.9068177541585,londra,ara_deger,64.01959055622112,64.05042700621644,,,91.46285570089776,-0.0,,,False,
2024-12-25,24.46669315226479,8.049811437341123,16.416881714923665,2617.9068177541585,ffill,ara_deger,64.04604378623031,64.05152281121298,,,91.92401614077713,-0.0,,,False,
2024-12-26,24.46711173286097,8.088706698630462,16.37840503423051,2617.9068177541585,ffill,ara_deger,64.04604378623031,64.0526186162095,0.17777568679960462,-0.3026027305468754,92.4551440620344,-0.0,0.17229843060214878,0.47490116114902403,True,
2024-12-27,24.46753031345716,8.127601959919799,16.33992835353736,2628.761091197028,londra,ima,64.31158924700652,64.31929168570001,-0.21668165740998646,0.2991546715885977,90.6907012027523,-0.0,0.8557875953531858,0.5566329237645882,False,
2024-12-30,24.60513257836429,8.15082661204523,16.454305966319062,2615.500221704716,londra,ara_deger,63.98716737591919,64.35472971378573,0.013399037011720485,0.09974927044463008,92.14760077960472,-0.0,0.8254330257600015,0.7256837553153714,False,
2024-12-31,24.651,8.158568162753706,16.492431837246293,2616.314539673468,londra,evds_aylik,64.00708933950051,64.49476971749066,0.43315826631397775,-0.09729032269229568,91.11096874751732,-0.0,-0.2027383661030449,-0.10544804341074923,False,
2025-01-02,24.629666666666665,8.17405126417066,16.455615402496004,2642.5786025229345,londra,ara_deger,64.65737206292316,65.0858301206057,0.25108288084214947,-0.048926037395848235,92.17103198869184,-0.0,0.9293342510013931,0.9782602883972413,False,
2025-01-03,24.619,8.181792814879138,16.43720718512086,2657.83679097112,londra,irfcl_pdf,65.03070225130759,65.433283956918,-0.35124257724394276,-0.4034083736329058,92.87487094817736,0.031755780000001,1.3716738952540626,1.7750822688869685,False,
2025-01-06,24.612480407361502,8.32828413207215,16.284196275289354,2636.468040593508,londra,ara_deger,64.50786170368266,64.89001799374249,0.1569974044148586,-0.13496118853649286,92.69897006167676,-0.0,1.57275405982661,1.7077152483631028,False,
2025-01-07,24.610307209815343,8.377114571136488,16.233192638678855,2646.109130749925,londra,ara_deger,64.74375536933958,65.1215586184531,0.17707448681799962,-0.13551754506965794,93.28358366139484,-0.0596542400000004,1.5675833412781113,1.7031008863477692,False,
2025-01-08,24.60813401226918,8.425945010200826,16.182189002068355,2657.0173045614083,londra,ara_deger,65.32528348263374,65.38423790356536,0.20267231629260218,-0.13615633535756863,93.58217107617637,-0.0,1.3166235402142008,1.4527798755717694,False,
2025-01-09,24.60596081472301,8.474775449265163,16.131185365457846,2669.5417112573564,londra,ara_deger,65.63320786704027,65.68663874046712,0.22279405524772417,-0.13686076635719957,94.3402049682115,-0.0,1.8709691346650184,2.007829901022218,False,
2025-01-10,24.60378761717685,8.5236058883295,16.08018172884735,2683.3530989638543,londra,ima,65.97277389683866,66.0206497488,0.03331892290396436,-0.17510153101107026,94.48366042964814,-0.0,1.4756729150909518,1.650774446102022,False,
2025-01-13,24.583925761210757,8.568948430687522,16.014977330523237,2685.425147866398,londra,ara_deger,66.02371717888511,66.01829247243595,-0.25106268967218454,-0.05802644613067254,94.67854294066616,-0.0,0.1041303431218516,0.16215678925252414,False,
2025-01-14,24.577305142555392,8.584062611473527,15.993242531081865,2669.748404497322,londra,ara_deger,65.63828961583866,65.61522119118109,0.33379780132518344,-0.058480076984558114,93.63457705631998,-0.0,1.2048761869434987,1.2633562639280569,False,
2025-01-15,24.570684523900027,8.599176792259534,15.971507731640493,2690.619581850912,londra,ara_deger,66.199432750477,66.11036491948656,0.29804331015139435,-0.05888566872203386,94.82879464513712,-0.0,0.9393191138392873,0.9982047825613212,False,
2025-01-16,24.564063905244662,8.614290973045541,15.94977293219912,2709.280519513106,londra,ara_deger,66.65856249745501,66.5509398185544,-0.01401441305692829,-0.058866571242817335,95.05601725208994,-0.0,0.9379914346778687,0.9968580059206861,False,
2025-01-17,24.557443286589297,8.629405153831549,15.928038132757749,2708.4018604176754,londra,ima,66.63694415568314,66.5114250845,0.04468549563583119,-0.12867374775170878,96.68003403227202,-0.0,0.40586014529508246,0.5345338930467912,False,
2025-01-20,24.560134511325614,8.679556322600106,15.880578188725508,2711.2073217848183,londra,ara_deger,66.70596913132852,66.587616511126,0.2060690070923767,-0.04309653194297676,95.93686668284435,-0.0,0.7568538579221373,0.7999503898651141,False,
2025-01-21,24.561031586237725,8.696273378856292,15.864758207381433,2724.1834870505563,londra,ara_deger,67.02523194561212,66.90875667215595,0.6108217955218855,-0.0437056297485374,96.50618718110452,-0.0,0.6385682617113495,0.6822738914598869,False,
2025-01-22,24.56192866114983,8.712990435112477,15.848938226037355,2762.685290074424,londra,ara_deger,67.84448732969716,67.85687900801602,-0.17186241119162923,-0.04353408133942973,97.68738746511308,-0.0,0.1773365160840293,0.22087059742345905,False,
2025-01-23,24.56282573606194,8.729707491368664,15.833118244693274,2751.841509327693,londra,ara_deger,67.57819179899712,67.59300344687779,0.4103323044675114,-0.04394407318696052,98.15520979059832,-0.0,0.7406834609636499,0.7846275341506104,False,
2025-01-24,24.56372281097405,8.74642454762485,15.8172982633492,2777.757585878504,londra,ima,68.21462437910456,68.23206737560002,-0.13783574785419966,-0.18473250417242412,99.35333646945377,-0.0,0.461081656677586,0.6458141608500101,False,
2025-01-27,24.577984463413745,8.827399675138569,15.750584788275177,2769.043344953201,londra,ara_deger,68.00062490179576,68.05750431077901,-0.3616878619856722,-0.06106684407260376,99.67036299990122,-0.0,0.2343618610437625,0.29542870511636626,False,
2025-01-28,24.582738347560305,8.854391384309809,15.728346963250496,2746.0798888753725,londra,ara_deger,67.4367011315004,67.50616338972077,0.2800130060839911,-0.06146274583190312,99.60720270262912,-0.0,-0.3308175989380053,-0.26935485310610213,False,
2025-01-29,24.58749223170687,8.881383093481048,15.706109138225823,2763.882968037998,londra,ara_deger,67.89125510885762,67.95695100598121,0.24736226802337496,-0.06181297890272632,100.3245508376684,-0.0,0.8984789622479301,0.9602919411506564,False,
2025-01-30,24.592246115853435,8.908374802652288,15.683871313201147,2779.632398138502,londra,ara_deger,68.2781197442772,68.35740404662195,0.2813379242962703,-0.06221188191641557,100.50078566755997,-0.0,-1.9520784052586375,-1.889866523342222,False,
2025-01-31,24.597,8.935366511823528,15.661633488176474,2797.570438988115,londra,irfcl_pdf,68.71874480747901,68.81184008779067,0.059230308675186784,0.2622228150475991,97.28872084895916,-0.0,0.5830798574712558,0.3208570424236567,False,
2025-02-03,24.58805501968337,8.832815734789955,15.755239284893415,2801.35231197856,londra,ara_deger,68.81164168732263,68.87980477644605,0.3109768551979131,0.08802346863992183,98.60009108115337,-0.0,-1.8180084837460098,-1.9060319523859315,False,
2025-02-04,24.585073359577827,8.79863214244543,15.786441217132397,2821.090308309475,londra,ara_deger,69.29648035803925,69.35671218378246,0.7936644364055103,0.08959214796571306,97.03045106046434,2.728837539999997,3.5236097028168825,3.4340175548511693,False,
2025-02-05,24.582091699472283,8.764448550100905,15.817643149371378,2871.3653782564734,londra,ara_deger,70.4750024279749,70.58416703099054,-0.15183964778405515,0.0892926286026443,95.43171249607902,-0.0,1.2667758476315112,1.1774832190288669,False,
2025-02-06,24.57911003936674,8.730264957756381,15.848845081610358,2861.765993167925,londra,ara_deger,70.239394416349,70.33966125299207,0.14950668721656415,0.08958696535083929,96.85600111553094,-0.0,0.6277130902440887,0.5381261248932494,False,
2025-02-07,24.5761283792612,8.696081365411857,15.880047013849342,2871.1992790917075,londra,ima,70.47092567789329,70.56296208540002,0.5464399073935974,0.17314138182907482,97.02002444230206,-0.0,0.5646399082914085,0.39149852646233374,False,
2025-02-10,24.611595129948125,8.671959459437115,15.93963567051101,2905.609750730553,londra,ara_deger,71.31549881743847,71.51169079060986,0.012068846830743595,0.05772883331583023,96.71515125390889,-0.0,0.7432823342342391,0.6855535009184088,False,
2025-02-11,24.6234173801771,8.663918824112203,15.959498556064895,2906.366910246631,londra,ara_deger,71.33408259613066,71.56468549093852,-0.29193521157529473,0.05736549635534305,97.0161512088094,-0.0,0.5991446142396644,0.5417791178843213,False,
2025-02-12,24.63523963040608,8.65587818878729,15.97936144161879,2888.074655602806,londra,ara_deger,70.97769350498513,71.14841121127763,0.5208623556420442,0.05801294584177913,100.23026229674964,-0.0,-0.32510904795255624,-0.38312199379433537,False,
2025-02-13,24.64706188063505,8.647837553462375,15.999224327172675,2920.670598660045,londra,ara_deger,71.7787755862029,71.98594897812553,0.29508618499303835,0.058379292547194844,100.42977569408488,-0.0,0.8987651840802691,0.8403858915330742,False,
2025-02-14,24.658884130864028,8.639796918137462,16.019087212726568,2939.1143793683304,londra,ima,72.23205230868868,72.4752809282,-0.5530191725128726,-0.16364995304968888,100.94055834389758,-0.0,0.3166936602665553,0.4803436133162442,False,
2025-02-17,24.653241892925557,8.690496486783204,15.962745406142353,2904.5918647475523,londra,ara_deger,71.38362255739351,71.60760584184511,0.16538614004777552,-0.054744565621834974,100.87488556262625,-0.0,-2.0038562234389015,-1.9491116578170664,False,
2025-02-18,24.651361146946066,8.70739634299845,15.943964803947615,2914.952622614688,londra,ara_deger,71.63824987284268,71.85754982631225,0.5320279098536405,-0.05537124817253607,98.58562630134205,-0.0,-1.6284736503250483,-1.5731024021525122,False,
2025-02-19,24.64948040096657,8.724296199213697,15.925184201752874,2948.321230510882,londra,ara_deger,72.70231160373429,72.67458638723163,0.11276135812294172,-0.05550422787204428,98.43768639410143,-0.0,-2.1231033678218285,-2.067599139949784,False,
2025-02-20,24.64759965498708,8.741196055428945,15.906403599558134,2955.401924629982,londra,ara_deger,72.87691361958326,72.8435634578581,-0.34895473014937733,-0.055092218964438465,96.9015233691186,-0.0,0.47186095240630704,0.5269531713707455,False,
2025-02-21,24.645718909007588,8.758095911644192,15.887622997363396,2933.463921613444,londra,ima,72.3359469451359,72.29732724180002,0.16693675510945022,0.22756790412494002,97.63691227486794,-0.0,-4.9413646667270665,-5.168932570852006,False,
2025-02-24,24.64977522082195,8.684852588569777,15.964922632252174,2943.971267812253,londra,ara_deger,72.59504637757522,72.56823000813026,-0.029284809785619353,0.07580870389977988,93.94745385195938,-0.0,0.6064336412601257,0.5306249373603458,False,
2025-02-25,24.65112732476007,8.660438147544971,15.990689177215097,2942.136945751308,londra,ara_deger,72.54981404241568,72.5269924565962,-0.4299459421356824,0.07511591190521294,95.12355332781902,-0.0,-0.6774979382021789,-0.7526138501073918,False,
2025-02-26,24.65247942869819,8.636023706520167,16.016455722178023,2915.249677956227,londra,ara_deger,71.84842411248405,71.86813271533491,-0.36286451863205815,0.07453215198373704,95.47703820856204,-0.0,0.561380171169107,0.48684801918536996,False,
2025-02-27,24.65383153263631,8.61160926549536,16.04222226714095,2892.593946568065,londra,ara_deger,71.29005732501344,71.31352385101266,-0.4281483878091046,0.07384447265218429,94.87210212883966,-0.0,0.7517737001550846,0.6779292275029003,False,
2025-02-28,24.65518363657443,8.587194824470556,16.067988812103877,2865.905101302152,londra,ima,70.63229154658374,70.65941655760001,0.10801461217625695,-0.09997611428648244,94.77877393848416,-0.0,-0.8331541622903965,-0.7331780480039141,False,
2025-03-03,24.661620286044982,8.62843449523486,16.033185790810123,2872.6274492848,londra,ara_deger,70.7979686453726,70.84364737753168,0.7515652322813594,-0.0338691756176971,94.36282629663124,-0.0,0.5668451642393325,0.6007143398570296,False,
2025-03-04,24.663765835868503,8.642181052156293,16.02158478371221,2919.5030510577267,londra,ara_deger,71.95325155035874,72.00593960839142,-0.018255962308366385,-0.03385595672887646,94.54146710299456,0.0081818099999999,0.8973221304456837,0.9311780871745601,False,
2025-03-05,24.66591138569202,8.655927609077727,16.00998377661429,2918.3635906014224,londra,ara_deger,71.95279024457079,71.98409771700467,-0.29751198707491294,-0.03364037633090357,95.38946021127848,-0.0,3.042077773647034,3.0757181499779374,False,
2025-03-06,24.66805693551554,8.669674165999162,15.998382769516379,2899.7806868817142,londra,ara_deger,71.49462534086061,71.53195508450649,0.3726733940252932,-0.033910615313919874,96.96814296289352,-0.0,0.4794675375082206,0.5133781528221405,False,
2025-03-07,24.670202485339058,8.683420722920596,15.986781762418461,2923.0751285383667,londra,ima,72.06895407761684,72.11285530090001,-0.18896188773538342,0.3365832377680856,97.83867751132738,-0.0,0.735817036961532,0.3992337991934464,False,
2025-03-10,24.673768803730148,8.571372569421014,16.102396234309133,2911.255245678666,londra,ara_deger,71.77753269514812,71.83163886052203,0.0584997458080434,0.11233442109325165,98.55159596985604,-0.0,0.11298241099755191,0.0006479899043002613,False,
2025-03-11,24.674957576527177,8.534023184921152,16.140934391606024,2914.888229549936,londra,ara_deger,71.867104579643,71.92474340446307,0.0427686190770708,0.11243653561336191,99.05459132664092,-0.0,-0.704128713352876,-0.8165652489662378,False,
2025-03-12,24.67614634932421,8.496673800421291,16.17947254890292,2917.537928634229,londra,ara_deger,71.97625145806315,71.99359290668245,0.5041071474321107,0.11363727689113462,98.2165401420772,-0.0,-0.6033211851684918,-0.7169584620596263,False,
2025-03-13,24.67733512212124,8.45932441592143,16.21801070619981,2948.6951339082843,londra,ara_deger,72.74490602105135,72.7659379924229,0.8171166748237374,0.11557895589940281,96.02341343978642,-0.0,0.6270991947158441,0.5115202388164413,False,
2025-03-14,24.678523894918268,8.42197503142157,16.256548863496697,2999.0784200970998,londra,ima,73.9878718932062,74.01282845310001,0.01121118628239021,0.16610315854243277,97.04429880092644,-0.0,-0.08214194491438359,-0.24824510345681636,False,
2025-03-17,24.675299368524723,8.363378504544364,16.311920863980358,2999.7680613227085,londra,ara_deger,74.00488548188422,74.02017494927686,0.40596832534412325,0.05582708250589128,98.06422883507496,-0.0,0.30000470303208854,0.24417762052619726,False,
2025-03-18,24.674224526393544,8.343846328918628,16.330378197474914,3024.6558920527223,londra,ara_deger,74.61887330541451,74.63103859558802,0.17655725913426282,0.056026635521329325,97.22810561692084,-0.0,0.26789264181837646,0.21186600629704713,False,
2025-03-19,24.673149684262363,8.324314153292894,16.348835530969467,3035.467476267077,londra,ara_deger,74.9108566453043,74.8945434036477,0.08344525645057586,0.056120842654559445,98.02629194974568,-0.0,-11.299194315443478,-11.355315158098037,False,
2025-03-20,24.67207484213118,8.304781977667158,16.367292864464023,3040.57152519414,londra,ara_deger,75.03681703871167,75.01720823244277,-0.11764189132852729,0.05598817834413633,89.13099696912276,-0.0,-2.855325998033309,-2.9113141763774455,False,
2025-03-21,24.671,8.285249802041424,16.385750197958576,3033.383904595993,londra,irfcl_pdf,74.8594371720327,74.83661431028774,-0.07042720889401677,1.197449909072801,88.26673763769784,-0.0,-12.31698444445565,-13.514434353528452,False,
2025-03-24,24.69242857142857,7.911361113724202,16.78106745770437,3029.085828032932,londra,ara_deger,74.75336698686901,74.79548544542975,-0.04558003599653285,0.39879205493620157,78.93595212135965,-0.0,-1.1116576222068686,-1.5104496771430702,False,
2025-03-25,24.699571428571428,7.786731550951794,16.912839877619632,3026.369669712765,londra,ara_deger,74.68633620886239,74.75003382633255,-0.03762790250369535,0.3984988859707916,80.39270943427722,-0.0833266499999965,0.4135515908800293,0.015052704909237713,False,
2025-03-26,24.706714285714284,7.662101988179387,17.044612297534897,3024.144856921065,londra,ara_deger,74.5580889302721,74.71668293856106,0.40552478074504195,0.40163401047591807,82.71320043748258,-0.0,0.13613987583171538,-0.2654941346442027,False,
2025-03-27,24.713857142857144,7.53747242540698,17.176384717450162,3047.936819663667,londra,ara_deger,75.14466244374945,75.3262751416222,0.49993511444113997,0.4054693728594583,82.75459895983722,-0.0,-0.4585717857000163,-0.8640411585594745,False,
2025-03-28,24.721,7.412842862634572,17.308157137365427,3077.0427766310395,londra,irfcl_pdf,75.86224861459957,76.06757448109593,0.9829620161095859,-0.4871544782267784,80.67559736337103,-0.0765031900000039,-6.3273688156188195,-5.840214337392041,False,
2025-04-02,24.7255,7.572792826813496,17.152707173186506,3133.8346123133915,londra,ara_deger,77.30304751121328,77.48562770675477,-0.09611842145005889,-0.09303356527413073,77.93328912136401,-0.0,0.6097846705776563,0.702818235851787,False,
2025-04-03,24.72775,7.604782819649282,17.12296718035072,3128.2309241911857,londra,ara_deger,77.164819996766,77.3541122356686,-0.6695269394074984,-0.09187069868847296,77.58231230131884,-0.0,0.1917249898901604,0.2835956885786334,False,
2025-04-04,24.73,7.636772812485066,17.093227187514934,3089.129819087404,londra,irfcl_pdf,76.2003036902251,76.3941804260315,-0.9227608199412045,0.23262896028979374,78.06077317916444,0.2280000000000015,-6.438274986253674,-6.670903946543468,False,
2025-04-07,24.730857142857143,7.560984886422729,17.169872256434413,3035.1458165454383,londra,ara_deger,74.86866739488582,75.06175759672573,-0.42463262742241437,0.07691114364277736,71.14590511087192,-0.0,-2.6720863377911312,-2.7489974814339084,False,
2025-04-08,24.731142857142856,7.535722244401951,17.195420612740904,3010.41455348882,londra,ara_deger,74.25861541716934,74.45099238155392,0.6505354905036518,0.07787768658905903,68.962355275716,-0.177365469999998,-1.234860843265592,-1.3127385298546512,False,
2025-04-09,24.73142857142857,7.510459602381172,17.220968969047398,3048.2464568283426,londra,ara_deger,75.41084726109024,75.38748951516037,1.135880506446542,0.0795628345010405,68.04397404549103,-0.0,-2.60369807414584,-2.6832609086468806,False,
2025-04-10,24.73171428571429,7.485196960360393,17.246517325353896,3114.205608632643,londra,ara_deger,77.04261673663342,77.0196433396715,1.928061151050204,0.08241899336129553,65.83792594566677,-0.0,0.35945156254148447,0.2770325691801889,False,
2025-04-11,24.732,7.459934318339614,17.272065681660386,3225.9998401680605,londra,irfcl_pdf,79.80830443229308,79.78542804703648,0.042714376826898395,0.080805252655881,67.75711222994983,-0.0,-2.1473928015827037,-2.2281980542385846,False,
2025-04-14,24.736285714285717,7.439191092985096,17.297094621300623,3228.472872497497,londra,ara_deger,79.86948500476588,79.8604273949188,-0.006504079579224773,0.02693194707874388,64.33748308862822,-0.0,0.5944348963895553,0.5675029493108114,False,
2025-04-15,24.737714285714286,7.43227668453359,17.305437601180696,3228.0968509909017,londra,ara_deger,79.86018257440062,79.85573758642693,1.3761694450060233,0.027595400627637656,64.64395210070663,-0.0016832300000011,1.0141026713587145,0.9865072707310768,False,
2025-04-16,24.73914285714286,7.425362276082084,17.313780581060776,3307.619222902036,londra,ara_deger,81.49287338666156,81.82766447240532,0.3012777309801673,0.027740577126549086,65.74475510158337,-0.0,-3.3505215871267153,-3.378262164253264,False,
2025-04-17,24.740571428571428,7.418447867630578,17.322123560940852,3325.0202595831715,londra,ara_deger,81.92159881830547,82.26290123366456,,,61.75759805582693,-0.0,,,False,
2025-04-18,24.742,7.411533459179072,17.33046654082093,3325.0202595831715,ffill,irfcl_pdf,81.92159881830547,82.26765126260683,,,64.92211414412158,-0.0,,,False,
2025-04-21,24.763857142857145,7.37557310175507,17.388284041102075,3325.0202595831715,ffill,ara_deger,81.92159881830547,82.34032670542345,2.2323958835526723,0.28654069125806153,62.9089176741967,-0.0,0.8563287784632605,0.569788087205199,True,
2025-04-22,24.771142857142856,7.363586315947069,17.407556541195788,3453.4053192173355,londra,ara_deger,85.08474025159487,85.54479650594965,-2.0036871971578853,0.12867480768361925,62.49784185693514,-0.012049870000002,-4.378749431235887,-4.507424238919506,False,
2025-04-24,24.785714285714285,7.339612744331068,17.446101541383218,3338.3008706167484,londra,ara_deger,82.5803705153813,82.74217157885798,-0.6543273758209186,0.06361457620137555,58.9876241377892,-0.0,0.6489014646303638,0.5852868884289882,False,
2025-04-25,24.793,7.327625958523067,17.46537404147693,3300.795220757448,londra,irfcl_pdf,81.65258402104145,81.8366159082394,-0.32486737924324116,0.27961978072949206,59.10004917887089,-0.0,-3.274357350450574,-3.553977131180066,False,
2025-04-28,24.8008,7.250233025855351,17.550566974144648,3282.194566773643,londra,ara_deger,81.1924550640229,81.40105101163977,0.5570014400464822,0.09410784814846698,56.19675682823596,-0.0,0.5422662171705606,0.4481583690220936,False,
2025-04-29,24.8034,7.224435381632778,17.578964618367223,3313.931515264655,londra,ara_deger,81.97753977237969,82.19676894571535,-0.5638754559352545,0.09319694497917758,56.30853065970607,-0.0495274099999996,0.9014421185856519,0.8082451736064744,False,
2025-04-30,24.806,7.198637737410206,17.607362262589795,3281.854799247712,londra,evds_aylik,81.33106588582218,81.40969015013874,-0.30186760249672207,0.13878357324178642,57.32604509791419,-0.0,-0.2792406542593987,-0.4180242275011851,False,
2025-05-02,24.796914936391687,7.147042448965062,17.649872487426624,3264.7104026030142,londra,ima,80.90619271550332,80.95474614529999,,,57.64424403489639,0.1860594300000002,,,False,
2025-05-05,24.869167714431,7.162020586163446,17.707147128267554,3264.7104026030142,ffill,ara_deger,80.90619271550332,81.19063054138192,2.0787241380731625,0.2515547329328117,57.1264718349764,-0.0,1.3072450920655325,1.0556903591327207,True,
2025-05-06,24.89325197377744,7.167013298562907,17.726238675214532,3382.1050412207,londra,ara_deger,83.81547166661531,84.19159299288981,-0.045678894702503206,0.06452042000492628,56.26211227106779,-0.0,1.0121525442503558,0.9476321242454295,False,
2025-05-07,24.91733623312388,7.172006010962368,17.745330222161513,3379.528132743981,londra,ara_deger,83.80187163279511,84.20883879288309,-0.7328454874247717,0.06373197854719613,57.30152211025715,-0.0,0.3775092465990343,0.31377726805183814,False,
2025-05-08,24.94142049247032,7.176998723361829,17.76442176910849,3338.2301981183664,londra,ara_deger,82.7778102608351,83.2602030719327,-0.15634117907853803,0.06356395760067063,58.43021010890182,-0.0,0.6417455542843156,0.578181596683645,False,
2025-05-09,24.96550475181676,7.18199143576129,17.78351331605547,3329.42939496752,londra,ima,82.55957749373161,83.12088538090002,-1.8432036022728084,0.11299003871064829,61.77456444499197,-0.0,0.257958473947423,0.14496843523677472,False,
2025-05-12,24.97734831766036,7.158807830953299,17.81854048670706,3225.782631276078,londra,ara_deger,79.98945751104264,80.57149637844157,0.5455704769570976,0.03802083511600263,61.36283763150129,-0.0,0.6975982611111976,0.659577425995195,False,
2025-05-13,24.98129617294156,7.151079962683969,17.83021621025759,3256.400766210536,londra,ara_deger,80.74869279852335,81.34911199849923,-0.37347005588364746,0.03777627649287279,62.150761771410814,-0.0,1.543786359861014,1.5060100833681411,False,
2025-05-14,24.985244028222763,7.143352094414639,17.841891933808125,3235.454858910276,londra,ara_deger,80.7747636544131,80.83862919217229,-1.2280784089264403,0.03697262270690641,63.09929078909974,-0.0,1.7894399614197818,1.7524673387128753,False,
2025-05-15,24.989191883503963,7.135624226145309,17.853567657358653,3166.623682626813,londra,ara_deger,79.05635859583519,79.13136682800939,0.794097381781716,0.03749193972410011,64.98433731166044,-0.0,0.43897676486995907,0.401484825145859,False,
2025-05-16,24.993139738785164,7.127896357875978,17.865243380909185,3211.10204107157,londra,ima,80.16678326494076,80.255522028,0.4752239499452297,0.03411825949071895,65.5016362017619,-0.0,1.7753998364259473,1.7412815769352283,False,
2025-05-20,25.1280375812075,7.252256400939901,17.8757811802676,3237.70251551308,londra,ara_deger,80.83087753601085,81.35711048658274,1.3658410382974422,0.00873085619907106,66.70276335332186,-0.0,1.433296822098816,1.424565965899745,False,
2025-05-21,25.161762041813084,7.283346411705882,17.878415630107202,3314.1098637863483,londra,ara_deger,82.83001093529846,83.38884377301767,-0.06735242466871603,0.008720931573308005,67.9848650844953,-0.0,1.5484874866426044,1.5397665550692963,False,
2025-05-22,25.195486502418667,7.3144364224718625,17.881050079946803,3310.342615834282,londra,ara_deger,82.73585558080181,83.40569269563395,0.35572315146567457,0.00877334095616542,69.55851881664346,-0.0,0.4952678870606281,0.48649454610446263,False,
2025-05-23,25.22921096302425,7.345526433237843,17.883684529786407,3330.236478324193,londra,ima,83.23306566595633,84.01923866839999,,,69.83149325748454,-0.0,,,False,
2025-05-26,25.222158647812268,7.385796483415275,17.836362164396995,3330.236478324193,ffill,ara_deger,83.23306566595633,83.99575279102442,-0.5406522741466128,-0.20964808122761425,69.76409385476856,-0.0,-1.9667670234678072,-1.7571189422401927,True,
2025-05-27,25.219807876074945,7.399219833474418,17.820588042600527,3299.924676558595,londra,ara_deger,82.4754785686944,83.22346634832651,0.4658758504143356,-0.05246578974432524,67.74465013904822,-0.0,0.8916419707843579,0.9441077605286832,False,
2025-05-28,25.217457104337612,7.412643183533562,17.80481392080405,3326.0672398287097,londra,ara_deger,83.91405207084229,83.8749579465231,-0.753943329773166,-0.051797835899662956,68.41979453639813,-0.0,0.7951082821054584,0.8469061180051213,False,
2025-05-29,25.21510633260029,7.426066533592706,17.789039799007583,3283.722324957557,londra,ara_deger,82.84572328034666,82.79940759053824,0.26274539902614874,-0.052030820814685734,70.3445842632059,-0.0,0.7576040842510183,0.809634905065704,False,
2025-05-30,25.21275556086296,7.4394898836518495,17.77326567721111,3298.49239697914,londra,ima,83.21836054331825,83.1640825244,0.9826084718324638,0.29141957856658446,70.07751613224991,-0.0,-3.079786363565514,-3.3712059421320983,False,
2025-06-02,25.261,7.400841402307245,17.860158597692752,3353.778155357937,londra,ara_deger,84.61317660470772,84.71978998249685,0.13137828625921888,0.060106579968436095,67.22368141137287,-0.0,1.7757316371520382,1.715625057183602,False,
2025-06-03,25.266,7.387958575192377,17.87804142480762,3361.134097106192,londra,ara_deger,84.79876121090612,84.92241409748503,0.0834514549383928,0.06019005376213165,68.69719007701752,-0.0,1.3321678776940615,1.27197782393193,False,
2025-06-04,25.271,7.375075748077508,17.895924251922494,3365.8019157422195,londra,ara_deger,84.86114096789285,85.05718021272163,0.3409059433692883,0.06053071021335717,69.43404040015875,-0.0497545099999996,0.8532290039374124,0.7926982937240552,False,
2025-06-05,25.276,7.362192920962641,17.91380707903736,3384.8512779640487,londra,irfcl_pdf,85.34142788118217,85.5555009018193,-0.9615768880996567,-0.16225460537159309,70.5652508422738,0.0040195700000005,-0.3811059422075884,-0.21885133683599534,False,
2025-06-10,25.268072553591654,7.402973419357414,17.865099134234242,3331.173302988819,londra,ara_deger,83.98805821912958,84.17232870850904,0.19660397288013529,-0.050137087211183484,70.6832851397998,-0.0,0.5947638902061579,0.6449009774173414,False,
2025-06-11,25.266487064309988,7.416389250734825,17.850097813575164,3342.1782222116512,londra,ara_deger,84.4939175590117,84.44510281812923,0.39300412635027593,-0.0504673700466899,71.65528045670546,-0.0,1.366072527868098,1.416539897914788,False,
2025-06-12,25.26490157502832,7.429805082112234,17.835096492916083,3364.1951394551743,londra,ara_deger,85.0505292854943,84.99605907752365,1.0960646475667206,-0.05138928360334181,72.09378571287105,-0.0,0.47287074782233396,0.5242600314256758,False,
2025-06-13,25.26331608574665,7.443220913489645,17.820095172257005,3425.6506324491183,londra,ima,86.60419130269895,86.54329472689999,-0.18426128280994572,-0.5113472951015022,72.6031658892694,-0.0,-5.223143004767258,-4.711795709665756,False,
2025-06-16,25.293576905520897,7.623203782800256,17.67037312272064,3415.3105483458185,londra,ara_deger,86.34278267763786,86.3854200108217,-0.525101734714788,-0.16896602634615943,67.30516484212124,-0.0,1.5125016955031976,1.681467721849357,False,
2025-06-17,25.303663845445648,7.683198072570459,17.62046577287519,3385.5940431499203,londra,ara_deger,85.59151695414133,85.6679335850088,-0.029157145157044307,-0.16888344306702366,70.11845139492877,-0.0,0.6786190610484217,0.8475025041154454,False,
2025-06-18,25.313750785370395,7.743192362340663,17.57055842302973,3383.939311343572,londra,ara_deger,85.4895284374565,85.66019640016911,-0.21325367874664644,-0.1682777180982998,70.53101589580001,-0.0,0.5285824605374324,0.6968601786357322,False,
2025-06-19,25.323837725295142,7.803186652110866,17.520651073184276,3371.8023220907357,londra,ara_deger,85.1829078416328,85.38697484639914,-0.2902076503855603,-0.16745106532864354,70.86270582343407,-0.0,-0.21325567659236622,-0.04580461126372268,False,
2025-06-20,25.333924665219893,7.86318094188107,17.470743723338824,3355.23857402148,londra,ima,84.76445263859452,85.0013612681,0.17786944691644127,0.03949382767334845,70.87342428441227,-0.0,-0.8863230571400351,-0.9258168848133835,False,
2025-06-23,25.33650157420247,7.854022663932082,17.482478910270387,3365.41956286392,londra,ara_deger,85.02165817778653,85.26795805235349,-0.7103423200563476,0.013005669142141294,70.81273231481187,-0.0,-1.3800222643288942,-1.3930279334710354,False,
2025-06-24,25.33736054386333,7.850969904615753,17.486390639247578,3324.7878925097207,londra,ara_deger,83.99516744653653,84.24134956439032,0.05186723706013246,0.013017271912441576,69.53098658182512,-0.0,1.3078619236572409,1.2948446517447993,False,
2025-06-25,25.338219513524187,7.847917145299424,17.490302368224764,3327.754041335409,londra,ara_deger,84.30507018757231,84.31936238637383,0.32625265755895844,0.013090238745592729,70.47697189443784,-0.0,0.5679629942836943,0.5548727555381017,False,
2025-06-26,25.339078483185048,7.844864385983095,17.494214097201954,3346.407387097554,londra,ara_deger,84.77763264386478,84.79487941837513,-1.0227982584590254,0.012861539727539778,71.80090157016768,-0.0,-0.12154189394002679,-0.13440343366756657,False,
2025-06-27,25.339937452845906,7.841811626666765,17.49812582617914,3287.942442472084,londra,ima,83.29648614116687,83.31625584080001,0.04550972580462438,0.5692635086843307,71.24291210211507,-0.0,-2.016918151623261,-2.5861816603075916,False,
2025-06-30,25.354,7.682874319145477,17.671125680854523,3290.54327677038,londra,evds_aylik,83.36237548134663,83.42843423923621,0.9539292237032925,0.15431429552122686,67.18383293832717,-0.0,6.620431620150172,6.466117324628946,False,
2025-07-01,25.34716026428932,7.62989521663838,17.71726504765094,3344.5256455753743,londra,ara_deger,84.72996074590246,84.77422754642473,-0.08535308803102679,0.15409201869547082,76.22208930569651,-0.0,1.144343657348981,0.9902516386535101,False,
2025-07-02,25.34032052857864,7.576916114131285,17.763404414447358,3339.708136337833,londra,ara_deger,84.62799528556127,84.6292746467027,0.24557732081444042,0.15472989090834027,78.05427697969319,-0.0,0.6177516338355445,0.46302174292720427,False,
2025-07-03,25.333480792867963,7.523937011624188,17.809543781243775,3353.533038090039,londra,ara_deger,84.97831743125391,84.95666480870214,-0.2269757606807571,0.15414186248917533,78.62855330787332,-0.0,0.5524936708511917,0.3983518083620164,False,
2025-07-04,25.32664105715729,7.470957909117092,17.855683148040196,3340.7884241084166,londra,ima,84.65536971009894,84.61094926530002,-0.5292584287145553,-0.1633627559369293,80.13185419404562,-0.0087084299999986,1.030785928941357,1.1941486848782863,False,
2025-07-07,25.343043290000004,7.53669734439463,17.806345945605372,3311.147529143687,londra,ara_deger,83.9042712856463,83.914555170665,0.24297087864706024,-0.05467865705833345,79.82661722438459,-0.0,0.3951834967064126,0.4498621537647461,False,
2025-07-08,25.34851070094758,7.558610489487143,17.789900211460434,3324.792713809271,londra,ara_deger,84.25003941160473,84.27854368442684,-0.6409087064980235,-0.05408617401610411,80.28367724056612,-0.0,0.3785540208260578,0.43264019484216193,False,
2025-07-09,25.353978111895152,7.580523634579656,17.773454477315497,3288.7661651001813,londra,ara_deger,83.29340018441597,83.38330536509135,0.7323444452007482,-0.054763810547813555,80.29881241109602,-0.0,0.37668947505546635,0.4314532856032799,False,
2025-07-10,25.359445522842723,7.602436779672169,17.757008743170555,3329.9705604604333,londra,ara_deger,84.33696911568227,84.4462070206664,0.15935567241708193,-0.054911398526226174,80.55062130602509,-0.0,0.4800820117201281,0.5349934102463543,False,
2025-07-11,25.364912933790297,7.624349924764681,17.740563009025614,3338.944801264272,londra,ima,84.56425649128157,84.6920441748,0.553556373329544,-0.04160227425454745,81.36813160546664,-0.0,0.2359855124925364,0.27758778674708384,False,
2025-07-14,25.397325360314053,7.669106698892077,17.728218661421977,3370.1476651783382,londra,ara_deger,85.35452022558847,85.592736764837,-0.47623827971328603,-0.02751377630973499,81.63642030562805,-0.0,0.7046252272814544,0.7321390035911893,False,
2025-07-16,25.41893364466322,7.698944548310341,17.71998909635288,3343.284375142909,londra,ara_deger,84.80211708840139,84.98272368699693,-0.25171210324357485,-0.013698437748344438,82.84342851389391,-0.0,0.46753223515051967,0.4812306728988641,False,
2025-07-17,25.429737786837805,7.713863473019472,17.715874313818333,3329.079394435817,londra,ara_deger,84.44180898953984,84.65761607206761,0.3985553083013591,-0.013791008309221031,84.47754217879567,-0.0,0.3623872260945942,0.3761782344038152,False,
2025-07-18,25.44054192901239,7.7287823977286045,17.711759531283786,3351.576466905477,londra,ima,85.01244527399794,85.26592163459999,0.28288292397958986,-0.2514111967902145,83.44989110390037,-0.0,-0.4794987389329653,-0.2280875421427508,False,
2025-07-21,25.45102395943565,7.813921478661557,17.63710248077409,3367.5479418727123,londra,ara_deger,85.41756034596607,85.70754335315061,0.39265463068865786,-0.08435776197865061,85.31226464595191,-0.0,0.48184286171820573,0.5662006236968563,False,
2025-07-22,25.454517969576735,7.842301172305875,17.61221679727086,3389.8109315625825,londra,ara_deger,85.98225914109548,86.28600327092741,0.7363846249854319,-0.08539825761443398,85.97641017131784,-0.0,0.6106902340120485,0.6960884916264825,False,
2025-07-23,25.458011979717824,7.870680865950193,17.587331113767632,3431.621944535097,londra,ara_deger,87.30232196446417,87.36227257383707,-1.1190186596481353,-0.0838148710267657,86.11692203361656,-0.0,-0.05354095950213855,0.030273911524627148,False,
2025-07-24,25.461505989858917,7.899060559594511,17.562445430264408,3367.9955391180665,londra,ara_deger,85.68363172965987,85.75423859307276,-0.3624954703764319,-0.08330122117189022,86.3640343841573,-0.0,0.32308748490388506,0.40638870607577526,False,
2025-07-25,25.465,7.927440253238828,17.537559746761172,3347.3551635043286,londra,irfcl_pdf,85.158529388428,85.24039923863772,-0.15429249769946102,-0.13427710407198934,86.64146754570085,-0.0,-1.0838096701014086,-0.9495325660294193,False,
2025-07-28,25.482,7.984660351539864,17.497339648460134,3338.5573318830875,londra,ara_deger,84.93470778418343,85.07311793104483,-0.18980921812790297,-0.0446136002881631,86.20367214617075,-0.0,1.0687949503766554,1.1134085506648186,False,
2025-07-29,25.487666666666662,8.003733717640209,17.483932949026453,3327.7094417499948,londra,ara_deger,84.65873158041116,84.81554901484327,0.11792884872309514,-0.04470402826189189,86.59393224563739,0.1029152799999977,0.14689427722943663,0.1915983054913285,False,
2025-07-30,25.49333333333333,8.022807083740554,17.470526249592773,3334.454425791452,londra,ara_deger,84.89409746340979,85.00635816151006,-0.42670882389641335,-0.04437657636568912,85.89581809846317,-0.0,0.16420083314180317,0.2085774095074923,False,
2025-07-31,25.499,8.0418804498409,17.4571195501591,3310.0299283378417,londra,evds_aylik,84.27225790510501,84.40245314268661,-0.2507147885580463,-0.00024179032226840882,85.59106370286436,-0.0,-0.24118242407721757,-0.24094063375494917,False,
2025-08-01,25.518,8.060953815941245,17.457046184058754,3295.668178231378,londra,irfcl_pdf,83.9066125377991,84.09886057210832,1.121229024593377,0.20942866482917807,85.064490076765,-0.0,1.4536994600140065,1.2442707951848284,False,
2025-08-04,25.527,8.007621927885015,17.519378072114986,3359.89605577559,londra,ara_deger,85.54183287667422,85.7680666157835,0.09289509223556164,0.0699197248829997,86.49037567199665,-0.0997396699999981,0.3024905710603713,0.23257084617737162,False,
2025-08-05,25.53,7.989844631866272,17.54015536813373,3365.1984752937474,londra,ara_deger,85.67683070896862,85.91351707424938,-0.020987970578030844,0.06989486345685093,87.21440234652667,-0.0027365700000032,0.3418231299380074,0.2719282664811565,False,
2025-08-06,25.533,7.972067335847528,17.560932664152475,3364.0019083228435,londra,ara_deger,85.82212877501017,85.89306072520716,0.27135902472445916,0.07021592310053129,87.51296303243033,-0.0,0.6196362517105475,0.5494203286100162,False,
2025-08-07,25.536,7.954290039828786,17.581709960171217,3379.454335019883,londra,ara_deger,86.21634976239982,86.29774589906772,0.37020067731972506,0.0706534100728699,87.83922765455226,-0.0,0.702109421053682,0.631456010980812,False,
2025-08-08,25.539,7.936512743810042,17.60248725618996,3400.51034596298,londra,irfcl_pdf,86.75352891148879,86.84563372554855,-0.7134706595811608,-0.09396043284849839,87.59417505065625,-0.0,0.6942968931457174,0.7882573259942158,False,
2025-08-11,25.564088901431848,7.989566243144698,17.57452265828715,3359.977968396266,londra,ara_deger,85.71947036399463,85.8947754909345,-0.2041007908165208,-0.03121188915582833,88.45281572068113,-0.0,0.6878029270947336,0.7190148162505619,False,
2025-08-12,25.5724518685758,8.007250742922917,17.565201125652884,3348.364521204272,londra,ara_deger,85.42318909317633,85.6258905569431,0.28281016417560984,-0.03136197136418035,88.5484215079759,0.0482320300000012,0.5007339675129907,0.5320959388771711,False,
2025-08-13,25.580814835719742,8.024935242701135,17.55587959301861,3364.465114767222,londra,ara_deger,85.83853041434021,86.06575912209888,-0.20627497977961493,-0.0312524468629748,89.80465387094979,-0.0,1.977482209494236,2.008734656357211,False,
2025-08-14,25.58917780286369,8.042619742479355,17.546558060384335,3352.715491019424,londra,ara_deger,85.53875900907116,85.79323282211149,-0.1641537861904052,-0.031165240878167244,91.75556381089676,-0.0,0.5694939066184237,0.600659147496591,False,
2025-08-15,25.597540770007644,8.060304242257573,17.53723652775007,3343.3601641441765,londra,ima,85.30007396312068,85.5817981105,0.11761766437824324,-0.2274680602199478,91.32219786278888,-0.0,0.3251558885148986,0.5526239487348463,False,
2025-08-18,25.594887087920863,8.125550117645645,17.46933697027522,3350.0669029278,londra,ara_deger,85.47118484744291,85.74458411741779,-0.17346520573442079,-0.07559794608485507,91.02926882924623,-0.0,0.5870193423583148,0.6626172884431698,False,
2025-08-19,25.594002527225268,8.147298742775002,17.446703784450264,3340.13720691074,londra,ara_deger,85.21784576247977,85.48748011495263,-0.2336783573088109,-0.07529480081741684,91.48726111939968,-0.0,0.6471943996400121,0.7224892004574289,False,
2025-08-20,25.593117966529675,8.169047367904358,17.424070598625317,3326.74336700861,londra,ara_deger,85.1564489683554,85.14173543622148,0.2621867128847822,-0.07563537109692633,92.26305539505834,-0.0,0.18353072040868662,0.259166091505613,False,
2025-08-21,25.59223340583408,8.190795993033717,17.401437412800362,3341.7907528304668,londra,ara_deger,85.54162504041241,85.52388893989529,-0.19307293974691167,-0.07538425070844318,91.9582444391821,-0.0,-0.48503800372147643,-0.40965375301303325,False,
2025-08-22,25.591348845138487,8.212544618163074,17.37880422697541,3330.6955234441352,londra,ima,85.25761445384319,85.2369910374,,,91.07875619651708,-0.0,,,False,
2025-08-25,25.60705648293628,8.253899948941676,17.353156533994603,3330.6955234441352,ffill,ara_deger,85.25761445384319,85.28930839629699,0.7891088416128846,-0.11428830509113483,91.00695114971025,-0.0,0.6013654949120684,0.7156538000032031,True,
2025-08-26,25.612292362202208,8.26768505920121,17.344607303001,3376.1690279369363,londra,ara_deger,86.4216243390528,86.47142820773286,0.11212809538299025,-0.02891891731022852,91.74495418626896,-0.0,0.4235545098658879,0.4524734271761164,False,
2025-08-27,25.61752824146814,8.281470169460743,17.336058072007397,3382.633751722501,londra,ara_deger,86.56616035567012,86.6547156652945,0.3185548909556109,-0.02907601180864494,91.6036607574328,-0.0,-0.6586471217170673,-0.6295711099084224,False,
2025-08-28,25.622764120734068,8.295255279720278,17.32750884101379,3401.009029979672,londra,ara_deger,87.03640851167584,87.14325214765572,0.17477511859266157,-0.029162244219436004,91.22356166329853,-0.0,0.4858665243035636,0.5150287685229996,False,
2025-08-29,25.628,8.309040389979812,17.318959610020187,3411.095599272251,londra,irfcl_pdf,87.2945374250929,87.41955801814926,1.0988122908600915,0.10882852435238295,91.0416484235397,-0.0,0.568773349240616,0.459944824888233,False,
2025-09-01,25.6272,8.27691869390719,17.35028130609281,3474.5412285480625,londra,ara_deger,88.91819665658953,89.0427629722469,0.08599846100114038,0.03447219234750569,91.92865878527157,-0.0,-1.6496464649731957,-1.6841186573207014,False,
2025-09-02,25.6264,8.266211461882984,17.360188538117015,3479.4978318148314,londra,ara_deger,89.04504281987636,89.1670032372196,1.0402657496817822,0.03506585837403068,91.9645081642403,-0.0115272500000003,-4.664405066663153,-4.6994709250371836,False,
2025-09-03,25.6256,8.255504229858776,17.370095770141223,3539.420323289951,londra,ara_deger,90.61123071073476,90.69976943649895,0.016367886682972645,0.03507519398468362,88.13265208029961,-0.0,0.33322043776216725,0.29814524377748364,False,
2025-09-04,25.6248,8.24479699783457,17.38000300216543,3540.36262590587,londra,ara_deger,90.63535420891569,90.72108421631273,0.18555615765586142,0.03518096772401892,88.86611142246242,-0.0259999999999998,0.4548212818060037,0.41964031408198477,False,
2025-09-05,25.624,8.234089765810362,17.389910234189635,3551.0390427990515,londra,irfcl_pdf,90.9086767267038,90.99182443268289,1.0934891162224416,0.4060939086572198,89.32387439448905,-0.0,0.040520786300079825,-0.36557312235713996,False,
2025-09-08,25.619413651586683,8.117134039681194,17.50227961190549,3613.9197075923967,londra,ara_deger,92.51845852835714,92.5865038924308,0.6654672920589126,0.13678879633148122,89.08127472819899,-0.0,-1.721611386238128,-1.8584001825696093,False,
2025-09-09,25.617884868782244,8.078148797638137,17.539736071144105,3651.9414571481657,londra,ara_deger,93.49183755835072,93.55501579675459,0.0002379437750892047,0.13678930446522575,87.39522116123253,0.0815191900000016,-1.0863481839551123,-1.223137488420338,False,
2025-09-10,25.61635608597781,8.039163555595081,17.577192530382728,3651.955023131948,londra,ara_deger,93.51500605519784,93.54978028252332,-0.45874440526703164,0.1358117341798925,88.0094716110281,-0.0,-0.9082594293403937,-1.0440711635202862,False,
2025-09-11,25.614827303173367,8.000178313552025,17.614648989621344,3625.856179162749,londra,ara_deger,92.8466972900696,92.87567985539785,0.3373949065307528,0.1365291835353257,86.29550268889277,-0.0,-0.45109801960241075,-0.5876272031377364,False,
2025-09-12,25.61329852036893,7.96119307150897,17.65210544885996,3645.010401692505,londra,ima,93.33717628680066,93.36073952839999,-0.010358681474318177,-0.1769904133955717,84.45836894701367,-0.0,-2.7197210897335387,-2.542730676337967,False,
2025-09-15,25.619011677447755,8.015470949353345,17.60354072809441,3644.4235775595807,londra,ara_deger,93.32214957864127,93.36653019106483,0.9362232685496293,-0.05985775667005281,82.21495127748622,-0.0,0.5169891366636369,0.5768468933336897,False,
2025-09-16,25.6209160631407,8.03356357530147,17.587352487839233,3697.607382057244,londra,ara_deger,94.6840184319362,94.73608837013808,-0.5264964004842605,-0.059373144206070004,84.23835371275877,-0.0,0.5379288320800304,0.5973019762861004,False,
2025-09-17,25.622820448833643,8.051656201249594,17.57116424758405,3667.671301521626,londra,ara_deger,93.94115992046343,93.97608322422863,0.043655613096304176,-0.05941336394013728,84.46678933476258,-0.0,0.4642880997862018,0.5237014637263391,False,
2025-09-18,25.624724834526585,8.069748827197719,17.554976007328868,3670.1558046815294,londra,ara_deger,94.00479624157283,94.0467325948047,-0.2047501986416604,-0.059224554487676405,85.27300931675232,-0.0,0.6317558423748546,0.690980396862531,False,
2025-09-19,25.626629220219527,8.087841453145844,17.538787767073686,3658.492433648941,londra,ima,93.70605883756134,93.7548291021,1.1420914211455249,-0.710758774924047,85.14698150474247,-0.0,0.5288317904720823,1.2395905653961292,False,
2025-09-22,25.636263709668835,8.28835487062242,17.347908839046415,3723.610470101245,londra,ara_deger,95.37394654427446,95.45945996359946,0.9928598600546853,-0.24056106850035847,85.85626342311055,-0.0,0.621253329038047,0.8618143975384054,False,
2025-09-23,25.639475206151936,8.355192676447945,17.28428252970399,3780.8427203549454,londra,ara_deger,96.83985325501494,96.93882318690065,-0.18218584158623713,-0.23989041221509547,86.6687363736081,-0.0,0.3392046974931157,0.5790951097082112,False,
2025-09-24,25.64268670263504,8.42203048227347,17.22065622036157,3770.302170507236,londra,ara_deger,96.62013577177784,96.68067733258192,-0.2180208685045601,-0.23908487594256114,86.62519271429086,-0.0,0.6081057344453262,0.8471906103878873,False,
2025-09-25,25.64589819911814,8.488868288098997,17.157029911019144,3757.6417430697047,londra,ara_deger,96.29569169206673,96.36809761152249,-0.08466732603441493,-0.23877088980944836,86.90911963679466,-0.0,0.48732878829937387,0.7260996781088223,False,
2025-09-26,25.649109695601243,8.555706093924522,17.09340360167672,3752.706895577247,londra,ima,96.16922818511917,96.25359082010002,1.0581552718943446,0.23282975485757013,86.88520618388687,-0.0,-1.0688987163002146,-1.3017284711577848,False,
2025-09-29,25.67452742390031,8.520087521901365,17.15443990199895,3814.611200685362,londra,ara_deger,97.7556268592602,97.93833988351362,-0.08543472643005257,0.07750859136697445,86.22042980776408,-0.0,0.35105259573248593,0.27354400436551146,False,
2025-09-30,25.683,8.508214664560311,17.174785335439687,3809.630873322992,londra,evds_aylik,97.62799785654944,97.8427497195544,1.423218210711513,0.017161771484058983,83.00930442995181,-0.0,0.36861022374929986,0.35144845226524085,False,
2025-10-01,25.67553607832332,8.49634180721926,17.17919427110406,3892.497598170769,londra,ara_deger,99.83909788534642,99.94196251662044,-0.2426735480940392,0.017099490794762945,85.99870066072303,-0.0,0.6905893945307537,0.6734899037359908,False,
2025-10-02,25.66807215664664,8.484468949878206,17.183603206768435,3878.371583628735,londra,ara_deger,99.47677818879612,99.55032165887027,-0.22270551925323476,0.01704234944351816,87.3174024457109,-0.0,-0.14100628461511702,-0.15804863405863517,False,
2025-10-03,25.660608234969963,8.472596092537154,17.18801214243281,3865.411233196207,londra,ima,99.1443567388588,99.1888033221,1.347171374507068,0.888452545889693,87.04262988828877,-0.0564300899999992,-0.8663860353844632,-1.7548385812741563,False,
2025-10-06,25.64560131377545,8.232310290882245,17.413291022893205,3943.789777692417,londra,ara_deger,101.15469662442362,101.14086030404285,0.19995334730931097,0.29701312611224606,87.81066522712231,-0.0,0.6538053328766598,0.3567922067644137,False,
2025-10-07,25.64059900671062,8.152215023663942,17.488383983046678,3955.2725782179714,londra,ara_deger,101.44922023471632,101.41555814032546,1.553707317001899,0.30368455337267125,88.40905214175464,-0.0,-0.2827628642497537,-0.586447417622425,False,
2025-10-08,25.635596699645784,8.07211975644564,17.563476943200143,4044.114824506026,londra,ara_deger,103.77444616888344,103.67329664809526,-0.08919005446619079,0.3033032196977943,88.23934230266669,-0.0,0.09171750487539466,-0.21158571482239963,False,
2025-10-09,25.630594392580942,7.992024489227336,17.638569903353606,4039.036669721832,londra,ara_deger,103.64413762840972,103.52291061840118,-0.7612288688913511,0.3000624281012089,88.51669984714462,-0.0,0.3540251826359244,0.053962754534715496,False,
2025-10-10,25.62559208551611,7.911929222009033,17.71366286350708,3995.879606929195,londra,ima,102.53670114751586,102.39678083,1.4740570182816353,-0.4288007013276332,87.29574251041922,-0.0,0.26789209755046595,0.6966927988780991,False,
2025-10-13,25.62533833458064,8.016796988523712,17.608541346056928,4079.0954290682976,londra,ara_deger,104.6720697583783,104.52820046891651,1.0052161199546321,-0.14493391913193743,87.26655599933942,-0.0,-4.195185469164409,-4.050251550032471,False,
2025-10-14,25.625253750935475,8.05175291069527,17.573500840240204,4136.182276876945,londra,ara_deger,106.13695299536538,105.99072040509377,1.1590991286771972,-0.14724509321893456,82.73769745125936,-0.0,0.29905409890140167,0.4462991921203362,False,
2025-10-15,25.62516916729032,8.086708832866831,17.53846033442349,4202.139489342151,londra,ara_deger,107.68231244032091,107.68053527894358,0.6224152168529412,-0.1484886313409365,84.57240066178308,-0.0,0.3162216852325733,0.4647103165735098,False,
2025-10-16,25.62508458364516,8.121664755038392,17.50341982860677,4237.628078704314,londra,ara_deger,108.59172855500611,108.58957795082779,1.879857462178324,-0.15225196199192212,86.47374357880864,-0.0,0.32712594258700944,0.4793779045789316,False,
2025-10-17,25.625,8.15662067720995,17.46837932279005,4345.027517247517,londra,irfcl_pdf,111.34390275732768,111.34133012946762,-1.4675440091873835,-0.16155736600448203,87.20558845506228,-0.0,-2.783087617272516,-2.621530251268034,False,
2025-10-20,25.682040052289487,8.251575950597816,17.43046410169167,4261.01605962633,londra,ara_deger,109.19105941381753,109.43158510677215,0.1593572873262867,-0.05396800144130492,85.30632004898132,-0.0,0.5667634737420131,0.620731475183318,False,
2025-10-21,25.701053403052647,8.283227708393772,17.417825694658873,4270.158517704129,londra,ara_deger,109.42534031517812,109.74757210301395,-3.469905676953331,-0.05145023136597934,85.97721461341585,0.0515537799999989,-0.9197828289852255,-0.8683325976192461,False,
2025-10-22,25.72006675381581,8.314879466189728,17.405187287626084,4070.942740845289,londra,ara_deger,104.1561836309556,104.70491904550273,0.8755570153820643,-0.05208599849439105,84.74191818889857,-0.0,-0.5767271782982953,-0.5246411798039043,False,
2025-10-23,25.73908010457897,8.346531223985682,17.39254888059329,4121.247112807119,londra,ara_deger,105.4432347483605,106.07710956730726,-1.0049006360071717,-0.05135578101145816,83.37702630493477,-0.0,-1.8773453164503004,-1.8259895354388422,False,
2025-10-24,25.75809345534213,8.378182981781638,17.379910473560493,4063.469460842119,londra,ima,103.96497771775866,104.6672261253,-0.42019637813215743,0.30083634081937977,81.47698977050514,-0.0,-0.4454046011205061,-0.7462409419398859,False,
2025-10-27,25.7537247497175,8.299336789439382,17.45438796027812,4039.2923295058335,londra,ara_deger,103.34639919886529,104.02682283773844,-2.162400775663603,0.0972031415394897,81.13026457757374,-0.0,0.25082812819263767,0.15362498665314797,False,
2025-10-28,25.75226851450929,8.273054725325295,17.479213789183994,3915.403667205861,londra,ara_deger,100.1766738841756,100.8305265805797,1.328300695591683,0.1981794694707746,80.54825346829892,-0.0,0.8937468467697882,0.6955673772990136,False,
2025-10-30,25.749356044092867,8.220490597097124,17.528865446995745,3991.39682751686,londra,ara_deger,102.8107725005354,102.77589802499436,0.3031579566124752,0.09951909210506846,80.59981270451851,-0.0,1.222318149551576,1.1227990574465077,False,
2025-10-31,25.74789980888465,8.194208532983039,17.553691275901613,4008.691612369261,londra,ima,103.25625318505357,103.21538999999999,-0.13703537064026475,0.06179991089151805,80.53374588556531,-0.0,0.26935256199914415,0.2075526511076261,False,
2025-11-03,25.73322124823583,8.164083412051221,17.56913783618461,4000.8849711058137,londra,ara_deger,103.05516898981736,102.95565815020751,-0.1377610633920291,0.020559597711436,80.24853239192984,-0.0,-1.0599820190083213,-1.0805416167197572,False,
2025-11-04,25.72832839468622,8.154041705073949,17.574286689612272,3993.043888368771,londra,ara_deger,102.85319764788557,102.73434445434653,-0.44415814606199094,0.020429469801657024,81.42553105797437,-0.1949194600000012,0.24764299049340205,0.22721352069174502,False,
2025-11-05,25.72343554113661,8.143999998096676,17.579435543039935,3967.770706366766,londra,ara_deger,102.16176261215897,102.06469400723557,0.7415510996428349,0.020646663232688142,82.03522386383197,-0.0,0.4779014389875733,0.45725477575488516,False,
2025-11-06,25.718542687587004,8.133958291119404,17.584584396467598,4009.9535795214406,londra,ara_deger,103.24788300379645,103.13016231016448,-0.03355166677979662,0.02063683913846406,81.85868984441368,-0.0,0.7155254053765707,0.6948885662381067,False,
2025-11-07,25.713649834037398,8.123916584142131,17.589733249895268,4008.045563612544,londra,ima,103.19875560134038,103.06148014160001,1.2520116673182093,-0.24489736566657025,81.34361752989683,-0.0,-0.15258486856557973,0.09231249710099051,False,
2025-11-10,25.731714714892387,8.202016745968045,17.529697968924342,4079.224111321655,londra,ara_deger,105.0314537162965,104.96543109063924,1.122272024466259,-0.08291363181811744,82.14266390012195,-0.0,0.3478902362095564,0.43080386802767384,False,
2025-11-11,25.73773634184405,8.22805013324335,17.5096862086007,4143.2452956259,londra,ara_deger,106.67986475540836,106.63775501840513,-0.29949978694870544,-0.08257133453864297,82.58000869211527,-0.0,-1.453301695827167,-1.370730361288524,False,
2025-11-12,25.74375796879572,8.254083520518655,17.489674448277064,4126.14048955567,londra,ara_deger,106.09813171447811,106.22236210836944,1.8043146659359484,-0.0846358390981863,78.30657849551186,-0.0,0.6766238954985275,0.7612597345967138,False,
2025-11-13,25.74977959574738,8.280116907793959,17.469662687953424,4229.305055098152,londra,ara_deger,108.7508692281181,108.90367301195764,-1.044846736011311,-0.08343895150914228,80.22492723511498,-0.0,-0.008190180044031381,0.0752487714651109,False,
2025-11-14,25.755801222699045,8.306150295069264,17.449650927629783,4169.495844429659,londra,ima,107.21295612813832,107.388706168,-1.6155546909930316,0.029262058987030524,80.58171737597381,-0.0,-1.0750741281301788,-1.1043361871172093,False,
2025-11-17,25.80731498439945,8.350486551210434,17.456828433189017,4076.9120616540986,londra,ara_deger,104.83228915753698,105.21415373880467,-0.6169799502941192,0.00966946102218893,78.5146810835892,-0.0,0.5427297877605689,0.53306032673838,False,
2025-11-18,25.824486238299592,8.36526530325749,17.459220935042104,4041.5688747369886,londra,ara_deger,103.92348682513148,104.37143978678533,1.2256434650792174,0.009837415495749147,78.8795777348208,-0.0,0.5618301704734139,0.5519927549776648,False,
2025-11-19,25.84165749219973,8.380044055304547,17.461613436895185,4111.769227297924,londra,ara_deger,105.90191089189618,106.2549320587997,-0.8354452182574842,0.00972294702235728,78.64360744611595,-0.0,0.2278975500814645,0.2181746030591072,False,
2025-11-20,25.858828746099864,8.394822807351602,17.46400593874826,4063.92455238992,londra,ara_deger,104.66963295540096,105.08832903732149,-0.3448881305513672,0.009675698670856974,78.1970887015836,-0.0,-1.0156023943071917,-1.0252780929780487,False,
2025-11-21,25.876,8.40960155939866,17.466398440601342,4044.176040406988,londra,irfcl_pdf,104.16099420632447,104.64709922157122,0.425737828886899,0.042113762477016994,76.31985803768302,-0.0,-2.3332072164349946,-2.3753209789120118,False,
2025-11-24,25.876,8.399250511716795,17.476749488283204,4068.550717896152,londra,ara_deger,104.7887835546028,105.27781837628083,1.065041019459822,0.014248186668380295,75.22867037896043,-0.0,0.6390736217093869,0.6248254350410065,False,
2025-11-25,25.876,8.395800162489506,17.480199837510497,4129.491170248224,londra,ara_deger,106.35835373180412,106.85471352134304,0.5678025195071255,0.014360263017743053,76.09372632730255,2.070694320000001,2.7425334364500262,2.728173173432283,False,
2025-11-26,25.876,8.392349813262218,17.483650186737783,4161.973780560761,londra,ara_deger,107.43244700602548,107.69523354579024,-0.06926123895647869,0.014346594506890803,76.60782775560561,-0.0,0.6552355703157923,0.6408889758089015,False,
2025-11-27,25.876,8.38889946403493,17.48710053596507,4158.012294359841,londra,ara_deger,107.3301897168678,107.59272612885523,0.1511554542630508,0.014376418725262673,76.37656702555115,-0.0,0.6626001350779985,0.6482237163527359,False,
2025-11-28,25.876,8.385449114807642,17.49055088519236,4166.656120359021,londra,irfcl_pdf,107.55331158825572,107.81639377041003,1.5220384743347972,0.43014067880355317,75.69725548070866,-0.0,0.8353811734653809,0.4052404946618277,False,
2025-12-01,25.893401917320627,8.301728942773002,17.591672974547627,4253.676734193624,londra,ara_deger,109.79956252041758,110.14216130483133,-1.1296791303818032,0.18981874220774242,77.76948075593528,-0.0,0.7075291426088011,0.5177104004010586,False,
2025-12-02,25.910803834641253,8.273822218761456,17.636981615879797,4189.460037349823,londra,ara_deger,108.14194590764689,108.5522772008401,0.2034581626537516,0.19034141740915037,78.61661682777255,0.0733187199999996,0.6319619486810929,0.44162053127194256,False,
2025-12-03,25.928205751961883,8.245915494749909,17.682290257211974,4200.995920704749,londra,ara_deger,108.51587541931669,108.92428659518528,-0.03637859385742895,0.19024820184500074,78.9406384947852,-0.0,0.6382663135421972,0.44801811169719646,False,
2025-12-04,25.94560766928251,8.218008770738363,17.727598898544144,4198.93857443748,londra,ara_deger,108.46273213247537,108.94401287977125,0.4493330420274732,0.19139661848937708,79.00390837317492,-0.096,0.7580145232166293,0.5666179047272523,False,
2025-12-05,25.963009586603132,8.190102046726816,17.772907539876314,4224.285100190857,londra,ima,109.11745793628056,109.67515455279998,-0.30344577917166987,-0.9916184622605142,77.44541679676098,-0.0,0.37373450876271846,1.3653529710232326,False,
2025-12-08,25.95229570165008,8.415083096341913,17.537212605308167,4207.211597811415,londra,ara_deger,108.67643250037204,109.18679946581356,-0.06833097968938,-0.33023337138854036,78.35354949910412,-0.0,0.5853447715304193,0.9155781429189597,False,
2025-12-09,25.948724406665725,8.490076779546946,17.45864762711878,4203.315255717193,londra,ara_deger,108.5757861343035,109.07066916493912,-0.1635127300989461,-0.329497554139216,78.7617263501214,-0.0,0.4278524352587145,0.7573499893979305,False,
2025-12-10,25.94515311168137,8.56507046275198,17.380082648929392,4193.949540021955,londra,ara_deger,108.88755211331984,108.81266295853528,0.4239595151530453,-0.3314140220141667,78.5722314500878,-0.0,0.38228270682745724,0.7136967288416239,False,
2025-12-11,25.94158181669702,8.64006414595701,17.30151767074001,4218.34295193586,londra,ara_deger,109.5208785006905,109.43048881853133,1.8263625366167147,-0.33970740618928186,79.15080679167447,-0.0,0.5416268154676769,0.8813342216569587,False,
2025-12-12,25.938010521712663,8.715057829162044,17.22295269255062,4323.903780261656,londra,ima,112.26155529848292,112.15346174729999,0.32354464273059796,0.4223566141791624,78.47271579555344,-0.0,-1.0681447242793836,-1.490501338458546,False,
2025-12-15,26.00137746241531,8.681167846621113,17.320209615794198,4342.689446605066,londra,ara_deger,112.7492877338476,112.91590750322578,-1.1145080143306778,0.1386994659160587,77.48041612408774,-0.0,0.5787012838531815,0.44000181793712284,False,
2025-12-16,26.02249977598285,8.669871185774134,17.352628590208717,4278.342187590697,londra,ara_deger,111.07863923118587,111.3331586181569,0.6910887702546593,0.1399905895660219,78.76366242091055,-0.0,0.026046848026753278,-0.11394374153926862,False,
2025-12-17,26.043622089550404,8.658574524927158,17.385047564623246,4318.168359554327,londra,ara_deger,112.00469634464686,112.46074487528671,0.10345082823539828,0.1401835007295217,78.85062355520829,-0.0,0.3560442929005745,0.21586079217105278,False,
2025-12-18,26.06474440311795,8.64727786408018,17.41746653903777,4324.118922982518,londra,ara_deger,112.1590421214574,112.70705449622498,0.0697218314548886,0.14031327334972474,79.8034612695485,-0.0,0.2030233147289911,0.06271004137926636,False,
2025-12-19,26.085866716685494,8.635981203233204,17.44988551345229,4328.121906499014,londra,ima,112.2628715500265,112.90281118649997,1.447323822626897,-0.6716643786753633,79.97500737676141,-0.0,-1.160459680494032,-0.4887953018186686,False,
2025-12-22,26.05815391643061,8.76053652533882,17.29761739109179,4411.063643939706,londra,ara_deger,114.41421520845228,114.94417536895212,1.2103344624961623,-0.22743958559409047,78.65247478237664,-0.0,0.6579337688344036,0.8853733544284941,False,
2025-12-23,26.048916316345647,8.802054966040691,17.246861350304954,4481.034810206771,londra,ara_deger,116.22912805530396,116.72610078170798,0.19347987155802132,-0.22800898034089212,79.59187592768994,-0.0,-0.5279402530554895,-0.2999312727145974,False,
2025-12-24,26.039678716260685,8.843573406742562,17.196105309518124,4492.253075816276,londra,ara_deger,117.18431499336384,116.97682680638967,,,78.7062201789981,-0.0,,,False,
2025-12-25,26.03044111617572,8.885091847444436,17.145349268731284,4492.253075816276,ffill,ara_deger,117.18431499336384,116.93532916899483,,,79.29511717003625,-0.0,,,False,
2025-12-26,26.02120351609076,8.926610288146307,17.094593227944454,4492.253075816276,ffill,ima,117.18431499336384,116.89383153160001,-0.4338928936708367,0.48619308262139577,77.17985747932347,-0.0,-1.5172205945042934,-2.003413677125689,True,
2025-12-29,26.061281406436304,8.755755066309133,17.305526340127173,4466.871197003181,londra,ara_deger,116.52220668562636,116.41238727140488,-1.5231270140997966,0.30788199854681164,76.37485146331755,-0.0,0.1103794827745963,-0.19750251577221534,False,
2025-12-30,26.07464070321815,8.69880332569674,17.37583737752141,4378.857288372847,londra,ara_deger,114.22628759588092,114.17713048499009,-1.0761792758098123,0.3035272569789613,76.78540746353872,-0.0,-1.2530375554643365,-1.5565648124432978,False,
2025-12-31,26.088,8.64185158508435,17.44614841491565,4316.921897725025,londra,evds_aylik,112.3315032637716,112.61985846785045,1.309564787519202,0.5837101170486626,70.9179904755337,-0.0,-2.1377402170761837,-2.7214503341248464,False,
2026-01-02,26.107,8.527948103859567,17.579051896140435,4391.985158473144,londra,irfcl_pdf,114.2847396482798,114.66155653225837,0.758333652158257,-0.6312222227433569,74.10003987865582,0.3114817000000016,1.7178280238487722,2.349050246592129,False,
2026-01-05,26.107,8.670271581985972,17.436728418014027,4435.1236426552605,londra,ara_deger,115.40725492455832,115.78777293880088,0.2599729815693431,-0.21111473176237408,75.50449978034291,-0.0,1.1428958573663528,1.3540105891287268,False,
2026-01-06,26.107,8.717712741361442,17.389287258638557,4450.033147198599,londra,ara_deger,115.79521817660462,116.17701537391382,0.24830860836441723,-0.21179216310780574,76.49200690957049,-0.0003044900000013,1.4130502172472665,1.6248423803550722,False,
2026-01-07,26.107,8.76515390073691,17.341846099263087,4464.312548342028,londra,ara_deger,116.41211857117509,116.54980769956532,-0.5473852478928714,-0.21029471060841798,77.79703881533356,-0.0,1.1150011974420502,1.3252959080504683,False,
2026-01-08,26.107,8.812595060112379,17.29440493988762,4432.748132145523,londra,ara_deger,115.58903987291906,115.72575548592317,0.6700695935075921,-0.21213281249678823,79.26349800050313,-0.0,1.2003824292328575,1.4125152417296458,False,
2026-01-09,26.107,8.860036219487847,17.246963780512154,4471.493009222048,londra,irfcl_pdf,116.59935740230732,116.73726799176002,2.068730754949066,-0.036552741624915605,79.81375613890883,-0.0,0.5219622720007773,0.5585150136256929,False,
2026-01-12,26.189916748331218,8.950914029557714,17.239002718773506,4591.440542090795,londra,ara_deger,119.72712819958768,120.24944555227069,-0.08635294373780632,-0.01217095446108493,79.96525151931338,-0.0,1.2521316908663391,1.264302645327424,False,
2026-01-13,26.217555664441623,8.981206632914335,17.23634903152729,4586.431380879644,londra,ara_deger,119.59650852129676,120.24502002935392,0.7560796244020201,-0.012287359556661114,81.2940636276744,0.03082968,1.2288009347747546,1.2410882943314157,False,
2026-01-14,26.245194580552027,9.011499236270955,17.233695344281074,4630.296797100856,londra,ara_deger,120.8737660685981,121.52304040561879,-0.25823883534412984,-0.012247595298884537,84.63943607497332,-0.0,-0.07879190717902995,-0.06654431188014541,False,
2026-01-15,26.27283349666244,9.041791839627578,17.23104165703486,4615.312266494666,londra,ara_deger,120.48259532371748,121.2573307127181,-0.23753581208811952,-0.012211013311153332,84.07572192826498,-0.0,0.404881998360813,0.41709301167196633,False,
2026-01-16,26.30047241277284,9.0720844429842,17.228387969788642,4601.526923924204,londra,ima,120.12272934836987,121.0223319193,1.1177509073288416,-0.08003742208830655,84.9641520431023,-0.0,0.4283695845441986,0.5084070066325052,False,
2026-01-19,26.29360307391192,9.082366940681418,17.211236133230503,4666.405362306768,londra,ara_deger,121.81637913532526,122.69661037846832,1.0877073298474378,-0.027040458504255217,84.8478977659945,-0.0,-0.9979061142847363,-0.9708656557804811,False,
2026-01-20,26.29131329429161,9.085794439913824,17.205518854377786,4729.602875920991,londra,ara_deger,123.46614842905726,124.34747096842139,2.2726566444540266,-0.027795647108690976,84.22498689019329,-0.0,0.5574674218134179,0.5852630689221089,False,
2026-01-21,26.289023514671303,9.089221939146228,17.199801575525075,4861.691693682844,londra,ara_deger,127.86478826911252,127.80912725631045,-0.6241534364339147,-0.02758817615460462,84.29580166059954,-0.0,0.35201669555212356,0.3796048717067282,False,
2026-01-22,26.286733735051,9.092649438378634,17.194084296672365,4825.403284558283,londra,ara_deger,126.91038596602858,126.84409130542414,1.6867779314834892,-0.028149053932728364,85.25780712792736,-0.0,0.581638294175169,0.6097873481078974,False,
2026-01-23,26.28444395543069,9.09607693761104,17.18836701781965,4923.505509857361,londra,ima,129.4905208361386,129.41160463810002,2.80193704445873,-0.25497399326019393,86.0452122550075,-0.0,0.6085133629736359,0.8634873562338299,False,
2026-01-26,26.33570237900805,9.197462764493444,17.138239614514607,5086.5190783687785,londra,ara_deger,133.7778546976808,133.95705259306646,0.06582747761793047,-0.0850555103838561,81.16405857490238,-0.0,0.3052492058478428,0.39030471623169893,False,
2026-01-27,26.35278852020051,9.231258040120911,17.1215304800796,5090.360049150992,londra,ara_deger,133.87887404377665,134.14518186695355,3.144406029184919,-0.08812417898927026,82.45611919930815,-0.0,0.36576858383462296,0.45389276282389324,False,
2026-01-28,26.369874661392963,9.265053315748382,17.10482134564458,5274.0122076331645,londra,ara_deger,138.6244782917912,139.07504087794297,3.8554071837832016,-0.09189039879555337,85.87611327949375,-0.0,-1.298923427353781,-1.2070330285582278,False,
2026-01-29,26.38696080258542,9.29884859137585,17.08811221120957,5499.411064825257,londra,ara_deger,144.5489619212749,145.1127442048486,-7.412762779001198,-0.08464203523858144,86.61912045929373,-0.0,-2.72045679826041,-2.6358147630218287,False,
2026-01-30,26.404046943777875,9.332643867003318,17.07140307677456,5065.614593490142,londra,ima,133.14686288240347,133.7527255256,,,85.10914006816589,-0.0,,,False,
2026-02-02,26.410083975227693,9.147837682983951,17.26224629224374,5065.614593490142,ffill,ara_deger,133.14686288240347,133.78330680021355,-2.7036770813728173,1.2570757743926078,70.54365953636673,-0.0,-1.6385065782182835,-2.8955823526108917,True,
2026-02-03,26.407625962841536,9.086235621644164,17.32139034119737,4908.99088209126,londra,ara_deger,129.030095718048,129.63479506926552,2.5143824196886992,0.2989229792781983,79.47472418869785,-0.0,0.19195290687473765,-0.10697007240346063,False,
2026-02-04,26.405167950455382,9.024633560304377,17.380534390151006,5054.151424643578,londra,ara_deger,133.45005147725087,133.455717214747,-3.288404334667851,0.28773290061990636,79.38667136370407,0.6075878599999989,1.0942515732445366,0.8065186726246303,False,
2026-02-05,26.40270993806923,8.963031498964588,17.43967843910464,4864.951008773092,londra,ara_deger,128.45439481482427,128.44789034755325,0.11531672117351273,0.2881239799523997,80.52686689646174,-0.0,-0.2970787498897927,-0.5852027298421925,False,
2026-02-06,26.40025192568308,8.901429437624799,17.49882248805828,4871.563328006854,londra,ima,128.62898680227977,128.61049913130003,2.2415125457533955,0.4860576379005221,78.8657675377319,-0.0,-1.82715927020375,-2.313216908104272,False,
2026-02-09,26.509883994921747,8.913843336915036,17.59604065800671,4999.658378247124,londra,ara_deger,132.01121452208943,132.54036362156984,0.8031665258678216,0.16349837834140102,77.88172724354627,-0.0,0.8646059743317716,0.7011075959903705,False,
2026-02-10,26.5464280180013,8.917981303345115,17.628446714656185,5045.303108301914,londra,ara_deger,133.21642011719217,133.93477579353498,0.5688294000834285,0.164544047200472,81.53843846540283,-0.0,-0.3199449646549136,-0.4844890118553856,False,
2026-02-11,26.582972041080858,8.922119269775195,17.660852771305663,5077.57080660176,londra,ara_deger,134.04914846478027,134.97692278850297,-0.19114305899125594,0.16419331709256874,80.85751764975558,-0.0,0.2326992160095387,0.06850589891696995,False,
2026-02-12,26.61951606416041,8.926257236205274,17.693258827955137,5066.747826450891,londra,ara_deger,133.76341906221066,134.87437515925933,-1.8990152943969487,0.16071517901712828,81.00405662479432,-0.0,0.7987385858735763,0.638023406856448,False,
2026-02-13,26.65606008723997,8.930395202635353,17.725664884604615,4959.417949413399,londra,ima,130.9298832692683,132.1985428573,0.9094531760449822,-0.37045256451247205,80.87153407336325,-0.0,0.3152800847972834,0.6857326493097555,False,
2026-02-16,26.516539534338133,8.86480657732404,17.65173295701409,5010.725089764161,londra,ara_deger,132.28440470011478,132.86708993843138,-1.6222916042434834,-0.12121927088276463,80.84267543067068,-0.0,-1.5394242023516336,-1.418204931468869,False,
2026-02-17,26.470032683370853,8.842943702220271,17.62708898115058,4918.819574980194,londra,ara_deger,129.8580759564585,130.20131491333007,-0.04991802590080313,-0.12114948178561032,77.7037320817083,-0.0,0.5384924732767722,0.6596419550623825,False,
2026-02-18,26.423525832403573,8.8210808271165,17.602445005287073,4915.987682206851,londra,ara_deger,131.04086304503736,129.8977275125705,1.3713021581276983,-0.12306934787674924,74.99068991844265,-0.0,0.04825313614798188,0.1713224840247311,False,
2026-02-19,26.377018981436294,8.79921795201273,17.57780102942356,4993.891755062401,londra,ara_deger,133.11747869211564,131.72397761451916,0.6283030013115912,-0.12395022506800749,74.70392627471955,-0.0,-2.672386617218526,-2.5484363921505184,False,
2026-02-20,26.33051213046901,8.77735507690896,17.55315705356005,5029.635873468331,londra,ima,134.0702760601095,132.43288837819998,2.1882529251778395,0.09713302320721436,71.87368429187845,-0.0,-2.6814638960742174,-2.7785969192814317,False,
2026-02-23,26.376277919443645,8.804275820196594,17.57200209924705,5154.300224074937,londra,ara_deger,137.39333648061597,135.9512551904512,0.3027583970141062,0.03248590520784643,70.67795167783828,-0.0,0.9245747243449729,0.8920888191371265,False,
2026-02-24,26.391533182435182,8.813249401292472,17.57828378114271,5171.529814380249,londra,ara_deger,137.85260947507288,136.4846007001692,0.18668833998153672,0.032552619159065314,72.92502769029926,-0.0,0.7171716162746191,0.6846189971155539,False,
2026-02-25,26.40678844542673,8.82222298238835,17.58456546303838,5182.150210677515,londra,ara_deger,136.44866898415688,136.8439443057847,-0.11308076352926796,0.032512223654999534,74.4543426242953,-0.0,0.7788462506625354,0.7463340270075359,False,
2026-02-26,26.422043708418272,8.831196563484228,17.590847144934045,5175.719527828573,londra,ara_deger,136.2793458113956,136.75308758680055,-0.003173363496317304,0.03251109044863039,75.66709800223407,-0.0,0.37997242052381125,0.3474613300751809,False,
2026-02-27,26.437298971409817,8.840170144580107,17.59712882682971,5175.539129268448,londra,ima,136.2745958249199,136.8272752987,3.7470287252236023,0.4012198051102541,74.24583713647849,-0.0,-3.4929831956634825,-3.8942030007737367,False,-3.4929831956634825
2026-03-02,26.45516300706305,8.783575277254627,17.671587729808422,5388.473225625727,londra,ara_deger,141.8812596320457,142.55293754312345,-2.297300139709469,0.12592182360253984,71.9391211170836,-0.0,-6.35197477457633,-6.47789659817887,False,-9.844957970239813
2026-03-03,26.46024451059457,8.764710321479466,17.695534189115104,5258.473580158988,londra,ara_deger,138.45830239012705,139.14049668350842,-1.30372994206863,0.12415755270396175,67.30831720017497,-0.0,-4.082790494688378,-4.20694804739234,False,-13.927748464928191
2026-03-04,26.46532601412609,8.745845365704307,17.719480648421786,5184.797932499219,londra,ara_deger,137.07205304782934,137.21736760095877,-0.4042080476394845,0.12361129789232486,63.74220968520311,0.3794632900000003,1.0230024134240314,0.8993911155317066,False,-12.90474605150416
2026-03-05,26.470407517657616,8.726980409929146,17.743427107728472,5161.986426018893,londra,ara_deger,136.4689784310207,136.6398842973371,-1.3128587052780574,0.12183946895697807,63.97309709820041,-0.0,0.286178470058865,0.16433900110188693,False,-12.618567581445296
2026-03-06,26.47548902118914,8.708115454153987,17.767373567035154,5087.995156051311,londra,ima,134.51284910561344,134.7071598939,0.1590047037751907,-0.13243374041300807,63.01061546488162,-0.0,-8.094108203639252,-7.9616744632262435,False,-20.71267578508455
2026-03-09,26.41897664640152,8.677586046769996,17.741390599631526,5096.944408070765,londra,ara_deger,134.74944315682225,134.6560552848284,1.4327823257543721,-0.044844035576967894,57.013211789205,-0.0,-4.391281846881775,-4.346437811304807,False,-25.103957631966324
2026-03-10,26.400139188138983,8.667409577642,17.732729610496982,5177.703710319831,londra,ara_deger,136.88450097510324,136.69209862738717,0.15410890349779985,-0.04491930518112484,54.14744434322267,-0.0,2.8158025578348305,2.8607218630159554,False,-22.288155074131495
2026-03-11,26.381301729876444,8.657233108514003,17.72406862136244,5186.394357889767,londra,ara_deger,137.31232688186785,136.82383444561873,-0.050786577637184735,-0.044894487967510235,56.13059768978388,-0.0,1.3334874148018319,1.378381902769342,False,-20.954667659329665
2026-03-12,26.362464271613906,8.647056639386005,17.7154076322279,5183.528956117627,londra,ara_deger,137.23646396870825,136.65059690652706,-1.622986379944473,-0.044101016674419964,56.57058012573384,-0.0,-2.6949781739615233,-2.6508771572871033,False,-23.64964583329119
2026-03-13,26.343626813351364,8.636880170258008,17.706746643093354,5091.914559563074,londra,ima,134.81092801854533,134.1394969226,-1.8921967534713802,-4.250204198687142,54.60382030038849,-0.0,-5.102587669184016,-0.852383470496874,False,-28.752233502475207
2026-03-16,25.548002026600887,8.693845207500589,16.854156819100297,4985.0515207671,londra,ara_deger,131.98167680813157,127.3581063552677,0.34178367054323516,-1.4224979259690698,51.26683205583888,-0.0,1.381807874824474,2.8043058007935437,False,-27.370425627650732
2026-03-17,25.28279376435073,8.712833553248114,16.569960211102615,5005.330415416751,londra,ara_deger,132.51857046079027,126.54873661541367,-0.46955272177691665,-1.4144444793038586,53.66823036465243,-0.0,1.9709771619557612,3.3854216412596196,False,-25.39944846569497
2026-03-18,25.01758550210057,8.73182189899564,16.28576360310493,4976.992826442802,londra,ara_deger,131.11204167253598,124.51234357887397,-4.719919842533386,-1.3320789702642195,55.64215273889022,-0.0,-1.1432688237303346,0.18881014653388495,False,-26.542717289425305
2026-03-19,24.75237723985041,8.750810244743167,16.001566995107243,4687.174064635801,londra,ara_deger,123.47716436798476,116.01870063670833,-6.827060195562959,-4.511671232367352,53.85338883582445,-0.0,-7.7868384738025895,-3.2751672414352377,False,-34.329555763227894
2026-03-23,23.691544190849772,8.748924548341352,14.94261964250842,4260.524587265838,londra,ara_deger,112.23766975603908,100.93840653541058,2.5623573610272548,-1.1445662318829906,48.87510104251322,-0.0,-2.497866082721737,-1.3532998508387466,False,-36.82742184594963
2026-03-24,23.426335928599617,8.74196653429157,14.684369394308046,4432.004382799007,londra,ara_deger,116.75506949559468,103.82562350847535,1.8006263687114554,-1.176233387220052,44.30307404771558,-0.0,-5.0562171360101065,-3.879983748790054,False,-41.883638981959734
2026-03-25,23.161127666349454,8.73500852024179,14.426119146107665,4554.626357250931,londra,ara_deger,112.88125382841032,105.49028253280896,-1.7879248035053827,-1.144226717956273,47.80071194710824,-0.0,-1.9082811600411265,-0.7640544420848534,False,-43.79192014200086
2026-03-26,22.8959194040993,8.728050506192009,14.16786889790729,4430.6897125166615,londra,ara_deger,109.80962451009788,101.44471456235337,-0.13819848458129486,-1.141707652230793,46.53208495775709,-0.0,-0.1349826378337176,1.0067250143970754,False,-43.92690277983458
2026-03-27,22.63071114184914,8.721092492142228,13.909618649706912,4420.935353157668,londra,ima,109.56787376516944,100.04891095410001,1.5693435688610773,-0.9174646114607756,45.88451209026125,-0.0,-5.253220178749739,-4.335755567288963,False,-49.18012295858432
2026-03-30,22.379677785462285,8.67242200304207,13.707255782420214,4533.759694959026,londra,ara_deger,112.3640972456372,101.46408112989879,0.3633971459154568,-0.3076098379284595,37.630846150183615,-0.0,-0.6954521134439136,-0.3878422755154541,False,-49.875575072028234
2026-03-31,22.296,8.65619850667535,13.639801493324649,4560.270993185584,londra,evds_aylik,113.02114973462318,101.67580206406578,2.2348491213644395,0.1630741109659257,38.16914384569725,-0.0,-1.1914811280658335,-1.3545552390317592,False,-51.067056200094065
2026-04-01,22.31429598208877,8.639975010308632,13.674320971780137,4724.118621207017,londra,ara_deger,106.91016391636664,105.41538116811047,-1.443646116897675,0.15942976832307498,53.232601996592464,-0.0,1.8055378660514203,1.6461080977283453,False,-49.26151833404264
2026-04-02,22.33259196417754,8.623751513941912,13.708840450235627,4618.545107181937,londra,ara_deger,104.52096021623512,103.14408334684282,,,56.10472144186328,-0.0,,,False,
2026-04-03,22.350887946266308,8.607528017575193,13.743359928691115,4618.545107181937,ffill,ima,104.52096021623512,103.2285841654,,,57.55945004994989,-0.5432358300000004,,,False,
2026-04-06,22.425671601200733,8.684973985195857,13.740697616004876,4618.545107181937,ffill,ara_deger,104.52096021623512,103.57397584899456,0.831607189855708,0.1429813776580667,55.92989316125319,-0.0,0.15727437438618885,0.01429299672812201,True,-49.10424395965645
2026-04-07,22.45059948617888,8.710789307736079,13.739810178442802,4679.06657509395,londra,ara_deger,105.89060407443256,105.047849646601,1.4757379377350583,-0.004247695545645561,55.79551614908071,-0.0,0.18035188299472238,0.18459957854036793,False,-48.92389207666173
2026-04-08,22.475527371157018,8.7366046302763,13.738922740880717,4786.472566775729,londra,ara_deger,106.981911997882,107.57849518586008,-0.8027552518623157,-0.004195843215031554,57.000029871923545,-0.0,8.824519773840025,8.828715617055057,False,-40.099372302821706
2026-04-09,22.50045525613516,8.76241995281652,13.738035303318641,4728.0432949177775,londra,ara_deger,105.675965889803,106.38312660636731,0.2112645577135216,-0.004209490297749473,63.58073322800922,-0.0,2.443644254441736,2.4478537447394855,False,-37.65572804837997
2026-04-10,22.525383141113306,8.788235275356742,13.737147865756564,4743.421371407542,londra,ima,106.01967955425484,106.84738379070001,-0.34846394512800305,2.0250872790527215,64.753953020725,-0.0,3.026736686315317,1.0016494072625957,False,-34.62899136206465
2026-04-13,22.9485852547808,8.782216586704637,14.166368668076162,4718.054828910272,londra,ara_deger,105.45271480531414,108.27268347797761,0.8740338602239818,0.6838564202254354,66.6171370497625,-0.0,2.6668542136171887,1.9829977933917533,False,-31.962137148447464
2026-04-14,23.089652626003303,8.780210357153937,14.309442268849367,4779.752634516137,londra,ara_deger,106.83171554494136,110.36282796920172,0.3878446140018639,0.6877343020060842,66.28713313934388,-0.0,2.2084236651014066,1.5206893630953224,False,-29.753713483346058
2026-04-15,23.230719997225805,8.778204127603235,14.45251586962257,4806.856738695387,londra,ara_deger,108.27628974355596,111.66674296341056,0.05446043440938148,0.688273436542982,66.23577360695701,-0.0,2.59120248930239,1.9029290527594083,False,-27.162510994043668
2026-04-16,23.371787368448302,8.776197898052533,14.595589470395769,4810.624970808099,londra,ara_deger,108.36117061565942,112.4329039270747,-0.2884703263231945,0.6854456995484095,68.37406910737703,-0.0,-1.9971092819255825,-2.682554981473992,False,-29.15962027596925
2026-04-17,23.512854739670804,8.774191668501832,14.738663071168972,4790.860758687149,londra,ima,107.9159741651528,112.646813097,0.03440531306055442,-0.2099505353108951,66.46864050507868,-0.0,-0.0984210111337718,0.11152952417712331,False,-29.258041287103023
2026-04-20,23.50906497436918,8.814203695159158,14.694861279210023,4793.195116484354,londra,ara_deger,107.96855646892328,112.68353542825975,-0.12419850895734533,-0.06986010996455608,67.05466533649798,-0.0,1.0419493185465498,1.111809428511106,False,-28.216091968556473
2026-04-21,23.50780171926864,8.827541037378268,14.680260681890374,4784.743283792809,londra,ara_deger,107.77817569930164,112.47879639300368,-0.4276183887788794,-0.0694348120739599,68.29595459279011,-0.0,0.5604292619403506,0.6298640740143104,False,-27.655662706616123
2026-04-22,23.506538464168106,8.840878379597376,14.66566008457073,4755.614483014333,londra,ara_deger,111.81807253699068,111.78803476573134,-1.0452342177504665,-0.13678842987101245,64.80225458015512,-0.0,-4.730945999018247,-4.594157569147234,False,-32.38660870563437
2026-04-24,23.50401195396702,8.867553064035594,14.636458889931426,4684.343622260501,londra,ima,110.14229114091457,110.1008684941,0.2814269210718675,-0.21863734642083624,61.038240704957104,-0.0,-1.5395860026395667,-1.3209486562187305,False,-33.92619470827394
2026-04-27,23.52100597698351,8.931030349819745,14.589975627163765,4703.571423410236,londra,ara_deger,110.59439163631151,110.632731563201,-1.2847532363169636,-0.07151471926528359,59.76224634687354,-0.0,1.3129703660027063,1.38448508526799,False,-32.61322434227123
2026-04-28,23.52667065132234,8.952189445081126,14.574481206241215,4615.514166212013,londra,ara_deger,108.52391413903588,108.58768167498269,-0.7599083373832567,-0.07070684559383002,60.13219746658079,-0.0,1.5742066079231645,1.6449134535169945,False,-31.039017734348064
2026-04-29,23.53233532566117,8.97334854034251,14.558986785318659,4563.374517010789,londra,ara_deger,107.25760919825004,107.38685935087496,0.8169442049618335,-0.07157627954334406,61.64739532988388,-0.0,-0.23977401093484108,-0.16819773139149702,False,-31.278791745282906
2026-04-30,23.538,8.994507635603894,14.543492364396107,4619.487227119547,londra,evds_aylik,108.5764830074158,108.7334903519399,,,56.87335973183217,-0.0,,,False,
2026-05-04,23.54502618135651,8.953752494962236,14.591273686394272,4619.487227119547,ffill,ara_deger,108.5764830074158,108.76594770697173,-0.9486850075254576,0.3227208484058078,54.75794140687309,0.3821326800000015,-1.8535708919758251,-2.176291740381633,True,-33.13236263725873
2026-05-05,23.54678272669564,8.933114416327887,14.613668310367752,4554.469941588808,londra,ara_deger,107.04831595108682,107.24311414985783,2.0763078966495545,0.10517746670114404,55.81296653656686,-0.0,-0.37055404113422874,-0.47573150783537277,False,-33.50291667839296
2026-05-06,23.548539272034763,8.91247633769354,14.636062934341222,4696.549798100708,londra,ara_deger,110.69920161200248,110.59688736364147,0.4595428860839883,0.10588061277122776,55.453186340793465,-0.0,2.206810120781003,2.100929508009775,False,-31.296106557611953
2026-05-07,23.55029581737389,8.891838259059194,14.658457558314696,4727.9477832108805,londra,ara_deger,111.43926230194285,111.34456890371335,-0.24143961320692958,0.10551175067720729,59.13459120429424,-0.0,1.055810909745689,0.9502991590684816,False,-30.240295647866265
2026-05-08,23.552052362713017,8.871200180424847,14.68085218228817,4711.476772380005,londra,ima,111.051035235883,110.96494764879999,-0.753071709968076,-0.32414826656584084,60.45330253734299,-0.0,-0.6181179099037678,-0.29396964333792697,False,-30.85841355777003
2026-05-11,23.57496927366676,8.963674109715146,14.611295163951613,4660.180587348143,londra,ara_deger,109.84196752173568,109.86361415647077,0.5652765817353533,-0.1089464212367143,60.0139896556217,-0.0,2.6326461567292503,2.7415925779659647,False,-28.22576740104078
2026-05-12,23.582608243984676,8.994498752811914,14.588109491172762,4698.868231078041,londra,ara_deger,110.75384782903728,110.8115686836187,0.006242873278007638,-0.10895634337348742,62.650424632150205,-0.0,-0.5854977785487253,-0.4765414351752379,False,-28.811265179589505
2026-05-13,23.590247214302583,9.02532339590868,14.564923818393902,4699.296173662499,londra,ara_deger,110.67806954999612,110.85755846992457,-0.05602032453699775,-0.10886716550132804,62.517136221932304,-0.0,0.21976822243670863,0.32863538793803665,False,-28.591496957152795
2026-05-14,23.5978861846205,9.056148039005448,14.541738145615051,4695.449924603081,londra,ara_deger,110.58748249074864,110.8026929063684,-2.156818701016593,-0.10542828548960094,63.0190214396666,-0.0,0.04757038604139785,0.15299867153099878,False,-28.5439265711114
2026-05-15,23.60552515493841,9.086972682102214,14.518552472836195,4547.130742988126,londra,ima,107.09426135895848,107.33740913639998,-0.031216090606497292,0.2202532381568415,61.49390658828379,-0.0,-1.2859072645409027,-1.5061605026977443,False,-29.829833835652302
2026-05-18,23.52257959490679,8.955566357410289,14.567013237496502,4544.980660143097,londra,ara_deger,107.0436224952082,106.90966933552801,-0.8736472181669104,0.14489789004680614,59.3291788676694,-0.0,0.7356725075852033,0.5907746175383972,False,-29.0941613280671
2026-05-20,23.467282554885703,8.867962140949004,14.599320413936699,4485.0063054882885,londra,ara_deger,105.87092916426116,105.2509102313377,0.6332484998609007,0.07314961020632688,60.59353524501522,-0.0,0.4371689459228052,0.3640193357164783,False,-28.656992382144292
2026-05-21,23.43963403487517,8.824160032718362,14.615474002156807,4528.381509395478,londra,ara_deger,106.89482363119292,106.14360535052565,-0.04214289163363545,0.07310303224939856,59.1145756244901,-0.0,-7.0328319080398325,-7.105934940289231,False,-35.68982429018413
2026-05-22,23.411985514864625,8.78035792448772,14.631627590376905,4525.498066023924,londra,ima,106.82675843615289,105.9508951693,,,53.31219303227711,-0.0,,,False,
2026-05-25,23.429990343243084,8.746425682086906,14.683564661156177,4525.498066023924,ffill,ara_deger,106.82675843615289,106.0323759853058,-0.09445242985684575,0.31327678894764405,53.61112856609158,-0.0,-2.477469978900741,-2.7907467678483853,True,-38.16729426908487
2026-05-26,23.43599195270257,8.735114934619968,14.7008770180826,4519.065538770736,londra,ara_deger,106.67491525226792,105.90878360036646,-0.3608986559282036,-0.029632675385981733,52.04862219985949,-0.0,-3.0868652146507034,-3.0572325392647217,False,-41.25415948373557
2026-06-01,23.4887049086304,8.79442096417245,14.69428394445795,4494.516074443928,londra,ara_deger,105.22554523120748,105.57036177970933,0.46113498965831284,-0.037902202328766246,52.79526180291113,-0.0,3.690545758876792,3.728447961205558,False,-37.563613724858776
2026-06-02,23.51140981726079,8.825500388156883,14.685909429103909,4525.8980044108,londra,ara_deger,105.96025852102038,106.4102427728251,-1.2458508729997637,-0.037191766429970456,54.82837703931288,-0.0,2.080965159053209,2.1181569254831794,False,-35.48264856580557
2026-06-03,23.534114725891182,8.856579812141314,14.677534913749868,4441.06492825613,londra,ara_deger,104.16250313721976,104.51653152671145,0.3368724973135452,-0.03738397472088705,56.41035392456281,-0.0,0.7250903878999638,0.7624743626208509,False,-34.75755817790561
2026-06-04,23.55681963452158,8.887659236125746,14.669160398395835,4464.016500117013,londra,ara_deger,104.70081843199344,105.15803153878475,-0.05567285554352365,-0.037352191498762725,55.79621312219227,-0.1234814300000017,1.05105559005985,1.0884077815586126,False,-33.706502587845755
2026-06-05,23.579524543151976,8.918738660110177,14.660785883041799,4460.22126889508,londra,ima,104.61180356946672,105.1698968778,-2.51690620609749,-0.6994550748419912,55.47047379668169,-0.0,0.8953968651448729,1.5948519399868641,False,-32.81110572270088
2026-06-08,23.52488587856176,9.027198445820416,14.497687432741346,4288.545191897816,londra,ara_deger,100.5852445801941,100.88753622445087,0.5542901840555121,-0.2352302730074615,55.93982416051277,-0.0,1.1863717177742839,1.4216019907817454,False,-31.624734004926594
2026-06-09,23.50667299036502,9.063351707723832,14.443321282641186,4326.778198825784,londra,ara_deger,101.48197673079645,101.70816022163827,-2.3219518142022433,-0.22649020703604245,56.81392015467111,-0.0,1.4389077199992655,1.6653979270353079,False,-30.18582628492733
2026-06-10,23.48846010216828,9.099504969627246,14.388955132541033,4166.015188105189,londra,ara_deger,98.2326573750702,97.85328153083582,-1.1589527699684454,-0.22211130671488613,56.59836799928735,-0.0,0.04552402587863269,0.2676353325935188,False,-30.1403022590487
2026-06-11,23.47024721397154,9.13565823153066,14.334588982440879,4085.4705787646926,londra,ara_deger,96.33345378230736,95.88700446901471,1.9221114961513226,-0.22940121242734043,55.13161029587417,-0.0,-0.756625054478939,-0.5272238420515986,False,-30.896927313527637
2026-06-12,23.4520343257748,9.171811493434072,14.280222832340728,4219.559634161105,londra,ima,99.49520995499516,98.95725738,1.643461148008481,0.6690596255399124,52.45748781608437,-0.0,0.6051913453693143,-0.06386828017059809,False,-30.291735968158324
2026-06-15,23.46115774630845,9.026583300993355,14.434574445315096,4334.646153979725,londra,ara_deger,102.20889537364424,101.69581719294754,0.12269705313867248,0.22345721605045463,54.0249060485731,-0.0,1.940306825155883,1.7168496091054284,False,-28.35142914300244
2026-06-16,23.464198886486336,8.978173903513119,14.486024982973218,4343.146373615815,londra,ara_deger,102.4093265111756,101.90845030364338,-0.28924976758295207,0.22242987721340232,56.93892332502034,-0.0,5.691139021831567,5.468709144618165,False,-22.660290121170874
2026-06-17,23.46724002666422,8.92976450603288,14.537475520631341,4323.178869216027,londra,ara_deger,101.38733923731856,101.45307620209532,-0.8433524713771969,0.21944511290364963,62.7795157234017,-0.0,-0.019534220396266955,-0.23897933329991658,False,-22.67982434156714
2026-06-18,23.470281166842103,8.881355108552642,14.588926058289461,4265.166563697072,londra,ara_deger,100.02683265697068,100.10465847338405,-1.5116260165659945,0.2141140850418753,59.338688143735865,-0.0,0.7394026889009293,0.5252886038590541,False,-21.94042165266621
2026-06-19,23.473322307019988,8.832945711072403,14.640376595947584,4161.5519445999325,londra,ima,97.59685905325247,97.685450093,0.5633627192460626,-0.703068172790871,59.50969536271019,-0.0,-1.4941205616981732,-0.7910523889073022,False,-23.434542214364384
2026-06-22,23.49276623716653,9.019785549229294,14.472980687937238,4200.032014805367,londra,ara_deger,98.49929498056856,98.67037031243804,-1.301419419627206,-0.22933860956399107,58.47818908862753,-0.0,0.9990793085362437,1.2284179181002348,False,-22.43546290582814
2026-06-23,23.499247547215383,9.08206549528159,14.417182051933793,4110.111393221736,londra,ara_deger,96.39047347659424,96.58452507594788,-0.6030503172283932,-0.2270046316048193,58.38715501408409,-0.0,0.13497765934073125,0.36198229094555057,False,-22.30048524648741
2026-06-24,23.50572885726423,9.144345441333886,14.361383415930344,4068.282808755224,londra,ara_deger,95.49611360601992,95.62795261726966,-1.1742565054579457,-0.2224422639397413,58.78982191500609,-0.0,-0.48130681212607995,-0.25886454818633864,False,-22.781792058613487
2026-06-25,23.51221016731308,9.206625387386184,14.305584779926894,3986.517948682245,londra,ara_deger,93.57682069213848,93.73184784518276,0.7275525796665425,-0.22528006765001293,56.61087344556344,-0.0,-1.7062229109794664,-1.4809428433294536,False,-24.488014969592953
2026-06-26,23.518691477361926,9.26890533343848,14.249786143923446,4037.375889190026,londra,ima,94.7706255215489,94.953797916,-0.02640746596289097,-0.009016707765820023,54.20662243876917,-0.0,1.1207166649977347,1.1297333727635548,False,-23.36729830459522
2026-06-29,23.47842286934048,9.230871059956325,14.247551809384156,4035.5227058723135,londra,ara_deger,94.72712515223824,94.7477085872953,-0.2858340408589403,-0.002990627533367828,56.82687235334919,-0.0,-0.5952021781609285,-0.5922115506275606,False,-23.96250048275615
2026-06-30,23.465,9.218192968795602,14.246807031204398,4015.460729984591,londra,evds_aylik,94.25620392611006,94.22278602908843,-0.559433761772312,-0.018832536978166853,53.4886708368206,-0.0,0.5799923302102437,0.5988248671884105,False,-23.382508152545906
2026-07-01,23.447585585682887,9.205514877634885,14.242070708048002,3976.193421839896,londra,ara_deger,93.51486634256852,93.23213556382026,1.3057422268076113,-0.019266772790633175,56.313695898286326,-0.0,4.110371278009229,4.129638050799862,False,-19.272136874536677
2026-07-02,23.43017117136577,9.192836786474164,14.237334384891607,4067.8754710007497,londra,ara_deger,95.67110817079497,95.31101858934771,1.521423678471749,-0.019772903643762028,62.42331933898019,-0.0,-0.5612678653044267,-0.5414949616606647,False,-19.833404739841104
2026-07-03,23.412756757048665,9.180158695313445,14.23259806173522,4174.737025090977,londra,ima,98.18435209223443,97.74210249310002,-0.4275423555432558,-0.0590768835415848,61.76295902656021,-0.1040311799999997,1.8054741805852286,1.8645510641268133,False,-18.027930559255875
2026-07-06,23.43691856238295,9.218574106710246,14.218344455672703,4144.697368684694,londra,ara_deger,97.47785868112912,97.13893469558607,-0.2624766100679053,-0.019604585329150905,65.12998965699914,-0.0,1.6415532819273724,1.6611578672565233,False,-16.386377277328503
2026-07-07,23.444972497494376,9.231379243842513,14.213593253651863,4126.236948704984,londra,ara_deger,97.04369375908378,96.73951178053346,-1.141223321733195,-0.019223106666022602,67.17928858432377,-0.0,0.8877214072179991,0.9069445138840216,False,-15.498655870110504
2026-07-08,23.453026432605807,9.24418438097478,14.208842051631027,4045.9459694031816,londra,ara_deger,94.72674883379814,94.88967776530774,0.8350904519802297,-0.01950234711564655,68.97351099969397,-0.0,-0.39343990594329037,-0.3739375588276438,False,-15.892095776053795
2026-07-09,23.461080367717237,9.256989518107048,14.20409084961019,4104.718559663932,londra,ara_deger,96.10277719355476,96.30113201513605,-0.09411213632238014,-0.01947086704579124,67.8915650544939,-0.0,-0.26865155280272457,-0.24918068575693333,False,-16.16074732885652
2026-07-10,23.469134302828664,9.269794655239314,14.19933964758935,4098.092853216485,londra,ima,95.9476511401571,96.1786915576,-0.4106440150252026,-0.16719765032151884,67.37374744869261,-0.0,0.6662612891917827,0.8334589395133016,False,-15.494486039664737
2026-07-13,23.615480893716565,9.45723009975528,14.158250793961285,4069.172915725243,londra,ara_deger,95.2705556782456,96.0954752445384,-0.7417922895461195,-0.05501496158459459,67.62979772558614,-0.0,2.3174538565867353,2.37246881817133,False,-13.177032183078001
2026-07-14,23.664263090679203,9.5197085812606,14.144554509418603,4016.779982421469,londra,ara_deger,94.04389267501604,95.05413828139542,0.19657340387375555,-0.11041061034764223,67.84258939814012,-0.0,-0.4209770642221081,-0.3105664538744659,False,-13.598009247300109
2026-07-16,23.76182748460447,9.644665544271245,14.117161940333226,4030.677444073079,londra,ara_deger,94.59651026633324,95.77626207215098,-0.5397069137145246,-0.054681688635930356,68.90232399070005,-0.0,-3.591606694634485,-3.5369250059985546,False,-17.189615941934594
2026-07-17,23.810609681567104,9.707144025776564,14.10346565579054,3992.4468906519583,londra,ima,93.69927227362152,95.0625945877,0.3480133226747691,1.3242686642074348,66.74714046828475,-0.0,2.2761704538265035,0.9519017896190687,False,-14.91344548810809
2026-07-20,24.19747752098208,9.764355842963878,14.433121678018201,4017.1226215090674,londra,ara_deger,94.27839031512748,97.20423433299426,0.6517951133912216,0.4463852745664417,68.96332608871217,-0.0,1.4373591739751035,0.9909738994086618,False,-13.476086314132987
2026-07-21,24.32643346745373,9.783426448692982,14.543007018760747,4062.282298530561,londra,ara_deger,95.33824884021726,98.82084006121869,0.7456092199023945,0.45201901476092077,70.57267108994199,-0.0,-1.1385128010385146,-1.5905318157994355,False,-14.614599115171501
2026-07-22,24.45538941392539,9.802497054422089,14.6528923595033,4113.551559347155,londra,ara_deger,97.94617058461682,100.59850525809468,-0.35687177695317396,0.4493427529110788,69.41290969691616,-0.0,-0.4455463854667412,-0.8948891383778199,False,-15.060145500638242
2026-07-23,24.584345360397048,9.82156766015119,14.762777700245858,4089.196519523108,londra,ara_deger,97.36626223758742,100.53021948248967,-0.5064591093937584,0.44557297239020804,69.10075523083853,-0.0,-2.336852816003601,-2.7824257883938093,False,-17.39699831664184
2026-07-24,24.713301306868704,9.840638265880296,14.872663040988408,4054.89002790769,londra,ima,96.54940375618877,100.20971902589999,0.5772890446634059,0.16550069104482334,66.2576473444086,-0.0,-0.67847502549858,-0.8439757165434033,False,-18.075473342140423
2026-07-27,24.755963285299973,9.84287215486745,14.913091130432523,4093.705473606448,londra,ara_deger,97.47362318333796,101.34362240543277,-0.9493152868950817,0.05430906003144751,66.19731291951521,-0.0,3.920080306764645,3.8657712467331975,False,-14.155393035375779
2026-07-28,24.77018394477706,9.843616784529834,14.926567160247226,4030.0489668103583,londra,ara_deger,95.95792294632425,99.82505421435131,0.037938282758748644,0.05434331153912464,69.71195612876537,0.3375689500000014,2.784757013215975,2.7304137016768504,False,-11.370636022159804
2026-07-29,24.78440460425415,9.84436141419222,14.94004319006193,4032.590628422935,londra,ara_deger,99.658627247471,99.94535773815751,0.39514765512774463,0.05469973765610228,67.16452313638473,-0.0,-1.3517960344140265,-1.4064957720701288,False,-12.72243205657383
2026-07-30,24.79862526373124,9.845106043854605,14.953519219876634,4059.039524861909,londra,ara_deger,100.31226679440152,100.65860010772418,-0.04799514363489791,0.05465648469491188,65.958090939615,-0.0,-2.0357851600631625,-2.0904416447580743,False,-14.758217216636993
2026-07-31,24.81284592320833,9.845850673516988,14.96699524969134,4055.8299029040822,londra,ima,100.23294643987664,100.63668247149998,-0.01803596717887725,-0.0921561027423099,63.96412831096475,-0.0,-1.7051470213176807,-1.6129909185753708,False,-16.463364237954675
2026-08-03,24.872911956119044,9.928645344974976,14.944266611144068,4054.624853602069,londra,ara_deger,100.20316569338634,100.85032699873634,-0.07625606936366118,-0.03068004179300046,63.47776981811906,-0.0,3.7351201088182773,3.7658001506112777,False,-12.728244129136398
2026-08-04,24.892933967089284,9.956243568794305,14.93669039829498,4049.522156270184,londra,ara_deger,100.0770611967457,100.80448763429871,1.5971795972643457,-0.03149016587434225,67.43712708223102,-0.185372319999999,2.54593331804605,2.5774234839203922,False,-10.182310811090348
2026-08-05,24.91295597805952,9.983841792613632,14.92911418544589,4156.452108935378,londra,ara_deger,103.13340576620786,103.54950841481974,1.707690514107075,-0.0323567830530225,70.37081203848385,-0.0,1.8396243213896653,1.8719811044426877,False,-8.342686489700682
2026-08-06,24.93297798902976,10.011440016432964,14.921537972596795,4270.838702332318,londra,ara_deger,105.9716626838468,106.4847273599481,0.5589617989647094,-0.032640588487206974,72.1717725605957,-0.0,-1.1512407794006823,-1.1186001909134753,False,-9.493927269101365
2026-08-07,24.953,10.039038240252292,14.913961759747707,4308.298768445558,londra,irfcl_pdf,106.90115353258784,107.50497916902202,0.4834840523526579,0.262980431573774,71.28536263011868,-0.0,1.2285734155549468,0.9655929839811728,False,-8.265353853546419
2026-08-10,24.93242857142857,9.957882251010233,14.974546320418337,4340.716985693343,londra,ara_deger,107.7055417622622,108.224616194586,0.41197314120949585,0.08821573579894715,73.2211046735255,-0.0,2.760477926829737,2.6722621910307898,False,-5.504875926716682
2026-08-11,24.92557142857143,9.930830254596216,14.994741173975214,4368.228546470831,londra,ara_deger,108.388181880941,108.88059265138345,0.5605889930617423,0.08897073466749231,76.67667338048375,0.3742628500000009,0.6759752869356799,0.5870045522681876,False,-4.828900639781002
2026-08-12,24.918714285714287,9.903778258182196,15.014936027532091,4405.6142530033785,londra,ara_deger,109.76925142893346,109.78224282366178,-0.44008015717408755,0.08837883375555225,75.80483013130895,-0.0,-0.6178083315200147,-0.7061871652755669,False,-5.4467089713010175
2026-08-13,24.911857142857144,9.876726261768177,15.035130881088968,4376.304760351053,londra,ara_deger,109.0389829842973,109.02187900347111,-0.41046172954767396,0.08782751068530589,75.34485251791052,-0.0,-0.8244178718890107,-0.9122453825743166,False,-6.271126843190029
2026-08-14,24.905,9.849674265354157,15.055325734645844,4349.004583665265,londra,irfcl_pdf,108.35877818501564,108.31195915618343,0.6438339116748258,-0.6590570233989904,75.11237841086425,-0.0,0.4378758100224086,1.096932833421399,False,-5.83325103316762
2026-08-17,24.91528571428572,10.010026389443016,14.905259324842703,4391.769112511905,londra,ara_deger,109.42428915570645,109.42218222940916,-0.022819762517542853,-0.21960909121122554,75.63297933655828,-0.0,2.241173582054715,2.4607826732659404,False,-3.5920774511129054
2026-08-18,24.918714285714284,10.063477097472637,14.855237188241647,4390.238125226128,londra,ara_deger,109.38614343557389,109.39908948875983,-0.5156488198676222,-0.21787274359327213,77.9569778771623,-0.1186021800000034,-1.1580856215480342,-0.940212877954762,False,-4.750163072660939
2026-08-19,24.922142857142852,10.116927805502256,14.805215051640596,4355.526540797455,londra,ara_deger,108.49708716061042,108.5490546678314,1.8835270158295765,-0.22423658534420193,77.5061078079998,-0.0,0.46404243342234897,0.6882790187665508,False,-4.28612063923859
2026-08-20,24.925571428571427,10.170378513531874,14.755192915039553,4482.747051222993,londra,ara_deger,111.66617697764316,111.73503182147664,1.4325781739055332,-0.22909322270027574,77.73243063574864,-0.0,-3.217836678587621,-2.988743455887345,False,-7.503957317826211
2026-08-21,24.929,10.223829221561497,14.705170778438502,4579.836813597116,londra,irfcl_pdf,114.0847034892,114.1707519261625,0.8571421177778096,0.7186922162578385,74.67687044047702,-0.0,-1.3300116583676511,-2.0487038746254895,False,-8.833968976193862
2026-08-24,25.149285714285718,10.289161766176388,14.86012394810933,4638.12529801476,londra,ara_deger,115.53668196185627,116.64553829842978,-0.13689252462957613,0.23908825885877552,74.02762661381479,-0.0,1.325211171836067,1.0861229129772916,False,-7.508757804357796
2026-08-25,25.22271428571429,10.310939281048018,14.911775004666271,4628.913226493177,londra,ara_deger,115.30720731224848,116.75375576520128,-0.10126552504922932,0.2387374977079188,75.35226151054938,0.2134410500000001,1.5436852802988497,1.3049477825909308,False,-5.965072524058946
2026-08-26,25.296142857142858,10.33271679591965,14.963426061223208,4622.122249227389,londra,ara_deger,115.27588927464376,116.9218647196345,-0.541006902404559,0.23687003914601634,75.8557229311709,-0.0,0.3744480113665447,0.13757797222052837,False,-5.590624512692401
2026-08-27,25.36957142857143,10.35449431079128,15.01507711778015,4585.966966326868,londra,ara_deger,114.37417526458472,116.3440165212985,0.22370750410544699,0.23763958091100387,75.98819759276395,-0.0,-1.2892694562017633,-1.5269090371127672,False,-6.879893968894164
2026-08-28,25.443,10.376271825662911,15.06672817433709,4600.865824477955,londra,irfcl_pdf,114.7457533038351,117.05982917219262,,,73.78274965210792,-0.0,,,False,
2026-08-31,25.443,10.26310951100581,15.179890488994191,4600.865824477955,ffill,evds_aylik,114.7457533038351,117.05982917219262,-3.5691849212599847,0.735529715199315,71.96570474814317,-0.0,-0.19241276474553537,-0.9279424799448504,True,-7.072306733639699
2026-09-01,25.4545,10.225388739453445,15.229111260546555,4365.739956880443,londra,ara_deger,108.8817060075296,111.12772773241323,-0.8771350332589901,0.212050172292322,72.80908204099038,-0.3827320899999975,0.1979804347522175,-0.014069737540104515,False,-6.874326298887482
2026-09-02,25.466,10.187667967901078,15.278332032098923,4308.144013279233,londra,ara_deger,109.6398839215839,109.71119544216896,1.835712052488813,0.21796411390462697,70.80669996282273,-0.0,-0.6864009681607912,-0.9043650820654182,False,-7.560727267048273
2026-09-03,25.4775,10.14994719634871,15.327552803651288,4428.295352354211,londra,ara_deger,112.69766909046368,112.8218948396044,0.6229010786650347,0.21996441180512633,70.4863934852206,-0.0,-0.4213102791059399,-0.6412746909110663,False,-7.9820375461542135
2026-09-04,25.489,10.112226424796344,15.376773575203657,4468.934656399972,londra,irfcl_pdf,113.7319169160928,113.90867545697887,-0.9808605082858195,0.02288149811723024,70.11081767395822,-0.0510155800000013,0.4863550058250956,0.4634735077078654,False,-7.495682540329118
2026-09-07,25.449142857142856,10.06717501663443,15.381967840508427,4405.146209266462,londra,ara_deger,112.10853619397702,112.10719518622354,-0.16121607979740216,0.007609019269263659,70.94254106509021,-0.0,-1.0679213525683373,-1.075530371837601,False,-8.563603892897454
2026-09-08,25.435857142857145,10.052157880580458,15.383699262276687,4394.665360426508,londra,ara_deger,111.84180438402122,111.78208029847147,-0.03451783506089996,0.007605134317390979,68.95559151854009,-0.0208179299999997,0.7092615759605859,0.701656441643195,False,-7.854342316936869
2026-09-09,25.42257142857143,10.037140744526486,15.385430684044945,4392.421567534278,londra,ara_deger,111.8915303900094,111.66665104503788,-0.0267369146451824,0.007602125439910499,70.92617832346716,-0.0,-0.37808969607410864,-0.38569182151401915,False,-8.232432013010976
2026-09-10,25.40928571428572,10.022123608472516,15.387162105813204,4390.683760176509,londra,ara_deger,111.84726188759127,111.56413814339928,-0.755917226506946,0.007517066770070556,69.88039134006475,-0.0,-1.3044590909145846,-1.3119761576846551,False,-9.53689110392556
2026-09-11,25.396,10.007106472418544,15.388893527581457,4341.557272698915,londra,irfcl_pdf,110.59582511586098,110.25818849746165,-0.768758001584446,0.20033761376757175,68.11590700682629,-0.0,0.02997306958171242,-0.17036454418585933,False,-9.506918034343848
2026-09-14,25.414,9.978425158841777,15.435574841158225,4291.601894152263,londra,ara_deger,109.32327336488348,109.06677053798563,-0.45854813137097655,0.06631694712377861,68.04207658703939,-0.0,-0.6092117416679985,-0.6755286887917771,False,-10.116129776011846
2026-09-15,25.42,9.96886472098285,15.451135279017151,4261.894666783686,londra,ara_deger,108.56651833060292,108.33736242964132,1.0286628233731994,0.06735288679108245,66.45253447107723,0.0232847100000022,0.696758997825339,0.6294061110342566,False,-9.419370778186506
2026-09-16,25.426,9.959304283123927,15.466695716876071,4328.46989279767,londra,ara_deger,109.94740825281822,110.05567549427354,-0.36121962699793675,0.06698947784698885,67.00921049591882,-0.0,-5.083821153524186,-5.150810631371175,False,-14.503191931710692
2026-09-17,25.432,9.949743845265004,15.482256154734994,4305.115219400701,londra,ara_deger,109.35417649328572,109.48769025979863,1.1758830729277858,0.06817129884922414,64.11410308301112,-0.0,-1.9964040766690672,-2.064575375518291,False,-16.499596008379758
2026-09-18,25.438,9.940183407406082,15.497816592593917,4381.065588725146,londra,irfcl_pdf,111.28339085075692,111.44554644599026,-0.5427007365955914,0.0082092094822062,63.22023718034224,-0.0,-0.22442870762439093,-0.23263791710659715,False,-16.72402471600415
2026-09-21,25.487285714285715,9.987580230902031,15.499705483383684,4346.04770518309,londra,ara_deger,110.39390203985994,110.7689595899172,-0.26751175828407553,0.0027255362768935742,63.49473573712211,-0.0,2.021335414548897,2.0186098782720037,False,-14.702689301455251
2026-09-22,25.503714285714285,10.00337917206735,15.500335113646935,4328.788554125616,londra,ara_deger,109.95550256512392,110.40018648768996,-0.2704757443866946,0.002714549436107619,64.28028909162764,0.0636780299999983,1.2487337179890605,1.246019168552953,False,-13.453955583466191
2026-09-23,25.520142857142854,10.019178113232666,15.500964743910188,4311.338883366656,londra,ara_deger,109.82105132080196,110.02598420907182,-0.8683792878347663,0.0026792769296205238,65.89148558226677,-0.0,-0.142553371572824,-0.14523264850244452,False,-13.596508955039015
2026-09-24,25.536571428571428,10.034977054397984,15.501594374173443,4255.317900016189,londra,ara_deger,108.3940506943123,108.66622950504198,0.543043043680112,0.002701333779163497,65.3802961073428,-0.0,-4.6604052100235505,-4.663106543802714,False,-18.256914165062565
2026-09-25,25.553,10.0507759955633,15.502224004436702,4290.34933165943,londra,irfcl_pdf,109.28639266890777,109.63129647189342,-2.2360154579358595,0.0,61.68885261963601,-0.0,-0.19943055083880745,-0.19943055083880745,False,-18.456344715901373
2026-09-28,25.553,10.0507759955633,15.502224004436702,4146.110965777482,londra,tasima,105.61226511584924,105.94557350851201,-0.1246278894759931,0.0,62.28601839742086,-0.0,0.7133673595644727,0.7133673595644727,False,-17.7429773563369
2026-09-29,25.553,10.0507759955633,15.502224004436702,4138.071610299176,londra,tasima,105.40748175400876,105.74014385797487,0.7530536820982576,0.0,62.95598654301023,-0.0054156200000008,-0.8572112182622951,-0.8572112182622951,False,-18.600188574599198
2026-09-30,25.553,10.0507759955633,15.502224004436702,4186.648748771871,londra,tasima,106.99035102638877,106.98143547736763,-0.5491218932634694,0.0,60.4807608815152,-0.0,-2.093639822852323,-2.093639822852323,False,-20.693828397451522
2026-10-01,25.553,10.0507759955633,15.502224004436702,4151.226612367036,londra,tasima,106.08513374271534,106.07629362581487,0.4685776835593365,0.0,60.30366170892246,-0.0,0.4885088525312091,0.4885088525312091,False,-20.205319544920314
2026-10-02,25.553,10.0507759955633,15.502224004436702,4181.453093639996,londra,tasima,106.85757538655642,106.84867090178282,,,60.26333326881476,,,,False,
