Tarih,usdtry,net_dis_varlik_usd,kamu_doviz_mev_usd,brut_usd,swap_toplam_usd,swap_yerli_usd,swap_yabanci_usd,swap_capa_tarih,swap_capa_tipi,swap_haric_usd,swap_capa_revizyon,altin_fiyat,altin_fiyat_kaynak,ons,ons_kaynak,ons_yukumluluk,ons_yukumluluk_kaynak,altin_fiyat_etkisi,altin_miktar_etkisi,altin_deger_ima,bennet_fark,net_doviz_alimi,net_doviz_alimi_altin_haric,ons_net,akim_birlesik,net_doviz_alimi_birikimli,altin_fiyat_etkisi_birikimli,akim_gecici,altin_usd,doviz_usd,eski_net_rezerv_usd,eski_swap_haric_usd,analitik_dis_varlik_usd,tanim_farki,net_rezerv_usd,swap_haric_net_rezerv_usd,swap_duzeltme_usd,swap_gozlem,kur_varyant_fark
2023-01-02,18.6983,29.04143130658937,11.840084446179599,,70.31800993,47.028438560000005,23.289571369999997,2022-11-30,aylık,-41.27657862341063,-0.0,1815.07,agort03,25.33451401012396,ara_deger,7.187814615723511,ara_deger,0.4440497341809795,0.03971136854288936,45.9839163443557,0.00026412504980716234,-2.0326367713435554,-2.0723481398864445,18.14669939440045,False,,,False,,,27.66342491028596,-43.31847831552049,130.7024442328982,1.3780063963034088,29.04143130658937,-41.27657862341063,-70.31800993,False,0.05224728993337974
2023-01-03,18.7029,27.152422244678633,11.836927321431435,,70.02074503,46.73117366,23.289571369999997,2022-11-30,aylık,-42.86832278532137,-0.0,1839.54,agort03,25.35327101518594,ara_deger,7.184983958357442,ara_deger,0.3230321438704101,0.040095197180860034,46.63835616327514,0.0001919143189854089,-1.6677131142141643,-1.7078083113950244,18.168287056828497,False,,,False,,,25.995271161156825,-44.975083677552846,128.4887524929289,1.157151083521807,27.152422244678633,-42.86832278532137,-70.02074503,False,0.04883685565394163
2023-01-04,18.7105,24.743591993800273,11.826677640896824,,68.96684543,45.67727406,23.289571369999997,2022-11-30,aylık,-44.223253436199734,-0.30206127000000293,1857.32,agort03,25.372028020247917,ara_deger,7.182153300991373,ara_deger,-0.10022620970310339,0.03997624916089465,47.12397508256686,5.947400998929098e-05,-0.5820110885390714,-0.6219873376999661,18.189874719256544,False,,,False,,,23.726361615135886,-47.232444836477015,127.74800069479704,1.0172303786643866,24.743591993800273,-44.223253436199734,-68.96684543,False,0.04448624375492334
2023-01-05,18.7194,24.124997115292157,11.964806350630896,,68.89235914,45.300726499999996,23.59163264,2022-12-31,aylık,-44.767362024707836,-0.0,1851.81,agort03,25.3907850253099,ara_deger,7.179322643625303,ara_deger,-0.21762697546113177,0.03971827659486634,47.018909617719125,0.00012898628300755943,-0.582719200995786,-0.6224374775906524,18.211462381684598,False,,,False,,,22.859834236140046,-48.087423828376075,127.56555845807024,1.2651628791521112,24.124997115292157,-44.767362024707836,-68.89235914,False,0.043353493704259394
2023-01-06,18.7387,25.276912539290343,12.037269501085987,,70.77215759,47.18052495,23.59163264,2022-12-31,aylık,-45.49524505070966,-0.0,1839.86,agort03,25.409542030371878,ima,7.176491986259234,haftalik_bilanco,0.489375063183986,-0.07298713860222025,46.75,0.000524716022950511,-0.4272301281064897,-0.35424298950426947,18.233050044112645,False,,,False,,,24.307420632167652,-46.628289045251705,128.40495461264655,0.9694919071226913,25.276912539290343,-45.49524505070966,-70.77215759,False,0.04551123418979719
2023-01-09,18.7498,25.32937455332857,12.04687938004672,,70.75286479,47.161232150000004,23.59163264,2022-12-31,aylık,-45.423490236671434,-0.0,1866.7,agort03,25.402166678369493,ara_deger,7.208216188873136,ara_deger,0.15683185321945664,-0.024441392254333102,47.418224538512334,5.61730267987226e-05,0.07719480743412327,0.10163619968845637,18.19395048949636,False,,,False,,,23.860116001237348,-47.04094851489168,126.98893806867272,1.4692585520912225,25.32937455332857,-45.423490236671434,-70.75286479,False,0.04557874208897725
2023-01-10,18.7538,26.112876643666887,11.966284219731468,,71.38293537999999,47.79130274,23.59163264,2022-12-31,aylık,-45.270058736333105,-0.0,1875.32,agort03,25.399708227702035,ara_deger,7.21879092307777,ara_deger,0.13926582655342337,-0.024541226450460023,47.63258083357418,4.9917098060153764e-05,-1.0530447851160347,-1.0285035586655746,18.180917304624266,False,,,False,,,24.595700018129662,-46.2938161109026,127.1617585236059,1.5171766255372248,26.112876643666887,-45.270058736333105,-71.38293537999999,False,0.04697860453469306
2023-01-11,18.7555,25.41044029751273,11.969890432139906,125.39485629615353,71.59067178000001,47.99903914,23.59163264,2022-12-31,aylık,-46.18023148248728,-0.0,1882.98,agort03,25.397249777034574,ara_deger,7.229365657282404,ara_deger,-0.06504102514871143,-0.02449456764861792,47.82251338516056,2.332940092103497e-05,1.0144338823473626,1.0389284499959806,18.16788411975217,False,,,False,47.845659452349636,77.5491968438039,24.725309429234088,-46.15265831270139,127.39081090880008,0.685130868278641,25.41044029751273,-46.18023148248728,-71.59067178000001,False,0.04571074399024621
2023-01-12,18.7581,26.12412589761223,11.729903455040757,125.31011167338457,71.59495150000001,48.00331886,23.59163264,2022-12-31,aylık,-45.47082560238778,-0.0,1879.4,agort03,25.394791326367113,ara_deger,7.239940391487038,ara_deger,0.26142985346227054,-0.024682245510769377,47.726970818774355,9.383893107905994e-05,0.7095795967128395,0.7342618422236089,18.154850934880074,False,,,False,47.754693291880905,77.55541838150367,24.748063823095094,-46.11835553174362,127.30606628603111,1.3760620745171366,26.12412589761223,-45.47082560238778,-71.59495150000001,False,0.046988088236913084
2023-01-13,18.7608,26.279859547567266,11.58703445482069,127.25305486456128,70.9225447,47.33091206,23.59163264,2022-12-31,aylık,-44.64268515243273,-0.0,1893.8,agort03,25.39233287569965,ima,7.250515125691672,haftalik_bilanco,0.23493653986260418,0.05041634906385592,48.088,0.0001712053809825309,0.6419344687171153,0.5915181196532594,18.14181775000798,False,,,False,48.12059069711826,79.13246416744302,24.886444927721634,-45.9684260400203,129.2490094772078,1.3934146198456325,26.279859547567266,-44.64268515243273,-70.9225447,False,0.047261407676018774
2023-01-16,18.7592,27.165658450253744,11.592332348927458,128.1613559869526,70.92617469999999,47.33454206,23.59163264,2022-12-31,aylık,-43.760516249746246,-0.0,1906.75,agort03,25.55747998072917,ara_deger,7.3892212452412585,ara_deger,-0.007085620906842102,0.01680201235983958,48.731724953255345,1.7186640561958275e-06,-2.2196969819891454,-2.236498994348985,18.16825873548791,False,,,False,48.449644266411575,79.71171172054102,25.893617531664464,-44.92660827478716,130.15731059959913,1.2720409185892798,27.165658450253744,-43.760516249746246,-70.92617469999999,False,0.048858577960867434
2023-01-17,18.7681,25.07971265072117,11.576106052290855,124.89104092765857,71.0832378,47.49160516,23.59163264,2022-12-31,aylık,-46.003525149278836,-0.0,1906.36,agort03,25.612529015739007,ara_deger,7.435456618424453,ara_deger,0.06652808497417276,0.016834270362125096,48.82670081444421,1.6129001142756172e-05,-1.0283029955518341,-1.0451372659139593,18.177072397314554,False,,,False,48.43973454501973,76.45130638263883,23.761467117076318,-47.047210302278515,126.88699554030508,1.318245533644852,25.07971265072117,-46.003525149278836,-71.0832378,False,0.04508556516066939
2023-01-18,18.7691,24.27972039149453,11.525110953641889,124.73604724367917,71.29601554999999,47.70438291,23.59163264,2022-12-31,aylık,-47.016295158505464,-0.0,1910.02,agort03,25.667578050748848,ara_deger,7.481691991607649,ara_deger,-0.0250965227616127,0.016822107508804328,49.02558742849131,6.081426660385636e-06,0.1587148659349036,0.14189275842609927,18.185886059141197,False,,,False,48.499863639243856,76.23618360443531,23.320210771960294,-47.47691826029778,126.71405672088697,0.9595096195342343,24.27972039149453,-47.016295158505464,-71.29601554999999,False,0.043645105235494676
2023-01-19,18.7701,27.267637572522258,14.207741141496316,127.42644984906113,71.46768420000001,47.87605156,23.59163264,2022-12-31,aylık,-44.20004662747775,-0.0,1908.64,agort03,25.722627085758685,ara_deger,7.527927364790844,ara_deger,0.27364828380335565,0.016954664982683876,49.09523496096246,6.627873693637598e-05,0.7446367739389093,0.7276821089562254,18.19469972096784,False,,,False,48.46482221987539,78.96162762918574,25.921726149567665,-44.86385449559363,129.4044593262689,1.3459114229545932,27.267637572522258,-44.20004662747775,-71.46768420000001,False,0.04901356367302686
2023-01-20,18.7742,28.422451715652333,14.286167186884127,128.7949116592454,71.52578724,47.9341546,23.59163264,2022-12-31,aylık,-43.10333552434767,-0.0,1923.68,agort03,25.777676120768525,ima,7.5741627379740395,haftalik_bilanco,-0.04223215104808619,0.7526042301818162,49.588,0.00045437653901973796,-0.8568839725511613,-1.6094882027329775,18.203513382794487,False,,,False,48.84672290632591,79.94818875291949,26.716389673061965,-44.057642585002554,130.77292113645322,1.7060620425903679,28.422451715652333,-43.10333552434767,-71.52578724,False,0.051078204380530866
2023-01-23,18.7771,27.330047557929607,14.29115353276065,128.12114545086948,71.32751286,47.73588022,23.59163264,2022-12-31,aylık,-43.997465302070395,-0.0,1921.36,agort03,26.094871257257193,ara_deger,7.499653961514682,ara_deger,0.19748120768078767,0.252254708579115,50.13764183884368,0.0006933159259180088,-0.02237154670676464,-0.2746262552858796,18.59521729574251,False,,,False,48.78781269405428,79.3333327568152,26.04159667893338,-44.697790417840814,130.0991549280773,1.2884508789962261,27.330047557929607,-43.997465302070395,-71.32751286,False,0.04925249121332169
2023-01-24,18.7844,27.276770032580224,14.262325706437256,128.62088700072067,71.12795349999999,47.53632086,23.59163264,2022-12-31,aylık,-43.851183467419766,-0.0,1931.98,agort03,26.200602969420085,ara_deger,7.474817702694896,ara_deger,-0.1537386970398145,0.2511827455373403,50.619040924860215,0.0005359815208838825,-0.25558789025319095,-0.5067706357905313,18.72578526672519,False,,,False,49.05747926919421,79.56340773152647,25.664254434530775,-45.06358427514665,130.5988964779285,1.6125155980494483,27.276770032580224,-43.851183467419766,-71.12795349999999,False,0.049137409016989174
2023-01-25,18.7735,26.30512312568248,14.251755186832504,127.65592585531712,70.57620370000001,46.98457106,23.59163264,2022-12-31,aylık,-44.27108057431752,-0.0,1923.77,agort03,26.306334681582975,ara_deger,7.44998144387511,ara_deger,0.2066656314852789,0.25261377049931044,50.60733747038888,0.0007155124809850588,-1.0863565258369916,-1.338970296336302,18.856353237707864,False,,,False,49.590319990850865,78.06560586446625,25.177871361227265,-45.538418961353386,129.68684699177032,1.1272517644552167,26.30512312568248,-44.27108057431752,-70.57620370000001,False,0.047274896537415685
2023-01-26,18.785,25.451524035134415,14.232915730636146,126.50563169825531,70.62113496,47.02950232,23.59163264,2022-12-31,aylık,-45.169610924865594,-0.0,1934.73,agort03,26.412066393745864,ara_deger,7.4251451850553245,ara_deger,-0.266196635345841,0.2507832075461333,51.10021721397193,0.0009152814765885919,1.144502563679641,0.8937193561335077,18.98692120869054,False,,,False,49.87284332113449,76.63278837712082,24.674187383550706,-46.03055455193318,128.53655283470854,0.7773366515837097,25.451524035134415,-45.169610924865594,-70.62113496,False,0.04571287820623815
2023-01-27,18.7853,27.087111677748027,14.27176084491597,127.13613161223859,71.33957156,47.74793892,23.59163264,2022-12-31,aylık,-44.25245988225197,-0.0,1920.71,agort03,26.517798105908753,ima,7.400308926235539,haftalik_bilanco,-0.018161614720690424,-0.25938400591135163,50.933,6.417854461385555e-05,0.3988084655040245,0.6581924714153762,19.117489179673214,False,,,False,49.51144030192132,77.62469131031727,25.809767903626774,-44.88342564476032,129.16705274869182,1.2773437741212526,27.087111677748027,-44.25245988225197,-71.33957156,False,0.04864974279895797
2023-01-30,18.7852,26.895689638651707,14.259833965036306,126.74630572298932,70.77942955,47.187796909999996,23.59163264,2022-12-31,aylık,-43.8837399113483,-0.0,1919.76,agort03,26.31769952647719,ara_deger,7.3353230723068235,ara_deger,-0.3363677107678994,-0.08566326947180468,50.523666842949844,0.00039903291598508694,-0.3358016021591753,-0.2501383326873706,18.982376454170364,False,,,False,49.486951509606584,77.25935421338274,25.240667120924982,-45.417881266171804,128.77722685944252,1.6550225177267244,26.895689638651707,-43.8837399113483,-70.77942955,False,0.04844885668019578
2023-01-31,18.7876,25.901658913325807,14.299699482637484,126.84919090553191,70.41770262,46.82606998,23.59163264,2022-12-31,aylık,-44.516043706674196,-0.0,1902.04,agort03,26.251,evds_aylik,7.313661120997251,ara_deger,0.32666909566279745,0.5844753949272332,49.930452040000006,0.0026265443373577613,0.03020432755546143,-0.5542710673717718,18.937338879002752,False,,,False,49.03017108874656,77.81901981678536,25.479822329621662,-45.167177670378344,128.88011204198514,0.42183658370414534,25.901658913325807,-44.516043706674196,-70.41770262,True,0.046652298550155014
2023-02-01,18.7878,26.601412938183287,14.299096754276711,127.0849470703397,70.76118595,47.169553310000005,23.59163264,2022-12-31,aylık,-44.15977301181671,-0.0,1919.29,agort03,26.533864928384087,ara_deger,7.29199916968768,ara_deger,0.6336346394338739,0.5945034650755522,50.926181618398296,0.005014035074155987,0.06105494564558156,-0.5334485194299706,19.241865758696406,False,,,False,50.89534472668961,76.18960234365008,25.937246883615963,-44.41250311638404,129.1129998190315,0.6641660545673247,26.601412938183287,-44.15977301181671,-70.76118595,False,0.0477710586406365
2023-02-02,18.7897,26.616894681660696,14.147303522674658,127.99481972931477,70.23377134,46.642138700000004,23.59163264,2022-12-31,aylık,-43.61687665833931,-0.0,1952.22,agort03,26.81672985676817,ara_deger,7.270337218378107,ara_deger,-0.8715736477458113,0.5809246115100121,52.352156360979954,0.00678942678277028,1.4153725628391678,0.8344479513291557,19.546392638390063,False,,,False,51.76857581831719,76.22624391099758,25.67369750448384,-44.37880249551617,130.02287247800655,0.9431971771768559,26.616894681660696,-43.61687665833931,-70.23377134,False,0.04779403619093821
2023-02-03,18.7913,27.960347607669505,14.105296493590119,129.76928500867467,71.07543238,47.48379974,23.59163264,2022-12-31,aylık,-43.11508477233049,-0.22929738000000555,1907.63,agort03,27.099594785152256,ima,7.248675267068536,haftalik_bilanco,-0.7396452612438038,-0.2871148091490468,51.696,0.0028598346286813348,0.8352776161930722,1.122392425342119,19.85091951808372,False,,,False,50.58614720077472,79.18313780789995,27.092005236465813,-42.663244763534195,131.79733775736645,0.868342371203692,27.960347607669505,-43.11508477233049,-71.07543238,False,0.0503503699243553
2023-02-06,18.7948,27.419825590056824,14.098379871028158,127.71865091402344,70.44619463000001,46.625264609999995,23.820930020000006,2023-01-31,aylık,-43.026369039943184,-0.0,1870.37,agort03,26.954189016050584,ara_deger,7.256776456028129,ara_deger,-0.018515567806417707,-0.09565683753616305,50.41430650995053,2.404942342959862e-05,0.3427481197300555,0.43840495726621853,19.697412560022457,False,,,False,49.598094043348546,78.1205568706749,26.025253633983873,-42.83824636601613,129.74670366271522,1.3945719560729515,27.419825590056824,-43.026369039943184,-70.44619463000001,False,0.04936783142240345
2023-02-07,18.8092,27.344741456308615,14.127877315356313,126.51089643574988,70.0173805,46.19645048,23.820930020000006,2023-01-31,aylık,-42.67263904369139,-0.0,1869.43,agort03,26.905720426350026,ara_deger,7.259476852347994,ara_deger,0.19096148753930028,-0.09615420008028158,50.29836093663153,0.00024868127205923685,-0.11072371348275842,-0.014569513402476836,19.646243574002032,False,,,False,49.573167313129,76.93772912262088,25.43633939774153,-43.12991060225846,128.53894918444166,1.9084020585670842,27.344741456308615,-42.67263904369139,-70.0173805,False,0.04905016511294618
2023-02-08,18.8087,26.87722617724776,14.19309447223891,125.95773246013925,69.40441029000002,45.58348027,23.820930020000006,2023-01-31,aylık,-42.52718411275225,-0.0,1879.15,agort03,26.857251836649468,ara_deger,7.262177248667859,ara_deger,-0.015284158178629575,-0.0961142882711723,50.46880478883985,1.9955904547968098e-05,-0.5854850465218684,-0.4893707582506961,19.595074587981607,False,,,False,50.92420354051886,75.0335289196204,24.940647466332067,-43.32835253366794,128.12907021750573,1.9365787109156933,26.87722617724776,-42.52718411275225,-69.40441029000002,False,0.04835521464174986
2023-02-09,18.81,25.459185592769806,14.221287772461457,126.32813523572236,68.55894561000001,44.73801559,23.820930020000006,2023-01-31,aylık,-43.0997600172302,-0.0,1878.37,agort03,26.808783246948913,ara_deger,7.264877644987723,ara_deger,-0.18898956717096166,-0.0956194841763615,50.35681418757143,0.00024740204740869576,0.44707779568946965,0.5426972798658312,19.54390560196119,False,,,False,50.90306585658643,75.42506937913592,24.555461137692717,-43.41628886230728,128.4994729930888,0.9037244550770893,25.459185592769806,-43.0997600172302,-68.55894561000001,False,0.04580083696023375
2023-02-10,18.8109,26.266907537651043,13.978151018824192,125.6088987544432,69.35171608,45.53078606,23.820930020000006,2023-01-31,aylık,-43.08480854234896,-0.0,1868.7,agort03,26.760314657248355,ima,7.267578041307588,haftalik_bilanco,-0.19161360093470076,0.1554818183203726,50.007,0.00041110628341123334,-0.5957273247025572,-0.7512091430229297,19.492736615940768,False,,,False,50.64101277501402,74.96788597942918,24.43783609503001,-43.23666390497,127.78023651180965,1.8290714426210322,26.266907537651043,-43.08480854234896,-69.35171608,False,0.04725166441280022
2023-02-13,18.8112,25.14615021901846,13.880887715828868,125.23884436817582,69.11556299,45.29463297,23.820930020000006,2023-01-31,aylık,-43.96941277098154,-0.0,1858.87,agort03,26.86624761630012,ara_deger,7.289867809431333,ara_deger,-0.06499358095880313,0.05173470764216386,49.940861706511804,4.628256564684352e-05,0.48365762731008655,0.4319229196679227,19.57637980686879,False,,,False,50.37462375827597,74.86422060989985,24.394718518754782,-42.38803148124522,127.41018212554224,0.7514317002636766,25.14615021901846,-43.96941277098154,-69.11556299,False,0.045234808646529914
2023-02-14,18.8184,24.851989489010755,13.79494988946988,124.2417384871602,68.48867604,44.667746019999996,23.820930020000006,2023-01-31,aylık,-43.636686550989246,-0.0,1855.55,agort03,26.901558602650713,ara_deger,7.297297732139248,ara_deger,-0.2511305817512508,0.051377551216901206,49.91718706514853,0.00017857821263128626,0.9004744867275793,0.8490969355106781,19.604260870511464,False,,,False,50.284653103589264,73.95708538357094,23.603664445436383,-42.88183555456362,126.41307624452662,1.248325043574372,24.851989489010755,-43.636686550989246,-68.48867604,False,0.04468857612479478
2023-02-15,18.8225,24.247131518129898,13.658523203612697,124.08268310566942,67.37090085,43.54997083,23.820930020000006,2023-01-31,aylık,-43.1237693318701,-0.0,1842.74,agort03,26.9368695890013,ara_deger,7.304727654847163,ara_deger,-0.03651578399752473,0.05132569243853237,49.63764706643626,2.5929389187683005e-05,0.2880507843521607,0.23672509191362834,19.632141934154138,False,,,False,49.312302231497824,74.7703808741716,22.69927443219551,-43.48897556780449,126.22591961747906,1.547857085934389,24.247131518129898,-43.1237693318701,-67.37090085,False,0.0435914468543604
2023-02-16,18.8282,24.124546265707824,13.65301930083598,123.76531279189439,67.0022845,43.18135448,23.820930020000006,2023-01-31,aylık,-42.87773823429218,-0.0,1840.88,agort03,26.972180575351892,ara_deger,7.3121575775550784,ara_deger,-0.37019823304851707,0.0508006920101278,49.65254777755379,0.00026250021419571556,0.004613213435802677,-0.046187478574325126,19.660022997796816,False,,,False,49.262528046235346,74.50278474565904,22.423134872159846,-43.467865127840156,125.90854930370402,1.7014113935479784,24.124546265707824,-42.87773823429218,-67.0022845,False,0.04335795687688887
2023-02-17,18.832,23.24638370858114,13.626698173322005,122.56263397459648,66.51602809,42.69509807,23.820930020000006,2023-01-31,aylık,-43.26964438141887,-0.0,1822.05,agort03,27.00749156170248,ima,7.319587500262993,haftalik_bilanco,0.18506629817753295,0.08358334202194155,49.209,0.0002144976425799694,0.8900231245586653,0.8064397825367238,19.687904061439486,False,,,False,48.758631321239356,73.80400265335712,21.397733644859812,-44.19601635514019,124.70587048640611,1.8486500637213261,23.24638370858114,-43.26964438141887,-66.51602809,False,0.041771259665369986
2023-02-20,18.836,24.316117700148652,13.629733542153325,122.6098631377975,66.50763729,42.68670727,23.820930020000006,2023-01-31,aylık,-42.19151958985135,-0.0,1831.45,agort03,27.011156319516633,ara_deger,7.277614461783532,ara_deger,0.21193823955205368,0.028024497318044992,49.46958224137874,8.169165536556222e-05,-2.308053392701983,-2.336077890020028,19.7335418577331,False,,,False,49.010178279017495,73.59968485878001,22.509151624548736,-42.19284837545126,124.75309964960715,1.8069660755999166,24.316117700148652,-42.19151958985135,-66.50763729,False,0.04381282468495518
2023-02-21,18.8438,21.866882794340842,13.527077659495431,120.85398734961959,66.25717342000002,42.4362434,23.820930020000006,2023-01-31,aylık,-44.390290625659176,-0.0,1842.19,agort03,27.012377905454684,ara_deger,7.263623448957045,ara_deger,-0.05746887546840975,0.027980228655640187,49.76193245364957,2.213433120240582e-05,0.5977535207749644,0.5697732921193241,19.74875445649764,False,,,False,49.29758405843634,71.55640329118324,20.487512550547127,-43.917237449452884,122.99722386142922,1.3793702437937156,21.866882794340842,-44.390290625659176,-66.25717342000002,False,0.03926788362608478
2023-02-22,18.8464,21.280691962390694,13.54181297223873,120.5652960387658,65.11596263000001,41.29503261,23.820930020000006,2023-01-31,aylık,-43.83527066760932,-0.0,1839.28,agort03,27.013599491392736,ara_deger,7.2496324361305575,ara_deger,-0.1723417927218867,0.02784757479441341,49.685573272528835,6.632693061336958e-05,-0.33664596770018645,-0.36449354249459986,19.763967055262178,False,,,False,49.67433907960814,70.89095695915765,19.647913606842685,-44.459586393157316,122.67416652517193,1.6327783555480089,21.280691962390694,-43.83527066760932,-65.11596263000001,False,0.03820995733780786
2023-02-23,18.8506,19.513597551271577,13.562850731541701,119.86504228029627,63.836818220000005,40.0158882,23.820930020000006,2023-01-31,aylık,-44.323220668728425,-0.0,1830.56,agort03,27.014821077330787,ara_deger,7.235641423304071,ara_deger,-0.19363816881292084,0.02769864345250858,49.45225087131864,7.446567095242829e-05,2.152920587904143,2.1252219444516345,19.779179654026716,False,,,False,49.43883375319009,70.42620852710618,18.696293964117853,-45.11395603588214,121.9739127667024,0.8173035871537238,19.513597551271577,-44.323220668728425,-63.836818220000005,False,0.03513245272567123
2023-02-24,18.8548,22.13723789167745,13.553191282856355,121.25918793903459,64.51083559,40.68990557,23.820930020000006,2023-01-31,aylık,-42.37359769832255,-0.0,1820.77,agort03,27.016042663268838,ima,7.221650410477584,haftalik_bilanco,-0.2761317719264389,-0.30736112260719584,49.19,0.0011865287246018985,-0.6731186562922777,-0.3657575336850819,19.794392252791255,False,,,False,49.17443041080102,72.08475752823357,20.195894202006915,-43.31710579799308,123.36805842544074,1.9413436896705356,22.13723789167745,-42.37359769832255,-64.51083559,False,0.039730228365521876
2023-02-27,18.8567,20.489143646555334,13.58319541595295,119.43866094804424,63.781987640000004,39.96105762,23.820930020000006,2023-01-31,aylık,-43.29284399344467,-0.0,1806.82,agort03,26.92826066581721,ara_deger,7.303980058130167,ara_deger,0.03708989034853047,-0.10256087787214332,48.65451993621185,5.3585168207824496e-05,0.025101478553731488,0.1276623564258748,19.62428060768704,False,,,False,48.79767590351528,70.64098504452897,19.22044753323752,-43.40080246676247,121.54753143445035,1.2686961133178123,20.489143646555334,-43.29284399344467,-63.781987640000004,False,0.036768655819199976
2023-02-28,18.8632,19.486317750964844,13.596255831460198,118.56102836426608,62.703909960000004,38.88297994,23.820930020000006,2023-01-31,aylık,-43.21759220903516,-0.0,1808.71,agort03,26.899,evds_aylik,7.331423274014361,ara_deger,0.4115061385474775,0.08067153884551555,48.65249029,0.00046359659348355065,-0.045568589649390756,-0.1262401284949063,19.56757672598564,False,,,False,48.8487200625669,69.71230830169918,18.170448015183002,-44.153551984817,120.66989885067221,1.3158697357818419,19.486317750964844,-43.21759220903516,-62.703909960000004,True,0.03505994557568431
2023-03-01,18.8647,19.88478942151214,13.604991863109406,118.77341810479831,62.727708050000004,38.90677803,23.820930020000006,2023-01-31,aylık,-42.842918628487865,-0.0,1829.74,agort03,26.970532288017672,ara_deger,7.3588664898985545,ara_deger,0.1733671256553714,0.08106128624316246,49.34906174867746,0.00019487369882995043,-0.2475086413941591,-0.32856992763732157,19.61166579811912,False,,,False,49.43233390268952,69.34108420210879,18.48922002470222,-43.90057997529778,120.97247653023904,1.3955693968099183,19.88478942151214,-42.842918628487865,-62.727708050000004,False,0.03566901047639921
2023-03-02,18.8652,20.06374801221296,13.51708828954901,118.79840155378025,63.06871173000001,39.247781710000005,23.820930020000006,2023-01-31,aylık,-43.00496371778705,-0.0,1838.58,agort03,27.042064576035344,ara_deger,7.386309705782749,ara_deger,0.1649117833614212,0.08143119355836886,49.71899908820706,0.00018495365759996218,-0.259847373818869,-0.3412785673772379,19.655754870252593,False,,,False,49.67115571983282,69.12724583394743,18.548543084621418,-43.907056915378575,120.99745997922099,1.5152049275915438,20.06374801221296,-43.00496371778705,-63.06871173000001,False,0.035989071311015634
2023-03-03,18.867,21.62887841204219,13.579629299835691,120.26269246235279,64.66623671,40.84530669,23.820930020000006,2023-01-31,aylık,-43.037358297957816,0.3799099600000062,1846.97,agort03,27.113596864053015,ima,7.413752921666943,haftalik_bilanco,0.061266514660818706,0.19264564265021303,50.078,0.00016191947068292661,0.4615303640773422,0.26888472142712916,19.69984394238607,False,,,False,49.897820317777644,70.36487214457514,20.684911538665393,-41.83648846133461,122.4617508877935,0.9439668733767981,21.62887841204219,-43.037358297957816,-64.66623671,False,0.03890703486637771
2023-03-06,18.8587,21.588113072481136,13.56533552153648,119.16708674893505,64.11696827,40.67594821,23.44102006,2023-02-28,aylık,-42.528855197518865,-0.0,1850.08,agort03,27.228866394343523,ara_deger,7.424894174990936,ara_deger,-0.012674542220383134,0.06419300018432035,50.37558113884706,1.1107016209760748e-05,0.4782617071337525,0.41406870694943215,19.803972219352588,False,,,False,49.981840210460405,69.18524653847464,20.02673789815841,-42.69206210184159,121.36614517437576,1.5613751743227269,21.588113072481136,-42.528855197518865,-64.11696827,False,0.038850764817330984
2023-03-07,18.8801,21.367393128214363,13.495699122356344,119.62699673316541,63.50029755999999,40.05927749999999,23.44102006,2023-02-28,aylık,-42.13290443178563,-0.0,1849.44,agort03,27.267289571107028,ara_deger,7.428607926098933,ara_deger,-0.6542797206523674,0.06304828332620174,50.42921602438818,0.0005723584290592276,-0.5575234309673216,-0.6205717142935233,19.838681645008094,False,,,False,49.964549943155916,69.6624467900095,19.80570113505755,-42.97889886494245,121.82605515860615,1.5616919931568134,21.367393128214363,-42.13290443178563,-63.50029755999999,False,0.038410041522424665
2023-03-08,18.8907,19.821989391605396,13.558567337367066,118.90846798180903,63.10382876,39.6628087,23.44102006,2023-02-28,aylık,-43.2818393683946,-0.0,1816.46,agort03,27.30571274787053,ara_deger,7.4323216772069305,ara_deger,0.020270858892076513,0.06308368694037035,49.5997349779969,1.7701807084307547e-05,0.1642651416883672,0.10118145474799685,19.8733910706636,False,,,False,49.25076415967775,69.65770382213128,18.771756155145127,-44.078643844854874,121.0122188696025,1.0502332364602687,19.821989391605396,-43.2818393683946,-63.10382876,False,0.03561206462002918
2023-03-09,18.9135,19.84847035186507,13.52386998704629,118.46093380832306,62.98047107,39.53945101,23.44102006,2023-02-28,aylık,-43.13200071813493,-0.0,1817.48,agort03,27.344135924634035,ara_deger,7.436035428314928,ara_deger,0.3989583339462342,0.06377926383050017,49.69742016030387,0.00034778844506816453,-0.37002183473056643,-0.43380109856106663,19.908100496319108,False,,,False,49.27842002847908,69.18251377984399,18.387688212123614,-44.52851178787638,120.56468469611653,1.4607821397414575,19.84847035186507,-43.13200071813493,-62.98047107,False,0.03572129657574743
2023-03-10,18.9295,19.81389777859954,13.559064634565097,120.1030646646511,62.88176735,39.44074729,23.44102006,2023-02-28,aylık,-43.06786957140046,-0.0,1837.52,agort03,27.382559101397536,ima,7.439749179422925,haftalik_bilanco,0.8234386216783309,0.04870241144600129,50.316,0.0005351585760682287,-0.8326596044211523,-0.8813620158671536,19.94280992197461,False,,,False,49.8217765096347,70.2812881550164,18.65116310520616,-44.33083689479384,122.2068155524446,1.1627346733933805,19.81389777859954,-43.06786957140046,-62.88176735,True,0.035628989972904326
2023-03-13,18.9374,18.92997850813734,13.430171406845712,123.33774350953664,62.13596229,38.69494223,23.44102006,2023-02-28,aylık,-43.20598378186266,-0.0,1878.81,agort03,27.398081759860435,ara_deger,7.429349891842317,ara_deger,0.5249779608101955,0.0164612998025018,51.47578999124339,0.00011358132691408063,-0.3257669554446262,-0.34222825524712797,19.968731868018118,False,,,False,50.94129692415145,72.39644658538518,22.581692735011142,-39.19730726498885,125.44149439733016,-3.6517142268738034,18.92997850813734,-43.20598378186266,-62.13596229,False,0.034124969163291156
2023-03-14,18.9494,21.21407965423707,15.677431897579869,125.23745965185421,61.973591940000006,38.532571880000006,23.44102006,2023-02-28,aylık,-40.75951228576294,-0.10023265000000237,1905.1,agort03,27.40325597934807,ara_deger,7.42588346264878,ara_deger,0.08630224927214421,0.01649862740479768,52.205942966256,1.866380115132793e-05,-1.0378352156149528,-1.0543338430197504,19.97737251669929,False,,,False,51.654113385707404,73.5833462661468,24.597756868291345,-36.78024313170866,127.34121053964769,-3.3836772140542735,21.21407965423707,-40.75951228576294,-61.973591940000006,False,0.03810678305947036
2023-03-15,18.9514,19.04181522209441,15.621957691780027,124.03775882200796,60.80833468,37.26708197,23.541252710000002,2023-03-10,haftalık,-41.76651945790559,-0.0,1909.42,agort03,27.408430198835703,ara_deger,7.422417033455244,ara_deger,0.16768265045753952,0.016571122447232686,52.33420479026087,3.6247521217502854e-05,0.5443946008931526,0.5278234784459199,19.98601316538046,False,,,False,52.28480599939049,71.75295282261746,23.336330666863663,-37.64066933313633,126.23257437445254,-4.294515444769253,19.04181522209441,-41.76651945790559,-60.80833468,False,0.03420114819590747
2023-03-16,18.9583,19.638298950855297,15.581039439190222,123.4668617076473,60.73365941,37.1924067,23.541252710000002,2023-03-10,haftalık,-41.0953604591447,-0.0,1917.81,agort03,27.413604418323338,ara_deger,7.418950604261708,ara_deger,0.27272707802380264,0.016688980895243833,52.57408468950468,5.8929224005521696e-05,2.2289556748672843,2.2122666939720403,19.99465381406163,False,,,False,52.51454567025121,70.95231603739609,23.016395088167187,-37.559604911832814,125.66167726009188,-3.378096137311889,19.638298950855297,-41.0953604591447,-60.73365941,False,0.03525968251638115
2023-03-17,18.9756,21.58455495478404,15.77139321022787,126.83092207904005,59.987878890000005,36.44662618,23.541252710000002,2023-03-10,haftalık,-38.403323935215965,-0.0,1931.45,agort03,27.41877863781097,ima,7.415484175068172,haftalik_bilanco,1.1499893986630836,-0.505064156727781,52.958,0.007299400276096879,-2.153886094744924,-1.648821938017143,20.003294462742797,False,,,False,52.88804377639428,73.94287830264577,19.98710053964038,-40.18789946035962,129.02573763148465,1.597454415143659,21.58455495478404,-38.403323935215965,-59.987878890000005,True,0.038832169694241137
2023-03-20,18.9785,19.306259925705405,15.738774297231076,123.29789883488843,58.746099470000004,35.20484676,23.541252710000002,2023-03-10,haftalık,-39.4398395442946,-0.0,1988.94,agort03,27.15231963537176,ara_deger,7.40296151898822,ara_deger,-0.3941971880030162,-0.1666651957514741,54.00433461557631,0.0008447615788884644,0.5405188214089629,0.707184017160437,19.74935811638354,False,,,False,54.46226709913362,68.83563173575482,18.864080933688122,-41.58177620916902,125.49271438733304,0.4421789920172827,19.306259925705405,-39.4398395442946,-58.746099470000004,False,0.03472805490325391
2023-03-21,18.9919,17.860087668953604,14.12305856707333,124.59220438763509,58.76932131,35.2280686,23.541252710000002,2023-03-10,haftalık,-40.9092336410464,-0.18712110999999254,1968.98,agort03,27.063499967892028,ara_deger,7.398787300294903,ara_deger,-0.4825720488628327,-0.1645879964382693,53.287490166780046,0.001038599656609407,-0.5338542477840265,-0.3692662513457572,19.664712667597126,False,,,False,53.91571121946973,70.67649316816536,18.201459622260014,-42.334683234882846,126.78701994007972,-0.34137195330641035,17.860087668953604,-40.9092336410464,-58.76932131,False,0.032104056967962535
2023-03-22,19.0014,16.540966297220205,13.988487321986801,123.5906077430667,58.601197479999996,34.87282366,23.728373819999995,2023-03-17,haftalık,-42.06023118277979,-0.0,1944.44,agort03,26.97468030041229,ara_deger,7.394613081601586,ara_deger,0.565080739934875,-0.16703086409023843,52.45064736333368,0.0012214338259880497,-0.5732222924232946,-0.40619142833305616,19.580067218810704,False,,,False,53.31416993450516,70.27643780856154,17.732322197311774,-42.894106374116795,125.73134537455135,-1.191355900091569,16.540966297220205,-42.06023118277979,-58.601197479999996,False,0.02980479541044496
2023-03-23,19.0165,16.793191596771226,13.88275839402624,122.68662713069557,58.96729325999999,35.23891944,23.728373819999995,2023-03-17,haftalık,-42.17410166322877,-0.0,1973.3,agort03,26.885860632932555,ara_deger,7.390438862908269,ara_deger,0.3487730954657364,-0.16854517116902745,53.05386878696581,0.0007571535393945394,1.080637992294834,1.2491831634638615,19.495421770024286,False,,,False,54.105475885992384,68.5811512447032,16.464743249283515,-44.25197103643077,124.82736476218021,0.32844834748771135,16.793191596771226,-42.17410166322877,-58.96729325999999,False,0.03023529047437571
2023-03-24,19.0223,19.68871130199818,13.877052091492615,124.75117964455453,60.43910818,36.710734360000004,23.728373819999995,2023-03-17,haftalık,-40.75039687800182,-0.0,1991.19,agort03,26.79704096545282,ima,7.386264644214951,haftalik_bilanco,-0.48682227013664875,-0.2644946514570963,53.358,0.0016869671225272498,-0.49886797546174616,-0.23437332400464989,19.41077632123787,False,,,False,54.59599783582282,70.1551818087317,18.926478080989156,-41.880521919010846,126.89191727603917,0.7622332210090228,19.68871130199818,-40.75039687800182,-60.43910818,False,0.03543773798361048
2023-03-27,19.0371,19.313482778364353,13.856072353457197,123.07800041159967,61.07054963999999,37.342175819999994,23.728373819999995,2023-03-17,haftalık,-41.757066861635636,-0.0,1966.11,agort03,26.5946028726564,ara_deger,7.3183534351926305,ara_deger,-0.19430459432963337,-0.0877128734895488,52.28791465395847,0.00022600516474044485,0.26803064813864635,0.35574352162819517,19.27624943746377,False,,,False,53.908334867586525,69.16966554401316,19.080532644152733,-41.99732449870441,125.2187380430843,0.23295013421162025,19.313482778364353,-41.757066861635636,-61.07054963999999,False,0.0347353869824931
2023-03-28,19.068,19.162801762114537,13.893681403398363,123.45292305657912,60.80853351999999,37.080159699999996,23.728373819999995,2023-03-17,haftalık,-41.64573175788546,-0.0,1956.03,agort03,26.527123508390925,ara_deger,7.2957163655185235,ara_deger,0.24923903657162702,-0.0882940296274529,51.8878493961179,0.0002905780689520798,-1.1812659465909994,-1.0929719169635466,19.231407142872403,False,,,False,53.63195357891739,69.82096947766173,18.68171481015313,-42.48642804698972,125.59366068806376,0.48108695196140516,19.162801762114537,-41.64573175788546,-60.80853351999999,False,0.03440863667937741
2023-03-29,19.0839,18.429154260921507,13.790830962224703,123.16412188262338,61.109763369999996,37.38138955,23.728373819999995,2023-03-17,haftalık,-42.68060910907849,-0.0,1968.99,agort03,26.459644144125452,ara_deger,7.273079295844417,ara_deger,0.12471267151382673,-0.0885855045423038,52.09877472334157,0.00014573745742194055,-0.8076823650298055,-0.7190968604875017,19.186564848281037,False,,,False,52.763105690566945,70.40101619205643,18.574434785342618,-42.683993786085956,125.36303915866253,-0.1452805244211106,18.429154260921507,-42.68060910907849,-61.109763369999996,False,0.033160004109971226
2023-03-30,19.107,18.08565583294081,13.780200397759984,122.88366041799965,61.459865199999996,37.73149138,23.728373819999995,2023-03-17,haftalık,-43.37420936705919,-0.0,1975.49,agort03,26.39216477985998,ara_deger,7.25044222617031,ara_deger,0.12422977937344612,-0.08887653103419474,52.13745760096559,0.00014551324594896942,-0.7654165563980022,-0.6765400253638074,19.141722553689668,False,,,False,52.937286456842386,69.94637396115726,18.574523473072695,-42.77419081264159,125.08257769403883,-0.4888676401318861,18.08565583294081,-43.37420936705919,-61.459865199999996,False,0.032596981753598896
2023-03-31,19.146,17.225535725477904,13.625192677321634,122.32848541904075,61.39593959,37.66756577,23.728373819999995,2023-03-17,haftalık,-44.17040386452209,-0.0,1981.98,agort03,26.324685415594505,ima,7.227805156496203,haftalik_bilanco,-0.2715576372843784,-0.3531718561260597,52.175,0.0012760966261415874,0.8219923012748012,1.1751641574008609,19.096880259098302,False,,,False,53.111199252708175,69.21728616633257,18.469957275671156,-42.969042724328844,124.52740269507991,-1.2444215501932518,17.225535725477904,-44.17040386452209,-61.39593959,True,0.03089395575464517
2023-04-03,19.1532,15.681063112169246,12.345329240022556,121.30635808264763,60.580895749999996,36.85252193,23.728373819999995,2023-03-17,haftalık,-44.89983263783075,-0.0,1967.76,agort03,26.196219129449336,ara_deger,7.27881800201651,ara_deger,0.37513206435699153,-0.11891030910233341,51.547872154165226,0.0005931785301543924,-1.55633667516115,-1.4374263660588167,18.917401127432825,False,,,False,52.73014533017944,68.5762127524682,16.951701491134642,-44.22822708029393,123.50527535868682,-1.2706383789653959,15.681063112169246,-44.89983263783075,-60.580895749999996,False,0.028276549874454736
2023-04-04,19.1788,14.836642073539535,12.37186878219701,120.8081696115659,60.89113977999999,37.162765959999994,23.728373819999995,2023-03-17,haftalık,-46.05449770646045,-0.04306041000000249,1987.59,agort03,26.15339703406761,ara_deger,7.295822283856612,ara_deger,0.7795721401737253,-0.12138353153667658,51.982230410942435,0.0012366112171751098,-2.186760242184278,-2.0653767106476013,18.857574750210997,False,,,False,53.261530652524364,67.54663895904153,16.71898606795003,-44.374585360621396,123.00708688760507,-1.8823439944104958,14.836642073539535,-46.05449770646045,-60.89113977999999,False,0.02664113668849878
2023-04-05,19.2001,13.129856771579316,12.365648512247333,120.19105987542754,60.597762849999995,36.82632862,23.771434229999997,2023-03-31,haftalık,-47.46790607842068,-0.0,2028.93,agort03,26.110574938685886,ara_deger,7.312826565696715,ara_deger,-0.1575251313656513,-0.12088218649556487,52.97652881034796,0.000250672520559464,-0.7692839139500168,-0.648401727454452,18.797748372989172,False,,,False,53.41094398026216,66.78011589516538,14.691568793912532,-46.31564549180175,122.29646257050744,-1.5617120223332162,13.129856771579316,-47.46790607842068,-60.597762849999995,False,0.02361841070028022
2023-04-06,19.2266,12.968334234862118,12.305455930845806,120.90430926647336,61.42324194,37.65180771,23.771434229999997,2023-03-31,haftalık,-48.45490770513788,-0.0,2020.55,agort03,26.067752843304163,ara_deger,7.329830847536817,ara_deger,0.01967481809555486,-0.1209450041916406,52.67119800753822,3.140884804145663e-05,1.6717050458389597,1.7926500500306004,18.737921995767344,False,,,False,53.190343116479475,67.7139661499939,14.919373576191317,-46.001483566665826,123.00971196155325,-1.9510393413291993,12.968334234862118,-48.45490770513788,-61.42324194,False,0.02329576373882219
2023-04-07,19.2361,14.265220704820624,12.389643326869791,121.5451847420825,60.94456115,37.17312692,23.771434229999997,2023-03-31,haftalık,-46.67934044517938,-0.0,2021.6,agort03,26.02493074792244,ima,7.346835129376919,haftalik_bilanco,-0.059022782154601126,-0.5345627145548937,52.612,0.0004184464680628136,0.004792874129520806,0.5393555886844145,18.67809561854552,False,,,False,53.21798403616585,68.32720070591665,13.770217507706864,-47.06428249229313,123.65058743716241,0.4950031971137605,14.265220704820624,-46.67934044517938,-60.94456115,False,0.025686694815849884
2023-04-10,19.2332,13.294659910987251,12.390213121061498,120.73109050417968,60.02766047,36.256226240000004,23.771434229999997,2023-03-31,haftalık,-46.73300055901275,-0.0,2018.44,agort03,25.716718016867215,ara_deger,7.303461935070322,ara_deger,-0.15890639998590922,-0.1774257164509248,51.90765231396546,0.000380927533690123,-0.8001130390769653,-0.6226873226260405,18.413256081796895,False,,,False,53.134798030252576,67.5962924739271,13.201542281055673,-47.3738862903729,122.8364931992596,0.09311762993157835,13.294659910987251,-46.73300055901275,-60.02766047,False,0.02394265586344339
2023-04-11,19.238,10.996201424264477,12.5819271234016,117.54496636615305,58.49650742,34.72507319,23.771434229999997,2023-03-31,haftalık,-47.50030599573552,-0.0,2009.81,agort03,25.613980439848806,ara_deger,7.289004203634789,ara_deger,0.1592440434927008,-0.17819286830904002,51.479234027812524,0.0003835759290576335,-0.936241494916788,-0.758048626607748,18.324976236214017,False,,,False,52.90761599511599,64.63735037103706,10.195057750285892,-50.29401367828554,119.650369061233,0.8011436739785847,10.996201424264477,-47.50030599573552,-58.49650742,False,0.01979837746771425
2023-04-12,19.2619,9.613381753617244,12.440151854178454,118.06949478733259,58.03246047,34.26102624,23.771434229999997,2023-03-31,haftalık,-48.41907871638276,-0.0,2018.5,agort03,25.511242862830397,ara_deger,7.2745464721992565,ara_deger,0.28157459227134574,-0.17955590912482522,51.49444371862316,0.0006815204078997605,1.0530132679733573,1.2325691770981826,18.23669639063114,False,,,False,52.531322714681444,65.53817207265115,9.767433586510156,-50.63528069920413,120.61808222449498,-0.1540518328929128,9.613381753617244,-48.41907871638276,-58.03246047,False,0.017287208464212715
2023-04-13,19.2885,14.100177204033493,14.822613474350002,121.20687809929714,58.80220644,35.03077221,23.771434229999997,2023-03-31,haftalık,-44.702029235966506,-0.0,2033.94,agort03,25.40850528581199,ara_deger,7.260088740763725,ara_deger,0.46514391604958905,-0.18181852156712883,51.67937524102444,0.0011313062211446012,-0.02669348379647618,0.15512503777065265,18.148416545048267,False,,,False,52.933147645429365,68.27373045386778,13.39213018119605,-46.92422696166109,123.75546553645955,0.7080470228374427,14.100177204033493,-44.702029235966506,-58.80220644,False,0.025320658533781768
2023-04-14,19.307,14.01281462681929,14.765568394882687,121.38323910243463,58.33343851,34.562004280000004,23.771434229999997,2023-03-31,haftalık,-44.32062388318071,-0.0,2059.57,agort03,25.30576770879358,ima,7.245631009328192,haftalik_bilanco,-0.5539043925726048,-0.8649215751440773,52.119,0.006537321876304625,-0.7825569303973445,0.08236464474673277,18.06013669946539,False,,,False,53.60016662049863,67.783072481936,12.047142797948931,-48.182857202051075,123.93182653959704,1.9656718288703594,14.01281462681929,-44.32062388318071,-58.33343851,False,0.02521202519999817
2023-04-17,19.3363,12.2202051064578,14.735306237491143,119.25223040285869,57.90755247,34.13611824,23.771434229999997,2023-03-31,haftalık,-45.6873473635422,-0.0,2028.9,agort03,24.899317485480672,ara_deger,7.265481527867558,ara_deger,-0.11479627208406122,-0.28738211910488737,50.51822524629174,0.00046253630490973585,-0.6006079352968845,-0.31322581619199713,17.633835957613115,False,,,False,52.801981994459844,66.45024840839883,10.58242300750402,-49.388505563924554,121.80081784002108,1.63778209895378,12.2202051064578,-45.6873473635422,-57.90755247,False,0.022016455264277757
2023-04-18,19.3542,11.310907451612572,14.66585940002687,118.7020011172599,57.78310585999999,34.011671629999995,23.771434229999997,2023-03-31,haftalık,-46.47219840838742,-0.0,2022.39,agort03,24.7638340777097,ara_deger,7.27209836738068,ara_deger,-0.12908900954223007,-0.2863334192799164,50.082130400419324,0.0005243499124783224,-2.1360773794644463,-1.8497439601845298,17.491735710329017,False,,,False,52.632559695290865,66.06944142196903,10.440534664310588,-49.44403676426084,121.25058855442231,0.8703727873019833,11.310907451612572,-46.47219840838742,-57.78310585999999,False,0.020301180015273392
2023-04-19,19.3755,8.454789605429538,14.565964542850507,117.97296941405575,57.29204926,33.52061503,23.771434229999997,2023-03-31,haftalık,-48.83725965457046,-0.0,2015.01,agort03,24.62835066993873,ara_deger,7.278715206893803,ara_deger,,,49.626372883433234,,,,17.349635463044926,False,,,False,50.991374990896155,66.9815944231596,9.2024397305876,-50.59577455512669,120.37479595365282,-0.7476501251580618,8.454789605429538,-48.83725965457046,-57.29204926,False,0.015201755617065354
2023-04-20,19.3806,9.758901478798386,14.68816981930384,115.97335229903537,57.825344259999994,34.05391003,23.771434229999997,2023-03-31,haftalık,-48.06644278120161,-0.0,2015.01,ffill,24.49286726216776,ara_deger,7.285332046406924,ara_deger,0.5000509733700089,-1.2349248011154454,49.35337246194066,0.006742935798710548,-2.3394583337691306,-1.1045335326536847,17.207535215760835,True,,,False,50.991374990896155,64.98197730813922,8.794013962416024,-50.91784318044112,118.37517883863245,0.9648875163823618,9.758901478798386,-48.06644278120161,-57.825344259999994,False,0.01754194646597095
2023-04-24,19.3806,6.776363218888991,14.553616296709079,114.83089721508544,57.46537848,33.69394425,23.771434229999997,2023-03-31,haftalık,-50.68901526111101,-0.0,2044.07,agort03,23.95093363108388,ara_deger,7.207468325764239,ara_deger,0.38309048618571145,-0.22183173175420032,48.95738490728963,0.00122777764883919,-2.0417466370472486,-1.8199149052930483,16.743465305319642,False,,,False,51.72676060051369,63.10413661457175,6.751090936297121,-52.61533763513145,117.23272375468251,0.025272282591870088,6.776363218888991,-50.68901526111101,-57.46537848,False,0.012180735821340233
2023-04-25,19.3853,6.45021304803124,14.531162736712869,115.80675315738985,58.820338019999994,35.04890379,23.771434229999997,2023-03-31,haftalık,-52.37012497196876,-0.0,2066.95,agort03,23.815450223312908,ara_deger,7.179308139045637,ara_deger,0.08051892768785601,-0.22235117614408645,49.22534483907661,0.0002597221949467432,-0.6363424142859815,-0.41399123814189503,16.63614208426727,False,,,False,52.305756565690885,63.500996591698964,7.5695507936426045,-51.71052063492883,118.20857969698689,-1.1193377456113645,6.45021304803124,-52.37012497196876,-58.820338019999994,False,0.011591664111403749
2023-04-26,19.3937,5.824866064752987,14.544306450032742,116.0323466103536,58.73767081,34.96623658,23.771434229999997,2023-03-31,haftalık,-52.91280474524701,-0.0,2071.79,agort03,23.67996681554194,ara_deger,7.151147952327035,ara_deger,0.1928913161337191,-0.2236036381337602,49.05991844877163,0.0006262309948405764,-0.7736621998722,-0.5500585617384398,16.5288188632149,False,,,False,50.639848477178774,65.39249813317483,7.148117481450162,-52.04559680426412,118.27852544898602,-1.3232514166971745,5.824866064752987,-52.91280474524701,-58.73767081,False,0.010463328580539673
2023-04-27,19.4029,5.94735276685444,14.50221657587268,114.25725776105112,59.483018269999995,35.71158404,23.771434229999997,2023-03-31,haftalık,-53.53566550314555,-0.0,2083.46,agort03,23.54448340777097,ara_deger,7.122987765608432,ara_deger,0.11675683401577773,-0.22436670623544996,49.0539894007545,0.0003815340508411813,-0.5159016131580091,-0.2915349069225591,16.421495642162537,False,,,False,50.92509313601421,63.33216462503691,7.5620544867004424,-51.54530265615671,116.50343659968357,-1.6147017198460025,5.94735276685444,-53.53566550314555,-59.483018269999995,False,0.010708839269669727
2023-04-28,19.4103,5.165549836942242,14.526874855102703,115.10279304742808,59.07570184,35.304267610000004,23.771434229999997,2023-03-31,haftalık,-53.91015200305776,-0.0,2090.57,agort03,23.409,irfcl_pdf,7.09482757888983,haftalik_bilanco,-0.8742765000472963,-1.6424312293350751,48.938153129999996,0.021604996018632194,0.3389479656766172,1.9813791950116924,16.314172421110168,False,,,False,51.09887972764404,64.00391331978403,6.361476587172789,-52.65952341282721,117.3489718860605,-1.195926750230547,5.165549836942242,-53.91015200305776,-59.07570184,True,0.009297580612949096
2023-05-02,19.4268,3.9256870920583937,14.495921304589537,112.29361397335926,58.40212118,34.630686950000005,23.771434229999997,2023-03-31,haftalık,-54.476434087941605,0.05470183999999989,2036.98,agort03,22.614338534921423,ara_deger,7.106473112080788,ara_deger,0.7890401927141332,-0.8356495039714963,46.06495530886424,0.010182159426893933,-0.8272439805064155,0.008405523465080833,15.507865422840634,False,,,False,49.789003012392,62.504610960967256,5.408734943480141,-53.79076505651986,114.53979281199169,-1.4830478514217473,3.9256870920583937,-54.476434087941605,-58.40212118,False,0.007059935269196518
2023-05-03,19.4417,4.3056078429355455,14.579699203258974,112.11090544462559,58.736467819999994,35.01973543,23.716732389999997,2023-04-28,haftalık,-54.43085997706445,-0.0,2087.86,agort03,22.217007802382135,ara_deger,7.109384495378527,ara_deger,0.6722892371616604,-0.853460278126244,46.386001910281564,0.008905387077373761,-0.8000775719952762,0.05338270613096785,15.107623307003607,False,,,False,46.3528349588868,65.75807048573878,5.858384554848598,-53.4303654451514,114.5768773306861,-1.5527767119130527,4.3056078429355455,-54.43085997706445,-58.736467819999994,False,0.007737259109743871
2023-05-04,19.4511,3.2212611626077705,14.566029067764806,113.64155077332637,57.79357961,34.076847220000005,23.716732389999997,2023-04-28,haftalık,-54.572318447392234,-0.0,2132.36,agort03,21.819677069842847,ara_deger,7.1122958786762664,ara_deger,0.02735572901556502,-0.8542047284617008,46.527406596650096,0.0003722251677283697,-0.8122005492470439,0.042004179214656934,14.70738119116658,False,,,False,47.3407848959853,66.30076587734106,5.412241518474533,-53.96575848152547,116.10752265938687,-2.190980355866763,3.2212611626077705,-54.572318447392234,-57.79357961,False,0.005785875095133204
2023-05-05,19.4647,4.699512861744594,14.538923487133117,113.86248557796412,60.08378171,36.36704932,23.716732389999997,2023-04-30,aylık,-55.3842688482554,-0.0,2134.22,agort03,21.42234633730356,ima,7.115207261974006,haftalik_bilanco,0.37899611410548323,0.5678937720366922,45.72,0.0034811487939732655,-1.263356482448673,-1.831250254485365,14.307139075329552,False,,,False,47.382078983243794,66.48040659472034,6.780566666837917,-52.68668333316208,116.32845746402461,-2.0810538050933225,4.699512861744594,-55.3842688482554,-60.08378171,False,0.008459209912267514
2023-05-08,19.4747,4.097364580712412,14.671925164444126,111.61219696891544,60.23299211999999,36.516259729999994,23.716732389999997,2023-04-30,aylık,-56.13562753928758,-0.0,2160.71,agort03,21.70548362131632,ara_deger,7.135517154973308,ara_deger,0.15706423850717394,0.19024235043726725,46.89925551541438,0.00047221321252083337,-1.4225709162180002,-1.6128132666552675,14.569966466343011,False,,,False,47.97018670984468,63.64201025907076,6.079923747220754,-53.655076252779246,114.07816885497596,-1.9825591665083415,4.097364580712412,-56.13562753928758,-60.23299211999999,False,0.007371551568084396
2023-05-09,19.4837,3.228316336219507,14.543476957662046,110.11982470288308,60.757898759999996,37.04116637,23.716732389999997,2023-04-30,aylık,-57.52958242378049,-0.0,2171.49,agort03,21.79986271598724,ara_deger,7.142287119306409,ara_deger,-0.1663634830223261,0.1892479868079407,47.338183889139124,0.0004971818146671247,-0.43667763849672225,-0.625925625304663,14.657575596680829,False,,,False,48.20951480696651,61.91030989591657,5.423048496948732,-54.40120150305127,112.5857965889436,-2.1947321607292247,3.228316336219507,-57.52958242378049,-60.757898759999996,False,0.005805372430749237
2023-05-10,19.4909,2.869950233185743,14.47445987614733,109.07202593592099,61.07159085999999,37.354858469999996,23.716732389999997,2023-04-30,aylık,-58.20164062681425,-0.0,2160.14,agort03,21.89424181065816,ara_deger,7.1490570836395095,ara_deger,-0.5107731989439241,0.18621320653303103,47.29462750487511,0.0015173901374510024,-1.4682792555483413,-1.6544924620813724,14.74518472701865,False,,,False,46.275267217062904,62.79675871885809,5.2317989420704025,-54.681701057929594,111.26948339994561,-2.3618487088846596,2.869950233185743,-58.20164062681425,-61.07159085999999,False,0.005159031710786279
2023-05-11,19.5134,1.0705530046019658,14.384096262055818,107.22091427027077,61.3416097,37.62487731,23.716732389999997,2023-04-30,aylık,-60.27105669539803,-0.0,2125.5,agort03,21.98862090532908,ara_deger,7.15582704797261,ara_deger,-0.47301779611109585,0.1834193513665655,46.73681373427696,0.0013969275832365624,1.6656817188206787,1.4822623674541133,14.832793857356467,False,,,False,45.533197139938714,61.687717130332054,4.352985999364539,-55.64976400063546,109.4183717342954,-3.282432994762573,1.0705530046019658,-60.27105669539803,-61.3416097,False,0.0019276810493841768
2023-05-12,19.5389,1.0316757852284415,14.36730296997272,105.09362407075984,60.12686184999999,36.41012945999999,23.716732389999997,2023-04-30,aylık,-59.095186064771546,-0.0,2093.61,agort03,22.083,irfcl_pdf,7.162597012305711,haftalik_bilanco,0.3172077675183771,-0.48611250658991034,46.23318963,0.0024433539390368297,-0.23298817871091115,0.2531243278789992,14.920402987694288,False,,,False,44.850038515242105,60.24358555551774,2.3264045058831355,-57.765595494116866,107.29108153478444,-1.294728720654694,1.0316757852284415,-59.095186064771546,-60.12686184999999,True,0.0018552570815536893
2023-05-15,19.5649,1.672396587766868,14.427077623703672,103.43305989103469,60.623588409999996,36.90685602,23.716732389999997,2023-04-30,aylık,-58.95119182223313,-0.0,2114.87,agort03,21.8575,ara_deger,7.166951569129496,ara_deger,-0.8435312909005855,-0.1576380859790369,46.225771025,0.002199708108803655,0.30422195595799695,0.46186004193703384,14.690548430870507,False,,,False,45.30547759837317,58.127582292661515,1.8334931944451542,-58.284006805554846,105.63051735505931,-0.16109660667828618,1.672396587766868,-58.95119182223313,-60.623588409999996,False,0.0030119896505223587
2023-05-16,19.6386,0.9737493507683846,14.457977401647774,103.37254997031387,60.43335073,36.716618340000004,23.716732389999997,2023-04-30,aylık,-59.459601379231614,0.034861849999991534,2057.45,agort03,21.782333333333334,ara_deger,7.1684030880707565,ara_deger,-0.2707961274447118,-0.15621835099971834,44.81606171666667,0.0007098674896574009,-1.1667653152531474,-1.010546964253429,14.613930245262576,False,,,False,44.075406471685206,59.297143498628664,1.7054673958428808,-58.42053260415712,105.5700074343385,-0.7317180450744961,0.9737493507683846,-59.459601379231614,-60.43335073,False,0.001752095507634338
2023-05-17,19.68,-0.381330843495935,14.431108130081302,102.35467395302042,60.54270125000001,36.86083071,23.681870540000006,2023-05-12,haftalık,-60.924032093495946,-0.0,2038.92,agort03,21.707166666666666,ara_deger,7.169854607012018,ara_deger,-0.12458476435124272,-0.15556173314905117,44.25917626,0.0003283089253299648,0.6269472502035893,0.7825089833526405,14.537312059654647,False,,,False,43.15446670583346,59.20020724718697,0.38795914634146345,-59.74654085365854,104.51875548780488,-0.7692899898373984,-0.381330843495935,-60.924032093495946,-60.54270125000001,False,-0.0006846988577333395
2023-05-18,19.7336,-0.1703272084161025,14.407451149308793,101.48515828967736,60.274999380000004,36.59312884,23.681870540000006,2023-05-12,haftalık,-60.44532658841611,-0.0,2030.35,agort03,21.632,irfcl_pdf,7.171306125953279,ara_deger,-0.05957805876107092,-0.313325698055567,43.9205312,0.000318547715705747,-0.9055921082731845,-0.5922664102176175,14.460693874046722,False,,,False,42.97307960890518,58.51207868077218,0.04101365184254267,-60.10198634815746,103.64923982446184,-0.21134086025864518,-0.1703272084161025,-60.44532658841611,-60.274999380000004,True,-0.00030672200289406465
2023-05-22,19.7607,-2.7666627700435713,14.432830314715572,100.74533893108973,58.61845482000001,34.936584280000005,23.681870540000006,2023-05-12,haftalık,-61.385117590043585,0.13199938000000344,2026.23,agort03,21.374820123163996,ara_deger,7.068761062566669,ara_deger,-0.5092957025572635,-0.05898125566340515,43.31030177815859,0.0005274040634415389,0.8331855967179214,0.8921668523813265,14.306059060597327,False,,,False,42.8858783441042,57.859460586985534,-1.0896834626303726,-59.63914500109191,102.90942046587419,-1.6769793074131987,-2.7666627700435713,-61.385117590043585,-58.61845482000001,False,-0.004975333502399269
2023-05-23,19.8047,-3.4052674365175943,14.364815574080898,100.75878293678038,57.723975,34.17410384,23.549871160000002,2023-05-18,haftalık,-61.1292424365176,-0.0,1990.63,agort03,21.310525153954995,ara_deger,7.034095535124044,ara_deger,0.018559358504479588,-0.05901977393769789,42.42137068721743,1.9259137148144173e-05,-0.7182472786191493,-0.6592275046814514,14.27642961883095,False,,,False,42.13239168708594,58.626391249694436,-1.361903538049049,-59.51298046112597,102.92286447156484,-2.043363898468545,-3.4052674365175943,-61.1292424365176,-57.723975,False,-0.006127298213930801
2023-05-24,19.827,-4.72711751651788,14.422053664195287,99.99341120695996,57.04457475,33.49470359,23.549871160000002,2023-05-18,haftalık,-61.77169226651788,-0.0,1991.93,agort03,21.246230184745993,ara_deger,6.99943000768142,ara_deger,-0.20857315459222678,-0.05858599891023814,42.321003291901086,0.0002168875137298909,0.6298565242580562,0.6884425231682944,14.246800177064573,False,,,False,41.95576449873175,58.03764670822821,-1.6802776012508194,-59.43296990894313,102.05265103142179,-3.0468399152670607,-4.72711751651788,-61.77169226651788,-57.04457475,False,-0.008496231395514682
2023-05-25,19.86,-6.361475528700907,14.339663192346427,98.76731198822702,55.071323840000005,31.52145268,23.549871160000002,2023-05-18,haftalık,-61.43279936870091,-0.0,1977.29,agort03,21.181935215536992,ara_deger,6.964764480238796,ara_deger,0.12340504198238925,-0.05884318246477382,41.882828682329134,0.00012859177726608217,0.6451483784075992,0.703991560872373,14.217170735298197,False,,,False,41.64740406826409,57.119907919962934,-3.9638607250755284,-61.31816841738322,100.82655181268883,-2.397614803625378,-6.361475528700907,-61.43279936870091,-55.071323840000005,False,-0.011414761801526882
2023-05-26,19.9027,-4.487250925753793,14.356029784903557,98.59645513149891,56.16062843,32.61075727,23.549871160000002,2023-05-18,haftalık,-60.647879355753794,-0.0,1985.97,agort03,21.11764024632799,ima,6.930098952796172,haftalik_bilanco,-0.47769451535321733,-0.040914170240159996,41.939,0.00035280953541616533,0.2603301227666462,0.30124429300680616,14.187541293531819,False,,,False,41.830229787967596,56.76622534353132,-4.404594753475659,-61.360517830398734,100.65569495596075,-0.08265617227813404,-4.487250925753793,-60.647879355753794,-56.16062843,False,-0.008079419228761457
2023-05-29,19.9512,-4.631232808051646,14.366084095192269,98.85319010456502,56.22395663,32.67408547,23.549871160000002,2023-05-18,haftalık,-60.85518943805165,-0.0,1952.3,agort03,21.105856098531195,ara_deger,6.939271712360006,ara_deger,0.25018188025978433,-0.013761423074710417,41.20496286116245,6.168316399812745e-05,-0.0656889538602578,-0.05192753078554739,14.166584386171188,False,,,False,41.12104292363386,57.73214718093116,-2.970325794939653,-58.73109502570888,100.91242992902683,-1.6609070131119927,-4.631232808051646,-60.85518943805165,-56.22395663,False,-0.008341557651390321
2023-05-30,20.0453,-5.173870283807176,14.35758806303722,98.22073573090526,55.50532226,31.955451099999998,23.549871160000002,2023-05-18,haftalık,-60.679192543807176,-0.0,1969.96,agort03,21.1019280492656,ara_deger,6.942329298881285,ara_deger,0.16524251741698598,-0.013842945444350276,41.56995417993126,4.07611848164402e-05,-0.6837455727689108,-0.6699026273245605,14.159598750384314,False,,,False,41.49301322432093,56.72772250658433,-1.8768126194170203,-57.23919723480164,100.2799755553671,-3.297057664390156,-5.173870283807176,-60.679192543807176,-55.50532226,False,-0.00930098087012954
2023-05-31,20.3104,-6.1454290412793435,14.408624940916969,97.64864094091963,55.00122968000001,31.451358520000003,23.549871160000002,2023-05-18,haftalık,-61.14665872127935,-0.0,1981.63,agort03,21.098,evds_aylik,6.945386885402563,ara_deger,-0.22092229071886776,0.2164781241580172,41.80842974,0.0008594072079904369,-0.8886031248106236,-1.1050812489686408,14.152613114597436,False,,,False,41.84734944133094,55.80129149958869,-2.3925882306601545,-57.35658823066015,99.84733589688042,-3.752840810619189,-6.1454290412793435,-61.14665872127935,-55.00122968000001,True,-0.011054342306522653
2023-06-01,20.6632,-7.021141691509544,14.409779366216268,98.21158622023655,55.23388802,31.68401686,23.549871160000002,2023-05-18,haftalık,-62.25502971150954,-0.0,1966.02,agort03,21.211167414578988,ara_deger,6.948444471923842,ara_deger,0.21465398028695928,0.21813527707029978,41.70157936041058,0.0008285764561343223,0.9923603858728961,0.7742251088025963,14.262722942655145,False,,,False,41.517703077085756,56.6938831431508,-2.3753708041348873,-57.71524580413489,100.4102811761973,-4.645770887374656,-7.021141691509544,-62.25502971150954,-55.23388802,False,-0.01265131688091252
2023-06-02,20.7529,-5.581663960217608,14.38750242134834,100.35688749275725,55.488628330000004,31.938757170000002,23.549871160000002,2023-05-18,haftalık,-61.070292290217616,0.03722968000000648,1981.07,agort03,21.32433482915798,ima,6.9515020584451195,haftalik_bilanco,-0.39165969300192544,0.09350944168651293,42.245,0.0006520898255615859,0.47854878812509455,0.3850393464385816,14.372832770712861,False,,,False,41.83552356279299,58.52136392996426,-5.697319507153217,-61.41306950715322,102.555582448718,0.11565554693560909,-5.581663960217608,-61.070292290217616,-55.488628330000004,False,-0.010040943714719266
2023-06-05,20.8447,-4.559399463652631,14.373807202790157,98.78347202173622,56.43769895,32.92505747,23.512641479999996,2023-05-31,aylık,-60.99709841365263,-0.0,1953.82,agort03,21.36466704537886,ara_deger,6.943974470955056,ara_deger,0.17290410396734154,0.031361093577669044,41.74271376660212,9.563984108237888e-05,1.6146441776427334,1.5832830840650642,14.420692574423803,False,,,False,41.26006786608055,57.52340415565567,-5.576155473573618,-62.419530473573616,100.98216697769698,1.0167560099209867,-4.559399463652631,-60.99709841365263,-56.43769895,False,-0.008187713932774029
2023-06-06,21.1465,-2.0790404085782517,14.408070366254464,99.40063921281423,57.09624656,33.58360508,23.512641479999996,2023-05-31,aylık,-59.17528696857825,-0.0,1965.81,agort03,21.378111117452487,ara_deger,6.941465275125036,ara_deger,-0.14999675030178036,0.031195339124150144,42.02530461579927,8.287722675945353e-05,-2.384520226565926,-2.415715565690076,14.43664584232745,False,,,False,41.51326837263402,57.8873708401802,-3.2043061972430427,-60.423556197243045,101.59933416877497,1.125265788664791,-2.0790404085782517,-59.17528696857825,-57.09624656,False,-0.003739104800979607
2023-06-07,21.4565,-3.3099950597720973,14.417653251928321,98.80352453517963,58.390226,34.87758452,23.512641479999996,2023-05-31,aylık,-61.7002210597721,-0.0,1955.42,agort03,21.391555189526112,ara_deger,6.938956079295014,ara_deger,-0.14452599110231096,0.03103580644511713,41.82947484870316,7.976633951825574e-05,-1.397773391132809,-1.428809197577926,14.452599110231098,False,,,False,41.6980308116321,57.10549372354753,-3.220419732948058,-60.81554473294806,100.87510698389767,-0.08957532682403935,-3.3099950597720973,-61.7002210597721,-58.390226,False,-0.005959321560775862
2023-06-08,23.021,-4.61867733808262,14.376404065852915,98.76634505225937,58.665092290000004,35.152450810000005,23.512641479999996,2023-05-31,aylık,-63.283769628082624,-0.0,1945.42,agort03,21.40499926159974,ara_deger,6.936446883464994,ara_deger,0.21963262510008308,0.031277977051887555,41.64171366350136,0.0001210853033886683,1.202260404918332,1.1709824278664445,14.468552378134747,False,,,False,41.48478746334052,57.28155758891885,-0.822997263368229,-58.79399726336823,100.83792750097737,-3.7956800747143906,-4.61867733808262,-63.283769628082624,-58.665092290000004,False,-0.008311115860397927
2023-06-09,23.3212,-2.718595612575682,14.34440093134144,99.78971516890027,59.17528412,35.66264264,23.512641479999996,2023-05-31,aylık,-61.893879732575684,-0.0,1960.6,agort03,21.418443333673366,ima,6.933937687634972,haftalik_bilanco,-0.10761987695006289,-0.009716014547604672,41.993,1.848021116665488e-05,-0.8923885318011062,-0.8826725172535016,14.484505646038393,False,,,False,41.80849086604713,57.98122430285314,-3.170706653173936,-61.517581653173934,101.8612976176183,0.452111040598254,-2.718595612575682,-61.893879732575684,-59.17528412,False,-0.004887216465559788
2023-06-12,23.4314,-3.213157515129271,14.331957757539028,99.90261678820337,59.6931738,36.18053232,23.512641479999996,2023-05-31,aylık,-62.906331315129265,-0.0,1953.17,agort03,21.40753904781335,ara_deger,6.928007886611202,ara_deger,0.16781776615833172,-0.0032578896089522423,41.8125630420176,9.609046542014e-06,-0.12252729584437722,-0.11926940623542498,14.47953116120215,False,,,False,41.65005105826649,58.25256572993688,-2.5068306204494823,-61.981330620449484,101.97419923692141,-0.7063268946797887,-3.213157515129271,-62.906331315129265,-59.6931738,False,-0.005776499861055054
2023-06-13,23.6117,-2.8079356420757504,14.33494166027859,99.71886338957401,60.0501213,36.53747982,23.512641479999996,2023-05-31,aylık,-62.85805694207575,-0.0,1964.76,agort03,21.403904285860015,ara_deger,6.9260312862699465,ara_deger,-0.3324119640705885,-0.0032198182183423123,42.05353498468632,1.9035695306701683e-05,1.201357060245692,1.2045768784640343,14.477872999590069,False,,,False,41.89720009893643,57.82166329063758,-2.1661135792848465,-62.01648857928485,101.79044583829204,-0.6418220627909039,-2.8079356420757504,-62.85805694207575,-60.0501213,False,-0.005045077186639886
2023-06-14,23.6387,-1.587119596255293,14.274187539923938,100.30854294467998,60.462746370000005,36.950104890000006,23.512641479999996,2023-05-31,aylık,-62.0498659662553,-0.0,1941.8,agort03,21.400269523906676,ara_deger,6.92405468592869,ara_deger,-0.18876984148723241,-0.003198195790913901,41.55504336152198,1.0811213710743006e-05,0.4783842275314213,0.4815824233223352,14.476214837977986,False,,,False,41.59033326532695,58.71820967935304,-1.8684264363099494,-62.09467643630995,102.38684056229826,0.28130684005465634,-1.587119596255293,-62.0498659662553,-60.462746370000005,False,-0.0028550499677159826
2023-06-15,23.5989,-0.7683222523083704,14.19532791782668,100.20180064967381,61.070788949999994,37.55814747,23.512641479999996,2023-05-31,aylık,-61.839111202308366,-0.0,1928.76,agort03,21.39663476195334,ara_deger,6.922078085587433,ara_deger,0.4361183926589064,-0.003248156200292807,41.26897326346512,2.4980204686109175e-05,1.5202052453837838,1.5234534015840766,14.474556676365907,False,,,False,41.311036764255846,58.89076388541797,-0.9060427392802206,-61.508167739280225,102.28009826729212,0.13772048697185024,-0.7683222523083704,-61.839111202308366,-61.070788949999994,False,-0.0013812082077671074
2023-06-16,23.6389,1.2374242456290268,14.145447757721383,102.80968481811264,61.17009197,37.65745049,23.512641479999996,2023-05-31,aylık,-59.93266772437097,-0.0,1958.89,agort03,21.393,irfcl_pdf,6.920101485246176,haftalik_bilanco,-0.25356518197849004,0.4396275183746525,41.90653377,0.001983721321006271,0.11242212211287933,-0.3272053962617732,14.472898514753824,False,,,False,41.95637446189943,60.853310356213214,0.47312256492476384,-60.50487743507524,104.88798243573095,0.7643016807042629,1.2374242456290268,-59.93266772437097,-61.17009197,True,0.0022259684928655626
2023-06-19,23.6388,1.017742567304601,14.121410139262569,103.46225291794188,61.11559097,37.60294949,23.512641479999996,2023-05-31,aylık,-60.0978484026954,-0.0,1941.37,agort03,21.483966268077342,ara_deger,6.784615547729194,ara_deger,0.10848120831617093,0.14709957855064967,41.708327593857305,0.00027853621288102814,1.7485709152624194,1.6014713367117697,14.699350720348148,False,,,False,41.581123334693466,61.881129583248416,1.3789692793204393,-59.41924500639385,105.54055053556019,-0.36122671201583834,1.017742567304601,-60.0978484026954,-61.11559097,False,0.0018307968856223161
2023-06-20,23.6371,3.0725907577494698,14.08879092612884,103.6885155701247,61.34600625,37.83336477,23.512641479999996,2023-05-31,aylık,-58.273415492250535,0.19209196999999634,1948.75,agort03,21.51428835743646,ara_deger,6.7394535685568675,ara_deger,-0.28943901351414997,0.1456208456481153,41.925969436554304,0.0007393664512654885,2.9784343869408194,2.8328135412927042,14.774834788879591,False,,,False,41.73919144649597,61.94932412362872,2.615422323381464,-58.12286339090425,105.766813187743,0.4571684343680058,3.0725907577494698,-58.273415492250535,-61.34600625,False,0.005527619280654937
2023-06-21,23.577,5.502134071340713,13.99418106629342,105.553729190006,61.18116405,37.86061454,23.32054951,2023-06-16,haftalık,-55.67902997865929,-0.0,1929.16,agort03,21.544610446795573,ara_deger,6.69429158938454,ara_deger,-0.13216783783095953,0.14494903743818546,41.563000689540154,0.0003359041049649236,2.7627845987249864,2.617835561286801,14.850318857411033,False,,,False,41.37930956817382,64.17441962183219,4.941454553166221,-55.73690258969093,107.64171162573693,0.5606795181744921,5.502134071340713,-55.67902997865929,-61.18116405,False,0.0098770707395114
2023-06-22,23.5493,8.87365802805179,13.891571002110467,108.23677375659751,62.024681310000005,38.704131800000006,23.32054951,2023-06-16,haftalık,-53.15102328194821,-0.0,1920.26,agort03,21.574932536154687,ara_deger,6.649129610212213,ara_deger,-0.12000345552457695,0.14434214552719268,41.429479951876395,0.00030344595549638975,2.0387511452038876,1.8944089996766948,14.925802925942474,False,,,False,41.188409977078855,67.04836377951867,8.333756672172846,-52.28467189925573,110.32475619232845,0.5399013558789427,8.87365802805179,-53.15102328194821,-62.024681310000005,False,0.015948113124081866
2023-06-23,23.6239,9.714710695524449,13.849852479903827,107.57002301637478,60.988704809999994,37.668155299999995,23.32054951,2023-06-16,haftalık,-51.27399411447554,-0.0,1912.22,agort03,21.6052546255138,ima,6.603967631039885,haftalik_bilanco,0.13936195617866212,-0.04174536172194861,41.314,0.00010091397140710168,1.3533886848734462,1.3951340465953948,15.001286994473915,False,,,False,41.01595686332566,66.55406615304912,9.189944082052499,-51.3685559179475,109.65800545210571,0.5247666134719502,9.714710695524449,-51.27399411447554,-60.988704809999994,False,0.01748660239703208
2023-06-26,25.2505,10.040712579948911,13.882559553276174,108.40356577123525,59.789248979999996,36.46869947,23.32054951,2023-06-16,haftalık,-49.74853640005109,-0.0,1921.51,agort03,21.5751455002936,ara_deger,6.595583795681279,ara_deger,,,41.45685783026916,,,,14.979561704612323,False,,,False,41.21522171740118,67.18834405383407,11.454587196293142,-48.92412708942115,110.4915482069662,-1.4138746163442306,10.040712579948911,-49.74853640005109,-59.789248979999996,False,0.01806026337712072
2023-06-27,25.8231,10.546793955799265,13.87393512010564,108.84522701627132,60.18924898,36.86869947,23.32054951,2023-06-16,haftalık,-49.642455024200736,-0.0,1921.51,ffill,21.5651091252202,ara_deger,6.592789183895077,ara_deger,-0.11094489076522039,0.5369723619382822,41.43757283520186,0.0010663173934005454,1.7106330038990911,1.1736606419608089,14.972319941325123,True,,,False,41.21522171740118,67.63000529887015,12.796260363782814,-47.5225253505029,110.93320945200227,-2.249466407983549,10.546793955799265,-49.642455024200736,-60.18924898,False,0.018957615075016393
2023-07-03,25.8231,11.45729587075138,13.882806130944774,109.68409774232099,59.60589758,36.28534807,23.32054951,2023-06-16,haftalık,-48.14860170924862,-0.0,1914.1,agort03,21.367242463985377,ara_deger,6.107117558179679,ara_deger,0.25606489591942266,0.1992219258347313,40.89903880031441,0.0008656529446436356,-0.642947806739276,-0.8421697325740073,15.260124905805698,False,,,False,41.35461787869596,68.32947986362502,9.526813628108165,-50.639863791246675,111.7821031944267,1.9304822426432153,11.45729587075138,-48.14860170924862,-59.60589758,False,0.020594220938472078
2023-07-04,26.0312,11.067268201235441,13.904926972248687,111.225195360765,59.58063198,36.26008247,23.32054951,2023-06-16,haftalık,-48.51336377876456,0.05024897999999922,1930.88,agort03,21.311323285313833,ara_deger,5.948021628060748,ara_deger,-0.0537715558003858,0.19886080720466887,41.14960790514677,0.0001805593150329271,0.5512040779982795,0.35234327079361066,15.363301657253086,False,,,False,41.71715405131209,69.5080413094529,11.395131611297213,-48.780771614509234,113.32320081287071,-0.3278634100617719,11.067268201235441,-48.51336377876456,-59.58063198,False,0.019903861041946337
2023-07-05,26.0035,11.406148787663199,13.90244901647855,109.84462291671733,59.424558,36.15425747,23.27030053,2023-06-30,aylık,-48.0184092123368,-0.0,1927.38,agort03,21.255404106642292,ara_deger,5.788925697941818,ara_deger,-0.02366371196531482,0.19870294677495437,40.967240767060225,7.893021485726182e-05,0.15057688644602743,-0.04812606032892694,15.466478408700475,False,,,False,41.5585701661714,68.28605275054593,9.77086219162805,-50.41426684063002,112.1918323687196,1.635286596035149,11.406148787663199,-48.0184092123368,-59.424558,False,0.02049142479213886
2023-07-06,26.0474,11.83247149427582,13.904197808610457,110.52006467132674,59.72221874,36.45191821,23.27030053,2023-06-30,aylık,-47.88974724572418,-0.0,1925.85,agort03,21.19948492797075,ara_deger,5.629829767822887,ara_deger,-0.10260402750537315,0.19802301198291608,40.82702804853247,0.0003399673960191446,1.2884858520411961,1.09046284005828,15.569655160147864,False,,,False,41.525579986573064,68.99448468475367,10.723663974139454,-49.47069086457022,112.86727412332901,1.1088075201363665,11.83247149427582,-47.88974724572418,-59.72221874,False,0.021312088426288216
2023-07-07,26.0452,14.632641638382504,13.899960338181314,110.20702629969091,61.34074453,38.070444,23.27030053,2023-06-30,aylık,-46.7081028916175,-0.0,1919.26,agort03,21.14356574929921,ima,5.470733837703957,haftalik_bilanco,0.037614796587830034,0.20567074952429693,40.58,0.0001284331772681696,0.965703212420875,0.760032462896578,15.672831911595253,False,,,False,41.38348503000245,68.82354126968846,13.165654631179642,-47.03792601398165,112.55423575169321,1.466987007202862,14.632641638382504,-46.7081028916175,-61.34074453,False,0.026301865041146056
2023-07-10,26.0381,15.17096043874169,13.851080109531802,110.13581292674272,60.924625549999995,37.654325019999995,23.27030053,2023-06-30,aylık,-45.75366511125831,-0.0,1921.66,agort03,21.24741233326273,ara_deger,5.467552773944,ara_deger,0.10682964921658751,0.068798442233126,40.83030238433766,0.0001207628625146534,0.4955333848034406,0.42673494257031463,15.77985955931873,False,,,False,41.43523433133317,68.70057859540955,13.306308870462898,-46.924949194053234,112.48302237874499,1.8646515682787914,15.17096043874169,-45.75366511125831,-60.924625549999995,False,0.027276904143262653
2023-07-11,26.0564,15.84716979321779,13.789664189987871,111.16034301111617,61.05988779,37.78958726,23.27030053,2023-06-30,aylık,-45.21271799678221,-0.0,1928.43,agort03,21.28202786125057,ara_deger,5.466492419357348,ara_deger,0.007275146303271457,0.06881485313911027,41.040900988471435,8.205452992134099e-06,0.4168155590188631,0.3480007058797528,15.815535441893221,False,,,False,41.58121048550359,69.57913252561258,14.094601940406196,-46.14588193056154,113.50755246311847,1.7525678528115929,15.84716979321779,-45.21271799678221,-61.05988779,False,0.028472731926688925
2023-07-12,26.0721,16.286158613997337,13.693884305445286,112.05618030608505,61.17056579,37.90026526,23.27030053,2023-06-30,aylık,-44.88440717600266,-0.0,1928.89,agort03,21.316643389238408,ara_deger,5.465432064770695,ara_deger,0.35823737593296884,0.06962112808530072,41.117460267068076,0.0004031374730917858,0.3321127809245719,0.26249165283927123,15.851211324467712,False,,,False,40.78361253816575,71.2725677679193,14.69309388196578,-45.556615795453574,114.19541605777825,1.5930647320315572,16.286158613997337,-44.88440717600266,-61.17056579,False,0.0293061190798264
2023-07-13,26.1099,16.8754400438148,13.233543598405204,113.00435085721759,61.52983777,38.25953724,23.27030053,2023-06-30,aylık,-44.6543977261852,-0.0,1951.49,agort03,21.35125891722625,ara_deger,5.464371710184043,ara_deger,-0.040352693505886626,0.06953051134355456,41.66676826437785,4.530837086960671e-05,0.5792842820942627,0.5097537707507082,15.886887207042207,False,,,False,41.26145712409991,71.74289373311768,15.821457991030222,-44.43747749284075,115.1435866089108,1.0539820527845762,16.8754400438148,-44.6543977261852,-61.52983777,False,0.03032261782012507
2023-07-14,26.1195,14.703838817741536,10.621145963743563,113.11831538825973,61.43170259,38.16140206,23.27030053,2023-06-30,aylık,-46.727863772258466,-0.0,1948.95,agort03,21.38587444521409,ima,5.463311355597391,haftalik_bilanco,0.04792691489974612,-0.21959152162915432,41.68,0.00016930943259691605,0.10233150004982991,0.32192302167898423,15.922563089616698,False,,,False,41.2077524670967,71.91056292116303,13.246767089722239,-47.02139420060034,115.25755113995291,1.4570717280192973,14.703838817741536,-46.727863772258466,-61.43170259,False,0.026410885079544037
2023-07-17,26.1446,15.10516332244517,10.431227863497623,112.55271000383567,61.87268678,38.60238625,23.27030053,2023-06-30,aylık,-46.76752345755483,-0.0,1951.96,agort03,21.34583327975196,ara_deger,5.53576815199368,ara_deger,0.08758776080778032,-0.07340492011261085,41.66621272874464,0.00010387311811592415,-0.5048197077459377,-0.4314147876333268,15.810065127758282,False,,,False,41.27139460000208,71.28131540383359,13.384896498703366,-46.910942210974056,114.69194575552886,1.7202668237418042,15.10516332244517,-46.76752345755483,-61.87268678,False,0.02716330717315711
2023-07-18,26.2388,14.679830861167432,10.35934958915804,112.17942988850376,61.93646454,38.66616401,23.27030053,2023-06-30,aylık,-47.25663367883257,-0.0,1957.5,agort03,21.332486224597922,ara_deger,5.559920417459109,ara_deger,0.24605202659136405,-0.07398990951428158,41.75834178465043,0.000292494700831869,-0.5280677514803479,-0.4540778419660663,15.772565807138813,False,,,False,41.388529954253194,70.79089993425058,13.067769257740444,-47.237295258388585,114.31866564019695,1.6120616034269872,14.679830861167432,-47.25663367883257,-61.93646454,False,0.02641532976490259
2023-07-19,26.8232,15.838224372930895,10.365387425810491,112.63210665628318,63.37083594,40.10053541,23.27030053,2023-06-30,aylık,-47.532611567069104,-0.0,1973.1,agort03,21.31913916944388,ara_deger,5.584072682924539,ara_deger,0.05129631674605291,-0.07411215729949755,42.064793495229715,6.112389260973933e-05,-0.46819028344104713,-0.3940781261415496,15.73506648651934,False,,,False,42.19646886785191,70.43563778843128,14.841641303051091,-45.472649019529555,114.8296577962361,0.9965830698798044,15.838224372930895,-47.532611567069104,-63.37083594,False,0.028527146118946373
2023-07-20,26.8963,16.0155668251767,10.371576164751286,112.87652488537401,63.95888362,40.68858309,23.27030053,2023-06-30,aylık,-47.9433167948233,-0.0,1976.36,agort03,21.305792114289837,ara_deger,5.608224948389968,ara_deger,-0.15226640150922588,-0.07374841388949567,42.10791530299786,0.00018187170500444383,-0.035115498702107395,0.038632915187388275,15.69756716589987,False,,,False,42.26618681854331,70.6103380668307,15.01855121336392,-45.304964915668336,115.0740760253269,0.9970156118127775,16.0155668251767,-47.9433167948233,-63.95888362,False,0.02882763987934962
2023-07-21,26.8878,15.617553090992942,10.381613110778867,113.50862820532637,63.73821484,40.46791431,23.27030053,2023-06-30,aylık,-48.120661749007056,-0.0,1966.66,agort03,21.292445059135794,ima,5.632377213855398,haftalik_bilanco,-0.07031370462530911,-0.0880729529293952,41.875,0.00010076791477113545,-0.12363669665486715,-0.035563743725471955,15.660067845280395,False,,,False,42.05874383642474,71.44988436890164,13.68182045388615,-46.65092148159772,115.70617934527928,1.935732637106792,15.617553090992942,-48.120661749007056,-63.73821484,False,0.028062219971789048
2023-07-24,26.8944,14.252427531381997,10.384437652448094,112.52260019266652,62.56421514,39.29391461,23.27030053,2023-06-30,aylık,-48.311787608618005,-0.0,1962.17,agort03,21.270853464768997,ara_deger,5.655671104910047,ara_deger,-0.15537106448059726,-0.0292087807831483,41.73703054296578,7.443509665719383e-05,-0.2426242812348731,-0.2134155004517248,15.61518235985895,False,,,False,41.962721260165736,70.55987893250078,12.276902180379558,-48.08351717445915,114.72015133261944,1.9755253510024389,14.252427531381997,-48.311787608618005,-62.56421514,False,0.02560303652622737
2023-07-25,26.9212,13.799287847495654,10.407909714277224,111.98593834045658,62.48559874,39.21529821,23.27030053,2023-06-30,aylık,-48.686310892504345,-0.0,1952.22,agort03,21.263656266646734,ara_deger,5.663435735261597,ara_deger,0.2096669639418171,-0.029409867757839846,41.51133503687309,0.00010054348734406249,-0.20663919625656008,-0.17722932849872022,15.600220531385137,False,,,False,41.74993180943584,70.23600653102073,11.902594052271072,-48.46705110901925,114.1834894804095,1.8966937952245821,13.799287847495654,-48.686310892504345,-62.48559874,False,0.02481545811052993
2023-07-26,26.9263,17.55807615602589,14.441055065122203,116.49225241103329,62.20821393,38.9379134,23.27030053,2023-06-30,aylık,-44.65013777397411,-0.0,1965.66,agort03,21.256459068524467,ara_deger,5.671200365613147,ara_deger,0.04706748128279191,-0.02945505247982727,41.7829713326358,2.2592360995457583e-05,-0.07085790193536422,-0.04140284945553695,15.585258702911322,False,,,False,41.85370755494086,74.63854485609244,15.555838009678268,-44.82303295806366,118.64843175631259,2.002238146347622,17.55807615602589,-44.65013777397411,-62.20821393,False,0.03156897154259309
2023-07-27,26.9283,14.415519769164781,11.40201590891367,113.99023970085432,62.128487119999996,38.858186589999995,23.27030053,2023-06-30,aylık,-47.712967350835214,-0.0,1968.68,agort03,21.249261870402204,ara_deger,5.678964995964696,ara_deger,-0.2886733040520708,-0.029177660179929697,41.83299685902341,0.00013869614995226653,-0.7017180747921783,-0.6725404146122486,15.570296874437508,False,,,False,41.91801073901946,72.07222896183487,12.443506905374644,-47.94458986881891,116.14641904613362,1.9720128637901375,14.415519769164781,-47.712967350835214,-62.128487119999996,False,0.025916814032966272
2023-07-28,26.9308,12.694346918769586,11.365238277362721,113.69013260980557,61.43448328,38.16418275,23.27030053,2023-06-30,aylık,-48.74013636123041,-0.0,1950.14,agort03,21.242064672279938,ima,5.686729626316246,haftalik_bilanco,0.01897750875607259,-0.05055710909636378,41.425,1.5804278323209436e-05,-0.1534661917662394,-0.10290908266987563,15.555335045963691,False,,,False,41.52324880762308,72.1668838021825,10.893843591723975,-49.50347898892119,115.84631195508489,1.800503327045611,12.694346918769586,-48.74013636123041,-61.43448328,False,0.02286727133487724
2023-07-31,26.9394,11.588254192743715,11.418727514347017,112.98560373081003,60.40939,37.13908947,23.27030053,2023-06-30,aylık,-48.82113580725628,-0.0,1951.36,agort03,21.184,evds_aylik,5.65457360702518,ara_deger,0.02313884532553262,0.13251786657373205,41.337610240000004,5.05547331323096e-05,1.3952091013896206,1.2626912348158885,15.52942639297482,False,,,False,41.54922559059522,71.4363781402148,9.784239366875283,-50.640760633124714,115.1417830760893,1.8040148258684319,11.588254192743715,-48.82113580725628,-60.40939,True,0.02082527089355141
2023-08-01,26.9323,13.009731400585911,11.431889775474058,115.0895882274865,60.399357,37.12905647,23.27030053,2023-06-30,aylık,-47.38962559941409,-0.0,1952.85,agort03,21.241140029093998,ara_deger,5.643854933928159,ara_deger,-0.007642669696631403,0.1324846158096515,41.48076030581621,1.6625382036799044e-05,0.8957228564306929,0.7632382406210414,15.597285095165839,False,,,False,41.58095133373333,73.50863689375316,11.138490437133107,-49.67105794996366,117.24576757276577,1.871240963452804,13.009731400585911,-47.38962559941409,-60.399357,False,0.02338596234834939
2023-08-02,26.9329,13.925821764459082,11.419577802613162,115.20631341017472,60.43967915,37.16937862,23.27030053,2023-06-30,aylık,-46.51385738554092,-0.0,1952.36,agort03,21.29828005818799,ara_deger,5.6331362608311375,ara_deger,-0.30202397241303974,0.13117630003141215,41.581910054403906,0.0006541578891214317,-0.46120247133285314,-0.5923787713642653,15.665143797356855,False,,,False,41.47215738357246,73.73415602660225,11.906665268129315,-49.28743150606423,117.27962536525958,2.0191564963297672,13.925821764459082,-46.51385738554092,-60.43967915,False,0.025032146425917744
2023-08-03,26.9382,13.172710760184422,11.3081117520844,115.18237721494134,60.56126064,37.29096011,23.27030053,2023-06-30,aylık,-47.38854987981558,-0.0,1933.08,agort03,21.35542008728199,ara_deger,5.622417587734115,ara_deger,-0.02218353352436021,0.13108061926132628,41.28173546232306,4.78403850446632e-05,-0.054891970366420226,-0.1859725896277465,15.733002499547872,False,,,False,41.0626103766909,74.11976683825044,11.306972663355385,-50.27167249793493,117.25568917002622,1.8657380968290376,13.172710760184422,-47.38854987981558,-60.56126064,False,0.023722477023765443
2023-08-04,26.9498,17.43185938300099,11.344314688791753,115.59553894547841,64.86128183,41.5909813,23.27030053,2023-06-30,aylık,-47.429422446999006,-0.015609999999995239,1931.67,agort03,21.412560116375985,ima,5.611698914637094,haftalik_bilanco,0.04297834246873022,0.11630540642362475,41.362,8.177014600784654e-05,-0.45897230600553285,-0.5752777124291576,15.800861201738892,False,,,False,41.03265906550298,74.56287987997543,15.718917654305413,-46.24427589408168,117.66885090056326,1.7129417286955775,17.43185938300099,-47.429422446999006,-64.86128183,False,0.03131475611707568
2023-08-07,26.9545,16.88465195050919,11.337503199836762,114.80167014437902,64.73687985,41.45096932,23.285910529999995,2023-07-31,aylık,-47.8522278994908,-0.0,1934.39,agort03,21.472244340547004,ara_deger,5.611258031449397,ara_deger,0.31373030919395023,0.03916489368239453,41.535694729910716,0.00019821243725920423,-0.6644685583662915,-0.703633452048686,15.860986309097607,False,,,False,41.09043748141159,73.71123266296743,15.108904116195813,-48.00793459348161,116.8749820994639,1.7757478343133783,16.88465195050919,-47.8522278994908,-64.73687985,False,0.03038888441677764
2023-08-08,26.9651,17.141897675143056,11.252627173642969,115.46569427889906,65.42973984999999,42.143829319999995,23.285910529999995,2023-07-31,aylık,-48.287842174856934,-0.0,1954.17,agort03,21.492139081937346,ara_deger,5.6111110703868325,ara_deger,-0.42211772454701507,0.03863218523119287,41.9992934297495,0.00026635422559906363,0.09964596421955169,0.061013778988358816,15.881028011550512,False,,,False,41.510605520629284,73.95508875826978,15.400185684458801,-48.10120141231539,117.53900623398393,1.741711990684255,17.141897675143056,-48.287842174856934,-65.42973984999999,False,0.030839767488792538
2023-08-09,26.982,16.569098880735307,11.252404899562672,115.23489152030992,65.17963509,41.89372456,23.285910529999995,2023-07-31,aylık,-48.610536209264694,-0.0,1927.59,agort03,21.512033823327684,ara_deger,5.610964109324267,ara_deger,-0.12371032237494614,0.0384762607861161,41.46638127750821,7.796222254181917e-05,-0.21048230687899153,-0.24895856766510763,15.901069714003416,False,,,False,41.27463675472519,73.96025476558472,14.821469868801424,-49.064465615069544,117.31374242087318,1.747629011933883,16.569098880735307,-48.610536209264694,-65.17963509,False,0.02979061528799869
2023-08-10,26.9892,17.129459302239415,11.21931932032072,115.32806642192129,66.10727372,42.82136319,23.285910529999995,2023-07-31,aylık,-48.977814417760584,-0.0,1919.81,agort03,21.531928564718026,ara_deger,5.6108171482617015,ara_deger,-0.11702016891095253,0.03832895427308044,41.337211777831314,7.365325651442767e-05,0.11709229039180043,0.07876333611872,15.921111416456323,False,,,False,41.10804703701978,74.22001938490152,15.399998443821973,-48.870485427145766,117.40691732248455,1.7294608584174416,17.129459302239415,-48.977814417760584,-66.10727372,False,0.030789920854832977
2023-08-11,26.9978,17.37204879656861,11.148688893169071,116.31028506607105,66.42042151999999,43.13451099,23.285910529999995,2023-07-31,aylık,-49.048372723431385,-0.0,1912.46,agort03,21.551823306108364,ima,5.610670187199136,haftalik_bilanco,0.21329262873100358,-0.29357304322116484,41.217,0.0010198166302234635,-0.7384484719762352,-0.44487542875507036,15.941153118909227,False,,,False,40.95066472016442,75.35962034590662,15.75367448458763,-48.90135777347689,118.38913596663431,1.618374311980979,17.37204879656861,-49.048372723431385,-66.42042151999999,False,0.031216042486734687
2023-08-14,27.0059,15.945668687212793,11.138294817058494,116.13141926262328,65.52959132999999,42.2436808,23.285910529999995,2023-07-31,aylık,-49.58392264278719,-0.0,1925.84,agort03,21.40514927073791,ara_deger,5.616435110008574,ara_deger,-0.058891903819520704,-0.09766814863572248,41.222892671557894,9.476621900184057e-05,-0.2544290031560451,-0.15676085452032262,15.788714160729334,False,,,False,41.237164774521524,74.89425448810175,14.206199312002191,-51.602478107352646,118.21027016318655,1.7394693752106019,15.945668687212793,-49.58392264278719,-65.52959132999999,False,0.028703217385111376
2023-08-15,27.017,16.26551634156272,11.03615197838398,116.20369986377032,66.26490272999999,42.9789922,23.285910529999995,2023-07-31,aylık,-49.99938638843727,-0.0,1922.11,agort03,21.356257925614422,ara_deger,5.618356750945054,ara_deger,0.1666643734397509,-0.09820625815809754,41.04907692140273,0.00026905476118754823,-0.34889972788561063,-0.2506934697275131,15.737901174669368,False,,,False,41.15729592528744,75.04640393848288,14.488000592219713,-51.705225214231895,118.28255076433358,1.7775157493430065,16.26551634156272,-49.99938638843727,-66.26490272999999,False,0.029206967301664874
2023-08-16,27.022,16.463114869365704,11.067196950632818,116.41143667787756,66.61369164,43.327781110000004,23.285910529999995,2023-07-31,aylık,-50.150576770634295,-0.0,1932.7,agort03,21.307366580490935,ara_deger,5.620278391881533,ara_deger,-0.15467468953969069,-0.09770524211553602,41.18074739011483,0.0002505080212756028,-0.44397112319216925,-0.34626588107663325,15.687088188609401,False,,,False,41.65320890371563,74.75822777416192,14.721445155798978,-51.85632903774942,118.48257264451189,1.7416697135667256,16.463114869365704,-50.150576770634295,-66.61369164,False,0.029617028526714072
2023-08-17,27.0254,16.364036424992783,11.048023118991763,117.22384893645685,67.13243283999999,43.84652231,23.285910529999995,2023-07-31,aylık,-50.76839641500721,-0.0,1922.84,agort03,21.258475235367452,ara_deger,5.622200032818013,ara_deger,-0.00046908825607605656,-0.09770371772596105,40.87664652157395,7.621947908987604e-07,-0.14814879058090913,-0.05044507285494808,15.63627520254944,False,,,False,41.4407079259174,75.78314101053945,14.448492714261398,-52.513829866383766,119.29498490309116,1.9155437107313844,16.364036424992783,-50.76839641500721,-67.13243283999999,False,0.029435090137701483
2023-08-18,27.0681,17.594829042304408,10.890200605140368,117.10729617304301,68.66966585,45.38375532,23.285910529999995,2023-07-31,aylık,-51.07483680769559,-0.0,1922.81,agort03,21.209583890243966,ima,5.624121673754492,haftalik_bilanco,0.4872015488874608,-0.10379584782592413,40.782,0.0008302308011070014,-1.1826518033358815,-1.0788559555099573,15.585462216489475,False,,,False,41.44006137121822,75.66723480182479,15.723838060299762,-51.62303290744217,119.17843213967733,1.8709909820046455,17.594829042304408,-51.07483680769559,-68.66966585,False,0.03166393124820292
2023-08-21,27.0606,16.943941412976802,10.788466220261192,115.59379555742649,68.81596285999998,45.53005233,23.285910529999995,2023-07-31,aylık,-51.87202144702319,-0.0,1954.07,agort03,21.171275917142978,ara_deger,5.638931474236806,ara_deger,-0.5159844823933435,-0.034010425129162275,41.37015513141158,0.0002940954064062362,-0.32991128217739973,-0.29590085704823743,15.532344442906172,False,,,False,42.113771367767164,73.48002418965933,15.12900741299158,-53.37150871604068,117.6649315240608,1.8149339999852216,16.943941412976802,-51.87202144702319,-68.81596285999998,False,0.030501019607711583
2023-08-22,27.1275,17.460488766012347,10.798904137867476,116.32313586084703,70.16796805999999,46.88205753,23.285910529999995,2023-07-31,aylık,-52.707479293987646,-0.0,1920.85,agort03,21.158506592775982,ara_deger,5.643868074397577,ara_deger,0.17376395140583883,-0.03420873148387327,40.64231738873374,9.915317735550988e-05,-1.4457613960753977,-1.4115526645915244,15.514638518378405,False,,,False,41.39781979753825,74.92531606330878,15.76521216477744,-53.1198523513516,118.39427182748133,1.695276601234907,17.460488766012347,-52.707479293987646,-70.16796805999999,False,0.031353490054987374
2023-08-23,27.1676,17.677957199016475,10.795008355541158,116.08293718996534,71.66132972,48.37541919,23.285910529999995,2023-07-31,aylık,-53.98337252098352,-0.0,1932.05,agort03,21.145737268408986,ara_deger,5.648804674558349,ara_deger,0.3894379160834682,-0.03465368136725607,40.85462168942958,0.00022247494169141957,-1.3878859401765458,-1.3532322588092898,15.496932593850637,False,,,False,40.97797655514585,75.10496063481949,15.910056169849378,-53.35955673337643,118.18736932964265,1.7679010291670973,17.677957199016475,-53.98337252098352,-71.66132972,False,0.03176206003827974
2023-08-24,27.1737,17.54244622557841,10.821759716196176,116.96843585400775,72.49751540999999,49.211604879999996,23.285910529999995,2023-07-31,aylık,-54.95506918442158,-0.0,1957.18,agort03,21.13296794404199,ara_deger,5.65374127471912,ara_deger,0.00510814480087542,-0.03465952432235023,41.3610222007201,2.921477547080352e-06,-0.9336795166078853,-0.8990199922855351,15.47922666932287,False,,,False,41.51097339830769,75.45746245570007,15.722670155334017,-53.93149113498856,119.07286799368508,1.8197760702443926,17.54244622557841,-54.95506918442158,-72.49751540999999,False,0.03151152426405996
2023-08-25,27.0937,16.087121913950476,10.323835836375245,117.16858996509241,72.46868635,49.18277582,23.285910529999995,2023-07-31,aylık,-56.38156443604952,-0.0,1957.51,agort03,21.120198619674994,ima,5.658677874879891,haftalik_bilanco,-0.3727772651570083,0.5090550605528775,41.343,0.0031740243896581366,-0.37973060281207455,-0.888785663364952,15.461520744795102,False,,,False,41.51797256099146,75.65061740410096,14.336701151928308,-55.70200852549105,119.27302210476975,1.7504207620221681,16.087121913950476,-56.38156443604952,-72.46868635,False,0.028923332390192895
2023-08-28,26.406,14.857364992804667,10.321656593198515,116.71641596302659,71.99361654,48.70770601,23.285910529999995,2023-07-31,aylık,-57.136251547195336,-0.0,1933.4,agort03,21.3060993098375,ara_deger,5.5812833025241,ara_deger,-0.1666830496775242,0.16875471025672098,41.19321240563983,0.00046515496378229937,-0.3430370909715501,-0.5117918012282711,15.7248160073134,False,,,False,41.00660949339768,75.70980646962892,12.223870938423087,-58.968483900286586,118.82084810270393,2.633494054381581,14.857364992804667,-57.136251547195336,-71.99361654,False,0.026734001181598754
2023-08-29,26.5271,14.322514749067935,10.337502290110868,116.07324838325958,71.95264073999999,48.666730210000004,23.285910529999995,2023-07-31,aylık,-57.63012599093206,-0.0,1922.8,agort03,21.368066206558332,ara_deger,5.555485111738836,ara_deger,0.17978904704809956,0.3395051986033375,41.086517701970365,0.0009978890449443278,0.12870146701195623,-0.21080373159138127,15.812581094819496,False,,,False,40.78178790416109,75.29146047909849,11.848290239038569,-59.72861298676789,118.17768052293692,2.474224510029366,14.322514749067935,-57.63012599093206,-71.95264073999999,False,0.02576176034549251
2023-08-31,26.5763,15.1425839940097,10.335225670992575,117.50577518454443,72.46649608999999,49.18058556,23.285910529999995,2023-07-31,aylık,-57.323912095990295,-0.0,1934.17,agort03,21.492,evds_aylik,5.503888730168309,ara_deger,0.15796253934593524,0.12563037279609865,41.569181640000004,0.00031923769533329094,0.34315257476329925,0.2175222019672006,15.988111269831691,False,,,False,40.8500545642168,76.65572062032763,12.97023347870095,-59.375766521299056,119.48079728931417,2.17235051530875,15.1425839940097,-57.323912095990295,-72.46649608999999,True,0.02724325137705542
2023-09-01,26.6658,17.902013740446563,10.332179083320208,120.66425052159062,74.72785730999999,51.441946779999995,23.285910529999995,2023-07-31,aylık,-56.82584356955343,-0.0,1944.05,agort03,21.530824824464393,ima,5.478090539383045,haftalik_bilanco,-0.22040404173416725,-0.09044775620787762,41.857,0.000321668866492153,0.8529087061350384,0.943356462342916,16.05273428508135,False,,,False,41.05872212657918,79.60552839501145,16.15424251288167,-56.34552415378501,122.63927262636035,1.7477712275648933,17.902013740446563,-56.82584356955343,-74.72785730999999,False,0.032166769966885445
2023-09-04,26.6783,18.620287162225477,10.311052840698245,120.6671843326719,74.83475231,51.548841780000004,23.285910529999995,2023-07-31,aylık,-56.21446514777452,0.12049608999998895,1930.32,agort03,21.47616978382787,ara_deger,5.4702918522049515,ara_deger,0.016646113048887256,-0.030165495605158132,41.45588005711861,8.121767932797036e-06,-0.5115844792310753,-0.4814189836259172,16.00587793162292,False,,,False,40.76874179953104,79.89844253314085,16.36046955765547,-56.6005971090112,122.64220643744167,2.2598176045700065,18.620287162225477,-56.21446514777452,-74.83475231,False,0.033511277706801894
2023-09-05,26.735,17.990508472040396,10.373548606695342,119.35113106523212,74.63741622,51.47200178,23.165414440000006,2023-08-31,aylık,-56.64690774795961,-0.0,1931.36,agort03,21.457951436949028,ara_deger,5.467692289812253,ara_deger,-0.23409739391408035,-0.02993683660028099,41.44302908726587,0.00011432950243858708,0.16841260697636795,0.19834944357664894,15.990259147136776,False,,,False,40.7907068060955,78.56042425913662,15.71615900504956,-57.398674328283775,121.32615317000187,2.274349466990836,17.990508472040396,-56.64690774795961,-74.63741622,False,0.03230930913542956
2023-09-06,26.7605,17.859926645615737,10.403710207208386,119.61615116990653,74.54235758000002,51.37694314,23.165414440000006,2023-08-31,aylık,-56.68243093438428,-0.0,1916.72,agort03,21.439733090070188,ara_deger,5.465092727419555,ara_deger,0.08833976120545756,-0.030023208478489365,41.09396520839933,4.3185939104184445e-05,0.12022150162113981,0.15024471009962917,15.974640362650632,False,,,False,41.26856255754739,78.34758861235915,15.58227914276639,-57.68632085723362,121.63242379626689,2.277647502849346,17.859926645615737,-56.68243093438428,-74.54235758000002,False,0.03211078733092919
2023-09-07,26.7701,18.072681275004577,10.429370603770625,120.00118502228499,74.52089055000002,51.355476110000005,23.165414440000006,2023-08-31,aylık,-56.44820927499544,-0.0,1922.25,agort03,21.421514743191345,ara_deger,5.462493165026857,ara_deger,0.17187866239683125,-0.03019142278740513,41.17750671509956,8.41071544578631e-05,0.008672351246565735,0.038863774033970865,15.959021578164489,False,,,False,41.387628018826675,78.61355700345831,15.808461156290042,-57.61390551037663,122.01745764864532,2.264220118714535,18.072681275004577,-56.44820927499544,-74.52089055000002,False,0.03248167249435186
2023-09-08,26.8048,18.092558534292365,10.49711159941503,120.66580834421207,74.2924758,51.12706136,23.165414440000006,2023-08-31,aylık,-56.19991726570764,-0.0,1933.02,agort03,21.403296396312506,ima,5.45989360263416,haftalik_bilanco,-0.09263117023127032,0.13968568619556382,41.373,0.00021055666917361993,0.4207541533379584,0.2810684671423946,15.943402793678345,False,,,False,41.619515002186155,79.0462933420259,16.277847661612846,-57.298285671720485,122.68208097057243,1.8147108726795196,18.092558534292365,-56.19991726570764,-74.2924758,False,0.03254263296253979
2023-09-11,26.8087,18.3014305803713,10.395280002387283,120.0346858311553,74.27505646,51.10964202,23.165414440000006,2023-08-31,aylık,-55.9736258796287,-0.0,1927.21,agort03,21.499396360561903,ara_deger,5.483512785756663,ara_deger,-0.0323520848211063,0.04651309167256706,41.433851660038506,2.440186297938962e-05,-0.11005663447224534,-0.1565697261448124,16.01588357480524,False,,,False,41.49442090995602,78.54026492119928,16.577266708195474,-57.460166625137866,122.05095845751566,1.7241638721758257,18.3014305803713,-55.9736258796287,-74.27505646,False,0.032913545706219974
2023-09-12,26.8414,17.96924091142787,10.23864895273719,120.74167464911709,74.24190656000002,51.076492120000005,23.165414440000006,2023-08-31,aylık,-56.27266564857214,-0.0,1925.19,agort03,21.53142968197837,ara_deger,5.491385846797496,ara_deger,0.02438086662947464,0.04654981526833118,41.45209310944794,1.83617978854779e-05,-0.4411941664498577,-0.4877439817181889,16.040043835180875,False,,,False,41.450928643810606,79.29074600530649,16.404838458500674,-57.78636154149933,122.75794727547743,1.5644024529271974,17.96924091142787,-56.27266564857214,-74.24190656000002,False,0.03227683224513754
2023-09-13,26.8582,18.751510302254058,10.220573493383771,120.42190896918527,75.45906471,52.29365027,23.165414440000006,2023-08-31,aylık,-56.707554407745945,-0.0,1926.71,agort03,21.563463003394837,ara_deger,5.499258907838331,ara_deger,-0.1675496487166554,0.04629782375261335,41.54653980327087,0.00012599575785887662,0.029097014580504676,-0.017200809172108672,16.064204095556505,False,,,False,41.23794519973927,79.183963769446,17.11997252235816,-57.2249941443085,122.4609899397577,1.631537779895897,18.751510302254058,-56.707554407745945,-75.45906471,False,0.0337305010157004
2023-09-14,26.9024,18.92306165992625,10.141485555192101,120.2579909263587,75.84815664000001,52.6827422,23.165414440000006,2023-08-31,aylık,-56.925094980073766,-0.0,1916.28,agort03,21.5954963248113,ara_deger,5.507131968879165,ara_deger,0.007883298534406892,0.04630966228019741,41.3830176973094,5.9192637920299496e-06,0.3678316897642772,0.3215220274840798,16.088364355932136,False,,,False,41.01470881832573,79.24328210803297,17.357306634352327,-57.14142669898101,122.29707189693112,1.5657550255739245,18.92306165992625,-56.925094980073766,-75.84815664000001,False,0.03405335222595185
2023-09-15,26.9069,19.281453270350728,10.1516384273179,121.47919434170808,75.82068039,52.65526595,23.165414440000006,2023-08-31,aylık,-56.53922711964928,-0.0,1916.77,agort03,21.627529646227767,ima,5.515005029919999,haftalik_bilanco,0.09844752540564251,-0.050066517673946716,41.455,7.954381526352472e-05,0.42693602477356607,0.4770025424475128,16.112524616307766,False,,,False,41.02519643355992,80.45399790814815,17.58834644645054,-57.06415355354946,123.5182753122805,1.6931068239001874,19.281453270350728,-56.53922711964928,-75.82068039,False,0.03469250998360291
2023-09-18,26.93,20.23565191236539,10.18036995915336,121.62982719875544,76.22076395,53.05534951,23.165414440000006,2023-08-31,aylık,-55.985112037634615,-0.0,1922.88,agort03,21.637599700122998,ara_deger,5.551112339220638,ara_deger,0.12901362863443663,-0.016758445487432688,41.606507711372515,3.480313139189728e-05,0.4329733564369488,0.44973180192438145,16.08648736090236,False,,,False,41.15597057454139,80.47385662421405,18.474895506869665,-56.63890449313033,123.66890816932788,1.7607564054957265,20.23565191236539,-55.985112037634615,-76.22076395,False,0.03637819440479204
2023-09-19,26.9814,22.615366882370818,10.200348944087409,122.55119618331878,78.01851295,54.85309851,23.165414440000006,2023-08-31,aylık,-55.40314606762918,-0.0,1930.9,agort03,21.640956384754745,ara_deger,5.5631481089875185,ara_deger,0.03022627955844048,-0.016774762167486742,41.786522683322936,8.158340027025063e-06,0.567804452765986,0.5845792149334728,16.077808275767225,False,,,False,41.32762501163982,81.22357117167897,20.916351375391937,-54.35121529127473,124.5902771538912,1.6990155069788813,22.615366882370818,-55.40314606762918,-78.01851295,False,0.04066247985509783
2023-09-20,26.9938,24.18391830716683,10.105741466558987,123.34373300814865,79.08364112000001,55.91822668,23.165414440000006,2023-08-31,aylık,-54.899722812833176,-0.0,1932.78,agort03,21.644313069386488,ara_deger,5.575183878754398,ara_deger,-0.10091413131716907,-0.016720257512838094,41.833695414248815,2.725232732431193e-05,1.242828066291925,1.2595483238047631,16.06912919063209,False,,,False,41.80125674963611,81.54247625851254,22.556971267476236,-52.8643620658571,125.34800832042914,1.6269470396905952,24.18391830716683,-54.899722812833176,-79.08364112000001,False,0.04346280025915802
2023-09-21,26.991,26.933632025489977,9.827277499907376,125.67648853492783,80.96990487000001,57.80449043,23.165414440000006,2023-08-31,aylık,-54.03627284451003,-0.0,1926.5,agort03,21.64766975401823,ara_deger,5.587219648521278,ara_deger,-0.014615009596003543,-0.016712359545365117,41.70423578111612,3.948983736486514e-06,0.4794583070924329,0.496170666637798,16.060450105496955,False,,,False,41.665435863457795,84.01105267147003,25.502224963876845,-50.072875036123165,127.68076384720833,1.4314070616131325,26.933632025489977,-54.03627284451003,-80.96990487000001,False,0.04840953699162975
2023-09-22,27.002,25.704302681282872,9.841149248203836,125.59390178571225,79.26186048000001,56.096446040000004,23.165414440000006,2023-08-31,aylık,-53.55755779871714,-0.0,1925.59,agort03,21.651026438649975,ima,5.599255418288157,haftalik_bilanco,-0.10048408658746484,0.09776129546697086,41.691,0.00015942691189718694,-0.3235308353874064,-0.4212921308543773,16.05177102036182,False,,,False,41.645754811479726,83.94814697423251,24.034466928375675,-51.694399738291,127.59817709799275,1.669835752907197,25.704302681282872,-53.55755779871714,-79.26186048000001,False,0.04627604980937764
2023-09-25,27.1039,24.31784927630341,9.872497205199252,124.5231840201403,78.26807404,55.102659599999996,23.165414440000006,2023-08-31,aylık,-53.950224763696596,-0.0,1919.33,agort03,21.699905564551617,ara_deger,5.597199428567696,ara_deger,0.05571536323050495,0.032645843655669894,41.64927974721085,2.9372583342075764e-05,-0.3354476842669496,-0.3680935279226195,16.102706135983922,False,,,False,41.51036647589434,83.01281754424596,22.552155704529607,-53.63801096213706,126.52745933242079,1.7656935717738023,24.31784927630341,-53.950224763696596,-78.26807404,False,0.04379448269096389
2023-09-26,27.1751,22.627764387251563,9.857582787183855,123.5937226343692,76.87263589,53.70722145,23.165414440000006,2023-08-31,aylık,-54.24487150274844,-0.0,1922.79,agort03,21.71619860651883,ara_deger,5.596514098660875,ara_deger,-0.4676320475729591,0.032153301087610955,41.755689518628344,0.0002462712840328174,0.14983648236682984,0.11768318127921888,16.119684507857954,False,,,False,41.58519772847029,82.00852490589891,20.936273242784754,-55.40766009054859,125.59799794664968,1.6914911444668093,22.627764387251563,-54.24487150274844,-76.87263589,False,0.040644199182212355
2023-09-27,27.2108,21.269772443294574,9.882155798432976,122.78846697715387,75.80786650000002,52.642452060000004,23.165414440000006,2023-08-31,aylık,-54.53809405670545,-0.0,1893.78,agort03,21.732491648486043,ara_deger,5.595828768754054,ara_deger,-0.2702891032355108,0.03186891335872086,41.1565580340699,0.00014219386444508375,-0.5018659629875799,-0.5337348763463008,16.13666287973199,False,,,False,41.002280848986544,81.78618612816733,19.569902906199008,-56.927797093801004,124.88464407514664,1.6998695370955659,21.269772443294574,-54.53809405670545,-75.80786650000002,False,0.03823281351005286
2023-09-28,27.264,20.54468610622066,9.85554452758216,122.69387777289926,75.88154650000001,52.71613206000001,23.165414440000006,2023-08-31,aylık,-55.336860393779354,-0.0,1877.03,agort03,21.74878469045326,ara_deger,5.595143438847234,ara_deger,-0.1675132597791527,0.03169284764238048,40.823121327521484,8.80328581668588e-05,0.5235295087948801,0.4918366611524997,16.153641251606025,False,,,False,40.63962615613916,82.0542516167601,18.914212331279344,-57.73725433538732,124.79005487089204,1.630473774941315,20.54468610622066,-55.336860393779354,-75.88154650000001,False,0.03693261064527556
2023-09-29,27.3752,22.353999897717642,10.105097570063416,122.16804884373555,77.08529100000001,53.91987656,23.165414440000006,2023-08-31,aylık,-54.73129110228237,-0.0,1866.66,agort03,21.765077732420473,ima,5.5944581089404135,haftalik_bilanco,-0.25209995993005646,-0.10060758569397116,40.628,0.00042366638240831644,0.34948602939697243,0.4500936150909436,16.170619623480057,False,,,False,40.41510501197037,81.75294383176518,20.63644364242088,-56.168789690912455,124.26422594172828,1.7175562552967634,22.353999897717642,-54.73129110228237,-77.08529100000001,False,0.04018495122819021
2023-10-02,27.3767,22.4697344822422,10.015716065121069,121.65165215096714,77.19302102,54.02760658,23.165414440000006,2023-08-31,aylık,-54.7232865377578,-0.0,1851.07,agort03,21.720343941956326,ara_deger,5.604075361761487,ara_deger,-0.2931549254737413,0.005436725382899559,40.20587706063709,2.6977771243941184e-05,0.9946311950452473,0.9891944696623478,16.116268580194838,False,,,False,40.0775655097918,81.57408664117534,20.708117340658298,-56.34195958241863,123.74782924895989,1.7616171415839013,22.4697344822422,-54.7232865377578,-77.19302102,False,0.040390793771404775
2023-10-03,27.4044,23.420983637664023,10.002668950971378,122.12090961071097,77.45584102000001,54.29042658,23.165414440000006,2023-08-31,aylık,-54.034857382335986,-0.0,1832.88,agort03,21.72651591293449,ara_deger,5.607281112701845,ara_deger,0.35800820491316404,0.0055026051299327085,39.822096486499376,3.293987351982164e-05,-0.7873540456185997,-0.7928566507485324,16.119234800232647,False,,,False,39.68373333887276,82.43717627183821,21.572518610150198,-55.52309677446519,124.21708670870372,1.848465027513825,23.420983637664023,-54.034857382335986,-77.45584102000001,False,0.04205824691523612
2023-10-04,27.4518,23.262762623944514,10.066192817957294,121.9057471237902,77.66344198000002,54.49802754,23.165414440000006,2023-08-31,aylık,-54.400679356055505,0.12629100000000193,1855.09,agort03,21.732687883912657,ara_deger,5.610486863642203,ara_deger,-0.3856430484048667,0.0054316531466284,40.316091966567534,3.5475991652156313e-05,0.5945658669310179,0.5891342137843895,16.122201020270452,False,,,False,40.376178050635886,81.52956907315432,21.391926467481184,-55.74922737867267,123.96797306551848,1.87083615646333,23.262762623944514,-54.400679356055505,-77.66344198000002,False,0.041870993367049844
2023-10-05,27.5316,22.644520151389674,9.975334996876317,122.2856741803133,76.92713451,53.88801107,23.039123440000004,2023-09-30,aylık,-54.28261435861033,-0.0,1831.17,agort03,21.73885985489082,ara_deger,5.61369261458256,ara_deger,-0.06514567565084478,0.0054196696176821565,39.807548000480416,5.991764476367956e-06,0.3929310637903622,0.38751139417268005,16.125167240308258,False,,,False,39.8555573912764,82.4301167890369,20.9935073878743,-56.19318491981801,124.34790012204158,1.651012763515375,22.644520151389674,-54.28261435861033,-76.92713451,False,0.040722238318450746
2023-10-06,27.5264,22.49979012874913,9.938513536096256,122.89469610401687,76.49144056,53.45231712,23.039123440000004,2023-09-30,aylık,-53.991650431250875,-0.0,1827.13,agort03,21.745031825868985,ima,5.6168983655229185,haftalik_bilanco,0.2515988819813972,0.2148758741686491,39.731,0.000909537381230785,0.7723386831420638,0.5574628089734147,16.128133460346067,False,,,False,39.767626477237414,83.12706962677946,20.73697392321553,-56.49525684601524,124.95692204574517,1.7628162055335999,22.49979012874913,-53.991650431250875,-76.49144056,False,0.04038815093516931
2023-10-09,27.558,23.514894622251255,9.933400464474925,124.10194083379969,76.48772056,53.448597119999995,23.039123440000004,2023-09-30,aylık,-52.972825937748745,-0.0,1842.73,agort03,21.781018186210847,ara_deger,5.536277369296726,ara_deger,0.8307560453769861,0.07361305812785765,40.136535642276314,0.0009938833691484072,-1.6396448418379967,-1.7132578999658543,16.24474081691412,False,,,False,40.107161689863176,83.99477914393651,21.90114482183032,-55.46770133201583,126.16416677552799,1.6137498004209334,23.514894622251255,-52.972825937748745,-76.48772056,False,0.04224701796837524
2023-10-10,27.6559,22.581287175611717,9.923361814296408,122.71588433492155,76.37304055999999,53.333917119999995,23.039123440000004,2023-09-30,aylık,-53.79175338438827,-0.0,1893.87,agort03,21.793013639658138,ara_deger,5.509403703887994,ara_deger,-0.19638033582538705,0.07314429655444733,41.273134741739355,0.0002343807867017933,0.13657447364846975,0.06343017709402242,16.283609935770144,False,,,False,41.22022776509916,81.49565656982239,20.93439949522525,-56.47998512015937,124.77811027664983,1.6468876803864667,22.581287175611717,-53.79175338438827,-76.37304055999999,False,0.040670409447230396
2023-10-11,27.6791,22.735861534515212,9.9386542553768,123.49080209268418,76.57212834,53.5330049,23.039123440000004,2023-09-30,aylık,-53.8362668054848,-0.0,1881.81,agort03,21.805009093105426,ara_deger,5.482530038479263,ara_deger,0.3868427535946408,0.07406549467132824,41.03288416149672,0.0004605990584437558,-0.49899426825088455,-0.5730597629222128,16.322479054626164,False,,,False,40.92001834023852,82.57078375244566,21.160908989092853,-56.29901408783022,125.56572413842937,1.5749525454223594,22.735861534515212,-53.8362668054848,-76.57212834,False,0.04091454760619998
2023-10-12,27.6894,22.786697003185335,9.743299818703186,124.11870410722314,76.93046976,53.89134632,23.039123440000004,2023-09-30,aylık,-54.143772756814656,-0.0,1905.51,agort03,21.817004546552713,ara_deger,5.455656373070532,ara_deger,-0.23625786762508358,0.07350422459504737,41.572520333501664,0.0002806350381404643,0.6433740540857228,0.5698698294906754,16.36134817348218,False,,,False,41.43537559451161,82.68332851271153,21.433796362506953,-56.07166517595459,126.19362615296829,1.3529006406783814,22.786697003185335,-54.143772756814656,-76.93046976,False,0.04099080295677856
2023-10-13,27.7077,23.72286458276941,9.770280571826605,124.50658078559773,77.43254040000001,54.39341696,23.039123440000004,2023-09-30,aylık,-53.7096758172306,-0.0,1891.07,agort03,21.829,irfcl_pdf,5.428782707661801,haftalik_bilanco,0.34752060442464733,0.19060194269037392,41.280167029999994,0.001056042370182142,-0.49663140054332083,-0.6872333432336948,16.400217292338198,False,,,False,41.12137733494606,83.38520345065167,22.056019193220656,-55.494980806779346,126.58150283134292,1.6668453895487545,23.72286458276941,-53.7096758172306,-77.43254040000001,True,0.04264673252299428
2023-10-16,27.7439,23.972480148789465,9.86760574396534,124.15263846305136,77.73394159,54.694818149999996,23.039123440000004,2023-09-30,aylık,-53.761461441210535,-0.0,1912.26,agort03,21.946633888337942,ara_deger,5.44674294142852,ara_deger,0.1791888156834347,0.0638947995263437,41.96767011931311,0.0001804093147739494,-0.08297411721979064,-0.14686891674613434,16.499890946909424,False,,,False,41.582154559336225,82.57048390371514,22.084740861955243,-56.101425804711425,126.22756050879653,1.887739286834222,23.972480148789465,-53.761461441210535,-77.73394159,False,0.04312543426577374
2023-10-17,27.8364,23.711269919960912,9.883386716673131,124.39056052384,77.36073569000001,54.32161225,23.039123440000004,2023-09-30,aylık,-53.6494657700391,-0.11845959999999423,1923.12,agort03,21.985845184450593,ara_deger,5.452729686017426,ara_deger,1.6180960138316562,0.06714648638395823,42.28141859112062,0.001625843428813889,-2.056454878754475,-2.123601365138433,16.53311549843317,False,,,False,41.818305604965154,82.57225491887485,21.980879244442526,-56.41700964444636,126.46548256958515,1.730390675518386,23.711269919960912,-53.6494657700391,-77.36073569000001,False,0.04259891427715868
2023-10-18,27.8719,22.93440662459323,9.85654874622828,124.3665942233968,77.04906923,53.89148619,23.15758304,2023-10-13,haftalık,-54.11466260540677,-0.0,2020.99,agort03,22.02505648056324,ara_deger,5.458716430606332,ara_deger,-1.1523546138750014,0.06483538657998092,44.5124188966535,0.0011555499019959559,0.5627751412881601,0.4979397547081792,16.566340049956906,False,,,False,44.020897740432666,80.34569648296414,21.277100843501877,-57.33251026760923,126.45109705473972,1.6573057810913525,22.93440662459323,-54.11466260540677,-77.04906923,False,0.04123283035855368
2023-10-19,27.9659,22.605460864838964,9.822810959060854,124.68414763225739,77.34344073,54.18585769,23.15758304,2023-10-13,haftalık,-54.73797986516104,-0.0,1951.43,agort03,22.064267776675887,ara_deger,5.464703175195238,ara_deger,0.3188776359944439,0.06547363021473805,43.05687406743863,0.0003191218173854704,0.3298167810299523,0.26434315081521426,16.59956460148065,False,,,False,42.505752367707174,82.17839526455022,21.098759811055608,-57.72257352227772,126.76865046360031,1.506701053783356,22.605460864838964,-54.73797986516104,-77.34344073,False,0.04066615604444221
2023-10-20,27.9649,24.138799781154233,9.79001805835172,126.06755517708909,78.26087813000001,55.10329509,23.15758304,2023-10-13,haftalık,-54.122078348845776,-0.0,1970.64,agort03,22.103479072788534,ima,5.470689919784144,haftalik_bilanco,0.13821847786146557,0.122762132188828,43.558,0.0002577511605874605,-0.68813810306735,-0.810900235256178,16.63278915300439,False,,,False,42.92418167492478,83.14337350216431,22.552696487382395,-56.48035906817316,128.152058008432,1.5861032937718385,24.138799781154233,-54.122078348845776,-78.26087813000001,False,0.043426110338643194
2023-10-23,27.9714,24.22898943206275,9.850232344466132,125.08294724266123,78.84077312,55.68319008,23.15758304,2023-10-13,haftalık,-54.61178368793725,-0.0,1978.95,agort03,22.161373206096485,ara_deger,5.466550079424836,ara_deger,0.19365994826938962,0.04116057542778234,43.856249506204634,0.00011993234909002393,-0.4637662271277946,-0.5049268025555769,16.69482312667165,False,,,False,43.105188834892424,81.97775840776882,22.556357064716103,-57.111865157506124,127.16745007400417,1.6726323673466474,24.22898943206275,-54.61178368793725,-78.84077312,False,0.04357825219564512
2023-10-24,28.0103,24.061059360306743,9.679568551568531,124.97479578380937,79.11361312,55.95603008,23.15758304,2023-10-13,haftalık,-55.052553759693254,-0.0,1990.55,agort03,22.18067125053247,ara_deger,5.465170132638401,ara_deger,0.6264969818986699,0.04193558653880574,44.1517351577474,0.0003875055555082607,-0.8699043032401863,-0.911839889778992,16.715501117894068,False,,,False,43.357858276002474,81.6169375078069,22.554901875381553,-57.325042569062894,127.05929861515229,1.5061574849251897,24.061059360306743,-55.052553759693254,-79.11361312,False,0.04330181241074577
2023-10-25,28.0536,24.357056028459805,9.686856161063108,125.7234681058635,79.6457295,56.48814646,23.15758304,2023-10-13,haftalık,-55.28867347154019,-0.0,2028.03,agort03,22.199969294968454,ara_deger,5.463790185851965,ara_deger,-0.759989893344981,0.04099659895738857,45.02220372927487,0.0004694937907051555,0.9767632904694085,0.9357666915120199,16.736179109116488,False,,,False,44.82651866398733,80.89694944187617,22.858608164371063,-57.233058502295606,127.7515261142955,1.4984478640887424,24.357056028459805,-55.28867347154019,-79.6457295,False,0.04385348222116381
2023-10-26,28.0807,26.571435754806682,9.73955083028557,126.01239468683556,81.59064115999999,58.43305812,23.15758304,2023-10-13,haftalık,-55.019205405193304,-0.0,1982.62,agort03,22.219267339404436,ara_deger,5.462410239065529,ara_deger,0.04323269131887696,0.04104994817474947,44.05236381245002,2.667460867693261e-05,0.3735216538673627,0.3324717056926132,16.756857100338905,False,,,False,43.822799679292004,82.18959500754356,24.964666194218804,-55.33872269467008,128.04045269526756,1.6067695605878782,26.571435754806682,-55.019205405193304,-81.59064115999999,False,0.047794259390544144
2023-10-27,28.1026,26.960927743340473,9.736441503633115,126.59698785921015,81.56648813,58.40890509,23.15758304,2023-10-13,haftalık,-54.60556038665952,-0.0,1985.2,agort03,22.23856538384042,ima,5.461030292279093,haftalik_bilanco,-0.009059868949442504,-0.15174925932618163,44.148,2.06444932724318e-05,0.203471695349769,0.3552209546759506,16.777535091561326,False,,,False,43.8798266552998,82.71716120391034,25.145418217531475,-55.36969289357964,128.62504586764214,1.8155095258089986,26.960927743340473,-54.60556038665952,-81.56648813,False,0.04845711833159253
2023-10-30,28.1258,27.115484181783273,9.734917655675572,125.91396180967092,81.52815659000001,58.37057355,23.15758304,2023-10-13,haftalık,-54.412672408216736,-0.0,1984.66,agort03,22.184891345960107,ara_deger,5.48381734059298,ara_deger,0.34103593118959413,-0.05110353156875098,44.02946645867319,0.00026022256334756744,0.1586678663661289,0.20977139793487987,16.701074005367126,False,,,False,43.86789077660049,82.04607103307043,25.387230905432023,-55.763046872345754,127.94201981810295,1.72825327635125,27.115484181783273,-54.412672408216736,-81.52815659000001,False,0.04879083803937584
2023-10-31,28.2043,27.441379754150965,9.74168843048755,126.77417370800839,81.34757759,58.18999455,23.15758304,2023-10-13,haftalık,-53.906197835849035,-0.0,2005.08,agort03,22.167,evds_aylik,5.491413023364275,ara_deger,-0.4562440596807518,0.13405330346405622,44.44660836,0.0009272542075664525,0.4096418622205667,0.27558855875651045,16.675586976635728,False,,,False,44.31924381926684,82.45492988874156,25.885122516779358,-55.47687748322063,128.8022317164404,1.5562572373716073,27.441379754150965,-53.906197835849035,-81.34757759,True,0.04943395302408934
2023-11-01,28.2366,27.125939808617186,9.71907393241396,127.01770592967057,81.10135434,57.9437713,23.15758304,2023-10-13,haftalık,-53.97541453138281,-0.0,1977.72,agort03,22.24237742309048,ara_deger,5.49900870613557,ara_deger,0.12942624018206178,0.13457725631671646,43.989194677194504,0.0002619764263336044,-0.4467550880650361,-0.5813323443817526,16.74336871695491,False,,,False,43.981655530928876,83.0360503987417,25.57187961723437,-55.81182038276562,129.08375179731271,1.554060191382817,27.125939808617186,-53.97541453138281,-81.10135434,False,0.04871418872988596
2023-11-02,28.2806,26.21662022729362,9.76586638897336,127.01796858042474,80.46257115,57.30498811,23.15758304,2023-10-13,haftalık,-54.245950922706385,-0.0,1985.45,agort03,22.317754846180957,ara_deger,5.506604388906865,ara_deger,0.010927247797225866,0.134621314447931,44.31078635934998,2.202906560373058e-05,0.6908295770822629,0.5562082626343319,16.811150457274092,False,,,False,44.153559641345964,82.86440893907877,24.654726490951393,-56.75067350904861,129.08401444806688,1.5618937363422276,26.21662022729362,-54.245950922706385,-80.46257115,False,0.04710043483646214
2023-11-03,28.3063,26.492272003052324,9.740509709852576,128.38095730832924,80.06182278,56.904239739999994,23.15758304,2023-10-13,haftalık,-53.56955077694768,-0.014422409999994557,1986.1,agort03,22.393132269271437,ima,5.514200071678161,haftalik_bilanco,-0.014347092367952749,0.08833317342540103,44.475,1.8910262539121106e-05,-0.5301997048754781,-0.6185328783008791,16.878932197593276,False,,,False,44.168014708845455,84.2129425994838,24.740845677464026,-56.68625432253597,130.44700317597142,1.751426325588298,26.492272003052324,-53.56955077694768,-80.06182278,False,0.04764578687518463
2023-11-06,28.3479,25.57991597261173,9.643306276655414,127.98345730543241,79.79121698,56.61921153,23.172005449999993,2023-10-31,aylık,-54.21130100738827,-0.0,1985.25,agort03,22.407934485799764,ara_deger,5.484507552820315,ara_deger,-0.4191932851299006,0.029077012943302137,44.485351937933984,0.00018368909925259302,0.10758344123991626,0.07850642829661411,16.92342693297945,False,,,False,44.14911192826919,83.83434537716322,23.914711777591993,-57.57748822240801,130.04950317307456,1.6652041950197365,25.57991597261173,-54.21130100738827,-79.79121698,False,0.046027455410420894
2023-11-07,28.3884,24.86827447126291,9.557205619196573,128.234954787555,79.47728598,56.305280530000005,23.172005449999993,2023-10-31,aylık,-54.6090115087371,-0.0,1960.48,agort03,22.412868557975877,ara_deger,5.474610046534366,ara_deger,0.07181821608851216,0.029139898835974298,43.93998055054055,3.144294633956879e-05,-0.48444175143423895,-0.5135816502702133,16.93825851144151,False,,,False,43.598262663711466,84.63669212384355,23.28762543855941,-58.22627456144058,130.30100065519719,1.5806490327035014,24.86827447126291,-54.6090115087371,-79.47728598,False,0.04468323372356966
2023-11-08,28.4353,25.480757403649687,9.421684736929098,127.70344079332028,80.63791332999999,57.465907879999996,23.172005449999993,2023-10-31,aylık,-55.1571559263503,-0.0,1964.72,agort03,22.417802630151986,ara_deger,5.464712540248417,ara_deger,-0.3129540430596205,0.028866107897564705,44.044705183512214,0.00013689546920481188,-0.2698681414773023,-0.29873424937486703,16.95309008990357,False,,,False,43.99623483208298,83.70720596123729,23.996324849746618,-57.53927515025339,129.7324439692917,1.4844325539030692,25.480757403649687,-55.1571559263503,-80.63791332999999,False,0.045797650784295055
2023-11-09,28.4767,25.164250492507907,9.32718001032423,127.27119105299471,80.99873333,57.82672788,23.172005449999993,2023-10-31,aylık,-55.83448283749209,-0.0,1946.26,agort03,22.422736702328095,ara_deger,5.454815033962468,ara_deger,0.24128384612415968,0.02907701294329517,43.64047553427308,0.00010545252286522921,0.5603278004520776,0.5312507875087825,16.967921668365626,False,,,False,43.582857610392225,83.68833344260248,23.77113959833829,-57.786160401661704,129.30019422896612,1.3931108941696166,25.164250492507907,-55.83448283749209,-80.99873333,False,0.04525119357352704
2023-11-10,28.4759,27.086676558071915,9.338296489312015,128.63058774126034,82.10843126999998,58.93642582,23.172005449999993,2023-10-31,aylık,-55.02175471192807,-0.0,1960.48,agort03,22.427670774504204,ima,5.44491752767652,haftalik_bilanco,-0.2797059459752524,0.2373236746387471,43.969,0.0010053242836457477,-0.1573952259044032,-0.3947189005431503,16.982753246827684,False,,,False,43.90128795126127,84.72929978999908,25.447534125348103,-56.131465874651894,130.65959091723175,1.639142432723812,27.086676558071915,-55.02175471192807,-82.10843126999998,False,0.048709530112635346
2023-11-13,28.4857,26.886142696159826,9.287803459279568,128.00905890430045,82.39549161,59.22348616,23.172005449999993,2023-10-31,aylık,-55.50934891384017,-0.0,1944.01,agort03,22.575211881212205,ara_deger,5.470379182818559,ara_deger,0.022749427488862307,0.07916201343643867,43.88643764919534,2.7060945097114042e-05,0.20723736270675888,0.12807534927032022,17.104832698393647,False,,,False,43.532473062786366,84.47658584151408,25.25547737987832,-56.38862262012167,130.03806208027186,1.6306653162815046,26.886142696159826,-55.50934891384017,-82.39549161,False,0.04833230964407325
2023-11-14,28.542,29.875239086258844,11.795557459182957,130.58577007047245,82.64684721,59.474841760000004,23.172005449999993,2023-10-31,aylık,-52.77160812374116,-0.0,1945.34,agort03,22.62439225011487,ara_deger,5.478866401199238,ara_deger,0.51419432020898,0.08038240102060001,44.012135219838456,0.0006101937920771627,0.006657281221852607,-0.07372511979874741,17.145525848915632,False,,,False,43.562255928704495,87.02351414176795,28.29807077289608,-53.36772922710392,132.61477324644383,1.5771683133627654,29.875239086258844,-52.77160812374116,-82.64684721,False,0.05370425654289499
2023-11-15,28.5826,30.167697410312567,11.707015841805855,131.3199947817599,82.50699555,59.334990100000006,23.172005449999993,2023-10-31,aylık,-52.33929813968743,-0.0,1975.33,agort03,22.673572619017538,ara_deger,5.487353619579918,ara_deger,-0.16533142677458804,0.07999093291256451,44.78778820152391,0.00019573405401074329,0.4668932791276752,0.38690234621511066,17.18621899943762,False,,,False,44.30205091100139,87.01794387075851,28.612208511472016,-53.07529148852798,133.3675856989917,1.5554888988405509,30.167697410312567,-52.33929813968743,-82.50699555,False,0.05425825909077376
2023-11-16,28.6163,30.41625751756866,11.67638859670887,132.9836092029794,82.48462104999999,59.3126156,23.172005449999993,2023-10-31,aylık,-52.06836353243133,-0.0,1965.71,agort03,22.722752987920202,ara_deger,5.495840837960598,ara_deger,0.3615928860276522,0.08084508214203504,44.66634277588462,0.00042707461472829555,0.7575666475280218,0.6767215653859868,17.226912149959603,False,,,False,44.08629671815066,88.89731248482875,28.90145480023623,-52.807745199763765,135.03120012021122,1.5148027173324294,30.41625751756866,-52.06836353243133,-82.48462104999999,False,0.05474690814138949
2023-11-17,28.6529,30.82038024074352,11.708856276328051,134.47137592382094,81.73711655999999,58.56511111,23.172005449999993,2023-10-31,aylık,-50.91673631925647,-0.0,1986.7,agort03,22.77193335682287,ima,5.5043280563412775,haftalik_bilanco,-0.19236112304736663,0.15940175337760393,45.241,0.000449425867254466,-0.25148390724126857,-0.4108856606188725,17.26760530048159,False,,,False,44.5570535277075,89.91432239611345,28.98594889173522,-52.744951108264786,136.51896684105276,1.8344313490083017,30.82038024074352,-50.91673631925647,-81.73711655999999,False,0.05540356461260095
2023-11-20,28.6592,29.78863049212818,11.667108398001341,133.1934754419129,81.19095972,58.01895427,23.172005449999993,2023-10-31,aylık,-51.40232922787182,-0.0,1975.56,agort03,22.76633882092158,ara_deger,5.418046650196813,ara_deger,0.32961755124377057,0.05364493463741281,44.976268321059834,0.00025550842243676763,0.2990517908167004,0.2454068561792876,17.348292170724765,False,,,False,44.30720927527952,88.88626616663339,27.950954074084414,-53.84504592591559,135.24106635914472,1.8376764180437668,29.78863049212818,-51.40232922787182,-81.19095972,False,0.05364067989658937
2023-11-21,28.7051,31.50523764069799,11.614045204510695,134.18079421293672,82.33196071999998,59.15995527,23.172005449999993,2023-10-31,aylık,-50.82672307930199,-0.0,1994.56,agort03,22.76447397562115,ara_deger,5.3892861814819915,ara_deger,0.1947758551723006,0.05394643457588104,45.40510921281492,0.00015074996923766792,0.18603938529790862,0.1320929507220276,17.37518779413916,False,,,False,44.7333350199951,89.44745919294161,29.86502147701976,-51.95267852298024,136.2283851301685,1.6402161636782324,31.50523764069799,-50.82672307930199,-82.33196071999998,False,0.05664123915122822
2023-11-22,28.7474,36.098521918503934,11.623385801846428,136.2177617604904,86.53508915999998,63.36308371,23.172005449999993,2023-10-31,aylık,-50.43656724149605,-0.0,2005.77,agort03,22.76260913032072,ara_deger,5.36052571276717,ara_deger,-0.4312236270869765,0.05327996102767949,45.65655851532339,0.0003332367741042397,0.9357242330921693,0.8824442720644898,17.40208341755355,False,,,False,45.67526076911461,90.54250099137579,34.480616055712865,-47.35878394428713,138.26972860154308,1.6179058627910692,36.098521918503934,-50.43656724149605,-86.53508915999998,False,0.06492900620081275
2023-11-23,28.7618,37.694169940685214,11.609129818022515,136.9639068177586,87.64049255999998,64.46848711,23.172005449999993,2023-10-31,aylık,-49.94632261931477,-0.0,1980.99,agort03,22.76074428502029,ara_deger,5.331765244052349,ara_deger,0.3138959125278325,0.053764351205365615,45.088806821182345,0.00024219508884654184,0.6095223068547293,0.5557579556493637,17.428979040967942,False,,,False,45.11097226053254,91.85293455722606,36.04498310258746,-45.81611689741255,139.01587365881133,1.649186838097755,37.694169940685214,-49.94632261931477,-87.64049255999998,False,0.06776515266844631
2023-11-24,28.7786,37.59639833070406,11.646483428658795,136.49062981062596,86.58194911999999,63.409943670000004,23.172005449999993,2023-10-31,aylık,-48.98555078929593,-0.0,1999.0,agort03,22.75887943971986,ima,5.303004775337527,haftalik_bilanco,0.13859964483519668,-0.14445122947392594,45.495,0.0002857441582765352,0.16783558923156086,0.3122868187054868,17.455874664382332,False,,,False,45.52109478028893,90.96953503033703,35.806249157359986,-46.07655084264002,138.54259665167868,1.7901491733440764,37.59639833070406,-48.98555078929593,-86.58194911999999,False,0.06754999700075388
2023-11-27,28.8088,37.18633355085946,11.680662644747438,137.06820147557275,85.83126988999999,62.65926444,23.172005449999993,2023-10-31,aylık,-48.64493633914053,-0.0,2006.94,agort03,22.74243971985993,ara_deger,5.3585409139855384,ara_deger,-0.005910525593999822,-0.04814225256068012,45.64271197137569,4.078631982117921e-06,0.30408255569464815,0.35222480825532826,17.38389880587439,False,,,False,45.7019039311421,91.36629754443065,35.43427050068034,-46.51362949931966,139.12016831662547,1.7520630501791175,37.18633355085946,-48.64493633914053,-85.83126988999999,False,0.06687193003945052
2023-11-28,28.8584,35.675989729160314,11.591002792947632,137.2124987218336,84.11241389,60.94040844,23.172005449999993,2023-10-31,aylık,-48.436424160839685,-0.0,2006.6,agort03,22.736959813239952,ara_deger,5.377052960201542,ara_deger,1.2230054377965607,-0.04983248563797501,45.623983561247286,0.0008451165386473836,-0.6745099253301581,-0.624677439692183,17.35990685303841,False,,,False,45.69416147380077,91.51833724803285,34.06428824882877,-47.90531175117123,139.2644655628864,1.611701480331547,35.675989729160314,-48.436424160839685,-84.11241389,False,0.06416900028765947
2023-11-29,28.8768,35.15359097960993,11.596068400930852,137.55328140960236,83.03645402,59.86444857,23.172005449999993,2023-10-31,aylık,-47.88286304039006,-0.0,2077.05,agort03,22.731479906619974,ara_deger,5.395565006417546,ara_deger,-0.9309386301408752,-0.04854411777068281,47.214420340045024,0.0006441839336460697,1.8471524634342287,1.8956965812049116,17.33591490020243,False,,,False,47.271330540270135,90.28195086933223,33.62304330812278,-48.36825669187723,139.60387806128102,1.5305476714871489,35.15359097960993,-47.88286304039006,-83.03645402,False,0.06331046427750588
2023-11-30,28.8596,34.760551670847825,11.646017858875382,137.25956138931983,81.67725142,58.505245970000004,23.172005449999993,2023-10-31,aylık,-46.91669974915218,-0.0,2023.35,agort03,22.726,evds_aylik,5.41407705263355,ara_deger,0.581680611031511,0.1306759465359984,45.9826521,0.0010672869548628006,1.759471973695649,1.6287960271596507,17.311922947366448,False,,,False,46.049178714357176,91.21038267496266,33.24574155566952,-48.76725844433049,139.3101580409985,1.5148101151783067,34.760551670847825,-46.91669974915218,-81.67725142,True,0.06251984279265255
2023-12-01,28.8209,36.58123250835331,11.661288821653729,140.1323820547461,81.14150870999998,57.969503259999996,23.172005449999993,2023-10-31,aylık,-44.56027620164667,-0.0,2056.95,agort03,22.808041031624494,ima,5.4325890988495535,haftalik_bilanco,0.23543737368910359,0.2501918813980136,46.915,0.0008186669869459928,1.1353885297749342,0.8851966483769206,17.37545193277494,False,,,False,46.813877063531756,93.31850499121435,34.77641607305809,-46.92677747532902,142.18297870642485,1.8048164352952227,36.58123250835331,-44.56027620164667,-81.14150870999998,False,0.06575621232382953
2023-12-04,28.8553,36.84919782500961,11.747604564845973,139.5713839550036,79.95233238,56.78032693,23.172005449999993,2023-10-31,aylık,-43.10313455499039,-0.33574858000000773,2070.5,agort03,22.881923930702225,ara_deger,5.385635542289508,ara_deger,-0.7336193721261463,0.08170840293770723,47.37702349851896,0.0008444454308154103,0.5693515436884112,0.48764314075070403,17.496288388412715,False,,,False,47.12225987993997,92.44912407506362,35.065374541245454,-45.70839965230294,141.6219806066823,1.783823283764157,36.84919782500961,-43.10313455499039,-79.95233238,False,0.06628631130892039
2023-12-05,28.8515,37.538763114569434,11.724502642843525,138.9018644681938,80.82926742000001,57.32151339,23.50775403,2023-11-30,aylık,-43.290504305430574,-0.0,2028.57,agort03,22.906551563728133,ara_deger,5.369984356769493,ara_deger,-0.006137798522433929,0.08169430535121616,46.46754330563198,7.048793245534313e-06,0.5964229409121568,0.5147286355609406,17.53656720695864,False,,,False,46.167980065032516,92.73388440316128,35.67942460530648,-44.78454313662901,140.95246111987242,1.8593385092629546,37.538763114569434,-43.290504305430574,-80.82926742000001,False,0.06753561616958678
2023-12-06,28.8705,37.90868315408462,11.762691189968999,139.42292462050057,80.57071377,57.06295974,23.50775403,2023-11-30,aylık,-42.66203061591538,-0.0,2028.22,agort03,22.931179196754044,ara_deger,5.354333171249477,ara_deger,0.08401732400191135,0.08188683810386568,46.50947627044049,9.626637632476065e-05,0.9779745296853135,0.8960876915814479,17.576846025504565,False,,,False,46.25972498116143,93.16319963933913,36.03816203391005,-44.11599925641254,141.45790332692542,1.8705211201745726,37.90868315408462,-42.66203061591538,-80.57071377,False,0.0681563324059993
2023-12-07,28.8793,38.87460547866465,11.782405840861793,141.4323650311311,80.45492959,56.947175560000005,23.50775403,2023-11-30,aylık,-41.58032411133536,-0.0,2033.0,agort03,22.955806829779952,ara_deger,5.338681985729463,ara_deger,0.11098788651751729,0.082140594660705,46.66915528494265,0.00012687827841964539,0.8849290332663862,0.8027884386056812,17.61712484405049,False,,,False,46.368747417292596,95.0636176138385,37.0208141471573,-42.823540691552374,143.46734373755598,1.8537913315073453,38.87460547866465,-41.58032411133536,-80.45492959,False,0.06987171281244606
2023-12-08,28.874,39.907744337466234,11.804449019879478,141.38320914423667,80.47010835,56.962354319999996,23.50775403,2023-11-30,aylık,-40.56236401253377,-0.0,2039.3,agort03,22.980434462805864,ima,5.323030800209447,haftalik_bilanco,-0.4557375885316125,0.0938466597808165,46.864,0.0006014885320868579,0.457843905527629,0.36399724574681247,17.657403662596415,False,,,False,46.512438075791835,94.87077106844484,38.1526960933712,-41.38185229372558,143.4181878506615,1.7550482440950361,39.907744337466234,-40.56236401253377,-80.47010835,False,0.0717417792141363
2023-12-11,28.8974,39.06068687840428,11.740676323821521,139.6070118878847,79.68471727,56.17696324,23.50775403,2023-11-30,aylık,-40.62403039159571,-0.0,2013.49,agort03,23.062211417586436,ara_deger,5.3581988024842655,ara_deger,-0.1619917154281865,0.03114006262179627,46.435532067196114,7.107865257124923e-05,0.6535689629077801,0.6224289002859839,17.704012615102172,False,,,False,45.92376253676561,93.6832493511191,37.19508298324416,-41.410046049013914,141.6419905943095,1.8656038951601204,39.06068687840428,-40.62403039159571,-79.68471727,False,0.0702969580256939
2023-12-12,28.9396,38.86094949480988,11.756981782747516,139.80947816236397,78.97709718,55.46934315,23.50775403,2023-11-30,aylık,-40.11614768519012,-0.0,2004.34,agort03,23.089470402513296,ara_deger,5.369921469909205,ara_deger,-0.4094987758324788,0.030781018324326927,46.2791491065735,0.00017952214873467875,0.5212737646599863,0.49049274633565937,17.71954893260409,False,,,False,45.71506896132624,94.09440920103773,37.0152598515529,-41.280062729092265,141.8444568687888,1.845689643256982,38.86094949480988,-40.11614768519012,-78.97709718,False,0.06983569327358156
2023-12-13,28.9773,37.82125901999151,11.714287839101642,138.5066559719169,77.86832566,54.360571629999995,23.50775403,2023-11-30,aylık,-40.04706664000849,-0.0,1981.23,agort03,23.116729387440152,ara_deger,5.381644137334144,ara_deger,0.6320784383137759,0.03133473268009532,45.799557764278056,0.0002768571778842821,0.46633568139294157,0.4350009487128462,17.73508525010601,False,,,False,45.52952617074486,92.97712980117204,36.09571581893414,-41.889800310098124,140.55184382257838,1.72554320105737,37.82125901999151,-40.04706664000849,-77.86832566,False,0.06800908458098025
2023-12-14,29.0056,38.49217220123011,11.811262790633533,138.9561067614134,77.34384976999999,53.83609574,23.50775403,2023-11-30,aylık,-38.85167756876988,-0.0,2016.87,agort03,23.143988372367012,ara_deger,5.393366804759084,ara_deger,0.3022930852963666,0.03159931616714577,46.67841582857585,0.00013229174352874518,1.1987839841070538,1.167184667939908,17.75062156760793,False,,,False,46.34854885499926,92.60755790641414,36.804502509860164,-40.8712071675592,141.0012946120749,1.6876696913699476,38.49217220123011,-38.85167756876988,-77.34384976999999,False,0.0692803198484555
2023-12-15,28.9805,38.817151463915394,11.66315146391539,142.53551155066012,76.31586329,52.808109259999995,23.50775403,2023-11-30,aylık,-37.4987118260846,-0.0,2033.9,agort03,23.17124735729387,ima,5.405089472184023,haftalik_bilanco,0.8611256726912707,-0.06854152381337764,47.128,0.0007976986940926301,-0.5860535805688528,-0.5175120567554752,17.766157885109845,False,,,False,46.73990565390085,95.79560589675927,37.17852276530771,-40.18738046049875,144.5806994013216,1.6386286986076826,38.817151463915394,-37.4987118260846,-76.31586329,False,0.06992563657528161
2023-12-18,28.9847,41.19171580178508,11.61081373966265,141.82453293306233,78.46769326,54.95993923,23.50775403,2023-11-30,aylık,-37.275977458214925,-0.0,2082.37,agort03,23.134747558408773,ara_deger,5.401504824695354,ara_deger,-0.5107173907309416,-0.022531189151055953,48.17510427320367,0.00015799272670280473,0.9719247229022187,0.9944559120532745,17.733242733713418,False,,,False,47.853767312313046,93.97076562074929,39.43152870307438,-37.00495516789337,143.8697207837238,1.760187098710702,41.19171580178508,-37.275977458214925,-78.46769326,False,0.07405086510106922
2023-12-19,29.0053,40.96455182328747,11.60510361899377,141.60404246241924,77.78503207,54.27727804,23.50775403,2023-11-30,aylık,-36.82048024671253,-0.0,2053.57,agort03,23.122580958780404,ara_deger,5.400309942199131,ara_deger,0.33140646801006657,-0.02273636026142703,47.483838579522676,0.00010258555518549706,0.20347948520569137,0.2262158454671184,17.722271016581274,False,,,False,47.191930799784245,94.412111662635,39.23821694655805,-36.8884604727968,143.64923031308072,1.7263348767294246,40.96455182328747,-36.82048024671253,-77.78503207,False,0.07373100532590598
2023-12-20,29.0299,39.437393652751126,11.565016655241665,142.2241075494429,75.76307491,52.25532088,23.50775403,2023-11-30,aylık,-36.325681257248874,-0.0,2072.27,agort03,23.11041435915204,ara_deger,5.3991150597029085,ara_deger,0.2773589470293708,-0.022908177351716397,47.891018364039994,8.590854514467505e-05,-0.15682258031548357,-0.13391440296376717,17.71129929944913,False,,,False,48.017080761099365,94.20702678834353,37.84831146507566,-37.968559502666274,144.27780695076456,1.5890821876754657,39.437393652751126,-36.325681257248874,-75.76307491,False,0.07092227163140476
2023-12-21,29.0677,39.383445301829866,9.42583248760652,143.27363747087676,77.72777436,54.22002033,23.50775403,2023-11-30,aylık,-38.34432905817013,-0.0,2087.93,agort03,23.098247759523673,ara_deger,5.397920177206685,ara_deger,-0.23470634374151908,-0.022762692382544178,48.227524444542254,7.274248458610799e-05,1.766668352206165,1.7894310445887092,17.700327582316987,False,,,False,48.379942494714584,94.89369497616218,39.881347371825086,-35.62571714430395,145.32733687219837,-0.49790206999522013,39.383445301829866,-38.34432905817013,-77.72777436,False,0.07086831892115623
2023-12-22,29.0897,39.663055411365534,9.466735098677539,145.41730607484348,76.43451985,52.92676582,23.50775403,2023-11-30,aylık,-36.77146443863447,-0.0,2074.67,agort03,23.086081159895308,ima,5.396725294710462,haftalik_bilanco,-0.4146385014799337,-0.014430940947040893,47.896,8.24532733527672e-05,1.0634133683734661,1.077844309320507,17.689355865184844,False,,,False,48.07269175475687,97.3446143200866,40.08643134855293,-35.110826715963206,147.4710054761651,-0.4233759371873944,39.663055411365534,-36.77146443863447,-76.43451985,False,0.07145343896811455
2023-12-25,29.1344,40.29458790982481,9.449492730243286,146.06527634556184,76.43451985,52.92676582,23.50775403,2023-11-30,aylık,-36.13993194017519,-0.0,2051.23,agort03,23.140418223547545,ara_deger,5.458097620594162,ara_deger,1.5021131352208865,-0.0050095288245243985,47.46632007268744,9.960758776017542e-05,-1.9279341725600894,-1.922924643735565,17.682320602953382,False,,,False,47.5295577167019,98.53571862885994,40.817209141084085,-33.450629568593335,148.11897574688342,-0.5226212312592722,40.29458790982481,-36.13993194017519,-76.43451985,False,0.07247997784163057
2023-12-26,29.2108,39.89526972900435,9.446710976762018,142.0625454122405,76.46380446,52.956050430000005,23.50775403,2023-11-30,aylık,-36.56853473099566,-0.0,2136.18,agort03,23.158530578098294,ara_deger,5.478555062555396,ara_deger,-1.3353685506889508,-0.004832404372425301,49.47078985032201,8.856222605735375e-05,1.8501395142886827,1.854971918661108,17.6799755155429,False,,,False,49.49795517970401,92.56459023253649,38.37015466882112,-35.5878775892434,144.1162448135621,1.525115060183225,39.89526972900435,-36.56853473099566,-76.46380446,False,0.0717104365092814
2023-12-27,29.2647,38.71623314095138,9.432668915109328,141.03869448317158,74.78403897,51.27628494,23.50775403,2023-11-30,aylık,-36.067805829048616,-0.0,2060.65,agort03,23.176642932649038,ara_deger,5.499012504516629,ara_deger,0.10924775604585539,-0.0048468970126147835,47.758949259163245,7.246320098394654e-06,-0.021011636994695146,-0.016164739982080362,17.67763042813241,False,,,False,47.57233314213827,93.46636134103332,37.293391047917794,-36.354834758533826,143.05769995933667,1.4228420930335872,38.71623314095138,-36.067805829048616,-74.78403897,False,0.0695950352530554
2023-12-28,29.3374,36.96376403498606,9.396874740092851,140.6656890093721,72.97912792,49.47137389,23.50775403,2023-11-30,aylık,-36.01536388501393,-0.0,2066.83,agort03,23.194755287199786,ara_deger,5.519469946477862,ara_deger,0.19336762162749882,-0.0048725522688928815,47.93961607024313,1.2827628135370084e-05,0.2755009671417235,0.2803735194106164,17.675285340721924,False,,,False,47.71500512370642,92.95068388566568,35.75948267399293,-37.57893668084579,142.68469448553722,1.2042813609931358,36.96376403498606,-36.01536388501393,-72.97912792,False,0.06653158074095845
2023-12-29,29.3973,36.70800798032472,9.397504396662278,141.07875455621883,72.25387362000001,48.74611959,23.50775403,2023-11-30,aylık,-35.545865639675284,-0.0,2077.77,agort03,23.21286764175053,ima,5.539927388439096,haftalik_bilanco,-0.014845269812784176,0.47593434680149144,48.231,9.624418042816253e-05,0.2903022409176164,-0.18563210588387502,17.672940253311435,False,,,False,47.96756685159568,93.11118770462315,34.94808832783963,-38.08052457538618,143.09776003238392,1.7599196524850953,36.70800798032472,-35.545865639675284,-72.25387362000001,False,0.06593685686885566
2024-01-02,29.4382,35.975687576006685,9.41323627123941,140.67531183943169,71.23036437,47.72261034,23.50775403,2023-11-30,aylık,-35.25467679399332,-0.0,2076.93,agort03,23.32945986182348,ara_deger,5.427366797968846,ara_deger,-0.12245031655676017,0.032852490862718645,48.45365507081704,5.427566857021948e-05,-1.3919002133440763,-1.424752704206795,17.902093063854636,False,,,False,47.94817454342136,92.72713729601033,34.18441691407763,-38.284389537535276,142.69431731559675,1.7912706619290546,35.975687576006685,-35.25467679399332,-71.23036437,False,0.06477534087293595
2024-01-03,29.6675,34.5350875537204,9.579560798853965,139.25796404278253,71.13779035,47.63003632,23.50775403,2023-11-30,aylık,-36.6027027962796,-0.0,2070.09,agort03,23.31718979273522,ara_deger,5.399226650351284,ara_deger,-0.04658670417020475,0.0328112286585498,48.26868141804326,2.0631102088095044e-05,-0.9965321326232385,-1.0293433612817884,17.917963142383936,False,,,False,48.052725176511366,91.20523886627117,32.91681503328558,-39.581894644133776,141.29572407516642,1.6182725204348216,34.5350875537204,-36.6027027962796,-71.13779035,False,0.06204972512166947
2024-01-04,29.7394,33.46324465187596,9.597528833802969,138.3076708774529,71.09109825,47.58334422,23.50775403,2023-11-30,aylık,-37.62785359812404,-0.15512638000000578,2067.49,agort03,23.30491972364696,ara_deger,5.371086502733721,ara_deger,-0.39956580416194243,0.03245764330891692,48.182688479442845,0.00017679267481646166,-0.01901214404432927,-0.05146978735324619,17.93383322091324,False,,,False,47.9923717206428,90.31529915681008,31.850590227106128,-40.67802267611968,140.34543090983678,1.6126544247698327,33.46324465187596,-37.62785359812404,-71.09109825,False,0.0602030649260059
2024-01-05,29.7452,34.01966155883974,9.63513998897301,139.59530039417234,72.02848195000001,48.36560154,23.662880410000007,2023-12-31,aylık,-38.00882039116027,-0.0,2045.21,agort03,23.2926496545587,ima,5.342946355116159,haftalik_bilanco,0.13623824804277151,0.0070055767753241125,47.63836,1.2951171016351015e-05,-0.8446437931340387,-0.8516493699093628,17.949703299442543,False,,,False,47.475189029584605,92.12011136458773,32.25870123582965,-40.29981489320261,141.63306042655623,1.7609603230100959,34.01966155883974,-38.00882039116027,-72.02848195000001,False,0.061192190945737066
2024-01-08,29.7714,32.6344099034644,9.606593878688942,137.73776624451273,71.38018195000001,47.71730154,23.662880410000007,2023-12-31,aylık,-38.745772046535606,-0.0,2052.8,agort03,23.289305220844348,ara_deger,5.336189228116867,ara_deger,-0.3109479689940429,0.002315489642547807,47.80828575734928,9.85130794922684e-06,0.43990639131333614,0.43759090167078835,17.953115992727483,False,,,False,47.6513746949855,90.08639154952724,30.82198532820089,-41.82624047825073,139.7755262768966,1.8124245752635133,32.6344099034644,-38.745772046535606,-71.38018195000001,False,0.05864893112575635
2024-01-09,29.8342,32.7131097867548,9.625629009660054,138.056177964948,71.31088828,47.64800787,23.662880410000007,2023-12-31,aylık,-38.5977784932452,-0.0,2035.48,agort03,23.288190409606234,ara_deger,5.333936852450436,ara_deger,0.11526630783694154,0.0023227928061703386,47.402645814945295,3.651581814867466e-06,-0.4169674273996546,-0.4192902202058249,17.9542535571558,False,,,False,47.24932782743037,90.80685013751764,30.989515120231143,-41.68861391202692,140.09393799733195,1.7235946665236561,32.7131097867548,-38.5977784932452,-71.31088828,False,0.05877609318649769
2024-01-10,29.8823,31.91040863655073,9.622823879018682,137.9104443796668,70.81269338000001,47.14981297,23.662880410000007,2023-12-31,aylık,-38.902284743449286,-0.0,2041.9,agort03,23.287075598368116,ara_deger,5.331684476784005,ara_deger,0.5526669387223543,0.002357807039273783,47.54987966430786,1.750711655179593e-05,-0.4347883839458885,-0.4371461909851623,17.95539112158411,False,,,False,47.56126132964341,90.34918305002341,30.23644970434003,-42.47158255372449,139.9317348062231,1.6739589322107022,31.91040863655073,-38.902284743449286,-70.81269338000001,False,0.057348151049949225
2024-01-11,29.9136,31.272219993581515,9.040665951273,137.71596015511895,70.63878411000002,46.9759037,23.662880410000007,2023-12-31,aylık,-39.3665641164185,-0.0,2072.68,agort03,23.285960787129998,ara_deger,5.3294321011175745,ara_deger,-0.3488953523692184,0.002335704162438975,48.264345204268594,1.1051438421061377e-05,1.3461714646499927,1.3438357604875537,17.956528686012422,False,,,False,48.278209086010726,89.43775106910823,30.24135791078306,-42.49657757308791,139.73725058167523,1.030862082798457,31.272219993581515,-39.3665641164185,-70.63878411000002,False,0.05624668916840106
2024-01-12,29.9581,30.71801018756196,9.079410242972685,139.79360417623897,69.0485539,45.38567349,23.662880410000007,2023-12-31,aylık,-38.33054371243804,-0.0,2053.25,agort03,23.28484597589188,ima,5.327179725451144,haftalik_bilanco,-0.02639776938814429,-0.5933131720784377,47.80961,0.000212539931901852,0.9032712076141987,1.4965843796926364,17.957666250440738,False,,,False,47.82563290322265,91.96797127301633,29.49732573160514,-43.270512978072276,141.81489460279522,1.2206844559568175,30.71801018756196,-38.33054371243804,-69.0485539,False,0.055270126053433864
2024-01-15,30.0163,31.37215899361347,9.083047610798134,140.14109571030937,68.8221919,45.15931149,23.662880410000007,2023-12-31,aylık,-37.45003290638654,-0.0,2051.78,agort03,22.98278457996504,ara_deger,5.314288304901014,ara_deger,1.0551625975468197,-0.20352746766930668,47.15561774548067,0.0028782051549158805,-3.23688573712298,-3.0333582694536734,17.668496275064022,False,,,False,47.791392708230454,92.34970300207891,30.186551906797305,-42.670996480299465,142.16238613686562,1.185607086816166,31.37215899361347,-37.45003290638654,-68.8221919,False,0.05644200946959481
2024-01-16,30.0449,26.645219821001234,9.05952710776205,136.17276453784703,66.30049637000002,42.637615960000005,23.662880410000007,2023-12-31,aylık,-39.655276548998785,-0.0,2111.5,agort03,22.882097447989423,ara_deger,5.309991164717637,ara_deger,-0.7550734069921852,-0.19938558972200165,48.31554876142967,0.002070938973656289,-0.025305830466717083,0.17407975925528457,17.572106283271786,False,,,False,49.18242974560069,86.99033479224633,24.936463825807376,-47.950987787095855,138.19405496440328,1.708755995193858,26.645219821001234,-39.655276548998785,-66.30049637000002,False,0.04789216891977191
2024-01-17,30.047,26.01428485372916,8.93228428794888,136.65707888740346,66.57718346000001,42.91430305,23.662880410000007,2023-12-31,aylık,-40.562898606270856,-0.0,2068.53,agort03,22.781410316013808,ara_deger,5.305694024534261,ara_deger,0.3987958457715582,-0.20158520933468568,47.12403068098405,0.0010998098063493278,-0.9686262970489714,-0.7670410877142857,17.475716291479547,False,,,False,48.165402446511635,88.49167644089182,24.384673078843143,-48.53268175986654,138.6727934901987,1.6296117748860155,26.01428485372916,-40.562898606270856,-66.57718346000001,False,0.04675486313080788
2024-01-18,30.0721,25.486894197611743,8.917936293108895,136.29162755156048,66.63397125,42.971090839999995,23.662880410000007,2023-12-31,aylık,-41.147077052388255,-0.0,2091.35,agort03,22.680723184038197,ara_deger,5.301396884350884,ara_deger,0.3868638034310434,-0.2037308505519958,47.43333043093828,0.0010728206086476066,0.30479558619414165,0.5085264367461375,17.379326299687314,False,,,False,48.69676263168148,87.594864919879,23.82255964831189,-49.12469841620424,138.30734215435572,1.664334549299852,25.486894197611743,-41.147077052388255,-66.63397125,False,0.045853279875412586
2024-01-19,30.0847,25.450404125685147,9.013523651557103,138.10700089711005,65.81023443000001,42.14735402,23.662880410000007,2023-12-31,aylık,-40.35983030431486,-0.0,2113.61,agort03,22.58003605206258,ima,5.297099744167507,haftalik_bilanco,-0.8112610302925957,0.49552354909552065,47.72539,0.005627380131937865,-0.3177523167335389,-0.8132758658290595,17.282936307895074,False,,,False,49.215083303104834,88.89191759400522,23.65149783777136,-49.325663452551225,140.12271549990527,1.7989062879137876,25.450404125685147,-40.35983030431486,-65.81023443000001,False,0.04576848868446052
2024-01-22,30.1219,26.08246571431417,8.94969387721226,136.8840721968422,67.63513914,43.97225873,23.662880410000007,2023-12-31,aylık,-41.55267342568584,-0.0,2066.67,agort03,22.826197786121266,ara_deger,5.303492405710734,ara_deger,1.085356371262629,0.17012494848238358,47.174218178643244,0.0024752160586016814,-1.3093661589032366,-1.4794911073856203,17.52270538041053,False,,,False,48.12209263299647,88.76197956384573,24.346794690905952,-48.72007627683598,138.89978679963747,1.7356710234082193,26.08246571431417,-41.55267342568584,-67.63513914,False,0.04684732757764682
2024-01-23,30.1806,27.909482581525882,8.952051152064572,135.74607641527595,69.68380852000001,46.02092811,23.662880410000007,2023-12-31,aylık,-41.774325938474135,-0.0,2128.61,agort03,22.908251697474164,ara_deger,5.30562329289181,ara_deger,-0.5609957672540458,0.16757780170202013,48.762733645760484,0.0012735733901779733,-0.17122113361517455,-0.3387989353171947,17.602628404582354,False,,,False,49.56435599274322,86.18172042253273,26.214726943798336,-46.882047249750045,137.76179101807122,1.6947556377275461,27.909482581525882,-41.774325938474135,-69.68380852000001,False,0.05021583768596127
2024-01-24,30.2185,31.46295613614177,8.91472756754968,136.3794045535388,74.00682256000002,50.343942150000004,23.662880410000007,2023-12-31,aylık,-42.54386642385825,-0.0,2096.74,agort03,22.990305608827057,ara_deger,5.307754180072886,ara_deger,-1.310453886384966,0.16165470638064663,48.20469338225204,0.002961547660686792,0.8494276551587061,0.6877729487780595,17.682551428754174,False,,,False,47.3444647918017,89.03493976173709,29.84528136737429,-43.28139605198054,138.41121005344408,1.617674768767479,31.46295613614177,-42.54386642385825,-74.00682256000002,False,0.05664225908961147
2024-01-25,30.2145,33.7070955666981,8.898944149332273,137.16861175009063,76.72777164000001,53.06489123,23.662880410000007,2023-12-31,aylık,-43.020676073301914,-0.0,2022.63,agort03,23.072359520179955,ara_deger,5.309885067253961,ara_deger,0.9005574547633446,0.16570680370615784,46.666846536301584,0.002026048662755686,-0.06940131962969454,-0.23510812333585238,17.762474452925993,False,,,False,45.671058319983345,91.49755343010729,32.13665564546824,-41.019924999693046,139.20041724999584,1.5704399212298625,33.7070955666981,-43.020676073301914,-76.72777164000001,False,0.060690366658456625
2024-01-26,30.2185,32.4703850290385,8.79739040653904,137.1356874927979,74.76145871,51.0985783,23.662880410000007,2023-12-31,aylık,-42.291073680961496,-0.0,2073.33,agort03,23.15441343153285,ima,5.3120159544350365,haftalik_bilanco,0.6155627129598745,0.7907193805081831,48.00674,0.006471067075507153,-1.498436600611837,-2.28915598112002,17.842397477097812,False,,,False,46.81586614782291,90.319821344975,30.677514767443785,-42.50896910352397,139.16749299270316,1.792870261594718,32.4703850290385,-42.291073680961496,-74.76145871,False,0.05845591728875786
2024-01-29,30.2343,31.108185471467834,8.808616736620328,134.91187803171277,74.27090671,50.6080263,23.662880410000007,2023-12-31,aylık,-43.16272123853217,-0.0,2107.83,agort03,23.50516537261314,ara_deger,5.287633572297524,ara_deger,0.0675870429791716,0.2640370429491096,49.544892727355155,0.00023195805652301282,0.03782079103179138,-0.22621625191731826,18.217531800315616,False,,,False,47.59487739161907,87.31700064009371,29.341683650688125,-43.93450989769897,136.94368353161806,1.766501820779709,31.108185471467834,-43.16272123853217,-74.27090671,False,0.05597435712853819
2024-01-30,30.2849,30.931967812342123,8.81631202348365,134.8530333141572,73.98158593000001,50.31870552,23.662880410000007,2023-12-31,aylık,-43.049618117657886,-0.0,2111.54,agort03,23.62208268630657,ara_deger,5.279506111585019,ara_deger,-0.6238310293062755,0.2597842701715637,49.87897247544377,0.0021263863887730494,0.2770507165766015,0.017266446405037827,18.34257657472155,False,,,False,47.67864932537223,87.17438398878497,29.213665324963923,-44.09243144922962,136.88483881406245,1.7183024873781996,30.931967812342123,-43.049618117657886,-73.98158593000001,False,0.05556445565082505
2024-01-31,30.3053,30.433397920495757,8.88956786436696,134.3548921978411,73.75654051000001,50.0936601,23.662880410000007,2023-12-31,aylık,-43.32314258950425,-0.0,2077.53,agort03,23.739,evds_aylik,5.2713786508725144,ara_deger,0.40739572696175136,-0.1015174745689907,49.318484670000004,0.0005333125726907917,0.41885306023327923,0.5203705348022699,18.467621349127487,False,,,False,48.103988536412444,86.25090366142867,28.8748613938816,-44.461138606118396,136.36183519054424,1.5585365266141586,30.433397920495757,-43.32314258950425,-73.75654051000001,True,0.05473218049002439
2024-02-01,30.2952,30.713637242863555,8.769901469539729,133.50605540308234,73.33019744,49.66731703,23.662880410000007,2023-12-31,aylık,-42.61656019713645,-0.0,2099.59,agort03,23.68252144475524,ara_deger,5.263251190160011,ara_deger,-0.545578784941117,-0.10008531514893773,49.723585200193654,0.0007160797100228544,-0.29816441531057547,-0.19807910016163774,18.419270254595226,False,,,False,48.614774896712056,84.8912805063703,29.213540164778575,-43.91011500763521,135.51299839578547,1.5000970780849805,30.713637242863555,-42.61656019713645,-73.33019744,False,0.05515353462261334
2024-02-02,30.3063,29.833315086302186,8.813408433230054,135.5820765840845,73.25011152,49.58723111,23.662880410000007,2023-12-31,aylık,-43.41679643369782,0.42054051000000925,2069.97,agort03,23.626042889510476,ima,5.255123729447506,haftalik_bilanco,-0.352537938681601,-0.10666118213552285,48.905199999999994,0.0004990364849424833,-1.2751828989433516,-1.1685217168078288,18.370919160062968,False,,,False,47.92894117087005,87.65313541321444,28.040189894510384,-44.8711204503172,137.58901957678765,1.7931251917918019,29.833315086302186,-43.41679643369782,-73.25011152,False,0.05365120940789208
2024-02-05,30.3735,27.658092021005153,8.78015671555797,132.8597185708309,72.73586101000001,49.49352111,23.242339899999997,2024-01-31,aylık,-45.077768988994855,-0.0,2050.78,agort03,23.57693913264508,ara_deger,5.258030028334324,ara_deger,-0.09379281461407324,-0.03546496355002142,48.351115234445885,4.438191424190052e-05,0.2561142784223969,0.29157924197241836,18.318909104310755,False,,,False,47.48460797711894,85.37511059371195,25.886279026124747,-46.387996835944215,134.866661563534,1.7718129948804062,27.658092021005153,-45.077768988994855,-72.73586101000001,False,0.04972024745298922
2024-02-06,30.477,27.757989139350983,8.821008170095482,132.74760588021744,72.63258521,49.39024531,23.242339899999997,2024-01-31,aylık,-44.87459607064902,-0.0,2045.66,agort03,23.56057121368995,ara_deger,5.258998794629931,ara_deger,-0.2626275642135138,-0.03521618211667334,48.19691810899699,0.0001243907166740832,0.8615535139865345,0.8967696961032078,18.30157241906002,False,,,False,47.36605738034949,85.38154849986795,25.97228559241395,-46.0896454420688,134.75454887292057,1.7857035469370324,27.757989139350983,-44.87459607064902,-72.63258521,False,0.05000292816272378
2024-02-07,30.5077,29.433917371679936,9.840104432651428,133.2119123906173,72.69049122999999,49.44815133,23.242339899999997,2024-01-31,aylık,-43.25657385832005,-0.0,2031.31,agort03,23.544203294734817,ara_deger,5.259967560925537,ara_deger,0.39183117177552995,-0.035587707281596624,47.82557559462778,0.00018576258246172372,0.28211319433343063,0.31770090161502723,18.284235733809282,False,,,False,47.99181718189152,85.22009520872578,27.634318221301506,-44.21526798559504,135.35727196740496,1.7995991503784303,29.433917371679936,-43.25657385832005,-72.69049122999999,False,0.05287253256284446
2024-02-08,30.5349,30.097845678223933,9.859424953086467,133.6723924708693,72.66115464999999,49.418814749999996,23.242339899999997,2024-01-31,aylık,-42.56330897177605,-0.0,2052.74,agort03,23.527835375779688,ara_deger,5.260936327221143,ara_deger,0.2314416109452381,-0.035807363083730795,48.296528789277986,0.0001098279010634251,0.4469319384923388,0.4827393015760696,18.266899048558546,False,,,False,48.498123281013726,85.17426918985558,28.426639222659972,-43.21060215665037,135.81775204765694,1.6712064555639614,30.097845678223933,-42.56330897177605,-72.66115464999999,False,0.05411529662739485
2024-02-09,30.5357,30.51656529897792,9.76003615440288,134.78693940440488,72.50088951999999,49.25854962,23.242339899999997,2024-01-31,aylık,-41.984324221022064,-0.0,2065.41,agort03,23.511467456824555,ima,5.261905093516749,haftalik_bilanco,-0.39200059956384786,0.20843128148997014,48.56082,0.0010952194855999298,-0.2698426575256993,-0.47827393901566945,18.249562363307806,False,,,False,48.797465244423826,85.98947415998106,28.801215593551156,-42.623680958172976,136.9322989811925,1.715349705426764,30.51656529897792,-41.984324221022064,-72.50088951999999,False,0.05486671084492281
2024-02-12,30.6005,28.710412215486677,9.656726328001177,132.36637794384106,71.45988951999999,48.21754962,23.242339899999997,2024-01-31,aylık,-42.74947730451331,-0.0,2043.93,agort03,23.595029213923755,ara_deger,5.243491107077779,ara_deger,0.3969437692510763,0.07021233894089779,48.22658806121518,0.0003676225554550827,-0.5229923318410943,-0.593204670781992,18.351538106845975,False,,,False,48.289977843157146,84.07640010068391,27.045374193232135,-43.742487875733374,134.51173752062874,1.6650380222545422,28.710412215486677,-42.74947730451331,-71.45988951999999,False,0.05160374329888448
2024-02-13,30.6318,28.16286613911034,9.502015944214836,132.2000741228317,71.19310239,47.95076249,23.242339899999997,2024-01-31,aylık,-43.03023625088967,-0.0,2065.56,agort03,23.62288313295682,ara_deger,5.2373531115981224,ara_deger,-0.8701871359109058,0.06860350162701068,48.79448248411028,0.0008044186569436951,-0.12010571222792465,-0.18870921385493533,18.385530021358697,False,,,False,48.801009150857254,83.39906497197444,26.686316148577625,-43.88920109280168,134.34543369961935,1.476549990532714,28.16286613911034,-43.03023625088967,-71.19310239,False,0.05065956955319643
2024-02-14,30.669,26.96653989370374,9.36377726694708,130.8236363795953,71.12530767,47.88296777,23.242339899999997,2024-01-31,aylık,-44.15876777629626,-0.0,2018.23,agort03,23.650737051989886,ara_deger,5.231215116118466,ara_deger,-0.23742763775338444,0.06816534584894168,47.73262704043755,0.00021907788903446912,0.4213613320161647,0.35319598616722303,18.41952193587142,False,,,False,47.45154896538702,83.3720874142083,25.524678698359907,-44.83849371543319,132.82911536078777,1.441861195343833,26.96653989370374,-44.15876777629626,-71.12530767,False,0.04844887750152871
2024-02-15,30.6835,29.62531034595141,12.174410024931968,132.45495832224424,70.78951167,47.54717177,23.242339899999997,2024-01-31,aylık,-41.16420132404859,-0.0,2005.34,agort03,23.678590971022953,ara_deger,5.22507712063881,ara_deger,0.448973991979849,0.06899236912904343,47.483625617831166,0.000413511640047326,0.29556946925085104,0.2265771001218076,18.45351385038414,False,,,False,47.148486149868546,85.30647217237569,28.16777124513175,-41.983056341075155,134.46043730343672,1.457539100819659,29.62531034595141,-41.16420132404859,-70.78951167,False,0.05320059505107999
2024-02-16,30.6968,30.027044284746292,12.159140822496155,134.18351045744612,70.46197135,47.21963145,23.242339899999997,2024-01-31,aylık,-40.4349270652537,-0.0,2029.67,agort03,23.70644489005602,ima,5.218939125159153,haftalik_bilanco,-0.2743545855510722,-0.15764607096453664,48.116260000000004,0.000580562055635947,1.3351602935725007,1.4928063645370373,18.487505764896866,False,,,False,47.72052015309309,86.46299030435303,28.4592257499153,-41.47925700870539,136.18898943863854,1.567818534830991,30.027044284746292,-40.4349270652537,-70.46197135,False,0.05399616770713031
2024-02-19,30.7221,31.09958131117339,12.170872140901826,134.98983400196948,70.46197135,47.21963145,23.242339899999997,2024-01-31,aylık,-39.362390038826604,-0.0,2014.83,agort03,23.853673589784634,ara_deger,5.444410689528722,ara_deger,1.326019206705437,-0.05442730150154651,48.061097158905774,0.0009393055900148717,-2.652569636448499,-2.5981423349469526,18.40926290025591,False,,,False,47.37160997603382,87.61822402593566,29.616166505544868,-39.685281770317204,136.99531298316197,1.4834148056285237,31.09958131117339,-39.362390038826604,-70.46197135,False,0.05587888666709885
2024-02-20,30.804,29.199847292559408,12.186312362030906,131.50841648692858,69.87334754,46.63100764,23.242339899999997,2024-01-31,aylık,-40.673500247440586,-0.0,2086.86,agort03,23.902749823027502,ara_deger,5.519567877651911,ara_deger,-0.8307359921115239,-0.05324870315049755,49.881692495683176,0.0005892991755207522,-0.5069293715077737,-0.45368066835727616,18.38318194537559,False,,,False,49.065140976948896,82.44327550997969,27.61352340605116,-41.475580042224706,133.51389546812104,1.5863238865082465,29.199847292559408,-40.673500247440586,-69.87334754,False,0.052515158208560196
2024-02-21,30.8388,26.590574925094362,11.892705358185145,132.05510554702883,68.89534754,45.653007640000006,23.242339899999997,2024-01-31,aylık,-42.304772614905644,-0.0,2041.67,agort03,23.951826056270374,ara_deger,5.5947250657751,ara_deger,0.38861982796878625,-0.053800836965313875,48.90172470430553,0.00027606690740816786,-1.9444414631389924,-1.8906406261736786,18.357100990495272,False,,,False,48.40073733868067,83.65436820834816,25.20499740586534,-43.671761214824315,134.0359649856674,1.3855775192290238,26.590574925094362,-42.304772614905644,-68.89534754,False,0.047854496796678754
2024-02-22,30.9096,24.298884391904135,11.899204260165128,131.2722147842566,68.15297974,44.91063984,23.242339899999997,2024-01-31,aylık,-43.85409534809587,-0.0,2062.84,agort03,24.000902289513245,ara_deger,5.669882253898289,ara_deger,-0.25956724370431344,-0.05343153064420857,49.51002127889951,0.00018465316055266134,-0.237848993413677,-0.1844174627694684,18.331020035614955,False,,,False,48.90260277700316,82.36961200725344,22.936919015451508,-45.72749477765194,133.25307422289515,1.361965376452627,24.298884391904135,-43.85409534809587,-68.15297974,False,0.04363020333115384
2024-02-23,30.9582,24.229892952432632,11.820748137811629,131.7814508377987,68.65986065999999,45.41752076,23.242339899999997,2024-01-31,aylık,-44.42996770756736,-0.0,2048.68,agort03,24.049978522756117,ima,5.745039442021479,haftalik_bilanco,0.25388950504979574,0.18926451162873753,49.27071,0.0006363721549272894,-0.9580702388217732,-1.1473347504505107,18.304939080734638,False,,,False,48.56691951735996,83.21453132043874,22.44509435303086,-46.00697461248638,133.76231027643726,1.7847985994017712,24.229892952432632,-44.42996770756736,-68.65986065999999,False,0.04359411964743957
2024-02-26,31.0047,22.729888533028863,11.82254945217983,130.3122051289915,67.86223566,44.61989576,23.242339899999997,2024-01-31,aylık,-45.13234712697113,-0.0,2062.55,agort03,24.182989261378058,ara_deger,5.786287793487356,ara_deger,0.43434612165689346,0.06381034052983318,49.87862450105532,0.00036108499345904876,-1.0325888265767165,-1.0963991671065496,18.3967014678907,False,,,False,48.895727907985055,81.41647722100646,20.98966050308502,-46.8253739796736,132.29306456763007,1.740228029943843,22.729888533028863,-45.13234712697113,-67.86223566,False,0.040834106989361345
2024-02-27,31.0441,22.994842401615767,11.800720265686556,130.17943572211666,68.74726142,45.50492152,23.242339899999997,2024-01-31,aylık,-45.75241901838423,-0.0,2086.16,agort03,24.22732617425204,ara_deger,5.800037243975981,ara_deger,-0.541946567439416,0.06291076326107987,50.54207877167763,0.00044978863437672434,0.2293263957114483,0.16641563245036844,18.427288930276056,False,,,False,49.45543707183926,80.7239986502774,21.343406057833853,-46.25928359733856,132.1602951607552,1.6514363437819135,22.994842401615767,-45.75241901838423,-68.74726142,False,0.041331565602906045
2024-02-28,31.0737,21.670545155549547,11.776093191348311,129.76863655905382,67.76021141999999,44.51787152,23.242339899999997,2024-01-31,aylık,-46.08966626445044,-0.0,2056.75,agort03,24.27166308712602,ara_deger,5.813786694464607,ara_deger,0.9655315141001174,0.06451079341845782,49.92074305444644,0.000800015078688987,-1.1709551153783586,-1.2354659087968165,18.45787639266141,False,,,False,49.464793326678645,80.30384323237517,20.016946549654534,-47.37339827793167,131.78108683549112,1.653598605895013,21.670545155549547,-46.08966626445044,-67.76021141999999,False,0.03898368852609396
2024-02-29,31.1201,20.963372097133366,11.815913734210364,129.12794139968204,67.21864142,43.97630152,23.242339899999997,2024-01-31,aylık,-46.25526932286663,-0.0,2109.06,agort03,24.316,evds_aylik,5.827536144953232,ara_deger,0.023295464457362962,-0.9353068603551563,51.28390296,0.00027921989178127105,0.10668980369875791,1.0419966640539142,18.488463855046767,False,,,False,50.72284770320402,78.40509369647802,19.447667745283596,-47.7303322547164,131.1403916761193,1.5157043518497701,20.963372097133366,-46.25526932286663,-67.21864142,True,0.03765541031237319
2024-03-01,31.1597,22.185786384336176,11.829507633257059,130.89314290963316,68.29747653999999,45.05513663999999,23.242339899999997,2024-01-31,aylık,-46.111690155663815,-0.0,2110.32,agort03,23.886543273058113,ima,5.841285595441858,haftalik_bilanco,-0.12920404497173796,0.48086610016053977,50.40825,0.0008185305153078359,-0.7753497456443768,-1.2562158458049164,18.045257677616256,False,,,False,50.753150676142695,80.13999223349046,20.503131223984827,-47.151179120842755,132.90559318607046,1.6826551603513487,22.185786384336176,-46.111690155663815,-68.29747653999999,False,0.03994250349340216
2024-03-04,31.2392,21.322108184588593,11.887616104125586,129.13232087647313,68.28024366,45.03790376,23.242339899999997,2024-01-31,aylık,-46.9581354754114,0.04064142000000004,2103.16,agort03,23.925734431024633,ara_deger,5.651836944663186,ara_deger,1.0355817705521047,0.1646077060407125,50.31964762595376,0.002159502993598128,-2.242769977849189,-2.4073776838899015,18.27389748636145,False,,,False,50.58095282991975,78.55136804655338,19.714424473097903,-49.36881690621243,131.14477115291044,1.6076837114906901,21.322108184588593,-46.9581354754114,-68.28024366,False,0.038358060768876226
2024-03-05,31.4069,20.76723780443151,11.915833081265582,129.33121391837344,68.90434451,45.702646030000004,23.201698479999997,2024-02-29,aylık,-48.13710670556849,-0.0,2159.83,agort03,23.93879815034681,ara_deger,5.588687394403629,ara_deger,-0.018900614078616804,0.16452920637303567,51.70373440906354,3.924983383457939e-05,-2.016876157022268,-2.1814053633953034,18.35011075594318,False,,,False,51.943865112804346,77.38734880556909,19.39191779513419,-50.16763392900374,131.34366419481069,1.3753200092973188,20.76723780443151,-48.13710670556849,-68.90434451,False,0.03735838860046863
2024-03-06,31.5457,21.020939937931317,11.869897925866283,127.99422573457485,71.23975856999999,48.03806009,23.201698479999997,2024-02-29,aylık,-50.218818632068675,-0.0,2158.8,agort03,23.95186186966898,ara_deger,5.525537844144072,ara_deger,0.5999611102710901,0.16701071043062451,51.707279404241405,0.0012407520287904816,-1.380114272075248,-1.5471249825058724,18.42632402552491,False,,,False,51.566269617877865,76.42795611669699,19.781655724869,-50.25420634409652,129.98056892064528,1.2392842130623158,21.020939937931317,-50.218818632068675,-71.23975856999999,False,0.03778148527725413
2024-03-07,31.6612,21.734324409687567,11.859795459426678,128.15901807629479,72.74339867,49.54170019,23.201698479999997,2024-02-29,aylık,-51.00907426031244,-0.0,2191.36,agort03,23.964925588991157,ara_deger,5.462388293884515,ara_deger,0.15690151626250465,0.1676569989566698,52.515779338691665,0.0003231442630265424,-1.1519724655201444,-1.3196294644768143,18.50253729510664,False,,,False,52.34401546684863,75.81500260944615,20.697555241115307,-49.814617172677785,130.1453612623653,1.0367691685722598,21.734324409687567,-51.00907426031244,-72.74339867,False,0.03905822182066366
2024-03-08,31.7768,22.544071744165553,11.849959593162305,130.52577467979393,74.55805282,51.356354339999996,23.201698479999997,2024-02-29,aylık,-52.01398107583445,-0.0,2199.84,agort03,23.97798930831333,ima,5.399238743624958,haftalik_bilanco,1.3889473922160982,-0.01803882027565849,52.74774,0.00029644381513405094,-3.1744037334645285,-3.1563649131888702,18.57875056468837,False,,,False,52.54657335380416,77.97920132598976,20.844623813599856,-50.14385894502084,132.51211786586438,1.6994479305656967,22.544071744165553,-52.01398107583445,-74.55805282,False,0.040578351859819145
2024-03-11,31.8618,21.6348559717279,11.798069631973084,128.9698737571029,75.48618335,52.28448487,23.201698479999997,2024-02-29,aylık,-53.8513273782721,-0.0,2274.6,agort03,23.955484704732484,ara_deger,5.384664686195376,ara_deger,-0.543010777342021,-0.005935643702070524,54.48914550938451,3.864819491050664e-05,-0.6318741167621178,-0.6259384730600472,18.57082001853711,False,,,False,54.332331328897986,74.63754242820491,20.17164535588071,-52.245768437222736,130.95621694317333,1.463210615847192,21.6348559717279,-53.8513273782721,-75.48618335,False,0.038905759943142534
2024-03-12,31.9378,20.298306364245505,11.685647508594831,128.4834705456205,75.43694076,52.23524228,23.201698479999997,2024-02-29,aylık,-55.138634395754494,-0.0,2245.36,agort03,23.947983170205536,ara_deger,5.379806667052182,ara_deger,-0.5822980151388916,-0.005852743059628068,53.77184349105271,4.1450321217273434e-05,-0.9300155154184991,-0.9241627723588711,18.568176503153353,False,,,False,53.63388880359377,74.84958174202671,18.956105429929423,-53.93761870800161,130.46981373169098,1.3422009343160823,20.298306364245505,-55.138634395754494,-75.43694076,False,0.03647887708332762
2024-03-13,31.9856,19.565527581161522,11.600074596068229,126.19703797626457,76.30204842,53.10034994,23.201698479999997,2024-02-29,aylık,-56.73652083883849,-0.0,2214.0,agort03,23.940481635678587,ara_deger,5.374948647908988,ara_deger,0.19308154307280553,-0.0058802356196269966,53.004226341392396,1.3746279995507926e-05,-1.078786739208576,-1.072906503588949,18.5655329877696,False,,,False,53.08726832860572,73.10976964765885,18.188397841528687,-55.18163664122993,128.17631584212896,1.377129739632835,19.565527581161522,-56.73652083883849,-76.30204842,False,0.03517046951224655
2024-03-14,32.039,19.90774200193514,11.487951402977622,125.95405263758451,77.64209123,54.44039275,23.201698479999997,2024-02-29,aylık,-57.734349228064865,-0.0,2224.4,agort03,23.93298010115164,ara_deger,5.370090628765794,ara_deger,-0.165766602988411,-0.005856629027250054,53.236520937001714,1.1803296188495072e-05,0.001749969897462289,0.007606598924712343,18.562889472385844,False,,,False,53.33663941741217,72.61741322017234,18.596331252535972,-55.25001357505023,127.93333050344891,1.311410749399169,19.90774200193514,-57.734349228064865,-77.64209123,False,0.03578800043342635
2024-03-15,32.0629,21.274079325326156,11.490013629459593,127.90079137303789,79.17038296,55.96868448,23.201698479999997,2024-02-29,aylık,-57.89630363467384,-0.0,2215.47,agort03,23.92547856662469,ima,5.3652326096226,haftalik_bilanco,0.8597105927283397,-0.7730419226400491,53.00618,0.007915699922779518,-2.524340066118797,-1.751298143478748,18.56024595700209,False,,,False,53.122515972888934,74.77827540014896,19.62202364726834,-54.700631525145454,129.88006923890228,1.6520556780578168,21.274079325326156,-57.89630363467384,-79.17038296,False,0.038281911197572946
2024-03-18,32.1214,18.894346292502817,11.454382530026711,124.68492817745877,78.4909105,55.28921202,23.201698479999997,2024-02-29,aylık,-59.59656420749718,-0.0,2261.79,agort03,23.597562178810524,ara_deger,5.379099465451767,ara_deger,0.3292076212303957,-0.25973931528423616,53.372730160411855,0.0010293372021058511,-1.7052716941282644,-1.4455323788440282,18.218462713358758,False,,,False,54.23317643765001,70.45175173980877,17.19172218520986,-58.55986402168669,126.66420604332313,1.7026241072929587,18.894346292502817,-59.59656420749718,-78.4909105,False,0.03399647134449333
2024-03-19,32.2448,18.673459720637126,11.4477652210589,124.95558297991542,79.65270530999999,56.45100683,23.201698479999997,2024-02-29,aylık,-60.97924558936286,-0.0,2279.86,agort03,23.4882567162058,ara_deger,5.383721750728156,ara_deger,-1.5426874244083506,-0.25003153188727867,53.54993695700896,0.004853891698474833,0.004246856974070123,0.2542783888613488,18.104534965477644,False,,,False,54.66645870445123,70.28912427546419,17.101582580757206,-59.12631397096693,126.9348608457798,1.5718771398799198,18.673459720637126,-60.97924558936286,-79.65270530999999,False,0.03358608700051904
2024-03-20,32.2791,15.482086675279051,8.877914223135093,123.7094622771871,80.56962383,57.36792535,23.201698479999997,2024-02-29,aylık,-65.08753715472095,-0.0,2194.65,agort03,23.378951253601077,ara_deger,5.388344036004544,ara_deger,2.261239421179709,-0.2643511105184554,51.30861536871561,0.007159789315588139,-2.028482597564318,-1.7641314870458626,17.990607217596533,False,,,False,52.50805153624288,71.20141074094423,16.436691016787954,-60.26751587976377,125.69282151608935,-0.9546043415089027,15.482086675279051,-65.08753715472095,-80.56962383,False,0.02781654675833881
2024-03-21,32.3294,18.904143349397142,10.931636683637803,126.4312663650372,81.70520121999999,58.50350274,23.201698479999997,2024-02-29,aylık,-62.80105787060285,-0.0,2320.34,agort03,23.269645790996357,ara_deger,5.392966321280934,ara_deger,-0.4453080855906167,-0.2615131703187369,53.99348991468049,0.0014189700998592514,-0.2527455200245056,0.008767650294231266,17.876679469715423,False,,,False,55.51524493728194,70.91602142775525,20.13730171299189,-57.04321552838742,128.41462560393944,-1.2331583635947467,18.904143349397142,-62.80105787060285,-81.70520121999999,False,0.03397044371718913
2024-03-22,32.3105,16.731747636217328,10.881546556073102,123.82347915728474,80.28094924,57.07925076,23.201698479999997,2024-02-29,aylık,-63.54920160378267,-0.0,2295.43,agort03,23.160340328391634,ima,5.397588606557322,haftalik_bilanco,0.8133564013427925,1.3947537519715356,53.16294,0.013639421819132025,0.025569847958509584,-1.369183904013026,17.762751721834313,False,,,False,54.91926126618731,68.90421789109743,15.205804336051749,-62.45102325015515,125.80683839618702,1.5259433001655793,16.731747636217328,-63.54920160378267,-80.28094924,False,0.030135837200993672
2024-03-25,31.9675,16.980415109095176,10.862039039649643,123.19333121233726,79.71019798,56.5084995,23.201698479999997,2024-02-29,aylık,-62.72978287090483,-0.0,2341.22,agort03,23.79405161622379,ara_deger,5.435561880887311,ara_deger,-0.8872658089088106,0.4553205779263335,55.707109524935454,0.004798669698760083,1.4006140960525866,0.9452935181262531,18.358489735336477,False,,,False,56.01480892975306,67.1785222825842,14.820528286541018,-64.26523033414864,125.17669045123954,2.1598868225541583,16.980415109095176,-62.72978287090483,-79.71019798,False,0.030540791762832552
2024-03-26,32.0592,17.148507854219694,10.853983037630385,123.74106981734369,79.37299844,56.17129996,23.201698479999997,2024-02-29,aylık,-62.22449058578031,-0.0,2292.89,agort03,24.005288712167843,ara_deger,5.448219638997308,ara_deger,-0.9621840314438905,0.44502423925963763,55.04148643524252,0.005148169333347941,-0.13025055434137944,-0.5752747936010171,18.557069073170535,False,,,False,54.85849055062808,68.8825792667156,15.219834025802268,-64.34223493971497,125.72442905624595,1.928673828417427,17.148507854219694,-62.22449058578031,-79.37299844,False,0.030861654387827963
2024-03-27,32.1005,17.136857027149112,10.819704646345073,122.38712868096135,80.48806059,57.28636211,23.201698479999997,2024-02-29,aylık,-63.35120356285089,-0.0,2241.04,agort03,24.216525808111896,ara_deger,5.460877397107304,ara_deger,0.9829835332207479,0.45543178235550424,54.27020299701108,0.005203771547941272,-0.7848225205116406,-1.2402543028671449,18.755648411004593,False,,,False,51.90324908953878,70.48387959142258,15.319478357034939,-64.71890095330988,124.34964707714835,1.8173786701141736,17.136857027149112,-63.35120356285089,-80.48806059,False,0.030801078918013723
2024-03-28,32.165,17.993418374009018,10.841410570495881,122.58655960785467,81.124755,57.923056519999996,23.201698479999997,2024-02-29,aylık,-63.131336625990976,-0.0,2293.45,agort03,24.427762904055946,ara_deger,5.473535155217301,ara_deger,-1.3921880281521948,0.440846129991609,56.02385283230711,0.007292826181955814,1.167958491862692,0.727112361871083,18.954227748838644,False,,,False,53.11708252614979,69.46947708170488,16.173819679776155,-64.34086997539626,124.54907800404166,1.8195986942328624,17.993418374009018,-63.131336625990976,-81.124755,False,0.032331631350845096
2024-03-29,32.2596,17.776594595097272,10.873385007873626,123.79871466311937,81.10018632,57.89848784,23.201698479999997,2024-02-29,aylık,-63.323591724902734,-0.0,2220.0,agort03,24.639,irfcl_pdf,5.486192913327297,haftalik_bilanco,2.6848404974097764,-1.0377335471867632,54.69858,0.030817456432272294,-3.2166426607304177,-2.1789091135436545,19.152807086672702,False,,,False,51.415955529029425,72.38275913408995,15.454882081612915,-65.53611791838708,125.76123305930638,2.321712513484357,17.776594595097272,-63.323591724902734,-81.10018632,True,0.031958343136273326
2024-04-01,32.2854,17.79747161255552,10.867479758652518,123.38465425770607,81.65877075,58.45707227,23.201698479999997,2024-02-29,aylık,-63.86129913744448,-0.0,2360.18,agort03,24.607878992293603,ara_deger,5.894755975135414,ara_deger,-1.0977117961864966,-0.3850643076606251,58.07902384003151,0.004907164023639332,2.534124802111913,2.9191891097725384,18.71312301715819,False,,,False,54.662572036263356,68.72208222144272,15.516014731116849,-64.89238526888315,125.34717265389308,2.28145688143867,17.79747161255552,-63.86129913744448,-81.65877075,False,0.03202528005078807
2024-04-02,32.3568,19.08626486549968,10.952703975671266,123.82401512999604,81.42592678,58.2242283,23.201698479999997,2024-02-29,aylık,-62.33966191450032,0.10918631999999917,2301.52,agort03,24.576757984587207,ara_deger,6.030943662404786,ara_deger,0.025036849334944586,-0.38529017439885055,56.563900036687144,0.00011293336910864205,1.4912204218675695,1.8765105962664201,18.545814322182423,False,,,False,53.30398647259991,70.52002865739613,16.867482538446325,-62.95931746155367,125.78653352618306,2.218782327053354,19.08626486549968,-62.33966191450032,-81.42592678,False,0.03432749680422619
2024-04-03,32.1302,18.836966965658476,10.977229584627546,123.90126732070992,79.635846,56.54333384,23.09251216,2024-03-29,haftalık,-60.798879034341525,-0.0,2302.87,agort03,24.54563697688081,ara_deger,6.167131349674158,ara_deger,0.4563382947235399,-0.38944444929509886,56.52541102494951,0.0020771374481241556,2.4410615735912864,2.8305060228863854,18.378505627206653,False,,,False,56.40814713283783,67.49312018787208,16.32944413666893,-62.91575586333107,126.53645038001629,2.507522828989547,18.836966965658476,-60.798879034341525,-79.635846,False,0.03388396293386445
2024-04-04,31.9392,20.355367197675584,10.979065568329826,125.49243287972782,78.25501038,55.16249822,23.09251216,2024-03-29,haftalık,-57.89964318232442,0.0010000000000047748,2327.7,agort03,24.514515969174415,ara_deger,6.303319036943531,ara_deger,-0.2320106489166175,-0.3873129365210994,57.06243882144728,0.0010657563869956033,2.9809972200411043,3.368310156562204,18.211196932230884,False,,,False,57.016350936486475,68.47608194324134,17.439908357128544,-61.22369164287146,128.12761593903417,2.915458840547039,20.355367197675584,-57.89964318232442,-78.25501038,False,0.03664332528834417
2024-04-05,31.8396,21.256957750725512,10.72619232025528,126.33390791545459,76.66048760999999,53.568975449999996,23.091512159999994,2024-03-31,aylık,-55.40352985927448,-0.0,2314.96,agort03,24.48339496146802,ima,6.439506724212903,haftalik_bilanco,1.7067713883619642,-0.08607844708372327,56.67808,0.0016895603555953098,0.24456289541247367,0.3306413424961969,18.043888237255118,False,,,False,56.70428825189189,69.62961966356269,19.748933340871115,-58.333066659128875,128.96909097476097,1.5080244098543965,21.256957750725512,-55.40352985927448,-76.66048760999999,False,0.03825279414652288
2024-04-08,31.9209,22.747444464285152,10.768898120040474,127.58654261258887,76.15693424,53.06542208,23.091512159999994,2024-03-31,aylık,-53.409489775714846,-0.0,2409.55,agort03,24.428915955065303,ara_deger,6.420751586202093,ara_deger,,,58.86269443952761,,,,18.00816436886321,False,,,False,59.02124345878378,68.56529915380509,21.330125466387226,-55.007074533612766,130.22172567189523,1.417318997897926,22.747444464285152,-53.409489775714846,-76.15693424,False,0.04090192306983471
2024-04-09,32.006,22.594617352996313,10.78241136036993,128.02276066999434,75.42763864,52.33612648,23.091512159999994,2024-03-31,aylık,-52.83302128700369,-0.0,2409.55,ffill,24.410756286264398,ara_deger,6.414499873531824,ara_deger,-0.9302264939741477,-0.4692412577591293,58.81893780956839,0.004828944248241318,1.5480218706174358,2.017263128376565,17.996256412732574,True,,,False,59.02124345878378,69.00151721121057,21.243391239142664,-54.512208760857334,130.65794372930074,1.3512261138536488,22.594617352996313,-52.83302128700369,-75.42763864,False,0.040589639327231794
2024-04-15,32.006,19.418211304130477,9.434509373242516,126.94898264268576,73.54429445,50.45278229,23.091512159999994,2024-03-31,aylık,-54.126083145869515,-0.0,2357.86,agort03,24.301798273458967,ara_deger,6.492384354370865,ara_deger,0.5800526113446942,-0.1204128317874904,57.30023807705796,0.0008203222707459101,0.08012245344586866,0.20053528523335906,17.8094139190881,False,,,False,57.728417643846974,69.2205649988388,17.534944604136722,-54.731055395863265,129.04687361744672,1.8832666999937544,19.418211304130477,-54.126083145869515,-73.54429445,False,0.034883449491571634
2024-04-16,32.3271,17.89495912098518,9.560485815306661,125.92322635404363,71.23489075999998,48.1433786,23.091512159999994,2024-03-31,aylık,-53.33993163901481,-0.0,2390.43,agort03,24.283638604658062,ara_deger,6.524597560654147,ara_deger,1.7750161523481962,-0.12544760065216365,58.04833822973277,0.0025173844323325145,-1.6508468307216182,-1.5253992300694545,17.759041044003915,False,,,False,58.52584181774199,67.39738453630164,16.126992492367084,-55.55740750763292,128.02111732880462,1.7679666286180975,17.89495912098518,-53.33993163901481,-71.23489075999998,False,0.032214396510571244
2024-04-17,32.4049,17.80261534521014,11.03507262790504,126.15695790770476,69.54379085,46.45227869,23.091512159999994,2024-03-31,aylık,-51.74117550478985,-0.0,2490.38,agort03,24.265478935857157,ara_deger,6.5568107669374305,ara_deger,-0.3492149362911015,-0.12445424755550341,60.43026343227995,0.0004966765483300772,-0.2268533363729172,-0.1023990888174138,17.708668168919726,False,,,False,60.40610453976883,65.75085336793593,16.10229212248765,-55.00050787751235,128.36897163700553,1.7003232227224885,17.80261534521014,-51.74117550478985,-69.54379085,False,0.03197135447601601
2024-04-18,32.4626,15.378990746274173,10.94694861163308,124.80430874640976,67.78435854,44.692846380000006,23.091512159999994,2024-03-31,aylık,-52.40536779372583,-0.0,2470.66,agort03,24.247319267056252,ara_deger,6.589023973220714,ara_deger,-0.4296263244990173,-0.12322867550469639,59.9068818203452,0.000612786025399048,1.9893150198223162,2.1125436953270125,17.658295293835536,False,,,False,59.92778059662592,64.87652814978384,13.809244484422074,-56.71195551557792,127.0163224757105,1.5697462618520994,15.378990746274173,-52.40536779372583,-67.78435854,False,0.02766422287859209
2024-04-19,32.4551,16.641111812935407,10.846998252971026,126.10204227422415,67.58674126999999,44.49522911,23.091512159999994,2024-03-31,aylık,-50.945629457064584,-0.0,2446.33,agort03,24.229159598255347,ima,6.621237179503997,haftalik_bilanco,-1.196458328354151,1.0867215631712561,59.27252000000001,0.015523745199986339,0.3904824829877891,-0.696239080183467,17.60792241875135,False,,,False,59.337637516673226,66.76440475755092,15.054050026035968,-54.88554997396403,128.31405600352485,1.5870617868994383,16.641111812935407,-50.945629457064584,-67.58674126999999,False,0.029941471908882262
2024-04-22,32.5096,15.885266782734947,10.911831828136918,124.54894288043917,67.57203851,44.48052635,23.091512159999994,2024-03-31,aylık,-51.686771727265054,-0.0,2378.38,agort03,24.607937495983798,ara_deger,6.543098367887743,ara_deger,-0.5061767923692511,0.71594583798362,58.52702638169795,0.004267602065279541,1.033911322386622,0.3179654844030021,18.064839128096054,False,,,False,57.68945739818638,66.8594854822528,14.234618912567365,-53.96018108743264,126.76095660973989,1.6506478701675817,15.885266782734947,-51.686771727265054,-67.57203851,False,0.028582378930008038
2024-04-24,32.5,14.969410092307692,10.673949107692307,123.4950390733982,66.36633000999998,43.27481785,23.091512159999994,2024-03-31,aylık,-51.396919917692294,-0.0,2350.36,agort03,24.860456094469434,ara_deger,6.491005826810241,ara_deger,-0.5172837195372886,0.35368399414674856,58.43102158619718,0.002144462422524529,2.925257522062508,2.5715735279157594,18.369450267659193,False,,,False,56.94724755335544,66.54779152004276,13.347069938461539,-53.68453006153846,125.52554507692308,1.622340153846153,14.969410092307692,-51.396919917692294,-66.36633000999998,False,0.026942418636219576
2024-04-25,32.4742,15.358490062880685,10.663877385740063,124.72147624700014,64.3575079,41.26599574,23.091512159999994,2024-03-31,aylık,-48.99901783711932,-0.0,2322.2,agort03,24.98671539371225,ara_deger,6.46495955627149,ara_deger,0.5869544424884986,0.35851055765314305,58.02415048727858,0.0024132817531891115,1.4452724234376833,1.0867618657845401,18.521755837440757,False,,,False,56.26495441906856,68.45652182793158,13.735529774405528,-52.714470225594475,126.75198225052502,1.6229602884751575,15.358490062880685,-48.99901783711932,-64.3575079,False,0.027617494664704426
2024-04-26,32.4747,15.712457543872615,10.665859730805828,124.11263397929253,62.67726616999999,39.585754009999995,23.091512159999994,2024-03-31,aylık,-46.96480862612737,-0.0,2353.89,agort03,25.112974692955067,ima,6.438913285732738,haftalik_bilanco,0.2661053750529182,-0.2824057139287019,59.11318,0.0008496713504024811,1.8249066648103351,2.107312378739037,18.67406140722233,False,,,False,57.032776486737276,67.07985749255525,14.009235681930857,-51.85916431806915,126.1431399828174,1.703221861941758,15.712457543872615,-46.96480862612737,-62.67726616999999,False,0.02825356147924438
2024-04-29,32.4527,18.376682618087248,10.642300055157198,123.74895927979514,63.27403887999999,40.18252672,23.091512159999994,2024-03-31,aylık,-44.89735626191275,-0.0,2368.14,agort03,25.133243673238766,ara_deger,6.578434385371165,ara_deger,-0.14843847430294083,-0.09381723232461857,59.51903967234365,0.0001590028258063314,3.45057523082315,3.544392463147769,18.554809287867602,False,,,False,57.37804201101242,66.37091726878273,16.57913187500578,-47.54446812499422,125.77946528332004,1.7975507430814694,18.376682618087248,-44.89735626191275,-63.27403887999999,False,0.03301021081711352
2024-04-30,32.3389,21.875247859389155,10.616857839938897,124.97949108975908,63.495909579999996,40.40439742,23.091512159999994,2024-03-31,aylık,-41.62066172061084,-0.0,2360.14,agort03,25.14,evds_aylik,6.6249414185839735,ara_deger,-0.5987769945229886,-0.9187564826048598,59.3339196,0.006382117159429601,2.824152082750296,3.742908565355156,18.515058581416028,False,,,False,57.18420873422637,67.79528235553272,20.03395854528138,-43.50804145471862,127.00999709328394,1.841289314107776,21.875247859389155,-41.62066172061084,-63.495909579999996,True,0.03929794411896169
2024-05-02,32.3091,22.938193481093563,10.613779523416003,125.14133453479529,62.33655842999999,39.245046269999996,23.091512159999994,2024-03-31,aylık,-39.398364948906426,-0.0,2327.8,agort03,24.838325311977275,ara_deger,6.7179554850095915,ara_deger,0.17594879101985686,-0.4612944552052683,57.81865366122071,0.0009581069514233709,2.2316373570849874,2.6929318122902557,18.120369826967682,False,,,False,58.45798249026082,66.68335204453447,20.97871769872884,-40.81128230127116,127.20440451761269,1.9594757823647235,22.938193481093563,-39.398364948906426,-62.33655842999999,False,0.04124541931516305
2024-05-03,32.3199,22.943734015266138,10.644281139483724,126.91315546961285,59.9040112,36.812499040000006,23.091512159999994,2024-03-31,aylık,-36.96027718473386,-0.04609042000000585,2337.51,agort03,24.68748796796591,ima,6.7644625182224,haftalik_bilanco,0.18604100416833144,1.1784983629462935,57.70725,0.002605065187760547,2.7613072076339136,1.58280884468762,17.923025449743513,False,,,False,58.7018294745294,68.21132599508346,21.07873715574615,-39.83526284425385,128.97622545243024,1.8649968595199873,22.943734015266138,-36.96027718473386,-59.9040112,False,0.04124162071550265
2024-05-06,32.2472,26.342346839415516,10.658431801830856,128.349747254028,60.34112515,37.203522570000004,23.13760258,2024-04-30,aylık,-33.998778310584484,-0.0,2347.89,agort03,25.032593061393825,ara_deger,6.60762826911455,ara_deger,-0.04256166867016412,0.39244629435501754,58.77377492291595,0.0001932466468762689,3.0103085994198566,2.617862305064839,18.424964792279276,False,,,False,58.96250215184227,69.38724510218572,24.44061841028058,-33.84538158971942,130.41281723684537,1.9017284291349341,26.342346839415516,-33.998778310584484,-60.34112515,False,0.04737582846685126
2024-05-07,32.2242,28.498262020469085,10.68460005213473,129.18193206533272,59.50312515,36.36552257,23.13760258,2024-04-30,aylık,-31.004863129530918,-0.0,2345.58,agort03,25.147628092536465,ara_deger,6.5553501860786,ara_deger,-0.16826011505343863,0.3909321106716931,58.98577350129168,0.0007570918416580363,2.9032916727209557,2.5123595620492627,18.592277906457866,False,,,False,58.90449118030155,70.27744088503117,26.64368269809646,-30.766317301903538,131.24500204815013,1.8545793223726257,28.498262020469085,-31.004863129530918,-59.50312515,False,0.05120156610104442
2024-05-08,32.2073,29.539691808999827,10.490998282997955,130.68973734783555,58.00312515,34.86552257,23.13760258,2024-04-30,aylık,-28.463433341000176,-0.0,2336.53,agort03,25.262663123679104,ara_deger,6.50307210304265,ara_deger,-0.6835994967919934,0.38483522079102533,59.02697026836994,0.00304844494033385,2.964452409876042,2.579617189085017,18.759591020636453,False,,,False,57.68305626179139,73.00668108604415,27.77495297649912,-28.75904702350088,132.8110728002658,1.7647388325007078,29.539691808999827,-28.463433341000176,-58.00312515,False,0.053100455440431835
2024-05-09,32.207,29.91215226503555,10.460294345949638,131.59621728455238,56.125436629999996,32.98783405,23.13760258,2024-04-30,aylık,-26.213284364964444,-0.0,2300.09,agort03,25.37769815482174,ara_deger,6.4507940200067,ara_deger,1.1607870305882049,0.39509653408360645,58.37098974892394,0.0051306566462865355,3.002310074469527,2.6072135403859207,18.92690413481504,False,,,False,56.78344420023871,74.81277308431368,28.177901481044493,-27.480098518955508,133.71755273698264,1.7342507839910581,29.91215226503555,-26.213284364964444,-56.125436629999996,False,0.05377048911737278
2024-05-10,32.177,32.47877135842372,10.453397644280075,134.36259409351874,54.535855319999996,31.39825274,23.13760258,2024-04-30,aylık,-22.057083961576275,-0.0,2361.42,agort03,25.49273318596438,ima,6.3985159369707505,haftalik_bilanco,-0.1957157268021847,-0.2326949342104564,60.19905,0.0005072204637812383,1.7533572814288017,1.986052215639258,19.09421724899363,False,,,False,58.297527837314064,76.06506625620467,30.872113341828015,-23.90988665817198,136.48392954594897,1.6066580165957056,32.47877135842372,-22.057083961576275,-54.535855319999996,False,0.058438614511825145
2024-05-13,32.1534,31.73655249522601,10.16908939645574,133.45176922701268,52.520303150000004,29.38270057,23.13760258,2024-04-30,aylık,-20.783750654773993,-0.0,2351.17,agort03,25.4671332491225,ara_deger,6.471885846720335,ara_deger,0.0554661224150157,-0.07766130872081775,59.87755968133935,4.816532534117346e-05,1.892405751042052,1.9700670597628698,18.995247402402164,False,,,False,58.04448108564241,75.40728814137026,30.208779631392016,-21.94522036860798,135.57310467944293,1.5277728638339951,31.73655249522601,-20.783750654773993,-52.520303150000004,False,0.05704663858564198
2024-05-14,32.1496,32.41501667205813,10.159386399830792,134.1991747249903,51.26059845,28.12299587,23.13760258,2024-04-30,aylık,-18.845581777941874,-0.0,2354.09,agort03,25.45859993684188,ara_deger,6.496342483303529,ara_deger,0.47860737812730375,-0.07849397503015734,59.9318355253201,0.00041633315466138576,1.332053715278102,1.4105476903082594,18.96225745353835,False,,,False,58.11656855050888,76.08260617448144,30.856546986587702,-20.421453013412297,136.32051017742057,1.5584696854704276,32.41501667205813,-18.845581777941874,-51.26059845,False,0.058273056440651415
2024-05-15,32.1946,32.774343771936906,10.208052406304162,135.51952376560016,49.76059845,26.62299587,23.13760258,2024-04-30,aylık,-16.986254678063098,-0.0,2379.33,agort03,25.450066624561252,ara_deger,6.520799119886724,ara_deger,0.13496567730833145,-0.0787291933655564,60.554107021817316,0.00011760916769953944,1.8790253978557168,1.9577545912212733,18.929267504674527,False,,,False,60.65562485136061,74.86389891423954,31.063446696029764,-19.338553303970237,137.60141331154912,1.7108970759071411,32.774343771936906,-16.986254678063098,-49.76059845,False,0.05893825424221158
2024-05-16,32.2296,34.019346935736095,10.191805234939311,137.69644763477933,49.007857709999996,25.87025513,23.13760258,2024-04-30,aylık,-14.9885107742639,-0.0,2386.46,agort03,25.441533312280626,ara_deger,6.545255756469919,ara_deger,0.12377061799056355,-0.07894527753060593,60.715201588425224,0.00010804208252898628,2.0258276295992954,2.1047729071299015,18.896277555810705,False,,,False,60.83738803897655,76.85905959580279,32.40322498572741,-17.122775014272584,139.77833718072827,1.616121950008683,34.019346935736095,-14.9885107742639,-49.007857709999996,False,0.06121600662067533
2024-05-17,32.1573,35.66410743439281,10.202365466006164,139.11837266511972,48.49245973,25.35485715,23.13760258,2024-04-30,aylık,-12.82835229560719,-0.0,2393.01,agort03,25.433,irfcl_pdf,6.569712393053114,haftalik_bilanco,0.6307883375762964,-0.1520704479336783,60.86142333000001,0.0010478756576278725,1.8510199846303392,2.0030904325640178,18.863287606946887,False,,,False,61.00436544134461,78.1140072237751,33.839777593268096,-14.810222406731903,141.20026221106872,1.8243298411247153,35.66410743439281,-12.82835229560719,-48.49245973,True,0.0640986807609871
2024-05-20,32.194,37.348184848108346,10.288319997515064,141.05723442124983,47.60877429,24.47117171,23.13760258,2024-04-30,aylık,-10.260589441891653,-0.0,2426.45,agort03,25.402518463648065,ara_deger,6.601902845793754,ara_deger,0.07313439475345943,-0.05077141399042478,61.637940926118844,4.063233959503143e-05,1.411985827423502,1.4627572414139267,18.800615617854312,False,,,False,61.85684243908325,79.20039198216658,35.602876498726474,-12.043623501273522,143.13912396719886,1.7453083493818724,37.348184848108346,-10.260589441891653,-47.60877429,False,0.06716466331360489
2024-05-21,32.156,37.481818665256874,10.251833592486628,142.24700363106305,46.29377429,23.15617171,23.13760258,2024-04-30,aylık,-8.811955624743128,-0.15754026999999837,2430.34,agort03,25.39235795153075,ara_deger,6.6126329967073,ara_deger,-0.2790667128286789,-0.050460978737777586,61.71206322392325,0.0001552176263192595,3.4233111768728106,3.4737721556105883,18.77972495482345,False,,,False,61.95600917117666,80.29099445988639,35.68199157233487,-11.630008427665125,144.32889317701208,1.7998270929220013,37.481818665256874,-8.811955624743128,-46.29377429,False,0.06736835033071041
2024-05-22,32.1556,39.90982146189155,10.240051655077187,144.42011918476902,45.58931455999999,22.294171709999997,23.295142849999998,2024-05-17,haftalık,-5.679493098108438,-0.0,2415.48,agort03,25.38219743941344,ara_deger,6.623363147620847,ara_deger,-0.9304381808729109,-0.049424801851447014,61.31019027095437,0.0005180884431653654,2.372504819402752,2.421929621254199,18.758834291792592,False,,,False,61.14461773816239,83.27550144660663,38.12938894002911,-8.84811105997089,146.49511139583774,1.7804325218624442,39.90982146189155,-5.679493098108438,-45.58931455999999,False,0.07173323801026493
2024-05-23,32.1209,41.149262878686464,10.15923716334225,142.10014631244712,45.46750383,22.17236098,23.295142849999998,2024-05-17,haftalık,-4.318240951313534,-0.0,2365.88,agort03,25.37203692729613,ara_deger,6.634093298534394,ara_deger,-0.3891870891693809,-0.04899090278029609,60.02719472555137,0.00021694953557543917,2.4438587009660786,2.4928496037463748,18.737943628761734,False,,,False,59.8890606481377,82.21108566430942,38.11291392831459,-8.53008607168541,144.17513852351584,3.036348950371874,41.149262878686464,-4.318240951313534,-45.46750383,False,0.07404074485922604
2024-05-24,32.1421,42.17126824320751,9.034738676066592,142.2772627753821,45.55933607,22.264193220000003,23.295142849999998,2024-05-17,haftalık,-3.3880678267924935,-0.0,2345.11,agort03,25.361876415178816,ima,6.644823449447941,haftalik_bilanco,0.056899841015821184,0.32216818577713224,59.47639,0.00020854529837584235,0.6748207504983632,0.35265256472123097,18.717052965730876,False,,,False,59.36329611668986,82.91396665869223,40.34863493673407,-5.959865063265923,144.35225498645082,1.8226333064734348,42.17126824320751,-3.3880678267924935,-45.55933607,False,0.07582970283483714
2024-05-27,32.1452,42.85603844430894,8.987788285653844,142.97533468066007,45.55933607,22.264193220000003,23.295142849999998,2024-05-17,haftalık,-2.7032976256910572,-0.0,2348.15,agort03,25.4166186375186,ara_deger,6.562364817593088,ara_deger,0.04694709201161041,0.10750327196802005,59.6820330536893,5.6938354490762566e-05,1.6651835447175676,1.5576802727495476,18.85425381992551,False,,,False,59.44024961575588,83.5350850649042,41.026246811343526,-4.278753188656474,145.05032689172876,1.8297916329654171,42.85603844430894,-2.7032976256910572,-45.55933607,False,0.07705359502425045
2024-05-28,32.1311,44.19064090554011,8.91348463015583,142.23895256517613,45.25611155,21.960968700000002,23.295142849999998,2024-05-17,haftalık,-1.065470644459893,-0.0,2350.64,agort03,25.43486604496519,ara_deger,6.534878606974805,ara_deger,-0.010016993342130092,0.10747903315044567,59.788213519936974,1.2119408787186065e-05,1.894185767848421,1.7867067346979755,18.899987437990386,False,,,False,59.5032806067672,82.73567195840894,42.45270532288032,-2.5177946771196815,144.31394477624482,1.7379355826597873,44.19064090554011,-1.065470644459893,-45.25611155,False,0.0794879650946185
2024-05-29,32.1203,45.6437882896486,8.882463239758035,143.32915761255984,44.856111549999994,21.5609687,23.295142849999998,2024-05-17,haftalık,0.7876767396486031,-0.0,2350.11,agort03,25.453113452411785,ara_deger,6.50739239635652,ara_deger,0.020840293161659064,0.10752934013032538,59.81761645564746,2.5153489935685752e-05,0.9764855576107748,0.8689562174804495,18.945721056055262,False,,,False,59.6031993820759,83.72595823048394,43.91406036058194,-0.7219396394180535,145.4397325990106,1.7297279290666552,45.6437882896486,0.7876767396486031,-44.856111549999994,False,0.08212937149903923
2024-05-30,32.1874,46.12291946538087,8.864268564717872,143.14780795221466,44.356111549999994,21.0609687,23.295142849999998,2024-05-17,haftalık,1.7668079153808733,-0.0,2351.21,agort03,25.47136085985838,ara_deger,6.479906185738236,ara_deger,-0.14281573914938311,0.10718542332247749,59.88851836730762,0.00017195840392394968,1.4339051528131028,1.3267197294906254,18.991454674120142,False,,,False,59.63109744613259,83.51671050608206,44.34230021685505,0.04080021685505386,145.25838293866548,1.7806192485258165,46.12291946538087,1.7668079153808733,-44.356111549999994,False,0.0829615799150318
2024-05-31,32.2489,47.22166867707116,8.922114552744436,143.6192269602823,44.10592536,20.81078251,23.295142849999998,2024-05-17,haftalık,3.115743317071157,-0.0,2343.69,agort03,25.489608267304973,ima,6.452419975119952,haftalik_bilanco,-0.19665415505826989,0.03639770559908859,59.73973999999999,8.056800040256995e-05,0.9180166017048821,0.8816188961057935,19.03718829218502,False,,,False,59.440376135490446,84.17885082479185,45.45997885199185,1.4929788519918503,145.72980194673306,1.7616898250793085,47.22166867707116,3.115743317071157,-44.10592536,True,0.08492212059732526
2024-06-03,32.1339,47.721543634603954,8.900627063630623,144.5619916799047,43.90592536,20.61078251,23.295142849999998,2024-05-17,haftalık,3.815618274603956,-0.0,2333.36,agort03,25.526633295602842,ara_deger,6.473846165004937,ara_deger,0.1373705952116116,0.012170057741345722,59.56282506662785,1.8744604159459666e-05,1.972923370223955,1.9607533124826093,19.052787130597906,False,,,False,59.17838795212165,85.38360372778305,45.849623170545755,2.908623170545752,146.67256666635546,1.8719204640581992,47.721543634603954,3.815618274603956,-43.90592536,False,0.08583171417701245
2024-06-04,32.1534,49.10770347770376,8.877648491294856,146.4636680485004,43.20476981,19.90962696,23.295142849999998,2024-05-17,haftalık,5.902933667703756,0.13892535999999822,2340.57,agort03,25.53897497170213,ara_deger,6.480988228299931,ara_deger,0.04345220977495216,0.012181912858539512,59.77575864951687,5.927558596907634e-06,0.8064001122677411,0.7942181994092016,19.0579867434022,False,,,False,59.36124708107509,87.10242096742532,47.27028382690478,4.671283826904784,148.5742430349512,1.837419650798978,49.10770347770376,5.902933667703756,-43.20476981,False,0.08842356438114495
2024-06-05,32.2687,49.42446652638625,8.879484577934655,145.9857930133366,42.66984445,19.51362696,23.15621749,2024-05-31,aylık,6.754622076386248,-0.0,2342.85,agort03,25.55131664780142,ara_deger,6.488130291594926,ara_deger,0.3151144704680972,0.01226786245820287,59.862902208301556,4.2974799827455445e-05,-0.2872922332986891,-0.29956009575689196,19.063186356206494,False,,,False,59.718328729055465,86.26746428428115,47.653034612488256,5.396034612488258,148.06735496006965,1.7714319138979917,49.42446652638625,6.754622076386248,-42.66984445,False,0.0889817443626076
2024-06-06,32.4547,49.30269788351148,8.940537117890473,145.6605342673746,42.45920103,19.30298354,23.15621749,2024-05-31,aylık,6.843496853511475,-0.0,2359.38,agort03,25.56365832390071,ara_deger,6.495272354889921,ara_deger,-0.10697364528615295,0.012238692630362398,60.314384176244864,1.4584913916038111e-05,1.147022323706794,1.1347836310764317,19.06838596901079,False,,,False,60.139671953714014,85.52086231366059,47.74572933966421,5.8307293396642095,147.74209621410768,1.556968543847269,49.30269788351148,6.843496853511475,-42.45920103,False,0.088557460112907
2024-06-07,32.1775,49.30735656903115,8.90798918498951,146.1267623792711,41.45635897,18.300141479999997,23.15621749,2024-05-31,aylık,7.850997599031153,-0.0,2353.77,agort03,25.576,irfcl_pdf,6.502414418184916,haftalik_bilanco,-0.7677118196680571,-0.562601834216831,60.20002152,0.004893997853320342,0.5170535507575708,1.0796553849744017,19.073585581815085,False,,,False,59.99667525133444,86.13008712793666,47.524880584259186,5.951880584259186,148.20832432600417,1.7824759847719633,49.30735656903115,7.850997599031153,-41.45635897,True,0.08856399937170743
2024-06-10,32.1923,47.86089866210242,8.894224736971262,144.4898988063041,40.27432378,17.11810629,23.15621749,2024-05-31,aylık,7.586574882102418,-0.0,2313.52,agort03,25.318857142857144,ara_deger,6.48845157859835,ara_deger,-0.007720466281343365,-0.18750071013654704,58.57568237714286,1.6617301199674597e-05,0.8273780472403783,1.0148787573769253,18.830405564258793,False,,,False,58.97071851857541,85.51918028772869,46.04010723061105,7.0638215163253335,146.5714607530372,1.8207914314913722,47.86089866210242,7.586574882102418,-40.27432378,False,0.08607461395403743
2024-06-11,32.3699,48.18595426615467,8.965939870064473,145.07027710744995,39.70800667,16.55178918,23.15621749,2024-05-31,aylık,8.477947596154664,-0.11664103000000381,2313.11,agort03,25.233142857142855,ara_deger,6.483797298736162,ara_deger,0.011812087701789738,-0.18755177794023384,58.36703507428571,2.5533901843396295e-05,1.029182924869536,1.21673470280977,18.749345558406695,False,,,False,58.960267779185806,86.11000932826414,46.42907806326247,8.318363777548186,147.15183905418306,1.7568762028921938,48.18595426615467,8.477947596154664,-39.70800667,False,0.08662957344893366
2024-06-12,32.3127,48.22079163920069,9.02104414053917,146.59473872152824,38.646744760000004,15.37388624,23.272858520000003,2024-06-07,haftalık,9.574046879200687,-0.0,2313.74,agort03,25.14742857142857,ara_deger,6.479143018873973,ara_deger,0.13571843596708008,-0.18814108418277864,58.184611382857135,0.0002946531212724146,1.5677465032507012,1.7558875874334798,18.668285552554597,False,,,False,58.77902449704091,87.81571422448734,46.466882742698694,9.221739885555834,148.65138304753242,1.753908896501997,48.22079163920069,9.574046879200687,-38.646744760000004,False,0.08669669590284676
2024-06-13,32.3073,48.35281376035756,8.839929582478264,146.95329259227748,37.2564165,13.983557979999999,23.272858520000003,2024-06-07,haftalık,11.096397260357563,-0.0,2321.01,agort03,25.061714285714285,ara_deger,6.474488739011785,ara_deger,-0.25092754488048374,-0.1870467741037671,58.168489474285714,0.0005471550395016456,2.1430879214229757,2.3301346955267426,18.5872255467025,False,,,False,58.96371400757084,87.98957858470663,46.772892473218135,10.393321044646704,149.00993691828165,1.5799212871394275,48.35281376035756,11.096397260357563,-37.2564165,False,0.08694856439272314
2024-06-14,32.2313,48.660138995324424,8.742639390902633,146.3096501765446,35.76887155,12.49601303,23.272858520000003,2024-06-07,haftalık,12.891267445324424,0.2548715500000007,2307.51,agort03,24.976,irfcl_pdf,6.469834459149596,haftalik_bilanco,0.49652042146101494,-0.2129307578041225,57.63236976,0.0012236718369827426,0.21311005702930508,0.4260408148334276,18.506165540850404,False,,,False,58.620755494207174,87.68889468233743,46.995568686339055,11.481568686339052,148.36629450254875,1.6645703089853683,48.660138995324424,12.891267445324424,-35.76887155,True,0.08755672374304384
2024-06-20,32.4579,47.4702540521722,8.836883039260087,145.61700666613433,33.775112480000004,10.75712551,23.017986970000003,2024-06-14,haftalık,13.695141572172197,-0.0,2334.34,agort03,24.99118000050726,ara_deger,6.576231145231419,ara_deger,0.576756198147234,-0.03596461073272103,58.33791112238412,0.0002380755493496256,0.08280727271430455,0.11877188344702558,18.414948855275842,False,,,False,58.54053220770441,87.07647445842991,45.89575942990766,13.263634429907661,147.68273116868312,1.5744946222645382,47.4702540521722,13.695141572172197,-33.775112480000004,False,0.08540336144382507
2024-06-21,32.5711,46.52876427262205,8.899590188848396,147.53430248456556,32.11135208,9.09336511,23.017986970000003,2024-06-14,haftalık,14.417412192622045,-0.0,2365.66,agort03,24.993710000591804,ima,6.593963926245056,haftalik_bilanco,-0.6071916204534427,-0.15665074945600346,59.12662,0.00110806434114874,-0.08936910314205715,0.06728164631394631,18.399746074346748,False,,,False,59.32597454632915,88.20832793823641,44.849390257006974,12.697577757006968,149.60002698711435,1.6793740156150747,46.52876427262205,14.417412192622045,-32.11135208,False,0.0837038064224422
2024-06-24,32.781,43.81715606601385,8.856302705835699,145.92816256618005,30.139592080000003,7.121605110000001,23.017986970000003,2024-06-14,haftalık,13.677563986013848,-0.0,2332.66,agort03,24.963407057723554,ara_deger,6.630816397991881,ara_deger,-0.10669567763963299,-0.05208663498097849,58.23114110726942,6.514075217661786e-05,0.37066737368427155,0.42275400866525004,18.33259065973167,False,,,False,58.49840120103488,87.42976136514517,42.27043586223727,11.55956086223727,147.99388706872884,1.5467202037765801,43.81715606601385,13.677563986013848,-30.139592080000003,False,0.07872144360215962
2024-06-25,32.8078,41.64598692993739,8.844646943714604,145.53842438887335,27.71610701,4.69812004,23.017986970000003,2024-06-14,haftalık,13.929879919937392,-0.0,2326.84,agort03,24.95330607676747,ara_deger,6.643100555240822,ara_deger,-0.09228343582849363,-0.05197381388442517,58.062350711665616,5.641054827665304e-05,-1.7886360253822138,-1.7366622114977885,18.310205521526647,False,,,False,58.352447356501166,87.1859770323722,40.18415337206396,9.953590872063959,147.60414889142214,1.4618335578734332,41.64598692993739,13.929879919937392,-27.71610701,False,0.07488621767064184
2024-06-26,32.9015,39.96908317249974,8.768004437487653,144.29182334220195,27.996765220000004,4.97877825,23.017986970000003,2024-06-14,haftalık,11.972317952499733,-0.0,2321.8,agort03,24.943205095811386,ara_deger,6.655384712489763,ara_deger,-0.15983555015023532,-0.05177816777652147,57.91313359145489,9.782305395597546e-05,0.5108771997527835,0.5626553675293049,18.287820383321623,False,,,False,58.03039587937405,86.2614274628279,38.5791097670319,8.8288597670319,146.27011032931628,1.3899734054678348,39.96908317249974,11.972317952499733,-27.996765220000004,False,0.07190865003669263
2024-06-27,32.904,40.551699884512516,8.779179339897883,143.78766219839497,28.217165380000004,5.19917841,23.017986970000003,2024-06-14,haftalık,12.334534504512511,-0.0,2313.06,agort03,24.9331041148553,ara_deger,6.667668869738705,ara_deger,0.3141654862160104,-0.052163192153639674,57.6717658039072,0.00019251218856319863,0.7332589489152286,0.7854221410688682,18.265435245116596,False,,,False,57.811950853968874,85.97571134442609,39.12794879042062,9.858011290420617,145.76594918550933,1.423751094091898,40.551699884512516,12.334534504512511,-28.217165380000004,False,0.07295130654852837
2024-06-28,32.8417,41.18533352414765,8.84572814440178,143.0230802076411,27.736825780000004,4.71883881,23.017986970000003,2024-06-14,haftalık,13.448507744147648,-0.0,2330.26,agort03,24.92300313389922,ima,6.679953026987646,haftalik_bilanco,0.18607911109049471,-0.19602144788968204,58.0770772828,0.00042714226444262593,0.4090808490445814,0.6051022969342634,18.24305010691157,False,,,False,58.24184266597906,84.78123754166205,39.39659850129561,10.606973501295606,145.00136719475543,1.7887350228520447,41.18533352414765,13.448507744147648,-27.736825780000004,False,0.07410653643607348
2024-07-01,32.8262,41.767304226502,8.832538886621052,144.34834877943797,27.736825780000004,4.71883881,23.017986970000003,2024-06-14,haftalık,14.030478446501995,-0.0,2340.46,agort03,24.899261781103736,ara_deger,6.739965059376991,ara_deger,0.15271968542971928,-0.16851317105833175,58.27572622820205,0.00030167607585787626,0.9724506929905401,1.1409638640488717,18.159296721726744,False,,,False,58.49677850798509,85.85157027145289,39.92824496895773,12.251406259280309,146.32663576655233,1.839059257544271,41.767304226502,14.030478446501995,-27.736825780000004,False,0.07506234335056693
2024-07-02,32.6207,42.513526870974566,8.819769992673363,145.03303278836563,27.37064694,4.3526599699999995,23.017986970000003,2024-06-14,haftalık,15.142879930974566,-0.0,2348.87,agort03,24.847523562207467,ara_deger,6.75996907017344,ara_deger,0.12028223737202792,-0.16899025688577995,58.36360266956225,0.00023854291372826797,1.2509294369774824,1.4199196938632623,18.087554492034027,False,,,False,58.706975609090065,86.32605717927557,40.53438598803827,13.009708568683429,147.01131977548,1.9791408829362993,42.513526870974566,15.142879930974566,-27.37064694,False,0.07649429703676701
2024-07-03,32.629,42.46311318152564,8.757246988874927,144.99106439242726,26.011544580000002,2.99355761,23.017986970000003,2024-06-14,haftalık,16.45156860152564,-0.0,2355.52,agort03,24.795785343311202,ara_deger,6.779973080969889,ara_deger,0.04720142812733228,-0.16917822152758322,58.4069682918764,9.398232089746078e-05,0.7635077849259753,0.9326860064535585,18.015812262341313,False,,,False,58.70663234196228,86.28443205046497,40.25100514879402,12.878489019761762,147.08230586288272,2.2121080327316207,42.46311318152564,16.45156860152564,-26.011544580000002,False,0.07638418783380836
2024-07-04,32.4929,43.233196883011374,8.716621477307351,145.85684291105557,26.011544580000002,2.99355761,23.017986970000003,2024-06-14,haftalık,17.22165230301137,-0.09217421999999686,2358.14,agort03,24.744047124414934,ara_deger,6.799977091766337,ara_deger,0.3551131459461151,-0.17059800025319366,58.34992728596783,0.0007098893628094682,2.2703395869397855,2.440937587192979,17.944070032648597,False,,,False,58.7719306101731,87.08491230088246,41.00502762141883,13.784672782709155,147.94808438151105,2.228169261592541,43.233196883011374,17.22165230301137,-26.011544580000002,False,0.07769687379518152
2024-07-05,32.5011,45.28266646359661,8.719602075006692,148.40357190509187,25.43258083,2.32241964,23.11016119,2024-06-30,aylık,19.850085633596613,-0.0,2377.93,agort03,24.69230890551867,ima,6.819981102562785,haftalik_bilanco,0.1449445784819745,0.05408803384242315,58.7165821157,9.192091382834167e-05,0.7880951821645445,0.7340071483221214,17.872327802955883,False,,,False,59.265156842192965,89.1384150628989,43.55736350461984,16.489169956232747,150.49481337554727,1.7253029589767692,45.28266646359661,19.850085633596613,-25.43258083,False,0.08149842457905412
2024-07-08,32.6301,46.22619385168908,8.730089702452643,149.32641109573345,25.43258083,2.32241964,23.11016119,2024-06-30,aylık,20.793613021689083,-0.0,2386.04,agort03,24.724361390236695,ara_deger,6.829365051194902,ara_deger,-0.7564214952512963,0.017709944940698913,58.99331525156037,0.00015969983672514676,1.4882037250394342,1.4704937800987352,17.894996339041793,False,,,False,59.46728239760889,89.85912869812455,44.584910803215436,17.97320112579608,151.4176525661889,1.641283048473646,46.22619385168908,20.793613021689083,-25.43258083,False,0.0831505556466952
2024-07-09,32.6401,46.93915937757544,8.703272998550863,150.51659545406378,25.440580830000002,2.33041964,23.11016119,2024-06-30,aylık,21.49857854757544,-0.0,2343.77,agort03,24.73504555180937,ara_deger,6.832493034072273,ara_deger,0.6323181549264772,0.017976829172208695,57.973257712964255,0.00013344211575916365,0.23679180038219572,0.21881497120998702,17.9025525177371,False,,,False,58.413787055138975,92.1028083989248,45.309707353837766,18.85015896674099,152.60783692451926,1.6294520237376773,46.93915937757544,21.49857854757544,-25.440580830000002,False,0.0844071993676126
2024-07-10,32.7362,47.67894288280253,8.573946548469278,151.1723862315105,25.440580830000002,2.33041964,23.11016119,2024-06-30,aylık,22.23836205280253,-0.0,2379.09,agort03,24.745729713382048,ara_deger,6.835621016949646,ara_deger,-0.22495096522719002,0.01788192356778728,58.872318103810095,4.745280220641579e-05,0.8787948371892252,0.860912913621438,17.910108696432403,False,,,False,58.74522519403041,92.42716103748009,46.259891862830756,19.952504766056563,153.21928052125784,1.419051019971775,47.67894288280253,22.23836205280253,-25.440580830000002,False,0.08577650479599834
2024-07-11,32.8849,47.78003165586637,7.998191449571079,151.89856292617858,25.46358083,2.3534196400000003,23.11016119,2024-06-30,aylık,22.316450825866365,-0.0,2366.53,agort03,24.75641387495472,ara_deger,6.8387489998270174,ara_deger,0.6066921326718182,0.018137775778427175,58.5867961274966,0.00012792610531142667,0.5204408977981707,0.5023031220197436,17.917664875127702,False,,,False,58.43508979417709,93.4634731320015,46.79490635519646,20.63968054874485,153.94545721592584,0.9851253006699068,47.78003165586637,22.316450825866365,-25.46358083,False,0.08585992253626883
2024-07-12,32.8473,48.9005219607091,7.993548723943825,153.83929236790803,25.46158083,2.35141964,23.11016119,2024-06-30,aylık,23.4389411307091,-0.0,2400.39,agort03,24.767098036527397,ima,6.84187698270439,haftalik_bilanco,0.5947588345658527,-0.7200426812846982,59.4506944559,0.004908635495388669,0.15650717636464406,0.8765498576493422,17.92522105382301,False,,,False,59.27117137371795,94.56812099419008,47.70082158959793,21.697757073468896,155.8861866576553,1.1997003711111702,48.9005219607091,23.4389411307091,-25.46158083,False,0.08797383191996068
2024-07-16,32.9069,49.638929373474866,7.989690125779092,154.88422811923076,25.452580830000002,2.34241964,23.11016119,2024-06-30,aylık,24.186348543474864,-0.0,2433.57,agort03,24.49368128482981,ara_deger,6.864339404930173,ara_deger,0.5288802563969891,-0.18222976412558886,59.60708796432329,0.0011095469022125437,-0.6587326352193071,-0.47650287109371825,17.629341879899638,False,,,False,60.09046218320307,94.79376593602768,47.984347689998145,22.589928335159435,156.93112240897807,1.6545816834767209,49.638929373474866,24.186348543474864,-25.452580830000002,False,0.08929110761468112
2024-07-17,33.0223,50.857278990258095,9.63789212138464,156.38479022465214,25.15258083,2.04241964,23.11016119,2024-06-30,aylık,25.704698160258094,-0.0,2463.57,agort03,24.425327096905416,ara_deger,6.869955010486619,ara_deger,0.48294828609737706,-0.18426467314425557,60.173503076123275,0.0010174545093290521,-0.4368798307986663,-0.2526151576544108,17.5553720864188,False,,,False,61.01547970984781,95.36931051480433,49.44037389885017,24.19811583433404,158.47524030730747,1.4169050914079264,50.857278990258095,25.704698160258094,-25.15258083,False,0.09147047923391312
2024-07-18,33.038,50.837628458139115,9.572173133966949,156.63013279161072,25.15258083,2.04241964,23.11016119,2024-06-30,aylık,25.685047628139113,-0.0,2491.08,agort03,24.35697290898102,ara_deger,6.875570616043064,ara_deger,-0.9287869038237956,-0.1803346580166184,60.67516807410444,0.001965007563818566,0.10640934253114642,0.28674400054776483,17.481402292937958,False,,,False,61.696822576832666,94.93331021477806,49.50769044736365,24.417593673170103,158.72058287426603,1.3299380107754644,50.837628458139115,25.685047628139113,-25.15258083,False,0.09139176352471114
2024-07-19,33.0389,49.94113520728596,9.489057444406443,153.86816791007448,25.161580830000002,2.05141964,23.11016119,2024-06-30,aylık,24.779554377285958,-0.0,2437.95,agort03,24.288618721056626,ima,6.88118622159951,haftalik_bilanco,-0.4743525356102064,-1.3133378425417561,59.214438011,0.007422834904646569,0.0002790655930516861,1.313616908134808,17.407432499457116,False,,,False,60.38094665815197,93.4872212519225,48.189495594586994,23.251560110716028,155.95861799272978,1.7516396126989662,49.94113520728596,24.779554377285958,-25.161580830000002,False,0.08992829458599537
2024-07-22,33.0042,47.53631574163288,9.465731088770521,151.30932155246995,23.25416119,0.144,23.11016119,2024-06-30,aylık,24.282154551632882,-0.0,2410.7,agort03,23.88559431926903,ara_deger,7.022957042171293,ara_deger,0.14721082342906353,-0.4393646349443178,57.581002225461845,0.0007926770485328916,0.3615869928001606,0.8009516277444784,16.862637277097736,False,,,False,59.70604323665659,91.60327831581336,45.67227967955594,21.190828066652717,153.39977163512523,1.8640360620769414,47.53631574163288,24.282154551632882,-23.25416119,False,0.08554429137171805
2024-07-23,32.9441,48.059681308641004,9.480298839549418,146.85662887837265,23.25416119,0.144,23.11016119,2024-06-30,aylık,24.805520118641002,-0.0,2419.43,agort03,23.7512528520065,ara_deger,7.070213982361888,ara_deger,0.2255276455175948,-0.44181984541308406,57.46449368773008,0.001227605234383089,0.5184936657469608,0.9603135111600448,16.68103886964461,False,,,False,59.92226000251548,86.93436887585716,41.151694081793096,16.822403759212452,148.94707896102793,6.907987226847908,48.059681308641004,24.805520118641002,-23.25416119,False,0.08649825229849667
2024-07-24,32.8805,48.65915542646858,9.335751646112438,147.17740067356993,23.25416119,0.144,23.11016119,2024-06-30,aylık,25.40499423646858,-0.0,2432.95,agort03,23.616911384743965,ara_deger,7.117470922552482,ara_deger,-0.611139274719572,-0.4350934404010203,57.45876455351282,0.003363202506032059,0.7136326068819486,1.148726047282969,16.499440462191483,False,,,False,59.09299491739471,88.08440575617522,41.46286714009823,17.28573810784017,149.22611182919968,7.196288286370347,48.65915542646858,25.40499423646858,-23.25416119,False,0.08759882928219438
2024-07-25,32.8106,48.704787324827954,9.301890212309436,146.96538770266596,23.23116119,0.121,23.11016119,2024-06-30,aylık,25.473626134827953,-0.0,2395.91,agort03,23.482569917481435,ara_deger,7.164727862743076,ara_deger,0.11438807280371945,-0.43636644523726675,56.26212409099294,0.0006365024181232276,0.642978639098005,1.0793450843352717,16.317842054738357,False,,,False,58.19334447996678,88.77204322269918,41.395848414841545,17.37088067290606,149.01409885829577,7.308938909986409,48.704787324827954,25.473626134827953,-23.23116119,False,0.08771953007410467
2024-07-26,32.9833,49.389772824429336,9.295509000009096,148.02803010434116,23.16516119,0.055,23.11016119,2024-06-30,aylık,26.224611634429337,-0.0,2402.92,agort03,23.3482284502189,ima,7.211984802933671,haftalik_bilanco,0.16007153698107066,0.5340386020955692,56.1039251076,0.0010978065128205983,0.6366887112231358,0.10265010912756656,16.13624364728523,False,,,False,58.36360769720139,89.66442240713977,47.59221072482135,23.719404273208447,150.07674125997096,1.7975620996079869,49.389772824429336,26.224611634429337,-23.16516119,False,0.08878670646682382
2024-07-29,32.9586,50.19216401788911,9.301139945264666,147.80760989562845,23.16516119,0.055,23.11016119,2024-06-30,aylık,27.027002827889113,-0.0,2412.84,agort03,23.511891380087558,ara_deger,7.154315774572369,ara_deger,-0.20577830111737988,0.1770847486870178,56.73043199753047,0.0004640593390888015,0.7807880151269866,0.6037032664399689,16.357575605515187,False,,,False,58.60455079491427,89.20305910071417,48.388799281522886,24.972476700877728,149.85632105125828,1.8033647363662269,50.19216401788911,27.027002827889113,-23.16516119,False,0.09029664251810313
2024-07-30,32.9509,50.717471328552485,9.254437541918431,147.97512364099185,23.16216119,0.052,23.11016119,2024-06-30,aylık,27.555310138552485,-0.0,2400.26,agort03,23.56644569004378,ara_deger,7.1350927651186025,ara_deger,0.3978030543124316,0.17887089758993358,56.56559693198449,0.0008930744514579203,0.6606799072612208,0.48180900967128726,16.431352924925175,False,,,False,58.29899997140338,89.67612366958846,48.92655344770553,25.66239215738295,150.02383479662166,1.7909178808469548,50.717471328552485,27.555310138552485,-23.16216119,False,0.09110959793588519
2024-07-31,33.0304,51.84795464178453,9.378437893576827,148.3348211842257,23.11016119,0.0,23.11016119,2024-06-30,aylık,28.737793451784533,-0.0,2424.47,agort03,23.621,evds_aylik,7.115869755664836,ara_deger,0.6423796691095257,-0.3309254355732858,57.268405869999995,0.002614206023510701,-0.3358445787874521,-0.0049191432141663105,16.505130244335163,False,,,False,56.60707943070221,91.72774175352347,49.89164678599109,26.779646785991094,150.40066738519664,1.9563078557934404,51.84795464178453,28.737793451784533,-23.11016119,True,0.09322945373621583
2024-08-01,33.0835,52.07065506974776,9.294603231217978,148.76515314915827,23.11016119,0.0,23.11016119,2024-06-30,aylık,28.96049387974776,-0.0,2463.39,agort03,23.46743957926613,ara_deger,7.096646746211068,ara_deger,0.3256150694494706,-0.33359740668364707,57.80945598516839,0.0013359855551806632,0.8324058045625411,1.1660032112461882,16.370792833055063,False,,,False,57.51579248198473,91.24936066717353,50.28789091238835,27.23995341238835,150.83099935012922,1.7827641573594093,52.07065506974776,28.96049387974776,-23.11016119,False,0.09363671600293368
2024-08-02,33.0782,53.08647910103935,9.33240638849756,150.34709788304815,22.93016119,-0.18,23.11016119,2024-06-30,aylık,30.156317911039352,-0.0018388099999988583,2483.28,agort03,23.313879158532263,ima,7.077423736757301,haftalik_bilanco,-0.6976804894736742,0.4296376159042298,57.894889836800004,0.00378261949412273,-1.6246179022161211,-2.054255518120351,16.236455421774963,False,,,False,57.98018874585959,92.36690913718856,51.45105746382814,28.467182463828145,152.41294408401907,1.6354216372112091,53.08647910103935,30.156317911039352,-22.93016119,False,0.09547870270270854
2024-08-05,33.0763,49.96986794169843,8.536254810846437,149.16311783067704,22.932,-0.18,23.112,2024-07-31,aylık,27.037867941698433,-0.0,2440.31,agort03,23.638855767202884,ara_deger,7.226341723406856,ara_deger,-0.061875177945110736,0.1429912916330759,57.68613611726287,0.0001106235008365708,-3.6981016685422494,-3.841092960175325,16.41251404379603,False,,,False,56.976915369353684,92.18620246132335,50.47603885561565,27.68435135561565,151.22896403164802,-0.5061709139172166,49.96986794169843,27.037867941698433,-22.932,False,0.08987847408173978
2024-08-06,33.2573,46.16113782537969,8.487501541015055,147.67294633480316,22.932,-0.18,23.112,2024-07-31,aylık,23.22913782537969,-0.0,2436.54,agort03,23.747181303426427,ara_deger,7.2759810522900406,ara_deger,-0.3654959335727173,0.1416890446921762,57.860957133050626,0.0006511234704412172,-0.20454730441843844,-0.3462363491106146,16.471200251136388,False,,,False,56.88889254809635,90.7840537867068,46.8684655398965,24.140840539896498,149.7387925357741,-0.7073277145168078,46.16113782537969,23.22913782537969,-22.932,False,0.08299173267082124
2024-08-07,33.3984,47.86970369838076,10.766110652007281,147.0757865860979,22.932,-0.18,23.112,2024-07-31,aylık,24.937703698380762,-0.0,2414.35,agort03,23.855506839649966,ara_deger,7.325620381173225,ara_deger,-0.261172206043928,0.1407618026162157,57.595542938308895,0.00046362103798880394,0.7283395077665268,0.587577705150311,16.52988645847674,False,,,False,56.28786414640236,90.78792243969554,46.346969645252464,23.683407145252467,149.10320470441695,1.5227340531282962,47.86970369838076,24.937703698380762,-22.932,False,0.08612901205197722
2024-08-08,33.4965,45.95671404475095,8.385953696654875,147.38766360663735,22.932,-0.18,23.112,2024-07-31,aylık,23.024714044750954,-0.0,2398.55,agort03,23.96383237587351,ara_deger,7.375259710056411,ara_deger,0.11329995130752957,0.1411626294123418,57.478450145151406,0.00020041339806731173,0.1469085140361278,0.005745884623786002,16.588572665817097,False,,,False,55.91950485569756,91.46815875093978,46.92841299837297,24.32891299837297,149.41508172495637,-0.9716989536220169,45.95671404475095,23.024714044750954,-22.932,False,0.08258206553959102
2024-08-09,33.4471,46.35691593591074,8.345947122471006,150.23950795299956,23.112,0.0,23.112,2024-07-31,aylık,23.244915935910743,-0.0,2405.38,agort03,24.072157912097047,ima,7.4248990389395955,haftalik_bilanco,0.7424677457428208,-0.17322643146927633,57.9026871986,0.0015767269209402412,0.012729742865290383,0.1859561743345667,16.64725887315745,False,,,False,56.07873865035034,94.16076930264921,46.90289986276837,24.36746236276837,152.2669260713186,-0.5459839268576303,46.35691593591074,23.244915935910743,-23.112,False,0.0832859209587723
2024-08-12,33.4596,47.079761832179706,8.31359553013186,148.12019512272386,23.112,0.0,23.112,2024-07-31,aylık,23.967761832179708,-0.0,2449.98,agort03,23.985090235484027,ara_deger,7.408536605418061,ara_deger,0.15250429339660387,-0.05795897323524223,58.76299137513116,0.00010841470607361736,0.43304419327743515,0.4910031665126774,16.576553630065966,False,,,False,57.11853766082088,91.00165746190298,45.39333043431481,23.050080434314815,150.1476132410429,1.6864313978648937,47.079761832179706,23.967761832179708,-23.112,False,0.08469326097274571
2024-08-13,33.4843,47.46223023924646,8.335515450524575,149.4649200521071,22.886999999999997,-0.225,23.112,2024-07-31,aylık,24.575230239246462,-0.0,2459.18,agort03,23.95606767661302,ara_deger,7.403082460910884,ara_deger,0.3290733460881603,-0.05842751331279517,58.912282508973206,0.0002342700387764629,0.4391607795834902,0.49758829289628537,16.552985215702137,False,,,False,57.333025349079364,92.13189470302773,46.028406805577546,23.749219305577547,151.49233817042614,1.4338234336689126,47.46223023924646,24.575230239246462,-22.886999999999997,False,0.08545966148006916
2024-08-14,33.4928,48.23577327067309,8.340824356279558,150.8962072362956,22.886999999999997,-0.225,23.112,2024-07-31,aylık,25.348773270673096,-0.0,2479.06,agort03,23.927045117742015,ara_deger,7.397628316403706,ara_deger,-0.032232362762606694,-0.05838155490478571,59.31658046958952,2.2979204004729137e-05,0.7304810078441748,0.7888625627489605,16.529416801338307,False,,,False,59.676323793563306,91.21988344273228,46.746048553719,24.530923553719,152.9300206910142,1.4897247169540933,48.23577327067309,25.348773270673096,-22.886999999999997,False,0.08683048727240414
2024-08-15,33.4846,48.705298166918524,8.112100607443422,150.76479136660225,22.886999999999997,-0.225,23.112,2024-07-31,aylık,25.818298166918527,-0.0,2477.11,agort03,23.898022558871006,ara_deger,7.392174171896528,ara_deger,0.05496447512862381,-0.05846003772461726,59.19803066080496,3.924140991577729e-05,0.5902499792400728,0.6487100169646901,16.505848386974478,False,,,False,59.62938308563472,91.13540828096754,47.28655047394922,25.13548797394922,152.79860482132082,1.4187476929693048,48.705298166918524,25.818298166918527,-22.886999999999997,False,0.08755219063002616
2024-08-16,33.5746,49.351082812602385,8.112670798758586,152.89184761049142,22.886999999999997,-0.225,23.112,2024-07-31,aylık,26.46408281260239,-0.0,2480.44,agort03,23.869,irfcl_pdf,7.38672002738935,haftalik_bilanco,0.8040056170639432,0.027500828110339316,59.20562236,0.0002651984396814244,-0.3180369426150308,-0.3455377707253701,16.482279972610648,False,,,False,59.709543371482006,93.18230423900943,47.78494912821002,25.697949128210023,154.92566106521002,1.5661336843923621,49.351082812602385,26.46408281260239,-22.886999999999997,True,0.08862213176397234
2024-08-19,33.6107,49.91126501382,8.186884325527288,152.3775780664339,22.886999999999997,-0.225,23.112,2024-07-31,aylık,27.024265013820003,-0.0,2529.22,agort03,23.872,ara_deger,7.378846782629964,ara_deger,0.3600455347351942,0.009246063681151629,60.37753984,3.956048884962149e-05,-0.9333844251175057,-0.9426304887986574,16.493153217370036,False,,,False,60.883783234434084,91.49379483199982,48.226304569675726,26.043304569675726,154.4113915211525,1.6849604441442736,49.91126501382,27.024265013820003,-22.886999999999997,False,0.08982791456930339
2024-08-20,33.6524,49.539646325373525,8.163604527463123,151.95177452711926,23.112,0.0,23.112,2024-07-31,aylık,26.427646325373527,0.7999999999999972,2551.05,agort03,23.873,ara_deger,7.376222367710168,ara_deger,-0.3314202626327052,0.009173249185403888,60.90121665000001,3.640724786935223e-05,-1.2013193739772394,-1.2104926231626434,16.496777632289835,False,,,False,61.40927844165518,90.54249608546408,47.97710112800275,25.76210112800275,153.98558798183785,1.562545197370774,49.539646325373525,26.427646325373527,-23.112,False,0.08904881106153875
2024-08-21,33.7482,47.15072946112682,8.107427299826362,151.20199679496346,22.312,0.0,22.312,2024-08-16,haftalık,24.83872946112682,-0.0,2530.96,agort03,23.874000000000002,ara_deger,7.373597952790373,ara_deger,0.07276677302819207,0.009189232855200184,60.42413904000001,7.991834898135597e-06,-1.5259344152498702,-1.5351236481050703,16.50040204720963,False,,,False,59.96590006826488,91.23609672669858,45.66024484268791,23.41324484268791,153.21283644757352,1.490484618438913,47.15072946112682,24.83872946112682,-22.312,False,0.08479293534965814
2024-08-22,33.8465,45.58161399258417,7.991479473505385,150.66067988412198,22.312,0.0,22.312,2024-08-16,haftalık,23.269613992584166,-0.0,2535.37,agort03,23.875,ara_deger,7.370973537870578,ara_deger,-0.5995912813691608,0.009057557861164037,60.53195875,6.583749701816188e-05,0.4113107323824863,0.40225317452132225,16.504026462129424,False,,,False,60.07038596266899,90.59029392145298,44.29991349179384,22.020913491793838,152.67151953673203,1.281700500790329,45.58161399258417,23.269613992584166,-22.312,False,0.08200187137204408
2024-08-23,33.8506,45.31264751584905,7.910793545756944,150.40777080038043,22.312,0.0,22.312,2024-08-16,haftalık,23.00064751584905,-0.0,2499.04,agort03,23.876,irfcl_pdf,7.368349122950782,haftalik_bilanco,0.6094624703806584,0.025660031257415047,59.667079040000004,0.0001867869276375167,-1.8795524237462444,-1.9052124550036595,16.50765087704922,False,,,False,59.20962121353029,91.19814958685015,43.68770042480783,21.37670042480783,152.4186104529905,1.6249470910412214,45.31264751584905,23.00064751584905,-22.312,True,0.08150814171159268
2024-08-26,33.8863,44.03597167586901,7.904207659142486,148.6035710384362,22.312,0.0,22.312,2024-08-16,haftalık,21.723971675869006,-0.0,2535.96,agort03,23.868125,ara_deger,7.350355654498039,ara_deger,0.18912845900599445,0.008591962573735996,60.528610275,1.9309410630635737e-05,-0.45474873689579026,-0.4633406994695263,16.51776934550196,False,,,False,60.08436480114936,88.51920623728684,42.32691161324783,20.005786613247828,150.61441069104623,1.7090600626211767,44.03597167586901,21.723971675869006,-22.312,False,0.07912836285147816
2024-08-27,33.9282,43.72012930246816,7.853985563631434,148.56404141977225,22.312,0.0,22.312,2024-08-16,haftalık,21.408129302468158,0.0010000000000012221,2547.41,agort03,23.8655,ara_deger,7.344357831680457,ara_deger,-0.26549475464489025,0.008537761311057457,60.795213355,2.7100631339260772e-05,0.1581556374403672,0.14961787612930974,16.521142168319543,False,,,False,60.35564903945483,88.20839238031742,42.155526317340744,19.831026317340744,150.57488107238228,1.564602985127415,43.72012930246816,21.408129302468158,-22.312,False,0.07872077510374785
2024-08-28,33.9577,43.65314785748151,7.895343235849306,148.76388977327662,22.311,0.0,22.311,2024-08-23,haftalık,21.342147857481507,-0.0,2531.34,agort03,23.862875000000003,ara_deger,7.338360008862876,ara_deger,0.6627982962945047,0.008673045234270661,60.405050002500005,6.764196160657932e-05,-1.8167565398519965,-1.8254295850862672,16.524514991137124,False,,,False,60.469643532637136,88.29424624063948,42.047423235378126,19.719548235378127,150.76973708466707,1.6057246221033807,43.65314785748151,21.342147857481507,-22.311,False,0.07853201158408821
2024-08-29,33.9626,42.538819024456316,7.934972646381607,149.4036213099754,22.311,0.0,22.311,2024-08-23,haftalık,20.227819024456316,-0.0,2571.45,agort03,23.86025,ara_deger,7.332362186045295,ara_deger,,,61.3554398625,,,,16.527887813954706,False,,,False,61.427806956789574,87.97581435318583,41.03256735350061,18.70131735350061,151.40946862136585,1.506251670955706,42.538819024456316,20.227819024456316,-22.311,False,0.07651631282504648
2024-09-02,33.9233,42.964865947593545,7.9650432298744525,150.09250046137925,22.311,0.0,22.311,2024-08-23,haftalık,20.653865947593545,-0.0,2571.45,ffill,23.854649418068888,ara_deger,7.332805264669686,ara_deger,-0.7567004622256789,-0.021406182138249533,61.34103824609324,5.317971078500072e-05,-3.691275298270991,-3.669869116132742,16.5218441533992,True,,,False,61.427806956789574,88.66469350458968,41.15990584642414,18.894972513090803,152.09834777276976,1.8049601011694065,42.964865947593545,20.653865947593545,-22.311,False,0.07724583365891874
2024-09-03,33.9196,38.14823512069718,7.99236450311914,144.36004002218658,22.311,0.0,22.311,2024-08-23,haftalık,15.83723512069718,-0.0,2525.65,agort03,23.85447412710333,ara_deger,7.3349522318170095,ara_deger,-0.2600172746318106,-0.005828658860098374,60.24805257911853,1.827617134836368e-05,0.3818559851146826,0.387684643974781,16.51952189528632,False,,,False,60.33371857917347,84.0263214430131,36.313724513260766,14.085324513260765,146.36588733357704,1.834510607436414,38.14823512069718,15.83723512069718,-22.311,False,0.06859355945800245
2024-09-04,33.887,38.234901023991505,7.957191695930593,144.09373530279035,22.311,0.0,22.311,2024-08-23,haftalık,15.923901023991505,-0.027000000000001023,2509.91,agort03,23.854298836137772,ara_deger,7.337099198964333,ara_deger,0.7782904469036181,-0.005938083662377275,59.87214319181055,5.471240113941178e-05,1.6040210212677177,1.609959104930095,16.51719963717344,False,,,False,58.606478929465425,85.48725637332493,36.31179608699501,14.119929420328344,146.1302856257562,1.923104936996495,38.234901023991505,15.923901023991505,-22.311,False,0.06881541095276922
2024-09-05,33.9725,40.68629965413202,7.999278857899773,146.0383837266331,22.338,0.0,22.338,2024-08-31,aylık,18.34829965413202,-0.0,2557.03,agort03,23.854123545172218,ara_deger,7.339246166111657,ara_deger,-0.5557256238053895,-0.005859939676878866,60.99570952871172,3.90719927492178e-05,1.3187456130849924,1.3246055527618712,16.51487737906056,False,,,False,59.70673243941456,86.33165128721853,38.86352543969387,16.70819210636054,148.07493404959897,1.822774214438148,40.68629965413202,18.34829965413202,-22.338,False,0.0731628221096471
2024-09-06,33.9091,41.444901634074625,7.994860848562774,146.7585732869206,22.338,0.0,22.338,2024-08-31,aylık,19.106901634074624,-0.0,2523.38,agort03,23.85394825420666,ima,7.341393133258981,haftalik_bilanco,-0.541611807967087,0.17768487065845467,60.1925759457,0.0011700213921249647,2.5564698089553803,2.3787849382969255,16.51255512094768,False,,,False,58.92100386110835,87.83756942581226,39.7404154931862,17.621615493186198,148.79512360988642,1.7044861408884273,41.444901634074625,19.106901634074624,-22.338,False,0.07454426202500612
2024-09-09,33.8937,43.41227588017832,7.947377093678176,147.5967133219003,22.338,0.0,22.338,2024-08-31,aylık,21.07427588017832,-0.0,2490.58,agort03,23.89850794363537,ara_deger,7.314610054875188,ara_deger,-0.13797803043447987,0.059030432943412356,59.52114591425937,9.89286380333465e-05,1.2506882007049138,1.1916577677615015,16.58389788876018,False,,,False,58.155122810040204,89.44159051186008,41.70704715035537,19.697847150355372,149.63326364486616,1.7052287298229487,43.41227588017832,21.07427588017832,-22.338,False,0.07799064131595194
2024-09-10,33.9676,44.610164715787995,8.032555759017416,148.55011968021367,22.338,0.0,22.338,2024-08-31,aylık,22.272164715787994,-0.0,2482.26,agort03,23.913361173444937,ara_deger,7.305682362080591,ara_deger,1.331437610307073,0.060936949508597286,59.35917990639543,0.0009532582825881875,-0.4318519474203355,-0.4927888969289328,16.607678811364345,False,,,False,57.9608505434278,90.58926913678587,42.86437175425995,20.89170508759328,150.5866700031795,1.7457929615280463,44.610164715787995,22.272164715787994,-22.338,False,0.08023033667382598
2024-09-11,33.9904,45.50201845226888,8.024823832611562,149.95261995115962,22.338,0.0,22.338,2024-08-31,aylık,23.164018452268877,-0.0,2562.43,agort03,23.928214403254508,ara_deger,7.296754669285994,ara_deger,-0.3336270822634074,0.06045990420115768,61.314374433331444,0.0002385226537198193,3.1789576395370123,3.1184977353358545,16.631459733968512,False,,,False,61.12407262502677,88.82854732613285,43.89162407620975,21.955490742876417,151.98691039234606,1.6103943760591264,45.50201845226888,23.164018452268877,-22.338,False,0.08177952076492459
2024-09-12,33.9398,48.23439775720541,7.911872580274486,151.02880050218974,22.338,0.0,22.338,2024-08-31,aylık,25.896397757205406,-0.0,2542.37,agort03,23.943067633064075,ara_deger,7.287826976491396,ara_deger,0.3369355184824656,0.060940992265439996,60.87213685827311,0.0002405440321411323,1.7239742749686957,1.6630332827032557,16.65524065657268,False,,,False,60.64556242304738,90.38323807914236,46.75863358063395,24.859033580633948,153.0630909433762,1.4757641765714595,48.23439775720541,25.896397757205406,-22.338,False,0.08681936245230586
2024-09-13,33.8984,50.26720007433979,7.883765103957708,153.57026691255297,22.338,0.0,22.338,2024-08-31,aylık,27.92920007433979,-0.0,2562.6,agort03,23.957920862873646,ima,7.2788992836967985,haftalik_bilanco,0.35609711071542416,-0.15500011599657676,61.3945680032,0.000640347622153481,0.7347998160278125,0.8897999320243892,16.679021579176847,False,,,False,61.128127796229975,92.44213911632299,48.777868158969156,26.914801492302487,155.6045573537394,1.4893319153706344,50.26720007433979,27.92920007433979,-22.338,False,0.09029309129533916
2024-09-16,33.8159,51.36617614790676,7.891844250781437,154.54861931428363,22.338,0.0,22.338,2024-08-31,aylık,29.028176147906755,-0.0,2583.95,agort03,23.896495587467374,ara_deger,7.277459734019188,ara_deger,0.32473596057637694,-0.052057412359098776,61.747349773236316,0.0001953535134562867,0.217977126733013,0.2700345390921118,16.619035853448185,False,,,False,61.637409591457285,92.91120972282634,49.74732495660326,27.99385828993659,156.58290975547007,1.6188511913034986,51.36617614790676,29.028176147906755,-22.338,False,0.09234048456193507
2024-09-17,33.8895,51.36242139895838,7.845376414523673,154.2360743325635,21.838,-0.5,22.338,2024-08-31,aylık,29.52442139895838,-0.0,2603.49,agort03,23.876020495665284,ara_deger,7.276979884126652,ara_deger,-0.40617852376434704,-0.05156812878958121,62.1609806002596,0.0002446417847634108,-0.009248059876678316,0.042320068912902895,16.599040611538634,False,,,False,62.103515740344484,92.13255859221903,49.72883931601233,28.011905982679,156.27036477375,1.6335820829460488,51.36242139895838,29.52442139895838,-21.838,False,0.09243559605652094
2024-09-18,33.9681,50.87886940982863,7.777251009034948,155.57753503944483,21.838,-0.5,22.338,2024-08-31,aylık,29.04086940982863,-0.0,2579.02,agort03,23.855545403863193,ara_deger,7.276500034234115,ara_deger,0.3871207093808375,-0.05203501768816932,61.52392870747125,0.00023344444929407349,0.231840583786092,0.28387560147426133,16.57904536962908,False,,,False,61.78795706376839,93.78957797567644,49.99930955808538,28.318909558085377,157.63238476688423,0.8795598517432524,50.87886940982863,29.04086940982863,-21.838,False,0.09150311078633368
2024-09-19,34.0283,51.535678332446814,7.815098638486201,156.11580710819445,21.838,-0.5,22.338,2024-08-31,aylık,29.697678332446813,-0.0,2602.37,agort03,23.835070312061102,ara_deger,7.276020184341578,ara_deger,0.21460528965524564,-0.05229415602330787,62.02767192799845,0.000129569167573923,1.0337988758639063,1.0860930318872142,16.559050127719523,False,,,False,62.347374515916485,93.76843259227796,50.72377750284321,29.079910836176545,158.17065683563385,0.8119008296036014,51.535678332446814,29.697678332446813,-21.838,False,0.09267157965417207
2024-09-20,33.9766,52.72341891183933,7.754435052359566,156.3677372294662,21.838,-0.5,22.338,2024-08-31,aylık,30.88541891183933,-0.0,2615.33,agort03,23.81459522025901,ima,7.275540334449041,haftalik_bilanco,0.7414458305308598,-0.8396738924191104,62.2830253174,0.00707524746578192,-0.6556221761164576,0.18405171630265282,16.53905488580997,False,,,False,62.65786917029933,93.70986805916687,51.7754530176651,30.168119684331767,158.42258695690563,0.9479658941742315,52.72341891183933,30.88541891183933,-21.838,False,0.09495138005857914
2024-09-23,33.9531,52.46149303009151,7.656685516197343,156.88297921896017,21.588,-0.75,22.338,2024-08-31,aylık,30.87349303009151,-0.0,2660.16,agort03,23.48828358390601,ara_deger,7.26487658860605,ara_deger,-0.2530851491266779,-0.2782499284423754,62.48259245856341,0.0008206845153259645,-0.057428782638065945,0.22082114580430945,16.22340699529996,False,,,False,63.73190276258195,93.15107645637822,51.61084404664081,30.113110713307474,158.9378289463996,0.8506489834507036,52.46149303009151,30.87349303009151,-21.588,False,0.09423703112637252
2024-09-24,34.0627,52.35178324090574,7.657489658776316,154.96897301708762,21.788,-0.55,22.338,2024-08-31,aylık,30.56378324090574,-0.0,2644.56,agort03,23.379513038455013,ara_deger,7.261322006658387,ara_deger,0.6518196453258566,-0.28250486200646924,61.82852500097659,0.002127466782037568,0.4728045285120367,0.755309390518506,16.118191031796627,False,,,False,63.35815919712112,91.6108138199665,50.79077286885655,29.32957286885655,157.023822744527,1.5610103720491892,52.35178324090574,30.56378324090574,-21.788,False,0.09419734120435268
2024-09-25,34.0815,53.34513601220604,7.681218256238722,155.89654723162133,21.633000000000003,-0.705,22.338,2024-08-31,aylık,31.712136012206038,-0.0,2685.0,agort03,23.27074249300401,ara_deger,7.257767424710723,ara_deger,0.19711972309068948,-0.2838000705171762,62.48194359371577,0.0006476042553630323,0.4632364301337101,0.7470365006508863,16.012975068293287,False,,,False,63.942188166395454,91.95435906522587,51.69817813183106,30.27351146516439,157.927229083227,1.646957880374984,53.34513601220604,31.712136012206038,-21.633000000000003,False,0.0959318438430652
2024-09-26,34.0894,53.87617816682019,7.6919042576284715,156.79222301031623,21.493000000000002,-0.845,22.338,2024-08-31,aylık,32.38317816682019,-0.0,2697.31,agort03,23.161971947553013,ara_deger,7.254212842763059,ara_deger,0.9552609342426396,-0.2901182891255612,62.47501855385421,0.003159109304187724,1.2302437079261335,1.5203619970516946,15.907759104789953,False,,,False,64.23534583355683,92.5568771767594,52.32215462871157,30.934021295378237,158.8229048619219,1.5540235381086163,53.87617816682019,32.38317816682019,-21.493000000000002,False,0.09686441721548886
2024-09-27,34.0982,55.7730278137849,7.653249262424409,157.38412514700426,21.243000000000002,-1.095,22.338,2024-08-31,aylık,34.5300278137849,-0.0,2757.36,agort03,23.05320140210201,ima,7.2506582608153956,haftalik_bilanco,0.3697795095061082,2.3855721795271996,63.5659754181,0.01003725402424821,-1.8403946991769584,-4.225966878704158,15.802543141286616,False,,,False,65.66541227653339,91.71871287047087,54.11689338440153,32.76529338440153,159.4148069986099,1.6561344293833713,55.7730278137849,34.5300278137849,-21.243000000000002,False,0.10024894635085016
2024-09-30,34.09,54.168268495159865,7.619105133470225,152.76501847106962,21.143,-1.195,22.338,2024-08-31,aylık,33.025268495159864,-0.0,2780.76,agort03,23.908,evds_aylik,7.247571899375939,ara_deger,-0.25390492425351463,-0.1413206491960825,66.48241008000001,0.0003893891010999795,1.435758385048564,1.5770790342446466,16.660428100624063,False,,,False,66.22267380468746,86.54234466638216,52.53978072748606,31.29778072748606,154.79570032267526,1.6284877676738034,54.168268495159865,33.025268495159864,-21.143,True,0.09738785776286572
2024-10-01,34.121,55.350510418803665,7.614493596318981,156.62045161458818,21.148,-1.19,22.338,2024-08-31,aylık,34.20251041880367,-0.0,2765.52,agort03,23.855870280950626,ara_deger,7.246543112229452,ara_deger,-1.303333902929547,-0.13731075906967222,65.97388637937458,0.0020049450632098065,0.665853170139417,0.8031639292090893,16.609327168721173,False,,,False,65.85973937353072,90.76071224105746,53.71274619735646,32.62013329413065,158.6511334661938,1.6377642214472061,55.350510418803665,34.20251041880367,-21.148,False,0.09958476971421391
2024-10-02,34.1247,54.88057829079816,7.6270422011036,156.16252862470304,21.303,-1.035,22.338,2024-08-31,aylık,33.57757829079816,-0.0,2687.05,agort03,23.803740561901247,ara_deger,7.245514325082967,ara_deger,-0.08825534584224774,-0.13703839110262023,63.96184107685675,0.00013618398352122085,0.3991723477509724,0.5362107388535926,16.558226236818278,False,,,False,61.945104827518215,94.21742379718484,53.169785551228294,32.22655974477668,158.186922639613,1.710792739569868,54.88057829079816,33.57757829079816,-21.303,False,0.098728597062096
2024-10-03,34.1538,56.77689650931961,9.222443417716331,156.58686798229104,21.293,-1.045,22.338,2024-08-31,aylık,35.483896509319614,-0.0,2681.72,agort03,23.751610842851868,ara_deger,7.244485537936481,ara_deger,-0.001815783783535288,-0.13703277000011096,63.695169829492706,2.8105512546504428e-06,1.0001279167600259,1.137160686760137,16.507125304915387,False,,,False,61.822231264045,94.76463671824604,54.76983621149038,33.975997501812955,158.6112619972009,2.0070602978292342,56.77689650931961,35.483896509319614,-21.293,False,0.1022187910991609
2024-10-04,34.1126,57.88623643463119,9.258471210051418,156.350347458915,21.368000000000002,-0.97,22.338,2024-08-31,aylık,36.51823643463119,-0.0990000000000002,2681.61,agort03,23.699481123802492,ima,7.243456750789996,haftalik_bilanco,0.10860976086188098,-0.2532302545826015,63.5527655764,0.000310861071167276,-0.6175176166228584,-0.3642873620402569,16.456024373012497,False,,,False,61.81969541189077,94.53065204702423,56.088762744557734,35.44431113165451,158.3747414738249,1.7974736900734598,57.88623643463119,36.51823643463119,-21.368000000000002,False,0.10417256169818341
2024-10-07,34.1398,57.75323669148618,9.185379322667384,155.94614898768532,21.817,-0.62,22.437,2024-09-30,aylık,35.93623669148618,-0.0,2688.21,agort03,23.709182996128224,ara_deger,7.347358947711871,ara_deger,-0.6281304252187017,-0.0832046347071248,63.73526282202185,0.0006027250768744219,0.8966371275240803,0.9798417622312051,16.361824048416352,False,,,False,61.97184654114465,93.97430244654066,56.04627065770743,35.84998033512679,157.9705430025952,1.7069660337787482,57.75323669148618,35.93623669148618,-21.817,False,0.1038505570410043
2024-10-08,34.1881,57.9108557948526,9.17949172372843,155.5419947870417,21.712,-0.725,22.437,2024-09-30,aylık,36.198855794852605,-0.0,2649.82,agort03,23.71241695357013,ara_deger,7.381993013352496,ara_deger,-0.2181744638413097,-0.08278512926158056,62.83363669190921,0.00020975272276738122,0.2608893689318972,0.34367449819347773,16.330423940217635,False,,,False,61.08683413931795,94.45516064772374,56.213555681655315,36.16665245584886,157.56638880195158,1.6973001131972865,57.9108557948526,36.198855794852605,-21.712,False,0.10415591134996713
2024-10-09,34.2103,58.70670683975294,10.282627863538176,154.8621813204176,21.362000000000002,-1.075,22.437,2024-09-30,aylık,37.34470683975294,-0.0,2636.46,agort03,23.71565091101204,ara_deger,7.416627078993121,ara_deger,1.220633894779895,-0.08513668336458223,62.525365000846804,0.001175777051500848,-0.6238848283803575,-0.5387481450157753,16.29902383201892,False,,,False,62.48273400366031,92.37944731675728,56.897174769002326,36.999658639970065,156.9217552608425,1.8095320707506133,58.70670683975294,37.34470683975294,-21.362000000000002,False,0.10568988713856041
2024-10-10,34.1951,59.08660910481327,10.16578106219897,156.3855379615728,21.262,-1.175,22.437,2024-09-30,aylık,37.82460910481327,-0.0,2711.35,agort03,23.71888486845395,ara_deger,7.451261144633746,ara_deger,-0.3949779040143505,-0.084374288737527,64.31019848808262,0.00038119731353247754,1.37140104873205,1.455775337469577,16.267623723820208,False,,,False,64.25758814502188,92.12794981655091,57.35483759369033,37.60670856143226,158.44511190199768,1.7317715111229433,59.08660910481327,37.82460910481327,-21.262,False,0.10624885411778838
2024-10-11,34.1522,59.911663055381496,10.139411868049496,157.4190047748555,21.137,-1.3,22.437,2024-09-30,aylık,38.774663055381495,-0.0,2687.07,agort03,23.722118825895862,ima,7.4858952102743705,haftalik_bilanco,-0.878866784313593,0.1582040662691671,63.742993833499995,0.0016262402688914657,1.6481699621480752,1.4899658958789082,16.23622361562149,False,,,False,63.68216474333597,93.73684003151953,58.313179765871595,38.71443783038772,159.47857871528043,1.5984832895099004,59.911663055381496,38.774663055381495,-21.137,False,0.10769274524258077
2024-10-14,34.1625,60.709138236370286,10.167583871203805,158.38284046133137,21.137,-1.3,22.437,2024-09-30,aylık,39.572138236370286,-0.0,2632.94,agort03,23.77927135501372,ara_deger,7.4829612709314315,ara_deger,1.613986550727509,0.054718343368508095,62.60939472146982,0.0009918273060594007,-1.6428753329402555,-1.6975936763087636,16.296310084082286,False,,,False,62.39931183010453,95.98352863122685,59.167638551042806,40.017057905881515,160.4424144017563,1.54149968532748,60.709138236370286,39.572138236370286,-21.137,False,0.10927045314151049
2024-10-15,34.2034,60.371464591239466,10.153799008285725,156.48300279171283,20.842000000000002,-1.595,22.437,2024-09-30,aylık,39.52946459123946,-0.0,2731.98,agort03,23.798322198053004,ara_deger,7.481983291150452,ara_deger,-0.2930414467679704,0.05435862571065613,65.01654027863684,0.00017985882892601612,1.228568210415879,1.174209584705223,16.31633890690255,False,,,False,64.74650844060594,91.7364943511069,58.683179683891076,39.681986135503976,158.54257673213772,1.6882849073483897,60.371464591239466,39.52946459123946,-20.842000000000002,False,0.10853297005166858
2024-10-16,34.2018,61.19372573958096,10.215533392979317,157.6669587189958,20.667,-1.77,22.437,2024-09-30,aylık,40.52672573958096,-0.0,2714.02,agort03,23.81737304109229,ara_deger,7.481005311369472,ara_deger,1.074279541906576,0.05567572109932665,64.6408267809853,0.0006585476943303803,-0.6839008605337547,-0.7395765816330813,16.336367729722816,False,,,False,64.38230493585789,93.28465378313791,59.43913057207516,40.587324120462256,159.75958543117613,1.754595167505805,61.19372573958096,40.52672573958096,-20.667,False,0.11001632953991741
2024-10-17,34.1633,61.30222580956758,10.235654781593114,157.52589242970575,20.365000000000002,-2.072,22.437,2024-09-30,aylık,40.93722580956758,-0.0,2779.78,agort03,23.836423884131577,ara_deger,7.480027331588492,ara_deger,-0.5068847291633141,0.055055027880106994,66.26001438463129,0.000310346609599943,1.746661871375423,1.691606843495316,16.356396552543085,False,,,False,65.9422714698488,91.58362095985694,59.49192197475069,40.78950261991198,159.61851914188617,1.8103038348168923,61.30222580956758,40.93722580956758,-20.365000000000002,False,0.11015657906805724
2024-10-18,34.1155,62.44334604505284,10.326997874866263,159.3447350735182,20.175,-2.262,22.437,2024-09-30,aylık,42.26834604505284,-0.0,2748.79,agort03,23.85547472717086,ima,7.479049351807513,haftalik_bilanco,1.2033397365816991,-0.8099190427713573,65.57369037529999,0.010543436889957292,-0.5131551640579264,0.2967638787134309,16.376425375363347,False,,,False,65.20712300743428,94.13761206608392,60.65822960238016,42.10519734431564,161.4373617856986,1.785116442672681,62.44334604505284,42.26834604505284,-20.175,False,0.11218166209242493
2024-10-21,34.1786,62.607071237558,10.370538494847652,159.39574656817635,19.605,-2.832,22.437,2024-09-30,aylık,43.002071237558,-0.0,2822.27,agort03,23.578403589389286,ara_deger,7.488952544182641,ara_deger,-0.060174546909069336,-0.2696152529255238,66.5446210982257,0.00017888066579766632,0.43270362029524123,0.702318873220765,16.089451045206644,False,,,False,66.9502242987611,92.44552226941525,60.761787141661735,42.6569161739198,161.48837328035668,1.8452840958962682,62.607071237558,43.002071237558,-19.605,False,0.11245104077118635
2024-10-22,34.1788,62.849346700293744,10.29528488419722,159.62885754121643,19.55,-2.887,22.437,2024-09-30,aylık,43.29934670029374,-0.0,2818.53,agort03,23.48604654346209,ara_deger,7.492253608307682,ara_deger,0.5797749938993474,-0.2730828594149173,66.19612676414421,0.001733803244696852,0.1906292848315444,0.4637121442464617,15.99379293515441,False,,,False,66.86150357435227,92.76735396686416,61.06711215724367,43.11162828627593,161.72148425339682,1.7822345430500732,62.849346700293744,43.29934670029374,-19.55,False,0.11306876545653492
2024-10-23,34.1821,63.264236866664135,10.414770771836722,161.4581796017387,19.075000000000003,-3.362,22.437,2024-09-30,aylık,44.18923686666413,-0.0,2854.78,agort03,23.3936894975349,ara_deger,7.495554672432725,ara_deger,-1.6812277577545551,-0.2629670142769033,66.7838369037727,0.005057922569012163,1.6432224580477695,1.9061894723246726,15.898134825102176,False,,,False,68.10213214163284,93.35604746010586,61.43889664473512,43.63279987054157,163.53076270913724,1.825340221929018,63.264236866664135,44.18923686666413,-19.075000000000003,False,0.11380420313769579
2024-10-24,34.2011,62.66449874419244,10.301037949071816,160.38233971672113,18.627000000000002,-3.81,22.437,2024-09-30,aylık,44.03749874419244,-0.0,2749.03,agort03,23.301332451607706,ara_deger,7.4988557365577675,ara_deger,1.4245932758617461,-0.27159059289809734,64.05606194944313,0.004311789310604386,-0.807398620005181,-0.5358080271070838,15.802476715049938,False,,,False,65.57941568923452,94.80292402748661,60.83780846230093,43.18109878488157,162.45492282411973,1.8266902818915156,62.66449874419244,44.03749874419244,-18.627000000000002,False,0.11266284100910276
2024-10-25,34.1902,62.485756678814404,10.265101227837217,159.39662962022513,17.867,-4.57,22.437,2024-09-30,aylık,44.61875667881441,-0.0,2839.18,agort03,23.208975405680516,ima,7.50215680068281,haftalik_bilanco,,,65.89445879230001,,,,15.706818604997705,False,,,False,67.72998673588896,91.66664288433617,60.89027929055695,43.38295670991178,161.46921272762373,1.595477388257457,62.485756678814404,44.61875667881441,-17.867,False,0.11237723598220944
2024-10-28,34.189,62.62983716984996,10.258550352452543,159.09468303083307,17.867,-4.57,22.437,2024-09-30,aylık,44.76283716984996,-0.0,2839.18,ffill,23.72498770284026,ara_deger,7.498729301450404,ara_deger,-0.345943829117627,2.45058883089504,67.35951058615001,0.003691485486360113,2.2387445190044586,-0.2118443118905815,16.226258401389856,True,,,False,67.72998673588896,91.36469629494411,60.94694980841791,43.887788518095334,161.1672661382316,1.6828873614320443,62.62983716984996,44.76283716984996,-17.867,False,0.11264030322571844
2024-10-30,34.189,64.03358460323496,10.350128462370938,161.05295110552672,17.437,-5.0,22.437,2024-09-30,aylık,46.59658460323496,-0.0,2817.86,agort03,24.068995900946753,ara_deger,7.496444301962134,ara_deger,0.45856250274390553,0.49269384127592053,67.82306078944183,0.0023954831943618915,0.166534389906156,-0.32615945136976454,16.572551598984617,False,,,False,65.39964343665092,95.6533076688758,62.21291690309749,45.45252980632329,163.1240743221504,1.82066770013747,64.03358460323496,46.59658460323496,-17.437,False,0.1151649551120028
2024-10-31,34.2095,63.91304988380421,10.354496850290126,160.568893825426,16.687,-5.75,22.437,2024-09-30,aylık,47.22604988380421,-0.0,2845.53,agort03,24.241,evds_aylik,7.495301802217999,ara_deger,-0.12860696215897063,-2.1755015014011048,68.97849273,0.0029437517012458336,0.3420645109100401,2.517566012311145,16.745698197782,False,,,False,66.04183578612609,94.5270580392999,62.19671866002134,45.58571866002134,162.64001704204975,1.7163312237828734,63.91304988380421,47.22604988380421,-16.687,True,0.11487941364129632
2024-11-01,34.1787,62.900146406972766,10.29069300470761,159.6190002520863,15.52444282,-6.912557179999999,22.437,2024-09-30,aylık,47.37570358697276,-0.0,2837.85,agort03,23.47325549472312,ima,7.4941593024738635,haftalik_bilanco,-0.967694065402614,0.6619779694030326,66.6135781057,0.007217356816725529,-2.2360563159584776,-2.8980342853615104,15.979096192249255,False,,,False,65.86359085501046,93.75540939707584,61.1597439633456,44.48854396334559,161.69012346871006,1.7404024436271683,62.900146406972766,47.37570358697276,-15.52444282,False,0.11316048687276244
2024-11-04,34.2236,59.13973603010788,10.278532679203826,156.3053260172383,14.97994315,-7.45705685,22.437,2024-09-30,aylık,44.15979288010789,0.07600000000000051,2777.29,agort03,23.715417463311972,ara_deger,7.497967347128583,ara_deger,-0.021731383155688105,0.22055285838166017,65.86459176668171,5.3232376345295485e-05,0.36085696113892196,0.1403041027572618,16.21745011618339,False,,,False,64.45805530444244,91.84727071279585,57.28719754789093,40.43539754789093,158.37644923386202,1.85253848221695,59.13973603010788,44.15979288010789,-14.97994315,False,0.10625598624056577
2024-11-05,34.2757,58.78745175153243,10.251010482645139,156.25549607926231,14.31605549,-8.04494451,22.361,2024-10-31,aylık,44.47139626153243,-0.0,2775.95,agort03,23.79613811950826,ara_deger,7.4992366953468235,ara_deger,-0.5485537019372716,0.21787852735510937,66.05688961284896,0.0013371655132704552,-2.5120868209480363,-2.7299653483031454,16.296901424161437,False,,,False,64.42695527739883,91.82854080186348,57.001960601825786,40.08996060182579,158.32661929588602,1.785491149706644,58.78745175153243,44.47139626153243,-14.31605549,False,0.1056336756152138
2024-11-06,34.282,56.33437004842192,10.206437722419931,155.59708564750306,14.96818707,-7.39281293,22.361,2024-10-31,aylık,41.36618297842192,-0.0,2742.29,agort03,23.876858775704545,ara_deger,7.500506043565063,ara_deger,-0.42725904278152144,0.21580564272997185,65.47727105202682,0.0010364423125736044,0.7292725015473118,0.51346685881734,16.37635273213948,False,,,False,64.37047381062426,91.2266118368788,57.02948322734963,40.05728322734963,157.66864258211308,-0.6951131789277127,56.33437004842192,41.36618297842192,-14.96818707,False,0.10137096270630509
2024-11-07,34.1841,56.861194648974234,9.845667664206458,155.0910707782741,15.553768269999999,-6.807231730000001,22.361,2024-10-31,aylık,41.307426378974235,-0.0,2716.2,agort03,23.95757943190083,ara_deger,7.501775391783303,ara_deger,-0.07273465385731319,0.2154544679486993,65.07357725292903,0.00017558739063146256,2.856341241154348,2.640886773205649,16.455804040117528,False,,,False,63.75805657476693,91.33301420350716,57.47782802531001,40.44542802531001,157.16262771288407,-0.616633376335777,56.861194648974234,41.307426378974235,-15.553768269999999,False,0.10211424156423658
2024-11-08,34.1764,59.72997147154176,9.931655089476948,157.32965574431464,15.55295108,-6.80804892,22.361,2024-10-31,aylık,44.17702039154176,-0.0,2711.78,agort03,24.038300088097113,ima,7.503044740001543,haftalik_bilanco,-0.7783144692348613,-0.6063498427558524,65.1865814129,0.0053553458159647516,1.0442353142475693,1.6505851570034218,16.53525534809557,False,,,False,63.65430478548026,93.67535095883437,60.73424181598998,43.641641815989985,159.40121267892462,-1.0042703444482228,59.72997147154176,44.17702039154176,-15.55295108,False,0.10746440337189286
2024-11-11,34.2614,62.48822666324201,12.415723146164488,157.93710356963092,15.561217370000001,-6.799782629999999,22.361,2024-10-31,aylık,46.92700929324201,-0.0,2664.71,agort03,23.851595213222204,ara_deger,7.5438880196184375,ara_deger,0.47683735834097063,-0.2043344502644071,63.55758428062534,0.0011089180062234805,-1.586548279921354,-1.3822138296569468,16.30770719360377,False,,,False,62.549418649343636,95.38768492028728,61.074515051924315,43.80131505192431,160.0086605042409,1.4137116113176944,62.48822666324201,46.92700929324201,-15.561217370000001,False,0.11251201542362571
2024-11-12,34.2869,59.11631246919377,10.31153166369663,155.72040063519066,15.403205580000002,-6.95779442,22.361,2024-10-31,aylık,43.71310688919377,-0.0,2693.95,agort03,23.789360254930564,ara_deger,7.557502446157402,ara_deger,-0.9984215738176334,-0.19966895460347664,64.08734705877019,0.0023327478304652205,1.4046122095454616,1.6042811641489383,16.231857808773164,False,,,False,63.23577664000934,92.48462399518132,59.192332494334565,41.85893249433457,157.7919575698007,-0.07602002514079231,59.11631246919377,43.71310688919377,-15.403205580000002,False,0.10636175781314075
2024-11-13,34.3128,59.75781341073885,11.034399349513883,156.4998978829236,14.9156482,-7.4453518,22.361,2024-10-31,aylık,44.84216521073885,-0.0,2632.44,agort03,23.727125296638928,ara_deger,7.571116872696367,ara_deger,-0.6073043566560031,-0.19681777622768498,62.46023371588418,0.001425589187891152,0.4110377033557807,0.6078554795834656,16.15600842394256,False,,,False,63.27938268391037,93.22051519901322,60.04181477466135,42.64821477466135,158.59321841994824,-0.2840013639224992,59.75781341073885,44.84216521073885,-14.9156482,False,0.10743493360748142
2024-11-14,34.3118,59.516303370852015,10.949054202927273,155.66581821407559,14.95574996,-7.40525004,22.361,2024-10-31,aylık,44.560553410852016,-0.0,2594.85,agort03,23.66489033834729,ara_deger,7.584731299235332,ara_deger,0.9186594859044679,-0.20115105158305724,61.40684069446046,0.0021666376776859897,0.3324070109435613,0.5335580625266185,16.080159039111958,False,,,False,62.375782983598796,93.29003523047679,57.77781827243106,40.32401827243106,157.7591387511002,1.7384850984209521,59.516303370852015,44.560553410852016,-14.95574996,False,0.10700385028973222
2024-11-15,34.2996,60.85453946984805,11.00633520507528,156.66975961551358,14.985638560000002,-7.37536144,22.361,2024-10-31,aylık,45.86890090984805,-0.0,2651.98,agort03,23.602655380055655,ima,7.598345725774297,haftalik_bilanco,-0.40218830161209224,-0.5261811960175988,62.59377001479999,0.002516880190327253,0.1178416019520439,0.6440227979696427,16.004309654281357,False,,,False,63.74909106763179,92.9206685478818,59.059745099068216,41.54574509906821,158.76308015253824,1.794794370779833,60.85453946984805,45.86890090984805,-14.985638560000002,False,0.10944869939050823
2024-11-18,34.3333,60.2685959403844,11.090029825271676,156.4480036584358,14.600347110000001,-7.76065289,22.361,2024-10-31,aylık,45.6682488303844,-0.0,2626.85,agort03,23.47194471555433,ara_deger,7.667943870690182,ara_deger,2.0093206674160258,-0.18388281934895787,61.65727797605389,0.0042445436715508045,-5.330988578317008,-5.14710575896805,15.804000844864147,False,,,False,63.1450085864179,93.3029950720179,58.43378294542033,40.73918294542033,158.5413241954604,1.834812994964068,60.2685959403844,45.6682488303844,-14.600347110000001,False,0.10828865824247151
2024-11-19,34.4321,57.49534820705098,11.17571359283924,153.1642743235851,15.063083520000001,-7.29791648,22.361,2024-10-31,aylık,42.43226468705098,-0.0,2753.99,agort03,23.42837449405389,ara_deger,7.691143252328811,ara_deger,-0.523262938787359,-0.18166273004459355,64.52150907287947,0.0011100446521871143,-0.6060222513436856,-0.42435952129909205,15.73723124172508,False,,,False,66.20123805961856,86.96303626396653,54.71755960281249,36.96275960281249,155.25759486060974,2.777788604238488,57.49534820705098,42.43226468705098,-15.063083520000001,False,0.10334264667978883
2024-11-20,34.5162,56.23643935311535,10.126378599034657,152.9980179890764,15.982794850000001,-6.378205149999999,22.361,2024-10-31,aylık,40.25364450311535,-0.0,2720.74,agort03,23.38480427255345,ara_deger,7.714342633967439,ara_deger,0.12316982847928805,-0.18218753912526664,63.62397237650707,0.00026240454033654714,1.1381284955032842,1.3203160346285507,15.67046163858601,False,,,False,64.21668859873262,88.78132939034379,54.53780972412954,36.72280972412953,155.07692605211466,1.6986296289858132,56.23643935311535,40.25364450311535,-15.982794850000001,False,0.10115871549186856
2024-11-21,34.4372,59.08222538417758,10.213035206114318,155.03116223884467,17.48062595,-4.88037405,22.361,2024-10-31,aylık,41.60159943417759,-0.0,2728.6,agort03,23.341234051053007,ara_deger,7.737542015606068,ara_deger,1.5633339050314299,-0.18887718566377512,63.68889123170323,0.0033448232692521174,0.08067430481427307,0.26955149047804816,15.60369203544694,False,,,False,64.40220547001987,90.6289567688248,57.36946903348704,39.49426903348704,157.11007030188287,1.7127563506905403,59.08222538417758,41.60159943417759,-17.48062595,False,0.10617921499105543
2024-11-22,34.4495,62.632537424345784,10.319804496436813,156.6286917279602,19.28016049,-3.0808395099999997,22.361,2024-10-31,aylık,43.352376934345784,-0.0,2828.79,agort03,23.297663829552565,ima,7.760741397244696,haftalik_bilanco,-2.19583324735807,0.8069861534518047,65.90419846440001,0.021219172204859582,2.260359500531148,1.453373347079343,15.536922432307868,False,,,False,66.76695551254764,89.86173621541255,60.88188969360948,42.94648969360948,158.70759979099842,1.7506477307363042,62.632537424345784,43.352376934345784,-19.28016049,False,0.11251951727132499
2024-11-25,34.4642,62.547310078284134,10.259333337202083,155.70617170089076,19.190878050000002,-3.1701219500000004,22.361,2024-10-31,aylık,43.35643202828413,-0.0,2687.46,agort03,23.724348388066854,ara_deger,7.887147568935812,ara_deger,0.10436715339807587,0.2696549960069835,63.75823731899415,0.00032980576152745467,0.3357672493661732,0.06611225335918969,15.837200819131041,False,,,False,63.43119222768438,92.27497947320639,60.79508327481851,42.67908327481851,157.78507976392896,1.752226803465625,62.547310078284134,43.35643202828413,-19.190878050000002,False,0.1124993977304697
2024-11-26,34.5184,65.20481766246408,12.699834928617781,158.65225711263622,18.96774964,-3.39325036,22.361,2024-10-31,aylık,46.23706802246408,-0.0,2694.05,agort03,23.86657657423828,ara_deger,7.929282959499517,ara_deger,0.9151193993582937,0.2754023243307886,64.29775061982664,0.0028736641618978265,-0.46130362486220455,-0.7367059491929931,15.937293614738763,False,,,False,63.58673372663894,95.06552338599728,63.52593390771299,45.34973390771299,160.73116517567445,1.6788837547510909,65.20481766246408,46.23706802246408,-18.96774964,False,0.11728366941594333
2024-11-27,34.5726,65.381236210178,12.770133631835614,158.35240521405808,18.62005371,-3.7409462899999997,22.361,2024-10-31,aylık,46.761182500178,-0.0,2751.47,agort03,24.00880476040971,ara_deger,7.971418350063222,ara_deger,-0.1748075118727709,0.27431131285866445,66.0595060341245,0.0005455057360621018,0.7579154555555526,0.4836041426968882,16.03738641034649,False,,,False,64.10282309709899,94.24958211695909,63.560434332390386,45.32403433239038,160.42128008885646,1.8208018777876163,65.381236210178,46.761182500178,-18.62005371,False,0.1176053927077651
2024-11-28,34.5728,65.75055306483709,12.640214532811921,158.14208616972212,18.536181720000002,-3.82481828,22.361,2024-10-31,aylık,47.21437134483709,-0.0,2740.57,agort03,24.15103294658114,ara_deger,8.013553740626927,ara_deger,-1.1010602062222563,0.2674819814143398,66.18759636241188,0.0034146657221574284,1.189537722280147,0.9220557408658072,16.137479205954214,False,,,False,63.848878561356884,94.29320760836524,64.06531715684005,45.768717156840054,160.21096104452053,1.6852359079970398,65.75055306483709,47.21437134483709,-18.536181720000002,False,0.11826902350331098
2024-11-29,34.5697,65.87408534063067,12.725736902547608,157.75886719412324,18.48571411,-3.8752858900000002,22.361,2024-10-31,aylık,47.38837123063067,-0.0,2672.34,agort03,24.29326113275257,ima,8.055689131190633,haftalik_bilanco,0.15864107845525982,0.3813631748491925,64.9198534555,0.0006945871381629776,-0.014798642687195274,-0.3961618175363878,16.237572001561936,False,,,False,62.25927895826652,95.49958823585672,64.177675797013,45.82087579701299,159.82774206892162,1.6964095436176763,65.87408534063067,47.38837123063067,-18.48571411,False,0.11850183404716104
2024-12-02,34.5794,65.54785852270426,12.673751568853133,157.87181313598262,18.067630190000003,-4.29336981,22.361,2024-10-31,aylık,47.48022833270426,-0.0,2682.11,agort03,24.384,ara_deger,8.004240252652398,ara_deger,0.31563797033138796,0.06928938716853016,65.40057024000001,0.0002471341482386258,0.6051510593922197,0.5358616722236895,16.379759747347602,False,,,False,62.48689713388124,95.38491600210138,63.7731125467764,45.916779213443064,159.94068801078097,1.774745975927857,65.54785852270426,47.48022833270426,-18.067630190000003,False,0.11788196266246587
2024-12-03,34.6432,65.97776544891927,12.67750164534454,158.14856621032072,17.57299801,-4.78800199,22.361,2024-10-31,aylık,48.40476743891927,-0.0,2701.38,agort03,24.3925,ara_deger,7.987090626472987,ara_deger,-0.0009843245624107254,0.06928784819096899,65.89341164999999,7.694887853816005e-07,-0.0181925363643146,-0.08748038455528359,16.40540937352701,False,,,False,62.935843115876715,95.21272309444402,64.21837474598189,46.64237474598189,160.21744108511916,1.759390702937381,65.97776544891927,48.40476743891927,-17.57299801,False,0.11862675084171444
2024-12-04,34.6766,65.61649311062791,12.700711747979906,159.03768935963944,17.20769243,-5.15330757,22.361,2024-10-31,aylık,48.40880068062791,0.06871410999999839,2701.32,agort03,24.401,ara_deger,7.969941000293575,ara_deger,-0.7039065675474255,0.06818901820545242,65.91490932,0.0005494149927630643,1.850727339204393,1.7825383209989405,16.431058999706423,False,,,False,65.62387216312717,93.41381719651227,63.853259777486834,46.557593110820164,161.12726045806107,1.7632333331410805,65.61649311062791,48.40880068062791,-17.20769243,False,0.11805230473484099
2024-12-05,34.6873,66.08229732495755,12.724300680652574,159.09756938238837,16.503086940000003,-5.78919895,22.292285890000002,2024-11-30,aylık,49.57921038495755,-0.0,2658.48,agort03,24.4095,ara_deger,7.952791374114163,ara_deger,0.37027594408243136,0.06876613479447022,64.89216756,0.00028855829451834847,0.22674585237396083,0.15797971757949061,16.456708625885838,False,,,False,64.58314885620005,94.51442052618832,63.794345855687816,46.77901252235448,161.18714048080997,2.2879514692697356,66.08229732495755,49.57921038495755,-16.503086940000003,False,0.11885373679301142
2024-12-06,34.6753,66.85738101761196,12.674153186850583,159.38656329695493,16.731296330000003,-5.56098956,22.292285890000002,2024-11-30,aylık,50.12608468761195,-0.0,2680.98,agort03,24.418,irfcl_pdf,7.935641747934752,haftalik_bilanco,-0.4092569553987789,-0.21809164331438513,65.46416964,0.0010193730594085793,1.0400962885140848,1.2581879318284699,16.482358252065247,False,,,False,65.12974723168698,94.25681606526796,65.07355760440429,48.338557604404286,161.47613439537653,1.7838234132076707,66.85738101761196,50.12608468761195,-16.731296330000003,True,0.12009720204558223
2024-12-09,34.7007,67.45721532995013,12.692003216073452,159.8823640498607,16.682441280000003,-5.60984461,22.292285890000002,2024-11-30,aylık,50.774774049950125,-0.0,2656.15,agort03,24.2979699681134,ara_deger,7.897719896427417,ara_deger,0.7745838108857293,-0.07398987089123901,64.5390529308044,0.0006463282265521952,0.20196984410448127,0.27595971499572025,16.40025007168598,False,,,False,64.52654555776074,95.35581849209997,65.7382279896371,48.517347989637095,161.9719351482823,1.718987340313035,67.45721532995013,50.774774049950125,-16.682441280000003,False,0.1214735562980324
2024-12-10,34.7499,68.27718989119394,12.69918365232706,161.548746623356,16.518681750000002,-5.773604140000001,22.292285890000002,2024-11-30,aylık,51.75850814119394,-0.003703669999996606,2703.38,agort03,24.25795995748453,ara_deger,7.8850792792583055,ara_deger,0.14653728207012173,-0.0742348269626942,65.57848378986453,0.00012247803573239846,-0.568737928660123,-0.4945031016974287,16.372880678226224,False,,,False,65.67391628106064,95.87483034229537,66.61649881006852,49.23365881006852,163.6383177217776,1.660691081125421,68.27718989119394,51.75850814119394,-16.518681750000002,False,0.12277636157095433
2024-12-11,34.7797,67.97558429198642,12.768815659709542,160.83042953077486,16.569644789999998,-5.72634477,22.29598956,2024-12-06,haftalık,51.405939501986424,-0.0,2712.33,agort03,24.217949946855665,ara_deger,7.872438662089194,ara_deger,0.3180836496015561,-0.07476743535943071,65.68707217935501,0.0002663041983634318,0.022493950279892982,0.0972613856393237,16.34551128476647,False,,,False,65.13139271396588,95.69903681680898,66.31601342162239,48.77121342162239,162.9165506890514,1.6595708703640355,67.97558429198642,51.405939501986424,-16.569644789999998,False,0.12232421231336892
2024-12-12,34.8028,67.53996485914926,12.817078826990933,161.45477405705097,15.745184590000001,-6.55080497,22.29598956,2024-12-06,haftalık,51.794780269149264,-0.0,2731.79,agort03,24.177939936226796,ara_deger,7.859798044920082,ara_deger,-0.42786168039005873,-0.07404980986290627,66.049054538385,0.0003588127482573866,0.39766276554932006,0.47171257541222633,16.318141891306713,False,,,False,65.59868721803205,95.85608683901891,65.8935562081212,48.186796208121194,163.5408952153275,1.646408651028068,67.53996485914926,51.794780269149264,-15.745184590000001,False,0.12145977532714605
2024-12-13,34.8177,67.23205297880101,12.810916631483412,163.4472220550891,15.47363382,-6.82235574,22.29598956,2024-12-06,haftalık,51.758419158801004,-0.0,2705.57,agort03,24.13792992559793,ima,7.847157427750971,haftalik_bilanco,-0.22579010682016093,0.17715667936161408,65.3068590688,0.0004561025474423275,-2.406759174826336,-2.5839158541879503,16.29077249784696,False,,,False,64.96906430453694,98.47815775055216,65.48642977566008,47.61770977566009,165.5333432133656,1.745623203140923,67.23205297880101,51.758419158801004,-15.47363382,False,0.12085439736272395
2024-12-16,34.8621,64.27297503592727,12.783278890256181,160.12323140510895,15.1747429,-7.12124666,22.29598956,2024-12-06,haftalık,49.098232135927276,-0.0,2691.71,agort03,24.20725031892815,ara_deger,7.850662157669598,ara_deger,-0.5582503539437561,0.058303463589801596,65.15889775596209,0.0003743814320397165,0.5837377597496535,0.5254342961598519,16.35658816125855,False,,,False,64.63624303905097,95.48698836605799,62.513109652029,44.158509652029004,162.20935256338547,1.7598653838982727,64.27297503592727,49.098232135927276,-15.1747429,False,0.11557206555370242
2024-12-17,34.8985,64.1343973236672,12.78959829219021,158.45302705726286,15.00435838,-7.29163118,22.29598956,2024-12-06,haftalık,49.1300389436672,-0.0,2657.58,agort03,24.23035711670489,ara_deger,7.851830400975808,ara_deger,0.1195632450248253,0.05846361503742703,64.39411246621258,8.007572381744932e-05,-0.24755540368472906,-0.3060190187221561,16.378526715729084,False,,,False,63.816676676061334,94.63635038120152,61.996699714887455,43.48013971488746,160.53914821553937,2.137697608779746,64.1343973236672,49.1300389436672,-15.00435838,False,0.11520281430971623
2024-12-18,34.9219,63.83107290840418,12.876445525587094,159.11687105874407,14.74217889,-7.55381067,22.29598956,2024-12-06,haftalık,49.08889401840418,-0.0,2664.88,agort03,24.25346391448163,ara_deger,7.8529986442820165,ara_deger,-0.5628639680732535,0.05771068384798908,64.63257091642382,0.0003764655947142703,1.3267873921544486,1.2690767083064596,16.400465270199614,False,,,False,64.32468670012742,94.79218435861665,61.83482619788728,43.15630619788728,161.16860399920967,1.9962467105168997,63.83107290840418,49.08889401840418,-14.74217889,False,0.1149455220174864
2024-12-19,34.9529,64.62129085140289,12.816535194504606,158.62704644550806,14.82838374,-7.46760582,22.29598956,2024-12-06,haftalık,49.79290711140289,-0.0,2630.56,agort03,24.27657071225837,ara_deger,7.854166887588226,ara_deger,-0.07849909028191909,0.057605817557638626,63.86097585283837,5.24331451845772e-05,-1.480934713413101,-1.5385405309707396,16.42240382467014,False,,,False,63.49627294508089,95.13077350042717,62.67904242566426,43.83856242566426,160.67877938597368,1.942248425738633,64.62129085140289,49.79290711140289,-14.82838374,False,0.1162655057741925
2024-12-20,35.0067,63.4952741618033,12.745022238600038,156.27172288370517,15.33331381,-6.962675750000001,22.29598956,2024-12-06,haftalık,48.1619603518033,-0.0,2625.78,agort03,24.29967751003511,ima,7.855335130894435,haftalik_bilanco,0.38364650770535075,-0.39784220068828735,63.805607212299996,0.0017518446840746327,-3.3374990273277487,-2.939656826639461,16.444342379140675,False,,,False,63.38089364003653,92.89082924366863,61.81095333179077,42.80851333179077,158.3234558241708,1.6843208300125312,63.4952741618033,48.1619603518033,-15.33331381,False,0.1142450712467581
2024-12-23,35.0619,61.174911941452116,12.60958601787125,155.5279535283224,16.10224033,-6.193749230000001,22.29598956,2024-12-06,haftalık,45.072671611452115,-0.0,2649.11,agort03,24.266183723901015,ara_deger,7.972020914762449,ara_deger,-0.21475706582445106,-0.13195427798521359,64.28378996482343,0.0003298944554379901,0.30229135153559983,0.4342456295208134,16.294162809138566,False,,,False,63.94403154520074,91.58392198312166,59.70672764453723,40.21840764453724,157.57968646878805,1.4681842969148846,61.174911941452116,45.072671611452115,-16.10224033,False,0.11007098726266623
2024-12-24,35.1065,62.051598934670224,12.569659265378206,155.48244625711888,16.93131979,-5.364669770000001,22.29598956,2024-12-06,haftalık,45.12027914467022,-0.0,2635.93,agort03,24.255019128522985,ara_deger,8.010916176051786,ara_deger,-0.22628035412792114,-0.13125694418183717,63.93453257144759,0.00034866690168822156,0.8920699495771703,1.0233268937590074,16.2441029524712,False,,,False,63.62589362878135,91.85655262833754,60.25876199564184,40.60848199564184,157.5341791975845,1.7928369390283834,62.051598934670224,45.12027914467022,-16.93131979,False,0.11150680991511047
2024-12-25,35.1814,62.46540717538245,12.508230030641192,155.97005992700744,16.74076767,-5.555221889999999,22.29598956,2024-12-06,haftalık,45.724639505382456,-0.0,2622.0,agort03,24.243854533144955,ara_deger,8.049811437341123,ara_deger,0.5692206148175061,-0.13301654814370456,63.56738658590607,0.0008798019809289626,-1.7046751489411591,-1.5716586007974547,16.19404309580383,False,,,False,63.713754431312054,92.25630549569539,60.71685674816808,40.90461674816808,158.09950860397825,1.7485504272143757,62.46540717538245,45.724639505382456,-16.74076767,False,0.1121887907742709
2024-12-26,35.2162,63.96414661434226,12.39655536372465,156.50118784826472,19.48663631,-2.80935325,22.29598956,2024-12-06,haftalık,44.47751030434226,-0.0,2657.15,agort03,24.23268993776692,ara_deger,8.088706698630462,ara_deger,-0.0272833316741415,-0.13293194698592728,64.38989206813739,4.230057888392896e-05,0.8470223877503059,0.9799543347362332,16.14398323913646,False,,,False,64.5678880957898,91.93329975247492,62.2069821559396,42.2327821559396,158.63063652523553,1.7571644584026629,63.96414661434226,44.47751030434226,-19.48663631,False,0.11494821073225141
2024-12-27,35.2033,65.17539901088819,12.370260714194409,155.00229044975882,19.9044443,-2.39154526,22.29598956,2024-12-06,haftalık,45.270954710888184,-0.0,2655.46,agort03,24.22152534238889,ima,8.127601959919799,haftalik_bilanco,-0.12794669089062635,0.7912913393303801,64.31929168570001,0.0011880533308044894,0.7670526288338115,-0.02423871049656856,16.093923382469093,False,,,False,64.52682164079783,90.47546880896098,63.61571650953178,43.479556509531776,157.13173912672963,1.5596825013564057,65.17539901088819,45.270954710888184,-19.9044443,False,0.11716776157934963
2024-12-30,35.1368,66.08167889506159,12.304179350424626,156.13476815552391,20.23769961,-2.05828995,22.29598956,2024-12-06,haftalık,45.843979285061586,-0.0,2647.51,agort03,24.543631335597222,ara_deger,8.15082661204523,ara_deger,-0.0760626139172866,0.2633015099692643,64.97950939730701,0.00023113490377081602,0.9148946766890158,0.6515931667197514,16.39280472355199,False,,,False,64.33363920459306,91.80112895093086,64.46380999408028,43.84176999408028,158.2642168324947,1.617868900981307,66.08167889506159,45.843979285061586,-20.23769961,False,0.11883404518900066
2024-12-31,35.2233,67.5696646821848,12.3752769047761,155.11805808701783,20.81575578,-1.48023378,22.29598956,2024-12-06,haftalık,46.75390890218479,-0.0,2642.87,agort03,24.651,evds_aylik,8.158568162753706,ara_deger,0.42946292504189293,-0.09825975086939397,65.14938837,0.000479349980448851,-0.19904302483096187,-0.1007832739615679,16.492431837246293,False,,,False,64.22088870094649,90.89716938607134,65.91344476525481,45.12944476525481,157.24750676398858,1.6562199169299845,67.5696646821848,46.75390890218479,-20.81575578,True,0.12159429892534017
2025-01-02,35.2803,67.93234646530784,12.394085197688229,156.828404051615,20.92920937,-1.3667801899999998,22.29598956,2024-12-06,haftalık,47.00313709530785,-0.0,2668.91,agort03,24.629666666666665,ara_deger,8.17405126417066,ara_deger,0.30739089571863015,-0.04947374093525992,65.73436366333333,0.00017193275028387633,0.8730262361249141,0.9224999770601741,16.455615402496004,False,,,False,64.64507120155514,92.18333285005986,66.40194040300112,45.44527373633446,158.9028915570446,1.5304060623067244,67.93234646530784,47.00313709530785,-20.92920937,False,0.12204980790258944
2025-01-03,35.2525,69.37825067725694,12.573680107793775,157.90557319948493,21.01510154,-1.2808880200000001,22.29598956,2024-12-06,haftalık,48.36314913725694,0.03175578000000101,2687.59,agort03,24.619,irfcl_pdf,8.181792814879138,haftalik_bilanco,-0.7123885594031406,-0.454975107488034,66.16577821,0.0037285848839050395,1.7328198774132604,2.1877949849012945,16.43720718512086,False,,,False,65.09752929495097,92.80804390453396,67.67164135876888,46.62864135876888,159.98006070491456,1.7066093184880629,69.37825067725694,48.36314913725694,-21.01510154,True,0.1247456936800927
2025-01-06,35.271,69.60204757449463,12.566132857021348,157.20683176535942,20.226014369999998,-2.03821941,22.264233779999998,2024-12-31,aylık,49.37603320449463,-0.0,2644.25,agort03,24.593429255176172,ara_deger,8.32828413207215,ara_deger,0.10865116942233219,-0.15204149402075312,65.03117530799959,0.00019156242904540266,1.6211002948191293,1.7731417888398824,16.26514512310402,False,,,False,64.04776838661182,93.1590633787476,67.00680632814493,47.52584204243065,159.28131927078903,2.595241246349701,69.60204757449463,49.37603320449463,-20.226014369999998,False,0.12527919449315966
2025-01-07,35.2892,70.49268824456207,12.57590560284733,158.02733903073442,19.37713083,-2.88710295,22.264233779999998,2024-12-31,aylık,51.115557414562076,-0.059654240000000414,2650.93,agort03,24.584905673568233,ara_deger,8.377114571136488,ara_deger,0.20924258313239882,-0.15278193442765112,65.17286399723224,0.00037022020343960294,1.535415244963721,1.6881971793913721,16.207791102431745,False,,,False,64.20956817589898,93.81777085483544,68.02277515500492,49.062489440719204,160.10182653616403,2.469913089557153,70.49268824456207,51.115557414562076,-19.37713083,False,0.12681696986813842
2025-01-08,35.2764,70.74499084373689,12.683955363926023,158.9074545588101,17.776725839999997,-4.54716218,22.32388802,2025-01-03,haftalık,52.96826500373689,-0.0,2663.84,agort03,24.57638209196029,ara_deger,8.425945010200826,ara_deger,0.10982297215595994,-0.15317194176821314,65.46754967184751,0.00019500367028574273,1.409472884350841,1.5626448261190542,16.150437081759463,False,,,False,64.76797941540094,94.13947514340914,68.2571598008867,49.817552658029555,160.95414911952466,2.487831042850189,70.74499084373689,52.96826500373689,-17.776725839999997,False,0.1273169614505321
2025-01-09,35.3179,71.06096013636144,12.504202260043774,159.97341283525176,16.75315238,-5.57073564,22.32388802,2025-01-03,haftalık,54.30780775636144,-0.0,2670.64,agort03,24.567858510352348,ara_deger,8.474775449265163,ara_deger,0.2827554693833045,-0.15417965191142508,65.61190565208739,0.0005038550716059409,1.8110077205294308,1.965187372440856,16.093083061087185,False,,,False,64.9333130165274,95.04009981872436,68.76047080941959,50.84154223799102,162.02010739596633,2.3004893269418574,71.06096013636144,54.30780775636144,-16.75315238,False,0.12773559811407328
2025-01-10,35.2921,71.49085393048303,12.468295964252624,160.4564343264868,15.125189279999999,-7.19869874,22.32388802,2025-01-03,haftalık,56.365664650483026,-0.0,2688.21,agort03,24.559334928744406,ima,8.5236058883295,haftalik_bilanco,0.10535473979552856,-0.14632689444474117,66.0206497488,0.00017837591501013161,1.4036370981993946,1.5499639926441358,16.035729040414907,False,,,False,65.36050586532035,95.09592846116645,70.01402123988089,52.615771239880885,162.5031288872014,1.4768326906021372,71.49085393048303,56.365664650483026,-15.125189279999999,False,0.1284002880614698
2025-01-13,35.3356,71.8151018236566,12.203544159431283,160.70226011955126,14.20519714,-8.11869088,22.32388802,2025-01-03,haftalık,57.60990468365661,-0.0,2694.78,agort03,24.550377344767536,ara_deger,8.568948430687522,ara_deger,-0.28398999180320156,-0.04845399373325038,66.15786586113266,0.00016081887416186103,0.1370576452528704,0.18551163898612077,15.981428914080015,False,,,False,65.52024730052638,95.18201281902488,70.56532143221001,54.72910714649573,162.7489546802658,1.249780391446592,71.8151018236566,57.60990468365661,-14.20519714,False,0.12902665811614691
2025-01-14,35.4197,70.89178335784888,12.196062530173887,159.27286667215864,13.436292649999999,-8.88759537,22.32388802,2025-01-03,haftalık,57.45549070784888,-0.0,2677.01,agort03,24.547391483441913,ara_deger,8.584062611473527,ara_deger,0.21055630782125664,-0.04869273328870753,65.71361247508884,0.00011936977772622481,1.3281176804474237,1.3768104137361312,15.963328871968386,False,,,False,65.08819169875912,94.18467497339952,69.53387993122472,54.218344216939,161.31956123287324,1.357903426624162,70.89178335784888,57.45549070784888,-13.436292649999999,False,0.127464759063527
2025-01-15,35.4292,71.95391510392557,12.12011374798189,161.02822739561412,13.03569919,-9.28818883,22.32388802,2025-01-03,haftalık,58.918215913925565,-0.0,2690.2,agort03,24.54440562211629,ara_deger,8.599176792259534,ara_deger,0.23008965201483764,-0.04895391689637836,66.02936000461723,0.00013059180383540037,1.007272771975837,1.0562266888722154,15.945228829856756,False,,,False,66.0695228253082,94.95870457030593,70.36763342101995,55.572776278162806,163.0845582175155,1.5862816829056214,71.95391510392557,58.918215913925565,-13.03569919,False,0.12954222581686078
2025-01-16,35.4294,72.5039750038104,12.035337713876046,161.71457974954495,12.4331727,-9.89071532,22.32388802,2025-01-03,haftalık,60.070802303810396,-0.0,2704.63,agort03,24.541419760790667,ara_deger,8.614290973045541,ara_deger,0.09349224598406215,-0.04906016414357362,66.37546012762726,5.3123623597634007e-05,0.8304847756368836,0.8795449397804572,15.927128787745126,False,,,False,66.42391402832997,95.29066572121498,71.04435161193811,56.77017304050954,163.7709105714463,1.4596233918722845,72.5039750038104,60.070802303810396,-12.4331727,False,0.13032788267169892
2025-01-17,35.3979,73.1180735015354,12.057477759980113,163.31697818795516,12.101154130000001,-10.222733889999999,22.32388802,2025-01-03,haftalık,61.01691937153541,-0.0,2710.5,agort03,24.538433899465044,ima,8.629405153831549,haftalik_bilanco,-0.0007954514372845686,0.090143479073814,66.5114250845,8.314438476465357e-07,0.45134109236820885,0.36119761329439487,15.909028745633496,False,,,False,66.56807732436171,96.74890086359345,71.4718601385958,57.7183601385958,165.3733090098565,1.646213362939605,73.1180735015354,61.01691937153541,-12.101154130000001,False,0.13154849004413188
2025-01-20,35.4119,73.28667298281086,12.043254160324635,162.64283581417288,11.83343157,-10.49045645,22.32388802,2025-01-03,haftalık,61.453241412810854,-0.0,2710.45,agort03,24.621842822139342,ara_deger,8.679556322600106,ara_deger,0.31406304404092733,0.030266218941910946,66.73627387726758,0.00010919629199046543,0.6488598209735779,0.6185936020316669,15.942286499539236,False,,,False,66.56684935761527,96.07598645655762,71.65978594766165,59.46832166194736,164.69916663607432,1.6268870351492097,73.28667298281086,61.453241412810854,-11.83343157,False,0.13179978791971506
2025-01-21,35.5183,74.15096479842785,12.005082900927126,163.53141912671663,11.772971779999999,-10.550916240000001,22.32388802,2025-01-03,haftalık,62.37799301842785,-0.0,2730.15,agort03,24.649645796364105,ara_deger,8.696273378856292,ara_deger,0.4144686154068533,0.03055423109074437,67.29723047094348,0.00014400607441183988,0.8349214418263817,0.8043672107356373,15.953372417507813,False,,,False,67.05066825571154,96.48075087100509,72.52057026941041,60.8497845551247,165.587749948618,1.6303945290174369,74.15096479842785,62.37799301842785,-11.772971779999999,False,0.13337141632494331
2025-01-22,35.5516,75.33743474274013,11.965453988006166,165.53187479481025,11.74968058,-10.57420744,22.32388802,2025-01-03,haftalık,63.587754162740126,-0.0,2756.13,agort03,24.67744877058887,ara_deger,8.712990435112477,ara_deger,-0.04198652542230466,0.03052507512648211,68.01425688008311,1.4577982128678724e-05,0.04746063031470474,0.016935555188222626,15.964458335476394,False,,,False,67.6311138233326,97.90076097147765,73.73836724648118,62.58826010362403,167.60248666726673,1.5990674962589537,75.33743474274013,63.587754162740126,-11.74968058,False,0.13537876165318488
2025-01-23,35.5815,74.86024998946083,11.891434059834465,165.73340158959545,11.341041650000001,-10.982846369999999,22.32388802,2025-01-03,haftalık,63.519208339460825,-0.0,2753.5,agort03,24.705251744813637,ara_deger,8.729707491368664,ara_deger,0.08371185188804817,0.030583165336642362,68.02591067934435,2.9045105077674105e-05,1.067303913543113,1.0367207482064706,15.975544253444973,False,,,False,67.566577742177,98.16682384741844,73.36875356575749,62.73932499432892,167.8040134620519,1.4914964237033388,74.86024998946083,63.519208339460825,-11.341041650000001,False,0.13461807416132093
2025-01-24,35.5915,75.44946964865206,11.935158113594538,167.56796084855833,10.73552149,-11.58836653,22.32388802,2025-01-03,haftalık,64.71394815865206,-0.0,2758.74,agort03,24.733054719038403,ima,8.74642454762485,haftalik_bilanco,-0.03884751131653232,-0.38391068913137233,68.2320673756,0.00016923041577129871,0.36209342013991863,0.746004109271291,15.986630171413553,False,,,False,67.6951591358102,99.87280171274813,73.702181279238,63.593431279238004,169.63857272101484,1.7472883694140506,75.44946964865206,64.71394815865206,-10.73552149,False,0.13563959110149743
2025-01-27,35.5994,74.49971746714832,11.796640533267414,167.67098790169698,9.601040979999999,-12.722847040000001,22.32388802,2025-01-03,haftalık,64.89867648714832,-0.0,2756.31,agort03,24.67474555373623,ara_deger,8.827399675138569,ara_deger,-0.1594242995386916,-0.12750316304854165,68.0112479172187,0.0002335333309546328,0.0320982985967819,0.15960146164532354,15.847345878597661,False,,,False,67.6355307414345,100.03545716026248,72.82292406613594,64.27620978042165,169.74159977415349,1.6767934010123753,74.49971746714832,64.89867648714832,-9.601040979999999,False,0.13390250226825476
2025-01-28,35.6602,73.79569340609417,11.75336843315517,167.0439038341295,9.067615020000002,-13.256272999999998,22.32388802,2025-01-03,haftalık,64.72807838609417,-0.0,2746.25,agort03,24.655309165302175,ara_deger,8.854391384309809,ara_deger,0.10839429597760965,-0.12782165979812377,67.7096427952111,0.00015924837478617504,-0.1591988888316238,-0.03137722903350004,15.800917780992366,False,,,False,67.38867409640588,99.65522973772363,72.09555353026623,64.06951781598052,169.11451570658602,1.7001398758279436,73.79569340609417,64.72807838609417,-9.067615020000002,False,0.1326175811678022
2025-01-29,35.6978,73.0339836068329,11.771128136747922,168.21580594652602,8.338950109999999,-13.984937910000001,22.32388802,2025-01-03,haftalık,64.6950334968329,-0.0,2753.11,agort03,24.635872776868116,ara_deger,8.881383093481048,ara_deger,0.0743611913055838,-0.12804080041881097,67.82526770072339,0.0001095703103484863,1.071480038965723,1.199520839384534,15.754489683387067,False,,,False,68.09282027753181,100.1229856689942,71.36122887124696,63.85587172838982,170.29441819944086,1.67275473558594,73.0339836068329,64.6950334968329,-8.338950109999999,False,0.13151843410862982
2025-01-30,35.7067,74.75155682266913,11.798146482312843,168.77890541183717,8.88366375,-13.44022427,22.32388802,2025-01-03,haftalık,65.86789307266913,-0.0,2757.83,agort03,24.61643638843406,ara_deger,8.908374802652288,ara_deger,0.5590499118379755,-0.12969317641259334,67.8879467651151,0.000826187996886163,-2.2297903928003446,-2.100097216387751,15.708061585781772,False,,,False,68.20956029580567,100.5693451160315,73.1347945343591,66.15011596293053,170.857517664752,1.6167622883100279,74.75155682266913,65.86789307266913,-8.88366375,False,0.1343693244163543
2025-01-31,35.721,73.47865182945607,11.886808180062149,166.00746565643817,9.19283754,-13.13105048,22.32388802,2025-01-03,haftalık,64.28581428945607,-0.0,2793.42,agort03,24.597,irfcl_pdf,8.935366511823528,haftalik_bilanco,-0.008457282083614725,0.2835689172855404,68.70975174,2.7413855112677285e-05,0.6507674482300573,0.3671985309445169,15.661633488176474,False,,,False,69.08980971325626,96.91765594318191,71.73343887349179,65.2694388734918,168.08607790935307,1.745212955964277,73.47865182945607,64.28581428945607,-9.19283754,True,0.1322334018291682
2025-02-03,35.763,72.64929832508459,9.067880099544222,167.41173276847599,10.54010195,-11.78378607,22.32388802,2025-01-03,haftalık,62.109196375084586,-0.0,2792.88,agort03,24.59598201968005,ara_deger,8.832815734789955,ara_deger,0.649915345926019,0.0959183714980261,68.69362626312403,0.0006976995347504067,-2.1569469744741157,-2.252865345972142,15.763166284890096,False,,,False,69.07645386370798,98.335278904768,73.6897720549171,67.10673634063139,169.49034502139085,-1.040473729832513,72.64929832508459,62.109196375084586,-10.54010195,False,0.13058761763720214
2025-02-04,35.9022,70.95535858526775,9.048785868275482,166.3269314185036,10.37228807,-11.95159995,22.32388802,2025-01-03,haftalık,60.58307051526775,2.728837539999997,2834.11,agort03,24.595642692906736,ara_deger,8.79863214244543,ara_deger,0.6939626734817627,0.09740515008455407,69.70675691239391,0.0007433892932715569,3.6233114657406302,3.5259063156560764,15.797010550461307,False,,,False,70.09619770977393,96.23073370872966,72.00683094629298,65.3841166605787,168.40554367141846,-1.0514723610252332,70.95535858526775,60.58307051526775,-10.37228807,False,0.12763990503676237
2025-02-05,35.9164,72.81577608000802,9.138320293793363,165.90671492405392,7.825896999999999,-11.769153480000002,19.59505048,2025-01-31,haftalık,64.98987908000802,-0.0,2878.04,agort03,24.595303366133418,ara_deger,8.764448550100905,ara_deger,-0.09261050067378876,0.09720716113097272,70.78626689986662,9.899447679580231e-05,1.2075467005212448,1.1103395393902722,15.830854816032513,False,,,False,70.7437793812703,95.16293554278361,71.16929656090252,64.50690370375966,168.01820469200698,1.6464795191054975,72.81577608000802,64.98987908000802,-7.825896999999999,False,0.1309348717069924
2025-02-06,35.8683,73.42615267520345,9.115482529141332,167.09539553187994,7.3441751600000025,-12.250875319999999,19.59505048,2025-01-31,haftalık,66.08197751520345,-0.0,2872.19,agort03,24.594964039360104,ara_deger,8.730264957756381,ara_deger,-0.04997380210705317,0.09710055169441321,70.6414097642097,5.330471827465211e-05,0.827193579567706,0.7300930278732928,15.864699081603723,False,,,False,70.59998321812441,96.49541231375554,71.7668883108483,65.06481688227687,169.206885299833,1.6592643643551526,73.42615267520345,66.08197751520345,-7.3441751600000025,False,0.1320051947607398
2025-02-07,35.8332,74.12716034292221,9.08358859939944,167.49095012019535,7.299856980000001,-12.2951935,19.59505048,2025-01-31,haftalık,66.82730336292221,-0.0,2869.04,agort03,24.594624712586786,ima,8.696081365411857,haftalik_bilanco,0.7763258716425506,0.21945153954066735,70.56296208539999,0.0018362399071533142,0.3347539440424553,0.11530240450178794,15.898543347174929,False,,,False,70.522554514892,96.96839560530336,72.33261293995513,65.59086293995513,169.60243988814844,1.7945474029670834,74.12716034292221,66.82730336292221,-7.299856980000001,False,0.13339576682004334
2025-02-10,35.9055,74.91387252649315,9.165347537285372,168.03065007134734,6.893730410000002,-12.70132007,19.59505048,2025-01-31,haftalık,68.02014211649315,-0.0,2917.87,agort03,24.6457123051643,ara_deger,8.671959459437115,ara_deger,0.1888097586364979,0.07344683860450965,71.91298456386974,0.0001481627121479312,0.5665414224284848,0.4930945838239752,15.973752845727184,False,,,False,71.72282231769786,96.30782775364948,73.19813708206262,66.3373513677769,170.14213983930034,1.7157354444305355,74.91387252649315,68.02014211649315,-6.893730410000002,False,0.1347484182035029
2025-02-11,35.9451,75.8472638273367,9.18898386706394,168.35023380494005,7.048134200000002,-12.54691628,19.59505048,2025-01-31,haftalık,68.7991296273367,-0.0,2929.69,agort03,24.662741502690135,ara_deger,8.663918824112203,ara_deger,-0.4714853043376957,0.07270803063040839,72.25418715301626,0.00036940398705581634,0.7786947070020636,0.7059866763716551,15.998822678577932,False,,,False,72.01336430887471,96.33686949606533,74.09855613143378,67.19809184571949,170.46172357289313,1.7487076959029224,75.8472638273367,68.7991296273367,-7.048134200000002,False,0.1364875408155024
2025-02-12,35.9593,78.47115182998557,11.567361517048441,171.20795580173476,6.98643515,-12.608615330000001,19.59505048,2025-01-31,haftalık,71.48471667998557,-0.0,2900.22,agort03,24.679770700215972,ara_deger,8.65587818878729,ara_deger,0.6986417134982964,0.07380107534270643,71.57676458018035,0.0005465223561464949,-0.5028884058088067,-0.5766894811515131,16.023892511428684,False,,,False,71.32982248393844,99.87813331779631,76.7766071085922,69.83646425144934,173.3188752283832,1.6945447213933704,78.47115182998557,71.48471667998557,-6.98643515,False,0.14115357881481946
2025-02-13,36.0273,78.38179919116892,11.414876940542312,172.20855128028776,6.853813780000001,-12.7412367,19.59505048,2025-01-31,haftalık,71.52798541116893,-0.0,2943.82,agort03,24.696799897741812,ara_deger,8.647837553462375,ara_deger,-0.1803903367497047,0.0735192904214431,72.70293347497031,0.00014089246062118366,1.374241705823012,1.300722415401569,16.04896234427944,False,,,False,72.40214812140724,99.80640315888053,77.22780627468615,70.24798484611472,174.31947070693616,1.1539929164827782,78.38179919116892,71.52798541116893,-6.853813780000001,False,0.14094399253873527
2025-02-14,36.0448,79.53273839777165,11.418722978071733,173.17261065258626,6.807055580000002,-12.7879949,19.59505048,2025-01-31,haftalık,72.72568281777166,-0.0,2932.58,agort03,24.71382909526765,ima,8.639796918137462,haftalik_bilanco,-0.8691229198174244,-0.8614141607161283,72.4752809282,0.008090411996123037,0.6327974075711071,1.4942115682872354,16.074032177130185,False,,,False,72.12570453963775,101.0469061129485,78.15704969926314,71.13754969926313,175.2835300792347,1.3756886985085117,79.53273839777165,72.72568281777166,-6.807055580000002,False,0.1431641270750612
2025-02-17,36.106,79.12155079488173,11.315650307428127,172.25850812001974,6.73526616,-12.859784320000001,19.59505048,2025-01-31,haftalık,72.38628463488173,-0.0,2878.51,agort03,24.46527170086093,ara_deger,8.690496486783204,ara_deger,1.5128009430300482,-0.2967043011576126,70.4235292436452,0.004783123792788224,-3.3512710264211742,-3.0545667252635615,15.774775214077728,False,,,False,70.79587318142819,101.46263493859155,77.64503611588101,70.5065004015953,174.36942754666813,1.476514679000715,79.12155079488173,72.38628463488173,-6.73526616,False,0.1424013357831687
2025-02-18,36.1523,76.98830165715597,11.336176813093497,170.2238761741847,6.419960600000001,-13.17508988,19.59505048,2025-01-31,haftalık,70.56834105715598,-0.0,2974.41,agort03,24.382419236058695,ara_deger,8.70739634299845,ara_deger,0.6280981673249265,-0.3007013766607939,72.52331159992534,0.0019985377515853164,-1.724543907796336,-1.4238425311355423,15.675022893060245,False,,,False,73.15449769136525,97.06937848281946,75.26810576367203,68.08989147795774,172.33479560083316,1.7201958934839467,76.98830165715597,70.56834105715598,-6.419960600000001,False,0.13838482160179316
2025-02-19,36.1964,75.70573554276116,11.301886099170085,171.13999799783574,6.268130940000001,-13.32691954,19.59505048,2025-01-31,haftalık,69.43760460276116,-0.0,3014.48,agort03,24.299566771256455,ara_deger,8.724296199213697,ara_deger,-0.5334530170924645,-0.2972848596659396,73.25055804061716,0.0017082584974245085,-1.4768889926064186,-1.179604132940479,15.575270572042758,False,,,False,74.49934353110241,96.64065446673332,74.13928089533766,66.9213880381948,173.27119503597044,1.5664546474234982,75.70573554276116,69.43760460276116,-6.268130940000001,False,0.13612234312297403
2025-02-20,36.2267,73.69075637582225,11.325582401930067,169.77843698870186,6.23979748,-13.355253000000001,19.59505048,2025-01-31,haftalık,67.45095889582225,-0.0,2980.23,agort03,24.216714306454218,ara_deger,8.741196055428945,ara_deger,0.23909675697833765,-0.29882603302566507,72.17137847752404,0.0007705866798601024,-0.11619053472140972,0.18263549830425535,15.475518251025273,False,,,False,73.6528948845895,96.12554210411236,72.13137221993722,64.8738007913658,171.90963402683656,1.5593841558850272,73.69075637582225,67.45095889582225,-6.23979748,False,0.13259138078202307
2025-02-21,36.2472,73.72516423337527,11.190535517226158,169.97285922000384,6.286346,-13.308704480000001,19.59505048,2025-01-31,haftalık,67.43881823337527,-0.0,2995.68,agort03,24.133861841651978,ima,8.758095911644192,haftalik_bilanco,0.13453795188756812,0.6121538454215203,72.29732724179999,0.0008914080453593931,-4.908965863505186,-5.521119708926706,15.375765930007786,False,,,False,74.03472354411139,95.93813567589245,71.97933967313338,64.68208967313338,172.10405625813854,1.7458245602418856,73.72516423337527,67.43881823337527,-6.286346,False,0.13257840204995872
2025-02-24,36.306,69.14439527901726,11.180581694485761,166.5425002295346,6.48995878,-13.105091700000001,19.59505048,2025-01-31,haftalık,62.65443649901726,-0.0,3004.43,agort03,24.264368928945427,ara_deger,8.684852588569777,ara_deger,-0.11949489033067527,0.2035303599246663,72.9005979411915,0.000260460941253593,0.6966437218051834,0.49311336188051713,15.57951634037565,False,,,False,74.25096954869497,92.29153068083963,67.42553184046714,60.00924612618143,168.67369726766927,1.718863438550116,69.14439527901726,62.65443649901726,-6.48995878,False,0.12432965052893757
2025-02-25,36.3563,70.01718425692384,11.193796370917834,167.6733673702347,6.77238425,-12.822666230000001,19.59505048,2025-01-31,haftalık,63.24480000692384,-0.0,2996.76,agort03,24.307871291376575,ara_deger,8.660438147544971,ara_deger,-0.7460696122978955,0.20029208673588111,72.84485637114567,0.0016191365943899472,-0.36137426803996575,-0.5616663547758469,15.647433143831604,False,,,False,74.06141447953428,93.61195289070042,68.3320570300058,60.87609274429151,169.8045644083694,1.6851272269180413,70.01718425692384,63.24480000692384,-6.77238425,False,0.1259170488231927
2025-02-26,36.3875,69.09302774304362,11.168179237375472,167.3254623210461,6.981288750000001,-12.61376173,19.59505048,2025-01-31,haftalık,62.111738993043616,-0.0,2949.08,agort03,24.351373653807723,ara_deger,8.636023706520167,ara_deger,-0.6602018512855465,0.19743890182271204,71.81414901497128,0.0014265924565924903,0.8587175038225954,0.6612786019998833,15.715349947287557,False,,,False,71.17268927997901,96.15277304106709,67.4119049398832,59.916262082740346,169.43462691858466,1.6811228031604202,69.09302774304362,62.111738993043616,-6.981288750000001,False,0.12414872074092925
2025-02-27,36.3717,69.96011770139971,11.122319303194518,166.1621594538531,7.695722990000002,-11.89932749,19.59505048,2025-01-31,haftalık,62.26439471139971,-0.0,2907.07,agort03,24.394876016238875,ara_deger,8.61160926549536,ara_deger,-0.24842861865670665,0.19636989133629984,70.91761222052754,0.000534505243198341,0.5720539310026937,0.3756840396663939,15.783266750743515,False,,,False,70.15882574401122,96.00333370984187,68.2883555346602,60.75303410608877,168.27132405139164,1.6717621667395122,69.96011770139971,62.26439471139971,-7.695722990000002,False,0.12576124700693786
2025-02-28,36.3652,70.1332986206593,11.084416090108125,165.4110654850679,7.583181810000001,-12.01186867,19.59505048,2025-01-31,haftalık,62.550116810659304,-0.0,2891.33,agort03,24.438378378670023,ima,8.587194824470556,haftalik_bilanco,0.0588078909860806,-0.03206770862109323,70.6594165576,2.054741885850614e-05,-0.7839474411002273,-0.7518797324791341,15.851183554199467,False,,,False,69.7789587586236,95.63210672644429,68.38932154917339,60.814321549173386,167.52023008260645,1.743977071485915,70.1332986206593,62.550116810659304,-7.583181810000001,True,0.12609505333834886
2025-03-03,36.3812,68.96436989434103,11.082895643903996,165.16079494200383,7.140913080000001,-12.4541374,19.59505048,2025-01-31,haftalık,61.82345681434103,-0.0,2895.04,agort03,24.468541273769365,ara_deger,8.62843449523486,ara_deger,0.5987560362286072,-0.010828803580411342,70.83740572921326,6.978368668930646e-05,0.7196543602920776,0.730483163872489,15.840106778534505,False,,,False,69.86849538605614,95.2922995559477,67.1818398513518,59.275411279923226,167.26995953954238,1.7825300429892366,68.96436989434103,61.82345681434103,-7.140913080000001,False,0.12393896369436383
2025-03-04,36.4097,70.30888029838204,11.168830531424318,166.49471865335332,7.0810782,-12.51397228,19.59505048,2025-01-31,haftalık,63.227802098382035,0.008181809999999956,2932.84,agort03,24.47859557213581,ara_deger,8.642181052156293,ara_deger,0.035315204379554606,-0.010837037316983754,71.7918042377828,4.116868288800424e-06,0.8437509637577698,0.8545880010747535,15.836414519979517,False,,,False,70.7807553636706,95.71396328968272,68.64025174610063,60.62334698419587,168.60388325089193,1.6686285522814046,70.30888029838204,63.227802098382035,-7.0810782,False,0.1264489270156473
2025-03-05,36.4011,71.26626266788641,11.191285812791373,167.34225045584927,7.13693912,-12.44992955,19.58686867,2025-02-28,aylık,64.12932354788641,-0.0,2935.07,agort03,24.488649870502257,ara_deger,8.655927609077727,ara_deger,0.06665576072059785,-0.010852581725510688,71.87590157541506,7.772204258252313e-06,2.677910025851523,2.6887626075770337,15.83272226142453,False,,,False,71.72835122788302,95.61389922796624,69.55381521437539,61.42643426199444,169.4458418289557,1.7124474535110181,71.26626266788641,64.12932354788641,-7.13693912,False,0.1282009842133671
2025-03-06,36.3682,71.84259363949823,9.02473839783107,168.46276830375413,7.13525172,-12.45161695,19.58686867,2025-02-28,aylık,64.70734191949823,-0.0,2939.28,agort03,24.498704168868702,ara_deger,8.669674165999162,ara_deger,0.04827854150874778,-0.010863843114092954,72.0085511894724,5.6306942963560425e-06,0.8038623900247678,0.8147262331388607,15.82903000286954,False,,,False,71.83123680085724,96.63153150289689,71.81356292035349,63.575705777496346,170.56635967686054,0.029030719144742534,71.84259363949823,64.70734191949823,-7.13525172,False,0.12915761735390127
2025-03-07,36.3748,73.98757730626699,9.021732683066299,169.9076315889442,8.43110017,-11.1557685,19.58686867,2025-02-28,aylık,65.55647713626698,-0.0,2942.33,agort03,24.50875846723515,ima,8.683420722920596,haftalik_bilanco,-0.11995606010190317,0.4794378580321126,72.11285530090001,0.000619156480770669,0.66681120932805,0.18737335129593746,15.825337744314554,False,,,False,71.90577385491217,98.00185773403204,74.26490988266602,65.91657654933269,172.01122296205065,-0.27733257639903286,73.98757730626699,65.55647713626698,-8.43110017,False,0.13319242026132344
2025-03-10,36.3153,76.98169355615953,11.013803823732696,170.32912866500416,8.886290129999999,-10.70057854,19.58686867,2025-02-28,aylık,68.09540342615952,-0.0,2934.75,agort03,24.56007613979643,ara_deger,8.571372569421014,ara_deger,-0.49852777732430287,0.1581147038584996,72.07768345126757,0.0008489577427628348,0.6700099341298982,0.5118952302713986,15.988703570375415,False,,,False,71.72053094680184,98.60859771820232,75.18387853053672,66.50411662577481,172.43272003811066,1.7978150256228105,76.98169355615953,68.09540342615952,-8.886290129999999,False,0.13859785732936858
2025-03-11,36.4558,75.61755268023194,9.202551390999512,170.92169590628393,9.161919529999999,-10.42494914,19.58686867,2025-02-28,aylık,66.45563315023193,-0.0,2903.57,agort03,24.577182030650185,ara_deger,8.534023184921152,ara_deger,0.22861501355163868,0.1588906915323042,71.36156842873496,0.0003879938368945568,-0.8899751078274438,-1.048865799359748,16.04315884572903,False,,,False,70.95854230895492,99.96315359732901,75.7395544467547,66.9493163515166,173.02528727939037,-0.1220017665227573,75.61755268023194,66.45563315023193,-9.161919529999999,False,0.13603146670019628
2025-03-12,36.5088,75.00595897427469,9.061811919318082,170.19279160014034,9.35242539,-10.234443279999999,19.58686867,2025-02-28,aylık,65.6535335842747,-0.0,2917.82,agort03,24.594287921503945,ara_deger,8.496673800421291,ara_deger,0.727451182131726,0.16135152542553435,71.76170518312264,0.001230416946615187,-0.826665219868107,-0.9880167452936414,16.097614121082653,False,,,False,71.51214563086809,98.68064596927225,75.17758669142782,66.27687240571353,172.28879927579104,-0.17162771715312886,75.00595897427469,65.6535335842747,-9.35242539,False,0.13494042588318883
2025-03-13,36.5401,74.29643055164053,9.006356824420294,168.76831946083777,8.797566100000001,-10.78930257,19.58686867,2025-02-28,aylık,65.49886445164053,-0.0,2963.01,agort03,24.611393812357704,ara_deger,8.45932441592143,ara_deger,0.680971245753751,0.16364735983443238,72.92380597995401,0.0011479172044542851,0.7632446237858287,0.5995972639513963,16.152069396436275,False,,,False,72.61969642600245,96.14862303483532,72.79691708561279,63.78572660942231,170.8643271364884,1.4995134660277358,74.29643055164053,65.49886445164053,-8.797566100000001,False,0.13354964992795884
2025-03-14,36.5387,75.45665814602052,9.097451989260701,171.03217069413265,8.42248266,-11.16438601,19.58686867,2025-02-28,aylık,67.03417548602052,-0.0,3005.17,agort03,24.628499703211464,ima,8.42197503142157,haftalik_bilanco,-0.03759913723855521,0.23065173053812957,74.0128284531,8.910069015244382e-05,-0.0333316213934364,-0.26398335193156597,16.206524671789893,False,,,False,73.65298568298107,97.37918501115158,73.900899484656,64.77923281798932,173.12817836978326,1.5557586613645213,75.45665814602052,67.03417548602052,-8.42248266,False,0.1358461442502439
2025-03-17,36.535,75.26387340905981,9.118893170931983,172.06911431695917,8.279187499999999,-11.30768117,19.58686867,2025-02-28,aylık,66.9846859090598,-0.0,3002.85,agort03,24.646714116120837,ara_deger,8.363378504544364,ara_deger,0.7605946064167376,0.07807985651184633,74.01038548359345,0.0005979731662384413,-0.05462157804052581,-0.13270143455237216,16.283335611576472,False,,,False,73.59612536333708,98.47298895362209,73.53157719994526,64.07848196185003,174.16512199260984,1.7322962091145513,75.26387340905981,66.9846859090598,-8.279187499999999,False,0.13530750339654088
2025-03-18,36.6139,75.72584734212963,9.104024755625597,171.84697892233535,8.050056820000002,-11.53681185,19.58686867,2025-02-28,aylık,67.67579052212963,-0.0,3049.56,agort03,24.652785587090627,ara_deger,8.343846328918628,ara_deger,-0.11742436265883541,0.07789551025636937,75.18014881496809,9.217312774388586e-05,0.5618742636114746,0.48397875335510526,16.308939258171996,False,,,False,74.74092947134163,97.10604945099372,74.14281130936612,64.57923988079469,173.942986597986,1.583036032763502,75.72584734212963,67.67579052212963,-8.050056820000002,False,0.13625734870000183
2025-03-19,36.5922,76.03334134050426,9.15040481304759,172.93714859505,7.86672086,-11.72014781,19.58686867,2025-02-28,aylık,68.16662048050426,-0.0,3042.36,agort03,24.658857058060416,ara_deger,8.324314153292894,ara_deger,-0.03920290297144354,0.0778340615045401,75.02112035916069,3.072437591463556e-05,-11.176546156021466,-11.254380217526005,16.334542904767524,False,,,False,74.92876235706244,98.00838623798755,74.2686090751581,64.59456145611048,174.98378747383322,1.7647322653461686,76.03334134050426,68.16662048050426,-7.86672086,False,0.13689162393334509
2025-03-20,37.9839,65.1405794033788,9.03879172491503,164.16781400783444,8.30132107,-11.2855476,19.58686867,2025-02-28,aylık,56.839258333378794,-0.0,3039.96,agort03,24.66492852903021,ara_deger,8.304781977667158,ara_deger,0.08867199430838893,0.07797283326907704,74.98039613111068,6.938588227388409e-05,-3.0616398836702183,-3.1396127169392956,16.36014655136305,False,,,False,74.86965395777473,89.2981600500597,63.668480382477846,53.883956572954034,166.21445288661778,1.4720990209009486,65.1405794033788,56.839258333378794,-8.30132107,False,0.1170918875124827
2025-03-21,37.915,63.59932026902281,8.960148199920877,163.12617480973054,9.81167335,-9.77519532,19.58686867,2025-02-28,aylık,53.78764691902281,-0.0,3045.38,agort03,24.671,irfcl_pdf,8.285249802041424,haftalik_bilanco,-0.06374056827006422,1.202353492344238,75.13256998,0.0007688920702056401,-12.32367108507961,-13.526024577423849,16.385750197958576,False,,,False,75.00314042616613,88.12303438356442,62.09574131610181,52.20074131610181,165.1728136885138,1.5035789529210035,63.59932026902281,53.78764691902281,-9.81167335,True,0.11436166879587621
2025-03-24,37.8502,53.7251648868434,8.991168501091144,153.68931910822866,12.293909320000001,-7.29295935,19.58686867,2025-02-28,aylık,41.431255566843404,-0.0,3041.49,agort03,24.69242857142857,ara_deger,7.911361113724202,ara_deger,0.09598770585807327,0.40153823568998387,75.10177457571429,0.00037686912095766245,-1.2532253640614677,-1.6547635997514516,16.78106745770437,False,,,False,74.90733556232063,78.78198354590803,52.01925199866844,38.502394855811296,155.73595798701197,1.7059128881749643,53.7251648868434,41.431255566843404,-12.293909320000001,False,0.09663003305209428
2025-03-25,37.86,54.75024960380349,9.029777126254622,155.0790456431396,14.43762307,-5.1492456,19.58686867,2025-02-28,aylık,40.31262653380349,-0.0833266499999965,3047.21,agort03,24.699571428571428,ara_deger,7.786731550951794,ara_deger,-0.11263951358494428,0.400660631373359,75.26478105285715,0.0004388021583178192,0.4885632019612782,0.08790257058791923,16.912839877619632,False,,,False,75.048210580623,80.0308350625166,52.72289683042789,37.998753973285034,157.1256845219229,2.027352773375597,54.75024960380349,40.31262653380349,-14.43762307,False,0.09859239797037095
2025-03-26,37.9086,57.37232195332985,9.01677550740465,157.2712893677547,16.69677335,-2.97342197,19.670195319999998,2025-03-21,haftalık,40.67554860332985,-0.0,3040.55,agort03,24.706714285714284,ara_deger,7.662101988179387,ara_deger,0.0006817844919007758,0.40066590227015564,75.12200012142857,2.635448398302935e-06,0.5409828720848636,0.14031696981470798,17.044612297534897,False,,,False,74.66725985961654,82.60402950813815,55.353202571448165,39.421774000019596,159.32990271336848,2.019119381881687,57.37232195332985,40.67554860332985,-16.69677335,False,0.10318192346959561
2025-03-27,37.9287,57.35357402178298,6.870712099281019,157.89926140358668,18.28242417,-1.38777115,19.670195319999998,2025-03-21,haftalık,39.071149851782984,-0.0,3040.59,agort03,24.713857142857144,ara_deger,7.53747242540698,ara_deger,0.7834149069628962,0.4066760423424909,75.14470689,0.0030050700361677896,-0.7420515782217796,-1.1487276205642705,17.176384717450162,False,,,False,74.66824214584578,83.2310192577409,56.78811050734668,39.649396221632394,159.95787474920047,0.5654635144363027,57.35357402178298,39.071149851782984,-18.28242417,False,0.1030936417529732
2025-03-28,37.9323,56.34659949436232,5.835301603119242,156.5378459779706,18.26949681,-1.40069851,19.670195319999998,2025-03-21,haftalık,38.07710268436232,-0.07650319000000394,3086.2,agort03,24.721,irfcl_pdf,7.412842862634572,haftalik_bilanco,1.25397598460213,-0.491012029353759,76.2939502,0.005631174952381635,-6.598382784111363,-6.107370754757604,17.308157137365427,False,,,False,75.78829401876256,80.74955195920803,56.08246945215556,37.73646945215556,158.59645932358438,0.26413004220676584,56.34659949436232,38.07710268436232,-18.26949681,True,0.10142201078965515
2025-04-02,37.7656,51.08637776177262,5.943352310038766,155.2363366325773,18.24563117,-1.50106734,19.74669851,2025-03-28,haftalık,32.840746591772614,-0.0,3158.65,agort03,24.7255,ara_deger,7.5727928268134965,ara_deger,-0.10806205519107809,-0.09375086641587946,78.09920057500001,9.368097743271686e-05,0.6217283043186754,0.7154791707345549,17.152707173186503,False,,,False,77.68398847372427,77.55234815885302,49.16763538776029,31.322635387760293,157.32163196136167,1.918742374012325,51.08637776177262,32.840746591772614,-18.24563117,False,0.09195458878134191
2025-04-03,37.8559,51.474278963120675,5.944695252259225,154.74713229808484,18.11852318,-1.62817533,19.74669851,2025-03-28,haftalık,33.35575578312067,-0.0,3152.35,agort03,24.72775,ara_deger,7.604782819649282,ara_deger,-0.3981089869431543,-0.09305941158245863,77.95052271249999,0.00034572741671606844,-0.07969296257418373,0.013366449008274897,17.12296718035072,False,,,False,77.52904597380041,77.21808632428443,49.63671372229957,31.928213722299567,156.83242762686928,1.8375652408211067,51.474278963120675,33.35575578312067,-18.11852318,False,0.09256767663003504
2025-04-04,37.8637,50.36552682384447,5.8096337125003625,154.26107686938954,17.62263453,-2.12406398,19.74669851,2025-03-28,haftalık,32.74289229384447,0.22800000000000153,3129.1,agort03,24.73,irfcl_pdf,7.6367728124850665,haftalik_bilanco,-0.8881640846632767,0.23584760737488586,77.382643,0.00199123889052788,-6.472871721531602,-6.708719328906488,17.093227187514934,False,,,False,76.9572343669386,77.30384250245095,48.70136740466463,31.12936740466463,156.34637219817398,1.664159419179839,50.36552682384447,32.74289229384447,-17.62263453,True,0.09055515092536807
2025-04-07,37.8465,41.9315171812453,5.641093496096072,146.01457250575774,16.718200909999997,-2.8004976000000004,19.51869851,2025-03-31,aylık,25.2133162712453,-0.0,3077.14,agort03,24.730857142857143,ara_deger,7.560984886422729,ara_deger,-0.6163984140059969,0.07769868313355166,76.10030974857142,0.00045859299570161216,-2.480320551207549,-2.5580192343411006,17.169872256434413,False,,,False,75.67932765328095,70.33524485247679,40.034307003289605,22.243735574718176,148.09986783454218,1.8972101779556922,41.9315171812453,25.2133162712453,-16.718200909999997,False,0.07542534878981859
2025-04-08,37.933,38.602588036801734,5.630411356866054,143.22097069288534,16.496672869999998,-3.02202564,19.51869851,2025-03-31,aylık,22.105915166801736,-0.17736546999999803,3041.24,agort03,24.731142857142856,ara_deger,7.535722244401951,ara_deger,0.7753415154284898,0.07885065851942229,75.21334090285713,0.0005759876929298802,-1.35966686819043,-1.4385175267098522,17.195420612740904,False,,,False,74.79640134419108,68.42456934869426,36.69878240582079,18.835353834392222,145.3062660216698,1.9038056309809406,38.602588036801734,22.105915166801736,-16.496672869999998,False,0.06948209859945625
2025-04-09,37.93,38.69131328763512,5.734750250461376,143.45482130658127,17.06538458,-2.6306794,19.696063979999998,2025-04-04,haftalık,21.62592870763512,-0.0,3086.33,agort03,24.73142857142857,ara_deger,7.510459602381172,ara_deger,1.0429018807655095,0.08039786697734357,76.32934994285714,0.000773604228960556,-2.510719448464807,-2.5911173154421507,17.220968969047398,False,,,False,75.37768929273297,68.0771320138483,36.5129092802531,18.576623565967385,145.5406560242552,2.178404007382021,38.69131328763512,21.62592870763512,-17.06538458,False,0.0696472964354828
2025-04-10,37.9327,37.59385142634192,5.6432597468674786,142.8805426823002,17.527230789999997,-2.16883319,19.696063979999998,2025-04-04,haftalık,20.066620636341924,-0.0,3146.89,agort03,24.731714285714286,ara_deger,7.485196960360393,ara_deger,1.5982347605405465,0.0827654331562664,77.82798436857144,0.001183783089461432,0.689277953051141,0.6065125198948746,17.246517325353892,False,,,False,76.85675111164666,66.02379157065353,35.709998128264004,17.700855271121146,144.9663773999742,1.8838532980779163,37.59385142634192,20.066620636341924,-17.527230789999997,False,0.0675682232683152
2025-04-11,37.8646,40.50770273553662,5.716512362470486,147.5654166622429,18.08031677,-1.61574721,19.696063979999998,2025-04-04,haftalık,22.42738596553662,-0.0,3239.56,agort03,24.732,irfcl_pdf,7.459934318339614,haftalik_bilanco,-0.10242334949224326,0.08093433008883517,80.12079792,7.421080603328689e-05,-2.0022550752635624,-2.0831894053523974,17.272065681660386,False,,,False,79.12003807926114,68.44537858298177,38.874475869281596,20.792475869281596,149.65125137991683,1.633226866255022,40.50770273553662,22.42738596553662,-18.08031677,True,0.07293605542515963
2025-04-14,37.9073,38.852624797862156,5.623584929551828,144.2069680933941,18.62284469,-1.07321929,19.696063979999998,2025-04-04,haftalık,20.229780107862155,-0.0,3233.63,agort03,24.736285714285714,ara_deger,7.439191092985096,ara_deger,0.26689417000666565,0.02710684220917284,79.98799557428572,6.436608977489211e-05,0.3210366468036649,0.29392980459449203,17.297094621300616,False,,,False,78.97520920564558,65.23175888774851,37.45311201272578,19.319683441297208,146.29280281106804,1.3995127851363733,38.852624797862156,20.229780107862155,-18.62284469,False,0.06987734950057417
2025-04-15,37.9649,39.67412973562423,5.633728180503571,144.50413467510725,18.84627556,-0.84978842,19.696063979999998,2025-04-04,haftalık,20.82785417562423,-0.0016832300000011458,3249.06,agort03,24.737714285714286,ara_deger,7.43227668453359,ara_deger,1.1959787926176,0.027683425548685175,80.37431797714285,0.000288291669755969,1.1942933237471378,1.1666098981984527,17.305437601180696,False,,,False,79.35205735402468,65.15207732108257,38.162300914792354,20.011729486220926,146.58996939278123,1.511828820831873,39.67412973562423,20.82785417562423,-18.84627556,False,0.07135090759719909
2025-04-16,38.0065,43.53311273071711,7.41609679923171,147.23762848824492,18.532617820000002,-1.1651293900000002,19.69774721,2025-04-11,haftalık,25.000494910717105,-0.0,3318.17,agort03,24.73914285714286,ara_deger,7.425362276082084,ara_deger,0.798857836010142,0.028068370640340116,82.08868165428572,0.00019247254583332207,-3.84810169215669,-3.87617006279703,17.313780581060776,False,,,False,81.410621431586,65.82700705665893,41.83180932208964,23.664095036375354,149.40042526936182,1.7013034086274672,43.53311273071711,25.000494910717105,-18.532617820000002,False,0.07831958560877293
2025-04-17,38.0472,40.19565155911605,7.452952043777204,143.6791968741324,18.20754526,-1.4902019499999999,19.69774721,2025-04-11,haftalık,21.98810629911605,-0.0,3364.31,agort03,24.740571428571428,ara_deger,7.418447867630578,ara_deger,-0.17339445684501384,0.027984857411740553,83.23495186285714,4.1756614299781614e-05,0.656898598322257,0.6289137409105165,17.322123560940852,False,,,False,82.54265688270918,61.13653999142322,38.48790794066318,20.303050797806034,145.84199365524927,1.7077436184528736,40.19565155911605,21.98810629911605,-18.20754526,False,0.07234327226387709
2025-04-18,38.0611,40.66411601346256,7.455507486646471,146.84371296242705,18.18995013,-1.50779708,19.69774721,2025-04-11,haftalık,22.47416588346256,-0.0,3354.3,agort03,24.742,irfcl_pdf,7.411533459179072,haftalik_bilanco,1.1937225353317396,0.19791971061241437,82.99209060000001,0.0019912347096828764,-0.8554565865600874,-1.0533762971725018,17.33046654082093,False,,,False,82.29706358262807,64.54664937979898,38.63079114896837,20.42879114896837,149.00650974354392,2.0333248644941904,40.66411601346256,22.47416588346256,-18.18995013,True,0.07315972479519248
2025-04-21,38.0032,40.79496131904682,7.365596423459078,144.83051649250217,18.07244055,-1.62530666,19.69774721,2025-04-11,haftalık,22.72252076904682,-0.0,3423.18,agort03,24.763857142857145,ara_deger,7.37557310175507,ara_deger,1.429838596699824,0.0675580145535027,84.77114049428572,0.00079238884135302,0.8371159750672135,0.7695579605137107,17.388284041102075,False,,,False,83.98702027689255,60.84349621560962,38.82291033386662,20.45848176243805,146.99331327361907,1.9720509851801964,40.79496131904682,22.72252076904682,-18.07244055,False,0.07329283125013858
2025-04-22,38.114,43.36011846040825,7.564529333053471,147.58258210853,18.17171021,-1.526037,19.69774721,2025-04-11,haftalık,25.18840825040825,-0.012049870000002016,3505.41,agort03,24.771142857142856,ara_deger,7.363586315947069,ara_deger,-1.8763605195754933,0.1309612635368148,86.83301188285712,0.0020773827851015003,-4.506076108818279,-4.637037372355094,17.407556541195788,False,,,False,86.00451648724926,61.57806562128074,41.66708988823005,23.248518459658623,149.74537888964684,1.6930285721782,43.36011846040825,25.18840825040825,-18.17171021,False,0.07790208436262608
2025-04-24,38.1314,37.10152165931489,7.240106290353882,141.5679946531705,18.61997308,-1.0898240000000001,19.70979708,2025-04-18,haftalık,18.48154857931489,-0.0,3397.62,agort03,24.785714285714285,ara_deger,7.339612744331068,ara_deger,-1.0556636042690943,0.0643144527877308,84.21243857142856,0.0005830894903353645,1.0502376930785395,0.9859232402908087,17.446101541383218,False,,,False,83.31410810884118,58.25388654432932,35.223054464299764,16.69619732144262,144.01774831241443,1.8784671950151264,37.10152165931489,18.48154857931489,-18.61997308,False,0.06672428967449814
2025-04-25,38.2289,36.6620963982746,6.894607430504147,140.75263319991234,18.53147259,-1.17832449,19.70979708,2025-04-18,haftalık,18.1306238082746,-0.0,3337.11,agort03,24.793,irfcl_pdf,7.327625958523067,haftalik_bilanco,-0.3533245168590786,0.28257473450689563,82.73696823,0.000861726513933958,-3.2459002128347363,-3.528474947341632,17.46537404147693,False,,,False,81.83032337668573,58.92230982322661,35.01211779569907,16.43111779569907,143.2023868591563,1.6499786025755299,36.6620963982746,18.1306238082746,-18.53147259,True,0.06586171577408165
2025-04-28,38.2455,33.153834516479066,6.889464198402426,137.38921189225886,18.627578670000002,-1.0822184099999999,19.70979708,2025-04-18,haftalık,14.526255846479064,-0.0,3316.88,agort03,24.8008,ara_deger,7.250233025855351,ara_deger,0.4217401243886914,0.0948739735596455,82.26127750399999,0.0003411976953341944,0.6775275328283514,0.5826535592687059,17.550566974144648,False,,,False,81.33425718710542,56.054954705153435,31.337312128224237,12.602712128224237,139.83896555150278,1.8165223882548283,33.153834516479066,14.526255846479064,-18.627578670000002,False,0.05961986089265347
2025-04-29,38.3665,34.32187369189267,6.966935086598986,138.28607043208575,18.618879300000003,-1.09091778,19.70979708,2025-04-18,haftalık,15.702994391892666,-0.049527409999999605,3340.91,agort03,24.8034,ara_deger,7.224435381632778,ara_deger,-0.5270173592586497,0.09402261218584092,82.865927094,0.0004256806868964125,0.8645840219090472,0.7705614097232062,17.578964618367223,False,,,False,81.9235043712683,56.36256606081746,32.593761953787805,13.807961953787807,140.73582409132968,1.7281117381048645,34.32187369189267,15.702994391892666,-18.618879300000003,False,0.06170429164914787
2025-04-30,38.3672,35.04397521841573,6.947289820471654,138.65711098373637,19.02305943,-0.7362650599999999,19.75932449,2025-04-25,haftalık,16.02091578841573,-0.0,3310.93,agort03,24.806,evds_aylik,7.198637737410206,ara_deger,0.029228221355904506,-1.0464473581495108,82.13092958,0.0002621970443864967,-0.6103364781120253,0.43611088003748555,17.607362262589795,False,,,False,81.1587145849812,57.498396398755176,33.33902705957172,14.50202705957172,140.8088786254926,1.7049481588440116,35.04397521841573,16.02091578841573,-19.02305943,True,0.06300134736154973
2025-05-02,38.3684,34.599011817016084,6.923221765828129,138.5504367503997,19.18327234,-0.57605215,19.75932449,2025-04-25,haftalık,15.415739477016086,0.18605943000000025,3312.59,agort03,24.438504658077214,ima,7.147042448965062,haftalik_bilanco,-0.012276938168470256,0.4877551649690947,80.95474614529999,5.2282414690159665e-05,1.0173351565083852,0.5295799915392905,17.29146220911215,False,,,False,81.19940510583518,57.35103164456453,32.79578455187081,13.929752293806295,140.70220439215603,1.8032272651452743,34.599011817016084,15.415739477016086,-19.18327234,False,0.06219945929250866
2025-05-05,38.3695,35.737962339879324,6.970556770351451,138.03266455047972,19.26982964,-0.30343542,19.57326506,2025-04-30,aylık,16.468132699879323,-0.0,3311.88,agort03,24.600757202853497,ara_deger,7.162020586163446,ara_deger,1.36492991498833,0.1664274442834137,81.47475576498644,0.0019211946468535857,1.01598109681045,0.8495536525270362,17.43873661669005,False,,,False,81.18200132884343,56.850663221636296,33.89890087178618,14.98932022662489,140.18443219223602,1.839061468093142,35.737962339879324,16.468132699879323,-19.26982964,False,0.0642451389406845
2025-05-06,38.5105,38.28926671946612,7.078097298139469,140.0775839376831,19.33268248,-0.24058258000000002,19.57326506,2025-04-30,aylık,18.95658423946612,-0.0,3390.15,agort03,24.654841384445593,ara_deger,7.167013298562907,ara_deger,0.18904342160839088,0.16695812306538607,83.58361051947823,0.0002653393909861912,0.777430227939458,0.610472104874072,17.487828085882686,False,,,False,83.10058389947055,56.97700003821255,36.684044637176875,17.759947862983328,142.22935157943937,1.6052220822892451,38.28926671946612,18.95658423946612,-19.33268248,False,0.06887719020347297
2025-05-07,38.5259,39.34681954217812,7.093660031303616,141.10339374305227,19.40819892,-0.16506614,19.57326506,2025-04-30,aylık,19.938620622178117,-0.0,3400.96,agort03,24.70892556603769,ara_deger,7.172006010962368,ara_deger,-0.30689609221381814,0.1660990223544909,84.03406749307153,0.0004295503554355151,-0.04844014861191931,-0.2145391709664102,17.536919555075322,False,,,False,83.11437680193427,57.989016941117995,37.71023423203611,18.7716213288103,143.27351433710828,1.63658531014201,39.34681954217812,19.938620622178117,-19.40819892,False,0.07075134216412902
2025-05-08,38.556,38.709087820313314,6.811264550264551,141.20802036973691,19.40819892,-0.16506614,19.57326506,2025-04-30,aylık,19.300888900313314,-0.0,3383.46,agort03,24.76300974762978,ara_deger,7.176998723361829,ara_deger,-0.6000346961480205,0.16442402142566223,83.78465296071545,0.0008375004644264328,1.0854390713538016,0.9210150499281393,17.58601102426795,False,,,False,82.68670297041791,58.521317399319,37.25967600373483,18.306546971476767,143.37814096379293,1.4494118165784826,38.709087820313314,19.300888900313314,-19.40819892,False,0.0696504020274654
2025-05-09,38.5529,39.19899177493781,6.773540589683266,144.33414193872358,19.45042246,-0.12284260000000001,19.57326506,2025-04-30,aylık,19.74856931493781,-0.0,3349.34,agort03,24.817093929221876,ima,7.18199143576129,haftalik_bilanco,-1.8680864071322851,-0.15736562310736538,83.1208853809,0.002569786190423695,0.2828412788068997,0.44020690191426504,17.635102493460586,False,,,False,81.85286119148432,62.48128074723925,37.586297736357054,18.618652575066733,146.50426253277962,1.6126940385807558,39.19899177493781,19.74856931493781,-19.45042246,False,0.0704362513154447
2025-05-12,38.5725,37.6310004536911,6.730943236761942,141.35229514254394,19.51027362,-0.06299144,19.57326506,2025-04-30,aylık,18.1207268336911,-0.0,3243.41,agort03,24.745391751952383,ara_deger,7.158807830953299,ara_deger,0.01916937647389156,-0.052472836117112294,80.25945106219987,8.81420733050628e-06,1.2239993615944036,1.2764721977115159,17.586583920999082,False,,,False,79.26409039305422,62.08820474948972,35.6868695054767,16.675675957089602,143.52241573659992,1.9441309482144007,37.6310004536911,18.1207268336911,-19.51027362,False,0.06758444671422244
2025-05-13,38.6761,38.860315828121244,6.664897443123789,142.89945456993416,19.56246605,-0.010799010000000001,19.57326506,2025-04-30,aylık,19.297849778121243,-0.0,3244.5,agort03,24.721491026195885,ara_deger,7.151079962683969,ara_deger,0.21383190264294127,-0.05266965979273112,80.20887763449254,9.841183780942564e-05,0.9564844013344252,1.0091540611271563,17.570411063511916,False,,,False,79.2907283631315,63.60872620680266,37.20547860306494,18.179768925645586,145.06957516399018,1.6548372250563048,38.860315828121244,19.297849778121243,-19.56246605,False,0.06990600305633991
2025-05-14,38.7123,39.979581140877706,6.613846451902884,143.87405444351285,19.56246605,-0.010799010000000001,19.57326506,2025-04-30,aylık,20.417115090877704,-0.0,3256.67,agort03,24.697590300439387,ara_deger,7.143352094414639,ara_deger,-1.1206625670726225,-0.05163718457076173,80.43190140373194,0.0005162376109903999,1.682024119565964,1.7336613041367257,17.55423820602475,False,,,False,80.82108528647902,63.05296915703383,38.34060843711172,19.300382630660106,146.03542938549245,1.6389727037659867,39.979581140877706,20.417115090877704,-19.56246605,False,0.07185232338505239
2025-05-15,38.6933,40.399951929662244,6.47285568819408,144.04069590749563,19.56246605,-0.010799010000000001,19.57326506,2025-04-30,aylık,20.837485879662243,-0.0,3192.83,agort03,24.67368957468289,ara_deger,7.135624226145309,ara_deger,1.1048981169578673,-0.0526560745924419,78.77889628473477,0.0005094450108455995,0.1281760296938077,0.1808321042862496,17.53806534853758,False,,,False,79.23676201003748,64.80393389745815,38.5065816045672,19.45183966908333,146.2020708494752,1.8933703250950416,40.399951929662244,20.837485879662243,-19.56246605,False,0.07264341380949318
2025-05-16,38.6349,41.68145001022392,6.5208164121040815,145.66841946670266,19.56292926,-0.010335800000000001,19.57326506,2025-04-30,aylık,22.11852075022392,-0.0,3255.83,agort03,24.64978884892639,ima,7.127896357875978,haftalik_bilanco,0.25844791424299357,0.38161963389624565,80.255522028,0.0008605338502605253,1.992175872128187,1.6105562382319414,17.521892491050412,False,,,False,80.80023892757846,64.8681805391242,39.98602934134681,20.91677127683068,147.82979440868232,1.6954206688771123,41.68145001022392,22.11852075022392,-19.56292926,False,0.07495327211853117
2025-05-20,38.5944,44.10662451029165,6.695367125800634,147.5336408893327,19.56292926,-0.010335800000000001,19.57326506,2025-04-30,aylık,24.543695250291652,-0.0,3270.58,agort03,24.890831447957833,ara_deger,7.252256400939901,ara_deger,1.078775249875614,0.09718898475481365,81.40745551706193,0.0008920381403718647,1.7203626105206407,1.623173625765827,17.63857504701793,False,,,False,81.16629106303449,66.36734982629821,42.43311907945194,23.30579649880678,149.6950158313123,1.673505430839711,44.10662451029165,24.543695250291652,-19.56292926,False,0.07928352813516558
2025-05-21,38.7709,47.384828234577995,7.174432989690722,150.81487601979376,19.56292926,-0.010335800000000001,19.57326506,2025-04-30,aylık,27.821898974577994,-0.0,3331.74,agort03,24.951092097715694,ara_deger,7.283346411705882,ara_deger,0.08922211571435276,0.09733629648169893,83.13055158564327,7.365586345449426e-05,1.3919129462595357,1.2945766497778368,17.667745686009813,False,,,False,82.12668749952199,68.68818852027177,45.695545576708305,26.553706867030886,152.9876651818761,1.6892826578696898,47.384828234577995,27.821898974577994,-19.56292926,False,0.0852762943501994
2025-05-22,38.7602,48.83552842864588,7.143998121784718,152.29437439744527,19.56292926,-0.010335800000000001,19.57326506,2025-04-30,aylık,29.27259916864588,-0.0,3336.79,agort03,25.011352747473552,ara_deger,7.3144364224718625,ara_deger,0.2544816567535262,0.09775577027042592,83.45763173424227,0.0002097368943516642,0.5965093817727765,0.49875361150235054,17.696916325001688,False,,,False,82.25116893320909,70.04320546423618,47.18073271035754,28.02437787164786,154.46716355952756,1.6547957182883408,48.83552842864588,29.27259916864588,-19.56292926,False,0.08778572970176488
2025-05-23,38.7965,49.74301225626022,7.213451960872759,153.06455892344087,19.54996821,-0.02329685,19.57326506,2025-04-30,aylık,30.193044046260223,-0.0,3351.17,agort03,25.071613397231413,ima,7.345526433237843,haftalik_bilanco,-0.2825538262060585,-0.05177929642605079,84.01923866839999,0.00012373389316955308,0.7285007511462294,0.7802800475722802,17.72608696399357,False,,,False,82.60563289685666,70.45892602658421,47.97005758251389,28.799186614771955,155.23734808552317,1.7729546737463338,49.74301225626022,30.193044046260223,-19.54996821,False,0.08946124561864138
2025-05-26,38.8174,49.945661739323086,7.199644308995451,152.9971595207249,19.32047842,-0.25278664,19.57326506,2025-04-30,aylık,30.625183319323085,-0.0,3335.23,agort03,25.096358492180553,ara_deger,7.385796483415275,ara_deger,-0.08217700772066865,-0.01723575354459323,83.70212773387534,1.2005965376551964e-05,-2.871189214833922,-2.8539534612893287,17.71056200876528,False,,,False,82.21271526260476,70.78444425812013,48.248808524012425,29.034389169173718,155.1699486828072,1.6968532153106608,49.945661739323086,30.625183319323085,-19.32047842,False,0.0897774274783507
2025-05-27,38.8907,46.822186821013766,7.136065383240723,150.22012870774262,19.21394865,-0.35931641000000003,19.57326506,2025-04-30,aylık,27.608238171013767,-0.0,3330.59,agort03,25.104606857163603,ara_deger,7.399219833474418,ara_deger,-0.1326133488074362,-0.017196992906373273,83.61315255240052,1.938031911000171e-05,1.4901311700061333,1.5073281629125066,17.705387023689184,False,,,False,82.09834024234574,68.12178846539688,45.144282052007284,25.915346568136318,152.3929178698249,1.6779047690064814,46.822186821013766,27.608238171013767,-19.21394865,False,0.08424455596786737
2025-05-28,38.9027,48.19136905664645,7.147729797674711,152.33384660724042,19.21394865,-0.35931641000000003,19.57326506,2025-04-30,aylık,28.977420406646452,-0.0,3323.1,agort03,25.11285522214665,ara_deger,7.412643183533562,ara_deger,-0.4343632034275645,-0.017069998772617605,83.45252918871553,6.349706688368872e-05,0.4755281557598533,0.4925981545324709,17.70021203861309,False,,,False,83.3154784803397,69.01836812690071,46.54847956568567,27.305027952782442,154.46147930606358,1.6428894909607834,48.19136905664645,28.977420406646452,-19.21394865,False,0.08668135137508065
2025-05-29,38.9808,50.13641931412388,9.051615102819849,153.19030754355256,19.21394865,-0.35931641000000003,19.57326506,2025-04-30,aylık,30.92247066412388,-0.0,3298.56,agort03,25.121103587129696,ara_deger,7.426066533592706,ara_deger,0.19252200314248438,-0.017126302610233807,82.86346744836253,2.8151918813973387e-05,0.8278274801346828,0.8449537827449166,17.69503705353699,False,,,False,82.70022108757165,70.49008645598092,48.50230877765464,29.244341035719156,155.31794024237573,1.6341105364692368,50.13641931412388,30.92247066412388,-19.21394865,False,0.09012769547134637
2025-05-30,39.0212,51.19575023320656,9.067299698625364,153.29587667556817,19.23724549,-0.33601957,19.57326506,2025-04-30,aylık,31.95850474320656,-0.0,3309.44,agort03,25.129351952112742,ima,7.4394898836518495,haftalik_bilanco,0.8321311117003998,0.5715968944361494,83.1640825244,0.004005374367533232,-2.92930900343345,-3.5009058978695995,17.689862068460894,False,,,False,82.97300024133354,70.32287643423463,49.366973696349675,30.094489825381935,155.42350937439136,1.8287765368568856,51.19575023320656,31.95850474320656,-19.23724549,False,0.09206761678100377
2025-06-02,39.0626,49.410098892546834,9.149336449698689,151.83685801608058,19.46673529,-0.10652977,19.57326506,2025-04-30,aylık,29.943363602546835,-0.0,3356.48,agort03,25.261,ara_deger,7.400841402307245,ara_deger,0.038399340985041046,0.06006179963283109,84.78804128,1.9224039148488248e-05,1.868710582426216,1.808648782793385,17.860158597692752,False,,,False,84.15236893553929,67.6844890805413,47.67640141721236,28.256601417212362,153.96449071490375,1.7336974753344734,49.410098892546834,29.943363602546835,-19.46673529,False,0.08876239563502371
2025-06-03,39.1151,51.38679456271364,9.112392426454235,153.49595128792365,19.57326506,0.0,19.57326506,2025-04-30,aylık,31.81352950271364,-0.0,3358.63,agort03,25.266000000000002,ara_deger,7.387958575192377,ara_deger,,,84.85914558000002,,,,17.878041424807627,False,,,False,84.20627290434334,69.28967838358031,49.79433584472493,30.308135844724926,155.62358398674684,1.5924587179887126,51.38679456271364,31.81352950271364,-19.57326506,False,0.09232063740963489
2025-06-04,39.0798,52.81898003572178,9.128958566829924,154.2951813680516,19.57326506,0.0,19.57326506,2025-04-30,aylık,33.24571497572178,-0.04975450999999964,3358.63,ffill,25.271,ara_deger,7.375075748077508,ara_deger,,,84.87593873000002,,,,17.895924251922494,False,,,False,84.40019534692443,69.89498602112717,51.09946425007293,31.54686425007293,156.52856317074296,1.719515785648852,52.81898003572178,33.24571497572178,-19.57326506,False,0.09497923879098147
2025-06-05,39.0575,54.09024817256609,9.156337246367537,155.90667872345597,19.62301957,0.0,19.62301957,2025-05-31,aylık,34.467228602566095,0.0040195700000005274,3358.63,ffill,25.276,irfcl_pdf,7.362192920962641,ara_deger,-0.05374142123711208,-0.028924394263038805,84.89273188000001,6.662593620065244e-05,1.3208128708690239,1.3497372651320627,17.91380707903736,True,,,False,84.40019534692443,71.50648337653153,52.35575047046022,32.73675047046022,158.14006052614738,1.7344977021058696,54.09024817256609,34.467228602566095,-19.62301957,True,0.09732067070680112
2025-06-10,39.0575,52.67435801062536,9.087149484734047,154.6713433589294,19.619,0.0,19.619,2025-06-05,haftalık,33.05535801062536,-0.0,3355.63,agort03,25.272363207594346,ara_deger,7.402973419357414,ara_deger,-0.07183494694871213,-0.047402456561782054,84.80470015029982,2.842781161567498e-05,0.8632028100350037,0.9106052665967858,17.86938978823693,False,,,False,84.32480729106808,70.34653606786131,50.71918435639762,31.43678435639762,156.9047251616207,1.9551736542277425,52.67435801062536,33.05535801062536,-19.619,False,0.0947731619623825
2025-06-11,39.1385,53.45780086104475,9.079224472067146,156.14919801571716,19.619,0.0,19.619,2025-06-05,haftalık,33.83880086104475,-0.0,3351.61,agort03,25.271635849113213,ara_deger,7.416389250734825,ara_deger,0.3917441103684229,-0.047712758147278427,84.70066742824633,0.0001551507927481377,1.367332543849951,1.4150453019972296,17.85524659837839,False,,,False,85.3938802098362,70.75531780588096,51.56288122947992,32.34780122947992,158.41037656016456,1.8949196315648322,53.45780086104475,33.83880086104475,-19.619,False,0.09612014998351782
2025-06-12,39.1192,53.966528788932294,7.884230505736314,157.14431499836536,19.56364524,-0.055354759999999996,19.619,2025-06-05,haftalık,34.402883548932294,-0.0,3373.55,agort03,25.270908490632085,ara_deger,7.429805082112234,ara_deger,0.9129292614139539,-0.048436465172352096,85.25267333857187,0.00036185351253081866,0.6560061339751007,0.7044425991474528,17.84110340851985,False,,,False,85.95287774588718,71.19143725247818,53.292237417943106,34.14447741794311,159.40549354281274,0.674291370989188,53.966528788932294,34.402883548932294,-19.56364524,False,0.09694520042921603
2025-06-13,39.2163,55.35850327542374,7.920840976838713,159.20735719196836,19.35007386,-0.26892614,19.619,2025-06-05,haftalık,36.00842941542375,-0.0,3424.72,agort03,25.270181132150952,ima,7.443220913489645,haftalik_bilanco,-0.5383741986035682,-0.6317956754231852,86.5432947269,0.0028104458653622766,-4.869030088973639,-4.237234413550453,17.826960218661306,False,,,False,87.2566108324746,71.95074635949375,54.79936898687536,35.718928986875355,161.46853573641573,0.5591342885483854,55.35850327542374,36.00842941542375,-19.35007386,False,0.09962191517735272
2025-06-16,39.2546,49.56169559745864,7.91467756645081,153.6479475197591,18.96683388,-0.65216612,19.619,2025-06-05,haftalık,30.594861717458638,-0.0,3394.52,agort03,25.26404175872233,ara_deger,7.623203782800256,ara_deger,0.25932031824605123,-0.21151055746380115,85.75929503081812,0.0004559994947110346,0.7280796425423619,0.9395902000061631,17.64083797592207,False,,,False,86.48716117027136,67.16078634948774,47.74171865208154,28.863238652081538,155.90912606420648,1.8199769453770998,49.56169559745864,30.594861717458638,-18.96683388,False,0.08922904912092537
2025-06-17,39.321,50.17500053406577,7.803171562269526,155.7099683490701,18.70424486,-0.91475514,19.619,2025-06-05,haftalık,31.470755674065767,-0.0,3409.22,agort03,25.26199530091279,ara_deger,7.683198072570459,ara_deger,-0.4002692128893546,-0.21009788964142248,86.1236996197779,0.0007063339111954003,1.049731128780732,1.2598290184221546,17.57879722834233,False,,,False,86.86169461511862,68.84827373395147,48.445808168663056,29.634648168663055,157.97114689351744,1.7291923654027102,50.17500053406577,31.470755674065767,-18.70424486,False,0.09018095232541114
2025-06-18,39.3015,50.31829805478163,7.810808137094005,156.0205443332565,18.19044389,-1.42855611,19.619,2025-06-05,haftalık,32.127854164781624,-0.0,3386.45,agort03,25.25994884310325,ara_deger,7.743192362340663,ara_deger,-0.4118189448627243,-0.2086393116658347,85.54155375972698,0.000729288987799892,0.7271477266535102,0.935787038319345,17.516756480762588,False,,,False,85.57620489497259,70.44433943828392,48.298942635777266,29.555102635777267,158.20135287457222,2.0193554190043628,50.31829805478163,32.127854164781624,-18.19044389,False,0.09048329669028521
2025-06-19,39.4229,50.33964020911704,7.785897739638637,156.04561366506687,17.92136766,-1.6976323400000002,19.619,2025-06-05,haftalık,32.41827254911704,-0.0,3362.94,agort03,25.257902385293708,ara_deger,7.803186652110866,ara_deger,0.046604091007599456,-0.20880496046186064,84.94081024759963,8.282439801896024e-05,-0.5500674179855259,-0.3412624575236653,17.45471573318284,False,,,False,84.98210293655573,71.06351072851113,48.34235099396544,29.66583099396544,158.2264222063826,1.9972892151516035,50.33964020911704,32.41827254911704,-17.92136766,False,0.09049788587217777
2025-06-20,39.4801,49.897879767275164,7.8038549547746845,155.6378769230068,17.96511333,-1.6538866700000001,19.619,2025-06-05,haftalık,31.932766437275163,-0.0,3365.61,agort03,25.255855927484166,ima,7.86318094188107,haftalik_bilanco,-0.10661709766174889,0.24697332499916308,85.0013612681,0.00022532452674892123,-0.6018365125618486,-0.8488098375610116,17.392674985603097,False,,,False,85.04957432017856,70.58830260282822,48.12522468281489,29.516024682814887,157.81868546432253,1.7726550844602755,49.897879767275164,31.932766437275163,-17.96511333,False,0.08969991432506591
2025-06-23,39.541,49.47405467742344,7.799586505146557,155.8343904925984,18.2540103,-1.3649897000000002,19.619,2025-06-05,haftalık,31.220044377423438,-0.0,3359.48,agort03,25.320212992683274,ara_deger,7.854022663932082,ara_deger,-0.410455472725653,0.08174857147839429,85.0627491446596,0.00028793509399671624,-1.679909111659585,-1.7616576831379793,17.466190328751193,False,,,False,84.89466810983848,70.93972238275992,47.801013909612806,29.393773909612804,158.01519903391417,1.6730407678106332,49.47405467742344,31.220044377423438,-18.2540103,False,0.08892595445425809
2025-06-24,39.647,47.27266607813958,7.738307110247938,153.52615402836165,18.20426568,-1.41473432,19.619,2025-06-05,haftalık,29.06840039813958,-0.0,3335.98,agort03,25.341665347749643,ara_deger,7.850969904615753,ara_deger,-0.06156724795983098,0.08166231347576719,84.53928876678586,4.312900131354935e-05,1.4212964086772044,1.3396340952014372,17.49069544313389,False,,,False,84.30081885323294,69.2253351751287,45.59872456932429,27.25880456932429,155.7069625696774,1.6739415088152896,47.27266607813958,29.06840039813958,-18.20426568,False,0.08509877323129028
2025-06-25,39.5502,48.5824298992167,7.719122330607684,154.78204208201015,18.17348512,-1.44551488,19.619,2025-06-05,haftalık,30.4089447792167,-0.0,3332.46,agort03,25.363117702816012,ara_deger,7.847917145299424,ara_deger,-0.5119693122962102,0.08094602898236092,84.52157521992625,0.00035814224670316364,1.406184964138863,1.3252389351565022,17.51520055751659,False,,,False,84.1641296441039,70.61791243790626,46.98145928465596,28.70885928465596,156.90278741953264,1.6009706145607367,48.5824298992167,30.4089447792167,-18.17348512,False,0.08742544456455112
2025-06-26,39.6392,49.52561951300732,7.684718132555651,156.57853421403246,18.25686328,-1.36213672,19.619,2025-06-05,haftalık,31.26875623300732,-0.0,3303.23,agort03,25.38457005788238,ara_deger,7.844864385983095,ara_deger,-0.41814658321808157,0.08036182705547738,83.85107335229881,0.00029210096344178815,-0.7261935691809707,-0.806555396236448,17.539705671899288,False,,,False,83.42590097534352,73.15263323868894,47.995624180104535,29.790344180104537,158.69927955155504,1.5299953329027858,49.52561951300732,31.26875623300732,-18.25686328,False,0.08904748941664398
2025-06-27,39.6989,48.12356637085662,7.623857562804007,154.53939824328194,18.06001086,-1.55898914,19.619,2025-06-05,haftalık,30.063555510856624,-0.0,3279.39,agort03,25.40602241294875,ima,7.8418116266667655,haftalik_bilanco,-0.2127025926218691,0.3493208967389576,83.31625584080001,0.0006473696866366729,-1.758705833196764,-2.1080267299357214,17.564210786281986,False,,,False,82.82380137003231,71.71559687324962,46.36729410638582,28.22933410638582,156.66014358080452,1.7562722644708018,48.12356637085662,30.063555510856624,-18.06001086,False,0.08663827088301629
2025-06-30,39.7424,46.03360994806554,7.638028855831554,150.5462084196738,17.92729157,-1.6917084299999998,19.619,2025-06-05,haftalık,28.106318378065538,-0.0,3267.28,agort03,25.354,evds_aylik,7.682874319145477,ara_deger,1.3447726643130278,0.0622657655624846,82.83861712,0.0007086279093768688,6.229588179540434,6.167322413977949,17.671125680854523,False,,,False,82.51795295475048,68.02825546492332,44.205842702000886,26.269842702000886,152.66695375719632,1.8277672460646528,46.03360994806554,28.106318378065538,-17.92729157,True,0.08278511258053779
2025-07-01,39.7408,56.288004947056926,10.095087340969483,160.95205005159897,18.150267239999998,-1.4687327600000002,19.619,2025-06-05,haftalık,38.13773770705693,-0.0,3343.38,agort03,25.319644495636844,ara_deger,7.62989521663838,ara_deger,0.054307530286520134,0.062322940008786486,84.65319301382232,2.8587223150945695e-05,1.004683039031427,0.9423600990226405,17.689749278998463,False,,,False,84.43992359083202,76.51212646076695,54.63033124647717,36.70005124647717,163.07279538912152,1.6576737005797568,56.288004947056926,38.13773770705693,-18.150267239999998,False,0.10123029895733297
2025-07-02,39.7733,57.853151460904684,10.056661755499292,162.68227226525445,18.69484877,-0.9241512300000001,19.619,2025-06-05,haftalık,39.158302690904684,-0.0,3346.45,agort03,25.28528899127369,ara_deger,7.576916114131285,ara_deger,0.1579586860641115,0.06248906250425427,84.61595534484782,8.306124772200496e-05,0.7053702685858805,0.6428812060816262,17.708372877142402,False,,,False,85.01998370381234,77.66228856144211,56.23611709362814,38.31155709362814,164.93158023095896,1.6170343672765455,57.853151460904684,39.158302690904684,-18.69484877,False,0.10410518157226592
2025-07-03,39.7292,59.011076286459335,10.110204786403957,163.60687073912723,18.93590161,-0.6830983899999999,19.619,2025-06-05,haftalık,40.07517467645934,-0.0,3355.37,agort03,25.250933486910537,ara_deger,7.523937011624188,ara_deger,,,84.726224693975,,,,17.72699647528635,False,,,False,85.24660542373586,78.36026531539137,57.203086319382216,39.28424631938222,165.85617870483173,1.8079899670771198,59.011076286459335,40.07517467645934,-18.93590161,False,0.10601049615915864
2025-07-04,39.677,59.67147410338483,10.078406583159008,164.78722390414455,19.30257972,-0.31642028,19.619,2025-06-05,haftalık,40.36889438338483,-0.008708429999998657,3355.37,ffill,25.21657798254738,ima,7.470957909117092,haftalik_bilanco,-0.8134592241660389,0.08534730555196618,84.61094926530001,0.0001583037261043696,1.640504634563284,1.5551573290113179,17.74562007343029,True,,,False,85.24660542373586,79.5406184804087,57.46795027345818,39.55483027345818,167.03653186984903,2.2035238299266524,59.67147410338483,40.36889438338483,-19.30257972,False,0.10733764540528506
2025-07-07,39.6792,60.334431490554245,10.012639040101615,163.7308885100309,19.52977715,-0.09793128,19.62770843,2025-06-30,aylık,40.804654340554244,-0.0,3309.53,agort03,25.289224212157567,ara_deger,7.53669734439463,ara_deger,0.30356820943874463,0.007658783076921658,83.69544620686185,1.9684363847971564e-05,0.33458616591471935,0.3269273828377977,17.75252686776294,False,,,False,84.0819933563263,79.6488951537046,58.08269017520514,40.18673017520514,165.98019647573537,2.2517413153491077,60.334431490554245,40.804654340554244,-19.52977715,False,0.1083726637692377
2025-07-08,39.9019,60.968006034800354,10.03067848899426,164.53371665217085,19.50715787,-0.12055056,19.62770843,2025-06-30,aylık,41.46084816480035,-0.0,3326.63,agort03,25.313439622027627,ara_deger,7.558610489487143,ara_deger,-0.4706805203036521,0.00759775003769241,84.20844764982577,3.0516519626377914e-05,0.20832583463168647,0.20072808459399405,17.754829132540483,False,,,False,84.51643633958771,80.01728031258314,58.73370207934961,40.843462079349614,166.78302461787533,2.2343039554507413,60.968006034800354,41.46084816480035,-19.50715787,False,0.10966181933921576
2025-07-09,39.9332,60.356145387797625,9.892690217663498,163.592212595512,19.29564018,-0.33206824999999995,19.62770843,2025-06-30,aylık,41.060505207797625,-0.0,3300.12,agort03,25.33765503189769,ara_deger,7.580523634579656,ara_deger,0.6460044402344319,0.007681506430287872,83.61730212386621,4.187819630363521e-05,0.46302948002178257,0.4553479735914947,17.757131397318034,False,,,False,83.21773333176426,80.37447926374773,57.946663327757356,40.062143327757354,166.23130698266104,2.4094820600402684,60.356145387797625,41.060505207797625,-19.29564018,False,0.10862694019581377
2025-07-10,39.9621,61.11398845406022,9.754056643669877,164.88759042170736,19.0830829,-0.54462553,19.62770843,2025-06-30,aylık,42.03090555406022,-0.0,3336.5,agort03,25.36187044176775,ara_deger,7.602436779672169,ara_deger,-0.006038207445115082,0.007680723660263506,84.61988072895811,3.913850121824852e-07,0.6454758915823251,0.6377951679220616,17.75943366209558,False,,,False,84.13511243876935,80.752477982938,58.95025872013733,41.07145872013733,167.52668480885637,2.1637297339228923,61.11398845406022,42.03090555406022,-19.0830829,False,0.1099114796808809
2025-07-11,39.9775,61.11796885748234,9.406805252954786,165.9323880967482,18.79487701,-0.83283142,19.62770843,2025-06-30,aylık,42.32309184748234,-0.0,3336.16,agort03,25.386085851637812,ima,7.624349924764681,haftalik_bilanco,0.4500823883869677,-0.05168573014197585,84.6920441748,0.00019481130474457986,0.3394594974351127,0.3911452275770886,17.76173592687313,False,,,False,84.12653880225527,81.80584929449294,59.79083629541618,41.91775629541618,168.5714824838972,1.3271325620661614,61.11796885748234,42.32309184748234,-18.79487701,False,0.11002870327354967
2025-07-14,40.0076,61.71133237184935,9.403150001499716,166.99094053121652,18.60235389,-1.0253545400000001,19.62770843,2025-06-30,aylık,43.10897848184935,-0.0,3361.5,agort03,25.41546683217842,ara_deger,7.669106698892077,ara_deger,-0.5247598691412801,-0.03415404528375492,85.43409175636776,0.00015155407212041894,0.7531468167094485,0.7873008619932034,17.746360133286345,False,,,False,84.76552688833301,82.22541364288351,60.25612611103891,42.40020611103891,169.63003491836554,1.4552062608104421,61.71133237184935,43.10897848184935,-18.60235389,False,0.11085978729261457
2025-07-16,40.0883,61.87568607299387,9.39981423507607,167.6455456022953,18.541656409999998,-1.0860520200000001,19.62770843,2025-06-30,aylık,43.33402966299387,-0.0,3331.93,agort03,25.435054152538825,ara_deger,7.698944548310341,ara_deger,0.020928609332994775,-0.01708307045402752,84.74781998246868,3.0239060720728406e-06,0.19489152257395004,0.21197459302797755,17.736109604228485,False,,,False,84.58466103164758,83.06088457064772,60.00361975938117,42.159139759381176,169.97375166819248,1.8720663136126987,61.87568607299387,43.33402966299387,-18.541656409999998,False,0.11123926580771058
2025-07-17,40.1639,63.77221323128481,11.001227221460068,168.9193511683355,18.62095045,-1.00675798,19.62770843,2025-06-30,aylık,45.151262781284814,-0.0,3333.11,agort03,25.444847812719026,ara_deger,7.713863473019472,ara_deger,0.2945116498824038,-0.017168201097841174,84.81047669305191,4.256532191276863e-05,0.46643088451354237,0.48359908561138354,17.730984339699553,False,,,False,84.61461661295252,84.30473455538299,61.69756933465127,43.85880933465127,171.24755723423272,2.074643896633539,63.77221323128481,45.151262781284814,-18.62095045,False,0.11459161194700003
2025-07-18,40.2014,64.5326998064744,11.050139572253702,168.4623363778983,18.57158214,-1.05612629,19.62770843,2025-06-30,aylık,45.961117666474394,-0.0,3349.72,agort03,25.45464147289923,ima,7.7287823977286045,haftalik_bilanco,0.13631185628806308,-0.2709420206550798,85.2659216346,0.00031029039331473274,-0.3329276712414332,-0.061985650586353414,17.725859075170625,False,,,False,85.03627949894822,83.42605687895009,62.79921661932172,44.966176619321715,170.7905424437955,1.7334831871526788,64.5326998064744,45.961117666474394,-18.57158214,False,0.11601009753211587
2025-07-21,40.2282,64.13664546263566,11.049527893368333,170.72982499191798,18.37275529,-1.25495314,19.62770843,2025-06-30,aylık,45.763890172635655,-0.0,3357.41,agort03,25.459080841656704,ara_deger,7.813921478661557,ara_deger,0.4847125277014811,-0.09105294724952144,85.47657260858664,0.0003694701822434254,0.38978496470538604,0.4808379119549075,17.645159362995145,False,,,False,85.23149849914732,85.49832649277066,62.325977622662705,44.510097622662705,173.05803105781516,1.8106678399729503,64.13664546263566,45.763890172635655,-18.37275529,False,0.11538029850699752
2025-07-22,40.3108,64.68868037845937,11.046037736785179,171.95866931241332,18.05378287,-1.57392556,19.62770843,2025-06-30,aylık,46.63489750845937,-0.0,3384.88,agort03,25.460560631242526,ara_deger,7.842301172305875,ara_deger,0.5743552583613332,-0.09192988412180411,86.1809424694802,0.00043846843615347186,0.7727196006361436,0.8646494847579478,17.61825945893665,False,,,False,85.9288542774918,86.02981503492153,62.961666550899515,45.15150655089951,174.28687537831053,1.7270138275598512,64.68868037845937,46.63489750845937,-18.05378287,False,0.11629526477404684
2025-07-23,40.3356,67.67554591973344,12.791076989061773,173.41924399808073,17.9485343,-1.67917413,19.62770843,2025-06-30,aylık,49.72701161973344,-0.0,3417.48,agort03,25.46204042082835,ara_deger,7.870680865950193,ara_deger,-0.9175653143824423,-0.09052678512613725,87.01601389737249,0.0007015494978456216,-0.2549943047678298,-0.16446751964169254,17.59135955487816,False,,,False,86.99072814080367,86.42851585727706,66.0117177133847,48.2072777133847,175.64126927577624,1.6638282063487395,67.67554591973344,49.72701161973344,-17.9485343,False,0.12159028696583211
2025-07-24,40.3683,66.06213467002574,12.630688188504347,172.04766611381717,17.66807147,-1.95963696,19.62770843,2025-06-30,aylık,48.39406320002574,-0.0,3365.32,agort03,25.463520210414174,ara_deger,7.899060559594511,ara_deger,-0.5434443815963614,-0.08969450209455554,85.69289383451104,0.0004161415157849513,0.5040363961238075,0.593730898218363,17.564459650819664,False,,,False,85.66301404157724,86.38465207223993,64.41188551412866,46.61316551412865,174.26969139151265,1.650249155897086,66.06213467002574,48.39406320002574,-17.66807147,False,0.11875861602114886
2025-07-25,40.3929,66.22566473315855,12.605782427109716,171.79999693412884,17.89591528,-1.73179315,19.62770843,2025-06-30,aylık,48.329749453158556,-0.0,3334.38,agort03,25.465,irfcl_pdf,7.927440253238828,haftalik_bilanco,0.23623092978886948,-0.13465085609713046,84.9099867,0.00027088236205749516,-1.474333097589732,-1.3396822414926015,17.537559746761172,False,,,False,84.87544743440574,86.9245494997231,64.4497166828824,46.6567166828824,174.02202221182438,1.7759480502761562,66.22566473315855,48.329749453158556,-17.89591528,True,0.11914358067632466
2025-07-28,40.399,65.16085601128741,12.637238793039431,171.13837993035418,18.03775236,-1.58995607,19.62770843,2025-06-30,aylık,47.12310365128741,-0.0,3347.85,agort03,25.482,ara_deger,7.984660351539864,ara_deger,-0.1181070426271059,-0.044793123477858236,85.3099137,4.524761058864735e-05,0.9970927748758655,1.0418858983537236,17.497339648460134,False,,,False,85.21832145504568,85.9200584753085,63.31235141958959,45.50935141958959,173.3604052080497,1.848504591697818,65.16085601128741,47.12310365128741,-18.03775236,False,0.11721026288975775
2025-07-29,40.4717,65.89210863393433,12.598763753437588,171.25266382604855,17.92849429,-1.69921414,19.62770843,2025-06-30,aylık,47.963614343934324,0.10291527999999772,3341.1,agort03,25.487666666666666,ara_deger,8.003733717640209,ara_deger,-0.20805880209341643,-0.04463358375459748,85.1568431,7.976986163041322e-05,0.4728819280459393,0.5175155118005368,17.483932949026457,False,,,False,85.04650262510363,86.20616120094492,64.04890152872254,46.24256819538921,173.4746891037441,1.843207105211789,65.89210863393433,47.963614343934324,-17.92849429,False,0.11847532641619445
2025-07-30,40.493,66.06509013903637,12.578520682587113,170.78991556187296,17.85689574,-1.6678974100000001,19.52479315,2025-07-25,haftalık,48.20819439903637,-0.0,3329.2,agort03,25.493333333333332,ara_deger,8.022807083740554,ara_deger,-0.11757664165975973,-0.04454335666742064,84.87240533333333,4.5113543594335614e-05,-0.1449313490948398,-0.10038799242741915,17.47052624959278,False,,,False,85.09015167790444,85.69976388396852,64.22057943348233,46.41091276681566,172.96440261279727,1.8445107055540433,66.06509013903637,48.20819439903637,-17.85689574,False,0.11888654489349573
2025-07-31,40.4994,65.67553257579125,12.595106520096595,169.86332160796937,17.71326033,-1.8115328199999998,19.52479315,2025-07-25,haftalık,47.962272245791254,-0.0,3322.47,agort03,25.499,evds_aylik,8.0418804498409,ara_deger,0.08414331623176971,-0.00024411029201738165,84.71966253,1.768123018275336e-07,-0.5760405288670425,-0.5757964185750251,17.4571195501591,False,,,False,84.91814136888357,84.9451802390858,63.82983441730001,46.01683441730002,172.0378086588937,1.8456981584912384,65.67553257579125,47.962272245791254,-17.71326033,True,0.11816687891356648
2025-08-01,40.5128,64.9759126498292,12.60912037676981,168.9711026145641,17.49152376,-2.03326939,19.52479315,2025-07-25,haftalık,47.4843888898292,-0.0,3327.29,agort03,25.518,irfcl_pdf,8.060953815941245,haftalik_bilanco,0.49595468208910665,0.20916711675029628,84.90578622,0.000885424469838858,2.0789738025182767,1.8698066857679805,17.457046184058754,False,,,False,85.04133448767713,83.92976812688697,63.19870635947157,45.60470635947157,171.14558966548844,1.7772062903576256,64.9759126498292,47.4843888898292,-17.49152376,True,0.11686948694956302
2025-08-04,40.519,67.60085485821466,12.65704620054789,172.03220854867087,17.49361166,-2.03118149,19.52479315,2025-07-25,haftalık,50.10724319821466,-0.09973966999999817,3355.7,agort03,25.527,ara_deger,8.007621927885015,ara_deger,0.29975655881388963,0.07007787178497549,85.6609539,0.00017774976744033832,0.09562910448204331,0.025551232697067827,17.519378072114986,False,,,False,85.7674582438856,86.26475030478527,65.88959643623978,48.140025007668356,174.20669559959524,1.7112584219748754,67.60085485821466,50.10724319821466,-17.49361166,False,0.12157229022096097
2025-08-05,40.594,68.40624826329014,12.688757082327436,172.8912330554953,17.871908519999998,-1.7526243,19.62453282,2025-07-31,aylık,50.53433974329014,-0.002736570000003269,3372.81,agort03,25.53,ara_deger,7.989844631866272,ara_deger,-0.058233315822206845,0.07000889116220521,86.10783930000001,3.4490311391119355e-05,0.3790684751821905,0.3090595840199853,17.54015536813373,False,,,False,86.20476825686438,86.68646479863091,66.7727488791447,48.97132030771613,175.0657201064197,1.6334993841454377,68.40624826329014,50.53433974329014,-17.871908519999998,False,0.12312963205906749
2025-08-06,40.6026,68.83491000576318,12.661314275440487,173.3350918074405,18.007177910000003,-1.6200914800000001,19.627269390000002,2025-08-01,haftalık,50.827732095763174,-0.0,3369.49,agort03,25.533,ara_deger,7.9720673358475285,ara_deger,0.27921882936002596,0.07033925016889125,86.03318816999999,0.0001651795033489889,0.6117764470749736,0.5414371969060823,17.560932664152475,False,,,False,85.14517549690149,88.18991631053902,67.06242390881373,49.20913819452801,175.49281319422894,1.77248609694945,68.83491000576318,50.827732095763174,-18.007177910000003,False,0.12370609286186099
2025-08-07,40.5932,69.82266517544811,12.64613629869042,174.05557741695208,18.11911578,-1.5081536100000001,19.627269390000002,2025-08-01,haftalık,51.70354939544811,-0.0,3385.39,agort03,25.536,ara_deger,7.954290039828786,ara_deger,0.20974979982484773,0.07058712331039488,86.44931904,0.0001239365707517981,0.8625602985485593,0.7919731752381645,17.581709960171217,False,,,False,85.54695982936744,88.50861758758464,68.10769325896948,50.20255040182661,176.2132988037405,1.714971916478632,69.82266517544811,51.70354939544811,-18.11911578,False,0.12551023388715088
2025-08-08,40.5808,69.22366269270196,11.088707467570869,174.34770396214503,18.005232030000002,-1.62203736,19.627269390000002,2025-08-01,haftalık,51.21843066270196,-0.0,3397.32,agort03,25.539,irfcl_pdf,7.9365127438100425,haftalik_bilanco,-0.5470853039223907,-0.12062379931319824,86.76415548000001,0.0005568509201148153,0.5279115374869473,0.6485353368001455,17.60248725618996,False,,,False,85.84842442599128,88.49927953615375,67.5712995061704,49.614299506170404,176.50542534893347,1.6523631865315593,69.22366269270196,51.21843066270196,-18.005232030000002,True,0.12447144659765065
2025-08-11,40.5543,69.02118155164804,10.990130762952388,174.17228608467576,17.920501360000003,-1.7067680299999999,19.627269390000002,2025-08-01,haftalık,51.10068019164804,-0.0,3366.24,agort03,25.55622010679188,ara_deger,7.989566243144698,ara_deger,0.6778971725981473,-0.040668869977137305,86.0283703722871,0.00023046843637097858,-0.1941950363199345,-0.1535261663427972,17.566653863647183,False,,,False,85.06304976856724,89.10923631610852,67.32174652256357,49.522460808277856,176.3300074714642,1.6994350290844693,69.02118155164804,51.10068019164804,-17.920501360000003,False,0.12418831555613875
2025-08-12,40.6325,69.35630219651757,10.914112471543714,173.97161060115224,17.84793816,-1.77933123,19.627269390000002,2025-08-01,haftalık,51.50836403651758,0.0482320300000012,3404.83,agort03,25.561960142389175,ara_deger,8.007250742922917,ara_deger,-1.028003782432743,-0.03996940215470236,87.03412875161094,0.00034973391121728703,1.8115479141213435,1.8515173162760459,17.554709399466258,False,,,False,86.03819803208054,87.93341256907169,67.5832019196456,49.83648763393131,176.12933198794067,1.773100276871972,69.35630219651757,51.50836403651758,-17.84793816,False,0.12472163163353503
2025-08-13,40.6384,69.80732420567739,10.738766979014922,175.64318428529,17.69076153,-1.88827583,19.57903736,2025-08-08,haftalık,52.116562675677386,-0.0,3346.27,agort03,25.567700177986467,ara_deger,8.024935242701135,ara_deger,0.14314896187192577,-0.04006686898243063,85.55642807459077,4.8733413858192964e-05,1.6280582678426954,1.668125136825126,17.542764935285334,False,,,False,85.45448648778579,90.18869779750422,68.263834747431,50.56969189028815,177.78377005492342,1.543489458246384,69.80732420567739,52.116562675677386,-17.69076153,False,0.12551450033542513
2025-08-14,40.6573,71.21948036391989,10.523812107542804,177.2943228199679,17.54666533,-2.03237203,19.57903736,2025-08-08,haftalık,53.67281503391989,-0.0,3354.43,agort03,25.573440213583762,ara_deger,8.042619742479355,ara_deger,-0.15199221348446848,-0.039963310477970096,85.78431505565177,5.17792522242988e-05,0.5573323339124869,0.597295644390457,17.530820471104406,False,,,False,85.66287033300458,91.63145248696333,69.7810800766406,52.13950864806918,179.43490858960138,1.4384002872792792,71.21948036391989,53.67281503391989,-17.54666533,False,0.12816869652485846
2025-08-15,40.7094,71.7103703567235,10.491506629918396,176.62227182590956,17.664520680000003,-1.91451668,19.57903736,2025-08-08,haftalık,54.0458496767235,-0.0,3345.76,agort03,25.579180249181054,ima,8.060304242257573,haftalik_bilanco,0.27171776686737903,-0.3008457698947044,85.5817981105,0.0006941004279731322,0.17105578602576277,0.4719015559204672,17.51887600692348,False,,,False,85.44146249745961,91.18080932844995,70.01148820665497,52.422488206654975,178.76285759554304,1.6988821500685276,71.7103703567235,54.0458496767235,-17.664520680000003,False,0.12906277117273213
2025-08-18,40.7313,72.04944421120858,10.491097141510338,176.50045367668915,17.56123047,-2.01780689,19.57903736,2025-08-08,haftalık,54.48821374120858,-0.0,3361.27,agort03,25.554922523283093,ara_deger,8.125550117645645,ara_deger,-0.1554700018582873,-0.10001579925707368,85.89699442983576,0.00013306202057855598,0.5690241384821795,0.6690399377392532,17.429372405637448,False,,,False,85.83754502679093,90.66290864989821,70.18853935425582,52.75725363997011,178.64103944632262,1.8609048569527573,72.04944421120858,54.48821374120858,-17.56123047,False,0.12960343306292593
2025-08-19,40.8084,72.30725196283119,10.472693146509053,176.70510688187946,17.42388808,-2.1551492800000003,19.57903736,2025-08-08,haftalık,54.88336388283119,-0.0,3352.35,agort03,25.54683661465044,ara_deger,8.147298742775002,ara_deger,-0.36713024909657016,-0.09938629059469528,85.64193772512341,0.00031475433118921536,0.7806462914277732,0.8800325820224685,17.399537871875438,False,,,False,85.60975288226254,91.09535399961692,70.44057228413759,53.0618579984233,178.84569265151293,1.8666796786936004,72.30725196283119,54.88336388283119,-17.42388808,False,0.13017498518820106
2025-08-20,40.812,72.49757892286583,10.462596344212487,177.41950436341375,17.2107958,-2.36824156,19.57903736,2025-08-08,haftalık,55.28678312286583,-0.0,3331.25,agort03,25.538750706017787,ara_deger,8.169047367904358,ara_deger,0.12784101656851704,-0.09960587276318368,85.07596328942175,0.00010979108424419293,0.31787641672495354,0.4174822894881372,17.36970333811343,False,,,False,85.21064420508438,92.20886015832937,70.34283076056062,53.01668790341776,179.67232034695678,2.1547481623052107,72.49757892286583,55.28678312286583,-17.2107958,False,0.13032913993544876
2025-08-21,40.841,72.8377275042237,10.355434612276879,177.4998694795945,17.21238868,-2.36664868,19.57903736,2025-08-08,haftalık,55.62533882422369,-0.0,3338.61,agort03,25.530664797385136,ara_deger,8.190795993033717,ara_deger,0.018380260932611556,-0.09963749736898328,85.236932799198,1.5812302893863234e-05,-0.6964912044010014,-0.5968537070320181,17.33986880435142,False,,,False,85.39890697171835,92.10096250787616,69.79329482627752,52.51972339770609,179.75268546313754,3.044432677946176,72.8377275042237,55.62533882422369,-17.21238868,False,0.1310255200908929
2025-08-22,40.8586,73.57236885257939,11.813865404100971,176.33637065036027,17.16671018,-2.41232718,19.57903736,2025-08-08,haftalık,56.40565867257939,-0.0,3339.67,agort03,25.52257888875248,ima,8.212544618163074,haftalik_bilanco,0.7100576057795771,0.012931631040113852,85.2369910374,7.845373359660623e-05,-0.7673987955133783,-0.7803304265534922,17.310034270589405,False,,,False,85.42602090278248,90.91034974757778,71.75567146206673,54.534671462066726,178.58918663390327,1.8166973905126582,73.57236885257939,56.40565867257939,-17.16671018,False,0.1324695554472804
2025-08-25,40.8507,73.46405393298033,11.836604244235717,176.26456560355342,17.09299761,-2.4860397499999998,19.57903736,2025-08-08,haftalık,56.37105632298034,-0.0,3380.69,agort03,25.567759365001418,ara_deger,8.253899948941676,ara_deger,0.052460994030656606,0.0043144070769589845,86.43666840766664,1.9316984625275535e-06,1.3953545322280958,1.3910401251511368,17.313859416059742,False,,,False,86.4752788766039,89.78928672694953,71.51822463262563,54.45493891833992,178.5173815870964,1.9458293003547027,73.46405393298033,56.37105632298034,-17.09299761,False,0.13212087609237433
2025-08-26,40.9205,74.67336728534599,11.718301560342617,178.16657852532177,16.97279812,-2.60623924,19.57903736,2025-08-08,haftalık,57.70056916534599,-0.0,3383.72,agort03,25.582819523751063,ara_deger,8.26768505920121,ara_deger,0.025453247662892694,0.004316281398239447,86.56509807890694,9.371606402297505e-07,0.5102293575859872,0.5059130761877477,17.315134464549853,False,,,False,86.55278379275892,91.61379473256285,72.90906748451266,55.898353198798375,180.41939450886477,1.764299800833328,74.67336728534599,57.70056916534599,-16.97279812,False,0.13424892226047813
2025-08-27,40.9413,75.19235996414378,11.699224523891523,178.16982111310293,16.97518523,-2.6038521300000004,19.57903736,2025-08-08,haftalık,58.217174734143775,-0.0,3385.19,agort03,25.597879682500707,ara_deger,8.281470169460743,ara_deger,0.4336028942065201,0.004348208612443946,86.65368632240457,1.596360709621436e-05,-0.7736951249679765,-0.7780433335804204,17.316409513039964,False,,,False,86.39877882841601,91.77104228468691,73.4104411437839,56.45229828664104,180.43240710480615,1.781918820359877,75.19235996414378,58.217174734143775,-16.97518523,False,0.1351134201964438
2025-08-28,40.9629,74.77095269133778,11.733483981846987,178.25997017497437,16.85961073,-2.71942663,19.57903736,2025-08-08,haftalık,57.91134196133778,-0.0,3410.23,agort03,25.612939841250355,ara_deger,8.295255279720278,ara_deger,0.060785072810966484,0.0043526840326199925,87.3460158348272,2.2377101001405664e-06,0.5998565700852587,0.5955038860526387,17.31768456153008,False,,,False,87.03786420379039,91.22210597118398,73.00043832345854,56.094866894887105,180.52255616667767,1.7705143678792439,74.77095269133778,57.91134196133778,-16.85961073,False,0.1344673501675576
2025-08-29,40.9735,75.44685399099417,11.76688161860715,178.3361858486326,16.84147275,-2.7375646099999997,19.57903736,2025-08-08,haftalık,58.60538124099417,-0.0,3413.74,agort03,25.628,irfcl_pdf,8.309040389979812,haftalik_bilanco,,,87.48732872,,,,17.318959610020187,False,,,False,87.12744845568989,91.20873739294271,73.62892196175576,56.77592196175576,180.59877184033581,1.8179320292384062,75.44685399099417,58.60538124099417,-16.84147275,True,0.13564784588840603
2025-09-01,40.9441,77.1505294779956,11.834920855507875,180.8468554418611,16.80952336,-2.769514,19.57903736,2025-08-08,haftalık,60.341006117995605,-0.0,3413.74,ffill,25.6272,ara_deger,8.27691869390719,ara_deger,1.1857182244583853,0.14142190123780007,87.484597728,0.00033853011826701085,-1.0817805883297331,-1.2232024895675333,17.35028130609281,True,,,False,87.12744845568989,93.71940698617121,75.38848845132755,58.50728845132755,183.1094414335643,1.762041026668058,77.1505294779956,60.341006117995605,-16.80952336,False,0.1386225985432714
2025-09-02,41.0379,75.64257827520413,11.906488806688452,181.00955098411666,16.79365221,-2.78538515,19.57903736,2025-08-08,haftalık,58.848926065204125,-0.011527250000000322,3482.08,agort03,25.6264,ara_deger,8.266211461882984,ara_deger,0.2586668092179451,0.03464539224401474,89.233174912,7.380887858032814e-05,-3.8828061261993154,-3.9174515184433303,17.360188538117015,False,,,False,88.87166149694724,92.13788948716942,73.86227080333059,56.97887080333059,183.2721369758199,1.7803074718735417,75.64257827520413,58.848926065204125,-16.79365221,False,0.13597036701233686
2025-09-03,41.0768,72.05353919974293,11.895914628208624,178.74388279103437,16.839326630000002,-2.75123798,19.59056461,2025-08-29,haftalık,55.21421256974293,-0.0,3496.98,agort03,25.6256,ara_deger,8.255504229858776,ara_deger,0.7800910010370398,0.035090326034221915,89.61221068799999,0.0002224668951036346,-0.430502676591907,-0.4655930026261289,17.370095770141223,False,,,False,89.45538466250046,89.2884981285339,70.36489259143848,53.47929259143848,180.9858127945702,1.6886466083044525,72.05353919974293,55.21421256974293,-16.839326630000002,False,0.12957128174376487
2025-09-04,41.0851,72.56147632596732,11.91452197998788,179.5014656313781,16.97906808,-2.6114965299999997,19.59056461,2025-08-29,haftalık,55.582408245967315,-0.0259999999999998,3541.89,agort03,25.6248,ara_deger,8.24479699783457,ara_deger,0.43258827472390327,0.03533691703929178,90.760222872,0.0001232955025412541,0.20778916473796893,0.17245224769867715,17.38000300216543,False,,,False,90.60421631872751,88.89724931265059,70.70848954973944,53.82068954973944,181.74339563491387,1.8529867762278798,72.56147632596732,55.582408245967315,-16.97906808,False,0.13045837367974222
2025-09-05,41.0908,73.20839886300583,11.928615967564516,180.23255112119284,16.971519190000002,-2.6450454199999998,19.61656461,2025-08-31,aylık,56.236879673005824,-0.0,3566.78,agort03,25.624,irfcl_pdf,8.234089765810362,haftalik_bilanco,0.9329686840642676,0.4849402687163332,91.39517072,0.003593087757066349,0.20104121845825562,-0.2838990502580776,17.389910234189635,False,,,False,91.24092128251046,88.99162983868239,71.19894876712063,54.308948767120626,182.47448112472864,2.0094500958851995,73.20839886300583,56.236879673005824,-16.971519190000002,True,0.13160325122100114
2025-09-08,41.097,74.6017425602842,11.985309122320363,181.59973325655614,17.17415983,-2.44240478,19.61656461,2025-08-31,aylık,57.42758273028419,-0.0,3620.43,agort03,25.640989763416638,ara_deger,8.117134039681194,ara_deger,0.679575124966464,0.16337822493364856,92.8314085691665,0.0008657343474312018,-1.7357192191456812,-1.8990974440793298,17.523855723735444,False,,,False,92.61332872754677,88.98640452900936,72.73735294547048,56.13787294547048,183.841663260092,1.8643896148137173,74.6017425602842,57.42758273028419,-17.17415983,False,0.13426867690484226
2025-09-09,41.1816,73.68326174796512,12.043372404180506,180.88705871958325,17.25375983,-2.36280478,19.61656461,2025-08-31,aylık,56.42950191796512,0.08151919000000163,3659.21,agort03,25.646653017888852,ara_deger,8.078148797638137,ara_deger,0.07554456814708128,0.16357021346865122,93.84648918958906,9.59942675078096e-05,-1.1616548083271043,-1.3252250217957555,17.568504220250716,False,,,False,93.60535036256093,87.28170835702232,71.88403940109175,55.381399401091755,183.12898872311905,1.7992223468733641,73.68326174796512,56.42950191796512,-17.25375983,False,0.13252192471602559
2025-09-10,41.192,72.82755974461061,12.08885718100602,181.52447766622595,17.43868329,-2.09636213,19.53504542,2025-09-05,haftalık,55.38887645461061,-0.0,3663.51,agort03,25.652316272361066,ara_deger,8.039163555595081,ara_deger,-0.19039818086824736,0.16308756322132115,93.9775171869575,0.0002413251236650371,-1.1766056537391851,-1.3396932169605063,17.613152716765985,False,,,False,93.3968850497723,88.12759261645365,71.00119753835696,54.59539753835696,183.89211572635463,1.8263622062536484,72.82755974461061,55.38887645461061,-17.43868329,False,0.13112606870557367
2025-09-11,41.2013,71.3059778939014,11.777663034904238,179.14219997896237,17.59529942,-1.9397460000000002,19.53504542,2025-09-05,haftalık,53.710678473901396,-0.0,3652.7,agort03,25.657979526833277,ara_deger,8.000178313552025,ara_deger,-0.2620417700050883,0.16242497953303459,93.7209018176639,0.0003312918441432666,0.1483386569334304,-0.014086322599604184,17.657801213281253,False,,,False,93.1212967949598,86.02090318400256,69.69372519799131,53.384765197991314,181.50983803909097,1.6122526959100867,71.3059778939014,53.710678473901396,-17.59529942,False,0.12835753223493696
2025-09-12,41.2114,71.29481966154997,11.812640725624464,177.79554523381432,17.662866610000002,-1.87217881,19.53504542,2025-09-05,haftalık,53.631953051549964,-0.0,3637.86,agort03,25.66364278130549,ima,7.96119307150897,haftalik_bilanco,0.6395895080149422,-0.973135128673048,93.36073952839999,0.0047849030888703625,-3.36966927922279,-2.396534150549742,17.70244970979652,False,,,False,92.74296842295084,85.05257681086348,69.60046004260957,53.38834004260957,180.16318329394295,1.6943596189403962,71.29481966154997,53.631953051549964,-17.662866610000002,False,0.12813367418392002
2025-09-15,41.209,68.39389402800359,11.716272513285931,175.5371008561275,17.58838896,-1.94665646,19.53504542,2025-09-05,haftalık,50.80550506800358,-0.0,3673.99,agort03,25.453049190073184,ara_deger,8.015470949353345,ara_deger,0.818171171054576,-0.32852096600067776,93.51424819383698,0.0020712948881794757,0.6350412341586884,0.9635622001593662,17.437578240719837,False,,,False,93.66406034213442,81.87304051399308,66.55555466038972,50.63395466038972,177.90473891625612,1.8383393676138695,68.39389402800359,50.80550506800358,-17.58838896,False,0.12309254168829321
2025-09-16,41.255,71.900171179251,13.777998109320082,178.92237214469498,17.57972811,-1.9553173099999999,19.53504542,2025-09-05,haftalık,54.320443069251,-0.0,3720.91,agort03,25.382851326329085,ara_deger,8.03356357530147,ara_deger,-0.15666406839177496,-0.32772370287878344,94.44730532865115,0.00039863156096039964,0.16809649998754309,0.49582020286632655,17.349287751027617,False,,,False,94.86023063961835,84.06214150507662,70.16199384317052,54.33723384317052,181.29001020482363,1.7381773360804829,71.900171179251,54.320443069251,-17.57972811,False,0.12925896926923097
2025-09-17,41.2295,71.74990982185085,13.695530530324161,178.40794925522601,17.5005019,-2.03454352,19.53504542,2025-09-05,haftalık,54.249407921850846,-0.0,3711.88,agort03,25.312653462584983,ara_deger,8.051656201249594,ara_deger,0.5014319704417884,-0.3302885416043426,93.95753213469996,0.0012824193627796188,0.006511742440719281,0.3368002840450619,17.26099726133539,False,,,False,95.26036236707223,83.14758688815378,69.94256384384967,54.21464384384967,180.71099807176898,1.8073459780011802,71.74990982185085,54.249407921850846,-17.5005019,False,0.12906847069188954
2025-09-18,41.2161,72.09576677560467,13.65129607119548,179.27780555832516,17.3826496,-2.15239582,19.53504542,2025-09-05,haftalık,54.71311717560467,-0.0,3740.93,agort03,25.24245559884088,ara_deger,8.069748827197719,ara_deger,-0.28163239105494164,-0.32884057757339014,94.43025942337181,0.0007239820154762988,0.708638034788134,1.0374786123615243,17.172706771643163,False,,,False,96.00589118986915,83.27191436845601,70.32460953365312,54.69352953365312,181.58085437486807,1.7711572419515562,72.09576677560467,54.71311717560467,-17.3826496,False,0.1297327095748037
2025-09-19,41.241,72.27933539438908,13.620159186246697,178.8530403423038,17.17034946,-2.36469596,19.53504542,2025-09-05,haftalık,55.10898593438908,-0.0,3724.53,agort03,25.172257735096778,ima,8.087841453145844,haftalik_bilanco,1.1665239437316057,-0.7373131988325947,93.7548291021,0.006636734402236222,0.504399267886005,1.2417124667185997,17.084416281950936,False,,,False,95.58500744825574,83.26803289404808,70.39601985887829,54.86177985887829,181.15608915884678,1.8833155355107891,72.27933539438908,55.10898593438908,-17.17034946,False,0.12998464539293944
2025-09-22,41.2344,73.86208796538811,13.632323375628115,181.230209967385,17.07001463,-2.4650307899999997,19.53504542,2025-09-05,haftalık,56.79207333538811,-0.0,3792.81,agort03,25.178373542666034,ara_deger,8.28835487062242,ara_deger,1.159161981462355,-0.2502182356001689,95.49678695635916,0.002223584661322997,0.45495120763037544,0.7051694432305444,16.890018672043613,False,,,False,97.33732097736326,83.89288899002175,72.0268098965912,56.78308989659121,183.53325878392798,1.8352780687969101,73.86208796538811,56.79207333538811,-17.07001463,False,0.13285223538450897
2025-09-23,41.2983,75.2513510725623,13.584802473709573,183.50858962862304,16.892685450000002,-2.64235997,19.53504542,2025-09-05,haftalık,58.3586656225623,-0.0,3861.44,agort03,25.18041214518912,ara_deger,8.355192676447945,ara_deger,-0.4581507261338225,-0.24845375329424355,97.23265067391908,0.0008822411529627594,0.6151695820406939,0.8636233353349375,16.825219468741174,False,,,False,99.09861678144426,84.40997284717878,73.6838274456818,58.536947445681804,185.81163844516604,1.5675236268805008,75.2513510725623,58.3586656225623,-16.892685450000002,False,0.1353235471651256
2025-09-24,41.3375,75.01851331115815,13.582106126398548,183.2453284860687,16.50552518,-3.0295202399999996,19.53504542,2025-09-05,haftalık,58.512988131158146,-0.0,3834.21,agort03,25.182450747712206,ara_deger,8.42203048227347,ara_deger,0.10575825187491751,-0.24886263626710922,96.55480448138563,0.00020444148641923787,0.28432661406585746,0.5331892503329667,16.760420265438736,False,,,False,96.51572233048542,86.72960615558328,73.39462321136983,58.34458321136984,185.5489213184155,1.6238900997883121,75.01851331115815,58.512988131158146,-16.50552518,False,0.13477713870531322
2025-09-25,41.3726,74.69102389020753,13.515207649507163,183.20481132886138,15.85484937,-3.68019605,19.53504542,2025-09-05,haftalık,58.836174520207535,-0.0,3840.52,agort03,25.18448935023529,ara_deger,8.488868288098997,ara_deger,-0.3153802818637524,-0.2476385793166853,96.72153503936562,0.000612028475191484,0.7180417441287095,0.9656803234453948,16.69562106213629,False,,,False,96.67455927679387,86.53025205206751,72.9228730850853,57.969673085085304,185.50840416120815,1.7681508051222323,74.69102389020753,58.836174520207535,-15.85484937,False,0.13425502097421885
2025-09-26,41.395,74.69123768571083,13.5018191327455,183.05443436900603,15.46579022,-4.0692552,19.53504542,2025-09-05,haftalık,59.22544746571083,-0.0,3821.63,agort03,25.186527952758375,ima,8.555706093924522,haftalik_bilanco,0.5878995527097752,1.5735421874993778,96.2535908201,0.007210915836756149,-0.5986429971156453,-2.172185184615023,16.630821858833855,False,,,False,96.19905532817789,86.85537904082814,72.72217089020413,57.86581089020413,185.35802720135283,1.9690667955067056,74.69123768571083,59.22544746571083,-15.46579022,False,0.134182886400491
2025-09-29,41.4179,74.28341424842881,13.611982089869356,183.97605666702427,14.95854727,-4.57649815,19.53504542,2025-09-05,haftalık,59.324866978428815,-0.0,3856.98,agort03,25.558881988189594,ara_deger,8.520087521901365,ara_deger,1.1916932849721997,0.5340252638882363,98.58009665080749,0.004755600694226425,-0.9260754156697646,-1.460100679558001,17.03879446628823,False,,,False,97.08889463911358,86.88716202791069,72.36762387759882,57.801783877598815,186.27964949937103,1.9157903708299955,74.28341424842881,59.324866978428815,-14.95854727,False,0.13355528596571087
2025-09-30,41.4984,74.01602088273283,13.624948214870935,180.63730228650124,14.41256991,-5.12247551,19.53504542,2025-09-05,haftalık,59.60345097273283,-0.0,3926.92,agort03,25.683,evds_aylik,8.508214664560311,ara_deger,0.3524265950832221,-0.14324102052179885,100.85508636,0.0003723053094040196,1.4394018393775871,1.582642859899386,17.174785335439687,False,,,False,98.84944234510624,81.787859941395,72.15788972586896,57.688889725868954,182.94089511884795,1.8581311568638768,74.01602088273283,59.60345097273283,-14.41256991,True,0.13317229277583956
2025-10-01,41.5068,76.47399623676121,13.732541294438501,185.83779854606945,14.97112375,-4.56392167,19.53504542,2025-09-05,haftalık,61.502872486761206,-0.0,3947.44,agort03,25.634840075465576,ara_deger,8.49634180721926,ara_deger,-0.25279284945663316,-0.14270578628068267,101.19199310749583,0.0002676171205511224,0.7007086958933495,0.8434144821740321,17.138498268246316,False,,,False,99.42230790183652,86.41549064423293,74.56601441209632,59.98854382386103,188.2432843052223,1.907981824664887,76.47399623676121,61.502872486761206,-14.97112375,False,0.1375669747799486
2025-10-02,41.513,77.56097359863175,13.69275809987233,186.79418063450703,15.64996846,-3.8850769599999997,19.53504542,2025-09-05,haftalık,61.91100513863175,-0.0,3932.69,agort03,25.586680150931155,ara_deger,8.484468949878206,ara_deger,-0.8345879066113869,-0.14093497740167393,100.62448116276545,0.0008854044395183447,0.47087610274303515,0.6118110801447091,17.10221120105295,False,,,False,99.05080661453336,87.74337401997367,75.5619731409438,60.87603196447322,189.1996663936598,1.9990004576879414,77.56097359863175,61.91100513863175,-15.64996846,False,0.1395015082591027
2025-10-03,41.5283,77.24286684020294,13.669814295311872,186.18698662714758,15.71851731,-3.81652811,19.53504542,2025-09-05,haftalık,61.52434953020294,-0.05643008999999921,3883.89,agort03,25.53852022639673,ima,8.472596092537154,haftalik_bilanco,1.686454622908006,-0.17180829145191578,99.1888033221,0.002131475221806012,-1.2056692837854013,-1.0338609923334854,17.065924133859575,False,,,False,97.82170405043874,88.36528257670884,75.24855874187,60.454146977164115,188.59247238630041,1.9943080983329367,77.24286684020294,61.52434953020294,-15.71851731,False,0.13887826723602414
2025-10-06,41.5226,78.16136862816876,13.774685954155087,188.96536185154594,16.0513621,-3.54011341,19.59147551,2025-09-30,aylık,62.11000652816876,-0.0,3982.71,agort03,25.255095885543156,ara_deger,8.232310290882245,ara_deger,0.07490025661650955,-0.057332700341472746,100.5837229343116,3.163492874569407e-05,0.7788584235694611,0.8361911239109339,17.02278559466091,False,,,False,100.31063674273031,88.65472510881563,76.25795595651526,61.1381324271035,191.37084761069877,1.9034126716534985,78.16136862816876,62.11000652816876,-16.0513621,False,0.14054893751502037
2025-10-07,41.6225,79.33526381164033,13.696225887440686,189.85827237647095,16.44995867,-3.14151684,19.59147551,2025-09-30,aylık,62.88530514164033,-0.0,3987.11,agort03,25.160621105258627,ara_deger,8.152215023663942,ara_deger,3.0565806569233738,-0.05991684263460387,100.31816401498773,0.0012920711465653767,-1.7856362041712286,-1.7257193615366246,17.008406081594686,False,,,False,100.42145746572247,89.43681491074848,77.52194889783169,62.29365478018463,192.26375813562376,1.8133149138086395,79.33526381164033,62.88530514164033,-16.44995867,False,0.14269787843090295
2025-10-08,41.6217,80.75035260453082,13.801630447579027,192.01378847155013,16.48869845,-3.1027770599999998,19.59147551,2025-09-30,aylık,64.26165415453082,-0.0,4166.82,agort03,25.066146324974103,ara_deger,8.07211975644564,ara_deger,-0.8683947576517951,-0.0591820495169052,104.44611982982859,0.0003673965588418815,0.870922208060999,0.9301042575779042,16.99402656852846,False,,,False,106.41441684975442,85.59937162179571,79.00036814930674,63.663603443424385,194.38989524695054,1.7499844552240802,80.75035260453082,64.26165415453082,-16.48869845,False,0.14524594141358138
2025-10-09,41.633,79.05664232700022,11.747360939639227,192.16083747555433,16.84673023,-2.74474528,19.59147551,2025-09-30,aylık,62.20991209700022,-0.0,4115.72,agort03,24.971671544689578,ara_deger,7.992024489227336,ara_deger,0.006282469410519176,-0.059187369936739696,102.77640800990979,2.6602099172500643e-06,-0.41348615566594765,-0.354298785729208,16.97964705546224,False,,,False,105.10939846618557,87.05143900936876,79.2912589532342,63.84602365911656,194.53694425095478,-0.23461662623398638,79.05664232700022,62.20991209700022,-16.84673023,False,0.14216093254351617
2025-10-10,41.6421,79.20945970544233,11.696072484336765,189.83244365793507,17.45803975,-2.13343576,19.59147551,2025-09-30,aylık,61.75141995544233,-0.0,4116.09,agort03,24.877196764405053,ima,7.911929222009033,haftalik_bilanco,0.7155949849382691,0.8966034098824605,102.39678083,0.004547411763647258,1.026354130893834,0.12975072101137353,16.96526754239602,False,,,False,105.11884771866933,84.71359593926574,79.21607709505525,63.66237121270231,192.20855043333552,-0.006617389612927127,79.20945970544233,61.75141995544233,-17.45803975,False,0.1424046608682871
2025-10-13,41.6388,81.51379662718426,11.839524890246595,191.93862575771772,17.87697515,-1.71450036,19.59147551,2025-09-30,aylık,63.63682147718426,-0.0,4158.27,agort03,25.197683865374316,ara_deger,8.016796988523712,ara_deger,1.298187812414823,0.30429853559795456,104.77877288687006,0.0027153661518979355,-4.4881571616246,-4.792455697222555,17.180886876850604,False,,,False,106.19606250181876,85.74256325589896,81.62411616088839,65.74499851382957,194.31473253311813,-0.1103195337041285,81.51379662718426,63.63682147718426,-17.87697515,False,0.14655904633571207
2025-10-14,41.7196,78.18258202379698,11.90003300606909,188.87465044662474,17.67522178,-1.91625373,19.59147551,2025-09-30,aylık,60.50736024379698,-0.0,4233.83,agort03,25.304512899030737,ara_deger,8.05175291069527,ara_deger,0.17339023788277458,0.3050208603683624,107.1350058473033,0.0003611623852114165,1.2847629896958244,0.979742129327462,17.252759988335466,False,,,False,108.12575309012529,80.74889735649946,76.38776634962943,60.40017811433531,191.25075722202516,1.7948156741675518,78.18258202379698,60.50736024379698,-17.67522178,False,0.1404846047462374
2025-10-15,41.7496,79.0852753080269,11.92417769272041,192.254713102104,17.09561715,-2.49585836,19.59147551,2025-09-30,aylık,61.9896581580269,-0.0,4243.88,agort03,25.411341932687158,ara_deger,8.086708832866831,ara_deger,1.8244571117420696,0.31258981773884825,107.84268580129238,0.0037844786852354595,-0.8858202096565639,-1.1984100273954121,17.324633099820325,False,,,False,105.57583780452332,86.67887529758069,77.23560985015425,61.13955102662484,194.7291305066396,1.8496654578726464,79.0852753080269,61.9896581580269,-17.09561715,False,0.14219345228581132
2025-10-16,41.7611,79.56360237158503,11.991849544193041,195.06547213381475,16.567635459999998,-3.02384005,19.59147551,2025-09-30,aylık,62.995966911585036,-0.0,4349.19,agort03,25.51817096634358,ara_deger,8.121664755038392,ara_deger,3.669966950336943,0.3277521693376948,110.98337398511181,0.007581175799423079,-1.462983545571599,-1.7907357149092937,17.396506211305187,False,,,False,108.19565539578281,86.86981673803194,77.74502074897454,61.540491337209836,197.53988953835028,1.8185816226104947,79.56360237158503,62.995966911585036,-16.567635459999998,False,0.14320398644673824
2025-10-17,41.7736,81.74103393052071,12.165379378363367,198.54949121238997,16.36455378,-3.22692173,19.59147551,2025-09-30,aylık,65.3764801505207,-0.0,4560.15,agort03,25.625,irfcl_pdf,8.15662067720995,haftalik_bilanco,-3.5303594611358595,-2.675216403703673,116.85384374999998,0.06203017808291689,-0.7202721653240398,1.9549442383796332,17.46837932279005,False,,,False,113.4437488252017,85.10574238718827,79.6146970574717,63.3016970574717,201.0239086169255,2.126336873049013,81.74103393052071,65.3764801505207,-16.36455378,True,0.14688415800632537
2025-10-20,41.7855,76.82409218508813,11.964614519390699,194.49737946279885,15.899008519999999,-3.69246699,19.59147551,2025-09-30,aylık,60.92508366508814,-0.0,4358.05,agort03,25.106098983601456,ara_deger,8.251575950597816,ara_deger,0.5600758003867035,-0.8985382827377687,109.41363467548433,0.003399740751600322,0.16604496068159458,1.0645832434193632,16.854523033003638,False,,,False,108.41606735911544,86.0813121036834,74.69312242285004,58.30362242285004,196.97179686733438,2.130969762238095,76.82409218508813,60.92508366508814,-15.899008519999999,False,0.13819263228455186
2025-10-21,41.8768,77.28323623103961,11.97494918427387,195.402554928594,15.62169714,-3.96977837,19.59147551,2025-09-30,aylık,61.66153909103961,0.051553779999998994,4391.28,agort03,24.933131978135272,ara_deger,8.283227708393772,ara_deger,0.09207397061168139,-0.8996698244985772,109.48836379294585,0.0005657708804198691,-4.481762476550238,-3.582092652051661,16.649904269741498,False,,,False,109.24273660759661,86.15981832099737,75.21403495491536,58.79903495491536,197.87697233312954,2.0692012761242466,77.28323623103961,61.66153909103961,-15.62169714,False,0.1388998911098838
2025-10-22,41.8872,71.84520758131363,11.63886667048645,188.89810181985416,14.909439509999999,-4.63048222,19.53992173,2025-10-17,haftalık,56.93576807131363,-0.0,4396.81,agort03,24.76016497266909,ara_deger,8.314879466189728,ara_deger,-2.1020363934382025,-0.8735154541784416,108.86574095348121,0.013077185160083271,2.4008662305219697,3.274381684700411,16.445285506479365,False,,,False,107.18676562824923,81.71133619160493,69.6593882618079,53.218888261807905,191.48036810767968,2.1858193195057254,71.84520758131363,56.93576807131363,-14.909439509999999,False,0.12909420892964305
2025-10-23,41.8966,72.45743415933512,11.569264021424173,188.82026105329527,15.292438899999999,-4.24748283,19.53992173,2025-10-17,haftalık,57.16499525933512,-0.0,4268.99,agort03,24.587197967202908,ara_deger,8.346531223985682,ara_deger,0.2947681013894015,-0.8772292847316344,104.96250225000954,0.0018569152766038655,-3.177014053846872,-2.2997847691152375,16.240666743217226,False,,,False,104.07073096161527,84.74953009168,70.45229799076775,53.986297990767746,191.40252734112076,2.0051361685673754,72.45743415933512,57.16499525933512,-15.292438899999999,False,0.130337445089221
2025-10-24,41.9042,69.72989740885161,11.458185623398132,185.4419674882638,15.5582265,-3.9816952299999997,19.53992173,2025-10-17,haftalık,54.17167090885161,-0.0,4287.14,agort03,24.414230961736727,ima,8.378182981781638,haftalik_bilanco,-0.10134782323332608,1.526527641584852,104.6672261253,0.0011268465731819194,-0.7642531560193304,-2.2907807976041825,16.03604797995509,False,,,False,104.51319715782405,80.92877033043975,67.76646169119086,51.27496169119085,188.02423377608926,1.963435717660758,69.72989740885161,54.17167090885161,-15.5582265,False,0.12540840583348276
2025-10-27,41.8427,69.33349083591642,11.390196999715602,184.476663776439,16.095409529999998,-3.4445122,19.53992173,2025-10-17,haftalık,53.238081305916424,-0.0,4280.82,agort03,24.691981786224158,ara_deger,8.299336789439382,ara_deger,,,105.70192947010409,,,,16.392644996784774,False,,,False,104.35912628399265,80.11753749244636,67.2059072908775,50.63790729087751,187.0589300642645,2.1275835450389167,69.33349083591642,53.238081305916424,-16.095409529999998,False,0.12454820983693003
2025-10-28,41.8699,67.24142682452072,11.209705635790867,180.72492735247454,16.095409529999998,-3.4445122,19.53992173,2025-10-17,haftalık,51.14601729452072,-0.0,4280.82,ffill,24.784565394386632,ara_deger,8.273054725325295,ara_deger,-3.4850845569187716,1.4763496866900392,106.09826323159818,0.02508897744741434,3.7955594518092717,2.3192097651192327,16.511510669061337,True,,,False,104.35912628399265,76.36580106848189,64.99562136522896,48.40212136522895,183.30719364030008,2.245805459291759,67.24142682452072,51.14601729452072,-16.095409529999998,False,0.1208717921333015
2025-10-30,41.8699,70.28235749309168,11.332522552000363,183.4105852050539,16.79147574,-2.74844599,19.53992173,2025-10-17,haftalık,53.490881753091685,-0.0,4069.75,agort03,24.969732610711585,ara_deger,8.220490597097124,ara_deger,0.814013161861669,0.4895304414201827,101.62056929244346,0.002888435836320369,0.7114629443023803,0.22193250288219762,16.749242013614463,False,,,False,99.35981645652805,84.05076874852585,68.1141959976021,51.469695997602095,185.92917052584315,2.168161495489585,70.28235749309168,53.490881753091685,-16.79147574,False,0.12633810593746603
2025-10-31,41.9,71.57424906921241,11.415333221957042,183.78999907061888,16.47508054,-3.06484119,19.53992173,2025-10-17,haftalık,55.09916852921241,-0.0,4118.35,agort03,25.062316218874063,ima,8.194208532983039,haftalik_bilanco,-0.7668241754006143,0.8050799494276728,103.21539,0.0044929932432477004,0.8991413667594955,0.09406141733182272,16.868107685891026,False,,,False,100.54634808126846,83.24365098935041,69.30024241050118,52.63024241050118,186.30858439140812,2.2740066587112295,71.57424906921241,55.09916852921241,-16.47508054,True,0.12873833080548047
2025-11-03,41.8922,72.11980815044328,11.365321491829027,183.3037013817472,16.93833416,-2.60158757,19.53992173,2025-10-17,haftalık,55.18147399044328,-0.0,4072.89,agort03,25.22985908048724,ara_deger,8.164083412051221,ara_deger,-0.4104319048258816,0.2667753448158411,102.75844075032568,0.0007923191633678606,-0.7873111775744708,-1.0540865223903118,17.065775668436018,False,,,False,99.4364771417479,83.8672242399993,69.80683022137772,53.46997307852058,185.8222867025365,2.3129779290655534,72.11980815044328,55.18147399044328,-16.93833416,False,0.1297437199407667
2025-11-04,41.9751,72.75681966213303,13.636575445919128,184.27872870585992,16.501834799999997,-3.03808693,19.53992173,2025-10-17,haftalık,56.25498486213303,-0.19491946000000127,4048.84,agort03,25.28570670102497,ara_deger,8.154041705073949,ara_deger,-0.4354869241970762,0.26510043811040973,102.37778071937794,0.000837453352715678,0.23897176862848551,-0.026128669481924216,17.13166499595102,False,,,False,98.84931488711814,85.42941381874178,70.45094320204122,54.22513367823169,186.79731402664913,2.3058764600918096,72.75681966213303,56.25498486213303,-16.501834799999997,False,0.1308043758238703
2025-11-05,42.0042,72.46313578165993,13.600032711014613,184.19698647599094,16.441208810000003,-3.29363238,19.73484119,2025-10-31,aylık,56.02192697165992,-0.0,4023.42,agort03,25.341554321562697,ara_deger,8.143999998096676,ara_deger,0.6853225397901195,0.2677261278118537,101.95971648846178,0.001312844850736239,0.5341299988402888,0.2664038710284351,17.197554323466022,False,,,False,100.83622432134227,83.36076215464867,70.09282836002114,53.97806645525924,186.90776062869904,2.3703074216387847,72.46313578165993,56.02192697165992,-16.441208810000003,False,0.13018629045511781
2025-11-06,42.0362,74.07064116166542,13.610498332389701,185.1065728482101,16.81879603,-2.91604516,19.73484119,2025-10-31,aylık,57.25184513166542,-0.0,4063.27,agort03,25.397401942100423,ara_deger,8.133958291119404,ara_deger,-0.24548616871694662,0.2667891815746192,103.1965013892784,0.0004684731186316293,0.9274599073137225,0.6606707257391033,17.263443650981017,False,,,False,101.8349576226644,83.2716152255457,71.67092874712748,55.66721446141319,187.81734700091823,2.3997124145379445,74.07064116166542,57.25184513166542,-16.81879603,False,0.13314876640422643
2025-11-07,42.0426,72.25206031501382,10.883767607141326,184.5423731312372,17.04497217,-2.68986902,19.73484119,2025-10-31,aylık,55.20708814501382,-0.0,4049.05,agort03,25.45324956263815,ima,8.123916584142131,haftalik_bilanco,1.6235852067552852,-0.5848096430425311,103.0614801416,0.006612871608724591,-0.5241584080026556,0.06065123503987557,17.32933297849602,False,,,False,101.47857148603202,83.06380164520519,73.24203270016602,57.34936603349935,187.25314728394534,-0.9899723851521998,72.25206031501382,55.20708814501382,-17.04497217,False,0.12985996504718064
2025-11-10,42.049,73.5918105067897,10.97729292016457,187.17411761641844,17.19177025,-2.5430709400000002,19.73484119,2025-10-31,aylık,56.400040256789694,-0.0,4142.74,agort03,25.390184784583084,ara_deger,8.202016745968045,ara_deger,0.17755377583889212,-0.1954226256238437,105.18493411448372,0.00024303897149513531,1.2926084848369233,1.4880311104607669,17.18816803861504,False,,,False,103.82665989257832,83.34745772384012,74.59742381507289,59.037900005549076,189.88489176912648,-1.0056133082831877,73.5918105067897,56.400040256789694,-17.19177025,False,0.13242221295803785
2025-11-11,42.1124,75.06653667328388,11.065193315982942,189.25987344752363,17.10843376,-2.62640743,19.73484119,2025-10-31,aylık,57.95810291328388,-0.0,4153.07,agort03,25.36916319189806,ara_deger,8.22805013324335,ara_deger,0.08964802129677224,-0.19566872316902145,105.35991057737607,0.00012304877259625147,-1.842449504072643,-1.6467807809036215,17.14111305865471,False,,,False,104.0855536191193,85.17431982840434,76.1729595321093,60.72448334163311,191.97064760023176,-1.1064228588254252,75.06653667328388,57.95810291328388,-17.10843376,False,0.13505047924429178
2025-11-12,42.1526,73.12201437159273,11.067300807067655,184.40471020999,16.914605450000003,-2.82023574,19.73484119,2025-10-31,aylık,56.20740892159272,-0.0,4158.3,agort03,25.34814159921304,ara_deger,8.254083520518655,ara_deger,1.5299181980431473,-0.1998801438754706,105.40517721200759,0.002105710353224488,0.9510203633913268,1.1509005072667975,17.094058078694385,False,,,False,105.84224765631822,78.56246255367176,71.82204751308342,56.484618941654844,186.61105934153528,1.2999668585093076,73.12201437159273,56.20740892159272,-16.914605450000003,False,0.13159974738070368
2025-11-13,42.1636,75.33088301283571,10.959617916876168,188.97579646323308,16.750218420000003,-2.98462277,19.73484119,2025-10-31,aylık,58.58066459283571,-0.0,4247.8,agort03,25.327120006528016,ara_deger,8.280116907793959,ara_deger,-0.07176788304567101,-0.1996820424098527,107.58454036372972,9.905073281649135e-05,-0.9812690330096713,-0.7815869905998185,17.04700309873406,False,,,False,108.12031349217433,80.85548297105875,74.10603150584865,58.8796505534677,191.1821455947784,1.224851506987065,75.33088301283571,58.58066459283571,-16.750218420000003,False,0.1355398040932119
2025-11-14,42.1724,74.01862063814248,10.860663538238278,187.79467350411213,16.589947340000002,-3.14489385,19.73484119,2025-10-31,aylık,57.42867329814248,-0.0,4243.59,agort03,25.306098413842996,ima,8.306150295069264,haftalik_bilanco,-0.10862966847896971,0.8470471301348341,107.388706168,0.000638703762102566,-2.581999150644241,-3.429046280779075,16.99994811877373,False,,,False,108.01315531151562,79.78151819259651,72.16557229372765,57.05023896039432,190.00102263565745,1.8530483444148302,74.01862063814248,57.42867329814248,-16.589947340000002,False,0.13315096355125308
2025-11-17,42.1661,71.5378312198662,10.731781929085214,183.34697024112617,16.928668350000002,-2.8061728400000003,19.73484119,2025-10-31,aylık,54.6091628698662,-0.0,4237.2,agort03,25.550341950767425,ara_deger,8.350486551210434,ara_deger,-1.5641548500357059,0.2762891873401446,108.26190891379173,0.0030299280190717592,1.4899046875021555,1.2136155001620108,17.19985539955699,False,,,False,107.85050904681036,75.49646119431581,69.32668902269833,54.54449854650785,185.5533193726714,2.2111421971678737,71.5378312198662,54.6091628698662,-16.928668350000002,False,0.1285384543721378
2025-11-18,42.2525,71.26322409324892,10.67717247500148,182.80306455995228,16.782920840000003,-2.95192035,19.73484119,2025-10-31,aylık,54.48030325324892,-0.0,4146.26,agort03,25.631756463075572,ara_deger,8.36526530325749,ara_deger,0.8745477772447795,0.27966428859735387,106.27592655259173,0.0016875506286120334,0.9129258583078447,0.6332615697104909,17.26649115981808,False,,,False,105.53579053158406,77.26727402836822,69.02267250458553,54.351529647442675,185.00941369149757,2.2405515886633935,71.26322409324892,54.48030325324892,-16.782920840000003,False,0.1282878443208784
2025-11-19,42.2641,72.9781379941842,10.763281650384132,184.54551833801213,16.62425193,-3.1105892600000002,19.73484119,2025-10-31,aylık,56.353886064184195,-0.0,4196.91,agort03,25.713170975383715,ara_deger,8.380044055304547,ara_deger,-1.510582011084893,0.2738569820906149,107.91586439829767,0.0029036532533770476,0.9030343429088805,0.6291773608182656,17.333126920079167,False,,,False,106.2074174940418,78.33810084397032,70.63506974003941,56.074974501944176,187.11434508246953,2.3430682541447823,72.9781379941842,56.353886064184195,-16.62425193,False,0.1311669831828326
2025-11-20,42.2756,72.27391242229561,10.691242016671556,182.86672165698457,16.599613660000003,-3.1352275300000003,19.73484119,2025-10-31,aylık,55.67429876229561,-0.0,4109.76,agort03,25.794585487691858,ara_deger,8.394822807351602,ara_deger,-1.320641987437827,0.26879932788678385,106.0095556538965,0.00252882710190816,-0.0398485374207318,-0.30864786530751565,17.399762680340256,False,,,False,104.0019910172754,78.86473063970917,69.80279286396883,55.353745244921214,185.435548401442,2.4711195583267767,72.27391242229561,55.67429876229561,-16.599613660000003,False,0.13003631785613298
2025-11-21,42.2882,71.38532406203147,11.354063521265978,180.4808522440075,16.408694320000002,-3.32614687,19.73484119,2025-10-31,aylık,54.97662974203147,-0.0,4033.86,agort03,25.876,irfcl_pdf,8.40960155939866,haftalik_bilanco,0.8127115194411759,0.04223631145059294,104.38016136000002,0.0002408171243184487,-2.7201809069892735,-2.7624172184398663,17.466398440601342,False,,,False,102.08125814766471,78.3995940963428,69.37253813120444,55.034538131204435,183.04967898846485,2.012785930827036,71.38532406203147,54.97662974203147,-16.408694320000002,True,0.1283993563823998
2025-11-24,42.2819,69.52629702071098,11.432513037493585,180.01745393356322,16.37868715,-3.35615404,19.73484119,2025-10-31,aylık,53.14760987071098,-0.0,4080.39,agort03,25.876,ara_deger,8.399250511716795,ara_deger,1.975396994660654,0.014468763456716098,105.58417164,0.00019499648658038993,-0.27128235349144325,-0.28575111694815936,17.476749488283204,False,,,False,103.25875090686083,76.75870302670239,67.56194688507375,53.20037545650232,182.58628067802064,1.9643501356372326,69.52629702071098,53.14760987071098,-16.37868715,False,0.12507416132871807
2025-11-25,42.3675,71.09035767982533,11.530275895438722,182.45208005910666,16.140870310000004,-3.5939708799999996,19.73484119,2025-10-31,aylık,54.94948736982533,2.070694320000001,4193.42,agort03,25.876,ara_deger,8.395800162489506,ara_deger,0.3134199830865683,0.014530628218331544,108.50893592,3.093238082257921e-05,2.9969159728705836,2.982385344652252,17.480199837510497,False,,,False,106.11909921057749,76.33298084852917,68.98239400483861,54.61296543341004,185.02090680356406,2.1079636749867205,71.09035767982533,54.94948736982533,-16.140870310000004,False,0.12779709382691978
2025-11-26,42.3668,72.16462213336858,11.40752386302482,184.04027476163108,14.02755084,-3.63659603,17.66414687,2025-11-21,haftalık,58.13707129336858,-0.0,4211.35,agort03,25.876,ara_deger,8.392349813262218,ara_deger,-0.840439064476496,0.014364769930975897,108.97289260000002,8.292914367791226e-05,1.4264133958358096,1.4120486259048337,17.483650186737783,False,,,False,108.98499157638528,75.0552831852458,70.26398092374217,55.886695209456455,186.45882731289598,1.9006412096264143,72.16462213336858,58.13707129336858,-14.02755084,False,0.1299001284302175
2025-11-27,42.3578,72.77249021431709,11.368955422614018,183.70675674241895,14.088013029999999,-3.57613384,17.66414687,2025-11-21,haftalık,58.68447718431709,-0.0,4163.28,agort03,25.876,ara_deger,8.38889946403493,ara_deger,0.7143480568941795,0.014505716696925474,107.72903328000001,7.047338296750638e-05,0.09940753244686984,0.08490181574994436,17.48710053596507,False,,,False,107.74099415392529,75.96576258849366,70.90420234289789,56.51905948575503,186.1253092936838,1.8682878714191986,72.77249021431709,58.68447718431709,-14.088013029999999,False,0.13085091950465738
2025-11-28,42.3624,73.92629057843747,11.33069450739335,183.2505670689644,14.46631872,-3.19782815,17.66414687,2025-11-21,haftalık,59.45997185843747,-0.0,4204.13,agort03,25.876,irfcl_pdf,8.385449114807642,haftalik_bilanco,1.7637471512628,0.5287197154880015,108.78606788,0.006192388809888483,0.5936724965373799,0.0649527810493784,17.49055088519236,False,,,False,108.7981461137233,74.45242095524108,72.1163871499254,57.7233871499254,185.66911962022925,1.8099034285120723,73.92629057843747,59.45997185843747,-14.46631872,True,0.1330850212586671
2025-12-01,42.3547,76.36416928935867,11.454589620514371,187.56904327635286,14.42288267,-3.2412642000000003,17.66414687,2025-11-21,haftalık,61.94128661935867,-0.0,4304.97,agort03,25.915095948748547,ara_deger,8.301728942773002,ara_deger,-0.8230726401892458,0.28531346125392504,111.56371060648404,0.001565517449039433,0.4009226524162436,0.11560919116231855,17.613367005975547,False,,,False,111.40777166148416,76.1612716148687,74.46798943210553,60.03557007726681,189.9875958276177,1.896179857253145,76.36416928935867,61.94128661935867,-14.42288267,False,0.13731908549828828
2025-12-02,42.416,76.26497948887213,11.339856327800831,186.75856273541942,14.86057615,-2.80357072,17.66414687,2025-11-21,haftalık,61.40440333887213,0.07331871999999962,4258.24,agort03,25.954191897497093,ara_deger,8.273822218761456,ara_deger,0.1014853219559387,0.28569805659559827,110.51917810559802,0.00019229767082147575,0.7339347893789111,0.44823673278331283,17.680369678735637,False,,,False,110.1984519287703,76.56011080664912,74.32912820633723,59.953289496659806,189.17711528668428,1.9358512825348981,76.26497948887213,61.40440333887213,-14.86057615,False,0.13712203671598436
2025-12-03,42.3574,77.41797334113993,11.365866908733777,187.4565139141019,15.15213931,-2.4386888399999997,17.59082815,2025-11-28,haftalık,62.265834031139924,-0.0,4263.98,agort03,25.993287846245643,ara_deger,8.245915494749909,ara_deger,-0.5893902357931577,0.2834728978332054,110.83485951063449,0.0011125793811812557,1.191277955477919,0.9078050576447135,17.747372351495734,False,,,False,109.16104881274342,78.29546510135847,75.45337936228381,61.134121297767685,189.88400709203117,1.964593978856115,77.41797334113993,62.265834031139924,-15.15213931,False,0.13920519223940372
2025-12-04,42.3702,78.38502959627286,11.33999655418195,187.46664050565028,15.5431782,-2.04764995,17.59082815,2025-11-28,haftalık,62.84185139627286,-0.09600000000000009,4230.77,agort03,26.03238379499419,ara_deger,8.218008770738363,ara_deger,-0.4286138630836023,0.2818608135266275,110.13702838834757,0.0008060421533039319,1.6359614283277049,1.3541006148010775,17.814375024255824,False,,,False,108.31084819475949,79.15579231089079,76.47590896431927,62.21323154496444,189.8941336835795,1.9091206319535843,78.38502959627286,62.84185139627286,-15.5431782,False,0.1409015527357012
2025-12-05,42.3771,79.69620856547523,11.391163718140222,186.56287473304155,15.59584244,-2.09098571,17.68682815,2025-11-30,aylık,64.10036612547523,-0.0,4206.71,agort03,26.071479743742735,ima,8.190102046726816,haftalik_bilanco,-0.02753732165340387,-1.2534078014672065,109.6751545528,0.0002295089157227266,0.09782605124445246,1.351233852711659,17.88137769701592,False,,,False,107.69489435950823,78.86798037353333,77.57521375931813,63.369116985124585,188.9903679109708,2.1209948061571,79.69620856547523,64.10036612547523,-15.59584244,False,0.14323518760679663
2025-12-08,42.3606,79.41410246785928,11.377332780933225,187.02998199947615,15.25727855,-2.4295495999999996,17.68682815,2025-11-30,aylık,64.15682391785928,-0.0,4205.17,agort03,25.9983972664452,ara_deger,8.415083096341913,ara_deger,0.29364134664072167,-0.4194618207888725,109.32768023293735,0.0008296101499067898,0.22337244520031768,0.6428342659891901,17.583314170103286,False,,,False,107.65546921793354,79.3745127815426,77.2571530620435,63.22079822333382,189.45747517740543,2.15694940581578,79.41410246785928,64.15682391785928,-15.25727855,False,0.14278366276277601
2025-12-09,42.4735,79.31496921609944,11.358930627332334,187.3375124844249,14.659533660000001,-3.02729449,17.68682815,2025-11-30,aylık,64.65543555609943,-0.0,4221.87,agort03,25.974036440679356,ara_deger,8.490076779546946,ara_deger,-0.42451054057229043,-0.41704949331107455,109.65900522781095,0.0012061637389064184,0.6888502457320571,1.1058997390431315,17.48395966113241,False,,,False,108.08300159734733,79.25451088707757,77.21685095412433,63.23707676057594,189.76500566235416,2.0981182619751166,79.31496921609944,64.65543555609943,-14.659533660000001,False,0.14259918084679543
2025-12-10,42.497,78.6301508577076,11.345161893780737,187.45978356340763,13.724144330000001,-3.96268382,17.68682815,2025-11-30,aylık,64.9060065277076,-0.0,4197.59,agort03,25.94967561491351,ara_deger,8.56507046275198,ara_deger,0.36073055690735173,-0.4191110993721903,108.9260988644048,0.0010308030305727356,0.4455116650731544,0.8646227644453447,17.38460515216153,False,,,False,109.43738265753707,78.02240090587055,76.53187356754594,62.60868001915885,190.0119846106784,2.0982772901616613,78.6301508577076,64.9060065277076,-13.724144330000001,False,0.14147428349259497
2025-12-11,42.5179,79.0769009523048,11.362799056397423,188.67168529236497,13.34701504,-4.33981311,17.68682815,2025-11-30,aylık,65.7298859123048,-0.0,4218.34,agort03,25.925314789147667,ara_deger,8.64006414595701,ara_deger,1.9316267593765561,-0.4302139657497315,109.36179238765317,0.005551433188748289,0.4363625927078336,0.8665765584575651,17.285250643190658,False,,,False,109.97836586221972,78.69331943014525,77.01201635076052,63.14540344753471,191.2238863396358,2.0648846015442786,79.0769009523048,65.7298859123048,-13.34701504,False,0.14220828071573377
2025-12-12,42.5343,81.58014388387724,11.470506555885484,190.73427109403636,13.374561120000001,-4.31226703,17.68682815,2025-11-30,aylık,68.20558276387725,-0.0,4330.09,agort03,25.90095396338182,ima,8.715057829162044,haftalik_bilanco,0.459550862629033,0.4148571564608502,112.15346174729999,0.001273090798099008,-1.2041509441778186,-1.619008100638669,17.185896134219774,False,,,False,112.89185372358297,77.84241737045339,79.60532826448302,65.79529600641851,193.28647214130712,1.9748156193942208,81.58014388387724,68.20558276387725,-13.374561120000001,False,0.1466535328168422
2025-12-15,42.5344,81.3522005717725,11.356834985329522,190.22970385793533,14.004889460000001,-3.68193869,17.68682815,2025-11-30,aylık,67.3473111117725,-0.0,4356.83,agort03,25.96228393582211,ara_deger,8.681167846621113,ara_deger,-0.9903807630721004,0.1364667002802921,113.11325752010784,0.0009095092699957785,0.45457403259460416,0.3181073323143121,17.281116089201,False,,,False,113.58900509193064,76.64069876600469,79.46049510513843,65.8202047825578,192.78190490520615,1.8917054666340647,81.3522005717725,67.3473111117725,-14.004889460000001,False,0.1462434245569855
2025-12-16,42.6211,81.2801246096417,11.30983665367623,189.84230165209644,14.51561856,-3.17120959,17.68682815,2025-11-30,aylık,66.76450604964171,-0.0,4299.52,agort03,25.982727259968875,ara_deger,8.669871185774134,ara_deger,0.02943185532612791,0.13652065825478144,111.7132555087814,2.6978987244678787e-05,0.6877037629552847,0.5511831047005032,17.31285607419474,False,,,False,112.09484858781677,77.74745306427967,79.39091635363705,65.8072066762177,192.39450269936722,1.8892082560046504,81.2801246096417,66.76450604964171,-14.51561856,False,0.1460071843879372
2025-12-17,42.6317,81.90236101304897,11.314030568802089,190.85531989985515,14.41652543,-3.27030272,17.68682815,2025-11-30,aylık,67.48583558304898,-0.0,4301.22,agort03,26.00317058411564,ara_deger,8.658574524927158,ara_deger,0.5794829543374846,0.13758109115340694,111.84535737980988,0.0005302164493203865,-0.11998783320151185,-0.2575689243549188,17.344596059188483,False,,,False,111.40570120637717,79.44961869347797,80.0147888073898,66.48765977513175,193.33726677566224,1.8875722056591684,81.90236101304897,67.48583558304898,-14.41652543,False,0.14727984653645754
2025-12-18,42.6516,82.13471077286667,11.3340326974838,191.9625033910059,14.16937794,-3.51745021,17.68682815,2025-11-30,aylık,67.96533283286666,-0.0,4334.63,agort03,26.0236139082624,ara_deger,8.64727786408018,ara_deger,0.007645587859433223,0.13759505674681957,112.80273755517145,6.982796698616796e-06,0.2650995583244465,0.1275045015776269,17.37633604418222,False,,,False,112.27105207829375,79.69145131271215,80.2374170019413,66.76686861484453,194.44445026681296,1.8972937709253728,82.13471077286667,67.96533283286666,-14.16937794,False,0.14782075800538064
2025-12-19,42.6585,82.37836717184149,11.320533680274742,192.23787892678791,14.15378821,-3.53303994,17.68682815,2025-11-30,aylık,68.22457896184149,-0.0,4335.07,agort03,26.044057232409166,ima,8.635981203233204,haftalik_bilanco,1.5559338354877492,-1.099358723207468,112.90281118649999,0.011104282191038761,-1.2690696933548842,-0.1697109701474162,17.408076029175962,False,,,False,112.28244849803764,79.95543042875028,80.4280314357045,67.01406369376902,194.71982580259504,1.9503357361369922,82.37836717184149,68.22457896184149,-14.15378821,False,0.14823533734361827
2025-12-22,42.6532,82.32665488169704,11.41882137799743,193.06668999082893,13.71692408,-3.96990407,17.68682815,2025-11-30,aylık,68.60973080169704,-0.0,4424.45,agort03,25.92013902148639,ara_deger,8.76053652533882,ara_deger,0.5118709424600808,-0.36892356289922973,114.68235909361545,0.0012353275817060805,1.3563972888704852,1.725320851769715,17.15960249614757,False,,,False,114.5974757632847,78.46921422754423,80.44335735654066,67.19913155008905,195.54863686663606,1.8832975251563795,82.32665488169704,68.60973080169704,-13.71692408,False,0.14816065865521133
2025-12-23,42.734,83.80747468058219,11.45879311555202,195.8210039829939,13.28950391,-4.39732424,17.68682815,2025-11-30,aylık,70.5179707705822,-0.0,4454.28,agort03,25.878832951178797,ara_deger,8.802054966040691,ara_deger,0.8685249283241341,-0.3731360175291711,115.27156803777669,0.0021062273149706767,-1.2029853098216023,-0.8298492922924312,17.076777985138108,False,,,False,115.37010122001239,80.4509027629815,82.10745640473627,68.91981124344595,198.30295085880093,1.7000182758459204,83.80747468058219,70.5179707705822,-13.28950391,False,0.15073638902162015
2025-12-24,42.7474,83.45150753028254,11.406719636749838,195.89053517236192,13.320070620000001,-4.36675753,17.68682815,2025-11-30,aylık,70.13143691028255,-0.0,4505.14,agort03,25.837526880871206,ara_deger,8.843573406742562,ara_deger,-0.8632928364857382,-0.36892853236992196,116.40167585208812,0.002103742579640522,1.5249447126585356,1.8938732450284577,16.993953474128645,False,,,False,117.33212400001582,78.5584111723461,81.94202576063105,68.81096124450202,198.29791168585695,1.5094817696514866,83.45150753028254,70.13143691028255,-13.320070620000001,False,0.15004917943581939
2025-12-25,42.7434,84.1168002311468,11.396604411441299,196.47943216340008,13.33382667,-4.35300148,17.68682815,2025-11-30,aylık,70.7829735611468,-0.0,4454.34,agort03,25.79622081056361,ara_deger,8.885091847444436,ara_deger,1.4266228393287281,-0.3759156081186486,114.90513820532591,0.0034935378743792267,-2.8719774554249655,-2.4960618473063167,16.911128963119175,False,,,False,116.00908589260945,80.47034627079063,82.5678439946284,69.49336012366066,198.88680867689513,1.5489562365183929,84.1168002311468,70.7829735611468,-13.33382667,False,0.15125953091980518
2025-12-26,42.7641,82.08606693464846,11.36213160103919,194.3641724726873,12.7829208,-4.903907350000001,17.68682815,2025-11-30,aylık,69.30314613464846,-0.0,4538.7,agort03,25.75491474025602,ima,8.926610288146307,haftalik_bilanco,-0.48145779037485337,1.6719191269268519,116.8938315316,0.005302954732763265,-0.6859529578768351,-2.357872084803687,16.828304452109712,False,,,False,118.20616256073546,76.15800991195184,79.77350551046321,66.75560228465676,196.77154898618235,2.3125614241852475,82.08606693464846,69.30314613464846,-12.7829208,False,0.1475365280995965
2025-12-29,42.7656,80.81556856445367,11.274153759096095,192.89705814894393,12.76781102,-4.91901713,17.68682815,2025-11-30,aylık,68.04775754445367,-0.0,4510.09,agort03,25.95476589610241,ara_deger,8.755755066309133,ara_deger,-1.530883953959903,0.5463075174164285,117.05833012035252,0.00549942911293555,0.11813642263470103,-0.42817109478172743,17.199010829793274,False,,,False,117.46104208331626,75.43601606562767,78.65755163028228,65.8093903399597,195.30443466243898,2.1580169341713855,80.81556856445367,68.04775754445367,-12.76781102,False,0.145247925650239
2025-12-30,42.8542,79.47712345581064,11.145220071778262,191.01169505941965,12.97104713,-4.7157810200000005,17.68682815,2025-11-30,aylık,66.50607632581064,-0.0,4421.08,agort03,26.021382948051205,ara_deger,8.69880332569674,ara_deger,0.29084611185933085,0.548382237443515,115.04261572397021,0.0010373600135511474,-2.6200629431334796,-3.1684451805769944,17.322579622354464,False,,,False,115.1428605490595,75.86883451036014,77.25978867882262,64.46820803366133,193.41907157291467,2.217334776988025,79.47712345581064,66.50607632581064,-12.97104713,False,0.14310195644536614
2025-12-31,42.8623,77.16274665615238,11.08462553339415,183.2494937393053,13.046481700000001,-4.64034645,17.68682815,2025-11-30,aylık,64.11626495615238,-0.0,4437.87,agort03,26.088,evds_aylik,8.64185158508435,ara_deger,1.540320443552902,0.6015424205803653,115.77515256000001,0.005867024178667801,-2.368495873109877,-2.9700382936902425,17.44614841491565,False,,,False,114.29696347833998,68.95253026096533,74.78554879229533,62.05054879229533,186.1491729561876,2.377197863857049,77.16274665615238,64.11626495615238,-13.046481700000001,True,0.13872923629420997
2026-01-02,42.8457,78.46397624499075,11.67733504178949,188.38477952693563,14.58317721,-3.10365094,17.68682815,2025-11-30,aylık,63.880799034990744,0.31148170000000164,4526.16,agort03,26.107,irfcl_pdf,8.527948103859567,haftalik_bilanco,0.16752836457021386,-0.6455351765031634,118.16445912,0.0006781713732723071,2.3086333114368083,2.9541684879399717,17.579051896140435,False,,,False,116.57086490075719,71.81391462617844,76.88526661952073,62.613266619520736,191.28445874381794,1.5787096254700117,78.46397624499075,63.880799034990744,-14.58317721,True,0.14112324577587843
2026-01-05,42.881,80.65650043142651,11.895762482218233,190.91175470490123,14.08111228,-3.29423417,17.37534645,2025-12-31,aylık,66.57538815142651,-0.0,4535.69,agort03,26.107,ara_deger,8.670271581985972,ara_deger,0.03156047843661237,-0.2152642606661961,118.41325882999999,4.293424923480782e-05,1.3713083604990834,1.5865726211652795,17.436728418014027,False,,,False,116.81630923823181,74.09544546666942,78.97159413259952,65.31930841831381,193.81143392178353,1.6849062988269878,80.65650043142651,66.57538815142651,-14.08111228,False,0.14494745667430758
2026-01-06,42.9648,81.49655217759656,11.917149899452577,192.2872250861751,13.49690777,-3.8784386800000004,17.37534645,2025-12-31,aylık,67.99964440759655,-0.00030449000000132287,4537.5,agort03,26.107,ara_deger,8.717712741361442,ara_deger,-0.6075816968168242,-0.21360666655761723,118.4605125,0.0008287970542893985,2.26894052242851,2.482547188986127,17.389287258638557,False,,,False,116.8629256339117,75.42429945226341,79.83740943749302,66.39169515177873,195.18690430305742,1.6591427401035332,81.49655217759656,67.99964440759655,-13.49690777,False,0.14654997046031057
2026-01-07,42.9663,82.96606903549991,11.946357121744251,194.20915738650865,13.27585858,-4.09979236,17.37565094,2026-01-02,haftalık,69.69021045549991,-0.0,4502.56,agort03,26.107,ara_deger,8.76515390073691,ara_deger,0.16561463024794987,-0.2140597296296369,117.54833392,0.00022653153601784326,0.4020013193012272,0.6160610489308641,17.341846099263087,False,,,False,113.92894383608485,80.2802135504238,81.32383947419257,68.08469661704972,196.40374265412663,1.6422295613073459,82.96606903549991,69.69021045549991,-13.27585858,False,0.14918730832497776
2026-01-08,42.9743,83.28723932676041,11.932378933455578,194.8525378734222,13.04339111,-4.33225983,17.37565094,2026-01-02,haftalık,70.24384821676041,-0.0,4512.11,agort03,26.107,ara_deger,8.812595060112379,ara_deger,0.1677557279169225,-0.21451990887557895,117.79765576999998,0.0002300896229710525,1.7026962948235274,1.9172162036991063,17.29440493988762,False,,,False,114.17058890325431,80.68194897016788,81.60004314206398,68.56747171349255,197.0471231410401,1.6871961846964325,83.28723932676041,70.24384821676041,-13.04339111,False,0.1497369981647879
2026-01-09,42.9747,84.80300160326891,11.764250617223622,196.41311354121615,12.85682968,-4.518821259999999,17.37565094,2026-01-02,haftalık,71.9461719232689,-0.0,4521.81,agort03,26.107,irfcl_pdf,8.860036219487847,haftalik_bilanco,0.9170210642098168,-0.6276944178556909,118.05089367000001,0.003647503617216552,1.6736719627400265,2.3013663805957174,17.246963780512154,False,,,False,114.41602944268303,81.99708409853312,82.92592353175242,70.09992353175241,198.60769880883404,1.8770780715164932,84.80300160326891,71.9461719232689,-12.85682968,True,0.15246067727459967
2026-01-12,42.9863,87.67689819779791,11.790311424802786,199.69237971890107,13.11397244,-4.2616785,17.37565094,2026-01-02,haftalık,74.56292575779791,-0.0,4574.98,agort03,26.060676244630084,ara_deger,8.950914029557714,ara_deger,0.34270853716791083,-0.2101475217371499,119.22707260565772,0.00045802455929316865,0.823070209960622,1.0332177316977718,17.109762215072372,False,,,False,115.76139784282972,83.93098187607134,85.99546736983645,73.45174009710918,201.88696498651896,1.6814308279614636,87.67689819779791,74.56292575779791,-13.11397244,False,0.15778820286016165
2026-01-13,43.0609,88.46921708556951,11.279106335445846,200.89057214897116,13.25171767,-4.12393327,17.37565094,2026-01-02,haftalık,75.2174994155695,0.03082968000000008,4595.01,agort03,26.04523499284011,ara_deger,8.981206632914335,ara_deger,1.0733273838393251,-0.21302418122588718,119.67811524445025,0.0014383297443603116,0.9115531753374513,1.1245773565633383,17.06402835992578,False,,,False,116.26821990517578,84.62235224379538,87.1231680480436,74.67353168440724,203.08515741658908,1.3460490375259155,88.46921708556951,75.2174994155695,-13.25171767,False,0.15914348542115092
2026-01-14,43.0765,94.05561380334986,14.840703214049423,205.51320214357142,13.291636950000001,-4.05318431,17.34482126,2026-01-09,haftalık,80.76397685334986,-0.0,4657.91,agort03,26.02979374105014,ara_deger,9.011499236270957,ara_deger,-1.0238205974075132,-0.21027283250023523,121.24443656437485,0.001375674362809498,0.6867898548843516,0.8970626873845868,17.01829450477918,False,,,False,120.24154915430155,85.27165298926987,92.63978902649936,80.28424357195391,208.04563692500548,1.4158247768504992,94.05561380334986,80.76397685334986,-13.291636950000001,False,0.16913145288953185
2026-01-15,43.0925,93.09802035156929,14.614110204792016,204.55831725198246,12.89766725,-4.44715401,17.34482126,2026-01-09,haftalık,80.20035310156929,-0.0,4597.75,agort03,26.01435248926017,ara_deger,9.041791839627578,ara_deger,0.9699818411264964,-0.21288652232187938,119.60748915749595,0.001306844910813898,-0.802635654853803,-0.5897491325319235,16.97256064963259,False,,,False,118.68854971955017,85.86976753243229,91.38929003886987,79.12783549341533,207.09075203341646,1.7087303126994158,93.09802035156929,80.20035310156929,-12.89766725,False,0.1673474552822709
2026-01-16,43.1147,92.78500940514489,14.587184742094925,205.0868813914722,12.44423558,-4.90058568,17.34482126,2026-01-09,haftalık,80.3407738251449,-0.0,4654.9,agort03,25.998911237470196,ima,9.0720844429842,haftalik_bilanco,0.18094777843306392,-0.0036761208252162657,121.0223319193,4.211442885204697e-06,1.3651727134399763,1.3688488342651925,16.926826794485997,False,,,False,120.16384755359341,84.92303383787878,91.01430347422108,78.84693983785745,207.61931617290622,1.7707059309238105,92.78500940514489,80.3407738251449,-12.44423558,False,0.1669135132750124
2026-01-19,43.0883,93.99428088367377,14.646559158750753,206.66427690131977,12.04801215,-5.29680911,17.34482126,2026-01-09,haftalık,81.94626873367376,-0.0,4665.59,agort03,26.00840581320573,ara_deger,9.082366940681418,ara_deger,0.7000609677676,-0.00123623642584494,121.34455807803452,5.431408722444964e-06,-0.6102597522048985,-0.6090235157790536,16.926038872524312,False,,,False,120.43980440129108,86.22447250002868,92.27857852363636,80.39348761454545,209.1967116827538,1.7157023600374117,93.99428088367377,81.94626873367376,-12.04801215,False,0.1691923185994029
2026-01-20,43.1943,94.04868244189628,14.707191041410558,207.69113531925055,11.95198061,-5.39284065,17.34482126,2026-01-09,haftalık,82.09670183189627,-0.0,4706.95,agort03,26.01157067178424,ara_deger,9.085794439913823,ara_deger,3.0782909232902713,-0.0012840028815685866,122.43516257355483,2.388322786206487e-05,-0.24816685702282504,-0.24688285414125646,16.92577623187042,False,,,False,121.50749151268265,86.1836438065679,92.24365467202848,80.45265467202849,210.2235701006846,1.8050277698677917,94.04868244189628,82.09670183189627,-11.95198061,False,0.16909249826054276
2026-01-21,43.2061,97.12849062979532,14.726909603042163,212.16058992971205,12.18194617,-5.162875089999999,17.34482126,2026-01-09,haftalık,84.94654445979532,-0.0,4888.82,agort03,26.014735530362753,ara_deger,9.089221939146228,ara_deger,0.09647542746994651,-0.0012854999333131699,127.18135935554803,7.485258635975267e-07,-0.3686121683517395,-0.3673266684184263,16.925513591216525,False,,,False,127.10399723596903,85.05659269374301,95.40333355706717,83.70642446615808,214.6028704280183,1.7251570727281518,97.12849062979532,84.94654445979532,-12.18194617,False,0.17458215574377775
2026-01-22,43.2165,94.86019800307753,12.87638355720616,212.16819309395595,12.03631633,-5.30850493,17.34482126,2026-01-09,haftalık,82.82388167307752,-0.0,4894.52,agort03,26.017900388941264,ara_deger,9.092649438378634,ara_deger,1.3340482799233413,-0.0013062012696356822,127.34513381168081,1.0350668169678556e-05,0.9343679457353169,0.9356741470049525,16.925250950562628,False,,,False,127.25219103002263,84.91600206393332,94.68094211701549,83.07812393519731,214.6104735922622,0.17925588606203746,94.86019800307753,82.82388167307752,-12.03631633,False,0.17068280018754303
2026-01-23,43.2247,97.42236350975253,13.0079305582225,215.53573309114608,12.19851861,-5.14630265,17.34482126,2026-01-09,haftalık,85.22384489975252,-0.0,4973.34,agort03,26.021065247519775,ima,9.09607693761104,haftalik_bilanco,2.5221617579425915,-1.1710400787145276,129.41160463810002,0.017033983606193015,0.8882886494897746,2.059328728204302,16.924988309908734,False,,,False,129.30142521376,86.23430787738607,97.36623874775302,85.85751147502575,217.97801358945233,0.056124761999512884,97.42236350975253,85.22384489975252,-12.19851861,False,0.17525973307397963
2026-01-26,43.2036,96.53463984482774,8.759609615865344,214.94191327258318,12.14866548,-5.19615578,17.34482126,2026-01-09,haftalık,84.38597436482773,-0.0,5122.36,agort03,25.89383768551219,ara_deger,9.197462764493444,ara_deger,1.3859660821937696,-0.3966724253754409,132.6375584067602,0.003162866235292938,-1.0148893987279963,-0.6182169733525554,16.696374921018744,False,,,False,133.17578296636782,81.76613030621536,94.8453298567712,83.61887531131666,217.38419377088945,1.6893099880565359,96.53463984482774,84.38597436482773,-12.14866548,False,0.1735247699918896
2026-01-27,43.2978,96.63974751604007,8.707426543611916,216.3349932430848,11.93487954,-5.40994172,17.34482126,2026-01-09,haftalık,84.70486797604008,-0.0,5205.37,agort03,25.851428498176325,ara_deger,9.231258040120913,ara_deger,2.831744642643483,-0.4096561417751335,134.56625036155208,0.006491858199846323,0.678429970376059,1.0880861121511924,16.620170458055412,False,,,False,135.33395258819021,81.00104065489458,95.12075518848532,83.98839155212168,218.77727374139099,1.5189923275547557,96.63974751604007,84.70486797604008,-11.93487954,False,0.17378123991374672
2026-01-28,43.3158,103.11479679470308,12.183114129255374,224.50059157128496,11.42406662,-5.92075464,17.34482126,2026-01-09,haftalık,91.69073017470308,-0.0,5375.75,agort03,25.809019310840462,ara_deger,9.265053315748382,ara_deger,4.593597598197264,-0.43081507296149213,138.74283556025063,0.010579465593198556,-2.0371138417678436,-1.6062987688063515,16.54396599509208,False,,,False,139.88274150435444,84.61785006693052,101.77857631626334,90.74030358899061,226.8646158907373,1.336220478439742,103.11479679470308,91.69073017470308,-11.42406662,False,0.1855852004467547
2026-01-29,43.3327,105.85381972505752,12.426796553180392,231.16808238056862,11.36292337,-5.98189789,17.34482126,2026-01-09,haftalık,94.49089635505752,-0.0,5653.41,agort03,25.766610123504602,ara_deger,9.29884859137585,ara_deger,-7.475046314663886,-0.39622434313321653,145.66921133832216,0.017295364914158284,-2.65817326259772,-2.2619489194645035,16.467761532128755,False,,,False,147.10775048098077,84.06033189958785,104.81524456126667,93.87106274308485,233.532106700021,1.0385751637908527,105.85381972505752,94.49089635505752,-11.36292337,False,0.19044070416870712
2026-01-30,43.3443,95.24950962410283,11.955041539487315,218.25600295056935,11.363587859999999,-5.9812334,17.34482126,2026-01-09,haftalık,83.88592176410283,-0.0,5199.49,agort03,25.72420093616874,ima,9.332643867003318,haftalik_bilanco,-3.9449560398360437,2.54389762961052,133.7527255256,0.06173241240036598,-5.018801574523918,-7.562699204134438,16.391557069165422,False,,,False,135.2962685438266,82.95973440674274,93.3601975807661,82.51010667167519,220.62002727002167,1.88931204333673,95.24950962410283,83.88592176410283,-11.363587859999999,False,0.17131680196495355
2026-02-02,43.3414,85.70509224436682,11.514217584111266,203.6905224187702,11.22375205,-6.12106921,17.34482126,2026-01-09,haftalık,74.48134019436682,-0.0,4958.82,agort03,26.05239938422122,ara_deger,9.147837682983953,ara_deger,2.992614557970045,-0.6147522395417628,129.18915911446388,0.01059509029333805,1.6289593967988143,2.243711636340577,16.90456170123727,False,,,False,129.03377877070602,74.65674364806418,83.36612728245973,72.4540558538883,206.05454673822257,2.338964961907095,85.70509224436682,74.48134019436682,-11.22375205,False,0.1541604049859047
2026-02-03,43.4168,90.95612689097308,11.811087965948664,208.50481990674584,11.556342359999999,-5.7884789,17.34482126,2026-01-09,haftalık,79.39978453097308,-0.0,5135.85,agort03,25.871099076331834,ara_deger,9.086235621644164,ara_deger,0.4223071645199394,-0.6177638474249507,132.87008419117888,0.0015058039415939417,2.2840281620434957,2.9017920094684464,16.78486345468767,False,,,False,133.64028795147445,74.86453195527139,88.84963613163568,77.85952898877854,210.86884422619815,2.1064907593374045,90.95612689097308,79.39978453097308,-11.556342359999999,False,0.16373947262020408
2026-02-04,43.4142,95.38850217210036,12.700051250512505,212.83672284095493,12.39341903,-4.951402229999999,17.34482126,2026-01-09,haftalık,82.99508314210036,0.6075878599999989,5161.01,agort03,25.689798768442447,ara_deger,9.024633560304375,ara_deger,-1.5840239530335265,-0.6063865290904292,132.58530834191916,0.005688659167269794,-0.6101288083897862,-0.0037422792993569987,16.66516520813807,False,,,False,132.76285827357623,80.0738645673787,93.37256109752109,82.30441824037823,215.29891507847663,2.015941074579274,95.38850217210036,82.99508314210036,-12.39341903,False,0.17150998495963216
2026-02-05,43.4245,92.78588798949902,12.486512199334475,208.981261711286,12.19849666,-4.53873674,16.7372334,2026-01-31,aylık,80.58739132949901,-0.0,5065.96,agort03,25.508498460553056,ara_deger,8.963031498964588,ara_deger,0.19854560353906162,-0.6078229080489884,129.22503286122335,0.0007181894792976096,-0.3803076322553398,0.2275152757936486,16.545466961588467,False,,,False,130.3177729745934,78.66348873669261,90.58723349721932,79.44105492579075,211.44345394880767,2.198654492279701,92.78588798949902,80.58739132949901,-12.19849666,False,0.16679094494774938
2026-02-06,43.4555,93.23860556201171,12.494646730563451,207.49475434001167,12.82484173,-3.91239167,16.7372334,2026-01-31,aylık,80.41376383201171,-0.0,5077.96,agort03,25.32719815266367,ima,8.901429437624799,haftalik_bilanco,2.0282539209329924,1.4605413527813746,128.6104991313,0.017336319004106926,-1.6139006453833487,-3.0744419981647235,16.42576871503887,False,,,False,130.62646338582744,76.86829095418423,91.26278560826593,80.03857132255165,209.95694657753333,1.9758199537457841,93.23860556201171,80.41376383201171,-12.82484173,False,0.16769918581667542
2026-02-09,43.4542,94.51002335792629,12.61570099092838,209.8929417656357,13.56085199,-3.17638141,16.7372334,2026-01-31,aylık,80.94917136792628,-0.0,5201.44,agort03,25.62040763025172,ara_deger,8.913843336915036,ara_deger,-0.11861660648268134,0.48618256805848675,133.26301306429647,0.0003322747676523796,1.7863891066822761,1.3002065386237893,16.706564293336683,False,,,False,133.80288771742553,76.09005404821016,92.69730230909785,81.23898088052643,212.35513400315736,1.8127210488284362,94.51002335792629,80.94917136792628,-13.56085199,False,0.16999103724633158
2026-02-10,43.5182,99.14552426341163,14.928116466214135,214.754858582595,14.21616492,-2.52106848,16.7372334,2026-01-31,aylık,84.92935934341163,-0.0,5194.34,agort03,25.71814412278107,ara_deger,8.917981303345115,ara_deger,-0.5633094593356833,0.48304420947837823,133.58878474272663,0.001569179290054179,0.8121938947641965,0.3291496852858182,16.800162819435954,False,,,False,133.62024589077873,81.13461269181627,97.52370339306313,85.98734625020599,217.21705082011664,1.6218208703485004,99.14552426341163,84.92935934341163,-14.21616492,False,0.17829392893600463
2026-02-11,43.545,99.40608030772763,14.969622735101618,214.90666611453585,14.18633026,-2.55090314,16.7372334,2026-01-31,aylık,85.21975004772763,-0.0,5160.81,agort03,25.81588061531042,ara_deger,8.922119269775195,ara_deger,-0.651254499870386,0.4794359862972513,133.2308548383002,0.0018041115905634841,0.6928106568886687,0.2133746705914174,16.893761345535225,False,,,False,130.7088574982482,84.19780861628766,98.28470448960844,86.67031163246558,217.38154927086921,1.1213758181191906,99.40608030772763,85.21975004772763,-14.18633026,False,0.17865266568230093
2026-02-12,43.5633,97.11183969074887,12.680776571104577,214.76747568700497,14.13937965,-2.59785375,16.7372334,2026-01-31,aylık,82.97246004074887,-0.0,5122.26,agort03,25.91361710783977,ara_deger,8.926257236205274,ara_deger,-0.6781354060756503,0.47569953313536845,132.73628436680332,0.0018682265809415455,-0.4221413024477222,-0.8978408355830907,16.987359871634496,False,,,False,129.732494009463,85.03498167754196,98.26192958292876,86.5695010115002,217.2423588433383,-1.150089892179892,97.11183969074887,82.97246004074887,-14.13937965,False,0.17445627076293527
2026-02-13,43.5702,95.54391519892037,12.604392887799458,211.80141734263154,13.74811555,-2.98911785,16.7372334,2026-01-31,aylık,81.79579964892038,-0.0,5082.34,agort03,26.01135360036912,ima,8.930395202635353,haftalik_bilanco,-2.030755143906573,-1.0596261305541892,132.1985428573,0.012690663818673453,3.2554884047488386,4.315114535303028,17.080958397733767,False,,,False,128.72143225920865,83.07998508342288,95.86889502458102,84.09843073886674,214.2763004989649,-0.3249798256606482,95.54391519892037,81.79579964892038,-13.74811555,False,0.17183094440647959
2026-02-16,43.5433,96.71261829029953,12.648777768336345,213.12708013078546,13.6477005,-3.0895329,16.7372334,2026-01-31,aylık,83.06491779029953,-0.0,4963.45,agort03,25.732279167695147,ara_deger,8.86480657732404,ara_deger,2.4444341277965824,-0.36352149791908606,127.72088103489648,0.00515639386716682,-5.606149934391701,-5.242628436472615,16.867472590371108,False,,,False,125.71028167083847,87.41679845994699,96.80916154724147,84.80459011867005,215.60196328711876,-0.09654325694194199,96.71261829029953,83.06491779029953,-13.6477005,False,0.17381874786995352
2026-02-17,43.6375,93.29946378688054,12.567413921512461,207.5618080381668,13.47762565,-3.2596077500000002,16.7372334,2026-01-31,aylık,79.82183813688053,-0.0,5108.37,agort03,25.63925435680382,ara_deger,8.842943702220271,ara_deger,0.2507689180729373,-0.36458394562037616,130.97479777866593,0.0005312238506541278,0.2378055293030335,0.6023894749234097,16.79631065458355,False,,,False,129.3806992271225,78.18110881104428,91.12293080492695,79.04032366206981,210.03669119450012,2.176532981953585,93.29946378688054,79.82183813688053,-13.47762565,False,0.16774913255409896
2026-02-18,43.6524,91.99822337374349,10.83420703099944,206.03155296348,13.42101768,-3.31621572,16.7372334,2026-01-31,aylık,78.57720569374348,-0.0,5123.3,agort03,25.546229545912496,ara_deger,8.8210808271165,ara_deger,0.7063030303947475,-0.36758911416868456,130.8809978325735,0.0015025842741539508,0.7132522638809327,1.0808413780496173,16.725148718795996,False,,,False,133.26396790077112,72.76758506270889,89.81469806929286,77.65405521215,208.5233950252449,2.183525304450626,91.99822337374349,78.57720569374348,-13.42101768,False,0.16556318454174698
2026-02-19,43.6747,93.23174174064161,10.75620645362189,207.8214049668352,13.31298133,-3.42425207,16.7372334,2026-01-31,aylık,79.91876041064161,-0.0,5165.53,agort03,25.453204735021174,ara_deger,8.79921795201273,ara_deger,0.9417829525791305,-0.3716133216374522,131.47929265489392,0.002012103734393089,-2.9858665684860655,-2.6142532468486133,16.653986783008442,False,,,False,134.3624273633147,73.45897760352048,91.24532287571523,79.00664430428665,210.31324702860007,1.986418864926378,93.23174174064161,79.91876041064161,-13.31298133,False,0.16769755207568407
2026-02-20,43.6913,90.895163568033,10.69785119692021,205.94396035198798,13.07884203,-3.65839137,16.7372334,2026-01-31,aylık,77.816321538033,-0.0,5222.08,agort03,25.36017992412985,ima,8.77735507690896,haftalik_bilanco,1.5761975017283487,1.9524264518534538,132.4328883782,0.017450968308906356,-2.0694084726247266,-4.02183492447818,16.58282484722089,False,,,False,135.83336940941558,70.1105909425724,89.18028598370843,76.86357169799415,208.43580241375287,1.7148775843245687,90.895163568033,77.816321538033,-13.07884203,False,0.16343270214311778
2026-02-23,43.6883,90.29056465918792,10.73353350897151,208.07128815845425,12.93177178,-3.80546162,16.7372334,2026-01-31,aylık,77.35879287918792,-0.0,5317.13,agort03,25.754296213107256,ara_deger,8.804275820196594,ara_deger,-0.7157993611926252,0.6456399279863124,136.93894102359897,0.002584444649080031,1.9431324825517042,1.297492554565392,16.950020392910663,False,,,False,138.30574856913069,69.76553958932357,88.53692469150779,75.98610326293637,210.56313022021914,1.7536399676801295,90.29056465918792,77.35879287918792,-12.93177178,False,0.16235673997940123
2026-02-24,43.7542,91.67995266740108,10.74367443582559,210.77763716537214,13.08368574,-3.65354766,16.7372334,2026-01-31,aylık,78.59626692740108,-0.0,5274.9,agort03,25.885668309433058,ara_deger,8.813249401292472,ara_deger,-0.211697994460937,0.6441221863974801,136.54431176542843,0.0007588707944255202,1.1155579507170927,0.47143576431961265,17.072418908140584,False,,,False,137.20728910658707,73.57034805878507,89.99783556778549,77.36897842492834,213.26947922713705,1.6821170996155956,91.67995266740108,78.59626692740108,-13.08368574,False,0.1650247932603061
2026-02-25,43.7775,92.73198316486778,10.638972897036147,210.90301160845218,13.33655782,-3.40067558,16.7372334,2026-01-31,aylık,79.39542534486779,-0.0,5262.5,agort03,26.01704040575886,ara_deger,8.82222298238835,ara_deger,-0.8246634436248503,0.6382519536070529,136.914675135306,0.0029351163952134884,1.4904289307581178,0.8521769771510649,17.19481742337051,False,,,False,133.45794685073332,77.44506475771885,91.17349567700302,78.46660281986016,213.26069503740504,1.5584874878647668,92.73198316486778,79.39542534486779,-13.33655782,False,0.16682977790488301
2026-02-26,43.7888,93.27009529834112,10.662281953376205,211.94644381362968,13.18559541,-3.55163799,16.7372334,2026-01-31,aylık,80.08449988834111,-0.0,5214.54,agort03,26.148412502084664,ara_deger,8.831196563484228,ara_deger,-0.13819138319002391,0.6372752134555182,136.35194292862056,0.0004883700757673526,0.5149904402175196,-0.12228477323799858,17.317215938600434,False,,,False,132.24167262157206,79.70477119205762,91.76077974276528,78.9758511713367,214.30412724258258,1.5093155555758386,93.27009529834112,80.08449988834111,-13.18559541,False,0.1677546467911154
2026-02-27,43.8026,93.80777273495181,10.688292452959415,210.5204329613984,13.32046329,-3.41677011,16.7372334,2026-01-31,aylık,80.48730944495182,-0.0,5206.56,agort03,26.279784598410465,ima,8.840170144580107,haftalik_bilanco,4.016692001006203,0.6534462258284603,136.8272752987,0.013840818146879208,-3.762646471446085,-4.416092697274546,17.43961445383036,False,-3.762646471446085,4.016692001006203,False,132.03929838577753,78.48113457562087,91.77795121750765,78.91498693179336,212.87811639035127,2.0298215174441623,93.80777273495181,80.48730944495182,-13.32046329,False,0.16888203816772998
2026-03-02,43.8,94.24600047945206,10.893874337899543,213.8203807491293,13.29906362,-3.43816978,16.7372334,2026-01-31,aylık,80.94693685945207,-0.0,5436.88,agort03,26.343377453791476,ara_deger,8.783575277254627,ara_deger,-1.6855654109257683,-0.17062176675982357,143.2257820109698,0.0015332635002101025,-6.9637095033600325,-6.793087736600209,17.55980217653685,False,-10.726355974806118,2.3311265900804345,False,137.8802550259031,75.9401257232262,92.38556461187214,78.95759686993665,216.17806417808222,1.8604358675799233,94.24600047945206,80.94693685945207,-13.29906362,False,0.16946663288798927
2026-03-03,43.885,85.53849864418366,10.741453776916941,205.766619590302,13.39325726,-3.34397614,16.7372334,2026-01-31,aylık,72.14524138418366,-0.0,5340.89,agort03,26.292566180687214,ara_deger,8.764710321479466,ara_deger,-1.9000195751381292,-0.167158785961349,140.42570378877053,0.0017314903992371455,-3.486500861618877,-3.319342075657528,17.527855859207747,False,-14.212856836424995,0.4311070149423053,False,135.44593135498587,70.32068823531614,83.59670552580609,69.92525391290286,208.12430301925488,1.941793118377575,85.53849864418366,72.14524138418366,-13.39325726,False,0.1537062458577603
2026-03-04,43.8913,81.2666571735173,11.743311613007588,200.81426273303245,13.506078389999999,-3.23115501,16.7372334,2026-01-31,aylık,67.7605787835173,0.37946329000000034,5232.49,agort03,26.24175490758295,ara_deger,8.745845365704307,ara_deger,-0.25683995207476773,-0.1666898140229578,137.30972013637873,0.00023448596919561915,0.8756343178593164,1.0423241318822742,17.495909541878646,False,-13.337222518565678,0.17426706286753757,False,137.50871011333675,63.3055526196957,79.15536878606922,65.24043330219826,203.43230227858368,2.1112883874480843,81.2666571735173,67.7605787835173,-13.506078389999999,False,0.14619363440917432
2026-03-05,43.8932,81.79556031458175,11.628244238287479,200.4420755292211,13.53125454,-2.82651557,16.35777011,2026-02-28,aylık,68.26430577458174,-0.0,5217.81,agort03,26.19094363447869,ara_deger,8.726980409929146,ara_deger,-1.127124186512427,-0.1646279987025559,136.65936760541925,0.0010309076602101896,0.10044395129323114,0.26507194999578704,17.463963224549545,False,-13.236778567272447,-0.9528571236448895,False,137.1229228754321,63.31915265378902,79.66318176847437,65.50476241363566,203.0601150747724,2.1323785461073754,81.79556031458175,68.26430577458174,-13.53125454,False,0.14695305817884208
2026-03-06,43.9135,80.88167310735878,11.560195566283717,197.52346457049507,13.712096240000001,-2.64567387,16.35777011,2026-02-28,aylık,67.16957686735878,-0.0,5153.27,agort03,26.140132361374427,ima,8.708115454153987,haftalik_bilanco,-0.27664610831760234,0.6298931942398028,134.7071598939,0.0009729050679902485,-7.658457391546457,-8.28835058578626,17.43201690722044,False,-20.895235958818905,-1.229503231962492,False,135.4268255774507,62.096638993044365,78.78046525555922,64.37856202975277,200.14150411604632,2.1012078517995576,80.88167310735878,67.16957686735878,-13.712096240000001,False,0.14542764789515733
2026-03-09,43.9055,73.36632542619945,11.65345036498844,191.76265494602725,14.038597260000001,-2.3191728499999997,16.35777011,2026-02-28,aylık,59.32772816619945,-0.0,5137.4,agort03,26.232212288330725,ara_deger,8.677586046769996,ara_deger,1.0251901725071562,0.21235119312175246,134.76536741007027,0.0011933975209119652,-3.9836896936345587,-4.196040886756311,17.55462624156073,False,-24.878925652453464,-0.20431305945533573,False,135.0097653958739,56.752889550153355,71.22635765450796,56.09400281579829,194.38069449157848,2.139967771691488,73.36632542619945,59.32772816619945,-14.038597260000001,False,0.13193882270641624
2026-03-10,44.0007,70.62517205408095,11.727063023997344,191.0319453183259,14.18233075,-2.17543936,16.35777011,2026-02-28,aylık,56.44284130408095,-0.0,5195.8,agort03,26.262905597316156,ara_deger,8.667409577642,ara_deger,-0.09360803882467741,0.21213376590218896,136.45680490253528,0.00010871360978172151,3.0635195001573097,2.8513857342551208,17.595496019674158,False,-21.815406152296156,-0.2979210982800131,False,136.5445048164211,54.487440501904814,68.55793598738202,53.1820972777046,193.64998486387717,2.067236066698925,70.62517205408095,56.44284130408095,-14.18233075,False,0.1270548127016425
2026-03-11,43.9826,73.77563138604812,11.704168034631879,193.44292457165173,14.385773610000001,-1.9719965,16.35777011,2026-02-28,aylık,59.38985777604812,-0.0,5190.48,agort03,26.29359890630159,ara_deger,8.657233108514003,ara_deger,-0.5160400632432526,0.2109379161945901,136.47639925118025,0.000597924853799392,1.7987409004078962,1.5878029842133061,17.636365797787587,False,-20.01666525188826,-0.8139611615232657,False,135.67983421906675,57.76309035258498,71.85158210292252,56.23225952227736,196.10687155829805,1.9240492831255978,73.77563138604812,59.38985777604812,-14.385773610000001,False,0.13277701526521146
2026-03-12,43.9964,75.05797517524161,11.415059186660725,193.8070440944421,14.674525410000001,-1.6832447,16.35777011,2026-02-28,aylık,60.38344976524161,-0.0,5161.22,agort03,26.32429221528702,ara_deger,8.647056639386005,ara_deger,-1.2639223436769225,0.20801572705949803,135.86546346738368,0.0014610945675552767,-3.0540422102290723,-3.2620579372885703,17.677235575901015,False,-23.070707462117333,-2.0778835052001883,False,134.91497394617292,58.89207014826917,73.47495258702985,57.61214613541694,196.47099108108844,1.5830225882117617,75.05797517524161,60.38344976524161,-14.674525410000001,False,0.13487261963260175
2026-03-13,44.031,70.59205060071314,11.278697236038246,189.41474831893382,14.662927340000001,-1.69484277,16.35777011,2026-02-28,aylık,55.92912326071313,-0.0,5089.72,agort03,26.354985524272454,ima,8.636880170258008,haftalik_bilanco,-1.2588713854027296,-4.96974346478832,134.1394969226,0.035178670162932635,-5.735913037252667,-0.7661695724643467,17.718105354014448,False,-28.80662049937,-3.3367548906029176,False,133.04595448233465,56.36879383659917,69.00468794712816,52.89839762454751,192.07869530558017,1.5873626535849752,70.59205060071314,55.92912326071313,-14.662927340000001,False,0.1270677395284623
2026-03-16,44.021,63.32766679539311,11.177737693373617,183.24850886397044,14.4942875,-1.86348261,16.35777011,2026-02-28,aylık,48.83337929539311,-0.0,5018.67,agort03,25.421699466147476,ara_deger,8.693845207500589,ara_deger,0.51019955488873,-1.6666487077323138,127.58312045977036,0.0050337764014517505,1.2133919904789807,2.8800406982112943,16.727854258646886,False,-27.593228508891016,-2.8265553357141875,False,131.188698078059,52.05981078591145,61.32865643670066,44.49191450121679,185.91245585061677,1.9990103586924448,63.32766679539311,48.83337929539311,-14.4942875,False,0.11387414545648546
2026-03-17,44.106,64.70130487915476,11.233971341767559,186.1868008254427,14.088100390000001,-2.26966972,16.35777011,2026-02-28,aylık,50.61320448915476,-0.0,5049.17,agort03,25.11060411343915,ara_deger,8.712833553248114,ara_deger,-0.5670349059714049,-1.6552344134397463,126.78770897145357,0.0057071471463018275,2.068459346150248,3.7236937595899944,16.397770560191038,False,-25.524769162740768,-3.3935902416855925,False,131.98597211508093,54.200828710361776,62.78683657552261,45.70661076907099,188.85074781208905,1.9144683036321553,64.70130487915476,50.61320448915476,-14.088100390000001,False,0.11641270864633471
2026-03-18,44.1207,65.20494094608654,10.54716010852049,186.7541944114262,13.77712325,-2.58064686,16.35777011,2026-02-28,aylık,51.427817696086535,-0.0,5014.59,agort03,24.799508760730824,ara_deger,8.73182189899564,ara_deger,,,124.35936863647318,,,,16.067686861735183,False,,,False,132.1594468601614,54.59474755126479,63.32190314296918,45.99819346554982,189.20742331830635,1.883037803117361,65.20494094608654,51.427817696086535,-13.77712325,False,0.11727984953041375
2026-03-19,44.1325,59.12583551804226,10.331243346739932,177.33055320380922,13.77712325,-2.58064686,16.35777011,2026-02-28,aylık,45.348712268042256,-0.0,5014.59,ffill,24.4884134080225,ara_deger,8.750810244743167,ara_deger,-8.461479716768762,-7.217800752249499,122.79935299173555,0.33402012291061745,-12.015607618860505,-4.7978068666110065,15.737603163279331,True,-37.540376781601275,-11.855069958454354,False,132.1594468601614,45.17110634364781,56.956808769047754,39.38961522066066,179.7837821106894,2.1690267489945043,59.12583551804226,45.348712268042256,-13.77712325,False,0.10631737817073614
2026-03-23,44.1325,44.12395962159406,9.896517849657283,161.1127707985523,13.82387152,-2.5338985899999997,16.35777011,2026-02-28,aylık,30.30008810159406,-0.0,4476.93,agort03,23.244031997189193,ara_deger,8.748924548341352,ara_deger,1.4870530731773022,-1.3928030251335746,104.06190416917623,0.015600724786490217,-1.4225617948717828,-0.029758769738208235,14.495107448847842,False,-38.96293857647306,-10.368016885277052,False,117.98942534318108,43.12334545537122,42.07208331728318,23.530954285025114,163.5659997054325,2.0518763043108805,44.12395962159406,30.30008810159406,-13.82387152,False,0.07934168981084228
2026-03-24,44.2435,44.249311582492346,9.82078070225005,161.05814354331025,13.96046935,-2.3973007600000003,16.35777011,2026-02-28,aylık,30.288842232492346,-0.0,4579.52,agort03,22.93293664448087,ara_deger,8.74196653429157,ara_deger,1.3032986949197742,-1.420734998315975,105.02184202213303,0.013965986591200075,-4.55888946221843,-3.1381544639024552,14.190970110189298,False,-43.52182803869149,-9.064718190357278,False,120.69318330811618,40.364960235194076,42.48430874591748,23.699695842691675,163.51137245019044,1.7650028365748653,44.249311582492346,30.288842232492346,-13.96046935,False,0.0795671371454373
2026-03-25,44.2636,41.477972216448734,9.945974073505093,160.68196577551856,14.31952738,-2.03824273,16.35777011,2026-02-28,aylık,27.158444836448734,-0.0,4671.36,agort03,22.621841291772544,ara_deger,8.73500852024179,ara_deger,-1.461589149203612,-1.3887245434221793,105.67476453673459,0.016005227446906023,-2.2346168143428953,-0.845892270920716,13.886832771530754,False,-45.75644485303438,-10.526307339560889,False,108.21514830241219,52.466817473106374,39.76308659937285,20.734989825179298,163.00769194100798,1.7148856170758862,41.477972216448734,27.158444836448734,-14.31952738,False,0.07464340088655054
2026-03-26,44.2737,37.36625640052672,9.820285971129588,156.34170946785497,14.02970563,-2.32806448,16.35777011,2026-02-28,aylık,23.33655077052672,-0.0,4566.11,agort03,22.310745939064216,ara_deger,8.728050506192009,ara_deger,-0.24937828814752927,-1.3831405818843923,101.87332013982049,0.0027919807688853715,-0.023802834267479644,1.3593377476169126,13.582695432872207,False,-45.78024768730186,-10.775685627708418,False,105.77696234396993,50.56474712388504,35.42000018069418,16.14841953553289,158.6674356333444,1.9462562198325415,37.36625640052672,23.33655077052672,-14.02970563,False,0.06722868005370349
2026-03-27,44.2828,37.021596037287615,9.83624974030549,155.4523858554307,13.942262620000001,-2.41550749,16.35777011,2026-02-28,aylık,23.079333417287614,-0.0,4547.75,agort03,21.99965058635589,ima,8.721092492142228,haftalik_bilanco,1.0025311361131315,1.2525889087048954,100.04891095410001,0.01022770373732973,-4.686407746001801,-5.938996654706696,13.278558094213663,False,-50.46665543330366,-9.773154491595287,False,105.35164078390342,50.10074507152727,35.08114532053077,15.56608080440174,157.77811202092008,1.9404507167568426,37.021596037287615,23.079333417287614,-13.942262620000001,False,0.066594910212107
2026-03-30,44.2887,34.110787740439434,9.903524533345978,149.99494339582083,14.648056140000001,-1.70971397,16.35777011,2026-02-28,aylık,19.462731600439433,-0.0,4623.25,agort03,22.221912646588972,ara_deger,8.67242200304207,ara_deger,-0.1483669225468361,0.4165407324299043,102.73745764334247,0.0004944519025331662,-0.18368804498161356,-0.6002287774115178,13.549490643546902,False,-50.65034347828527,-9.921521414142124,False,107.10064828853422,42.89429510728661,32.225339127136266,11.979822998104005,152.3206695613102,1.8854486133031685,34.110787740439434,19.462731600439433,-14.648056140000001,False,0.06127400994656235
2026-03-31,44.3841,39.237720264689386,10.06480399512438,151.19029358032043,19.94576417,3.58799406,16.35777011,2026-02-28,aylık,19.291956094689386,-0.0,4612.3,agort03,22.296,evds_aylik,8.65619850667535,ara_deger,2.1432220086461036,-0.29109992413550057,102.8358408,0.004795177943634155,-1.0998540153475012,-0.8087540912120006,13.639801493324649,False,-51.750197493632776,-7.7782994054960195,False,106.84698428620698,44.34330929411345,37.41757507756156,16.928575077561558,153.51601974580987,1.820145187127828,39.237720264689386,19.291956094689386,-19.94576417,True,0.07059667509688437
2026-04-01,44.3961,43.906104815513075,10.206157342649467,160.1427659129591,23.42942738,7.071657269999999,16.35777011,2026-02-28,aylık,20.476677435513075,-0.0,4769.43,agort03,22.21874197243448,ara_deger,8.639975010308632,ara_deger,-1.3347927923769733,-0.28510022971866666,105.97073452558818,0.002999847208421391,1.6966845415307186,1.9817847712493852,13.578766962125847,False,-50.053512952102054,-9.113092197872993,False,104.92579349608339,55.21697241687572,42.26072211297839,21.87478877964506,162.58217676777917,1.6453827025346826,43.906104815513075,20.476677435513075,-23.42942738,False,0.0789747389101386
2026-04-02,44.3938,46.57982817420451,10.104653082187154,160.6256816580984,25.84276325,9.48499314,16.35777011,2026-02-28,aylık,20.737064924204507,-0.0,4671.13,agort03,22.141483944868956,ara_deger,8.623751513941912,ara_deger,0.10030157463747964,-0.28555310594015343,103.42574989939573,0.0002264381107475455,0.301336592028057,0.5868896979682104,13.517732430927044,False,-49.752176360073996,-9.012790623235514,False,102.7632278434446,57.86245381465379,44.89135016601418,24.60848349934751,163.06509251291848,1.6884780081903301,46.57982817420451,20.737064924204507,-25.84276325,False,0.08378834850937128
2026-04-03,44.4155,48.055239612297505,10.073932613614616,162.080410266185,26.94725699,10.58948688,16.35777011,2026-02-28,aylık,21.107982622297506,-0.5432358300000004,4678.55,agort03,22.064225917303435,ima,8.607528017575193,haftalik_bilanco,0.42940322998032626,0.4034999745545884,103.2285841654,0.0013667119759043778,-2.3972958049084143,-2.8007957794630025,13.456697899728242,False,-52.14947216498241,-8.583387393255187,False,102.92646525079536,59.15394501538964,45.65596843444293,25.476168434442933,164.51982112100504,2.3992711778545726,48.055239612297505,21.107982622297506,-26.94725699,False,0.08640017909639329
2026-04-06,44.4306,47.75490650587658,10.07377888212178,160.4508533774883,28.61497019,11.71396425,16.90100594,2026-03-31,aylık,19.139936315876582,-0.0,4710.46,agort03,22.22733230334493,ara_deger,8.684973985195857,ara_deger,-0.044418935283525515,0.13440633612737543,104.70095972161415,4.682769540338e-05,2.599554907787974,2.4651485716605985,13.542358318149073,False,-49.54991725719444,-8.627806328538712,False,103.62847410100598,56.82237927648232,45.376294175635714,25.505694175635714,162.89026423230837,2.3786123302408697,47.75490650587658,19.139936315876582,-28.61497019,False,0.085938167926386
2026-04-07,44.5085,47.906740375433905,10.077004909174653,161.68612022351326,26.208442060000003,9.30743612,16.90100594,2026-03-31,aylık,21.698298315433902,-0.0,4707.18,agort03,22.281701098692093,ara_deger,8.710789307736079,ara_deger,1.31963546255256,0.1371828758231394,104.88397777774145,0.0013882698478735467,0.33645435817721725,0.19927148235407785,13.570911790956014,False,-49.21346289901722,-7.308170865986153,False,103.55631524708274,58.12980497643052,45.520885448846855,25.753352115513522,164.12553107833338,2.385854926587051,47.906740375433905,21.698298315433902,-26.208442060000003,False,0.08616803311399371
2026-04-08,44.5255,49.075621183366835,10.226754556377806,163.98194186980555,25.5714834,8.67047746,16.90100594,2026-03-31,aylık,23.504137783366833,-0.0,4804.42,agort03,22.33606989403926,ara_deger,8.7366046302763,ara_deger,-0.8088961938886272,0.13548451526057392,107.31186092032009,0.0008491802812784499,8.83066071586634,8.695176200605767,13.599465263762959,False,-40.382802183150886,-8.11706705987478,False,106.00580828161098,57.97613358819457,46.679628796981504,27.015162130314838,166.85638074811064,2.3959923863853305,49.075621183366835,23.504137783366833,-25.5714834,False,0.08823681320786476
2026-04-09,44.4527,55.844907823371805,10.124727294405064,169.25669911781222,24.42103278,7.520026840000001,16.90100594,2026-03-31,aylık,31.423875043371805,-0.0,4744.94,agort03,22.39043868938642,ara_deger,8.76241995281652,ara_deger,0.21137057060420214,0.13592737962381804,106.2412881548172,0.00022143218161785327,2.4435382415510554,2.3076108619272375,13.628018736569901,False,-37.93926394159983,-7.905696489270578,False,104.69342812404976,64.56327099376246,53.414820877022095,33.853420877022096,172.13113799611722,2.430086946349711,55.844907823371805,31.423875043371805,-24.42103278,False,0.10044679689244926
2026-04-10,44.5102,56.3303558060849,8.606620504962908,170.77363257497984,23.76967874,6.868672800000001,16.90100594,2026-03-31,aylık,32.56067706608491,-0.0,4760.45,agort03,22.444807484733587,ima,8.788235275356742,haftalik_bilanco,-0.3411411737902276,2.117241332870039,106.8473837907,0.005584312485887644,3.0194139149775414,0.9021725821075024,13.656572209376845,False,-34.91985002662229,-8.246837663060806,False,105.03564426802714,65.7379883069527,55.591319068438246,36.13298573510491,173.64807145328487,0.7390367376466571,56.3303558060849,32.56067706608491,-23.76967874,False,0.10131540725466609
2026-04-13,44.5157,57.982690623757456,8.51706755144814,172.06985185507665,22.83329377,5.93228783,16.90100594,2026-03-31,aylık,35.14939685375745,-0.0,4735.47,agort03,22.885891477097314,ara_deger,8.782216586704637,ara_deger,0.6137919312298826,0.7122330805159578,108.37545251305002,0.0032429847796346944,2.927096142611288,2.21486306209533,14.103674890392677,False,-31.992753884011005,-7.633045731830923,False,104.48447990461291,67.58537195046374,57.30514854309828,38.156015209764945,174.94429073338168,0.6775420806591796,57.982690623757456,35.14939685375745,-22.83329377,False,0.10427442406196892
2026-04-14,44.6355,59.49572396410929,8.4723808179588,173.11884868428524,20.850125770000002,3.94911983,16.90100594,2026-03-31,aylık,38.64559819410928,-0.0,4778.99,agort03,23.032919474551893,ara_deger,8.780210357153937,ara_deger,0.3514718068350315,0.7159082645538994,110.07409183968875,0.0018375920189750983,2.244796472268239,1.5288882077143398,14.252709117397956,False,-29.747957411742767,-7.281573924995891,False,105.44471501653395,67.67413366775129,57.26994504374321,38.223878377076545,175.9932875625903,2.225778920366075,59.49572396410929,38.64559819410928,-20.850125770000002,False,0.10697439180950076
2026-04-15,44.6474,60.72429061938658,8.076390204132828,174.51206335051296,19.878414760000002,2.97740882,16.90100594,2026-03-31,aylık,40.84587585938658,-0.0,4803.65,agort03,23.179947472006468,ara_deger,8.778204127603235,ara_deger,0.0828100242303186,0.7167652113591798,111.34835467390386,0.000428473402640156,2.5628528994814532,1.8460876881222734,14.401743344403233,False,-27.185104512261315,-7.198763900765573,False,107.81699947404049,66.69506387647247,58.57153471422748,39.628534714227484,177.2453852407979,2.152755905159097,60.72429061938658,40.84587585938658,-19.878414760000002,False,0.1091543283103332
2026-04-16,44.6681,63.114824024303694,8.073424345338172,176.73523972303644,19.6262511,2.72524516,16.90100594,2026-03-31,aylık,43.488572924303696,-0.0,4809.4,agort03,23.326975469461043,ara_deger,8.776197898052533,ara_deger,-0.15438375003263954,0.7151839582106538,112.18875582282593,0.0007906265742629315,-2.131195858216137,-2.846379816426791,14.55077757140851,False,-29.316300370477453,-7.3531476507982125,False,107.9460571170777,68.78918260595874,60.860860076878126,42.02092674354479,179.46856161332136,2.253963947425568,63.114824024303694,43.488572924303696,-19.6262511,False,0.11339892625571787
2026-04-17,44.6788,60.47399381809716,7.980855797380413,174.38461467023149,19.363569050000002,2.46256311,16.90100594,2026-03-31,aylık,41.11042476809716,-0.0,4798.79,agort03,23.47400346691562,ima,8.774191668501832,haftalik_bilanco,0.03145759724861032,-0.050689156473822036,112.646813097,1.1297268951430961e-05,-0.0954732953218277,-0.04478413884800567,14.699811798413787,False,-29.41177366579928,-7.321690053549602,False,107.70791770966468,66.6766969605668,58.37760443431784,39.640737767651174,177.1179365605164,2.096389383779325,60.47399381809716,41.11042476809716,-19.363569050000002,False,0.10876301690054685
2026-04-20,44.6989,60.030989957247264,7.942381624603737,175.02322180542126,19.02305506,2.12204912,16.90100594,2026-03-31,aylık,41.00793489724727,-0.0,4800.93,agort03,23.503457298291234,ara_deger,8.814203695159158,ara_deger,-0.055084701011745285,-0.016883187747188916,112.83845324708534,6.598872051073734e-06,0.9728355106009496,0.9897186983481385,14.689253603132077,False,-28.438938155198333,-7.376774754561348,False,107.75594959768202,67.26727220773924,57.963180838902076,39.53551417223541,177.75654369570614,2.0678091183451883,60.030989957247264,41.00793489724727,-19.02305506,False,0.10805162609126419
2026-04-21,44.7952,60.28761271296924,7.827838540736508,176.07413029209175,18.47647009,1.5754641499999997,16.90100594,2026-03-31,aylık,41.81114262296924,-0.0,4797.18,agort03,23.513275242083104,ara_deger,8.827541037378268,ara_deger,-0.5678973416959372,-0.01674709260998217,112.79741372581624,6.804756859080108e-05,0.7007082148574102,0.7174553074673924,14.685734204704836,False,-27.738229940340922,-7.944672096257285,False,107.67178156961427,68.40234872247748,58.32599046326391,40.00139046326392,178.80745218237666,1.9616222497053286,60.28761271296924,41.81114262296924,-18.47647009,False,0.10854887038077414
2026-04-22,44.8101,62.0899593618403,9.698961506446091,176.6203271171458,18.2748829,1.37387696,16.90100594,2026-03-31,aylık,43.8150764618403,-0.0,4758.51,agort03,23.523093185874977,ara_deger,8.840878379597376,ara_deger,-1.2020329261899456,-0.0329179189215138,111.93487415591795,0.00028813314923792355,-4.57414729057877,-4.5412293716572565,14.682214806277601,False,-32.312377230919694,-9.14670502244723,False,111.70128023735266,64.91904687979313,60.259084447479474,42.03755111414614,179.2707905360622,1.8308749143608267,62.0899593618403,43.8150764618403,-18.2748829,False,0.1116188555450216
2026-04-24,44.8132,56.39393100693545,9.63370997830996,171.18053184587166,18.42028629,1.51928035,16.90100594,2026-03-31,aylık,37.97364471693545,-0.0,4676.64,agort03,23.54272907345872,ima,8.867553064035594,haftalik_bilanco,0.411638687064308,-0.30976536396108745,110.1008684941,0.000923431560751975,-1.6697977686320056,-1.360032404670918,14.675176009423126,False,-33.9821749995517,-8.735066335382923,False,109.77946357351627,61.40106827235539,54.229971548561586,36.21457154856159,173.83099526478804,2.163959458373867,56.39393100693545,37.97364471693545,-18.42028629,False,0.10137212922601402
2026-04-27,44.8541,55.17576172523805,9.658960028180255,170.35663798318507,18.43502604,1.5340201000000002,16.90100594,2026-03-31,aylık,36.74073568523805,-0.0,4704.69,agort03,23.54036453672936,ara_deger,8.931030349819745,ara_deger,-1.324190050701479,-0.10126582038947944,110.75011763230525,0.0009946504654372301,1.35240718038722,1.4536730007766994,14.609334186909615,False,-32.629767819164485,-10.059256386084401,False,110.43790937076324,59.91872861242183,52.92308787825416,35.216887878254155,173.00710140210148,2.252673846983889,55.17576172523805,36.74073568523805,-18.43502604,False,0.09921467606246472
2026-04-28,44.9393,54.994390121786495,9.584228615042957,168.65611160561667,18.300168720000002,1.3991627800000002,16.90100594,2026-03-31,aylık,36.69422140178649,-0.0,4614.05,agort03,23.539576357819573,ara_deger,8.952189445081126,ara_deger,-0.746582462193958,-0.10014255889740714,108.61278229379741,0.0005616307460403203,1.5608807327338656,1.6610232916312728,14.587386912738447,False,-31.06888708643062,-10.80583884827836,False,108.31022569652202,60.34588590909465,52.697098575189194,35.09396524185586,171.3065750245331,2.2972915465973003,54.994390121786495,36.69422140178649,-18.300168720000002,False,0.09882333176779746
2026-04-29,44.9705,55.389635071880456,9.462762944597014,168.90500452813393,18.00258107,1.10157513,16.90100594,2026-03-31,aylık,37.38705400188046,-0.0,4562.87,agort03,23.538788178909787,ara_deger,8.97334854034251,ara_deger,0.20595531648934606,-0.1004528933541875,107.40443041790209,0.0001551672283901795,0.37121487753764637,0.47166777089183387,14.565439638567277,False,-30.697672208892975,-10.599883531789013,False,107.42241220741259,61.48259232072134,53.12781679100744,35.62775012434078,171.68441883012198,2.2618182808730154,55.389635071880456,37.38705400188046,-18.00258107,False,0.09958737091599405
2026-04-30,44.985,55.80482618650662,9.524232255196177,165.44984273924797,17.77913268,0.8781267400000001,16.90100594,2026-03-31,aylık,38.02569350650661,-0.0,4577.01,agort03,23.538,evds_aylik,8.994507635603894,ara_deger,0.20215454386510057,0.0857442747989701,107.73366138,0.0001298049209967067,-4.605451166419499,-4.691195441218469,14.543492364396107,False,-35.303123375312474,-10.397728987923912,False,107.75530639651132,57.694536342736654,53.62533960208958,36.228339602089584,168.22925704123597,2.1794865844170346,55.80482618650662,38.02569350650661,-17.77913268,True,0.10042518442300707
2026-05-04,44.9692,50.373043727706964,9.562436778950925,163.3344244142889,16.71244232,-0.1885636199999999,16.90100594,2026-03-31,aylık,33.66060140770696,0.38213268000000156,4590.91,agort03,23.515921826408224,ara_deger,8.953752494962236,ara_deger,-0.45288346620796227,0.06893764815630656,107.95948067207577,0.00023509322292608603,2.053924189261078,1.9849865411047711,14.562169331445988,False,-33.2491991860514,-10.850612454131875,False,108.08255033063237,55.25187408365652,48.08923449827883,30.458040949891732,166.11383871627692,2.2838092294281367,50.373043727706964,33.66060140770696,-16.71244232,False,0.09057044234973192
2026-05-05,45.104,51.35632048155374,9.52283087974459,162.86128248765368,16.134284249999997,-0.3845890100000001,16.51887326,2026-04-30,aylık,35.222036231553744,-0.0,4559.81,agort03,23.51040228301028,ara_deger,8.933114416327887,ara_deger,1.9252224085527392,0.07093435310497007,107.20296743409311,0.000998352474335773,-0.21946855303741342,-0.2904029061423835,14.577287866682392,False,-33.468667739088815,-8.925390045579135,False,107.35037145644782,55.510911031205865,49.148784010287336,31.459042074803467,165.64069678964174,2.207536471266401,51.35632048155374,35.222036231553744,-16.134284249999997,False,0.09240325626144558
2026-05-06,45.1339,53.18705551702823,9.566078889703748,166.15238795279595,16.21601742,-0.30285584000000015,16.51887326,2026-04-30,aylık,36.97103809702823,-0.0,4691.88,agort03,23.504882739612334,ara_deger,8.91247633769354,ara_deger,0.7434831061777598,0.0717046424752816,110.28208922833232,0.0003851446851474982,1.9228699006872314,1.8511652582119498,14.592406401918794,False,-31.545797838401583,-8.181906939401376,False,111.61546231079052,54.53692564200543,51.08615938352325,33.33786906094261,168.898622853332,2.1008961335049747,53.18705551702823,36.97103809702823,-16.21601742,False,0.09575135671081395
2026-05-07,45.1436,55.73292925243002,9.474399228240548,170.57385350623707,16.18721781,-0.33165544999999996,16.51887326,2026-04-30,aylık,39.54571144243002,-0.0,4742.83,agort03,23.499363196214393,ara_deger,8.891838259059194,ara_deger,-0.28747609076321856,0.07140710970181234,111.4534847479015,0.000148766386726229,1.1018473873019778,1.0304402776001655,14.6075249371552,False,-30.443950451099607,-8.469383030164595,False,112.82751543336286,57.74633807287421,53.86388418291851,36.05704547324109,173.32008840677304,1.8690450695115075,55.73292925243002,39.54571144243002,-16.18721781,False,0.10031311091537774
2026-05-08,45.1566,56.425228759472596,9.46422449874437,171.50433777322598,16.07532075,-0.44355251,16.51887326,2026-04-30,aylık,40.3499080094726,-0.0,4723.15,agort03,23.493843652816448,ima,8.871200180424847,haftalik_bilanco,-0.5910472491540696,-0.9686122498673494,110.96494764879999,0.00418039339654841,-0.7801423707177743,0.18846987914957514,14.622643472391601,False,-31.22409282181738,-9.060430279318664,False,112.35934653341734,59.14499123980865,55.018038049808894,37.1526509530347,174.25057267376198,1.407190709663702,56.425228759472596,40.3499080094726,-16.07532075,False,0.10140548297213763
2026-05-11,45.19,54.932836379730034,9.413732108873646,169.85595717735737,16.00461038,-0.5142628800000002,16.51887326,2026-04-30,aylık,38.92822599973003,-0.0,4682.73,agort03,23.379469813846065,ara_deger,8.963674109715146,ara_deger,0.5209868567472961,-0.32536257607075236,109.47974468139137,0.0012459130574901112,2.6769358817173075,3.0022984577880596,14.415795704130918,False,-28.547156940100074,-8.539443422571368,False,111.39779231919998,58.45816485815739,52.63746727152025,34.59643501345573,172.60219207789333,2.2953691082097833,54.932836379730034,38.92822599973003,-16.00461038,False,0.09877169429949671
2026-05-12,45.2951,58.12201624458275,9.585110685261762,173.40427246118747,15.824488929999998,-0.6943843299999999,16.51887326,2026-04-30,aylık,42.29752731458275,-0.0,4718.87,agort03,23.34134520085594,ara_deger,8.994498752811914,ara_deger,-0.30515742394988965,-0.32389602539379253,110.14477362796306,0.0007332753384841073,-0.274097481320828,0.04979854407296452,14.346846448044026,False,-28.821254421420903,-8.844600846521258,False,112.25752931330724,61.14674314788023,55.896790491686744,37.797209846525455,176.15050736172344,2.2252257528960087,58.12201624458275,42.29752731458275,-15.824488929999998,False,0.10451964390442521
2026-05-13,45.313,56.84285615607,9.440816962019728,173.1952057719284,15.268877469999998,-1.24999579,16.51887326,2026-04-30,aylık,41.57397868607,-0.0,4697.6,agort03,23.303220587865813,ara_deger,9.02532339590868,ara_deger,-0.121647684075481,-0.3233085777319405,109.46920903355846,0.0002937238309301954,0.28539558197519366,0.6087041597071341,14.277897191957132,False,-28.53585883944571,-8.96624853059674,False,110.36467994347055,62.830525828457866,54.93997320857149,36.78184417631343,175.91726367709046,1.9028829474985116,56.84285615607,41.57397868607,-15.268877469999998,False,0.10217904910133034
2026-05-14,45.3307,56.699062269058274,9.443347687108295,173.60650393041524,14.958804959999998,-1.5600683,16.51887326,2026-04-30,aylık,41.74025730905828,-0.0,4689.08,agort03,23.265095974875685,ara_deger,9.056148039005448,ara_deger,-0.963935027969439,-0.3186310601989973,109.09189623387007,0.002338758766467497,-1.145313287005758,-0.8266822268067608,14.208947935870237,False,-29.681172126451468,-9.93018355856618,False,110.16451239554854,63.4419915348667,54.80040403082238,36.58372661146754,176.3285618355772,1.898658238235896,56.699062269058274,41.74025730905828,-14.958804959999998,False,0.1018808446424231
2026-05-15,45.3482,54.407435620377434,9.34400128340265,168.58816794724228,14.875773029999998,-1.64310023,16.51887326,2026-04-30,aylık,39.53166259037744,-0.0,4621.24,agort03,23.226971361885557,ima,9.086972682102214,haftalik_bilanco,-1.1369972938413766,1.2143966478747374,107.3374091364,0.010752399281145353,-0.18012606130602338,-1.3945227091807608,14.139998679783343,False,-29.86129818775749,-11.067180852407557,False,108.57069004214146,60.01747790510082,52.121605355890644,33.846379549439035,171.3102258524043,2.2858302644867905,54.407435620377434,39.53166259037744,-14.875773029999998,False,0.0978449763302356
2026-05-18,45.3877,53.05362805341535,9.197278381587964,166.3728013628776,14.985811719999997,-1.53306154,16.51887326,2026-04-30,aylık,38.06781633341535,-0.0,4540.83,agort03,23.36300439252619,ara_deger,8.955566357410289,ara_deger,-0.6837770091466011,0.8011359840471162,106.0874312357147,0.004230890601361281,0.545802298564894,-0.25533368548222213,14.4074380351159,False,-29.315495889192597,-11.750957861554157,False,106.6815500740185,59.69125128885909,50.860073874640044,32.40920290689811,169.09485926803958,2.193554178775308,53.05362805341535,38.06781633341535,-14.985811719999997,False,0.09544390799918771
2026-05-20,45.4477,53.588773887347436,8.71127557610176,166.4644644092764,16.14493507,-0.37393819000000006,16.51887326,2026-04-30,aylık,37.44383881734744,-0.0,4493.37,agort03,23.453693079619946,ara_deger,8.867962140949004,ara_deger,0.40314960314486964,0.40303199995069283,105.38612087317188,0.0012320039635653757,0.6672678426388292,0.2642358426881364,14.585730938670942,False,-28.64822804655377,-11.347808258409287,False,104.36737630835569,62.0970881009207,51.385246228081954,32.81727848614647,169.20264396218073,2.2035276592654824,53.588773887347436,37.44383881734744,-16.14493507,False,0.0963970819285512
2026-05-21,45.509,54.955390889714124,8.704531982684745,166.00939925568304,16.44787822,-0.07099504000000002,16.51887326,2026-04-30,aylık,38.507512669714124,-0.0,4521.01,agort03,23.499037423166826,ara_deger,8.824160032718362,ara_deger,-0.3075854301038003,0.40116349032141996,106.23938318051147,0.000934254814628388,-6.767389369569661,-7.168552859891081,14.674877390448463,False,-35.41561741612343,-11.655393688513088,False,105.00936979679823,61.00002945888481,52.74507358983937,34.11855746080711,168.74757880858732,2.2103172998747525,54.955390889714124,38.507512669714124,-16.44787822,False,0.09872247562271357
2026-05-22,45.5277,49.03215993779611,8.126732670440193,160.13895146842998,18.17742138,1.6585481199999998,16.51887326,2026-04-30,aylık,30.85473855779611,-0.0,4500.05,agort03,23.544381766713702,ima,8.78035792448772,haftalik_bilanco,0.7485360088008546,0.03551854381471915,105.9508951693,0.0001978564161300156,-0.3360935878694027,-0.3716121316841218,14.764023842225981,False,-35.75171100399283,-10.906857679712234,False,104.5225324770531,55.616418991376875,47.026263132115176,28.341198615986144,162.87713102133426,2.0058968056809334,49.03215993779611,30.85473855779611,-18.17742138,False,0.08815311468610913
2026-05-25,45.5532,49.82233621348226,8.123369335194893,160.43788700224445,18.558518569999997,2.03964531,16.51887326,2026-04-30,aylık,31.263817643482263,-0.0,4550.75,agort03,23.51825451114247,ara_deger,8.746425682086906,ara_deger,,,107.02569671658159,,,,14.771828829055563,False,,,False,105.70013992510069,54.737747077143766,47.7797116119175,28.919001934498144,163.1760665551487,2.0426246015647607,49.82233621348226,31.263817643482263,-18.558518569999997,False,0.08963267039171606
2026-05-26,45.6312,47.37465902715686,8.13005697855853,158.7235374521274,19.088518569999998,2.56964531,16.51887326,2026-04-30,aylık,28.28614045715686,-0.0,4550.75,ffill,23.50954542595206,ara_deger,8.735114934619968,ara_deger,-0.7282316789177582,-0.30275865306022165,106.98606384715134,0.0017223904782242005,-5.703897021350187,-5.401138368289965,14.77443049133209,True,-41.45560802534302,-11.635089358629992,False,105.70013992510069,53.02339752702672,45.40453485772892,26.48527679321279,161.46171700503166,1.9701241694279403,47.37465902715686,28.28614045715686,-19.088518569999998,False,0.08518720926538854
2026-06-01,45.6312,43.561891293676254,8.168045065656832,158.0208070341186,18.685526619999997,2.16665336,16.51887326,2026-04-30,aylık,24.876364673676257,-0.0,4501.46,agort03,23.498963426361744,ara_deger,8.79442096417245,ara_deger,0.47275104015938046,0.008541332017810035,105.77964390523033,3.0285338215307878e-05,3.6789297083757244,3.6703883763579146,14.704542462189295,False,-37.77667831696729,-11.162338318470612,False,105.98409274759106,52.03671428652754,41.7864481538947,22.686148153894703,160.72327144585284,1.7754431397815509,43.561891293676254,24.876364673676257,-18.685526619999997,False,0.078331243450284
2026-06-02,45.8248,47.03330982350168,8.177039266947155,160.78863556033326,17.996270199999998,1.47739694,16.51887326,2026-04-30,aylık,29.037039623501684,-0.0,4533.61,agort03,23.53192685272349,ara_deger,8.825500388156883,ara_deger,-0.5689916399140761,0.008468439965823811,106.68457889877574,3.6446025989178565e-05,1.4041059259675208,1.395637486001697,14.706426464566608,False,-36.37257239099977,-11.731329958384688,False,106.7410446213909,54.04759093894236,45.34818768439796,26.359587684397965,163.4910999720675,1.6851221391037186,47.03330982350168,29.037039623501684,-17.996270199999998,False,0.08452355203723162
2026-06-03,45.8402,47.637317681860026,8.088615429252053,160.57285706178257,17.853587609999998,1.33471435,16.51887326,2026-04-30,aylık,29.783730071860028,-0.0,4494.92,agort03,23.564890279085233,ara_deger,8.856579812141314,ara_deger,-0.3174053398766487,0.008427783194537327,105.9222966132658,2.032838565119155e-05,1.3793682250901578,1.3709404418956204,14.708310466943919,False,-34.99320416590961,-12.048735298261336,False,104.69161852340113,55.88123853838144,45.87399291451607,26.997092914516074,162.8090375260143,1.7633247673439527,47.637317681860026,29.783730071860028,-17.853587609999998,False,0.08568385291231424
2026-06-04,45.8696,48.53550944416346,8.097199016341978,160.49703155418572,17.681232899999998,1.1623596399999998,16.51887326,2026-04-30,aylık,30.85427654416346,-0.12348143000000178,4473.34,agort03,23.59785370544698,ara_deger,8.887659236125746,ara_deger,-0.3353924339005268,0.008384827940318739,105.5612228947242,2.1477627101362806e-05,1.330775168416853,1.3223903404765343,14.710194469321234,False,-33.66242899749275,-12.384127732161863,False,104.18899664631878,56.30803490786694,46.7743483919633,28.0091483919633,162.73321201841742,1.7611610522001584,48.53550944416346,30.85427654416346,-17.681232899999998,False,0.087243550473921
2026-06-05,45.8873,49.29164088974509,8.107137007407278,160.08227736614842,17.43204362,0.7896889300000001,16.64235469,2026-05-31,aylık,31.859597269745088,-0.0,4450.54,agort03,23.630817131808723,ima,8.918738660110177,haftalik_bilanco,-1.605970485970611,-0.7542317301380007,105.1698968778,0.009482230956730842,-0.015538854982005912,0.7386928751559948,14.712078471698545,False,-33.67796785247476,-13.990098218132474,False,103.65795963068034,56.42431773546808,46.84179271824666,28.188292718246657,162.31845783038005,2.449848171498431,49.29164088974509,31.859597269745088,-17.43204362,False,0.08867562979294359
2026-06-08,45.9084,46.65024823343876,8.025274612053568,156.52506874070687,16.4940227,-0.1483319899999999,16.64235469,2026-05-31,aylık,30.15622553343876,-0.0,4341.38,agort03,23.5655460461974,ara_deger,9.027198445820417,ara_deger,-0.4480718730436144,-0.24962578156130794,102.30699029404047,0.0008923975756884306,2.1887337748734104,2.4383595564347185,14.538347600376984,False,-31.48923407760135,-14.438170091176088,False,101.1155034628254,55.40956527788147,44.02861792177467,25.710217921774667,158.76124920493854,2.6216303116640916,46.65024823343876,30.15622553343876,-16.4940227,False,0.0838852632119134
2026-06-09,46.0144,48.04981347143502,8.071890408220035,158.29589688546756,16.10631024,-0.5360444499999999,16.64235469,2026-05-31,aylık,31.943503231435024,-0.0,4310.56,agort03,23.54378901766029,ara_deger,9.063351707723832,ara_deger,-1.8442284957935158,-0.24225032697078042,101.48691518796576,0.003687727295252241,0.961184401590538,1.2034347285613185,14.480437309936459,False,-30.52804967601081,-16.282398586969606,False,100.39767184782643,57.898225037641126,46.15095046333322,27.944250463333216,160.53207734969922,1.8988630081018059,48.04981347143502,31.943503231435024,-16.10631024,False,0.08641134159227461
2026-06-10,46.0328,48.261880680732,9.32941283171999,154.83102537435755,15.94389912,-0.69845557,16.64235469,2026-05-31,aylık,32.317981560732,-0.0,4183.2,agort03,23.522031989123185,ara_deger,9.099504969627246,ara_deger,-0.897513856423226,-0.23864656959668157,98.39736421690012,0.0018018786870567238,-0.21591488766658673,0.022731681930094838,14.42252701949594,False,-30.743964563677395,-17.179912443392833,False,98.85243422578225,55.978591148575305,46.26137232581985,28.16637232581985,157.72547998383763,2.0005083549121494,48.261880680732,32.317981560732,-15.94389912,False,0.08686255245491863
2026-06-11,46.0491,47.048432607803406,9.228543532881206,151.46506407818154,15.94474909,-0.6976055999999998,16.64235469,2026-05-31,aylık,31.103683517803404,-0.0,4120.97,agort03,23.500274960586076,ara_deger,9.135658231530659,ara_deger,1.3478319876872689,-0.24408029214870083,96.84392810432641,0.002716861276017113,-0.18234554601488528,0.06173474613381555,14.364616729055417,False,-30.92631010969228,-15.832080455705565,False,97.3818884756698,54.083175602511744,44.2945043877079,26.311204387707903,154.35951868766165,2.753928220095503,47.048432607803406,31.103683517803404,-15.94474909,False,0.0845468452091068
2026-06-12,46.0669,47.40122945108093,8.799137124486347,151.95269777107953,15.5614659,-1.08088879,16.64235469,2026-05-31,aylık,31.839763551080928,-0.0,4214.8,agort03,23.47851793204897,ima,9.171811493434072,haftalik_bilanco,2.0007928954402856,0.8943221798753395,98.95725738,0.014360621043662203,0.24785959793750978,-0.6464625819378297,14.306706438614897,False,-30.67845051175477,-13.83128756026528,False,99.59916804714742,52.35352972393211,45.07170734301636,27.200107343016356,154.8471523805596,2.329522108064573,47.40122945108093,31.839763551080928,-15.5614659,False,0.08525049988060444
2026-06-15,46.0857,49.923280214903976,8.762229324931594,156.23380142221734,15.871771970000001,-0.7705827199999998,16.64235469,2026-05-31,aylık,34.05150824490397,-0.0,4354.65,agort03,23.538661509985975,ara_deger,9.026583300993357,ara_deger,0.4728035080489784,0.30033773071808184,102.50263234446042,0.001115168713151038,1.5902003702455771,1.2898626395274952,14.512078208992618,False,-29.088250141509196,-13.358484052216301,False,102.90393782303086,53.32986359918648,47.856944344992044,30.320444344992044,159.12825603169745,2.0663358699119314,49.923280214903976,34.05150824490397,-15.871771970000001,False,0.08985775211524963
2026-06-16,46.1932,49.65561835941221,6.179777781145278,159.34824983619595,16.12355778,-0.5187969100000001,16.64235469,2026-05-31,aylık,33.53206057941221,-0.0,4387.23,agort03,23.55870936929831,ara_deger,8.978173903513119,ara_deger,-0.05219831696750993,0.3000926537387645,103.35747650626661,0.0001225384896587009,5.4540875712161325,5.153994917477368,14.580535465785191,False,-23.634162570293064,-13.410682369183812,False,103.67382984518518,55.674419991010765,50.21909198756527,32.79429198756527,162.242704445676,-0.5634736281530621,49.65561835941221,33.53206057941221,-16.12355778,False,0.08938258099335432
2026-06-17,46.2125,55.60584179605085,6.172188693535299,164.16685496072026,16.67948105,0.037126359999999976,16.64235469,2026-05-31,aylık,38.926360746050854,-0.0,4383.65,agort03,23.578757228610645,ara_deger,8.92976450603288,ara_deger,-1.2920411581313562,0.29405472368965946,103.36101912519905,0.0030189650245524557,0.42915446635788523,0.13509974266822578,14.648992722577765,False,-23.205008103935178,-14.702723527315168,False,102.92160513282646,61.2452498278938,56.0300762131458,38.7169762131458,166.93286545847985,-0.4242344170949437,55.60584179605085,38.926360746050854,-16.67948105,False,0.1000515515794307
2026-06-18,46.2307,54.82795142621678,6.131911435474696,159.36552080070655,16.804754629999998,0.16239994000000002,16.64235469,2026-05-31,aylık,38.02319679621678,-0.0,4295.45,agort03,23.59880508792298,ara_deger,8.881355108552642,ara_deger,-2.348021969708743,0.28313305294097235,101.36748731491876,0.00546083537434372,1.575798642043678,1.2926655891027057,14.717449979370338,False,-21.6292094618915,-17.05074549702391,False,100.85079985121975,58.5147209494868,52.62080182649192,35.41940182649192,162.1315312984662,2.2071495997248576,54.82795142621678,38.02319679621678,-16.804754629999998,False,0.09861312678248435
2026-06-19,46.246,54.2569915884617,6.064096635384682,157.10655441596268,17.07383292,0.43147822999999996,16.64235469,2026-05-31,aylık,37.1831586684617,-0.0,4135.91,agort03,23.618852947235315,ima,8.832945711072403,haftalik_bilanco,1.5161469279961444,-1.1692833293272769,97.685450093,0.014144122567119721,-2.446904770448254,-1.2776214411209772,14.785907236162911,False,-24.07611423233975,-15.534598569027766,False,97.10503710034065,60.001517315622024,52.012970354192795,34.923270354192795,159.87256491372227,2.2440212342689065,54.2569915884617,37.1831586684617,-17.07383292,False,0.09755397554720194
2026-06-22,46.2724,52.18338739723896,6.1229684866140515,156.9774840691961,15.872114719999999,-0.7702399700000001,16.64235469,2026-05-31,aylık,36.31127267723896,-0.0,4238.45,agort03,23.529817564656494,ara_deger,9.019785549229294,ara_deger,-1.4993216081540917,-0.38025904758953477,99.72995525691832,0.004751031093103375,1.1969814970631285,1.5772405446526632,14.5100320154272,False,-22.879132735276624,-17.03392017718186,False,99.51252432909295,57.46495974010314,49.954224548542975,33.19962454854297,159.7434945669557,2.229162848695985,52.18338739723896,36.31127267723896,-15.872114719999999,False,0.09377220428534597
2026-06-23,46.3758,51.20365899887442,6.095886669340476,154.77762849067832,15.221808249999999,-1.42054644,16.64235469,2026-05-31,aylık,35.98185074887442,-0.0,4135.12,agort03,23.50013910379689,ara_deger,9.08206549528159,ara_deger,-0.5806158242149109,-0.3765558825432071,97.17589521089259,0.0018515825231711913,0.11254316632724892,0.489099048870456,14.4180736085153,False,-22.766589568949374,-17.61453600139677,False,97.08648907117433,57.691139419504,48.91476819806883,32.27186819806883,157.54363898843792,2.2888908008055893,51.20365899887442,35.98185074887442,-15.221808249999999,False,0.09202690368572622
2026-06-24,46.3925,50.095769811930815,6.00034096028453,154.285935521026,14.677537430000001,-1.9648172599999998,16.64235469,2026-05-31,aylık,35.418232381930814,-0.0,4094.85,agort03,23.470460642937283,ara_deger,9.144345441333886,ara_deger,-1.1049732654996716,-0.3694631306180991,96.10801576373173,0.0035463759625578017,-0.5505900520843541,-0.18112692146625498,14.326115201603397,False,-23.317179621033727,-18.71950926689644,False,96.71565999098651,57.570275530039495,47.82274128361266,31.291541283612656,156.96228597294822,2.2730285283181573,50.095769811930815,35.418232381930814,-14.677537430000001,False,0.09011096792282164
2026-06-25,46.4099,48.171385846554294,5.991511552492033,150.18769413770193,14.41754619,-2.2248085,16.64235469,2026-05-31,aylık,33.75383965655429,-0.0,4017.72,agort03,23.440782182077676,ara_deger,9.206625387386184,ara_deger,0.5438871311251624,-0.3729768613461958,94.17849938857711,0.0017568653640518406,-1.5225574624380864,-1.1495806010918908,14.234156794691492,False,-24.839737083471814,-18.175622135771277,False,94.89393786316626,55.29375627453567,45.81994641229566,29.400446412295658,152.8640445896242,2.351439434258637,48.171385846554294,33.75383965655429,-14.41754619,False,0.08661700789942592
2026-06-26,46.4302,47.303826195019624,6.00175545227029,148.97724796031807,14.51841297,-2.12394172,16.64235469,2026-05-31,aylık,32.785413225019624,-0.0,4055.93,agort03,23.41110372121807,ima,9.26890533343848,haftalik_bilanco,0.05939723322867813,0.3185435185712691,94.953797916,0.00016475861339407954,1.0349119658061656,0.7163684472348966,14.142198387779588,False,-23.804825117665647,-18.116224902542598,False,95.79641423428012,53.180833726037946,45.39085847142593,29.08305847142593,151.6535984122403,1.9129677235936953,47.303826195019624,32.785413225019624,-14.51841297,False,0.0851214422467947
2026-06-29,46.4482,49.023189940622025,5.965333898837845,151.55399750558743,15.17988907,-1.46246562,16.64235469,2026-05-31,aylık,33.84330087062202,-0.0,4060.13,agort03,23.451525930304516,ara_deger,9.230871059956323,ara_deger,-0.3620578729990655,0.10551533884170275,95.21624397540728,0.00033291700769949584,-0.5189783460208033,-0.624493684862506,14.220654870348193,False,-24.32380346368645,-18.478282775541665,False,95.89561341665852,55.65838408892891,47.144410074017934,31.171710074017934,154.23034795750965,1.8787798666040914,49.023189940622025,33.84330087062202,-15.17988907,False,0.08818124766085297
2026-06-30,46.5551,48.682851051764466,5.928951479000152,147.74487476293066,15.75696882,-0.88538587,16.64235469,2026-05-31,aylık,32.92588223176446,-0.0,4034.67,agort03,23.465,evds_aylik,9.218192968795602,ara_deger,-0.571724366162234,-0.02789992970957222,94.67353154999999,0.00014014431940156946,0.5922829346001657,0.6201828643097379,14.246807031204398,False,-23.731520529086282,-19.050007141703897,False,95.2942774206219,52.45059734230877,46.71854514328183,30.85754514328183,150.42122521485294,1.9643059084826362,48.682851051764466,32.92588223176446,-15.75696882,True,0.08757673198917508
2026-07-01,46.5747,48.383307761510004,5.781642780307763,149.82856224085484,15.58417566,-1.0581790299999998,16.64235469,2026-05-31,aylık,32.799132101510004,-0.0,3994.54,agort03,23.44533739254715,ara_deger,9.205514877634883,ara_deger,1.17079820717609,-0.028474196639125784,93.65333802802529,0.00028713346476960666,4.24531529764075,4.2737894942798755,14.239822514912266,False,-19.48620523144553,-17.879208934527806,False,93.51659025855442,56.31197198230042,46.607511953914894,30.87326195391489,152.27745636579516,1.7757958075951095,48.383307761510004,32.799132101510004,-15.58417566,False,0.08700131425269693
2026-07-02,46.5867,56.19050417823113,8.555564442212047,158.09442750977516,15.20133691,-1.4410177800000001,16.64235469,2026-05-31,aylık,40.98916726823113,-0.0,4076.76,agort03,23.425674785094294,ara_deger,9.192836786474164,ara_deger,1.4116128727031358,-0.029166920964964926,95.50085393688101,0.00034636216292693867,-0.4514570595358136,-0.4222901385708487,14.23283799862013,False,-19.937662290981343,-16.467596061824672,False,95.44145120651298,62.65297630326218,54.4905283696849,38.8830283696849,160.54332163471548,1.6999758085462275,56.19050417823113,40.98916726823113,-15.20133691,False,0.1010139852616787
2026-07-03,46.608,57.2836516048747,8.617001115688295,159.94731111879466,15.27289185,-1.3694628400000002,16.64235469,2026-05-31,aylık,42.0107597548747,-0.10403117999999978,4175.94,agort03,23.406012177641443,ima,9.180158695313445,haftalik_bilanco,-0.5538124760670201,0.17011647268444868,97.7421024931,0.0008004131343175569,1.931744301108993,1.7616278284245444,14.225853482327999,False,-18.00591798987235,-17.02140853789169,False,97.76336447358337,62.18394664521129,55.04253141091659,39.56178141091659,162.39620524373498,2.2411201939581105,57.2836516048747,42.0107597548747,-15.27289185,False,0.1030546289473474
2026-07-06,46.6337,57.89636970688579,8.579184752657413,162.60784833812826,14.545494490000001,-2.20089138,16.74638587,2026-06-30,aylık,43.35087521688579,-0.0,4137.01,agort03,23.485548222704697,ara_deger,9.218574106710246,ara_deger,-0.2909036022251315,0.05642600765467543,97.15994785281156,0.0001397416200765722,1.6699802740845915,1.613554266429916,14.26697411599445,False,-16.33593771578776,-17.312312140116823,False,96.85197020571636,65.75587813241191,55.701922279381655,40.60142227938165,165.05674246306856,2.1944474275041372,57.89636970688579,43.35087521688579,-14.545494490000001,False,0.1042233301300332
2026-07-07,46.7362,59.29967414980251,8.57433595371468,164.22298234340755,14.57457106,-2.17181481,16.74638587,2026-06-30,aylık,44.725103089802516,-0.0,4116.62,agort03,23.512060237725784,ara_deger,9.231379243842513,ara_deger,-0.5702275920857567,0.05587869202056035,96.79021741582672,0.0002736578170503545,0.3167256775705678,0.26084698555000746,14.280680993883271,False,-16.019212038217194,-17.88253973220258,False,96.37461780084072,67.84836454256683,57.13585090358224,42.162100903582235,166.6718764683479,2.163823246220275,59.29967414980251,44.725103089802516,-14.57457106,False,0.10664224490635842
2026-07-08,46.7525,58.73700845944067,8.53277086786803,163.7002598334921,14.30697237,-2.4394135,16.74638587,2026-06-30,aylık,44.43003608944068,-0.0,4076.69,agort03,23.538572252746867,ara_deger,9.24418438097478,ara_deger,0.4216844422172701,0.056283044918287735,95.95946211705063,0.0002021764488601141,0.019966103819669234,-0.0363169410986185,14.294387871772088,False,-15.999245934397525,-17.46085528998531,False,95.41905578446911,68.281204049023,56.40783472541575,41.56083472541575,166.40218465322712,2.32917373402492,58.73700845944067,44.43003608944068,-14.30697237,False,0.1055936074122414
2026-07-09,46.7694,59.02310701013911,8.340791842529518,163.99434224804867,14.343399400000001,-2.4029864699999997,16.74638587,2026-06-30,aylık,44.679707610139104,-0.0,4106.19,agort03,23.565084267767954,ara_deger,9.256989518107048,ara_deger,-0.42022874279753275,0.0558804739146859,96.76271336946608,0.0002012855017972659,0.057465053672428046,0.0015845797577421425,14.308094749660906,False,-15.941780880725096,-17.881084032782844,False,96.10953314370951,67.88480910433915,56.94735290595988,42.22710290595988,166.69626706778362,2.075754104179225,59.02310701013911,44.679707610139104,-14.343399400000001,False,0.10606966402269155
2026-07-10,46.7854,58.220222398440534,8.237311639956054,163.32139858884972,14.00675868,-2.73962719,16.74638587,2026-06-30,aylık,44.213463718440536,-0.0,4076.82,agort03,23.591596282789038,ima,9.269794655239314,haftalik_bilanco,-0.0920891844651489,-0.3907903704216098,96.1786915576,0.00030866601011343697,0.347706458631729,0.7384968290533388,14.321801627549723,False,-15.594074422093367,-17.973173217247993,False,95.4220985660522,67.89930002279752,56.280018873409226,41.68651887340923,166.02332340858473,1.9402035250313077,58.220222398440534,44.213463718440536,-14.00675868,False,0.10471508774726838
2026-07-13,46.8084,56.53101731740457,6.560664944753507,162.90035340383173,13.73858302,-3.00780285,16.74638587,2026-06-30,aylık,42.79243429740457,-0.0,4070.39,agort03,23.683023637067553,ara_deger,9.457230099755279,ara_deger,-0.6455665107232261,-0.12881117442887335,96.3991425820834,0.0007261411891624769,2.2212280777638416,2.350039252192715,14.225793537312274,False,-13.372846344329526,-18.61873972797122,False,95.27159790774996,67.62875549608177,54.83561587236479,40.62236587236479,165.6022782235667,1.6954014450397779,56.53101731740457,42.79243429740457,-13.73858302,False,0.10162700718570501
2026-07-14,46.9121,57.85280166524202,6.452477825550337,161.88648207315617,13.59289292,-3.15349295,16.74638587,2026-06-30,aylık,44.259908745242015,-0.0,4025.01,agort03,23.71349942182706,ara_deger,9.5197085812606,ara_deger,0.26840458479510965,-0.2588326908486878,95.44707230784815,0.0006051709954633666,-0.4928082451434693,-0.2339755542947815,14.193790840566459,False,-13.865654589472996,-18.35033514317611,False,94.20943307512859,67.67704899802759,56.051237484572205,41.964737484572204,164.5884068928912,1.8015641806698142,57.85280166524202,44.259908745242015,-13.59289292,False,0.10401947674327344
2026-07-16,46.9253,57.97108536333278,6.311261813989468,163.4988342570333,14.07679629,-2.66958958,16.74638587,2026-06-30,aylık,43.894289073332786,-0.0,4043.92,agort03,23.774450991346068,ara_deger,9.644665544271243,ara_deger,-0.7138367607862199,-0.12779956918473814,96.14197785292419,0.0008083881197994414,-3.417476847562783,-3.289677278378045,14.129785447074825,False,-17.283131437035777,-19.06417190396233,False,95.40252803989624,68.09630621713707,55.843741904686816,42.01074190468682,166.21971944771795,2.127343458645967,57.97108536333278,43.894289073332786,-14.07679629,False,0.10420288350942732
2026-07-17,46.967,53.28735803862286,6.286408137628547,160.44641274190627,13.54923625,-3.1971496200000002,16.74638587,2026-06-30,aylık,39.73812178862286,-0.0,3993.4,agort03,23.804926776105575,ima,9.707144025776564,haftalik_bilanco,0.3537208661246625,1.7085959859995499,95.0625945877,0.005334040424740338,2.27046291037661,0.56186692437706,14.09778275032901,False,-15.012668526659168,-18.710451037837668,False,94.21068059568974,66.23573214621653,51.17124174420338,37.464991744203374,163.16729793259097,2.1161162944194842,53.28735803862286,39.73812178862286,-13.54923625,False,0.09592510421241075
2026-07-20,46.9858,56.19410613419374,6.296193296698152,163.24171640383963,13.82201541,-2.92437046,16.74638587,2026-06-30,aylık,42.37209072419374,-0.0,4018.49053178,agort03,24.287322122403438,ara_deger,9.764355842963878,ara_deger,0.6277078127240876,0.5756577187317593,97.59837399116915,0.0030628616992904867,1.4614464746422375,0.8857887559104782,14.52296627943956,False,-13.55122205201693,-18.082743225113582,False,94.80260629196398,68.43911011187565,53.946379672156276,40.620379672156275,165.96260159452433,2.2477264620374626,56.19410613419374,42.37209072419374,-13.82201541,False,0.10111727705392241
2026-07-21,47.0938,57.87374172396366,6.32613978910175,165.91091993015925,13.38255022,-3.36383565,16.74638587,2026-06-30,aylık,44.49119150396366,-0.0,4061.71226766,agort03,24.44812057116939,ara_deger,9.783426448692982,ara_deger,0.8260824045507242,0.5836414432056527,99.30123124514952,0.0039918622369431445,-1.2189859856868515,-1.8026274288925042,14.664694122476408,False,-14.770208037703782,-17.256660820562857,False,95.82227603548628,70.08864389467297,55.697552565305834,42.498302565305835,168.63180512084392,2.1761891586578272,57.87374172396366,44.49119150396366,-13.38255022,False,0.10414616495080292
2026-07-22,47.1134,57.03425900062403,6.377625006898249,167.35908028153298,12.884485860000002,-3.86190001,16.74638587,2026-06-30,aylık,44.149773140624035,-0.0,4118.04364407,agort03,24.608919019935346,ara_deger,9.802497054422087,ara_deger,-0.6674806312013772,0.5772522838024224,101.34060255747808,0.003194579701611522,-0.1349375312185308,-0.7121898150209532,14.806421965513259,False,-14.905145568922313,-17.924141451764235,False,98.02972740789332,69.32935287363966,54.92274435723171,41.8502443572317,170.03664218672392,2.1115146433923258,57.03425900062403,44.149773140624035,-12.884485860000002,False,0.10259286010625958
2026-07-23,47.1309,56.1895674599891,6.322249288683221,166.46701746842595,12.897588200000001,-3.8487976699999997,16.74638587,2026-06-30,aylık,43.2919792599891,-0.0,4072.96316259,agort03,24.769717468701298,ara_deger,9.82156766015119,ara_deger,-0.7982698017291618,0.5696836509876974,100.8861467977824,0.003784316407366206,-2.045042123668198,-2.6147257746558954,14.948149808550108,False,-16.95018769259051,-18.722411253493398,False,96.95658984723033,69.51042762119562,54.041103522317634,41.09535352231764,169.1445793736169,2.1484639376714654,56.1895674599891,43.2919792599891,-12.897588200000001,False,0.10103597264800221
2026-07-24,47.1467,53.58094188988837,6.2979548939798535,162.80705110059736,13.15656895,-3.58981692,16.74638587,2026-06-30,aylık,40.42437293988837,-0.0,4019.5605802,agort03,24.930515917467254,ima,9.840638265880296,haftalik_bilanco,1.0074917877400111,-0.22540080146089614,100.2097190259,0.0018414001609883268,-1.1086777685751852,-0.883276967114289,15.089877651586958,False,-18.058865461165695,-17.714919465753386,False,95.68534528378144,67.12170581681592,51.116134342382395,38.29713434238239,165.4846130057883,2.464807547505977,53.58094188988837,40.42437293988837,-13.15656895,True,0.09642634206772596
2026-07-27,47.1647,53.471333242870195,6.324675127796847,163.67093610285318,13.12142605,-3.62495982,16.74638587,2026-06-30,aylık,40.34990719287019,-0.0,4086.32664756,agort03,24.877590045402147,ara_deger,9.84287215486745,ara_deger,-0.6002097790429941,-0.07439957877726079,101.65795912960019,0.0003670108548571305,3.570974798912557,3.645374377689818,15.034717890534697,False,-14.487890662253138,-18.31512924479638,False,97.27470662841476,66.39622947443841,51.04190606534124,37.99576320819838,166.34849800804412,2.4294271775289573,53.471333242870195,40.34990719287019,-13.12142605,False,0.0961924271613136
2026-07-28,47.2681,56.578730539200855,6.280829354257946,165.6698790750896,13.301904100000002,-3.44448177,16.74638587,2026-06-30,aylık,43.27682643920085,0.3375689500000014,4046.40506184,agort03,24.85994808804711,ara_deger,9.843616784529834,ara_deger,-0.15958655376412237,-0.07420417472027815,100.59341978055345,9.770202848774501e-05,2.982281849738846,3.056486024459124,15.016331303517275,False,-11.505608812514293,-18.474715798560503,False,96.32437620356416,69.34550287152544,54.131344162342046,41.0094870194849,168.34744098028057,2.447386376858809,56.578730539200855,43.27682643920085,-13.301904100000002,False,0.10179877309373767
2026-07-29,47.2899,58.905198869103124,6.280309918185489,166.82315038385573,12.806196570000001,-3.60262035,16.40881692,2026-07-24,haftalık,46.09900229910312,-0.0,4035.77752902,agort03,24.842306130692073,ara_deger,9.84436141419222,ara_deger,0.11624474604006234,-0.07434668385594156,100.25802085128285,7.12545678352855e-05,-1.0728931253263443,-0.9985464414704027,14.997944716499854,False,-12.578501937840636,-18.35847105252044,False,100.61401592658976,66.20913445726598,56.46578994669051,43.268218518119085,169.70189103804407,2.4394089224126105,58.905198869103124,46.09900229910312,-12.806196570000001,False,0.1059358807400465
2026-07-30,47.3075,58.21047066532791,6.26540935369656,166.27035773401653,13.08301731,-3.3257996100000002,16.40881692,2026-07-24,haftalık,45.12745335532791,-0.0,4043.52824075,agort03,24.824664173337037,ara_deger,9.845106043854603,ara_deger,0.19853622527128156,-0.074590376196571,100.37923065202307,0.0001218461703111351,-2.282316528969342,-2.207726152772771,14.979558129482434,False,-14.860818466809977,-18.159934827249156,False,100.80724516874622,65.46311256527031,55.86757930560693,42.59429359132122,169.14909838820483,2.34289135972098,58.21047066532791,45.12745335532791,-13.08301731,False,0.10464759553024172
2026-07-31,47.3274,56.236751247691615,6.294859869758322,164.19707475084138,13.163627680000001,-3.24518924,16.40881692,2026-07-24,haftalık,43.07312356769161,-0.0,4056.78205128,agort03,24.807022215982002,ima,9.845850673516988,haftalik_bilanco,-0.22446772103902923,-0.08177635465311466,100.6366824715,0.00015177963896015334,-1.4987152674575288,-1.416938912804414,14.961171542465014,False,-16.359533734267508,-18.384402548288186,False,101.13766950313148,63.059405247709904,54.16724377421959,40.818243774219596,167.07581540502966,2.0695074734720222,56.236751247691615,43.07312356769161,-13.163627680000001,True,0.10105691749247163
2026-08-03,47.3452,54.33220799574191,6.27292990630518,163.6809355115054,13.00419738,-3.40461954,16.40881692,2026-07-24,haftalık,41.32801061574191,-0.0,4041.77869941,agort03,24.869584123418285,ara_deger,9.928645344974976,ara_deger,0.18768858630545934,-0.027343506443300886,100.51735537321714,4.236077947306072e-05,3.4711754531491565,3.4985189595924573,14.940938778443309,False,-12.888358281118352,-18.196713961982727,False,100.76362820052108,62.91730731098431,52.17800026190617,39.22671454762046,166.55967616569367,2.15420773383574,54.33220799574191,41.32801061574191,-13.00419738,False,0.09771217554183305
2026-08-04,47.4497,57.85523014897881,6.267430500087461,167.51418827897672,12.873854900000001,-3.53496202,16.40881692,2026-07-24,haftalık,44.98137524897881,-0.18537231999999904,4054.34073377,agort03,24.890438092563716,ara_deger,9.956243568794305,ara_deger,1.7299043693330909,-0.028124728062580203,100.91431704006153,0.00039061080963254113,2.413208545977305,2.441333274039885,14.934194523769412,False,-10.475149735141047,-16.466809592649636,False,101.07680619808885,66.43738208088787,55.73490258104898,42.91618829533469,170.392928933165,2.1203275679298343,57.85523014897881,44.98137524897881,-12.873854900000001,False,0.10406229862792045
2026-08-05,47.4694,61.97585838455932,6.302713790357577,173.5042178046917,12.81608693,-3.7781023100000004,16.59418924,2026-07-31,aylık,49.15977145455932,-0.0,4170.17586412,agort03,24.911292061709144,ara_deger,9.983841792613633,ara_deger,0.9935724626393123,-0.02857362627388423,103.88446889978364,0.00022444910564822784,2.5537423728574282,2.5823159991313123,14.92745026909551,False,-7.9214073622836185,-15.473237130010324,False,103.4496453057768,70.05457249891491,59.93581730546415,47.249674448321294,176.13172723902136,2.040041079095168,61.97585838455932,49.15977145455932,-12.81608693,False,0.11155784833809733
2026-08-06,47.4881,65.67817069960684,6.363713919908356,178.1434352444425,12.91008428,-3.68410496,16.59418924,2026-07-31,aylık,52.76808641960684,-0.0,4236.73595608,agort03,24.93214603085457,ara_deger,10.011440016432964,ara_deger,0.759591714076235,-0.028916966593226446,105.6309195511588,0.0001716701596750081,-1.3518706945122005,-1.322953727918974,14.920706014421608,False,-9.273278056795819,-14.713645415934089,False,105.10080298572629,73.0426322587162,63.79968293109221,51.246111502520776,180.77094467877217,1.8784877685146313,65.67817069960684,52.76808641960684,-12.91008428,False,0.11803781077774614
2026-08-07,47.5055,64.98085920577618,6.3735028365136674,178.1865161627065,12.79526285,-3.79892639,16.59418924,2026-07-31,aylık,52.185596355776184,-0.0,4287.64451988,agort03,24.953,irfcl_pdf,10.039038240252292,haftalik_bilanco,0.8370410704528892,0.2631653475697214,106.98959370456565,0.0017001440104779109,0.8750163974547085,0.6118510498849872,14.913961759747707,False,-8.398261659341111,-13.8766043454812,False,106.36369285889664,71.82282330380987,62.98352350780436,50.56252350780436,180.81402559703614,1.9973356979718275,64.98085920577618,52.185596355776184,-12.79526285,True,0.11687818831702322
2026-08-10,47.5229,66.67049935925627,6.296873402086152,180.92664643578772,12.849474970000001,-3.74471427,16.59418924,2026-07-31,aylık,53.821024389256266,-0.0,4343.76918239,agort03,24.93242857142857,ara_deger,9.957882251010233,ara_deger,0.22634980477191755,0.08802704059666064,108.30071487071136,0.00015262903670626438,2.946101263267315,2.8580742226706546,14.974546320418337,False,-5.452160396073796,-13.650254540709282,False,107.75597860864671,73.170667827141,64.78812673469001,52.179412448975725,183.55415587011734,1.8823726245662584,66.67049935925627,53.821024389256266,-12.849474970000001,False,0.11987344161551446
2026-08-11,47.626,70.21342541888885,6.322817263679504,185.06485526142475,13.1940061,-3.40018314,16.59418924,2026-07-31,aylık,57.01941931888885,0.3742628500000009,4358.88481928,agort03,24.92557142857143,ara_deger,9.930830254596215,ara_deger,0.6672314584997748,0.08892566508350505,108.6476949118793,0.00044931224342592557,0.5693328214976473,0.4804071564141422,14.994741173975216,False,-4.882827574576149,-12.983023082209508,False,108.13095254878564,76.93390271263911,68.40069625834629,55.72941054406057,187.69236469575443,1.8127291605425597,70.21342541888885,57.01941931888885,-13.1940061,False,0.1262646117090732
2026-08-12,47.6505,71.32468198654789,6.447265191341119,185.5740815602424,12.94425046,-3.27567593,16.219926389999998,2026-08-07,haftalık,58.38043152654789,-0.0,4403.38251689,agort03,24.918714285714287,ara_deger,9.903778258182195,ara_deger,-0.6476662472451655,0.08805456413489861,109.72663082909139,0.0004355504743032146,-0.4102222414489367,-0.4982768055838353,15.014936027532093,False,-5.293049816025086,-13.630689329454674,False,110.24215366224126,75.33192789800114,69.52553137952381,56.791674236666665,188.02167891207858,1.7991506070240746,71.32468198654789,58.38043152654789,-12.94425046,False,0.12834629722067714
2026-08-13,47.6678,69.69819423174555,6.159015205232883,184.38383550220783,12.66390118,-3.5560252099999996,16.219926389999998,2026-08-07,haftalık,57.03429305174555,-0.0,4360.24771791,agort03,24.911857142857144,ara_deger,9.876726261768175,ara_deger,-0.11100282357870361,0.08790546760994643,108.62186825604279,7.454826247610402e-05,-1.1238767778579812,-1.2117822454679277,15.03513088108897,False,-6.416926593883067,-13.741692153033377,False,109.16223995519823,75.2215955470096,68.48813477861366,55.691706207185085,186.83143285404404,1.2100594531318905,69.69819423174555,57.03429305174555,-12.66390118,False,0.12537405236677826
2026-08-14,47.6858,68.51493884972047,6.134142784644485,183.4711565958799,12.74039782,-3.47952857,16.219926389999998,2026-08-07,haftalık,55.77454102972047,-0.0,4352.86482085,agort03,24.905,irfcl_pdf,9.849674265354155,haftalik_bilanco,0.5632856652627929,-0.6588334375774236,108.40809836326925,0.002807320777027167,0.5184240564344416,1.1772574940118652,15.055325734645846,False,-5.898502537448626,-13.178406487770584,False,108.97740330540933,74.49375329047058,67.14020507153073,54.28120507153073,185.91875394771608,1.3747337781897357,68.51493884972047,55.77454102972047,-12.74039782,True,0.12319915864813327
2026-08-17,47.7206,69.39365483669526,6.171566199922046,185.0572684922647,12.49998067,-3.71994572,16.219926389999998,2026-08-07,haftalık,56.89367416669526,-0.0,4390.2792,agort03,24.915285714285716,ara_deger,10.010026389443015,ara_deger,-0.019493252414466002,-0.21954572639118342,109.38506063348572,3.2709733987987266e-05,2.237847071951638,2.457392798342821,14.905259324842701,False,-3.660655465496988,-13.19789974018505,False,109.91410179108729,75.14316670117742,67.5048433800078,55.44812909429351,187.5048658441009,1.8888114566874634,69.39365483669526,56.89367416669526,-12.49998067,False,0.12483327230876684
2026-08-18,47.8109,71.3017572352748,6.15360967896442,187.34312131273617,12.20768577,-4.01224062,16.219926389999998,2026-08-07,haftalık,59.09407146527481,-0.11860218000000344,4388.97138965,agort03,24.918714285714284,ara_deger,10.063477097472635,ara_deger,-0.5583630308417007,-0.21766554693339066,109.36752406686273,0.0009400897288885934,-1.1153714105739558,-0.8977058636405651,14.855237188241649,False,-4.776026876070944,-13.756262771026751,False,109.881359727682,77.46176158505418,69.44204009964255,57.65275438535684,189.79071866457232,1.859717135632252,71.3017572352748,59.09407146527481,-12.20768577,False,0.12817256400102378
2026-08-19,47.8293,69.40677624385052,6.017052078955786,186.00319496861022,12.12299682,-4.21553175,16.33852857,2026-08-14,haftalık,57.28377942385052,-0.0,4351.38444144,agort03,24.922142857142855,ara_deger,10.116927805502256,ara_deger,1.897777302024767,-0.22407753589194454,108.44582467591644,0.003205994479280827,0.44979214722715843,0.673869683119103,14.8052150516406,False,-4.326234728843785,-11.858485469001984,False,108.297779968278,77.70541500033222,67.61417482589124,56.092317683034096,188.4211384444263,1.7926014179592755,69.40677624385052,57.28377942385052,-12.12299682,False,0.12486281291480363
2026-08-20,47.8467,71.33362731390044,6.075731429753777,189.3986076133918,11.64359909,-4.69492948,16.33852857,2026-08-14,haftalık,59.690028223900434,-0.0,4479.56746988,agort03,24.925571428571427,ara_deger,10.170378513531874,ara_deger,1.3419172479727466,-0.22862682021997896,111.65577893959893,0.0022746421640131853,-3.127175752654834,-2.898548932434855,14.755192915039553,False,-7.453410481498619,-10.516568221029237,False,111.48801461577531,77.91059299761648,69.72514689623318,58.470718324804615,191.81655108920782,1.608480417667252,71.33362731390044,59.690028223900434,-11.64359909,False,0.12828263415020705
2026-08-21,47.8642,69.18546590144618,6.1559865619816065,188.761573929677,11.20044105,-5.13808752,16.33852857,2026-08-14,haftalık,57.98502485144618,-0.0,4570.51289199,agort03,24.929,irfcl_pdf,10.223829221561495,haftalik_bilanco,0.7970965901446774,0.7166147257870709,113.9383158844187,0.004199633075932074,-1.2699661307345127,-1.9865808565215834,14.705170778438504,False,-8.723376612233132,-9.71947163088456,False,113.75147523281322,75.01009869686379,66.9233946039002,55.936394603900204,191.17951740549304,2.2620712975459725,69.18546590144618,57.98502485144618,-11.20044105,True,0.12437408573661744
2026-08-24,47.8799,68.49412471621704,6.215727497342309,189.56430857567108,10.92222847,-5.4163001,16.33852857,2026-08-14,haftalık,57.571896246217044,-0.0,4624.71808295,agort03,25.149285714285714,ara_deger,10.289161766176388,ara_deger,0.05907634890088317,0.23907691378099877,116.30835641613326,0.00010266925931817078,1.1292422983056014,0.8901653845246027,14.860123948109326,False,-7.594134313927531,-9.660395281983677,False,115.10054055276503,74.46376802290605,66.2873165984056,55.41345945554845,191.98225205148717,2.2068081178114483,68.49412471621704,57.571896246217044,-10.92222847,False,0.12323350532270969
2026-08-25,47.9924,69.53355935523125,6.1974735791500315,190.65946882279786,10.79159838,-5.54693019,16.33852857,2026-08-14,haftalık,58.74196097523125,0.21344105000000013,4628.69357798,agort03,25.222714285714286,ara_deger,10.310939281048018,ara_deger,-0.18994731719050295,0.2384189787182649,116.7482156335101,0.0003289675313628282,1.6323670724401222,1.3939480937218574,14.911775004666268,False,-5.961767241487408,-9.85034259917418,False,115.19948315179711,75.45998567100075,67.3426234153741,56.506480558231246,193.07741229861392,2.190935939857141,69.53355935523125,58.74196097523125,-10.79159838,False,0.12495527193465829
2026-08-26,48.0117,70.59415659099763,6.09905093966679,191.13161220581466,10.5081985,-5.6168890199999995,16.12508752,2026-08-21,haftalık,60.08595809099763,-0.0,4615.95550239,agort03,25.296142857142858,ara_deger,10.33271679591965,ara_deger,-0.4248880938212451,0.23695234140710253,116.76586981067207,0.0007333186555852911,0.25832920278323085,0.02137686137612832,14.963426061223208,False,-5.703438038704177,-10.275230692995425,False,115.35694135579409,75.77467085002057,68.51085741600485,57.71242884457628,193.86145801960774,2.0832991749927743,70.59415659099763,60.08595809099763,-10.5081985,False,0.1269568205280453
2026-08-27,48.0292,70.54693636371208,6.072753283419253,190.36237285734867,10.65383482,-5.4712527,16.12508752,2026-08-21,haftalık,59.89310154371208,-0.0,4587.56039474,agort03,25.36957142857143,ara_deger,10.35449431079128,ara_deger,-0.0370741007869414,0.23682480849723828,116.38444111724179,6.37664549280395e-05,-1.0284878513093818,-1.26531265980662,15.01507711778015,False,-6.731925890013558,-10.312304793782367,False,114.64732169713913,75.71505116020954,68.45736310411166,57.69664881839738,193.09221867114172,2.0895732596004137,70.54693636371208,59.89310154371208,-10.65383482,False,0.12682575532436371
2026-08-28,48.0466,69.1730717678254,6.078017549628902,188.52850295594303,10.340267910000001,-5.78481961,16.12508752,2026-08-21,haftalık,58.832803857825404,-0.0,4585.09126984,agort03,25.443,irfcl_pdf,10.376271825662911,haftalik_bilanco,-2.4920689329197003,0.5001422531234891,116.65847717853912,0.009358643942836586,1.3797701497775767,0.8796278966540876,15.06672817433709,False,-5.352155740235982,-12.804373726702067,False,114.58561601212071,73.94288694382232,66.6245554107887,55.9015554107887,191.25834876973605,2.5485163570367035,69.1730717678254,58.832803857825404,-10.340267910000001,True,0.12431093588231504
2026-08-31,48.0732,68.25523418453525,6.130494329480875,186.71145805197827,10.482252330000001,-5.64283519,16.12508752,2026-08-21,haftalık,57.77298185453525,-0.0,4419.68913979,agort03,25.443,evds_aylik,10.26310951100581,ara_deger,-0.8445992925530399,0.21480189757559692,112.45015078367697,0.0013693059532340346,-1.8046996103103494,-2.019501507885946,15.179890488994191,False,-7.156855350546331,-13.648973019255108,False,110.45206580644346,76.25939224553481,65.71337106745547,54.79737106745547,189.44130386577137,2.541863117079785,68.25523418453525,57.77298185453525,-10.482252330000001,True,0.12273521236343682
2026-09-01,48.1745,65.6123319390964,5.925385836905416,181.69078804851998,10.69375748,-5.43133004,16.12508752,2026-08-21,haftalık,54.918574459096405,-0.3827320899999975,4364.04978632,agort03,25.4545,ara_deger,10.225388739453445,ara_deger,-1.046110086033868,0.21142085027204602,111.08470528588244,0.0016905236517867905,0.3669554875270953,0.15553463725504926,15.229111260546555,False,-6.789899863019236,-14.695083105288976,False,109.06158757674868,72.6292004717713,62.81832326230682,51.57082326230682,184.42063386231305,2.7940086767895878,65.6123319390964,54.918574459096405,-10.69375748,False,0.11800656866502017
2026-09-02,48.1891,65.27845168305696,5.873148969372742,180.44658388440664,11.09126869,-5.41655092,16.50781961,2026-08-28,haftalık,54.18718299305696,-0.0,4295.35831325,agort03,25.466,ara_deger,10.187667967901078,ara_deger,1.978859423293987,0.21779595636368818,109.3855948052245,0.0031875530458287393,-0.829548338965965,-1.0473442953296532,15.278332032098923,False,-7.6194482019852,-12.71622368199499,False,109.6905806692849,70.75600321512174,62.43274595292296,50.85374595292296,183.5068472953427,2.845705730134,65.27845168305696,54.18718299305696,-11.09126869,False,0.1173705639064014
2026-09-03,48.2075,66.84821838925478,5.941429881242545,183.1840625756843,11.4434434,-5.064376210000001,16.50781961,2026-08-28,haftalık,55.40477498925478,-0.0,4424.87895851,agort03,25.4775,ara_deger,10.14994719634871,ara_deger,0.426869149633652,0.2191667445884143,112.73485366543852,0.0006853941123551865,-0.22527835007455715,-0.44444509466297144,15.327552803651288,False,-7.8447265520597576,-12.289354532361338,False,112.99814985237369,70.18591272331061,64.15840485401648,52.24790485401648,186.24432598662034,2.689813535238301,66.84821838925478,55.40477498925478,-11.4434434,False,0.12014720901197196
2026-09-04,48.2238,67.79722711607133,5.962124718499994,183.84273459005104,12.17016649,-4.33765312,16.50781961,2026-08-28,haftalık,55.62706062607133,-0.05101558000000139,4452.72875,agort03,25.489,irfcl_pdf,10.112226424796344,haftalik_bilanco,-1.1000898914608321,0.022757044722551266,113.49560310875002,0.00018580486756203385,0.6055843890001091,0.5828273442775579,15.376773575203657,False,-7.239142163059649,-13.389444423822171,False,113.70935007765715,70.13338451239389,65.65743485581808,53.41543485581808,186.90299800098705,2.1397922602532446,67.79722711607133,55.62706062607133,-12.17016649,True,0.12195184578958154
2026-09-07,48.2326,67.41382857237636,5.9024837972657505,183.05107725906723,12.34091437,-4.217920820000001,16.55883519,2026-08-31,aylık,55.07291420237636,-0.0,4381.18644068,agort03,25.449142857142856,ara_deger,10.06717501663443,ara_deger,0.17141769235822593,0.007604976655760494,111.49743961264254,9.647540779311736e-06,-1.4005551247239663,-1.4081601013797267,15.381967840508427,False,-8.639697287783616,-13.218026731463945,False,111.88237386765739,71.16870339140984,65.23703053536406,52.976173392506915,186.1113406700033,2.176798037012304,67.41382857237636,55.07291420237636,-12.34091437,False,0.12124011430041493
2026-09-08,48.3465,66.06004213334988,5.890415500605008,180.7973959025613,12.22833366,-4.330501529999999,16.55883519,2026-08-31,aylık,53.83170847334988,-0.020817929999999762,4392.33050847,agort03,25.435857142857145,ara_deger,10.052157880580458,ara_deger,-0.010730559594480325,0.007603768940737549,111.722691337656,6.038575036705629e-07,0.6854743004941662,0.6778705315534287,15.383699262276687,False,-7.954222987289449,-13.228757291058425,False,112.16695996682687,68.63043593573444,63.85741453879805,51.59027168165519,183.85765931349738,2.202627594551835,66.06004213334988,53.83170847334988,-12.22833366,False,0.11879830675016344
2026-09-09,48.3727,66.74858070771323,5.890219814068678,182.81770871347655,12.24232418,-4.33732894,16.57965312,2026-09-04,haftalık,54.506256527713234,-0.0,4391.63298056,agort03,25.42257142857143,ara_deger,10.037140744526486,ara_deger,-0.05250014191554148,0.007597860761074866,111.64660313635665,2.954089827443551e-06,-0.3523264688037567,-0.35992432956483156,15.385430684044945,False,-8.306549456093206,-13.281257432973966,False,112.27860324921771,70.53910546425884,64.52705445426862,52.253625882840055,185.4741003706636,2.2215262534446083,66.74858070771323,54.506256527713234,-12.24232418,False,0.11997163380042464
2026-09-10,48.3905,66.11107864146888,5.722579948543618,181.72765322765602,12.17728859,-4.40236453,16.57965312,2026-09-04,haftalık,53.933790051468876,-0.0,4388.22065217,agort03,25.409285714285716,ara_deger,10.022123608472516,ara_deger,-0.7542246082457463,0.0075129925510845005,111.50155232831673,4.243410499915612e-05,-1.306151709175777,-1.3136647017268615,15.3871621058132,False,-9.612701165268984,-14.035482041219712,False,112.19136201864295,69.53629120901307,64.13831394591914,51.85859966020485,184.3840448848431,1.972764695549742,66.11107864146888,53.933790051468876,-12.17728859,False,0.11891830795470625
2026-09-11,48.4069,64.14698815664708,5.68686966114335,178.71173212268727,12.30928471,-4.27036841,16.57965312,2026-09-04,haftalık,51.83770344664708,-0.0,4339.20416667,agort03,25.396,irfcl_pdf,10.007106472418544,haftalik_bilanco,-0.4279536882830361,0.20126157775213246,110.1984290167513,0.0006490863129070545,-0.31083124371970455,-0.512092821471837,15.388893527581457,False,-9.923532408988688,-14.463435729502748,False,110.93818295006245,67.77354917262481,62.25202572360552,49.96602572360552,181.36812377987437,1.894962433041563,64.14698815664708,51.83770344664708,-12.30928471,True,0.11534634867457301
2026-09-14,48.4305,63.371427901838715,5.587968408337721,177.36534995192287,12.37141064,-4.20824248,16.57965312,2026-09-04,haftalık,51.000017261838714,-0.0,4311.39491011,agort03,25.414,ara_deger,9.978425158841775,ara_deger,-0.6463659120250098,0.0664355980233097,109.56979024553553,0.0003257972803633047,-0.4213939610139581,-0.48782955903726777,15.435574841158227,False,-10.344926370002646,-15.109801641527758,False,110.22719810734506,67.1381518445778,61.27304904966911,48.808334763954825,180.02174160910997,2.0983788521696027,63.371427901838715,51.000017261838714,-12.37141064,False,0.11402672124107927
2026-09-15,48.5343,62.41852562002543,5.466063299563402,175.01905280168015,12.60817334,-3.97147978,16.57965312,2026-09-04,haftalık,49.81035228002543,0.023284710000002207,4269.51983136,agort03,25.419999999999998,ara_deger,9.96886472098285,ara_deger,0.8182181826598477,0.06725960434753926,108.53119411317121,0.0004120031621109854,0.9072036385386978,0.8399440341911585,15.451135279017148,False,-9.437722731463948,-14.29158345886791,False,109.15659968215485,65.8624531195253,60.313503460439314,47.7892177461536,177.67544445886722,2.105022159586113,62.41852562002543,49.81035228002543,-12.60817334,False,0.11232864665134251
2026-09-16,48.5585,64.40845755120112,5.549372859540553,176.95661874873704,12.789373889999998,-3.7669945200000003,16.556368409999997,2026-09-11,haftalık,51.619083661201124,-0.0,4322.47504584,agort03,25.426,ara_deger,9.959304283123927,ara_deger,-0.018281945063266802,0.06724121159738082,109.90325051552784,9.196375079224134e-06,-5.4267588354588625,-5.494000047056243,15.466695716876071,False,-14.86448156692281,-14.309865403931177,False,109.85467399963143,67.10194474910561,62.38337421872586,49.79951707586872,179.6011074683114,2.025083332475262,64.40845755120112,51.619083661201124,-12.789373889999998,False,0.11585207490297407
2026-09-17,48.5779,58.90818722093792,5.481908789799477,173.46827957629685,12.80160841,-3.75476,16.556368409999997,2026-09-11,haftalık,46.10657881093792,-0.0,4321.29302575,agort03,25.432,ara_deger,9.949743845265004,ara_deger,0.753090449780818,0.06799810497447295,109.89912423087401,0.00037844668854603025,-1.5736114535220993,-1.6416095584965722,15.482256154734994,False,-16.43809302044491,-13.55677495415036,False,109.82463324051288,63.64364633578397,56.79589537629251,44.15246680486394,176.11276829587115,2.112291844645405,58.90818722093792,46.10657881093792,-12.80160841,False,0.10591644950687885
2026-09-18,48.5873,58.100396729186436,5.529569681789274,174.50362803109917,12.76667803,-3.78969038,16.556368409999997,2026-09-11,haftalık,45.333718699186434,-0.0,4369.93519019,agort03,25.438,irfcl_pdf,9.940183407406082,haftalik_bilanco,-0.4877303056340849,0.008194885231000837,111.16241136805321,2.9722550808908288e-05,-0.2793991385858974,-0.2875940238168982,15.497816592593917,False,-16.717492159030808,-14.044505259784444,False,111.06086226682856,63.442765764270604,55.8424919063212,43.1394919063212,177.14811675067352,2.2579048228652354,58.100396729186436,45.333718699186434,-12.76667803,True,0.10456302434061468
2026-09-21,48.6116,57.31643934780998,5.499141624632804,173.88863777698205,12.78027815,-3.77609026,16.556368409999997,2026-09-11,haftalık,44.53616119780998,-0.0,4338.46428571,agort03,25.487285714285715,ara_deger,9.987580230902033,ara_deger,-0.6053021487267283,0.0027070397785187356,110.57567881111525,1.2294315903660369e-05,2.35912580499155,2.3564187652130313,15.499705483383682,False,-14.358366354039259,-14.649807408511172,False,110.26103672348594,63.62760105349611,54.96812923252886,41.93041494681457,176.53312649655638,2.348310115281123,57.31643934780998,44.53616119780998,-12.78027815,False,0.10310066873516888
2026-09-22,48.7131,58.83907575169718,5.380662532255184,174.23579165675156,12.667569989999999,-3.88879842,16.556368409999997,2026-09-11,haftalık,46.17150576169718,0.06367802999999839,4299.41179214,agort03,25.503714285714285,ara_deger,10.00337917206735,ara_deger,0.3821892101470047,0.0027225644682413223,109.65096994336938,7.76234485366789e-06,0.5960687634553613,0.5933461989871199,15.500335113646935,False,-13.762297590583897,-14.267618198364168,False,109.26852689878865,64.96726475796291,56.595143852475005,43.445858138189294,176.88028037632589,2.2439318992221757,58.83907575169718,46.17150576169718,-12.667569989999999,False,0.10586015526350588
2026-09-23,48.7323,59.71338303342957,5.275512360385206,175.71253690306872,12.668769469999999,-3.82392091,16.49269038,2026-09-18,haftalık,47.04461356342957,-0.0,4324.06862745,agort03,25.520142857142858,ara_deger,10.019178113232666,ara_deger,-1.036418556089864,0.0026804664118011243,110.35084909661364,2.1049028208652842e-05,0.025485896682273745,0.02280543027047262,15.500964743910192,False,-13.736811693901624,-15.304036754454032,False,110.42585560265968,65.28668130040904,57.60311446412338,44.34225732126624,178.4558877787422,2.110268569306193,59.71338303342957,47.04461356342957,-12.668769469999999,False,0.1073909113323167
2026-09-24,48.7499,59.01725267128754,5.246979747650765,173.7743468016551,13.01210438,-3.4805859999999997,16.49269038,2026-09-18,haftalık,46.00514829128754,-0.0,4257.20707572,agort03,25.536571428571428,ara_deger,10.034977054397984,ara_deger,0.2212812255564005,0.0026894542199768206,108.71447257534346,4.4939040765024085e-06,-4.338643391899839,-4.3413328461198155,15.501594374173443,False,-18.07545508580146,-15.082755528897632,False,108.71837945164845,65.05596735000665,56.74432926016259,43.371900688734016,176.51769767732858,2.2729234111249497,59.01725267128754,46.00514829128754,-13.01210438,False,0.10610071286197006
2026-09-25,48.7671,55.41151479173459,5.292124034441252,170.97524528854376,13.47858438,-3.0141060000000004,16.49269038,2026-09-18,haftalık,41.93293041173459,-0.0,4271.48181548,agort03,25.553,irfcl_pdf,10.050775995563301,haftalik_bilanco,-1.821238129168291,0.0,109.14917483096043,0.0,-0.6142078796063759,-0.6142078796063759,15.5022240044367,False,-18.689662965407837,-16.90399365806592,False,109.08292046320793,61.892324825335834,53.38948869217157,39.905488692171566,173.71859616421727,2.0220260995630213,55.41151479173459,41.93293041173459,-13.47858438,True,0.099583276165016
2026-09-28,48.7901,53.469129352061174,5.139852613542501,167.8982835132701,14.12391637,-2.36877401,16.49269038,2026-09-18,haftalık,39.34521298206117,-0.0,4153.9994382,agort03,25.553,tasima,10.050775995563301,tasima,-0.3495151102563488,0.0,106.14714764432462,0.0,0.9382545803448283,0.9382545803448283,15.5022240044367,False,-17.75140838506301,-17.25350876832227,True,106.0827155295899,61.81556798368018,51.367202588229986,37.883202588229985,170.64163438894366,2.1019267638311874,53.469129352061174,39.34521298206117,-14.12391637,False,0.09615648083076626
2026-09-29,48.9008,54.96570784118052,5.129336452573373,168.36346829701898,15.042271549999999,-1.45041883,16.49269038,2026-09-18,haftalık,39.92343629118052,-0.0054156200000008425,4131.45331126,agort03,25.553,tasima,10.050775995563301,tasima,0.7889247406116793,0.0,105.57102646262679,0.0,-0.8930822767757167,-0.8930822767757167,15.5022240044367,False,-18.644490661838724,-16.46458402771059,True,105.50694405777034,62.85652423924864,52.877025140693,39.393025140693,171.10681917269247,2.0886827004875173,54.96570784118052,39.92343629118052,-15.042271549999999,False,0.09884849140945078
2026-09-30,48.9131,57.8896069151209,6.70095191267779,167.47111190790395,16.4987127,0.0006066999999998188,16.498106,2026-09-25,haftalık,41.3908942151209,-0.0,4182.34437956,agort03,25.553,tasima,10.050775995563301,tasima,-0.1194746916660844,0.0,106.87144593089667,0.0,-2.5232870244497083,-2.5232870244497083,15.5022240044367,False,-21.16777768628843,-16.584058719376674,True,107.35245236318433,60.11865954471962,55.81646585475057,42.332465854750566,169.98586628122118,2.0731410603703324,57.8896069151209,41.3908942151209,-16.4987127,False,0.10419852799648047
2026-10-01,48.9303,54.96987574161613,6.688728395288808,166.3887954516378,16.23396676,-0.26413924,16.498106,2026-09-25,haftalık,38.73590898161613,-0.0,4174.63744076,agort03,25.553,tasima,10.050775995563301,tasima,0.4127506696656049,0.0,106.67451052374028,0.0,0.5443358664249407,0.5443358664249407,15.5022240044367,False,-20.62344181986349,-16.17130804971107,True,107.15463059020064,59.234164861437165,52.84963826095486,39.36563826095486,168.90354982495506,2.1202374806612667,54.96987574161613,38.73590898161613,-16.23396676,False,0.09879649382346123
2026-10-02,48.9466,55.59697208794891,6.694098895531049,167.12090865537118,15.89860607,-0.5994999299999999,16.498106,2026-09-25,haftalık,39.69836601794891,,4201.26269592,agort03,25.553,tasima,10.050775995563301,tasima,,,107.35486566884376,,,,15.5022240044367,False,,,True,107.8380478741026,59.28286078126858,53.48171627855663,39.99771627855663,169.6356630286884,2.1152558093922806,55.59697208794891,39.69836601794891,-15.89860607,False,0.10000352684536576
